Joint Reaction Loads
version=1
nRows=115
nColumns=199
inDegrees=no

This file contains the reaction forces and moments
applied to the specified body of a joint pair and expressed  in the specified reference frame.

Units are S.I. units (seconds, meters, Newtons, ...)
endheader
time	ground_pelvis_on_pelvis_in_pelvis_fx	ground_pelvis_on_pelvis_in_pelvis_fy	ground_pelvis_on_pelvis_in_pelvis_fz	ground_pelvis_on_pelvis_in_pelvis_mx	ground_pelvis_on_pelvis_in_pelvis_my	ground_pelvis_on_pelvis_in_pelvis_mz	ground_pelvis_on_pelvis_in_pelvis_px	ground_pelvis_on_pelvis_in_pelvis_py	ground_pelvis_on_pelvis_in_pelvis_pz	hip_r_on_femur_r_in_femur_r_fx	hip_r_on_femur_r_in_femur_r_fy	hip_r_on_femur_r_in_femur_r_fz	hip_r_on_femur_r_in_femur_r_mx	hip_r_on_femur_r_in_femur_r_my	hip_r_on_femur_r_in_femur_r_mz	hip_r_on_femur_r_in_femur_r_px	hip_r_on_femur_r_in_femur_r_py	hip_r_on_femur_r_in_femur_r_pz	walker_knee_r_on_tibia_r_in_tibia_r_fx	walker_knee_r_on_tibia_r_in_tibia_r_fy	walker_knee_r_on_tibia_r_in_tibia_r_fz	walker_knee_r_on_tibia_r_in_tibia_r_mx	walker_knee_r_on_tibia_r_in_tibia_r_my	walker_knee_r_on_tibia_r_in_tibia_r_mz	walker_knee_r_on_tibia_r_in_tibia_r_px	walker_knee_r_on_tibia_r_in_tibia_r_py	walker_knee_r_on_tibia_r_in_tibia_r_pz	patellofemoral_r_on_patella_r_in_patella_r_fx	patellofemoral_r_on_patella_r_in_patella_r_fy	patellofemoral_r_on_patella_r_in_patella_r_fz	patellofemoral_r_on_patella_r_in_patella_r_mx	patellofemoral_r_on_patella_r_in_patella_r_my	patellofemoral_r_on_patella_r_in_patella_r_mz	patellofemoral_r_on_patella_r_in_patella_r_px	patellofemoral_r_on_patella_r_in_patella_r_py	patellofemoral_r_on_patella_r_in_patella_r_pz	ankle_r_on_talus_r_in_talus_r_fx	ankle_r_on_talus_r_in_talus_r_fy	ankle_r_on_talus_r_in_talus_r_fz	ankle_r_on_talus_r_in_talus_r_mx	ankle_r_on_talus_r_in_talus_r_my	ankle_r_on_talus_r_in_talus_r_mz	ankle_r_on_talus_r_in_talus_r_px	ankle_r_on_talus_r_in_talus_r_py	ankle_r_on_talus_r_in_talus_r_pz	subtalar_r_on_calcn_r_in_calcn_r_fx	subtalar_r_on_calcn_r_in_calcn_r_fy	subtalar_r_on_calcn_r_in_calcn_r_fz	subtalar_r_on_calcn_r_in_calcn_r_mx	subtalar_r_on_calcn_r_in_calcn_r_my	subtalar_r_on_calcn_r_in_calcn_r_mz	subtalar_r_on_calcn_r_in_calcn_r_px	subtalar_r_on_calcn_r_in_calcn_r_py	subtalar_r_on_calcn_r_in_calcn_r_pz	mtp_r_on_toes_r_in_toes_r_fx	mtp_r_on_toes_r_in_toes_r_fy	mtp_r_on_toes_r_in_toes_r_fz	mtp_r_on_toes_r_in_toes_r_mx	mtp_r_on_toes_r_in_toes_r_my	mtp_r_on_toes_r_in_toes_r_mz	mtp_r_on_toes_r_in_toes_r_px	mtp_r_on_toes_r_in_toes_r_py	mtp_r_on_toes_r_in_toes_r_pz	hip_l_on_femur_l_in_femur_l_fx	hip_l_on_femur_l_in_femur_l_fy	hip_l_on_femur_l_in_femur_l_fz	hip_l_on_femur_l_in_femur_l_mx	hip_l_on_femur_l_in_femur_l_my	hip_l_on_femur_l_in_femur_l_mz	hip_l_on_femur_l_in_femur_l_px	hip_l_on_femur_l_in_femur_l_py	hip_l_on_femur_l_in_femur_l_pz	walker_knee_l_on_tibia_l_in_tibia_l_fx	walker_knee_l_on_tibia_l_in_tibia_l_fy	walker_knee_l_on_tibia_l_in_tibia_l_fz	walker_knee_l_on_tibia_l_in_tibia_l_mx	walker_knee_l_on_tibia_l_in_tibia_l_my	walker_knee_l_on_tibia_l_in_tibia_l_mz	walker_knee_l_on_tibia_l_in_tibia_l_px	walker_knee_l_on_tibia_l_in_tibia_l_py	walker_knee_l_on_tibia_l_in_tibia_l_pz	patellofemoral_l_on_patella_l_in_patella_l_fx	patellofemoral_l_on_patella_l_in_patella_l_fy	patellofemoral_l_on_patella_l_in_patella_l_fz	patellofemoral_l_on_patella_l_in_patella_l_mx	patellofemoral_l_on_patella_l_in_patella_l_my	patellofemoral_l_on_patella_l_in_patella_l_mz	patellofemoral_l_on_patella_l_in_patella_l_px	patellofemoral_l_on_patella_l_in_patella_l_py	patellofemoral_l_on_patella_l_in_patella_l_pz	ankle_l_on_talus_l_in_talus_l_fx	ankle_l_on_talus_l_in_talus_l_fy	ankle_l_on_talus_l_in_talus_l_fz	ankle_l_on_talus_l_in_talus_l_mx	ankle_l_on_talus_l_in_talus_l_my	ankle_l_on_talus_l_in_talus_l_mz	ankle_l_on_talus_l_in_talus_l_px	ankle_l_on_talus_l_in_talus_l_py	ankle_l_on_talus_l_in_talus_l_pz	subtalar_l_on_calcn_l_in_calcn_l_fx	subtalar_l_on_calcn_l_in_calcn_l_fy	subtalar_l_on_calcn_l_in_calcn_l_fz	subtalar_l_on_calcn_l_in_calcn_l_mx	subtalar_l_on_calcn_l_in_calcn_l_my	subtalar_l_on_calcn_l_in_calcn_l_mz	subtalar_l_on_calcn_l_in_calcn_l_px	subtalar_l_on_calcn_l_in_calcn_l_py	subtalar_l_on_calcn_l_in_calcn_l_pz	mtp_l_on_toes_l_in_toes_l_fx	mtp_l_on_toes_l_in_toes_l_fy	mtp_l_on_toes_l_in_toes_l_fz	mtp_l_on_toes_l_in_toes_l_mx	mtp_l_on_toes_l_in_toes_l_my	mtp_l_on_toes_l_in_toes_l_mz	mtp_l_on_toes_l_in_toes_l_px	mtp_l_on_toes_l_in_toes_l_py	mtp_l_on_toes_l_in_toes_l_pz	back_on_torso_in_torso_fx	back_on_torso_in_torso_fy	back_on_torso_in_torso_fz	back_on_torso_in_torso_mx	back_on_torso_in_torso_my	back_on_torso_in_torso_mz	back_on_torso_in_torso_px	back_on_torso_in_torso_py	back_on_torso_in_torso_pz	acromial_r_on_humerus_r_in_humerus_r_fx	acromial_r_on_humerus_r_in_humerus_r_fy	acromial_r_on_humerus_r_in_humerus_r_fz	acromial_r_on_humerus_r_in_humerus_r_mx	acromial_r_on_humerus_r_in_humerus_r_my	acromial_r_on_humerus_r_in_humerus_r_mz	acromial_r_on_humerus_r_in_humerus_r_px	acromial_r_on_humerus_r_in_humerus_r_py	acromial_r_on_humerus_r_in_humerus_r_pz	elbow_r_on_ulna_r_in_ulna_r_fx	elbow_r_on_ulna_r_in_ulna_r_fy	elbow_r_on_ulna_r_in_ulna_r_fz	elbow_r_on_ulna_r_in_ulna_r_mx	elbow_r_on_ulna_r_in_ulna_r_my	elbow_r_on_ulna_r_in_ulna_r_mz	elbow_r_on_ulna_r_in_ulna_r_px	elbow_r_on_ulna_r_in_ulna_r_py	elbow_r_on_ulna_r_in_ulna_r_pz	radioulnar_r_on_radius_r_in_radius_r_fx	radioulnar_r_on_radius_r_in_radius_r_fy	radioulnar_r_on_radius_r_in_radius_r_fz	radioulnar_r_on_radius_r_in_radius_r_mx	radioulnar_r_on_radius_r_in_radius_r_my	radioulnar_r_on_radius_r_in_radius_r_mz	radioulnar_r_on_radius_r_in_radius_r_px	radioulnar_r_on_radius_r_in_radius_r_py	radioulnar_r_on_radius_r_in_radius_r_pz	radius_hand_r_on_hand_r_in_hand_r_fx	radius_hand_r_on_hand_r_in_hand_r_fy	radius_hand_r_on_hand_r_in_hand_r_fz	radius_hand_r_on_hand_r_in_hand_r_mx	radius_hand_r_on_hand_r_in_hand_r_my	radius_hand_r_on_hand_r_in_hand_r_mz	radius_hand_r_on_hand_r_in_hand_r_px	radius_hand_r_on_hand_r_in_hand_r_py	radius_hand_r_on_hand_r_in_hand_r_pz	acromial_l_on_humerus_l_in_humerus_l_fx	acromial_l_on_humerus_l_in_humerus_l_fy	acromial_l_on_humerus_l_in_humerus_l_fz	acromial_l_on_humerus_l_in_humerus_l_mx	acromial_l_on_humerus_l_in_humerus_l_my	acromial_l_on_humerus_l_in_humerus_l_mz	acromial_l_on_humerus_l_in_humerus_l_px	acromial_l_on_humerus_l_in_humerus_l_py	acromial_l_on_humerus_l_in_humerus_l_pz	elbow_l_on_ulna_l_in_ulna_l_fx	elbow_l_on_ulna_l_in_ulna_l_fy	elbow_l_on_ulna_l_in_ulna_l_fz	elbow_l_on_ulna_l_in_ulna_l_mx	elbow_l_on_ulna_l_in_ulna_l_my	elbow_l_on_ulna_l_in_ulna_l_mz	elbow_l_on_ulna_l_in_ulna_l_px	elbow_l_on_ulna_l_in_ulna_l_py	elbow_l_on_ulna_l_in_ulna_l_pz	radioulnar_l_on_radius_l_in_radius_l_fx	radioulnar_l_on_radius_l_in_radius_l_fy	radioulnar_l_on_radius_l_in_radius_l_fz	radioulnar_l_on_radius_l_in_radius_l_mx	radioulnar_l_on_radius_l_in_radius_l_my	radioulnar_l_on_radius_l_in_radius_l_mz	radioulnar_l_on_radius_l_in_radius_l_px	radioulnar_l_on_radius_l_in_radius_l_py	radioulnar_l_on_radius_l_in_radius_l_pz	radius_hand_l_on_hand_l_in_hand_l_fx	radius_hand_l_on_hand_l_in_hand_l_fy	radius_hand_l_on_hand_l_in_hand_l_fz	radius_hand_l_on_hand_l_in_hand_l_mx	radius_hand_l_on_hand_l_in_hand_l_my	radius_hand_l_on_hand_l_in_hand_l_mz	radius_hand_l_on_hand_l_in_hand_l_px	radius_hand_l_on_hand_l_in_hand_l_py	radius_hand_l_on_hand_l_in_hand_l_pz
      1.11000000	      0.00000000	     -0.00000000	     -0.00000000	      0.00000000	      0.00000000	      0.00000000	      0.00000000	      0.00000000	      0.00000000	   -896.14894627	  -1849.95719078	   1131.36119646	     -0.01749245	     -0.05654459	      0.04675821	      0.00000000	      0.00000000	      0.00000000	   -137.07178869	   -852.78601935	    -16.81068203	      4.31627124	      1.40468687	     -7.02414483	     -0.00824526	     -0.00360284	     -0.00125501	    179.54352893	     -1.88642524	    -63.25047018	     -3.09489545	      1.53637115	     -4.35949902	      0.00000000	      0.00000000	      0.00000000	    164.89128690	   -639.81003004	    -35.25573070	     -3.89805058	      0.27098631	     -0.36734332	      0.00000000	      0.00000000	      0.00000000	    164.71826551	   -639.99637828	    -35.39167064	     -9.72630500	      1.08654326	    -42.51693963	      0.00000000	      0.00000000	      0.00000000	    118.77761110	    -21.27098465	     16.06298381	      0.04417609	      0.23878510	     -0.52423967	      0.00000000	      0.00000000	      0.00000000	     -2.37641471	   -137.77524280	      8.93459867	     -0.00000000	     -0.00000000	      0.00000000	      0.00000000	      0.00000000	      0.00000000	    -26.81042018	   -175.92399487	     -7.08442566	      5.60175599	     10.64144766	     -4.17366456	     -0.00824526	     -0.00360284	      0.00125501	      0.86220998	     -0.50212722	      2.06524307	      0.05438979	     -0.00758177	     -0.02177440	      0.00000000	      0.00000000	      0.00000000	     34.93784925	   -198.87522573	    -85.99657446	    -10.41248897	     15.01561121	     -1.55198240	      0.00000000	      0.00000000	      0.00000000	     42.16505640	   -200.64763895	    -88.78453192	    -13.84816874	     19.61190438	    -18.81055245	      0.00000000	      0.00000000	      0.00000000	     28.07915095	    176.03232698	    -15.41779518	     -2.74487509	      1.10244869	     10.90214428	      0.00000000	      0.00000000	      0.00000000	     69.61054828	    116.88969589	     26.09894213	      0.00000000	      0.00000000	     -0.00000000	      0.00000000	      0.00000000	      0.00000000	     15.29537170	     16.60410764	      5.14168090	     -1.92050113	      0.08479929	      5.82274605	      0.00000000	      0.00000000	      0.00000000	     10.33204659	      7.57960031	      3.29569809	     -0.82192037	      0.19674167	      2.21219519	      0.00000000	      0.00000000	      0.00000000	      7.04231094	      4.80418674	      2.22802994	     -0.54761883	      0.04656390	      1.67399918	      0.00000000	      0.00000000	      0.00000000	      3.65117295	      2.04359080	      1.13336973	     -0.08030330	     -0.00029431	      0.26517214	      0.00000000	      0.00000000	      0.00000000	     15.99074589	     11.86982080	      5.24960134	     -1.85151888	     -0.11650818	      6.01431310	      0.00000000	      0.00000000	      0.00000000	     10.65333591	      5.39217979	      3.34556143	     -0.64231370	     -0.14867348	      2.29281760	      0.00000000	      0.00000000	      0.00000000	      7.25602997	      3.34913247	      2.26119863	     -0.52061160	     -0.02679753	      1.72669684	      0.00000000	      0.00000000	      0.00000000	      3.74560757	      1.40065556	      1.14802576	     -0.08130130	     -0.00029431	      0.27160267	      0.00000000	      0.00000000	      0.00000000
      1.12000000	     -0.00000000	      0.00000000	      0.00000000	     -0.00000000	      0.00000000	     -0.00000000	      0.00000000	      0.00000000	      0.00000000	   -569.49705387	  -1498.92311746	    893.12508737	      0.00997338	     -0.03925290	      0.01511269	      0.00000000	      0.00000000	      0.00000000	   -120.68536442	   -695.51925558	     -5.54663568	      3.30411548	      0.70701717	     -5.18621368	     -0.00824526	     -0.00360284	     -0.00125501	    108.07303391	     -1.63197493	    -37.77309976	     -1.93483476	      0.82474211	     -2.58330067	      0.00000000	      0.00000000	      0.00000000	    161.78692448	   -655.66152868	    -36.31629490	     -3.96501172	      0.13088907	     -0.40638125	      0.00000000	      0.00000000	      0.00000000	    162.27149657	   -655.71536254	    -36.43459368	     -9.94041098	      1.02362456	    -43.31568409	      0.00000000	      0.00000000	      0.00000000	    121.41828395	    -21.00659423	     16.69093390	      0.08098034	      0.32865724	     -0.50716814	      0.00000000	      0.00000000	      0.00000000	     17.99154262	   -105.66954979	     16.46193297	      0.00000000	      0.00000000	      0.00000000	      0.00000000	      0.00000000	      0.00000000	    -30.17710851	   -155.65220315	     -8.01914978	      6.58218543	     11.14802043	     -4.29225979	     -0.00824526	     -0.00360284	      0.00125501	      0.86824062	     -0.44186503	      2.18580216	      0.05757237	     -0.00795188	     -0.02225526	      0.00000000	      0.00000000	      0.00000000	     40.11137836	   -185.39814635	    -89.12679862	    -10.19221753	     15.66623893	     -1.69124432	      0.00000000	      0.00000000	      0.00000000	     47.67067071	   -187.48542385	    -91.91626853	    -13.89719493	     20.43505993	    -18.74367406	      0.00000000	      0.00000000	      0.00000000	     29.54925337	    185.49680917	    -16.93907048	     -2.89733925	      1.18938011	     11.47610840	      0.00000000	      0.00000000	      0.00000000	     17.15600690	     80.78426405	     22.49853509	      0.00000000	      0.00000000	     -0.00000000	      0.00000000	      0.00000000	      0.00000000	      4.04188134	     11.31419614	      4.45731016	     -1.65084644	      0.01555733	      1.61296449	      0.00000000	      0.00000000	      0.00000000	      2.87255650	      5.15334066	      2.84799409	     -0.69002375	      0.07053935	      0.59958383	      0.00000000	      0.00000000	      0.00000000	      1.96848186	      3.29298586	      1.92491295	     -0.46934389	      0.01917332	      0.46445700	      0.00000000	      0.00000000	      0.00000000	      1.03663157	      1.41447042	      0.97811430	     -0.06928763	     -0.00025462	      0.07567079	      0.00000000	      0.00000000	      0.00000000	      4.64197080	      7.17661757	      4.47868993	     -1.59115125	     -0.04285857	      1.77818644	      0.00000000	      0.00000000	      0.00000000	      3.14982064	      3.24162205	      2.85787235	     -0.56824963	     -0.02928432	      0.66934440	      0.00000000	      0.00000000	      0.00000000	      2.15291571	      2.02132625	      1.93148389	     -0.44824616	     -0.00221075	      0.51000164	      0.00000000	      0.00000000	      0.00000000	      1.11812614	      0.85257057	      0.98101776	     -0.06948534	     -0.00025462	      0.08122016	      0.00000000	      0.00000000	      0.00000000
      1.13000000	     -0.00000000	      0.00000000	     -0.00000000	      0.00000000	     -0.00000000	     -0.00000000	      0.00000000	      0.00000000	      0.00000000	   -422.17403546	  -1392.97008624	    752.02113107	      0.02505779	     -0.05342847	      0.00806084	      0.00000000	      0.00000000	      0.00000000	   -112.42255367	   -705.23280496	      3.91901334	      3.13999202	      0.48006093	     -4.58183859	     -0.00824526	     -0.00360284	     -0.00125501	     73.90871105	     -1.58097340	    -25.29292032	     -1.32403455	      0.53236663	     -1.74800270	      0.00000000	      0.00000000	      0.00000000	    152.27176204	   -627.81038235	    -33.66154887	     -3.96447673	      0.01570425	     -0.41186118	      0.00000000	      0.00000000	      0.00000000	    153.36756022	   -627.75091857	    -33.77546695	     -9.62711960	      0.82973034	    -41.43515759	      0.00000000	      0.00000000	      0.00000000	    116.00209819	    -18.76331540	     16.34791011	      0.10346196	      0.33792219	     -0.37243585	      0.00000000	      0.00000000	      0.00000000	     36.88500490	    -71.32738848	     24.44916610	      0.00000000	      0.00000000	     -0.00000000	      0.00000000	      0.00000000	      0.00000000	    -33.52290174	   -132.67900497	     -8.78625830	      7.65728075	     11.54214260	     -4.36208111	     -0.00824526	     -0.00360284	      0.00125501	      0.90873306	     -0.39487050	      2.29542824	      0.06046183	     -0.00822778	     -0.02373617	      0.00000000	      0.00000000	      0.00000000	     47.33713914	   -169.49779180	    -91.99268095	     -9.88088886	     16.13244898	     -1.80749551	      0.00000000	      0.00000000	      0.00000000	     55.33532258	   -171.89335782	    -94.75933328	    -13.85771144	     21.07184179	    -18.61208442	      0.00000000	      0.00000000	      0.00000000	     30.59074692	    194.20291685	    -18.56690462	     -3.03881991	      1.27404140	     12.00528015	      0.00000000	      0.00000000	      0.00000000	    -32.56520715	     44.50208377	     18.92873113	      0.00000000	      0.00000000	      0.00000000	      0.00000000	      0.00000000	      0.00000000	     -6.64517055	      6.03746429	      3.73338199	     -1.37136139	     -0.05003308	     -2.38601381	      0.00000000	      0.00000000	      0.00000000	     -4.21265441	      2.73384168	      2.38591304	     -0.55556017	     -0.04960280	     -0.93130114	      0.00000000	      0.00000000	      0.00000000	     -2.85048572	      1.78413988	      1.61251504	     -0.38922431	     -0.00694302	     -0.68406381	      0.00000000	      0.00000000	      0.00000000	     -1.44650596	      0.78525446	      0.81941849	     -0.05804892	     -0.00021402	     -0.10433298	      0.00000000	      0.00000000	      0.00000000	     -6.13878715	      2.52567906	      3.77259089	     -1.35089669	      0.02708743	     -2.24662906	      0.00000000	      0.00000000	      0.00000000	     -3.97868602	      1.11126338	      2.40402904	     -0.50088689	      0.08420730	     -0.87236148	      0.00000000	      0.00000000	      0.00000000	     -2.69485186	      0.70481405	      1.62456565	     -0.38097976	      0.02117295	     -0.64560459	      0.00000000	      0.00000000	      0.00000000	     -1.37773705	      0.30833987	      0.82474322	     -0.05841151	     -0.00021402	     -0.09965016	      0.00000000	      0.00000000	      0.00000000
      1.14000000	      0.00000000	      0.00000000	      0.00000000	     -0.00000000	      0.00000000	      0.00000000	      0.00000000	      0.00000000	      0.00000000	   -339.19749829	  -1389.06613996	    668.33062507	      0.02781740	     -0.01220977	      0.01802174	      0.00000000	      0.00000000	      0.00000000	   -109.99496780	   -780.53915571	     13.13111114	      3.57996014	      0.50292631	     -4.54243684	     -0.00824526	     -0.00360284	     -0.00125501	     58.76256832	     -1.70709462	    -20.17048669	     -1.08926851	      0.39201784	     -1.35995038	      0.00000000	      0.00000000	      0.00000000	    153.07351781	   -624.31085675	    -32.50702584	     -4.14973080	     -0.16820045	     -0.44995506	      0.00000000	      0.00000000	      0.00000000	    154.71630596	   -624.14051415	    -32.63052474	     -9.72839770	      0.58242524	    -41.39020989	      0.00000000	      0.00000000	      0.00000000	    114.29938109	    -16.78576031	     16.60392972	      0.12878157	      0.33462091	     -0.22471644	      0.00000000	      0.00000000	      0.00000000	     53.91685439	    -37.24387343	     32.27329989	      0.00000000	     -0.00000000	      0.00000000	      0.00000000	      0.00000000	      0.00000000	    -36.88879636	   -110.21792704	     -9.16558423	      8.79931514	     11.85173703	     -4.41290096	     -0.00824526	     -0.00360284	      0.00125501	      0.95064348	     -0.34330245	      2.39295604	      0.06303058	     -0.00842207	     -0.02524893	      0.00000000	      0.00000000	      0.00000000	     55.34758295	   -154.08653744	    -94.54065543	     -9.43526772	     16.42669395	     -1.90758629	      0.00000000	      0.00000000	      0.00000000	     63.80753378	   -156.76288784	    -97.28343513	    -13.66297739	     21.52802898	    -18.49106299	      0.00000000	      0.00000000	      0.00000000	     31.19083257	    201.36059623	    -20.06143732	     -3.15593247	      1.34624934	     12.44056631	      0.00000000	      0.00000000	      0.00000000	    -78.01317331	      9.77824975	     16.15563443	      0.00000000	      0.00000000	      0.00000000	      0.00000000	      0.00000000	      0.00000000	    -16.42527967	      1.08251923	      3.17784440	     -1.15433605	     -0.11044177	     -6.04745105	      0.00000000	      0.00000000	      0.00000000	    -10.70008402	      0.46930515	      2.03271757	     -0.44684529	     -0.15907658	     -2.33292488	      0.00000000	      0.00000000	      0.00000000	     -7.26334500	      0.37258737	      1.37379155	     -0.32696893	     -0.03065275	     -1.73582605	      0.00000000	      0.00000000	      0.00000000	     -3.72086691	      0.19754337	      0.69828359	     -0.04947122	     -0.00018859	     -0.26921669	      0.00000000	      0.00000000	      0.00000000	    -16.00312123	     -1.90978217	      3.23306392	     -1.17061149	      0.09080648	     -5.93136809	      0.00000000	      0.00000000	      0.00000000	    -10.50503077	     -0.91325187	      2.05823109	     -0.45534129	      0.18867539	     -2.28355791	      0.00000000	      0.00000000	      0.00000000	     -7.13359717	     -0.54707827	      1.39076293	     -0.33077452	      0.04279884	     -1.70367919	      0.00000000	      0.00000000	      0.00000000	     -3.66353610	     -0.20882323	      0.70578262	     -0.04998186	     -0.00018859	     -0.26531275	      0.00000000	      0.00000000	      0.00000000
      1.15000000	     -0.00000000	      0.00000000	     -0.00000000	      0.00000000	     -0.00000000	     -0.00000000	      0.00000000	      0.00000000	      0.00000000	   -282.09868549	  -1405.80943085	    607.97206400	      0.03295555	      0.05146098	      0.01654493	      0.00000000	      0.00000000	      0.00000000	   -108.97727387	   -861.99551339	     19.90802438	      3.56218228	      0.55956996	     -4.74959102	     -0.00824526	     -0.00360284	     -0.00125501	     54.20479838	     -1.81348909	    -19.05470414	     -1.03354140	      0.36206218	     -1.23820668	      0.00000000	      0.00000000	      0.00000000	    163.91704382	   -639.87524855	    -32.24324255	     -4.55795590	     -0.41334151	     -0.52311654	      0.00000000	      0.00000000	      0.00000000	    166.03100755	   -639.58955825	    -32.38982191	    -10.21681986	      0.25983190	    -42.89321635	      0.00000000	      0.00000000	      0.00000000	    116.51223640	    -14.84472011	     17.45238751	      0.16638879	      0.32832504	     -0.06722670	      0.00000000	      0.00000000	      0.00000000	     68.37702060	     -4.12621137	     39.47378626	     -0.00000000	      0.00000000	      0.00000000	      0.00000000	      0.00000000	      0.00000000	    -40.19717322	    -87.58941028	     -8.90296224	      9.89956371	     12.12894253	     -4.45221000	     -0.00824526	     -0.00360284	      0.00125501	      1.00749109	     -0.29876866	      2.46537008	      0.06493731	     -0.00852335	     -0.02728950	      0.00000000	      0.00000000	      0.00000000	     63.83813292	   -138.61943007	    -96.08607080	     -8.73202133	     16.58276193	     -2.01074965	      0.00000000	      0.00000000	      0.00000000	     72.76051435	   -141.57865629	    -98.80505757	    -13.15674687	     21.80130013	    -18.33892887	      0.00000000	      0.00000000	      0.00000000	     31.22687388	    206.37056341	    -21.29348916	     -3.23898232	      1.39881265	     12.74302276	      0.00000000	      0.00000000	      0.00000000	   -117.14056848	    -22.76412153	     14.75106039	      0.00000000	      0.00000000	      0.00000000	      0.00000000	      0.00000000	      0.00000000	    -24.88937377	     -3.39039204	      2.89808178	     -1.03759491	     -0.16324884	     -9.21694720	      0.00000000	      0.00000000	      0.00000000	    -16.31537200	     -1.57913390	      1.85341744	     -0.37858546	     -0.25281687	     -3.54552280	      0.00000000	      0.00000000	      0.00000000	    -11.08315926	     -0.90495384	      1.25256840	     -0.29298162	     -0.05077483	     -2.64602422	      0.00000000	      0.00000000	      0.00000000	     -5.68963397	     -0.33585757	      0.63662450	     -0.04510290	     -0.00017189	     -0.41194944	      0.00000000	      0.00000000	      0.00000000	    -24.50294153	     -6.13455737	      2.95059809	     -1.08310785	      0.14533181	     -9.11069739	      0.00000000	      0.00000000	      0.00000000	    -16.13682561	     -2.84704262	      1.87768197	     -0.44430642	      0.27979955	     -3.50031545	      0.00000000	      0.00000000	      0.00000000	    -10.96439166	     -1.74835637	      1.26870897	     -0.30687244	      0.06184904	     -2.61659121	      0.00000000	      0.00000000	      0.00000000	     -5.63715492	     -0.70852629	      0.64375642	     -0.04558855	     -0.00017189	     -0.40837588	      0.00000000	      0.00000000	      0.00000000
      1.16000000	      0.00000000	     -0.00000000	      0.00000000	     -0.00000000	      0.00000000	      0.00000000	      0.00000000	      0.00000000	      0.00000000	   -218.91650438	  -1412.69593104	    553.10226807	      0.03334927	      0.12133470	      0.00659937	      0.00000000	      0.00000000	      0.00000000	   -104.93328246	   -942.08326626	     24.88338205	      3.55086579	      1.29497333	     -4.83318051	     -0.00824526	     -0.00360284	     -0.00125501	     55.50899591	     -2.12472073	    -19.25381605	     -1.04558459	      0.38172645	     -1.25286166	      0.00000000	      0.00000000	      0.00000000	    181.95827662	   -690.83707716	    -31.57017657	     -4.82228691	      0.03117543	     -0.45860563	      0.00000000	      0.00000000	      0.00000000	    184.33321677	   -690.51594426	    -31.64851498	    -10.77934163	      0.55843993	    -46.42258140	      0.00000000	      0.00000000	      0.00000000	    119.92174556	    -15.70724461	     18.31943065	      0.17067725	      0.33968291	     -0.08818948	      0.00000000	      0.00000000	      0.00000000	     79.77543090	     24.98544901	     47.39086442	     -0.00000000	     -0.00000000	      0.00000000	      0.00000000	      0.00000000	      0.00000000	    -43.33247135	    -67.51383524	     -8.71788396	     10.94190449	     12.31340215	     -4.47312233	     -0.00824526	     -0.00360284	      0.00125501	      1.06212892	     -0.25567656	      2.51441509	      0.06623062	     -0.00849785	     -0.02927803	      0.00000000	      0.00000000	      0.00000000	     71.88993398	   -124.77322783	    -96.84880107	     -8.04764570	     16.57954946	     -2.08357988	      0.00000000	      0.00000000	      0.00000000	     81.24989201	   -127.95607933	    -99.50403018	    -12.61379179	     21.87318651	    -18.15302056	      0.00000000	      0.00000000	      0.00000000	     30.63247300	    208.76502991	    -22.36956585	     -3.28141513	      1.43472945	     12.88657530	      0.00000000	      0.00000000	      0.00000000	   -151.77257478	    -40.60566398	     10.61531443	     -0.00000000	     -0.00000000	     -0.00000000	      0.00000000	      0.00000000	      0.00000000	    -32.23973848	     -6.40988547	      2.06999142	     -0.72836615	     -0.20728595	    -11.96155301	      0.00000000	      0.00000000	      0.00000000	    -21.17760068	     -2.97099152	      1.32498653	     -0.24474492	     -0.33690550	     -4.59744788	      0.00000000	      0.00000000	      0.00000000	    -14.38891245	     -1.77175766	      0.89540708	     -0.20495037	     -0.06933374	     -3.43423887	      0.00000000	      0.00000000	      0.00000000	     -7.39175275	     -0.69610520	      0.45521849	     -0.03225458	     -0.00012414	     -0.53531795	      0.00000000	      0.00000000	      0.00000000	    -31.96162375	     -8.40438466	      2.13133634	     -0.79439135	      0.19440300	    -11.88512096	      0.00000000	      0.00000000	      0.00000000	    -21.04910110	     -3.89252598	      1.35333022	     -0.34604998	      0.35626038	     -4.56484254	      0.00000000	      0.00000000	      0.00000000	    -14.30343557	     -2.38475486	      0.91426107	     -0.22557967	      0.07727605	     -3.41303046	      0.00000000	      0.00000000	      0.00000000	     -7.35398365	     -0.96696623	      0.46354938	     -0.03282187	     -0.00012414	     -0.53274607	      0.00000000	      0.00000000	      0.00000000
      1.17000000	      0.00000000	     -0.00000000	     -0.00000000	     -0.00000000	      0.00000000	      0.00000000	      0.00000000	      0.00000000	      0.00000000	   -168.91493323	  -1444.28328953	    516.83922132	      0.02530914	      0.14841538	     -0.00940254	      0.00000000	      0.00000000	      0.00000000	    -95.19133862	  -1038.90694070	     27.67918464	      3.55944030	      1.97200540	     -5.07882970	     -0.00824526	     -0.00360284	     -0.00125501	     64.85965772	     -2.58281781	    -21.38628258	     -1.14873497	      0.48024024	     -1.46053067	      0.00000000	      0.00000000	      0.00000000	    197.86432635	   -784.84423547	    -31.16273095	     -4.85720307	      0.40540666	     -0.38686316	      0.00000000	      0.00000000	      0.00000000	    199.45733325	   -784.64253566	    -31.21399343	    -11.41306196	      0.81737775	    -52.08972131	      0.00000000	      0.00000000	      0.00000000	    125.28742921	    -17.04738226	     18.94594115	      0.16366024	      0.31580126	     -0.15622576	      0.00000000	      0.00000000	      0.00000000	     87.82319245	     48.65473996	     57.13238294	     -0.00000000	     -0.00000000	      0.00000000	      0.00000000	      0.00000000	      0.00000000	    -46.40973232	    -50.84065930	     -8.57806836	     12.06296172	     12.38867305	     -4.49189800	     -0.00824526	     -0.00360284	      0.00125501	      1.10371799	     -0.22667700	      2.53639610	      0.06681660	     -0.00833865	     -0.03086446	      0.00000000	      0.00000000	      0.00000000	     80.18540778	   -112.36919271	    -96.80939123	     -7.27296067	     16.35254449	     -2.12632101	      0.00000000	      0.00000000	      0.00000000	     90.01495893	   -115.65952573	    -99.37140656	    -11.92615450	     21.68578658	    -17.94986466	      0.00000000	      0.00000000	      0.00000000	     29.17322666	    208.12024240	    -23.18390633	     -3.27586767	      1.44585646	     12.84889811	      0.00000000	      0.00000000	      0.00000000	   -183.43216699	    -36.91061942	      1.14907257	      0.00000000	     -0.00000000	      0.00000000	      0.00000000	      0.00000000	      0.00000000	    -38.68653093	     -7.50030177	      0.20124800	     -0.04974082	     -0.24242549	    -14.35568930	      0.00000000	      0.00000000	      0.00000000	    -25.41889170	     -3.49173809	      0.13112638	      0.01974605	     -0.41602084	     -5.51874072	      0.00000000	      0.00000000	      0.00000000	    -17.26954484	     -2.09350797	      0.08850497	     -0.01280957	     -0.08777056	     -4.12212548	      0.00000000	      0.00000000	      0.00000000	     -8.87229139	     -0.82554660	      0.04520615	     -0.00320946	     -0.00002075	     -0.64257566	      0.00000000	      0.00000000	      0.00000000	    -38.66779375	     -7.73651238	      0.24875936	     -0.11236605	      0.24098687	    -14.35072654	      0.00000000	      0.00000000	      0.00000000	    -25.41023441	     -3.60087637	      0.15307844	     -0.08245436	      0.41810592	     -5.51618070	      0.00000000	      0.00000000	      0.00000000	    -17.26378608	     -2.16610586	      0.10310730	     -0.03271331	      0.08859566	     -4.12056357	      0.00000000	      0.00000000	      0.00000000	     -8.86974681	     -0.85762496	      0.05165838	     -0.00364882	     -0.00002075	     -0.64240239	      0.00000000	      0.00000000	      0.00000000
      1.18000000	     -0.00000000	      0.00000000	      0.00000000	      0.00000000	      0.00000000	      0.00000000	      0.00000000	      0.00000000	      0.00000000	   -169.07517377	  -1569.75442028	    536.69773752	      0.01512790	      0.12730742	     -0.01552544	      0.00000000	      0.00000000	      0.00000000	    -84.45023329	  -1201.10488506	     27.95073835	      3.64679462	      2.44433888	     -5.92508774	     -0.00824526	     -0.00360284	     -0.00125501	     92.73645155	     -3.95714311	    -28.70973323	     -1.57648930	      0.68362946	     -2.05659165	      0.00000000	      0.00000000	      0.00000000	    214.44563945	   -925.26344655	    -30.83940965	     -4.54762990	      0.39444714	     -0.35489462	      0.00000000	      0.00000000	      0.00000000	    214.29527297	   -925.36868058	    -30.96483131	    -12.01569665	      0.68747622	    -60.26871071	      0.00000000	      0.00000000	      0.00000000	    133.93414322	    -18.84517797	     19.38387923	      0.14678255	      0.26836883	     -0.26335722	      0.00000000	      0.00000000	      0.00000000	     91.66154590	     68.78398069	     67.82232250	      0.00000000	      0.00000000	      0.00000000	      0.00000000	      0.00000000	      0.00000000	    -49.24404514	    -33.71074500	     -8.37929356	     12.93473057	     12.32005336	     -4.46061047	     -0.00824526	     -0.00360284	      0.00125501	      1.15560809	     -0.20019291	      2.48867204	      0.06557208	     -0.00795585	     -0.03293725	      0.00000000	      0.00000000	      0.00000000	     87.85279783	    -99.25546999	    -95.12835075	     -6.41321896	     15.87879772	     -2.13433085	      0.00000000	      0.00000000	      0.00000000	     98.07420828	   -102.64473746	    -97.58738779	    -11.06799703	     21.16397942	    -17.54910785	      0.00000000	      0.00000000	      0.00000000	     27.10931667	    203.94698619	    -23.72211775	     -3.21592161	      1.43636009	     12.59217882	      0.00000000	      0.00000000	      0.00000000	   -210.73812537	    -13.29478504	    -14.08141242	     -0.00000000	      0.00000000	     -0.00000000	      0.00000000	      0.00000000	      0.00000000	    -43.96462807	     -6.80344337	     -2.84931215	      1.04841314	     -0.26671470	    -16.30260508	      0.00000000	      0.00000000	      0.00000000	    -28.86865592	     -3.20306945	     -1.81536556	      0.43447336	     -0.48807403	     -6.27175972	      0.00000000	      0.00000000	      0.00000000	    -19.60893659	     -1.91025409	     -1.22730951	      0.29749689	     -0.10577549	     -4.68177767	      0.00000000	      0.00000000	      0.00000000	    -10.07173925	     -0.74167374	     -0.62318499	      0.04412971	      0.00014016	     -0.72940507	      0.00000000	      0.00000000	      0.00000000	    -44.36973218	     -4.27618131	     -2.75964392	      0.98941481	      0.28369272	    -16.41462924	      0.00000000	      0.00000000	      0.00000000	    -29.05582943	     -2.03537830	     -1.77393543	      0.35696000	      0.46219672	     -6.31790451	      0.00000000	      0.00000000	      0.00000000	    -19.73344287	     -1.13351546	     -1.19975053	      0.28016957	      0.09505580	     -4.71217619	      0.00000000	      0.00000000	      0.00000000	    -10.12675402	     -0.39846136	     -0.61100768	      0.04330049	      0.00014016	     -0.73315130	      0.00000000	      0.00000000	      0.00000000
      1.19000000	      0.00000000	     -0.00000000	     -0.00000000	     -0.00000000	     -0.00000000	      0.00000000	      0.00000000	      0.00000000	      0.00000000	   -189.64840191	  -1720.54786409	    582.36166180	      0.00362358	      0.10623533	     -0.01852342	      0.00000000	      0.00000000	      0.00000000	    -74.57557431	  -1375.59316938	     26.89431666	      4.38548094	      3.64951445	     -6.60717696	     -0.00824526	     -0.00360284	     -0.00125501	    124.84006018	     -6.28801999	    -34.98618960	     -1.97538951	      0.91626086	     -2.73695793	      0.00000000	      0.00000000	      0.00000000	    251.57721093	  -1093.55631256	    -32.03766958	     -4.14271768	      1.04428518	     -0.19594621	      0.00000000	      0.00000000	      0.00000000	    251.03603785	  -1094.05488700	    -32.19584106	    -12.78506670	      1.13998084	    -70.74859172	      0.00000000	      0.00000000	      0.00000000	    139.53680207	    -24.79185170	     19.16676538	      0.06933912	      0.31390843	     -0.60372456	      0.00000000	      0.00000000	      0.00000000	     91.28417733	     83.04117112	     75.99524361	     -0.00000000	      0.00000000	      0.00000000	      0.00000000	      0.00000000	      0.00000000	    -51.18538653	    -20.86630298	     -7.37166950	     13.50475209	     12.11399568	     -4.38757485	     -0.00824526	     -0.00360284	      0.00125501	      1.16151905	     -0.16808342	      2.38448988	      0.06284215	     -0.00737531	     -0.03356184	      0.00000000	      0.00000000	      0.00000000	     93.64789515	    -87.64725634	    -91.28114495	     -5.26392497	     15.19248224	     -2.13561578	      0.00000000	      0.00000000	      0.00000000	    104.14021394	    -90.98085833	    -93.61719180	     -9.79310891	     20.30729861	    -17.02912895	      0.00000000	      0.00000000	      0.00000000	     24.23521251	    196.15854524	    -23.86231508	     -3.09870536	      1.39714763	     12.11822313	      0.00000000	      0.00000000	      0.00000000	   -231.07520018	     22.13158122	    -30.71988109	     -0.00000000	     -0.00000000	      0.00000000	      0.00000000	      0.00000000	      0.00000000	    -47.64963899	     -4.83341012	     -6.14395129	      2.23155803	     -0.28008053	    -17.64901142	      0.00000000	      0.00000000	      0.00000000	    -31.25386024	     -2.34007234	     -3.92056714	      0.87518746	     -0.54385582	     -6.79588669	      0.00000000	      0.00000000	      0.00000000	    -21.22345556	     -1.36913669	     -2.65027660	      0.63175720	     -0.12054594	     -5.06897532	      0.00000000	      0.00000000	      0.00000000	    -10.89680578	     -0.50834730	     -1.34630023	      0.09535400	      0.00032104	     -0.78909053	      0.00000000	      0.00000000	      0.00000000	    -48.51101701	      0.75767982	     -6.06867754	      2.20235870	      0.31718630	    -17.88681151	      0.00000000	      0.00000000	      0.00000000	    -31.65184964	      0.24322379	     -3.88578781	      0.84630802	      0.48754125	     -6.89478035	      0.00000000	      0.00000000	      0.00000000	    -21.48819486	      0.34925081	     -2.62714167	      0.62416449	      0.09727980	     -5.13389606	      0.00000000	      0.00000000	      0.00000000	    -11.01378439	      0.25094526	     -1.33607775	      0.09465790	      0.00032104	     -0.79705619	      0.00000000	      0.00000000	      0.00000000
      1.20000000	      0.00000000	     -0.00000000	      0.00000000	      0.00000000	      0.00000000	     -0.00000000	      0.00000000	      0.00000000	      0.00000000	   -200.39980623	  -1825.03304965	    626.53084246	     -0.03297012	      0.10038881	     -0.00037610	      0.00000000	      0.00000000	      0.00000000	    -50.41791940	  -1423.59848168	     36.55172044	      4.42777994	      4.75920932	     -6.03222447	     -0.00824526	     -0.00360284	     -0.00125501	    105.25882142	     -7.20307582	    -24.08957710	     -1.52545043	      0.66074097	     -2.23928442	      0.00000000	      0.00000000	      0.00000000	    295.60479155	  -1224.33860714	    -35.84509709	     -4.09486146	      1.83984692	     -0.04264883	      0.00000000	      0.00000000	      0.00000000	    297.00922284	  -1225.14409127	    -36.05125664	    -13.78088899	      1.81449575	    -79.68114338	      0.00000000	      0.00000000	      0.00000000	    133.84704753	    -28.18236809	     18.14417184	      0.01411847	      0.46445387	     -0.77424579	      0.00000000	      0.00000000	      0.00000000	     84.54687425	     97.46624188	     72.62662809	      0.00000000	     -0.00000000	     -0.00000000	      0.00000000	      0.00000000	      0.00000000	    -52.27662924	     -6.80214599	     -4.71151874	     12.76847267	     11.49332886	     -4.08547322	     -0.00824526	     -0.00360284	      0.00125501	      1.12967911	     -0.09593083	      2.16310055	      0.05701623	     -0.00654500	     -0.03308840	      0.00000000	      0.00000000	      0.00000000	     98.18468897	    -73.99499389	    -83.49218292	     -4.20925552	     14.03859010	     -2.04364874	      0.00000000	      0.00000000	      0.00000000	    108.77390875	    -77.17199912	    -85.73099780	     -8.41863054	     18.77849559	    -16.12204764	      0.00000000	      0.00000000	      0.00000000	     20.83972137	    183.91329237	    -23.22979012	     -2.90955650	      1.31782031	     11.37095596	      0.00000000	      0.00000000	      0.00000000	   -236.28357569	     37.67460507	    -37.89553729	     -0.00000000	      0.00000000	      0.00000000	      0.00000000	      0.00000000	      0.00000000	    -48.49472080	     -3.90681151	     -7.55832099	      2.73942713	     -0.28115088	    -17.95348440	      0.00000000	      0.00000000	      0.00000000	    -31.79294282	     -1.93744643	     -4.82458830	      1.06405886	     -0.55982931	     -6.91534516	      0.00000000	      0.00000000	      0.00000000	    -21.58716250	     -1.11970830	     -3.26120484	      0.77522105	     -0.12519161	     -5.15646119	      0.00000000	      0.00000000	      0.00000000	    -11.08170920	     -0.40335980	     -1.65674008	      0.11734641	      0.00040623	     -0.80245800	      0.00000000	      0.00000000	      0.00000000	    -49.54130629	      3.01515132	     -7.50167685	      2.72697313	      0.32698796	    -18.24217871	      0.00000000	      0.00000000	      0.00000000	    -32.27650511	      1.26076358	     -4.79841655	      1.05805929	      0.49036295	     -7.03596147	      0.00000000	      0.00000000	      0.00000000	    -21.90882418	      1.00771489	     -3.24379561	      0.77275698	      0.09653454	     -5.23550892	      0.00000000	      0.00000000	      0.00000000	    -11.22383973	      0.53667066	     -1.64904758	      0.11682259	      0.00040623	     -0.81213637	      0.00000000	      0.00000000	      0.00000000
      1.21000000	      0.00000000	     -0.00000000	     -0.00000000	      0.00000000	      0.00000000	     -0.00000000	      0.00000000	      0.00000000	      0.00000000	   -234.07221754	  -1909.38183181	    683.32861186	     -0.06528808	      0.06666499	      0.02260195	      0.00000000	      0.00000000	      0.00000000	    -29.38166403	  -1442.88880201	     44.41642218	      3.76108397	      5.95644950	     -5.64475143	     -0.00824526	     -0.00360284	     -0.00125501	     97.83104562	     -7.84696595	    -18.52042821	     -1.29592670	      0.55734314	     -2.05997583	      0.00000000	      0.00000000	      0.00000000	    333.75223889	  -1325.88603308	    -35.59751423	     -4.11983521	      2.52885508	      0.09473508	      0.00000000	      0.00000000	      0.00000000	    336.67307634	  -1326.96036146	    -35.71253301	    -14.45361936	      2.21645226	    -86.85706987	      0.00000000	      0.00000000	      0.00000000	    122.99443758	    -26.83252633	     16.61726411	      0.00637485	      0.53420110	     -0.71555982	      0.00000000	      0.00000000	      0.00000000	     75.43249528	    109.80779147	     65.42228257	      0.00000000	     -0.00000000	     -0.00000000	      0.00000000	      0.00000000	      0.00000000	    -52.10946458	      6.67636184	     -1.62493387	     11.36238031	     10.50732805	     -3.61343407	     -0.00824526	     -0.00360284	      0.00125501	      0.98262356	      0.03806140	      1.85496879	      0.04890393	     -0.00548418	     -0.02928330	      0.00000000	      0.00000000	      0.00000000	     98.08070023	    -60.02959117	    -72.78445575	     -3.03703051	     12.50811769	     -1.89735960	      0.00000000	      0.00000000	      0.00000000	    108.30720442	    -63.01669353	    -74.88449930	     -6.76573739	     16.69172710	    -14.77562835	      0.00000000	      0.00000000	      0.00000000	     17.31650730	    167.21319432	    -22.04959538	     -2.65072449	      1.21331458	     10.34272913	      0.00000000	      0.00000000	      0.00000000	   -231.83191863	     50.09269110	    -40.70901140	     -0.00000000	     -0.00000000	      0.00000000	      0.00000000	      0.00000000	      0.00000000	    -47.41258079	     -2.68819831	     -8.14142258	      2.94466700	     -0.27261133	    -17.54315338	      0.00000000	      0.00000000	      0.00000000	    -31.06661055	     -1.38237640	     -5.19455632	      1.13556320	     -0.55081589	     -6.76001135	      0.00000000	      0.00000000	      0.00000000	    -21.09162840	     -0.77288185	     -3.51134705	      0.83284573	     -0.12380603	     -5.03881124	      0.00000000	      0.00000000	      0.00000000	    -10.82520721	     -0.25678550	     -1.78359228	      0.12632525	      0.00043216	     -0.78383008	      0.00000000	      0.00000000	      0.00000000	    -48.54315387	      4.72825751	     -8.04244700	      2.93047812	      0.32183149	    -17.85512693	      0.00000000	      0.00000000	      0.00000000	    -31.58897829	      2.04430816	     -5.14882584	      1.14536851	      0.47616064	     -6.89008941	      0.00000000	      0.00000000	      0.00000000	    -21.43910316	      1.50652074	     -3.48092750	      0.83113056	      0.09299100	     -5.12412279	      0.00000000	      0.00000000	      0.00000000	    -10.97874359	      0.75039911	     -1.77015100	      0.12540996	      0.00043216	     -0.79428514	      0.00000000	      0.00000000	      0.00000000
      1.22000000	      0.00000000	      0.00000000	      0.00000000	      0.00000000	      0.00000000	     -0.00000000	      0.00000000	      0.00000000	      0.00000000	   -279.21301538	  -2007.00204524	    762.30956360	     -0.07951915	      0.00165122	      0.04227320	      0.00000000	      0.00000000	      0.00000000	     -9.80843943	  -1444.90416294	     52.70949914	      1.42746483	      6.89652576	     -5.49389669	     -0.00824526	     -0.00360284	     -0.00125501	     92.83381367	     -8.39146462	    -13.96935726	     -1.14753610	      0.43905272	     -1.93261925	      0.00000000	      0.00000000	      0.00000000	    356.10435408	  -1411.02128212	    -28.28864306	     -4.00185853	      3.07183045	      0.21633199	      0.00000000	      0.00000000	      0.00000000	    359.55412032	  -1412.47368500	    -28.08857692	    -14.53059933	      2.21136496	    -92.46239979	      0.00000000	      0.00000000	      0.00000000	    115.93132448	    -22.53298338	     15.41868089	      0.04547212	      0.52542829	     -0.50933945	      0.00000000	      0.00000000	      0.00000000	     64.90940844	    115.72652691	     55.69348233	      0.00000000	     -0.00000000	     -0.00000000	      0.00000000	      0.00000000	      0.00000000	    -50.14808136	     14.62288416	      1.07450713	      9.48831408	      9.01594488	     -2.99727921	     -0.00824526	     -0.00360284	      0.00125501	      0.78269073	      0.12949399	      1.48384112	      0.03913070	     -0.00427410	     -0.02368383	      0.00000000	      0.00000000	      0.00000000	     94.38428066	    -46.12999042	    -59.93924318	     -1.99586191	     10.48837632	     -1.65005567	      0.00000000	      0.00000000	      0.00000000	    103.93736982	    -48.64766215	    -61.83350832	     -5.12294328	     13.98981485	    -13.01609035	      0.00000000	      0.00000000	      0.00000000	     13.18399225	    145.81800792	    -20.13884388	     -2.31596151	      1.06765097	      9.03405948	      0.00000000	      0.00000000	      0.00000000	   -223.22773226	     67.06032339	    -40.52829916	      0.00000000	     -0.00000000	     -0.00000000	      0.00000000	      0.00000000	      0.00000000	    -45.45593684	     -0.64540551	     -8.09409182	      2.92097068	     -0.26008046	    -16.80019008	      0.00000000	      0.00000000	      0.00000000	    -29.74901001	     -0.45526891	     -5.16566076	      1.11583551	     -0.52885546	     -6.47774457	      0.00000000	      0.00000000	      0.00000000	    -20.19356165	     -0.18945569	     -3.49180219	      0.82581710	     -0.11909119	     -4.82535440	      0.00000000	      0.00000000	      0.00000000	    -10.36009104	     -0.01026716	     -1.77380149	      0.12563510	      0.00043189	     -0.75006609	      0.00000000	      0.00000000	      0.00000000	    -46.57904900	      6.74605061	     -8.01554652	      2.92690099	      0.30908969	    -17.11006096	      0.00000000	      0.00000000	      0.00000000	    -30.26793053	      2.95986484	     -5.12936984	      1.15445411	      0.45454506	     -6.60704964	      0.00000000	      0.00000000	      0.00000000	    -20.53874334	      2.08226339	     -3.46766177	      0.83033409	      0.08842528	     -4.91013424	      0.00000000	      0.00000000	      0.00000000	    -10.51261420	      0.99352239	     -1.76313472	      0.12490875	      0.00043189	     -0.76045216	      0.00000000	      0.00000000	      0.00000000
      1.23000000	      0.00000000	     -0.00000000	     -0.00000000	      0.00000000	      0.00000000	     -0.00000000	      0.00000000	      0.00000000	      0.00000000	   -334.32623124	  -2109.68166493	    853.06063112	     -0.08799376	     -0.04430909	      0.05807035	      0.00000000	      0.00000000	      0.00000000	      7.99115549	  -1430.35797350	     59.80268645	     -1.36825927	      7.49944164	     -5.51077868	     -0.00824526	     -0.00360284	     -0.00125501	     93.06881615	     -9.21117466	    -10.59300678	     -1.07006455	      0.35439739	     -1.93363028	      0.00000000	      0.00000000	      0.00000000	    366.60712365	  -1440.97938039	    -18.67584961	     -3.77913068	      3.40453501	      0.29279121	      0.00000000	      0.00000000	      0.00000000	    370.79300451	  -1442.71131679	    -18.16684684	    -14.03454965	      1.94512482	    -94.58803383	      0.00000000	      0.00000000	      0.00000000	    108.37637150	    -18.84291403	     14.18400525	      0.07603973	      0.54074211	     -0.33126756	      0.00000000	      0.00000000	      0.00000000	     52.67780646	    122.29743576	     42.09318847	     -0.00000000	      0.00000000	      0.00000000	      0.00000000	      0.00000000	      0.00000000	    -46.73030671	     23.18310341	      3.26635218	      7.01300452	      7.04230125	     -2.21626153	     -0.00824526	     -0.00360284	      0.00125501	      0.50832370	      0.27246842	      1.06525258	      0.02809989	     -0.00300360	     -0.01579641	      0.00000000	      0.00000000	      0.00000000	     85.31395037	    -31.95382218	    -45.44175098	     -1.22467048	      8.03795690	     -1.29725078	      0.00000000	      0.00000000	      0.00000000	     93.66392992	    -34.03761056	    -47.06705607	     -3.65063595	     10.74596165	    -10.73456634	      0.00000000	      0.00000000	      0.00000000	      9.53101899	    120.11517328	    -17.39789166	     -1.91231819	      0.89414952	      7.44855806	      0.00000000	      0.00000000	      0.00000000	   -209.08816098	     78.24345267	    -36.92039152	      0.00000000	     -0.00000000	     -0.00000000	      0.00000000	      0.00000000	      0.00000000	    -42.44826815	      1.17388805	     -7.37806723	      2.65544166	     -0.24289946	    -15.67003365	      0.00000000	      0.00000000	      0.00000000	    -27.74541371	      0.37484297	     -4.70675483	      1.00482639	     -0.49221942	     -6.04546538	      0.00000000	      0.00000000	      0.00000000	    -18.83039152	      0.33248449	     -3.18145013	      0.75018757	     -0.11065740	     -4.50053273	      0.00000000	      0.00000000	      0.00000000	     -9.65658316	      0.20860199	     -1.61589505	      0.11444774	      0.00039693	     -0.69903857	      0.00000000	      0.00000000	      0.00000000	    -43.46613206	      7.92078592	     -7.29370356	      2.66988992	      0.28756406	    -15.95077798	      0.00000000	      0.00000000	      0.00000000	    -28.21570554	      3.49216631	     -4.66777560	      1.06249878	      0.42454172	     -6.16282473	      0.00000000	      0.00000000	      0.00000000	    -19.14322581	      2.40610252	     -3.15552147	      0.75779538	      0.08274300	     -4.57743060	      0.00000000	      0.00000000	      0.00000000	     -9.79481319	      1.12485793	     -1.60443812	      0.11366758	      0.00039693	     -0.70845134	      0.00000000	      0.00000000	      0.00000000
      1.24000000	      0.00000000	     -0.00000000	     -0.00000000	     -0.00000000	     -0.00000000	      0.00000000	      0.00000000	      0.00000000	      0.00000000	   -391.80322745	  -2196.72081079	    938.85440553	     -0.09547925	     -0.07173966	      0.07039826	      0.00000000	      0.00000000	      0.00000000	     21.53815670	  -1403.03496255	     65.48667712	     -3.69279788	      8.04351514	     -5.54423651	     -0.00824526	     -0.00360284	     -0.00125501	     98.05325948	    -10.21033160	     -8.25879106	     -1.04003187	      0.32210953	     -2.06106132	      0.00000000	      0.00000000	      0.00000000	    366.64868097	  -1422.30386305	     -9.94137515	     -3.23774949	      3.81363235	      0.41595971	      0.00000000	      0.00000000	      0.00000000	    371.90396513	  -1424.22383679	     -9.24081216	    -12.94808468	      1.87206273	    -93.56656960	      0.00000000	      0.00000000	      0.00000000	     99.44066476	    -15.58079328	     13.04672544	      0.10121113	      0.56755516	     -0.17673513	      0.00000000	      0.00000000	      0.00000000	     39.85796984	    128.32828021	     25.68222066	      0.00000000	     -0.00000000	      0.00000000	      0.00000000	      0.00000000	      0.00000000	    -40.62120912	     30.82246104	      4.53377657	      4.34862408	      4.65610301	     -1.35609521	     -0.00824526	     -0.00360284	      0.00125501	      0.12037947	      0.45571394	      0.65194440	      0.01720092	     -0.00177582	     -0.00437760	      0.00000000	      0.00000000	      0.00000000	     67.93494175	    -17.19208530	    -30.66473252	     -0.73538447	      5.22937424	     -0.85055377	      0.00000000	      0.00000000	      0.00000000	     74.30442950	    -18.85826068	    -31.92628990	     -2.43048606	      7.08605503	     -7.76586007	      0.00000000	      0.00000000	      0.00000000	      6.53430533	     90.11739027	    -13.77373679	     -1.43845417	      0.69261410	      5.58463637	      0.00000000	      0.00000000	      0.00000000	   -191.26720566	     85.17321240	    -30.35638473	      0.00000000	     -0.00000000	      0.00000000	      0.00000000	      0.00000000	      0.00000000	    -38.74678610	      2.89226297	     -6.06493638	      2.17619077	     -0.22311271	    -14.28425115	      0.00000000	      0.00000000	      0.00000000	    -25.28890862	      1.16948025	     -3.87045423	      0.81321454	     -0.44517649	     -5.51442666	      0.00000000	      0.00000000	      0.00000000	    -17.16022978	      0.83405960	     -2.61628166	      0.61450218	     -0.09949744	     -4.10232120	      0.00000000	      0.00000000	      0.00000000	     -8.79574221	      0.41948039	     -1.32901914	      0.09413141	      0.00032424	     -0.63662550	      0.00000000	      0.00000000	      0.00000000	    -39.58667125	      8.42581919	     -6.00287421	      2.20452450	      0.25982944	    -14.51596749	      0.00000000	      0.00000000	      0.00000000	    -25.67696749	      3.72619361	     -3.84177915	      0.88748676	      0.38950152	     -5.61114521	      0.00000000	      0.00000000	      0.00000000	    -17.41836337	      2.53476445	     -2.59720724	      0.62615532	      0.07652515	     -4.16572916	      0.00000000	      0.00000000	      0.00000000	     -8.90980200	      1.17095964	     -1.32059084	      0.09355748	      0.00032424	     -0.64439240	      0.00000000	      0.00000000	      0.00000000
      1.25000000	      0.00000000	     -0.00000000	      0.00000000	      0.00000000	      0.00000000	      0.00000000	      0.00000000	      0.00000000	      0.00000000	   -443.40785986	  -2262.24444310	   1010.04061786	     -0.09977958	     -0.08517656	      0.07621159	      0.00000000	      0.00000000	      0.00000000	     34.40157005	  -1374.13055145	     70.36176613	     -5.57954827	      8.66027131	     -5.54188921	     -0.00824526	     -0.00360284	     -0.00125501	    104.33168306	    -11.03182516	     -6.29243628	     -1.02370920	      0.30866894	     -2.23328901	      0.00000000	      0.00000000	      0.00000000	    355.39647579	  -1392.00192329	     -0.76399766	     -2.20671944	      4.43880601	      0.63220273	      0.00000000	      0.00000000	      0.00000000	    361.43451973	  -1394.16292771	      0.05784396	    -11.27895825	      2.07057404	    -91.28147972	      0.00000000	      0.00000000	      0.00000000	     90.38136323	    -12.14370951	     11.95736178	      0.12815087	      0.57939256	     -0.02269818	      0.00000000	      0.00000000	      0.00000000	     27.91863585	    131.03734172	      9.23078223	     -0.00000000	     -0.00000000	     -0.00000000	      0.00000000	      0.00000000	      0.00000000	    -32.53364072	     35.88859246	      4.68123502	      1.78835661	      2.13787083	     -0.53370690	     -0.00824526	     -0.00360284	      0.00125501	     -0.30134985	      0.62961866	      0.28233896	      0.00744700	     -0.00073141	      0.00797519	      0.00000000	      0.00000000	      0.00000000	     45.42949333	     -2.28994555	    -17.03114106	     -0.53961373	      2.36711157	     -0.36283579	      0.00000000	      0.00000000	      0.00000000	     49.40596407	     -3.54003238	    -17.87558055	     -1.55121638	      3.41583281	     -4.41527097	      0.00000000	      0.00000000	      0.00000000	      3.79812543	     57.88238141	     -9.26931407	     -0.92591058	      0.45684666	      3.57611813	      0.00000000	      0.00000000	      0.00000000	   -174.46181001	     97.96965208	    -24.25952825	      0.00000000	      0.00000000	     -0.00000000	      0.00000000	      0.00000000	      0.00000000	    -35.20165116	      5.19381849	     -4.86785332	      1.73516661	     -0.20383679	    -12.95017585	      0.00000000	      0.00000000	      0.00000000	    -22.92346425	      2.22538563	     -3.10441619	      0.63269091	     -0.40013807	     -5.00447244	      0.00000000	      0.00000000	      0.00000000	    -15.55065740	      1.50154190	     -2.09848780	      0.48918641	     -0.08884633	     -3.71886497	      0.00000000	      0.00000000	      0.00000000	     -7.96458115	      0.70137887	     -1.06576176	      0.07547978	      0.00025811	     -0.57632458	      0.00000000	      0.00000000	      0.00000000	    -35.87378325	      9.59635668	     -4.78350702	      1.76900514	      0.23318526	    -13.13565797	      0.00000000	      0.00000000	      0.00000000	    -23.23401483	      4.25952566	     -3.06544500	      0.72780012	      0.35558713	     -5.08178109	      0.00000000	      0.00000000	      0.00000000	    -15.75723311	      2.85463524	     -2.07256448	      0.50342522	      0.07046035	     -3.76957457	      0.00000000	      0.00000000	      0.00000000	     -8.05585940	      1.29926131	     -1.05430719	      0.07469978	      0.00025811	     -0.58254017	      0.00000000	      0.00000000	      0.00000000
      1.26000000	      0.00000000	     -0.00000000	      0.00000000	      0.00000000	      0.00000000	     -0.00000000	      0.00000000	      0.00000000	      0.00000000	   -478.88117953	  -2305.11205282	   1063.73335797	     -0.10022725	     -0.08902666	      0.07486419	      0.00000000	      0.00000000	      0.00000000	     44.50989078	  -1347.00921279	     74.17160643	     -7.11066931	      9.16457448	     -5.54368312	     -0.00824526	     -0.00360284	     -0.00125501	    110.04950889	    -11.54494988	     -4.59578341	     -1.00915480	      0.30153412	     -2.40174315	      0.00000000	      0.00000000	      0.00000000	    335.67468066	  -1364.00988631	      8.08801478	     -0.88446027	      5.07348811	      0.88631291	      0.00000000	      0.00000000	      0.00000000	    342.22097128	  -1366.44574327	      8.95544273	     -9.35362856	      2.35898149	    -88.66349416	      0.00000000	      0.00000000	      0.00000000	     81.15363545	     -8.77550283	     10.99124986	      0.15313819	      0.56945345	      0.11722611	      0.00000000	      0.00000000	      0.00000000	     18.67175696	    132.06895340	     -3.72062302	      0.00000000	     -0.00000000	      0.00000000	      0.00000000	      0.00000000	      0.00000000	    -26.23987883	     37.18127313	      4.48061238	     -0.02497140	      0.19045074	      0.03342636	     -0.00824526	     -0.00360284	      0.00125501	     -0.60065998	      0.74601375	      0.03974584	      0.00104325	     -0.00008311	      0.01673065	      0.00000000	      0.00000000	      0.00000000	     28.06857868	      6.68625863	     -6.88791794	     -0.35352733	      0.20533832	      0.00142165	      0.00000000	      0.00000000	      0.00000000	     30.27139875	      5.71630173	     -7.36508889	     -0.82686968	      0.67553128	     -1.88131490	      0.00000000	      0.00000000	      0.00000000	      0.62097273	     29.09115502	     -4.77247616	     -0.46474329	      0.21506306	      1.78319357	      0.00000000	      0.00000000	      0.00000000	   -161.55780604	    116.06672675	    -20.06754771	      0.00000000	      0.00000000	      0.00000000	      0.00000000	      0.00000000	      0.00000000	    -32.39183685	      7.80424307	     -4.02517328	      1.42159346	     -0.18805509	    -11.88527738	      0.00000000	      0.00000000	      0.00000000	    -21.03456681	      3.41456329	     -2.56595797	      0.49925113	     -0.36470510	     -4.59906560	      0.00000000	      0.00000000	      0.00000000	    -14.26412865	      2.25341692	     -1.73440973	      0.39990964	     -0.08054262	     -3.41282428	      0.00000000	      0.00000000	      0.00000000	     -7.29869622	      1.01975670	     -0.88072320	      0.06237376	      0.00021458	     -0.52798030	      0.00000000	      0.00000000	      0.00000000	    -32.94665396	     11.46211740	     -3.95260592	      1.47439926	      0.21232928	    -12.03834161	      0.00000000	      0.00000000	      0.00000000	    -21.29091341	      5.10464031	     -2.53242909	      0.62504133	      0.32789786	     -4.66296545	      0.00000000	      0.00000000	      0.00000000	    -14.43464832	      3.37764235	     -1.71210659	      0.42025889	      0.06535645	     -3.45471399	      0.00000000	      0.00000000	      0.00000000	     -7.37404262	      1.51651079	     -0.87086826	      0.06170268	      0.00021458	     -0.53311101	      0.00000000	      0.00000000	      0.00000000
      1.27000000	      0.00000000	     -0.00000000	      0.00000000	     -0.00000000	      0.00000000	      0.00000000	      0.00000000	      0.00000000	      0.00000000	   -500.37859369	  -2329.06889669	   1098.96148824	     -0.09682713	     -0.08570319	      0.06743811	      0.00000000	      0.00000000	      0.00000000	     51.37824623	  -1323.50468291	     76.89263848	     -8.92543437	      9.38717822	     -5.65649791	     -0.00824526	     -0.00360284	     -0.00125501	    114.65146464	    -11.77150705	     -3.23887521	     -0.99564109	      0.29787158	     -2.54825703	      0.00000000	      0.00000000	      0.00000000	    310.56628483	  -1340.34233723	     18.98513846	      0.48905918	      5.45140795	      1.10312882	      0.00000000	      0.00000000	      0.00000000	    317.48356805	  -1343.08053964	     19.94026062	     -7.30895168	      2.31179736	    -86.03992569	      0.00000000	      0.00000000	      0.00000000	     71.87748268	     -5.89859990	      9.75193490	      0.16734880	      0.55690770	      0.22432309	      0.00000000	      0.00000000	      0.00000000	     12.92502503	    132.12216795	    -11.76060099	     -0.00000000	     -0.00000000	     -0.00000000	      0.00000000	      0.00000000	      0.00000000	    -22.88087298	     34.60302478	      4.72866260	     -0.92372379	     -0.83819128	      0.29273141	     -0.00824526	     -0.00360284	      0.00125501	     -0.74335159	      0.81437417	     -0.06923480	     -0.00183561	      0.00017136	      0.02095850	      0.00000000	      0.00000000	      0.00000000	     19.20028238	      7.91148739	     -1.50382514	     -0.07460091	     -0.88784458	      0.16579932	      0.00000000	      0.00000000	      0.00000000	     20.51143713	      7.07946727	     -1.78361024	     -0.23029338	     -0.70305063	     -0.70038873	      0.00000000	      0.00000000	      0.00000000	     -1.76897379	     10.87365665	     -1.56727319	     -0.17112087	      0.04128299	      0.65022194	      0.00000000	      0.00000000	      0.00000000	   -152.39032991	    137.48571368	    -17.21505642	     -0.00000000	     -0.00000000	     -0.00000000	      0.00000000	      0.00000000	      0.00000000	    -30.31793736	     10.60285071	     -3.47649057	      1.21233332	     -0.17600820	    -11.09030748	      0.00000000	      0.00000000	      0.00000000	    -19.62362230	      4.68696072	     -2.21264510	      0.40429090	     -0.33856910	     -4.29812166	      0.00000000	      0.00000000	      0.00000000	    -13.30135573	      3.05937262	     -1.49551642	      0.33990686	     -0.07446460	     -3.18423118	      0.00000000	      0.00000000	      0.00000000	     -6.79834574	      1.36253743	     -0.75900761	      0.05374580	      0.00018418	     -0.49160959	      0.00000000	      0.00000000	      0.00000000	    -30.79344188	     13.73361063	     -3.37015673	      1.27326204	      0.19683796	    -11.22149848	      0.00000000	      0.00000000	      0.00000000	    -19.84332346	      6.13349083	     -2.16351482	      0.56069954	      0.30696891	     -4.35287184	      0.00000000	      0.00000000	      0.00000000	    -13.44749915	      4.02159265	     -1.46283536	      0.36409869	      0.06142750	     -3.22012714	      0.00000000	      0.00000000	      0.00000000	     -6.86292117	      1.78770725	     -0.74456704	      0.05276247	      0.00018418	     -0.49600685	      0.00000000	      0.00000000	      0.00000000
      1.28000000	     -0.00000000	      0.00000000	     -0.00000000	      0.00000000	      0.00000000	     -0.00000000	      0.00000000	      0.00000000	      0.00000000	   -510.22534004	  -2350.00019137	   1121.66615388	     -0.09222535	     -0.07995353	      0.05843017	      0.00000000	      0.00000000	      0.00000000	     56.69051629	  -1312.80148936	     78.62354061	    -10.81157843	      9.42795493	     -5.88236581	     -0.00824526	     -0.00360284	     -0.00125501	    120.05704007	    -11.89782358	     -2.36629893	     -0.99353708	      0.31841976	     -2.71761961	      0.00000000	      0.00000000	      0.00000000	    280.35501481	  -1319.28866248	     30.72947906	      1.83903813	      5.64190157	      1.28429638	      0.00000000	      0.00000000	      0.00000000	    287.55128934	  -1322.31857596	     31.81351405	     -5.26619002	      2.06392330	    -83.32748365	      0.00000000	      0.00000000	      0.00000000	     63.38748124	     -3.90807511	      8.50908183	      0.16914770	      0.54274149	      0.28369281	      0.00000000	      0.00000000	      0.00000000	      9.69003026	    132.77170129	    -14.55316883	      0.00000000	     -0.00000000	     -0.00000000	      0.00000000	      0.00000000	      0.00000000	    -19.93789440	     30.87908329	      5.04014995	     -0.93954629	     -0.89441192	      0.28958176	     -0.00824526	     -0.00360284	      0.00125501	     -0.81177892	      0.86144486	     -0.05156811	     -0.00137122	      0.00010508	      0.02312372	      0.00000000	      0.00000000	      0.00000000	     11.94046994	      6.22326570	      0.33975171	      0.17802272	     -0.91615244	      0.14373594	      0.00000000	      0.00000000	      0.00000000	     12.53186787	      5.45950157	      0.19939666	      0.15363411	     -0.84659250	     -0.18723843	      0.00000000	      0.00000000	      0.00000000	     -2.13010738	      1.86513435	      0.11762158	     -0.02542208	     -0.03668236	      0.08567143	      0.00000000	      0.00000000	      0.00000000	   -147.62083135	    159.18442789	    -16.46487672	      0.00000000	      0.00000000	      0.00000000	      0.00000000	      0.00000000	      0.00000000	    -29.12764988	     13.13989886	     -3.32453288	      1.14813402	     -0.16839651	    -10.62490760	      0.00000000	      0.00000000	      0.00000000	    -18.79664332	      5.83552448	     -2.11474922	      0.36623897	     -0.32405921	     -4.12380181	      0.00000000	      0.00000000	      0.00000000	    -12.73544599	      3.78672675	     -1.42923865	      0.32112653	     -0.07121181	     -3.05037696	      0.00000000	      0.00000000	      0.00000000	     -6.50233390	      1.67234254	     -0.72521575	      0.05135151	      0.00017808	     -0.47005652	      0.00000000	      0.00000000	      0.00000000	    -29.57981895	     16.14946393	     -3.21861329	      1.22671751	      0.18832305	    -10.74960092	      0.00000000	      0.00000000	      0.00000000	    -19.00556262	      7.22605797	     -2.06581034	      0.55567327	      0.29387188	     -4.17598087	      0.00000000	      0.00000000	      0.00000000	    -12.87441740	      4.71169827	     -1.39668491	      0.35133963	      0.05876527	     -3.08455372	      0.00000000	      0.00000000	      0.00000000	     -6.56374029	      2.08105361	     -0.71083145	      0.05037201	      0.00017808	     -0.47423798	      0.00000000	      0.00000000	      0.00000000
      1.29000000	      0.00000000	     -0.00000000	      0.00000000	      0.00000000	      0.00000000	      0.00000000	      0.00000000	      0.00000000	      0.00000000	   -516.84993181	  -2368.73317533	   1135.87266702	     -0.08975262	     -0.07703390	      0.05209897	      0.00000000	      0.00000000	      0.00000000	     61.09260515	  -1310.15380702	     80.56653918	    -12.15850867	      9.47066716	     -6.07988098	     -0.00824526	     -0.00360284	     -0.00125501	    125.47216083	    -11.88648219	     -2.03405382	     -1.00144822	      0.36025807	     -2.88743652	      0.00000000	      0.00000000	      0.00000000	    247.71017654	  -1297.00611956	     40.11502946	      3.32836788	      5.84101929	      1.48272003	      0.00000000	      0.00000000	      0.00000000	    255.09217274	  -1300.28207208	     41.19229431	     -3.19100418	      1.97096522	    -80.40540765	      0.00000000	      0.00000000	      0.00000000	     56.75999713	     -2.54976077	      7.64199833	      0.16676374	      0.51811026	      0.31693556	      0.00000000	      0.00000000	      0.00000000	      8.50651653	    133.98423540	    -14.00718579	      0.00000000	     -0.00000000	      0.00000000	      0.00000000	      0.00000000	      0.00000000	    -16.21078402	     28.04229976	      4.78783162	     -0.51594393	     -0.21955139	      0.15928251	     -0.00824526	     -0.00360284	      0.00125501	     -0.91346414	      0.89990577	      0.06966530	      0.00182984	     -0.00022131	      0.02621546	      0.00000000	      0.00000000	      0.00000000	      2.73608958	      6.33425943	      0.44459151	      0.04490920	     -0.20956672	      0.03243002	      0.00000000	      0.00000000	      0.00000000	      2.43741749	      5.62299787	      0.50794599	      0.03317065	     -0.20596720	      0.26345916	      0.00000000	      0.00000000	      0.00000000	     -0.41803347	     -0.32390314	      0.41781659	      0.00949472	     -0.02529254	     -0.06050873	      0.00000000	      0.00000000	      0.00000000	   -145.65557761	    179.09625259	    -16.83967645	     -0.00000000	      0.00000000	     -0.00000000	      0.00000000	      0.00000000	      0.00000000	    -28.51733374	     15.32882937	     -3.36302005	      1.15654476	     -0.16395482	    -10.37823639	      0.00000000	      0.00000000	      0.00000000	    -18.35769310	      6.82573637	     -2.14486388	      0.35835486	     -0.31697583	     -4.03336541	      0.00000000	      0.00000000	      0.00000000	    -12.43387082	      4.41422197	     -1.44971091	      0.32348873	     -0.06972595	     -2.97960661	      0.00000000	      0.00000000	      0.00000000	     -6.34307306	      1.94034651	     -0.73624910	      0.05214536	      0.00018257	     -0.45843010	      0.00000000	      0.00000000	      0.00000000	    -28.97947261	     18.41721625	     -3.32520521	      1.27062838	      0.18433099	    -10.50565621	      0.00000000	      0.00000000	      0.00000000	    -18.57121883	      8.25268854	     -2.12739199	      0.58382513	      0.28613251	     -4.08673943	      0.00000000	      0.00000000	      0.00000000	    -12.57590639	      5.36341889	     -1.43808875	      0.36368993	      0.05701043	     -3.01455322	      0.00000000	      0.00000000	      0.00000000	     -6.40583339	      2.35976190	     -0.73111370	      0.05179567	      0.00018257	     -0.46270377	      0.00000000	      0.00000000	      0.00000000
      1.30000000	     -0.00000000	      0.00000000	      0.00000000	      0.00000000	     -0.00000000	     -0.00000000	      0.00000000	      0.00000000	      0.00000000	   -516.54105137	  -2388.35514423	   1145.07972597	     -0.08883149	     -0.07649430	      0.04860393	      0.00000000	      0.00000000	      0.00000000	     65.43319541	  -1317.26739609	     82.11006772	    -12.98255867	      9.55788065	     -6.24420196	     -0.00824526	     -0.00360284	     -0.00125501	    130.70789144	    -11.82735450	     -2.05644521	     -1.02554322	      0.40246665	     -3.04596956	      0.00000000	      0.00000000	      0.00000000	    213.09202751	  -1276.49637701	     46.76359836	      4.64235756	      6.06557870	      1.66863210	      0.00000000	      0.00000000	      0.00000000	    220.54238622	  -1279.99136054	     47.77594461	     -1.43623855	      2.06784583	    -77.48084897	      0.00000000	      0.00000000	      0.00000000	     52.71173705	     -2.09072750	      7.23356429	      0.15956011	      0.48879685	      0.31060540	      0.00000000	      0.00000000	      0.00000000	     10.04877720	    136.77833431	    -15.27917642	      0.00000000	     -0.00000000	     -0.00000000	      0.00000000	      0.00000000	      0.00000000	    -16.70415984	     25.09879436	      5.13581463	     -0.52944308	     -0.18298732	      0.14817240	     -0.00824526	     -0.00360284	      0.00125501	     -0.94691069	      0.90254867	      0.09176039	      0.00241311	     -0.00029927	      0.02714103	      0.00000000	      0.00000000	      0.00000000	      2.95405814	      5.12486835	      0.41719670	      0.03015188	     -0.15073105	      0.02355582	      0.00000000	      0.00000000	      0.00000000	      2.63565696	      4.49150619	      0.50343604	      0.02299702	     -0.14257193	      0.17659315	      0.00000000	      0.00000000	      0.00000000	     -0.05651358	     -0.26709982	      0.45344314	      0.00833769	     -0.02146533	     -0.05340740	      0.00000000	      0.00000000	      0.00000000	   -146.55913577	    194.80223938	    -18.12068804	      0.00000000	     -0.00000000	     -0.00000000	      0.00000000	      0.00000000	      0.00000000	    -28.55021093	     16.92207533	     -3.65707667	      1.25400363	     -0.16297423	    -10.37419884	      0.00000000	      0.00000000	      0.00000000	    -18.34918811	      7.54406304	     -2.32530388	      0.38626974	     -0.31815443	     -4.03502659	      0.00000000	      0.00000000	      0.00000000	    -12.42478676	      4.86958282	     -1.57144259	      0.35010072	     -0.07019830	     -2.97825093	      0.00000000	      0.00000000	      0.00000000	     -6.33468448	      2.13523335	     -0.79724456	      0.05645074	      0.00019734	     -0.45773516	      0.00000000	      0.00000000	      0.00000000	    -29.04621797	     20.24999113	     -3.53851009	      1.35710728	      0.18490420	    -10.51093253	      0.00000000	      0.00000000	      0.00000000	    -18.57836222	      9.08168667	     -2.27052161	      0.62728129	      0.28497324	     -4.09235924	      0.00000000	      0.00000000	      0.00000000	    -12.57723151	      5.89239751	     -1.53500187	      0.38909708	      0.05652257	     -3.01577585	      0.00000000	      0.00000000	      0.00000000	     -6.40204423	      2.58717773	     -0.78114273	      0.05535429	      0.00019734	     -0.46232203	      0.00000000	      0.00000000	      0.00000000
      1.31000000	     -0.00000000	      0.00000000	     -0.00000000	     -0.00000000	      0.00000000	     -0.00000000	      0.00000000	      0.00000000	      0.00000000	   -515.87232122	  -2404.22558541	   1145.58126344	     -0.08670622	     -0.07423764	      0.04546555	      0.00000000	      0.00000000	      0.00000000	     70.39287570	  -1333.34090428	     83.26111401	    -13.91504209	      9.48671416	     -6.48018537	     -0.00824526	     -0.00360284	     -0.00125501	    135.70871004	    -11.83776529	     -2.27417129	     -1.06270508	      0.43531793	     -3.18847251	      0.00000000	      0.00000000	      0.00000000	    179.42379053	  -1257.61455278	     53.58980018	      5.68750373	      6.02545351	      1.77991689	      0.00000000	      0.00000000	      0.00000000	    186.82511974	  -1261.28400205	     54.55598863	      0.04864978	      1.87639371	    -74.74248109	      0.00000000	      0.00000000	      0.00000000	     50.05572271	     -2.42713113	      6.66353569	      0.14361940	      0.48205729	      0.26526309	      0.00000000	      0.00000000	      0.00000000	     13.10345006	    138.51403726	    -15.84724235	      0.00000000	     -0.00000000	      0.00000000	      0.00000000	      0.00000000	      0.00000000	    -17.44875038	     22.37215678	      5.31332072	     -0.54695152	     -0.23362615	      0.14357913	     -0.00824526	     -0.00360284	      0.00125501	     -1.00074153	      0.89189066	      0.09650657	      0.00253872	     -0.00032041	      0.02856197	      0.00000000	      0.00000000	      0.00000000	      3.57184226	      4.62841417	      0.34454919	      0.02028688	     -0.19223673	      0.03199075	      0.00000000	      0.00000000	      0.00000000	      3.27066026	      4.08370730	      0.43910726	      0.01080214	     -0.17544766	      0.12433049	      0.00000000	      0.00000000	      0.00000000	      0.15510172	     -0.22393181	      0.44915199	      0.00726505	     -0.01809688	     -0.04602729	      0.00000000	      0.00000000	      0.00000000	   -147.60969032	    207.74250483	    -19.37348054	     -0.00000000	     -0.00000000	     -0.00000000	      0.00000000	      0.00000000	      0.00000000	    -28.62735636	     18.20889027	     -3.89635499	      1.33663988	     -0.16247714	    -10.39021268	      0.00000000	      0.00000000	      0.00000000	    -18.37626926	      8.12300612	     -2.48010277	      0.41113937	     -0.31975503	     -4.04391102	      0.00000000	      0.00000000	      0.00000000	    -12.44083300	      5.23658906	     -1.67614624	      0.37336779	     -0.07073823	     -2.98283289	      0.00000000	      0.00000000	      0.00000000	     -6.34016871	      2.29228831	     -0.85067467	      0.06023937	      0.00021074	     -0.45807979	      0.00000000	      0.00000000	      0.00000000	    -29.15791984	     21.76321424	     -3.79804264	      1.45560196	      0.18592395	    -10.53648249	      0.00000000	      0.00000000	      0.00000000	    -18.62140976	      9.76523894	     -2.43467873	      0.67273783	      0.28426944	     -4.10521856	      0.00000000	      0.00000000	      0.00000000	    -12.60389846	      6.32898892	     -1.64593054	      0.41714579	      0.05611181	     -3.02296504	      0.00000000	      0.00000000	      0.00000000	     -6.41222137	      2.77497984	     -0.83732346	      0.05933022	      0.00021074	     -0.46298622	      0.00000000	      0.00000000	      0.00000000
      1.32000000	     -0.00000000	      0.00000000	      0.00000000	      0.00000000	      0.00000000	     -0.00000000	      0.00000000	      0.00000000	      0.00000000	   -504.50207613	  -2412.88194512	   1137.29901496	     -0.08221207	     -0.06882440	      0.04244425	      0.00000000	      0.00000000	      0.00000000	     74.05275422	  -1349.36933069	     83.77313858	    -14.79040458	      9.21119499	     -6.72151972	     -0.00824526	     -0.00360284	     -0.00125501	    138.62331797	    -11.91035235	     -2.34381433	     -1.08236623	      0.45294354	     -3.26860761	      0.00000000	      0.00000000	      0.00000000	    145.14285311	  -1235.91770362	     59.72090381	      6.46983973	      5.72117821	      1.81363666	      0.00000000	      0.00000000	      0.00000000	    152.43511984	  -1239.69842051	     60.69746943	      1.25806571	      1.46263766	    -71.89160805	      0.00000000	      0.00000000	      0.00000000	     47.17037558	     -2.94857285	      6.06088270	      0.12438140	      0.47697744	      0.21109359	      0.00000000	      0.00000000	      0.00000000	     17.90215610	    137.50106185	    -16.06579564	     -0.00000000	      0.00000000	      0.00000000	      0.00000000	      0.00000000	      0.00000000	    -17.51915372	     18.77954810	      5.34677626	     -0.53569315	     -0.24718302	      0.13042494	     -0.00824526	     -0.00360284	      0.00125501	     -1.02762110	      0.84837615	      0.10213184	      0.00268740	     -0.00034379	      0.02920227	      0.00000000	      0.00000000	      0.00000000	      3.89072381	      3.75875949	      0.28251691	      0.01874551	     -0.19445832	      0.03255091	      0.00000000	      0.00000000	      0.00000000	      3.59195249	      3.30890439	      0.38574261	      0.01036041	     -0.17163212	      0.06151953	      0.00000000	      0.00000000	      0.00000000	      0.28664558	     -0.22157205	      0.45623299	      0.00720254	     -0.01656907	     -0.04099382	      0.00000000	      0.00000000	      0.00000000	   -151.01542091	    216.94698654	    -19.52220988	     -0.00000000	      0.00000000	      0.00000000	      0.00000000	      0.00000000	      0.00000000	    -29.24649821	     19.13388922	     -3.89884104	      1.33564426	     -0.16606074	    -10.60974863	      0.00000000	      0.00000000	      0.00000000	    -18.76383493	      8.53913319	     -2.48517674	      0.40615974	     -0.32608960	     -4.13052149	      0.00000000	      0.00000000	      0.00000000	    -12.70250771	      5.50310361	     -1.67960023	      0.37315333	     -0.07206704	     -3.04590890	      0.00000000	      0.00000000	      0.00000000	     -6.47244044	      2.40776445	     -0.85281569	      0.06039942	      0.00021393	     -0.46761327	      0.00000000	      0.00000000	      0.00000000	    -29.77913173	     22.73119733	     -3.84914143	      1.47548551	      0.18968882	    -10.75653576	      0.00000000	      0.00000000	      0.00000000	    -19.00993187	     10.20122631	     -2.46221363	      0.68496919	      0.29037180	     -4.19217212	      0.00000000	      0.00000000	      0.00000000	    -12.86620939	      6.60871438	     -1.66432535	      0.42253591	      0.05735106	     -3.08623567	      0.00000000	      0.00000000	      0.00000000	     -6.54477422	      2.89629339	     -0.84606628	      0.05993982	      0.00021393	     -0.47253884	      0.00000000	      0.00000000	      0.00000000
      1.33000000	      0.00000000	     -0.00000000	      0.00000000	      0.00000000	     -0.00000000	      0.00000000	      0.00000000	      0.00000000	      0.00000000	   -487.95282595	  -2407.68055672	   1122.86409809	     -0.07794138	     -0.06395301	      0.04347090	      0.00000000	      0.00000000	      0.00000000	     75.72733796	  -1353.07636961	     84.62690438	    -15.23174547	      8.85924177	     -6.83668261	     -0.00824526	     -0.00360284	     -0.00125501	    137.17232946	    -11.79819147	     -2.32022980	     -1.06975711	      0.44956497	     -3.23468938	      0.00000000	      0.00000000	      0.00000000	    112.61352957	  -1209.71642850	     63.06898565	      7.15186162	      5.35259238	      1.81150813	      0.00000000	      0.00000000	      0.00000000	    119.73348060	  -1213.51189632	     64.00015056	      2.26149695	      1.12415786	    -68.89681481	      0.00000000	      0.00000000	      0.00000000	     43.55524133	     -4.04639351	      5.39093572	      0.09392207	      0.46316128	      0.12105675	      0.00000000	      0.00000000	      0.00000000	     23.07441806	    137.08905542	    -16.22779871	     -0.00000000	      0.00000000	     -0.00000000	      0.00000000	      0.00000000	      0.00000000	    -17.85812688	     16.08055288	      5.40253999	     -0.52287437	     -0.25946805	      0.11964951	     -0.00824526	     -0.00360284	      0.00125501	     -1.06595312	      0.81552098	      0.10686043	      0.00281225	     -0.00036240	      0.03017019	      0.00000000	      0.00000000	      0.00000000	      4.19164672	      3.15838772	      0.23026307	      0.01770454	     -0.19935848	      0.03353347	      0.00000000	      0.00000000	      0.00000000	      3.88601496	      2.77376800	      0.34277750	      0.00975718	     -0.17135798	      0.01525833	      0.00000000	      0.00000000	      0.00000000	      0.37045910	     -0.21653604	      0.46917111	      0.00722170	     -0.01617010	     -0.03745173	      0.00000000	      0.00000000	      0.00000000	   -153.70531064	    220.11361261	    -19.56179248	     -0.00000000	     -0.00000000	     -0.00000000	      0.00000000	      0.00000000	      0.00000000	    -29.78151297	     19.41807191	     -3.91837518	      1.34016668	     -0.16924625	    -10.80396346	      0.00000000	      0.00000000	      0.00000000	    -19.10715956	      8.66633639	     -2.49402625	      0.40596918	     -0.33175351	     -4.20586798	      0.00000000	      0.00000000	      0.00000000	    -12.93485860	      5.58562789	     -1.68540427	      0.37404824	     -0.07326457	     -3.10153699	      0.00000000	      0.00000000	      0.00000000	     -6.59077098	      2.44418027	     -0.85533395	      0.06057143	      0.00021528	     -0.47616201	      0.00000000	      0.00000000	      0.00000000	    -30.31443652	     23.04181423	     -3.83819156	      1.47344863	      0.19291580	    -10.95078566	      0.00000000	      0.00000000	      0.00000000	    -19.35339050	     10.34064312	     -2.45697837	      0.68604206	      0.29602025	     -4.26763950	      0.00000000	      0.00000000	      0.00000000	    -13.09864941	      6.69936305	     -1.66076032	      0.42215123	      0.05854548	     -3.14191770	      0.00000000	      0.00000000	      0.00000000	     -6.66314414	      2.93629909	     -0.84444469	      0.05982992	      0.00021528	     -0.48109026	      0.00000000	      0.00000000	      0.00000000
      1.34000000	     -0.00000000	      0.00000000	     -0.00000000	     -0.00000000	     -0.00000000	     -0.00000000	      0.00000000	      0.00000000	      0.00000000	   -474.58677591	  -2398.17450247	   1107.69193911	     -0.07649559	     -0.06374749	      0.04896878	      0.00000000	      0.00000000	      0.00000000	     75.12170950	  -1349.31572686	     85.23000617	    -15.62695408	      8.37450088	     -6.92043399	     -0.00824526	     -0.00360284	     -0.00125501	    132.87302708	    -11.54449184	     -2.40156230	     -1.04154169	      0.43456674	     -3.12406957	      0.00000000	      0.00000000	      0.00000000	     86.58710831	  -1190.22687367	     64.40508817	      7.46696915	      4.85246897	      1.72745190	      0.00000000	      0.00000000	      0.00000000	     93.43536078	  -1193.96966753	     65.26788332	      2.76013706	      0.71919723	    -66.64474499	      0.00000000	      0.00000000	      0.00000000	     41.06444939	     -5.45163074	      4.80401293	      0.06028472	      0.44293341	      0.01902555	      0.00000000	      0.00000000	      0.00000000	     28.25163890	    134.41814627	    -16.20165729	      0.00000000	     -0.00000000	      0.00000000	      0.00000000	      0.00000000	      0.00000000	    -17.83169494	     13.51740743	      5.35921231	     -0.50286136	     -0.26834661	      0.10908424	     -0.00824526	     -0.00360284	      0.00125501	     -1.08427937	      0.76268358	      0.10965720	      0.00288618	     -0.00037282	      0.03056451	      0.00000000	      0.00000000	      0.00000000	      4.30141434	      2.70123043	      0.19594777	      0.01625296	     -0.20360012	      0.03444303	      0.00000000	      0.00000000	      0.00000000	      3.98691785	      2.37061911	      0.31537533	      0.00909727	     -0.17298850	     -0.01364397	      0.00000000	      0.00000000	      0.00000000	      0.37863326	     -0.19697708	      0.48035193	      0.00711266	     -0.01691152	     -0.03356719	      0.00000000	      0.00000000	      0.00000000	   -154.72748975	    220.85764299	    -18.91893482	      0.00000000	      0.00000000	     -0.00000000	      0.00000000	      0.00000000	      0.00000000	    -29.99430355	     19.54111358	     -3.78524527	      1.29232320	     -0.17090441	    -10.88118885	      0.00000000	      0.00000000	      0.00000000	    -19.24353345	      8.72123267	     -2.41069910	      0.38725182	     -0.33332145	     -4.23587543	      0.00000000	      0.00000000	      0.00000000	    -13.02734153	      5.62199447	     -1.62916965	      0.36064297	     -0.07347648	     -3.12370645	      0.00000000	      0.00000000	      0.00000000	     -6.63791855	      2.46029250	     -0.82696575	      0.05856496	      0.00020746	     -0.47957027	      0.00000000	      0.00000000	      0.00000000	    -30.51063897	     23.03789035	     -3.71919203	      1.43011255	      0.19379586	    -11.02346694	      0.00000000	      0.00000000	      0.00000000	    -19.48210004	     10.33687649	     -2.38017999	      0.66941064	      0.29874192	     -4.29567364	      0.00000000	      0.00000000	      0.00000000	    -13.18603408	      6.69670755	     -1.60886859	      0.40983999	      0.05922974	     -3.16281172	      0.00000000	      0.00000000	      0.00000000	     -6.70803898	      2.93516889	     -0.81799545	      0.05795413	      0.00020746	     -0.48434512	      0.00000000	      0.00000000	      0.00000000
      1.35000000	      0.00000000	      0.00000000	     -0.00000000	      0.00000000	     -0.00000000	     -0.00000000	      0.00000000	      0.00000000	      0.00000000	   -465.01180926	  -2395.87479402	   1095.48457764	     -0.07520216	     -0.06402622	      0.05011250	      0.00000000	      0.00000000	      0.00000000	     71.67289688	  -1351.38605921	     84.97144716	    -15.81481268	      7.91872890	     -6.99549921	     -0.00824526	     -0.00360284	     -0.00125501	    128.85112959	    -11.40614308	     -2.53395987	     -1.01514473	      0.42248856	     -3.01462539	      0.00000000	      0.00000000	      0.00000000	     69.42492963	  -1192.94426259	     63.56615983	      7.49197756	      4.27372910	      1.61489675	      0.00000000	      0.00000000	      0.00000000	     75.96885431	  -1196.60329089	     64.37375970	      2.72383200	      0.29680212	    -66.04517129	      0.00000000	      0.00000000	      0.00000000	     41.00118929	     -6.63836924	      4.61904491	      0.03974254	      0.43367337	     -0.05619461	      0.00000000	      0.00000000	      0.00000000	     32.71753754	    129.58899612	    -15.99842447	      0.00000000	     -0.00000000	      0.00000000	      0.00000000	      0.00000000	      0.00000000	    -17.38885486	     11.31763266	      5.21090928	     -0.48124632	     -0.27674937	      0.10058206	     -0.00824526	     -0.00360284	      0.00125501	     -1.07955516	      0.69128811	      0.11041240	      0.00290649	     -0.00037624	      0.03030567	      0.00000000	      0.00000000	      0.00000000	      4.19958422	      2.44740639	      0.20277465	      0.01407010	     -0.20972064	      0.03576496	      0.00000000	      0.00000000	      0.00000000	      3.87821497	      2.15249783	      0.32688523	      0.00881154	     -0.18026009	     -0.02073285	      0.00000000	      0.00000000	      0.00000000	      0.31988634	     -0.16578808	      0.49845268	      0.00681973	     -0.01904522	     -0.02982442	      0.00000000	      0.00000000	      0.00000000	   -154.24422479	    220.49232602	    -18.10210875	     -0.00000000	     -0.00000000	      0.00000000	      0.00000000	      0.00000000	      0.00000000	    -29.90791102	     19.58046525	     -3.62061960	      1.23247229	     -0.17080101	    -10.84848533	      0.00000000	      0.00000000	      0.00000000	    -19.18529692	      8.74089515	     -2.30492102	      0.36413582	     -0.33151463	     -4.22326902	      0.00000000	      0.00000000	      0.00000000	    -12.98774409	      5.63524846	     -1.55760715	      0.34364040	     -0.07294042	     -3.11424513	      0.00000000	      0.00000000	      0.00000000	     -6.61739771	      2.46624748	     -0.79052561	      0.05598325	      0.00019882	     -0.47808166	      0.00000000	      0.00000000	      0.00000000	    -30.40196575	     22.94033428	     -3.55442003	      1.37002158	      0.19269653	    -10.98459827	      0.00000000	      0.00000000	      0.00000000	    -19.41356899	     10.29328239	     -2.27433430	      0.64591831	      0.29847277	     -4.28053674	      0.00000000	      0.00000000	      0.00000000	    -13.13958881	      6.66788378	     -1.53726111	      0.39276122	      0.05932808	     -3.15168122	      0.00000000	      0.00000000	      0.00000000	     -6.68449233	      2.92253124	     -0.78153544	      0.05537106	      0.00019882	     -0.48265047	      0.00000000	      0.00000000	      0.00000000
      1.36000000	      0.00000000	     -0.00000000	      0.00000000	     -0.00000000	      0.00000000	      0.00000000	      0.00000000	      0.00000000	      0.00000000	   -459.10655813	  -2394.73430045	   1086.65714600	     -0.07405152	     -0.06443193	      0.05001294	      0.00000000	      0.00000000	      0.00000000	     65.69054410	  -1348.24319647	     84.26511004	    -15.69642426	      7.49947606	     -6.99451992	     -0.00824526	     -0.00360284	     -0.00125501	    123.43613505	    -11.26994463	     -2.57767503	     -0.97820659	      0.39961231	     -2.86519484	      0.00000000	      0.00000000	      0.00000000	     56.09148505	  -1195.02328899	     61.34871160	      7.46150965	      3.75027793	      1.51621701	      0.00000000	      0.00000000	      0.00000000	     62.33889896	  -1198.55828173	     62.10077372	      2.57306600	     -0.01783743	    -65.59472249	      0.00000000	      0.00000000	      0.00000000	     41.94277705	     -7.36422941	      4.69985942	      0.02943597	      0.41783357	     -0.09472602	      0.00000000	      0.00000000	      0.00000000	     36.02273539	    124.36550544	    -15.75610915	     -0.00000000	      0.00000000	     -0.00000000	      0.00000000	      0.00000000	      0.00000000	    -16.92381290	      9.94870871	      5.04839696	     -0.47212068	     -0.28939724	      0.09732161	     -0.00824526	     -0.00360284	      0.00125501	     -1.07390559	      0.62649615	      0.10873526	      0.00286180	     -0.00037485	      0.03003550	      0.00000000	      0.00000000	      0.00000000	      3.98083156	      2.45223982	      0.26098902	      0.01135553	     -0.22151355	      0.03815208	      0.00000000	      0.00000000	      0.00000000	      3.64734032	      2.16780563	      0.38839021	      0.00935030	     -0.19651695	     -0.00657653	      0.00000000	      0.00000000	      0.00000000	      0.20066554	     -0.12569657	      0.53024041	      0.00668567	     -0.02268102	     -0.02690299	      0.00000000	      0.00000000	      0.00000000	   -151.33945410	    217.81947190	    -17.41199870	      0.00000000	     -0.00000000	      0.00000000	      0.00000000	      0.00000000	      0.00000000	    -29.33829469	     19.40372115	     -3.48270674	      1.18283013	     -0.16767398	    -10.63959588	      0.00000000	      0.00000000	      0.00000000	    -18.81556497	      8.66550743	     -2.21563549	      0.34599643	     -0.32474472	     -4.14232361	      0.00000000	      0.00000000	      0.00000000	    -12.73704535	      5.58643415	     -1.49714885	      0.32951660	     -0.07138219	     -3.05422374	      0.00000000	      0.00000000	      0.00000000	     -6.48911453	      2.44484880	     -0.75965338	      0.05379499	      0.00019271	     -0.46879915	      0.00000000	      0.00000000	      0.00000000	    -29.81175791	     22.65337746	     -3.41241274	      1.31751271	      0.18873368	    -10.76998117	      0.00000000	      0.00000000	      0.00000000	    -19.03432298	     10.16697219	     -2.18315699	      0.62432533	      0.29301083	     -4.19731089	      0.00000000	      0.00000000	      0.00000000	    -12.88256139	      6.58519625	     -1.47554442	      0.37778954	      0.05831436	     -3.09013851	      0.00000000	      0.00000000	      0.00000000	     -6.55341274	      2.88616524	     -0.75010718	      0.05314494	      0.00019271	     -0.47317753	      0.00000000	      0.00000000	      0.00000000
      1.37000000	      0.00000000	     -0.00000000	      0.00000000	      0.00000000	     -0.00000000	      0.00000000	      0.00000000	      0.00000000	      0.00000000	   -459.12154292	  -2397.57855133	   1082.89323482	     -0.07507356	     -0.06860896	      0.05274554	      0.00000000	      0.00000000	      0.00000000	     58.35956609	  -1342.13873432	     82.89397592	    -15.33375671	      7.04166845	     -6.95864332	     -0.00824526	     -0.00360284	     -0.00125501	    118.07223091	    -11.24390153	     -2.48470121	     -0.93838413	      0.37150814	     -2.71207439	      0.00000000	      0.00000000	      0.00000000	     47.33291251	  -1191.70477524	     58.71627121	      7.40914593	      3.21696317	      1.41664664	      0.00000000	      0.00000000	      0.00000000	     53.31061006	  -1195.08546387	     59.42486228	      2.41871926	     -0.34856699	    -65.09060848	      0.00000000	      0.00000000	      0.00000000	     43.92270986	     -7.58979785	      4.98527388	      0.03011916	      0.40232312	     -0.09512336	      0.00000000	      0.00000000	      0.00000000	     37.84501742	    117.28513450	    -15.37955328	      0.00000000	     -0.00000000	     -0.00000000	      0.00000000	      0.00000000	      0.00000000	    -16.10806992	      9.07822166	      4.81149384	     -0.45956440	     -0.29932174	      0.09568908	     -0.00824526	     -0.00360284	      0.00125501	     -1.04941079	      0.55070013	      0.10586297	      0.00278602	     -0.00036725	      0.02923753	      0.00000000	      0.00000000	      0.00000000	      3.60300012	      2.65665259	      0.34134736	      0.00853476	     -0.23268439	      0.04044003	      0.00000000	      0.00000000	      0.00000000	      3.26082266	      2.36273682	      0.46977029	      0.00989633	     -0.21457918	      0.02600153	      0.00000000	      0.00000000	      0.00000000	      0.03784594	     -0.08182675	      0.56209297	      0.00637422	     -0.02697109	     -0.02468436	      0.00000000	      0.00000000	      0.00000000	   -145.63160912	    214.51897575	    -16.62662430	     -0.00000000	      0.00000000	     -0.00000000	      0.00000000	      0.00000000	      0.00000000	    -28.18446617	     19.22416788	     -3.32398637	      1.12667549	     -0.16100604	    -10.21533106	      0.00000000	      0.00000000	      0.00000000	    -18.06454119	      8.58755796	     -2.11534411	      0.32569555	     -0.31165477	     -3.97836192	      0.00000000	      0.00000000	      0.00000000	    -12.22761129	      5.53400825	     -1.42943531	      0.31378082	     -0.06848126	     -2.93240310	      0.00000000	      0.00000000	      0.00000000	     -6.22825196	      2.42037161	     -0.72538569	      0.05136943	      0.00018256	     -0.44992801	      0.00000000	      0.00000000	      0.00000000	    -28.63882622	     22.32258390	     -3.26131658	      1.26153769	      0.18110744	    -10.34049248	      0.00000000	      0.00000000	      0.00000000	    -18.27447281	     10.01914397	     -2.08638829	      0.60115063	      0.28134823	     -4.03105879	      0.00000000	      0.00000000	      0.00000000	    -12.36725609	      6.48628757	     -1.41017413	      0.36187316	      0.05599512	     -2.96684250	      0.00000000	      0.00000000	      0.00000000	     -6.28995589	      2.84114900	     -0.71687488	      0.05078988	      0.00018256	     -0.45412974	      0.00000000	      0.00000000	      0.00000000
      1.38000000	     -0.00000000	      0.00000000	     -0.00000000	     -0.00000000	     -0.00000000	     -0.00000000	      0.00000000	      0.00000000	      0.00000000	   -463.57077096	  -2404.24659904	   1080.94076953	     -0.07698474	     -0.07461194	      0.05715512	      0.00000000	      0.00000000	      0.00000000	     49.84495356	  -1334.34924134	     80.92375334	    -14.76784895	      6.61883897	     -6.89404016	     -0.00824526	     -0.00360284	     -0.00125501	    113.28988032	    -11.31038194	     -2.35869183	     -0.90363337	      0.34209407	     -2.57047405	      0.00000000	      0.00000000	      0.00000000	     40.34125114	  -1185.21911075	     55.51429957	      7.34721610	      2.72331598	      1.32472095	      0.00000000	      0.00000000	      0.00000000	     46.06762971	  -1188.43211366	     56.18520899	      2.24948951	     -0.62019931	    -64.49636853	      0.00000000	      0.00000000	      0.00000000	     46.50627060	     -7.81470402	      5.38632171	      0.03354640	      0.39124273	     -0.09132873	      0.00000000	      0.00000000	      0.00000000	     38.06835757	    110.01046555	    -14.89115979	     -0.00000000	      0.00000000	      0.00000000	      0.00000000	      0.00000000	      0.00000000	    -15.21604252	      9.03470357	      4.56325995	     -0.45419939	     -0.30864756	      0.09829516	     -0.00824526	     -0.00360284	      0.00125501	     -1.02165458	      0.47737511	      0.10127444	      0.00266563	     -0.00035349	      0.02835442	      0.00000000	      0.00000000	      0.00000000	      3.16755524	      3.12041580	      0.45439877	      0.00592168	     -0.24549596	      0.04299731	      0.00000000	      0.00000000	      0.00000000	      2.81872461	      2.78799294	      0.58207193	      0.01080279	     -0.23647340	      0.07565294	      0.00000000	      0.00000000	      0.00000000	     -0.13762778	     -0.04571408	      0.59951589	      0.00589434	     -0.03168177	     -0.02437811	      0.00000000	      0.00000000	      0.00000000	   -137.82744306	    211.22095724	    -16.00460603	     -0.00000000	      0.00000000	     -0.00000000	      0.00000000	      0.00000000	      0.00000000	    -26.59197320	     19.07511506	     -3.19023405	      1.08001351	     -0.15152919	     -9.62900900	      0.00000000	      0.00000000	      0.00000000	    -17.02679580	      8.52577719	     -2.03238590	      0.30898435	     -0.29400222	     -3.75205863	      0.00000000	      0.00000000	      0.00000000	    -11.52355701	      5.49039807	     -1.37345658	      0.30083254	     -0.06464093	     -2.76411572	      0.00000000	      0.00000000	      0.00000000	     -5.86760454	      2.39902882	     -0.69722993	      0.04937969	      0.00017585	     -0.42382940	      0.00000000	      0.00000000	      0.00000000	    -27.02888113	     22.05114710	     -3.15130554	      1.21998751	      0.17088424	     -9.74936911	      0.00000000	      0.00000000	      0.00000000	    -17.22866388	      9.90081714	     -2.01439945	      0.58364866	      0.26480678	     -3.80271936	      0.00000000	      0.00000000	      0.00000000	    -11.65783801	      6.40506342	     -1.36149214	      0.34992356	      0.05261331	     -2.79722789	      0.00000000	      0.00000000	      0.00000000	     -5.92693840	      2.80318597	     -0.69194329	      0.04901970	      0.00017585	     -0.42786974	      0.00000000	      0.00000000	      0.00000000
      1.39000000	      0.00000000	     -0.00000000	      0.00000000	     -0.00000000	      0.00000000	     -0.00000000	      0.00000000	      0.00000000	      0.00000000	   -470.89164672	  -2407.27472851	   1079.28321232	     -0.07901825	     -0.08108394	      0.06230986	      0.00000000	      0.00000000	      0.00000000	     39.50031165	  -1324.29716195	     77.81659423	    -14.06396148	      6.23161649	     -6.81250433	     -0.00824526	     -0.00360284	     -0.00125501	    109.35658637	    -11.41565290	     -2.32740382	     -0.87924251	      0.31590398	     -2.44579830	      0.00000000	      0.00000000	      0.00000000	     36.10453551	  -1176.91060498	     51.97384408	      7.10781939	      2.30202071	      1.22737551	      0.00000000	      0.00000000	      0.00000000	     41.54260916	  -1179.95506922	     52.63552519	      1.89985399	     -0.81656319	    -63.95177920	      0.00000000	      0.00000000	      0.00000000	     49.60360795	     -7.56555887	      5.92268394	      0.04587516	      0.37554312	     -0.05740481	      0.00000000	      0.00000000	      0.00000000	     36.77790480	    102.84535828	    -14.39158818	     -0.00000000	      0.00000000	     -0.00000000	      0.00000000	      0.00000000	      0.00000000	    -14.26928932	      9.52207992	      4.30318371	     -0.44996712	     -0.31954382	      0.10268070	     -0.00824526	     -0.00360284	      0.00125501	     -0.99031719	      0.41560116	      0.09597060	      0.00252581	     -0.00033713	      0.02739887	      0.00000000	      0.00000000	      0.00000000	      2.63947104	      3.70097247	      0.58076286	      0.00308727	     -0.26086862	      0.04603352	      0.00000000	      0.00000000	      0.00000000	      2.27517707	      3.32117851	      0.70805708	      0.01178110	     -0.26229485	      0.13731290	      0.00000000	      0.00000000	      0.00000000	     -0.37612459	      0.00510212	      0.64283732	      0.00560392	     -0.03771895	     -0.02375517	      0.00000000	      0.00000000	      0.00000000	   -127.44947182	    206.70778047	    -15.33713959	     -0.00000000	     -0.00000000	      0.00000000	      0.00000000	      0.00000000	      0.00000000	    -24.47744940	     18.84323795	     -3.05512213	      1.03196521	     -0.13882812	     -8.85046623	      0.00000000	      0.00000000	      0.00000000	    -15.64881432	      8.43063461	     -1.94559420	      0.29184782	     -0.27073556	     -3.45141969	      0.00000000	      0.00000000	      0.00000000	    -10.58848984	      5.42412924	     -1.31472597	      0.28724113	     -0.05960632	     -2.54055692	      0.00000000	      0.00000000	      0.00000000	     -5.38852662	      2.36744510	     -0.66732131	      0.04726084	      0.00016956	     -0.38915919	      0.00000000	      0.00000000	      0.00000000	    -24.89491175	     21.70828505	     -3.01723901	      1.16995466	      0.15737486	     -8.96543009	      0.00000000	      0.00000000	      0.00000000	    -15.84169779	      9.75439530	     -1.92809075	      0.56265682	      0.24279351	     -3.49990225	      0.00000000	      0.00000000	      0.00000000	    -10.71679436	      6.30468404	     -1.30308282	      0.33562459	      0.04809904	     -2.57222340	      0.00000000	      0.00000000	      0.00000000	     -5.44521969	      2.75653005	     -0.66217663	      0.04691052	      0.00016956	     -0.39301971	      0.00000000	      0.00000000	      0.00000000
      1.40000000	     -0.00000000	      0.00000000	     -0.00000000	     -0.00000000	      0.00000000	     -0.00000000	      0.00000000	      0.00000000	      0.00000000	   -479.16858935	  -2406.31109338	   1074.49873933	     -0.08033540	     -0.08650561	      0.06705500	      0.00000000	      0.00000000	      0.00000000	     28.66703886	  -1315.43822374	     74.08592146	    -13.18413346	      5.80958705	     -6.73270569	     -0.00824526	     -0.00360284	     -0.00125501	    106.27232587	    -11.60093075	     -2.42885475	     -0.86380419	      0.29642777	     -2.34206284	      0.00000000	      0.00000000	      0.00000000	     33.58568040	  -1169.44852115	     48.34898234	      6.97355861	      1.85384770	      1.13651564	      0.00000000	      0.00000000	      0.00000000	     38.70895122	  -1172.27854198	     48.97055960	      1.64767607	     -1.04669225	    -63.52588544	      0.00000000	      0.00000000	      0.00000000	     52.60486981	     -7.29947164	      6.45608038	      0.05812885	      0.35991050	     -0.02117564	      0.00000000	      0.00000000	      0.00000000	     33.94724886	     95.46836757	    -12.83717285	     -0.00000000	      0.00000000	      0.00000000	      0.00000000	      0.00000000	      0.00000000	    -13.36401915	     11.04874091	      3.91919828	     -0.41123803	     -0.30115087	      0.10380412	     -0.00824526	     -0.00360284	      0.00125501	     -0.96027244	      0.34216643	      0.08380668	      0.00220513	     -0.00029294	      0.02644376	      0.00000000	      0.00000000	      0.00000000	      2.29235070	      4.62429251	      0.61295669	      0.00534491	     -0.25250877	      0.04430557	      0.00000000	      0.00000000	      0.00000000	      1.93726000	      4.14160113	      0.73167230	      0.01099098	     -0.25855996	      0.20254733	      0.00000000	      0.00000000	      0.00000000	     -0.46526485	     -0.01382191	      0.62528237	      0.00537369	     -0.03790805	     -0.03004669	      0.00000000	      0.00000000	      0.00000000	   -116.61488694	    206.70520536	    -16.73001600	     -0.00000000	      0.00000000	      0.00000000	      0.00000000	      0.00000000	      0.00000000	    -22.19655976	     18.90977873	     -3.37966203	      1.14523936	     -0.12380654	     -8.00751144	      0.00000000	      0.00000000	      0.00000000	    -14.15657385	      8.46237180	     -2.14334055	      0.33381764	     -0.24783902	     -3.12639330	      0.00000000	      0.00000000	      0.00000000	     -9.57469760	      5.43476001	     -1.44811606	      0.31848969	     -0.05505028	     -2.29829248	      0.00000000	      0.00000000	      0.00000000	     -4.86824258	      2.36672263	     -0.73401096	      0.05196553	      0.00018191	     -0.35150419	      0.00000000	      0.00000000	      0.00000000	    -22.65736327	     22.04425966	     -3.23919606	      1.25472374	      0.14400645	     -8.13446225	      0.00000000	      0.00000000	      0.00000000	    -14.36948259	      9.91062117	     -2.07843993	      0.59755600	      0.21741465	     -3.17980939	      0.00000000	      0.00000000	      0.00000000	     -9.71632275	      6.39812366	     -1.40494470	      0.36036087	      0.04250738	     -2.33320998	      0.00000000	      0.00000000	      0.00000000	     -4.93082155	      2.79239778	     -0.71493511	      0.05066656	      0.00018191	     -0.35576551	      0.00000000	      0.00000000	      0.00000000
      1.41000000	      0.00000000	     -0.00000000	      0.00000000	     -0.00000000	     -0.00000000	     -0.00000000	      0.00000000	      0.00000000	      0.00000000	   -488.96892260	  -2383.19597292	   1062.83821537	     -0.08025567	     -0.08988390	      0.07059536	      0.00000000	      0.00000000	      0.00000000	     19.88868880	  -1296.34604332	     70.28197393	    -12.11889722	      5.52318994	     -6.59597159	     -0.00824526	     -0.00360284	     -0.00125501	    104.78240887	    -11.66112015	     -2.33867808	     -0.85126330	      0.28425196	     -2.29127845	      0.00000000	      0.00000000	      0.00000000	     30.42657707	  -1161.07303169	     44.19752329	      6.93790984	      1.48559786	      1.06989465	      0.00000000	      0.00000000	      0.00000000	     35.28824258	  -1163.81568116	     44.74658600	      1.46920714	     -1.16816970	    -62.99450151	      0.00000000	      0.00000000	      0.00000000	     54.86581305	     -7.08293696	      6.74688696	      0.06700288	      0.35189393	      0.00216228	      0.00000000	      0.00000000	      0.00000000	     30.88262582	     89.52971945	    -12.70848149	     -0.00000000	      0.00000000	     -0.00000000	      0.00000000	      0.00000000	      0.00000000	    -12.47519332	     12.31149483	      3.73692030	     -0.42111660	     -0.31157075	      0.11314053	     -0.00824526	     -0.00360284	      0.00125501	     -0.92581391	      0.30372175	      0.08057316	      0.00211965	     -0.00028265	      0.02544709	      0.00000000	      0.00000000	      0.00000000	      1.78880034	      5.31739845	      0.74031611	      0.00342512	     -0.26738986	      0.04715631	      0.00000000	      0.00000000	      0.00000000	      1.41785178	      4.77326447	      0.85780894	      0.01225118	     -0.28370351	      0.26898285	      0.00000000	      0.00000000	      0.00000000	     -0.69684778	      0.02968076	      0.66609650	      0.00529311	     -0.04365051	     -0.03063716	      0.00000000	      0.00000000	      0.00000000	   -103.82140169	    201.20817641	    -16.47210278	     -0.00000000	      0.00000000	      0.00000000	      0.00000000	      0.00000000	      0.00000000	    -19.57783223	     18.58220488	     -3.29500154	      1.11792825	     -0.10785994	     -7.04453223	      0.00000000	      0.00000000	      0.00000000	    -12.45261681	      8.32681711	     -2.09395933	      0.32561845	     -0.21954917	     -2.75466519	      0.00000000	      0.00000000	      0.00000000	     -8.41877403	      5.34087716	     -1.41481056	      0.31120817	     -0.04901628	     -2.02198599	      0.00000000	      0.00000000	      0.00000000	     -4.27642131	      2.32254300	     -0.71761898	      0.05081527	      0.00017982	     -0.30867897	      0.00000000	      0.00000000	      0.00000000	    -20.03094442	     21.68424376	     -3.21588948	      1.24236549	      0.12774277	     -7.16932767	      0.00000000	      0.00000000	      0.00000000	    -12.66197187	      9.76007701	     -2.05740655	      0.59029243	      0.18964141	     -2.80726062	      0.00000000	      0.00000000	      0.00000000	     -8.55803531	      6.29426994	     -1.39049595	      0.35626136	      0.03668888	     -2.05634665	      0.00000000	      0.00000000	      0.00000000	     -4.33795577	      2.74381239	     -0.70687525	      0.05008367	      0.00017982	     -0.31286916	      0.00000000	      0.00000000	      0.00000000
      1.42000000	      0.00000000	     -0.00000000	      0.00000000	      0.00000000	     -0.00000000	      0.00000000	      0.00000000	      0.00000000	      0.00000000	   -481.82085649	  -2350.45555287	   1044.77105529	     -0.07957396	     -0.09073213	      0.07216864	      0.00000000	      0.00000000	      0.00000000	      1.52662426	  -1283.63487391	     64.67749576	    -10.68905710	      4.87670293	     -6.50881592	     -0.00824526	     -0.00360284	     -0.00125501	    101.36297689	    -11.59808555	     -3.25019351	     -0.85379574	      0.28270587	     -2.16852021	      0.00000000	      0.00000000	      0.00000000	     31.70124129	  -1155.95777070	     40.29038255	      6.92496682	      1.00308396	      0.98451108	      0.00000000	      0.00000000	      0.00000000	     36.01640551	  -1158.41451871	     40.78141229	      1.30527418	     -1.43873432	    -62.83552407	      0.00000000	      0.00000000	      0.00000000	     56.73897835	     -7.37321870	      7.10609452	      0.06650192	      0.32246963	     -0.00541010	      0.00000000	      0.00000000	      0.00000000	     26.30200355	     84.99833211	    -10.74970265	     -0.00000000	      0.00000000	     -0.00000000	      0.00000000	      0.00000000	      0.00000000	    -11.85116865	     14.44360671	      3.38883834	     -0.41821316	     -0.30987372	      0.12248106	     -0.00824526	     -0.00360284	      0.00125501	     -0.90586734	      0.27851159	      0.06138686	      0.00161566	     -0.00022588	      0.02486430	      0.00000000	      0.00000000	      0.00000000	      1.37956358	      6.22596107	      0.89539714	      0.00115615	     -0.27981205	      0.04960748	      0.00000000	      0.00000000	      0.00000000	      0.98225512	      5.59492161	      1.00788148	      0.01322671	     -0.30816901	      0.34268664	      0.00000000	      0.00000000	      0.00000000	     -0.92446507	      0.05858567	      0.70345869	      0.00444645	     -0.04938352	     -0.03349069	      0.00000000	      0.00000000	      0.00000000	    -91.77491017	    202.08051026	    -19.10224202	     -0.00000000	     -0.00000000	     -0.00000000	      0.00000000	      0.00000000	      0.00000000	    -17.01140562	     18.69735487	     -3.79159389	      1.30045824	     -0.09057128	     -6.09782972	      0.00000000	      0.00000000	      0.00000000	    -10.77776704	      8.38485304	     -2.41952625	      0.39554225	     -0.19472571	     -2.39035770	      0.00000000	      0.00000000	      0.00000000	     -7.28176295	      5.36683480	     -1.63528334	      0.36356127	     -0.04425510	     -1.75053195	      0.00000000	      0.00000000	      0.00000000	     -3.69371961	      2.32837073	     -0.83063576	      0.05883537	      0.00020691	     -0.26650838	      0.00000000	      0.00000000	      0.00000000	    -17.53727401	     22.23489987	     -3.78171520	      1.44688583	      0.11365893	     -6.24277826	      0.00000000	      0.00000000	      0.00000000	    -11.02073823	     10.01933333	     -2.41496192	      0.67080279	      0.15985468	     -2.45117507	      0.00000000	      0.00000000	      0.00000000	     -7.44338540	      6.45407774	     -1.63224718	      0.41394885	      0.02987708	     -1.79032813	      0.00000000	      0.00000000	      0.00000000	     -3.76513466	      2.80878360	     -0.82929420	      0.05874402	      0.00020691	     -0.27137139	      0.00000000	      0.00000000	      0.00000000
      1.43000000	      0.00000000	     -0.00000000	     -0.00000000	      0.00000000	      0.00000000	      0.00000000	      0.00000000	      0.00000000	      0.00000000	   -479.33587598	  -2298.37610438	   1015.34779703	     -0.07761106	     -0.08890045	      0.07160615	      0.00000000	      0.00000000	      0.00000000	    -10.27389746	  -1264.65576906	     59.42637833	     -9.62356019	      4.51384786	     -6.40709916	     -0.00824526	     -0.00360284	     -0.00125501	    100.22148468	    -11.56519330	     -3.86711483	     -0.86016061	      0.29039761	     -2.12477558	      0.00000000	      0.00000000	      0.00000000	     25.82222831	  -1151.08011665	     36.32301484	      6.78081331	      0.63591768	      0.90457120	      0.00000000	      0.00000000	      0.00000000	     29.72920500	  -1153.36254287	     36.70151976	      1.00365906	     -1.55137974	    -62.35134135	      0.00000000	      0.00000000	      0.00000000	     57.08280606	     -7.46899879	      7.07132147	      0.06313156	      0.30243779	     -0.01068887	      0.00000000	      0.00000000	      0.00000000	     21.93175450	     80.14363867	     -8.81968305	      0.00000000	     -0.00000000	     -0.00000000	      0.00000000	      0.00000000	      0.00000000	    -11.24655666	     17.05027586	      3.02290913	     -0.35910463	     -0.26879790	      0.12244374	     -0.00824526	     -0.00360284	      0.00125501	     -0.88056850	      0.23111422	      0.04772383	      0.00125546	     -0.00017013	      0.02407992	      0.00000000	      0.00000000	      0.00000000	      1.23559298	      7.33131975	      0.82963346	      0.00795055	     -0.25436009	      0.04435514	      0.00000000	      0.00000000	      0.00000000	      0.84892356	      6.56677786	      0.93042255	      0.01091102	     -0.28138377	      0.40438551	      0.00000000	      0.00000000	      0.00000000	     -0.93415061	      0.00031237	      0.64036208	      0.00458596	     -0.04605971	     -0.04390125	      0.00000000	      0.00000000	      0.00000000	    -79.91667136	    204.70750328	    -21.50116514	      0.00000000	     -0.00000000	      0.00000000	      0.00000000	      0.00000000	      0.00000000	    -14.47961390	     18.97912469	     -4.28170714	      1.47453883	     -0.07344929	     -5.16078642	      0.00000000	      0.00000000	      0.00000000	     -9.11925888	      8.51658737	     -2.72727781	      0.45993922	     -0.16996797	     -2.02971692	      0.00000000	      0.00000000	      0.00000000	     -6.15491695	      5.43928827	     -1.84302403	      0.41227389	     -0.03945901	     -1.48143955	      0.00000000	      0.00000000	      0.00000000	     -3.11527332	      2.35386283	     -0.93556096	      0.06625890	      0.00023404	     -0.22462939	      0.00000000	      0.00000000	      0.00000000	    -15.07080778	     22.99219487	     -4.23089067	      1.61253759	      0.09942306	     -5.32367493	      0.00000000	      0.00000000	      0.00000000	     -9.39241293	     10.37077837	     -2.70379867	      0.73813902	      0.13081352	     -2.09821799	      0.00000000	      0.00000000	      0.00000000	     -6.33661679	      6.67268099	     -1.82740590	      0.46107159	      0.02331867	     -1.52622651	      0.00000000	      0.00000000	      0.00000000	     -3.19555984	      2.89885394	     -0.92865987	      0.06578898	      0.00023404	     -0.23009650	      0.00000000	      0.00000000	      0.00000000
      1.44000000	     -0.00000000	      0.00000000	      0.00000000	      0.00000000	      0.00000000	      0.00000000	      0.00000000	      0.00000000	      0.00000000	   -462.55173786	  -2232.03382823	    979.47812471	     -0.07537818	     -0.08471692	      0.06989657	      0.00000000	      0.00000000	      0.00000000	    -26.07405345	  -1247.91451868	     53.50772407	     -8.39377553	      4.00623363	     -6.35694719	     -0.00824526	     -0.00360284	     -0.00125501	     99.63393033	    -11.38190261	     -5.12806036	     -0.88853006	      0.31177567	     -2.09033425	      0.00000000	      0.00000000	      0.00000000	     25.75824801	  -1148.97792643	     34.04389153	      6.84291670	      0.27545907	      0.84722361	      0.00000000	      0.00000000	      0.00000000	     29.17147158	  -1151.04792538	     34.37286306	      0.97077073	     -1.77993161	    -62.25705192	      0.00000000	      0.00000000	      0.00000000	     56.63330044	     -7.66166244	      7.07266874	      0.05521514	      0.26261902	     -0.02590228	      0.00000000	      0.00000000	      0.00000000	     17.78033482	     77.52565344	     -6.89470993	     -0.00000000	      0.00000000	      0.00000000	      0.00000000	      0.00000000	      0.00000000	    -10.84756505	     19.46036963	      2.67520365	     -0.30718810	     -0.24454911	      0.12222983	     -0.00824526	     -0.00360284	      0.00125501	     -0.85867576	      0.22332306	      0.03423744	      0.00090019	     -0.00012111	      0.02347535	      0.00000000	      0.00000000	      0.00000000	      0.96139036	      8.17541658	      0.81390947	      0.01053984	     -0.24501855	      0.04241715	      0.00000000	      0.00000000	      0.00000000	      0.55749851	      7.32128146	      0.91071884	      0.00885501	     -0.27448629	      0.46326015	      0.00000000	      0.00000000	      0.00000000	     -1.08287684	      0.00166744	      0.62065274	      0.00454708	     -0.04770446	     -0.04868179	      0.00000000	      0.00000000	      0.00000000	    -69.40383690	    205.83792401	    -24.08209360	     -0.00000000	      0.00000000	     -0.00000000	      0.00000000	      0.00000000	      0.00000000	    -12.23117122	     19.07239405	     -4.80332757	      1.66307674	     -0.05808270	     -4.33099639	      0.00000000	      0.00000000	      0.00000000	     -7.65088348	      8.55807558	     -3.06111549	      0.53154935	     -0.14857947	     -1.71016444	      0.00000000	      0.00000000	      0.00000000	     -5.15779882	      5.45496524	     -2.06881963	      0.46568615	     -0.03542835	     -1.24331362	      0.00000000	      0.00000000	      0.00000000	     -2.60406818	      2.35484262	     -1.05039192	      0.07439251	      0.00025969	     -0.18764041	      0.00000000	      0.00000000	      0.00000000	    -12.89602191	     23.53147321	     -4.74406380	      1.80047901	      0.08718039	     -4.51427810	      0.00000000	      0.00000000	      0.00000000	     -7.95806977	     10.61833968	     -3.03373338	      0.81280392	      0.10462464	     -1.78700746	      0.00000000	      0.00000000	      0.00000000	     -5.36213664	      6.82543611	     -2.05060527	      0.51454019	      0.01729999	     -1.29361005	      0.00000000	      0.00000000	      0.00000000	     -2.69435759	      2.96040355	     -1.04234366	      0.07384446	      0.00025969	     -0.19378867	      0.00000000	      0.00000000	      0.00000000
      1.45000000	      0.00000000	     -0.00000000	      0.00000000	     -0.00000000	      0.00000000	      0.00000000	      0.00000000	      0.00000000	      0.00000000	   -450.88299888	  -2158.56547750	    938.27513832	     -0.07292214	     -0.07770711	      0.06758569	      0.00000000	      0.00000000	      0.00000000	    -38.02664053	  -1236.53462074	     47.69299120	     -7.33277982	      3.71015109	     -6.33824193	     -0.00824526	     -0.00360284	     -0.00125501	    102.33487135	    -11.45715761	     -6.56181608	     -0.94737464	      0.34644127	     -2.14021246	      0.00000000	      0.00000000	      0.00000000	     17.72301583	  -1149.75474417	     31.92624382	      6.99605299	     -0.05843390	      0.80432819	      0.00000000	      0.00000000	      0.00000000	     20.71827607	  -1151.67571353	     32.17814955	      1.01670656	     -1.94664339	    -61.93286722	      0.00000000	      0.00000000	      0.00000000	     55.28843806	     -7.56821543	      6.68440384	      0.04603307	      0.23068279	     -0.02759553	      0.00000000	      0.00000000	      0.00000000	     14.35226479	     75.09840716	     -4.96998488	     -0.00000000	      0.00000000	     -0.00000000	      0.00000000	      0.00000000	      0.00000000	    -10.59903902	     22.24959885	      2.38631334	     -0.27531843	     -0.21257721	      0.12747516	     -0.00824526	     -0.00360284	      0.00125501	     -0.84196163	      0.20571675	      0.01826532	      0.00048012	     -0.00006595	      0.02298427	      0.00000000	      0.00000000	      0.00000000	      0.87431237	      9.19716048	      0.80789329	      0.01544235	     -0.22963219	      0.03915669	      0.00000000	      0.00000000	      0.00000000	      0.46565926	      8.22352082	      0.89428629	      0.00782563	     -0.26060369	      0.52041325	      0.00000000	      0.00000000	      0.00000000	     -1.12351409	     -0.04157110	      0.58281956	      0.00435225	     -0.04634359	     -0.05756215	      0.00000000	      0.00000000	      0.00000000	    -59.25216289	    208.51077551	    -26.75428907	      0.00000000	     -0.00000000	      0.00000000	      0.00000000	      0.00000000	      0.00000000	    -10.05025317	     19.32332848	     -5.31914556	      1.84944241	     -0.04307722	     -3.52459230	      0.00000000	      0.00000000	      0.00000000	     -6.22415784	      8.67799411	     -3.39252838	      0.60149358	     -0.12783217	     -1.40008308	      0.00000000	      0.00000000	      0.00000000	     -4.18866412	      5.52129861	     -2.29285327	      0.51849914	     -0.03152226	     -1.01197243	      0.00000000	      0.00000000	      0.00000000	     -2.10688370	      2.37888277	     -1.16444357	      0.08247601	      0.00028927	     -0.15164322	      0.00000000	      0.00000000	      0.00000000	    -10.78776680	     24.28103222	     -5.28646666	      1.99785376	      0.07540696	     -3.72788457	      0.00000000	      0.00000000	      0.00000000	     -6.56491718	     10.96864173	     -3.37742949	      0.89178033	      0.07900689	     -1.48536469	      0.00000000	      0.00000000	      0.00000000	     -4.41533446	      7.04501871	     -2.28280961	      0.57028204	      0.01138827	     -1.06778061	      0.00000000	      0.00000000	      0.00000000	     -2.20704103	      3.05215893	     -1.16000565	      0.08217380	      0.00028927	     -0.15846343	      0.00000000	      0.00000000	      0.00000000
      1.46000000	     -0.00000000	     -0.00000000	     -0.00000000	      0.00000000	     -0.00000000	     -0.00000000	      0.00000000	      0.00000000	      0.00000000	   -428.10143015	  -2079.99430461	    891.08528321	     -0.07121416	     -0.06760382	      0.06580708	      0.00000000	      0.00000000	      0.00000000	    -54.44582945	  -1233.73033105	     41.34817221	     -6.53066929	      3.22134084	     -6.48661587	     -0.00824526	     -0.00360284	     -0.00125501	    106.40847195	    -11.30026247	     -9.29781365	     -1.05915548	      0.40202466	     -2.21754345	      0.00000000	      0.00000000	      0.00000000	     17.68926201	  -1160.32035643	     31.87535515	      7.02903894	     -0.42035361	      0.74440002	      0.00000000	      0.00000000	      0.00000000	     20.19392905	  -1162.08696417	     32.12964454	      0.97713605	     -2.29843923	    -62.51371597	      0.00000000	      0.00000000	      0.00000000	     54.01507257	     -7.95728863	      6.45460040	      0.03001640	      0.18029367	     -0.05947726	      0.00000000	      0.00000000	      0.00000000	     11.46766420	     73.71032290	     -2.87279611	      0.00000000	     -0.00000000	      0.00000000	      0.00000000	      0.00000000	      0.00000000	    -10.34138358	     24.89094377	      2.01836881	     -0.17523888	     -0.15678871	      0.11763938	     -0.00824526	     -0.00360284	      0.00125501	     -0.81616510	      0.19870391	      0.00913720	      0.00023966	     -0.00001843	      0.02226774	      0.00000000	      0.00000000	      0.00000000	      0.72355529	     10.07379505	      0.62691296	      0.02315261	     -0.19358904	      0.03192374	      0.00000000	      0.00000000	      0.00000000	      0.31285136	      8.99489176	      0.70673134	      0.00250706	     -0.21822103	      0.56901416	      0.00000000	      0.00000000	      0.00000000	     -1.17393394	     -0.08108082	      0.49558875	      0.00458679	     -0.04307550	     -0.06561070	      0.00000000	      0.00000000	      0.00000000	    -51.74910092	    210.10267990	    -28.72058996	     -0.00000000	     -0.00000000	     -0.00000000	      0.00000000	      0.00000000	      0.00000000	     -8.45061340	     19.47079514	     -5.70670471	      1.98777370	     -0.03201329	     -2.93275774	      0.00000000	      0.00000000	      0.00000000	     -5.17689028	      8.75792101	     -3.63724180	      0.65303203	     -0.11258761	     -1.17233455	      0.00000000	      0.00000000	      0.00000000	     -3.47698633	      5.56575954	     -2.45799409	      0.55729604	     -0.02864309	     -0.84202779	      0.00000000	      0.00000000	      0.00000000	     -1.74154493	      2.39621509	     -1.24798671	      0.08839055	      0.00031466	     -0.12518902	      0.00000000	      0.00000000	      0.00000000	     -9.23688814	     24.82994376	     -5.66559770	      2.13630634	      0.06672555	     -3.14935580	      0.00000000	      0.00000000	      0.00000000	     -5.54017911	     11.23405143	     -3.61824880	      0.94747567	      0.06026552	     -1.26351742	      0.00000000	      0.00000000	      0.00000000	     -3.71864309	      7.21286128	     -2.44536010	      0.60940143	      0.00708345	     -0.90162200	      0.00000000	      0.00000000	      0.00000000	     -1.84832421	      3.12400908	     -1.24240421	      0.08801041	      0.00031466	     -0.13246016	      0.00000000	      0.00000000	      0.00000000
      1.47000000	     -0.00000000	      0.00000000	      0.00000000	     -0.00000000	      0.00000000	      0.00000000	      0.00000000	      0.00000000	      0.00000000	   -403.84903595	  -1992.62287144	    839.17123651	     -0.06979436	     -0.05292928	      0.06277524	      0.00000000	      0.00000000	      0.00000000	    -69.72542273	  -1235.64106228	     35.15218148	     -5.91412251	      2.85307375	     -6.67871362	     -0.00824526	     -0.00360284	     -0.00125501	    111.84546851	    -11.15143173	    -12.61334353	     -1.19980533	      0.47141973	     -2.33386228	      0.00000000	      0.00000000	      0.00000000	     14.39731295	  -1179.89626535	     32.12420054	      7.14879152	     -0.76189818	      0.69810951	      0.00000000	      0.00000000	      0.00000000	     16.49403901	  -1181.49274695	     32.37719872	      0.98153118	     -2.62906092	    -63.41832530	      0.00000000	      0.00000000	      0.00000000	     52.98247298	     -8.26002686	      6.12461298	      0.01486676	      0.13617017	     -0.08220085	      0.00000000	      0.00000000	      0.00000000	      9.59526381	     73.41418647	     -0.29175450	      0.00000000	      0.00000000	     -0.00000000	      0.00000000	      0.00000000	      0.00000000	    -10.36210802	     27.80579553	      1.64688870	     -0.11852770	     -0.12497769	      0.11685821	     -0.00824526	     -0.00360284	      0.00125501	     -0.82731832	      0.21867410	     -0.00910079	     -0.00023953	      0.00004073	      0.02259397	      0.00000000	      0.00000000	      0.00000000	      0.57095410	     10.96724254	      0.59958182	      0.02734348	     -0.17988771	      0.02903909	      0.00000000	      0.00000000	      0.00000000	      0.14376182	      9.78903502	      0.67312515	      0.00060318	     -0.20570066	      0.62355176	      0.00000000	      0.00000000	      0.00000000	     -1.27599588	     -0.10038536	      0.46397891	      0.00423204	     -0.04333812	     -0.07209441	      0.00000000	      0.00000000	      0.00000000	    -45.90496883	    214.60908132	    -31.96023160	     -0.00000000	     -0.00000000	      0.00000000	      0.00000000	      0.00000000	      0.00000000	     -7.13213366	     19.78036655	     -6.35352977	      2.22262717	     -0.02203609	     -2.44491258	      0.00000000	      0.00000000	      0.00000000	     -4.31393286	      8.88284835	     -4.05554633	      0.74177217	     -0.10180320	     -0.98514764	      0.00000000	      0.00000000	      0.00000000	     -2.89084798	      5.63547431	     -2.74115010	      0.62418709	     -0.02697580	     -0.70224416	      0.00000000	      0.00000000	      0.00000000	     -1.44097448	      2.41988221	     -1.39249612	      0.09863309	      0.00034757	     -0.10343632	      0.00000000	      0.00000000	      0.00000000	     -8.00827518	     25.66305922	     -6.33226431	      2.38037945	      0.06070154	     -2.68642963	      0.00000000	      0.00000000	      0.00000000	     -4.71874355	     11.60087603	     -4.04572087	      1.04493082	      0.04332798	     -1.08643475	      0.00000000	      0.00000000	      0.00000000	     -3.16012475	      7.44348413	     -2.73461429	      0.67879651	      0.00287251	     -0.76853341	      0.00000000	      0.00000000	      0.00000000	     -1.55995803	      3.21877560	     -1.38960818	      0.09843644	      0.00034757	     -0.11153851	      0.00000000	      0.00000000	      0.00000000
      1.48000000	     -0.00000000	      0.00000000	     -0.00000000	     -0.00000000	     -0.00000000	     -0.00000000	      0.00000000	      0.00000000	      0.00000000	   -379.37944830	  -1893.94505502	    783.82352131	     -0.06957736	     -0.03584889	      0.05856146	      0.00000000	      0.00000000	      0.00000000	    -84.40881274	  -1236.96568467	     29.31000066	     -5.52221927	      2.56471870	     -6.89985636	     -0.00824526	     -0.00360284	     -0.00125501	    118.44187439	    -10.95056793	    -16.26405756	     -1.35959979	      0.54958810	     -2.48150568	      0.00000000	      0.00000000	      0.00000000	      8.49909710	  -1202.93408716	     32.53446459	      7.25492317	     -1.08142944	      0.65410645	      0.00000000	      0.00000000	      0.00000000	     10.21572002	  -1204.43802614	     32.76934307	      0.95584125	     -2.93054793	    -64.39032480	      0.00000000	      0.00000000	      0.00000000	     51.76225470	     -8.30039260	      5.73176179	      0.00288621	      0.09299699	     -0.09282585	      0.00000000	      0.00000000	      0.00000000	      8.47834628	     72.34030265	      1.72077152	      0.00000000	      0.00000000	      0.00000000	      0.00000000	      0.00000000	      0.00000000	    -10.21090135	     30.40113627	      1.28936906	     -0.01667724	     -0.06902447	      0.10496033	     -0.00824526	     -0.00360284	      0.00125501	     -0.82527213	      0.22928386	     -0.01509172	     -0.00039668	      0.00007406	      0.02253371	      0.00000000	      0.00000000	      0.00000000	      0.47780277	     11.77423320	      0.41059260	      0.03527860	     -0.14317522	      0.02166305	      0.00000000	      0.00000000	      0.00000000	      0.05441870	     10.49594590	      0.47809140	     -0.00466834	     -0.16180725	      0.66498559	      0.00000000	      0.00000000	      0.00000000	     -1.28570806	     -0.14882665	      0.37562185	      0.00444146	     -0.03941284	     -0.08036252	      0.00000000	      0.00000000	      0.00000000	    -40.13270879	    217.80695146	    -33.46429192	     -0.00000000	     -0.00000000	     -0.00000000	      0.00000000	      0.00000000	      0.00000000	     -5.87209568	     20.09828509	     -6.65952167	      2.32976584	     -0.01334590	     -1.97685261	      0.00000000	      0.00000000	      0.00000000	     -3.48529619	      9.03729342	     -4.24533369	      0.78024610	     -0.08971398	     -0.80543602	      0.00000000	      0.00000000	      0.00000000	     -2.32723339	      5.72881589	     -2.86918962	      0.65391883	     -0.02469207	     -0.56779650	      0.00000000	      0.00000000	      0.00000000	     -1.15116064	      2.45871088	     -1.45692483	      0.10318840	      0.00035725	     -0.08245805	      0.00000000	      0.00000000	      0.00000000	     -6.80264936	     26.31221602	     -6.59893445	      2.47972253	      0.05373807	     -2.23343141	      0.00000000	      0.00000000	      0.00000000	     -3.91524738	     11.90836577	     -4.21734009	      1.08651352	      0.02872263	     -0.91289183	      0.00000000	      0.00000000	      0.00000000	     -2.61323340	      7.63862978	     -2.85056851	      0.70711681	     -0.00047876	     -0.63815803	      0.00000000	      0.00000000	      0.00000000	     -1.27753358	      3.30258776	     -1.44869684	      0.10262811	      0.00035725	     -0.09106342	      0.00000000	      0.00000000	      0.00000000
      1.49000000	     -0.00000000	      0.00000000	     -0.00000000	     -0.00000000	     -0.00000000	     -0.00000000	      0.00000000	      0.00000000	      0.00000000	   -345.64559897	  -1801.16771082	    730.04306357	     -0.06993884	     -0.02098581	      0.05351931	      0.00000000	      0.00000000	      0.00000000	   -101.31233837	  -1245.23177735	     24.07644065	     -5.21822830	      2.10142647	     -7.23301504	     -0.00824526	     -0.00360284	     -0.00125501	    125.18999728	    -10.52153478	    -20.51474974	     -1.53725010	      0.63514726	     -2.64022337	      0.00000000	      0.00000000	      0.00000000	      6.61056614	  -1230.35626095	     34.22027175	      7.51129272	     -1.49403392	      0.60813120	      0.00000000	      0.00000000	      0.00000000	      7.91305164	  -1231.75275578	     34.46701798	      1.11338911	     -3.41486033	    -65.78878023	      0.00000000	      0.00000000	      0.00000000	     50.55880972	     -8.27195203	      5.50123675	     -0.00749007	      0.03934198	     -0.09957639	      0.00000000	      0.00000000	      0.00000000	      8.50154547	     72.66971966	      3.74313407	     -0.00000000	      0.00000000	     -0.00000000	      0.00000000	      0.00000000	      0.00000000	    -10.16826279	     33.03723622	      0.92226252	      0.10970579	     -0.00746604	      0.08647656	     -0.00824526	     -0.00360284	      0.00125501	     -0.83250863	      0.26550891	     -0.01853222	     -0.00048635	      0.00010386	      0.02277054	      0.00000000	      0.00000000	      0.00000000	      0.29592041	     12.48323163	      0.16479116	      0.04351111	     -0.10114717	      0.01331038	      0.00000000	      0.00000000	      0.00000000	     -0.12781656	     11.11899409	      0.22853742	     -0.01164548	     -0.11042705	      0.70483353	      0.00000000	      0.00000000	      0.00000000	     -1.34124861	     -0.18220666	      0.27491709	      0.00453661	     -0.03565181	     -0.08698795	      0.00000000	      0.00000000	      0.00000000	    -37.48523899	    220.21732080	    -34.66644190	      0.00000000	      0.00000000	     -0.00000000	      0.00000000	      0.00000000	      0.00000000	     -5.28517740	     20.30519490	     -6.89480361	      2.41476762	     -0.00897419	     -1.75848617	      0.00000000	      0.00000000	      0.00000000	     -3.09894715	      9.12766328	     -4.39731233	      0.81180111	     -0.08457592	     -0.72173281	      0.00000000	      0.00000000	      0.00000000	     -2.06461350	      5.78246403	     -2.97193666	      0.67805898	     -0.02381787	     -0.50515673	      0.00000000	      0.00000000	      0.00000000	     -1.01618303	      2.47953220	     -1.50929872	      0.10690107	      0.00037562	     -0.07267132	      0.00000000	      0.00000000	      0.00000000	     -6.23931355	     26.72527472	     -6.84909274	      2.57104723	      0.05087415	     -2.02147809	      0.00000000	      0.00000000	      0.00000000	     -3.53979432	     12.09398425	     -4.37619217	      1.12337392	      0.02129222	     -0.83208546	      0.00000000	      0.00000000	      0.00000000	     -2.35786145	      7.75563652	     -2.95788770	      0.73294401	     -0.00227474	     -0.57736499	      0.00000000	      0.00000000	      0.00000000	     -1.14575857	      3.35140493	     -1.50309099	      0.10647835	      0.00037562	     -0.08149476	      0.00000000	      0.00000000	      0.00000000
      1.50000000	      0.00000000	     -0.00000000	     -0.00000000	     -0.00000000	     -0.00000000	      0.00000000	      0.00000000	      0.00000000	      0.00000000	   -316.56663219	  -1726.95717710	    685.44033860	     -0.06723429	     -0.01446810	      0.04784289	      0.00000000	      0.00000000	      0.00000000	   -117.23211826	  -1261.64855282	     19.65943063	     -5.09187247	      1.68813024	     -7.62171823	     -0.00824526	     -0.00360284	     -0.00125501	    133.15485197	    -10.15802714	    -24.90236611	     -1.72668854	      0.72576301	     -2.83224557	      0.00000000	      0.00000000	      0.00000000	      2.54386050	  -1262.10450666	     35.91075207	      7.77012787	     -1.91887853	      0.55577613	      0.00000000	      0.00000000	      0.00000000	      3.47355063	  -1263.41526776	     36.16183086	      1.24542512	     -3.89883575	    -67.32819588	      0.00000000	      0.00000000	      0.00000000	     49.58013545	     -8.16754516	      5.28250607	     -0.01573675	     -0.00813361	     -0.10095641	      0.00000000	      0.00000000	      0.00000000	      9.00772524	     73.69904780	      5.92930019	      0.00000000	      0.00000000	      0.00000000	      0.00000000	      0.00000000	      0.00000000	    -10.18203408	     35.99979686	      0.49605042	      0.30773389	      0.07134644	      0.05516061	     -0.00824526	     -0.00360284	      0.00125501	     -0.81497323	      0.28366246	     -0.01462035	     -0.00038161	      0.00012576	      0.02231865	      0.00000000	      0.00000000	      0.00000000	      0.09503075	     13.23273010	     -0.24561493	      0.05540221	     -0.04277313	      0.00166010	      0.00000000	      0.00000000	      0.00000000	     -0.32751745	     11.77490529	     -0.17972530	     -0.02286157	     -0.03454989	      0.74463230	      0.00000000	      0.00000000	      0.00000000	     -1.39884693	     -0.22460449	      0.13568733	      0.00482010	     -0.03007273	     -0.09455790	      0.00000000	      0.00000000	      0.00000000	    -35.03154561	    223.49933187	    -35.97856147	     -0.00000000	      0.00000000	     -0.00000000	      0.00000000	      0.00000000	      0.00000000	     -4.72240963	     20.60529711	     -7.14349723	      2.50589414	     -0.00472329	     -1.54872498	      0.00000000	      0.00000000	      0.00000000	     -2.72789001	      9.25881447	     -4.56182953	      0.84563528	     -0.07980581	     -0.64167855	      0.00000000	      0.00000000	      0.00000000	     -1.81245370	      5.86208810	     -3.08341159	      0.70428126	     -0.02304732	     -0.44513257	      0.00000000	      0.00000000	      0.00000000	     -0.88660177	      2.51136715	     -1.56659507	      0.11096876	      0.00039218	     -0.06327833	      0.00000000	      0.00000000	      0.00000000	     -5.70695613	     27.22157242	     -7.14004934	      2.67698899	      0.04826182	     -1.82011445	      0.00000000	      0.00000000	      0.00000000	     -3.18278793	     12.31578521	     -4.56023648	      1.16616005	      0.01395099	     -0.75551831	      0.00000000	      0.00000000	      0.00000000	     -2.11504808	      7.89556008	     -3.08235191	      0.76289061	     -0.00409370	     -0.51963125	      0.00000000	      0.00000000	      0.00000000	     -1.02030716	      3.40988402	     -1.56612683	      0.11093688	      0.00039218	     -0.07238300	      0.00000000	      0.00000000	      0.00000000
      1.51000000	      0.00000000	     -0.00000000	     -0.00000000	      0.00000000	     -0.00000000	      0.00000000	      0.00000000	      0.00000000	      0.00000000	   -294.55015233	  -1681.04705427	    656.53748259	     -0.05806248	     -0.01605856	      0.04182910	      0.00000000	      0.00000000	      0.00000000	   -132.87766994	  -1287.15636423	     16.22215575	     -4.97063709	      1.28195886	     -8.06992215	     -0.00824526	     -0.00360284	     -0.00125501	    142.28614752	     -9.79806781	    -29.47764450	     -1.92344722	      0.82614067	     -3.05965928	      0.00000000	      0.00000000	      0.00000000	     -2.39271965	  -1298.76112455	     37.16601743	      8.13218934	     -2.38504819	      0.50096483	      0.00000000	      0.00000000	      0.00000000	     -1.79455226	  -1299.99966992	     37.40146912	      1.42828075	     -4.39419945	    -69.10377607	      0.00000000	      0.00000000	      0.00000000	     49.23520050	     -7.81371518	      5.22336498	     -0.01721815	     -0.05067563	     -0.08383617	      0.00000000	      0.00000000	      0.00000000	     10.01463130	     74.96473478	      6.60762839	     -0.00000000	     -0.00000000	      0.00000000	      0.00000000	      0.00000000	      0.00000000	     -9.94419007	     38.17820316	      0.33765479	      0.17670362	      0.03331028	      0.08934170	     -0.00824526	     -0.00360284	      0.00125501	     -0.77827668	      0.30551642	     -0.03353169	     -0.00087922	      0.00013588	      0.02137464	      0.00000000	      0.00000000	      0.00000000	     -0.13158672	     13.69034613	      0.17799110	      0.04692914	     -0.08495217	      0.01006542	      0.00000000	      0.00000000	      0.00000000	     -0.56154630	     12.19425098	      0.23010222	     -0.01344774	     -0.09976600	      0.78912424	      0.00000000	      0.00000000	      0.00000000	     -1.50318965	     -0.19528329	      0.23925179	      0.00427185	     -0.03661790	     -0.09468779	      0.00000000	      0.00000000	      0.00000000	    -32.90213003	    226.53777676	    -36.61537465	     -0.00000000	      0.00000000	      0.00000000	      0.00000000	      0.00000000	      0.00000000	     -4.24100108	     20.91809283	     -7.29220719	      2.55676340	     -0.00126035	     -1.36764577	      0.00000000	      0.00000000	      0.00000000	     -2.40688935	      9.40035227	     -4.65252849	      0.86294526	     -0.07523934	     -0.57240948	      0.00000000	      0.00000000	      0.00000000	     -1.59367065	      5.94975558	     -3.14459201	      0.71825006	     -0.02220464	     -0.39299997	      0.00000000	      0.00000000	      0.00000000	     -0.77355686	      2.54780971	     -1.59718993	      0.11312720	      0.00039848	     -0.05508645	      0.00000000	      0.00000000	      0.00000000	     -5.24421644	     27.65573542	     -7.24219344	      2.71704803	      0.04556121	     -1.64418880	      0.00000000	      0.00000000	      0.00000000	     -2.87041298	     12.51339932	     -4.62942023	      1.18413973	      0.00823838	     -0.68839326	      0.00000000	      0.00000000	      0.00000000	     -1.90200279	      8.02052906	     -3.12922058	      0.77463278	     -0.00541166	     -0.46890594	      0.00000000	      0.00000000	      0.00000000	     -0.90979755	      3.46280875	     -1.59039787	      0.11266470	      0.00039848	     -0.06436376	      0.00000000	      0.00000000	      0.00000000
      1.52000000	     -0.00000000	      0.00000000	      0.00000000	      0.00000000	      0.00000000	     -0.00000000	      0.00000000	      0.00000000	      0.00000000	   -285.22287185	  -1671.76507740	    645.60864758	     -0.04444598	     -0.01215962	      0.03385800	      0.00000000	      0.00000000	      0.00000000	   -147.43076512	  -1325.88396780	     13.69482611	     -4.94385282	      0.96314138	     -8.58407617	     -0.00824526	     -0.00360284	     -0.00125501	    153.50040349	     -9.65044375	    -34.15318616	     -2.14231091	      0.92677949	     -3.33228481	      0.00000000	      0.00000000	      0.00000000	    -11.31215415	  -1341.68963865	     37.70645588	      8.51341161	     -2.86325827	      0.44263625	      0.00000000	      0.00000000	      0.00000000	    -11.00112073	  -1342.90052722	     37.90294366	      1.55564882	     -4.83788394	    -71.04334062	      0.00000000	      0.00000000	      0.00000000	     49.66808263	     -7.19921317	      5.30026524	     -0.01187852	     -0.08614675	     -0.04594001	      0.00000000	      0.00000000	      0.00000000	     10.92615758	     76.79843445	      8.35197613	     -0.00000000	      0.00000000	     -0.00000000	      0.00000000	      0.00000000	      0.00000000	     -9.83123162	     41.17063538	     -0.09560396	      0.42229038	      0.12627883	      0.04955199	     -0.00824526	     -0.00360284	      0.00125501	     -0.73470612	      0.31828120	     -0.01682996	     -0.00043735	      0.00012547	      0.02020012	      0.00000000	      0.00000000	      0.00000000	     -0.24210052	     14.28025144	     -0.37296297	      0.06136729	     -0.01042112	     -0.00472965	      0.00000000	      0.00000000	      0.00000000	     -0.65358575	     12.69950405	     -0.31561046	     -0.02779034	      0.00022978	      0.81170524	      0.00000000	      0.00000000	      0.00000000	     -1.47109020	     -0.26159621	      0.06061065	      0.00495066	     -0.02758513	     -0.10315697	      0.00000000	      0.00000000	      0.00000000	    -29.56696464	    230.76859287	    -37.40493523	     -0.00000000	     -0.00000000	      0.00000000	      0.00000000	      0.00000000	      0.00000000	     -3.49165758	     21.37818482	     -7.43027651	      2.60637018	      0.00387430	     -1.08711342	      0.00000000	      0.00000000	      0.00000000	     -1.91027093	      9.61035043	     -4.74393369	      0.87974951	     -0.06781146	     -0.46539134	      0.00000000	      0.00000000	      0.00000000	     -1.25585376	      6.08005101	     -3.20646970	      0.73245104	     -0.02076425	     -0.31259678	      0.00000000	      0.00000000	      0.00000000	     -0.59955508	      2.60219345	     -1.62900415	      0.11538760	      0.00040654	     -0.04246979	      0.00000000	      0.00000000	      0.00000000	     -4.51742073	     28.26195262	     -7.41697551	      2.78096149	      0.04137698	     -1.36988163	      0.00000000	      0.00000000	      0.00000000	     -2.38421250	     12.79091288	     -4.73778813	      1.21140473	     -0.00062725	     -0.58396299	      0.00000000	      0.00000000	      0.00000000	     -1.57111583	      8.19573518	     -3.20238172	      0.79256742	     -0.00744695	     -0.39020185	      0.00000000	      0.00000000	      0.00000000	     -0.73885786	      3.53703688	     -1.62719783	      0.11526460	      0.00040654	     -0.05195561	      0.00000000	      0.00000000	      0.00000000
      1.53000000	     -0.00000000	      0.00000000	      0.00000000	     -0.00000000	      0.00000000	     -0.00000000	      0.00000000	      0.00000000	      0.00000000	   -279.50376650	  -1708.98579059	    652.07741421	     -0.03937268	     -0.00700306	      0.02758586	      0.00000000	      0.00000000	      0.00000000	   -163.13686364	  -1382.08450218	     12.16213923	     -5.08710705	      0.53831693	     -9.25584808	     -0.00824526	     -0.00360284	     -0.00125501	    164.89593819	     -9.10990150	    -39.15726731	     -2.34061574	      1.05524288	     -3.64502099	      0.00000000	      0.00000000	      0.00000000	    -16.67971783	  -1387.28899373	     39.20286294	      8.80974336	     -3.36854212	      0.37361719	      0.00000000	      0.00000000	      0.00000000	    -16.65153995	  -1388.46398216	     39.39616727	      1.62743311	     -5.37599570	    -73.30666627	      0.00000000	      0.00000000	      0.00000000	     50.26995875	     -6.49970976	      5.67902796	     -0.00341735	     -0.13295196	      0.00225258	      0.00000000	      0.00000000	      0.00000000	     12.41705118	     79.79947307	      8.79818986	      0.00000000	      0.00000000	      0.00000000	      0.00000000	      0.00000000	      0.00000000	     -9.42607083	     43.29103174	     -0.36644473	      0.49785334	      0.14896361	      0.04192902	     -0.00824526	     -0.00360284	      0.00125501	     -0.65975039	      0.38116844	     -0.00790000	     -0.00020105	      0.00009802	      0.01800424	      0.00000000	      0.00000000	      0.00000000	     -0.51290489	     14.45389234	     -0.48723607	      0.06325782	      0.00781349	     -0.00817328	      0.00000000	      0.00000000	      0.00000000	     -0.90219264	     12.85105469	     -0.42991514	     -0.03146973	      0.02214901	      0.82994506	      0.00000000	      0.00000000	      0.00000000	     -1.49029895	     -0.26737827	      0.01934068	      0.00524967	     -0.02578425	     -0.10442666	      0.00000000	      0.00000000	      0.00000000	    -28.08402343	    233.59287716	    -36.43648626	      0.00000000	      0.00000000	     -0.00000000	      0.00000000	      0.00000000	      0.00000000	     -3.16933181	     21.80985175	     -7.23901589	      2.53605751	      0.00546180	     -0.96347139	      0.00000000	      0.00000000	      0.00000000	     -1.69071840	      9.80601327	     -4.62251000	      0.85073726	     -0.06321577	     -0.41855604	      0.00000000	      0.00000000	      0.00000000	     -1.10615749	      6.20450861	     -3.12443913	      0.71254446	     -0.01961168	     -0.27704416	      0.00000000	      0.00000000	      0.00000000	     -0.52176060	      2.65510017	     -1.58740636	      0.11244185	      0.00039706	     -0.03681244	      0.00000000	      0.00000000	      0.00000000	     -4.16637033	     28.50424977	     -7.22867054	      2.71383296	      0.03863433	     -1.23831496	      0.00000000	      0.00000000	      0.00000000	     -2.15138811	     12.89907968	     -4.61773005	      1.18709125	     -0.00349673	     -0.53381943	      0.00000000	      0.00000000	      0.00000000	     -1.41259122	      8.26199113	     -3.12125955	      0.77365446	     -0.00788311	     -0.35248047	      0.00000000	      0.00000000	      0.00000000	     -0.65716245	      3.56422642	     -1.58600142	      0.11234618	      0.00039706	     -0.04603263	      0.00000000	      0.00000000	      0.00000000
      1.54000000	     -0.00000000	      0.00000000	     -0.00000000	      0.00000000	     -0.00000000	     -0.00000000	      0.00000000	      0.00000000	      0.00000000	   -295.07890908	  -1792.25555929	    683.76522440	     -0.04697641	     -0.01676858	      0.03339740	      0.00000000	      0.00000000	      0.00000000	   -168.99923615	  -1407.63049159	     15.96712966	     -5.46870254	      0.15554513	     -9.40417234	     -0.00824526	     -0.00360284	     -0.00125501	    153.99454038	     -8.04233554	    -36.92311946	     -2.19333575	      0.97103206	     -3.43219767	      0.00000000	      0.00000000	      0.00000000	    -33.18244607	  -1432.65745151	     40.30731254	      9.20900006	     -3.85085736	      0.33029672	      0.00000000	      0.00000000	      0.00000000	    -33.08309425	  -1433.85420521	     40.50463248	      1.78624654	     -5.80757046	    -75.03249232	      0.00000000	      0.00000000	      0.00000000	     49.99168350	     -5.31353655	      5.73096900	      0.00721706	     -0.16614597	      0.08814376	      0.00000000	      0.00000000	      0.00000000	     11.97353642	     83.42487546	      8.48799566	     -0.00000000	      0.00000000	      0.00000000	      0.00000000	      0.00000000	      0.00000000	     -8.64901149	     44.89350529	     -0.51993007	      0.45193994	      0.13402703	      0.05676179	     -0.00824526	     -0.00360284	      0.00125501	     -0.56558089	      0.45215406	     -0.01068602	     -0.00027413	      0.00008431	      0.01534938	      0.00000000	      0.00000000	      0.00000000	     -0.75165951	     14.38403407	     -0.33278851	      0.05870929	     -0.00400167	     -0.00558551	      0.00000000	      0.00000000	      0.00000000	     -1.12211421	     12.79316282	     -0.28377174	     -0.02784614	      0.00154607	      0.83917433	      0.00000000	      0.00000000	      0.00000000	     -1.51489944	     -0.24804884	      0.04607185	      0.00531341	     -0.02693665	     -0.10231396	      0.00000000	      0.00000000	      0.00000000	    -23.52748104	    240.00348317	    -36.90048473	      0.00000000	      0.00000000	     -0.00000000	      0.00000000	      0.00000000	      0.00000000	     -2.15178228	     22.56277022	     -7.34170917	      2.56983290	      0.01223768	     -0.58025448	      0.00000000	      0.00000000	      0.00000000	     -1.01158161	     10.14875104	     -4.68644524	      0.85945687	     -0.05254319	     -0.27234755	      0.00000000	      0.00000000	      0.00000000	     -0.64362090	      6.41872970	     -3.16761511	      0.72180742	     -0.01743578	     -0.16693475	      0.00000000	      0.00000000	      0.00000000	     -0.28284087	      2.74501620	     -1.60915357	      0.11397866	      0.00040223	     -0.01948369	      0.00000000	      0.00000000	      0.00000000	     -3.16121377	     29.33973917	     -7.31132210	      2.74738875	      0.03242289	     -0.85851547	      0.00000000	      0.00000000	      0.00000000	     -1.47797733	     13.27996836	     -4.67240526	      1.20451500	     -0.01502881	     -0.38904136	      0.00000000	      0.00000000	      0.00000000	     -0.95386353	      8.50158989	     -3.15827583	      0.78347532	     -0.01041263	     -0.24330789	      0.00000000	      0.00000000	      0.00000000	     -0.41992574	      3.66535591	     -1.60502688	      0.11369766	      0.00040223	     -0.02881848	      0.00000000	      0.00000000	      0.00000000
      1.55000000	     -0.00000000	      0.00000000	     -0.00000000	     -0.00000000	     -0.00000000	     -0.00000000	      0.00000000	      0.00000000	      0.00000000	   -315.34975109	  -1904.09900602	    726.17081252	     -0.05388700	     -0.02216199	      0.03965837	      0.00000000	      0.00000000	      0.00000000	   -177.74267849	  -1442.06149488	     20.35250387	     -6.05205649	     -0.30678014	     -9.64818307	     -0.00824526	     -0.00360284	     -0.00125501	    143.63969893	     -6.92447400	    -34.78747466	     -2.04767781	      0.89371440	     -3.24373268	      0.00000000	      0.00000000	      0.00000000	    -48.75680122	  -1484.66347905	     42.16835148	      9.64718275	     -4.40391551	      0.28630841	      0.00000000	      0.00000000	      0.00000000	    -48.57205600	  -1485.87356216	     42.38186105	      1.97688276	     -6.35314704	    -77.15677061	      0.00000000	      0.00000000	      0.00000000	     50.04499461	     -4.29602314	      5.95782435	      0.01613687	     -0.20970801	      0.16972419	      0.00000000	      0.00000000	      0.00000000	     11.36684339	     87.57612492	      7.57596054	     -0.00000000	      0.00000000	     -0.00000000	      0.00000000	      0.00000000	      0.00000000	     -7.64567899	     45.56766834	     -0.60707694	      0.38770175	      0.10831339	      0.07235106	     -0.00824526	     -0.00360284	      0.00125501	     -0.44493680	      0.51461673	     -0.01109003	     -0.00028481	      0.00006318	      0.01203794	      0.00000000	      0.00000000	      0.00000000	     -0.95678639	     13.90765593	     -0.15663399	      0.05224702	     -0.01975577	     -0.00209241	      0.00000000	      0.00000000	      0.00000000	     -1.28992040	     12.37205646	     -0.11533745	     -0.02306316	     -0.02332380	      0.82426605	      0.00000000	      0.00000000	      0.00000000	     -1.46673211	     -0.22779206	      0.08257161	      0.00538933	     -0.02734576	     -0.09769013	      0.00000000	      0.00000000	      0.00000000	    -19.29624378	    247.34872643	    -36.13659334	      0.00000000	      0.00000000	     -0.00000000	      0.00000000	      0.00000000	      0.00000000	     -1.20969538	     23.52978638	     -7.18786405	      2.51130326	      0.01789305	     -0.22265328	      0.00000000	      0.00000000	      0.00000000	     -0.37749425	     10.58950447	     -4.58929306	      0.83211417	     -0.04131685	     -0.13648953	      0.00000000	      0.00000000	      0.00000000	     -0.21154807	      6.69704347	     -3.10200941	      0.70515296	     -0.01491100	     -0.06422728	      0.00000000	      0.00000000	      0.00000000	     -0.05910165	      2.86301777	     -1.57595107	      0.11162852	      0.00039379	     -0.00323550	      0.00000000	      0.00000000	      0.00000000	     -2.19808581	     30.15753730	     -7.16528750	      2.69737665	      0.02584846	     -0.49512864	      0.00000000	      0.00000000	      0.00000000	     -0.83416822	     13.65177738	     -4.57886183	      1.18975900	     -0.02488532	     -0.25072253	      0.00000000	      0.00000000	      0.00000000	     -0.51532386	      8.73404241	     -3.09507064	      0.76948709	     -0.01237307	     -0.13899806	      0.00000000	      0.00000000	      0.00000000	     -0.19332906	      3.76309307	     -1.57288508	      0.11141974	      0.00039379	     -0.01237571	      0.00000000	      0.00000000	      0.00000000
      1.56000000	     -0.00000000	      0.00000000	     -0.00000000	      0.00000000	     -0.00000000	      0.00000000	      0.00000000	      0.00000000	      0.00000000	   -351.08670769	  -2034.89582489	    779.04296771	     -0.05771142	     -0.02684758	      0.04428133	      0.00000000	      0.00000000	      0.00000000	   -185.47042525	  -1478.14201716	     25.08133064	     -6.69430229	     -0.60264140	     -9.82751275	     -0.00824526	     -0.00360284	     -0.00125501	    134.08230786	     -6.28320303	    -31.97411036	     -1.88657018	      0.81297116	     -3.05657155	      0.00000000	      0.00000000	      0.00000000	    -70.81105666	  -1546.05518146	     43.74154598	     10.27003663	     -4.96833388	      0.25931780	      0.00000000	      0.00000000	      0.00000000	    -70.49995036	  -1547.27269059	     43.95697120	      2.27773046	     -6.85748081	    -79.47103485	      0.00000000	      0.00000000	      0.00000000	     50.75526176	     -3.09292391	      6.08749980	      0.02796255	     -0.24651472	      0.26916136	      0.00000000	      0.00000000	      0.00000000	      9.11888791	     91.79452546	      6.81029821	      0.00000000	     -0.00000000	     -0.00000000	      0.00000000	      0.00000000	      0.00000000	     -6.44631071	     45.53303258	     -0.70811377	      0.37894203	      0.09058701	      0.07888757	     -0.00824526	     -0.00360284	      0.00125501	     -0.30978340	      0.54700624	     -0.00730625	     -0.00018489	      0.00004459	      0.00841573	      0.00000000	      0.00000000	      0.00000000	     -1.09062222	     13.18281817	     -0.12587082	      0.04905779	     -0.02357115	     -0.00107224	      0.00000000	      0.00000000	      0.00000000	     -1.38498203	     11.72760075	     -0.08570256	     -0.02108166	     -0.02824996	      0.78984770	      0.00000000	      0.00000000	      0.00000000	     -1.38951091	     -0.21248358	      0.08966653	      0.00548823	     -0.02598175	     -0.09201079	      0.00000000	      0.00000000	      0.00000000	    -10.48557342	    258.70802507	    -36.09064586	     -0.00000000	      0.00000000	      0.00000000	      0.00000000	      0.00000000	      0.00000000	      0.73618190	     24.96692172	     -7.17897708	      2.50339017	      0.03029447	      0.51009870	      0.00000000	      0.00000000	      0.00000000	      0.92110124	     11.24677180	     -4.58448801	      0.82153839	     -0.01990392	      0.14300292	      0.00000000	      0.00000000	      0.00000000	      0.67260415	      7.10929549	     -3.09881551	      0.70269630	     -0.01035913	      0.14622326	      0.00000000	      0.00000000	      0.00000000	      0.39751232	      3.03677822	     -1.57442932	      0.11152184	      0.00039383	      0.02988704	      0.00000000	      0.00000000	      0.00000000	     -0.24961710	     31.57485038	     -7.16064464	      2.70069782	      0.01340399	      0.23833325	      0.00000000	      0.00000000	      0.00000000	      0.46562462	     14.29988608	     -4.57601773	      1.19858463	     -0.04625663	      0.02907814	      0.00000000	      0.00000000	      0.00000000	      0.36962483	      9.14020218	     -3.09318115	      0.77074090	     -0.01690508	      0.07165171	      0.00000000	      0.00000000	      0.00000000	      0.26363685	      3.93416158	     -1.57193970	      0.11135230	      0.00039383	      0.02077079	      0.00000000	      0.00000000	      0.00000000
      1.57000000	      0.00000000	     -0.00000000	     -0.00000000	     -0.00000000	     -0.00000000	      0.00000000	      0.00000000	      0.00000000	      0.00000000	   -385.40177501	  -2177.97824918	    834.24285449	     -0.05874366	     -0.03291458	      0.04795378	      0.00000000	      0.00000000	      0.00000000	   -196.25226050	  -1513.05403737	     30.07546485	     -7.79221685	     -1.00475036	    -10.06289486	     -0.00824526	     -0.00360284	     -0.00125501	    123.74121830	     -5.43090501	    -29.10348171	     -1.71518440	      0.73027041	     -2.86585367	      0.00000000	      0.00000000	      0.00000000	    -92.32194186	  -1623.24437057	     45.56443465	     10.65951927	     -5.55565836	      0.20037942	      0.00000000	      0.00000000	      0.00000000	    -91.95612639	  -1624.45770425	     45.78817071	      2.25356106	     -7.39634029	    -82.66429952	      0.00000000	      0.00000000	      0.00000000	     52.06160064	     -2.89379741	      6.46606113	      0.02807572	     -0.29345410	      0.31037730	      0.00000000	      0.00000000	      0.00000000	      6.85045846	     97.75243450	      6.13459384	      0.00000000	      0.00000000	      0.00000000	      0.00000000	      0.00000000	      0.00000000	     -5.29856492	     45.90513143	     -0.86552882	      0.52478175	      0.10130599	      0.06590051	     -0.00824526	     -0.00360284	      0.00125501	     -0.18314165	      0.58404262	      0.01756062	      0.00046966	     -0.00000895	      0.00503007	      0.00000000	      0.00000000	      0.00000000	     -1.20220260	     12.50759728	     -0.44556605	      0.05350965	      0.00246326	     -0.00617686	      0.00000000	      0.00000000	      0.00000000	     -1.43845939	     11.11564788	     -0.38850608	     -0.02804218	      0.01454492	      0.74996307	      0.00000000	      0.00000000	      0.00000000	     -1.23822206	     -0.23463439	      0.03165853	      0.00617810	     -0.02068805	     -0.08927497	      0.00000000	      0.00000000	      0.00000000	     -2.16801320	    270.37605992	    -34.64400004	     -0.00000000	     -0.00000000	     -0.00000000	      0.00000000	      0.00000000	      0.00000000	      2.56640754	     26.53227234	     -6.88487449	      2.39164175	      0.04123032	      1.20187438	      0.00000000	      0.00000000	      0.00000000	      2.14772910	     11.95863697	     -4.39642807	      0.77061894	      0.00180343	      0.40655029	      0.00000000	      0.00000000	      0.00000000	      1.50791122	      7.55756940	     -2.97162993	      0.67073286	     -0.00547772	      0.34496546	      0.00000000	      0.00000000	      0.00000000	      0.82942707	      3.22586248	     -1.50977169	      0.10694251	      0.00037857	      0.06123122	      0.00000000	      0.00000000	      0.00000000	      1.62036168	     32.89211891	     -6.87359258	      2.60099857	      0.00070870	      0.94110179	      0.00000000	      0.00000000	      0.00000000	      1.71061995	     14.89712789	     -4.39121540	      1.16735631	     -0.06525990	      0.29715402	      0.00000000	      0.00000000	      0.00000000	      1.21714978	      9.51222957	     -2.96816250	      0.74267217	     -0.02067047	      0.27337704	      0.00000000	      0.00000000	      0.00000000	      0.70095023	      4.08955529	     -1.50823956	      0.10683818	      0.00037857	      0.05248259	      0.00000000	      0.00000000	      0.00000000
      1.58000000	     -0.00000000	      0.00000000	     -0.00000000	      0.00000000	      0.00000000	     -0.00000000	      0.00000000	      0.00000000	      0.00000000	   -430.56093391	  -2325.34530279	    892.40579595	     -0.05856511	     -0.03979322	      0.05096655	      0.00000000	      0.00000000	      0.00000000	   -205.82189929	  -1544.98195050	     34.89078460	     -8.83357606	     -1.25630205	    -10.20463920	     -0.00824526	     -0.00360284	     -0.00125501	    113.59645100	     -4.96804373	    -25.73184081	     -1.53257962	      0.64382637	     -2.66039567	      0.00000000	      0.00000000	      0.00000000	   -121.06777990	  -1716.46848827	     46.01537706	     11.06337687	     -6.13596267	      0.14150136	      0.00000000	      0.00000000	      0.00000000	   -120.67460730	  -1717.63750845	     46.22012536	      2.06921882	     -7.81614164	    -86.34767455	      0.00000000	      0.00000000	      0.00000000	     53.71646603	     -3.83265816	      6.50126860	      0.01024186	     -0.32621533	      0.28675678	      0.00000000	      0.00000000	      0.00000000	      2.84471543	    102.10818780	      4.35116140	      0.00000000	     -0.00000000	      0.00000000	      0.00000000	      0.00000000	      0.00000000	     -3.81635628	     44.20422934	     -0.69369827	      0.34208479	      0.03470233	      0.09703908	     -0.00824526	     -0.00360284	      0.00125501	     -0.10720776	      0.61200317	      0.00279272	      0.00007910	      0.00001311	      0.00329060	      0.00000000	      0.00000000	      0.00000000	     -1.30372296	     11.29934119	     -0.05524446	      0.04202942	     -0.03983944	      0.00257296	      0.00000000	      0.00000000	      0.00000000	     -1.49463204	     10.05031866	     -0.01115294	     -0.01571360	     -0.04599364	      0.69451672	      0.00000000	      0.00000000	      0.00000000	     -1.13027563	     -0.18854609	      0.12796506	      0.00565286	     -0.02291947	     -0.07836608	      0.00000000	      0.00000000	      0.00000000	      9.54936262	    288.79264214	    -33.96680640	     -0.00000000	     -0.00000000	      0.00000000	      0.00000000	      0.00000000	      0.00000000	      5.17414276	     28.87469604	     -6.75702992	      2.33748187	      0.05763028	      2.18834445	      0.00000000	      0.00000000	      0.00000000	      3.89648256	     13.03032462	     -4.31559315	      0.73755262	      0.03126068	      0.78200962	      0.00000000	      0.00000000	      0.00000000	      2.69933362	      8.23249426	     -2.91709098	      0.65501310	      0.00089706	      0.62835119	      0.00000000	      0.00000000	      0.00000000	      1.44575373	      3.51184019	     -1.48216203	      0.10498692	      0.00037147	      0.10596460	      0.00000000	      0.00000000	      0.00000000	      4.24802856	     35.08555913	     -6.74233069	      2.56186810	     -0.01649087	      1.93303844	      0.00000000	      0.00000000	      0.00000000	      3.46858259	     15.89997951	     -4.30880155	      1.16429385	     -0.09356191	      0.67497164	      0.00000000	      0.00000000	      0.00000000	      2.41469805	     10.14136526	     -2.91257326	      0.73220635	     -0.02656710	      0.55829061	      0.00000000	      0.00000000	      0.00000000	      1.31998368	      4.35530045	     -1.48016582	      0.10485099	      0.00037147	      0.09740029	      0.00000000	      0.00000000	      0.00000000
      1.59000000	      0.00000000	      0.00000000	      0.00000000	     -0.00000000	     -0.00000000	      0.00000000	      0.00000000	      0.00000000	      0.00000000	   -480.54023788	  -2467.15370473	    946.70567936	     -0.05840590	     -0.04693127	      0.05384956	      0.00000000	      0.00000000	      0.00000000	   -215.69538960	  -1572.36446368	     39.67253338	     -9.90709851	     -1.40021329	    -10.29358057	     -0.00824526	     -0.00360284	     -0.00125501	    103.91202557	     -4.66905130	    -22.25896531	     -1.35117443	      0.55964139	     -2.45620808	      0.00000000	      0.00000000	      0.00000000	   -155.56878335	  -1826.36679907	     46.12113339	     11.66145791	     -6.71308523	      0.10224501	      0.00000000	      0.00000000	      0.00000000	   -155.24873336	  -1827.47393908	     46.28093000	      1.95340923	     -8.17617034	    -90.61917102	      0.00000000	      0.00000000	      0.00000000	     55.80992050	     -5.20314544	      6.54702160	     -0.01446935	     -0.36995926	      0.23986125	      0.00000000	      0.00000000	      0.00000000	     -2.00868698	    108.44474228	      2.90152439	     -0.00000000	     -0.00000000	     -0.00000000	      0.00000000	      0.00000000	      0.00000000	     -2.50577130	     43.86873601	     -0.59516267	      0.31546422	      0.00264485	      0.11027146	     -0.00824526	     -0.00360284	      0.00125501	     -0.03870262	      0.65037780	      0.00625786	      0.00016797	      0.00000735	      0.00169379	      0.00000000	      0.00000000	      0.00000000	     -1.36499165	     10.51952220	     -0.01391607	      0.03898972	     -0.05153781	      0.00497815	      0.00000000	      0.00000000	      0.00000000	     -1.50424585	      9.35357472	      0.03476830	     -0.01304983	     -0.05837820	      0.65394220	      0.00000000	      0.00000000	      0.00000000	     -0.98471025	     -0.18757605	      0.15756098	      0.00590239	     -0.02174730	     -0.07323760	      0.00000000	      0.00000000	      0.00000000	     24.26164945	    308.24841364	    -33.44525990	     -0.00000000	     -0.00000000	      0.00000000	      0.00000000	      0.00000000	      0.00000000	      8.42373801	     31.34340927	     -6.65166131	      2.29066723	      0.07812041	      3.41296344	      0.00000000	      0.00000000	      0.00000000	      6.06709080	     14.15432705	     -4.24790717	      0.70658485	      0.06754037	      1.24907838	      0.00000000	      0.00000000	      0.00000000	      4.17721236	      8.93740268	     -2.87126902	      0.64121643	      0.00869964	      0.98011957	      0.00000000	      0.00000000	      0.00000000	      2.20916567	      3.80826946	     -1.45881742	      0.10333308	      0.00036811	      0.16134685	      0.00000000	      0.00000000	      0.00000000	      7.51544057	     37.46680455	     -6.63834857	      2.53234163	     -0.03759951	      3.16262774	      0.00000000	      0.00000000	      0.00000000	      5.64742285	     16.98356848	     -4.24175618	      1.16556301	     -0.12887715	      1.14398539	      0.00000000	      0.00000000	      0.00000000	      3.89805266	     10.81939098	     -2.86717743	      0.72427567	     -0.03396256	      0.91136500	      0.00000000	      0.00000000	      0.00000000	      2.08581521	      4.63985124	     -1.45700950	      0.10320997	      0.00036811	      0.15294730	      0.00000000	      0.00000000	      0.00000000
      1.60000000	      0.00000000	     -0.00000000	     -0.00000000	     -0.00000000	     -0.00000000	      0.00000000	      0.00000000	      0.00000000	      0.00000000	   -538.28091435	  -2608.65617950	    996.13105061	     -0.05879855	     -0.05280688	      0.05728163	      0.00000000	      0.00000000	      0.00000000	   -226.38151147	  -1607.06541376	     43.33179579	    -11.05407200	     -1.41615501	    -10.41788173	     -0.00824526	     -0.00360284	     -0.00125501	     96.67349331	     -4.61127279	    -19.47253132	     -1.21375935	      0.49115396	     -2.29347914	      0.00000000	      0.00000000	      0.00000000	   -196.48368374	  -1957.46129295	     45.54504837	     12.12663270	     -7.26928598	      0.05190425	      0.00000000	      0.00000000	      0.00000000	   -196.26480622	  -1958.49823650	     45.66141477	      1.53149856	     -8.44198182	    -95.71858684	      0.00000000	      0.00000000	      0.00000000	     58.08158793	     -7.20625031	      6.35710105	     -0.05130143	     -0.41498417	      0.15971934	      0.00000000	      0.00000000	      0.00000000	     -7.84701386	    114.83561037	      1.47738383	     -0.00000000	     -0.00000000	     -0.00000000	      0.00000000	      0.00000000	      0.00000000	     -1.17162841	     43.41467653	     -0.40313071	      0.16483658	     -0.05329266	      0.13834312	     -0.00824526	     -0.00360284	      0.00125501	      0.00311218	      0.69247354	     -0.00845300	     -0.00022101	      0.00004110	      0.00092508	      0.00000000	      0.00000000	      0.00000000	     -1.46408445	      9.78889681	      0.30728607	      0.03065624	     -0.08776847	      0.01231128	      0.00000000	      0.00000000	      0.00000000	     -1.56123779	      8.70907166	      0.34707889	     -0.00316742	     -0.10971122	      0.62329538	      0.00000000	      0.00000000	      0.00000000	     -0.88469045	     -0.16355373	      0.24296045	      0.00560168	     -0.02376470	     -0.06674319	      0.00000000	      0.00000000	      0.00000000	     41.30063621	    331.98795344	    -33.97718487	     -0.00000000	      0.00000000	      0.00000000	      0.00000000	      0.00000000	      0.00000000	     12.20948116	     34.25695264	     -6.76072210	      2.31984827	      0.10263888	      4.83974043	      0.00000000	      0.00000000	      0.00000000	      8.59570283	     15.48641696	     -4.31769709	      0.70220141	      0.10862108	      1.79306398	      0.00000000	      0.00000000	      0.00000000	      5.89915003	      9.77268148	     -2.91843476	      0.64886995	      0.01732614	      1.38992795	      0.00000000	      0.00000000	      0.00000000	      3.09872822	      4.16050754	     -1.48278208	      0.10503034	      0.00037690	      0.22588095	      0.00000000	      0.00000000	      0.00000000	     11.29197976	     40.46830044	     -6.74566114	      2.58181804	     -0.06144312	      4.58691549	      0.00000000	      0.00000000	      0.00000000	      8.17178230	     18.35629580	     -4.31073835	      1.20046738	     -0.17098843	      1.68681364	      0.00000000	      0.00000000	      0.00000000	      5.61716156	     11.68170145	     -2.91380586	      0.73893138	     -0.04300067	      1.32044283	      0.00000000	      0.00000000	      0.00000000	      2.97412783	      5.00403362	     -1.48073674	      0.10489106	      0.00037690	      0.21739629	      0.00000000	      0.00000000	      0.00000000
      1.61000000	     -0.00000000	      0.00000000	     -0.00000000	      0.00000000	      0.00000000	     -0.00000000	      0.00000000	      0.00000000	      0.00000000	   -609.15125431	  -2764.55225437	   1041.40585298	     -0.05963599	     -0.05573026	      0.06170369	      0.00000000	      0.00000000	      0.00000000	   -239.23296735	  -1663.80077104	     45.69027316	    -11.97759153	     -1.20367786	    -10.66600019	     -0.00824526	     -0.00360284	     -0.00125501	     95.28635098	     -4.90628783	    -18.11677948	     -1.16113863	      0.46034300	     -2.25819931	      0.00000000	      0.00000000	      0.00000000	   -244.40443931	  -2105.55861664	     43.97379801	     12.67135759	     -7.75529696	      0.02248043	      0.00000000	      0.00000000	      0.00000000	   -244.29311695	  -2106.52234735	     44.02358250	      1.02981686	     -8.54142385	   -101.36855538	      0.00000000	      0.00000000	      0.00000000	     60.43017531	     -9.54486361	      6.04719737	     -0.09663652	     -0.46874155	      0.06751402	      0.00000000	      0.00000000	      0.00000000	    -14.41202460	    122.18521800	      0.69862610	     -0.00000000	     -0.00000000	     -0.00000000	      0.00000000	      0.00000000	      0.00000000	      0.05428653	     44.03834871	     -0.32718356	      0.11559111	     -0.09218842	      0.15844281	     -0.00824526	     -0.00360284	      0.00125501	      0.04675284	      0.73441228	     -0.01411854	     -0.00037165	      0.00006040	      0.00003629	      0.00000000	      0.00000000	      0.00000000	     -1.56046939	      9.46312551	      0.43882179	      0.02697907	     -0.11030032	      0.01671029	      0.00000000	      0.00000000	      0.00000000	     -1.61542180	      8.41826981	      0.48212828	      0.00085833	     -0.13789876	      0.61171039	      0.00000000	      0.00000000	      0.00000000	     -0.78289491	     -0.16593346	      0.30153568	      0.00572729	     -0.02471286	     -0.06446272	      0.00000000	      0.00000000	      0.00000000	     61.13392023	    357.56368986	    -35.64300038	     -0.00000000	     -0.00000000	      0.00000000	      0.00000000	      0.00000000	      0.00000000	     16.61748025	     37.29647844	     -7.08954609	      2.42790395	      0.13162394	      6.49675766	      0.00000000	      0.00000000	      0.00000000	     11.53161255	     16.86878404	     -4.52728329	      0.72728909	      0.15525878	      2.42547136	      0.00000000	      0.00000000	      0.00000000	      7.89772046	     10.63547002	     -3.06004619	      0.67876061	      0.02692384	      1.86574003	      0.00000000	      0.00000000	      0.00000000	      4.13016206	      4.52166867	     -1.55467678	      0.11012271	      0.00039579	      0.30068596	      0.00000000	      0.00000000	      0.00000000	     15.65526689	     43.82316716	     -7.07494875	      2.71225125	     -0.08841294	      6.23163516	      0.00000000	      0.00000000	      0.00000000	     11.08703339	     19.88436237	     -4.52053876	      1.26790849	     -0.22065083	      2.31399807	      0.00000000	      0.00000000	      0.00000000	      7.60199003	     12.64140810	     -3.05555978	      0.77645638	     -0.05384213	      1.79285221	      0.00000000	      0.00000000	      0.00000000	      3.99948961	      5.40801932	     -1.55269440	      0.10998772	      0.00039579	      0.29178782	      0.00000000	      0.00000000	      0.00000000
      1.62000000	      0.00000000	     -0.00000000	      0.00000000	     -0.00000000	     -0.00000000	      0.00000000	      0.00000000	      0.00000000	      0.00000000	   -685.41159704	  -2936.90547140	   1080.21994817	     -0.06010988	     -0.05420567	      0.06590705	      0.00000000	      0.00000000	      0.00000000	   -255.12980123	  -1748.87525838	     46.51249608	    -12.58733157	     -0.78596842	    -11.09130486	     -0.00824526	     -0.00360284	     -0.00125501	    101.15875550	     -5.66016040	    -18.13481577	     -1.19374261	      0.47330586	     -2.39074279	      0.00000000	      0.00000000	      0.00000000	   -295.81408096	  -2266.93578606	     42.15046583	     13.37666610	     -8.16144886	      0.02418381	      0.00000000	      0.00000000	      0.00000000	   -295.79627135	  -2267.84219927	     42.14118552	      0.59123659	     -8.52053109	   -107.54274659	      0.00000000	      0.00000000	      0.00000000	     62.69067665	    -11.52472849	      5.88022916	     -0.13962836	     -0.54554609	      0.00457993	      0.00000000	      0.00000000	      0.00000000	    -20.95185743	    129.35901943	     -0.08641260	     -0.00000000	     -0.00000000	      0.00000000	      0.00000000	      0.00000000	      0.00000000	      1.20497510	     44.93827954	     -0.21834578	      0.02624449	     -0.13605626	      0.18304143	     -0.00824526	     -0.00360284	      0.00125501	      0.08353448	      0.77450672	     -0.02513445	     -0.00066264	      0.00009148	     -0.00068566	      0.00000000	      0.00000000	      0.00000000	     -1.71147564	      9.31370325	      0.66861686	      0.02099095	     -0.14083046	      0.02277871	      0.00000000	      0.00000000	      0.00000000	     -1.72649677	      8.28672713	      0.71107897	      0.00655362	     -0.17961043	      0.61418355	      0.00000000	      0.00000000	      0.00000000	     -0.70713233	     -0.16390367	      0.38077320	      0.00559693	     -0.02699537	     -0.06285509	      0.00000000	      0.00000000	      0.00000000	     80.86756289	    383.77178044	    -37.72649404	      0.00000000	      0.00000000	      0.00000000	      0.00000000	      0.00000000	      0.00000000	     21.01570748	     40.37320864	     -7.50864793	      2.56822869	      0.16080662	      8.15051060	      0.00000000	      0.00000000	      0.00000000	     14.46178750	     18.26883198	     -4.79412525	      0.76442623	      0.20134944	      3.05654214	      0.00000000	      0.00000000	      0.00000000	      9.89255504	     11.50931252	     -3.24037693	      0.71774388	      0.03632509	      2.34063201	      0.00000000	      0.00000000	      0.00000000	      5.15978218	      4.88771760	     -1.64619931	      0.11660386	      0.00041968	      0.37535760	      0.00000000	      0.00000000	      0.00000000	     19.99852811	     47.28081454	     -7.48439315	      2.87257677	     -0.11506324	      7.87025791	      0.00000000	      0.00000000	      0.00000000	     13.99181196	     21.46040854	     -4.78291862	      1.34746195	     -0.27057197	      2.93867215	      0.00000000	      0.00000000	      0.00000000	      9.57993115	     13.63232318	     -3.23292237	      0.82258266	     -0.06481693	      2.26356994	      0.00000000	      0.00000000	      0.00000000	      5.02164512	      5.82579834	     -1.64290541	      0.11637956	      0.00041968	      0.36595116	      0.00000000	      0.00000000	      0.00000000
      1.63000000	     -0.00000000	     -0.00000000	      0.00000000	      0.00000000	      0.00000000	     -0.00000000	      0.00000000	      0.00000000	      0.00000000	   -756.20581872	  -3103.72646625	   1109.18968671	     -0.06024374	     -0.05091901	      0.06889478	      0.00000000	      0.00000000	      0.00000000	   -272.60830353	  -1849.24222064	     45.70039636	    -12.91463059	     -0.12387081	    -11.58038972	     -0.00824526	     -0.00360284	     -0.00125501	    112.25919584	     -7.06109666	    -18.33900243	     -1.26296357	      0.50302395	     -2.63118165	      0.00000000	      0.00000000	      0.00000000	   -349.34564204	  -2439.67163052	     40.11094299	     14.25772074	     -8.45509718	      0.06367791	      0.00000000	      0.00000000	      0.00000000	   -349.35609799	  -2440.53201598	     40.06622621	      0.24676480	     -8.35979542	   -114.21048024	      0.00000000	      0.00000000	      0.00000000	     65.17965718	    -12.77697516	      5.82818043	     -0.17380391	     -0.63997935	     -0.00654626	      0.00000000	      0.00000000	      0.00000000	    -27.64060650	    135.77064353	     -0.43352423	      0.00000000	     -0.00000000	      0.00000000	      0.00000000	      0.00000000	      0.00000000	      2.28047728	     45.91881274	     -0.14606602	     -0.07343552	     -0.18080700	      0.20846107	     -0.00824526	     -0.00360284	      0.00125501	      0.11071439	      0.81228586	     -0.03936856	     -0.00103726	      0.00013054	     -0.00114429	      0.00000000	      0.00000000	      0.00000000	     -1.95037408	      9.28408945	      0.93199111	      0.01614418	     -0.17321518	      0.02905433	      0.00000000	      0.00000000	      0.00000000	     -1.93820317	      8.26702618	      0.97004622	      0.01386447	     -0.22558690	      0.62862518	      0.00000000	      0.00000000	      0.00000000	     -0.70573208	     -0.14592250	      0.46047778	      0.00558288	     -0.03047923	     -0.06086259	      0.00000000	      0.00000000	      0.00000000	    101.22000426	    410.22983269	    -40.82851542	     -0.00000000	     -0.00000000	     -0.00000000	      0.00000000	      0.00000000	      0.00000000	     25.55460043	     43.40333323	     -8.11973155	      2.77843057	      0.19139568	      9.85541519	      0.00000000	      0.00000000	      0.00000000	     17.48201471	     19.65181848	     -5.18454511	      0.82848922	      0.24793192	      3.70731192	      0.00000000	      0.00000000	      0.00000000	     11.94856512	     12.37112493	     -3.50420746	      0.77655705	      0.04565372	      2.83014431	      0.00000000	      0.00000000	      0.00000000	      6.22060127	      5.24878372	     -1.78024445	      0.12609982	      0.00045632	      0.45228949	      0.00000000	      0.00000000	      0.00000000	     24.45692230	     50.88911549	     -8.10301698	      3.10820217	     -0.14188140	      9.55304128	      0.00000000	      0.00000000	      0.00000000	     16.97484568	     23.11053449	     -5.17682234	      1.45638097	     -0.32282884	      3.58000137	      0.00000000	      0.00000000	      0.00000000	     11.61120043	     14.67183458	     -3.49907034	      0.88985630	     -0.07647241	      2.74694245	      0.00000000	      0.00000000	      0.00000000	      6.07153215	      6.26538314	     -1.77797454	      0.12594525	      0.00045632	      0.44213863	      0.00000000	      0.00000000	      0.00000000
      1.64000000	      0.00000000	     -0.00000000	     -0.00000000	     -0.00000000	      0.00000000	      0.00000000	      0.00000000	      0.00000000	      0.00000000	   -810.25285569	  -3248.26243047	   1125.73877822	     -0.06044183	     -0.05328989	      0.07260884	      0.00000000	      0.00000000	      0.00000000	   -290.47229026	  -1951.41523676	     42.88809204	    -12.99647052	      0.73871493	    -12.03877872	     -0.00824526	     -0.00360284	     -0.00125501	    126.54443859	     -9.30428818	    -17.16991916	     -1.30583180	      0.51321314	     -2.92762448	      0.00000000	      0.00000000	      0.00000000	   -395.98428291	  -2620.62291678	     37.71087356	     15.23010203	     -8.54294294	      0.14823963	      0.00000000	      0.00000000	      0.00000000	   -396.06070208	  -2621.46240302	     37.64906987	     -0.07707347	     -8.01988061	   -121.60042824	      0.00000000	      0.00000000	      0.00000000	     69.07843055	    -14.21009108	      5.85657099	     -0.20862843	     -0.74072280	     -0.02229351	      0.00000000	      0.00000000	      0.00000000	    -34.22801583	    141.22300270	      0.06596130	      0.00000000	      0.00000000	      0.00000000	      0.00000000	      0.00000000	      0.00000000	      3.16266024	     47.14349962	     -0.22423838	     -0.10252725	     -0.21513854	      0.22775632	     -0.00824526	     -0.00360284	      0.00125501	      0.14089049	      0.83966556	     -0.04868050	     -0.00128088	      0.00015872	     -0.00177245	      0.00000000	      0.00000000	      0.00000000	     -2.15685557	      9.43261267	      1.08894253	      0.01255383	     -0.19919290	      0.03405647	      0.00000000	      0.00000000	      0.00000000	     -2.12223084	      8.40350048	      1.13114647	      0.01702970	     -0.25983276	      0.65023327	      0.00000000	      0.00000000	      0.00000000	     -0.70786174	     -0.13863338	      0.53114065	      0.00538985	     -0.03378595	     -0.06070986	      0.00000000	      0.00000000	      0.00000000	    122.17607180	    433.55229308	    -45.04907783	      0.00000000	      0.00000000	      0.00000000	      0.00000000	      0.00000000	      0.00000000	     30.20590462	     45.98261248	     -8.95691612	      3.07107006	      0.22318169	     11.59680666	      0.00000000	      0.00000000	      0.00000000	     20.56596269	     20.82764485	     -5.71714389	      0.92620188	      0.29439563	      4.37300606	      0.00000000	      0.00000000	      0.00000000	     14.04704512	     13.09894743	     -3.86401362	      0.85858248	      0.05474690	      3.33003837	      0.00000000	      0.00000000	      0.00000000	      7.30202906	      5.55124392	     -1.96278956	      0.13902778	      0.00050534	      0.53069048	      0.00000000	      0.00000000	      0.00000000	     28.99673698	     54.27076777	     -8.93241109	      3.41933955	     -0.16855470	     11.26379816	      0.00000000	      0.00000000	      0.00000000	     20.00728127	     24.65708771	     -5.70582164	      1.59289123	     -0.37695376	      4.23261472	      0.00000000	      0.00000000	      0.00000000	     13.67541480	     15.64626156	     -3.85648215	      0.97845460	     -0.08871107	      3.23833087	      0.00000000	      0.00000000	      0.00000000	      7.13781922	      6.67680883	     -1.95946168	      0.13880117	      0.00050534	      0.51950861	      0.00000000	      0.00000000	      0.00000000
      1.65000000	      0.00000000	     -0.00000000	     -0.00000000	      0.00000000	     -0.00000000	     -0.00000000	      0.00000000	      0.00000000	      0.00000000	   -842.25001265	  -3370.74930488	   1122.89914312	     -0.06013784	     -0.05729828	      0.07482397	      0.00000000	      0.00000000	      0.00000000	   -305.19804834	  -2051.67714563	     38.69488184	    -12.90853515	      1.66693629	    -12.48247884	     -0.00824526	     -0.00360284	     -0.00125501	    145.92829096	    -13.03956997	    -14.09322474	     -1.32456965	      0.50196577	     -3.29920613	      0.00000000	      0.00000000	      0.00000000	   -451.85213091	  -2789.59677629	     34.18374998	     16.15244161	     -8.71984369	      0.21295000	      0.00000000	      0.00000000	      0.00000000	   -451.93491767	  -2790.45418919	     34.14706015	     -0.42240431	     -7.64439714	   -127.95600494	      0.00000000	      0.00000000	      0.00000000	     73.36210876	    -14.87401021	      6.10902254	     -0.23037678	     -0.85276030	      0.00944173	      0.00000000	      0.00000000	      0.00000000	    -40.50821765	    145.13328671	      0.42100614	     -0.00000000	      0.00000000	      0.00000000	      0.00000000	      0.00000000	      0.00000000	      3.96371539	     48.29076845	     -0.27862399	     -0.12926496	     -0.24552903	      0.24567130	     -0.00824526	     -0.00360284	      0.00125501	      0.17012296	      0.85635490	     -0.05644553	     -0.00148375	      0.00018211	     -0.00242376	      0.00000000	      0.00000000	      0.00000000	     -2.47208645	      9.67776959	      1.23584149	      0.00983896	     -0.22306645	      0.03859073	      0.00000000	      0.00000000	      0.00000000	     -2.41906478	      8.62924006	      1.28143173	      0.02000963	     -0.29238590	      0.68241502	      0.00000000	      0.00000000	      0.00000000	     -0.76154321	     -0.12051294	      0.59644047	      0.00524556	     -0.03770652	     -0.06041304	      0.00000000	      0.00000000	      0.00000000	    140.86645059	    453.27138133	    -48.32840763	      0.00000000	      0.00000000	      0.00000000	      0.00000000	      0.00000000	      0.00000000	     34.35038869	     48.22020548	     -9.62494886	      3.30465098	      0.25122127	     13.14788084	      0.00000000	      0.00000000	      0.00000000	     23.31344868	     21.84307524	     -6.14382938	      1.00353235	      0.33614131	      4.96619471	      0.00000000	      0.00000000	      0.00000000	     15.91646915	     13.72740281	     -4.15260011	      0.92424672	      0.06297713	      3.77538398	      0.00000000	      0.00000000	      0.00000000	      8.26533811	      5.81155679	     -2.10946163	      0.14941487	      0.00053692	      0.60049946	      0.00000000	      0.00000000	      0.00000000	     33.04598746	     57.07425996	     -9.57905871	      3.66414316	     -0.19263254	     12.78848550	      0.00000000	      0.00000000	      0.00000000	     22.71076573	     25.93398505	     -6.12262639	      1.70144778	     -0.42479348	      4.81505615	      0.00000000	      0.00000000	      0.00000000	     15.51556937	     16.44864261	     -4.13849605	      1.04862561	     -0.09946935	      3.67656713	      0.00000000	      0.00000000	      0.00000000	      8.08819516	      7.01397309	     -2.10322956	      0.14899050	      0.00053692	      0.58843691	      0.00000000	      0.00000000	      0.00000000
      1.66000000	     -0.00000000	      0.00000000	      0.00000000	      0.00000000	      0.00000000	     -0.00000000	      0.00000000	      0.00000000	      0.00000000	   -857.83079580	  -3469.76892583	   1112.18245877	     -0.05854573	     -0.05682836	      0.07388922	      0.00000000	      0.00000000	      0.00000000	   -315.24772872	  -2149.83551645	     31.89838294	    -12.48815144	      2.69421204	    -12.88892378	     -0.00824526	     -0.00360284	     -0.00125501	    170.97803905	    -18.04110956	     -9.72950759	     -1.34347538	      0.48511271	     -3.76865859	      0.00000000	      0.00000000	      0.00000000	   -492.92087644	  -2946.73543694	     29.86153484	     16.69914708	     -8.71629119	      0.26839279	      0.00000000	      0.00000000	      0.00000000	   -493.00052581	  -2947.60325450	     29.87860117	     -1.10244848	     -7.14445876	   -134.39219880	      0.00000000	      0.00000000	      0.00000000	     78.24865807	    -15.43899208	      6.38893396	     -0.24614492	     -0.94418048	      0.04564881	      0.00000000	      0.00000000	      0.00000000	    -46.38074155	    146.20292588	      1.40981016	     -0.00000000	     -0.00000000	      0.00000000	      0.00000000	      0.00000000	      0.00000000	      4.62941104	     48.87805005	     -0.43560177	     -0.11803014	     -0.26561980	      0.25680261	     -0.00824526	     -0.00360284	      0.00125501	      0.19768443	      0.85482898	     -0.06182877	     -0.00162329	      0.00019881	     -0.00309978	      0.00000000	      0.00000000	      0.00000000	     -2.77564161	      9.87132479	      1.30467624	      0.00955062	     -0.23734497	      0.04115941	      0.00000000	      0.00000000	      0.00000000	     -2.70895147	      8.80831154	      1.35428236	      0.02171629	     -0.31144577	      0.70962689	      0.00000000	      0.00000000	      0.00000000	     -0.82686271	     -0.10288615	      0.63553007	      0.00527299	     -0.04058022	     -0.05989271	      0.00000000	      0.00000000	      0.00000000	    156.75615524	    468.17651616	    -52.10253671	     -0.00000000	     -0.00000000	     -0.00000000	      0.00000000	      0.00000000	      0.00000000	     37.86067284	     49.82336016	    -10.36750883	      3.56780678	      0.27541824	     14.45831277	      0.00000000	      0.00000000	      0.00000000	     25.63362761	     22.57360205	     -6.61911927	      1.09553491	      0.37046971	      5.46779210	      0.00000000	      0.00000000	      0.00000000	     17.49468893	     14.17617453	     -4.47388057	      0.99843057	      0.06956703	      4.15151119	      0.00000000	      0.00000000	      0.00000000	      9.07782462	      5.99632239	     -2.27281981	      0.16098863	      0.00057819	      0.65938179	      0.00000000	      0.00000000	      0.00000000	     36.45315122	     59.37275310	    -10.33437955	      3.94445792	     -0.21226227	     14.07049670	      0.00000000	      0.00000000	      0.00000000	     24.98329911	     26.98578466	     -6.60381228	      1.82039299	     -0.46602665	      5.30472167	      0.00000000	      0.00000000	      0.00000000	     17.06209572	     17.11112237	     -4.46369849	      1.12827343	     -0.10890446	      4.04488835	      0.00000000	      0.00000000	      0.00000000	      8.88667751	      7.29316846	     -2.26832072	      0.16068226	      0.00057819	      0.64636562	      0.00000000	      0.00000000	      0.00000000
      1.67000000	     -0.00000000	      0.00000000	      0.00000000	     -0.00000000	      0.00000000	      0.00000000	      0.00000000	      0.00000000	      0.00000000	   -853.87545993	  -3525.68388601	   1086.98792402	     -0.05556805	     -0.04730193	      0.06890135	      0.00000000	      0.00000000	      0.00000000	   -319.60705595	  -2234.49220615	     23.42588016	    -11.52887644	      3.79260676	    -13.17919778	     -0.00824526	     -0.00360284	     -0.00125501	    200.63772894	    -24.01160898	     -4.32896599	     -1.36657069	      0.46414901	     -4.33097866	      0.00000000	      0.00000000	      0.00000000	   -521.55185247	  -3074.72701985	     24.94005878	     17.21833081	     -8.57570137	      0.34307327	      0.00000000	      0.00000000	      0.00000000	   -521.66209820	  -3075.63912130	     25.01076515	     -1.64848483	     -6.55446668	   -139.83832850	      0.00000000	      0.00000000	      0.00000000	     82.75977356	    -15.72880280	      6.72780238	     -0.25361728	     -1.01448724	      0.08223814	      0.00000000	      0.00000000	      0.00000000	    -51.63869077	    145.30355569	      2.85516011	      0.00000000	     -0.00000000	      0.00000000	      0.00000000	      0.00000000	      0.00000000	      5.08384525	     49.31284141	     -0.67235322	     -0.09506864	     -0.28024136	      0.26459219	     -0.00824526	     -0.00360284	      0.00125501	      0.22274581	      0.83965997	     -0.06764628	     -0.00177339	      0.00021393	     -0.00379430	      0.00000000	      0.00000000	      0.00000000	     -3.09308330	     10.13393403	      1.37183817	      0.00837699	     -0.25050287	      0.04362386	      0.00000000	      0.00000000	      0.00000000	     -3.02206803	      9.05043446	      1.42549623	      0.02247496	     -0.32982552	      0.74169933	      0.00000000	      0.00000000	      0.00000000	     -0.92695877	     -0.08016485	      0.67332003	      0.00502563	     -0.04402835	     -0.05937239	      0.00000000	      0.00000000	      0.00000000	    170.21754337	    475.81023509	    -56.37019536	      0.00000000	      0.00000000	     -0.00000000	      0.00000000	      0.00000000	      0.00000000	     40.79674150	     50.53624698	    -11.21423959	      3.87057988	      0.29614951	     15.54781069	      0.00000000	      0.00000000	      0.00000000	     27.56161666	     22.90443290	     -7.15824119	      1.20701746	      0.39781992	      5.88599307	      0.00000000	      0.00000000	      0.00000000	     18.80508538	     14.37242698	     -4.83809916	      1.08373922	      0.07458549	      4.46412367	      0.00000000	      0.00000000	      0.00000000	      9.75095759	      6.07443000	     -2.45764540	      0.17407869	      0.00062972	      0.70813768	      0.00000000	      0.00000000	      0.00000000	     39.28000101	     60.89059314	    -11.17619768	      4.25351491	     -0.22780337	     15.13001862	      0.00000000	      0.00000000	      0.00000000	     26.86082488	     27.68853450	     -7.14066438	      1.94625021	     -0.50116062	      5.71004076	      0.00000000	      0.00000000	      0.00000000	     18.33892441	     17.55477231	     -4.82640721	      1.21589209	     -0.11711015	      4.34914370	      0.00000000	      0.00000000	      0.00000000	      9.54497812	      7.48059197	     -2.45247916	      0.17372689	      0.00062972	      0.69411151	      0.00000000	      0.00000000	      0.00000000
      1.68000000	      0.00000000	     -0.00000000	     -0.00000000	      0.00000000	     -0.00000000	      0.00000000	      0.00000000	      0.00000000	      0.00000000	   -827.57737021	  -3537.22960539	   1051.00799878	     -0.05103888	     -0.02862877	      0.06072720	      0.00000000	      0.00000000	      0.00000000	   -314.96633541	  -2299.32387402	     12.59227420	     -9.94265181	      4.82375878	    -13.32186714	     -0.00824526	     -0.00360284	     -0.00125501	    234.84827487	    -30.79717328	      1.84914540	     -1.40655582	      0.44646227	     -4.99834167	      0.00000000	      0.00000000	      0.00000000	   -533.58463892	  -3162.08397631	     19.08473840	     17.51660114	     -8.31281843	      0.41446970	      0.00000000	      0.00000000	      0.00000000	   -533.73829336	  -3163.05092458	     19.19945302	     -2.19399465	     -5.89757446	   -143.90617606	      0.00000000	      0.00000000	      0.00000000	     86.12566926	    -15.31929710	      7.09666624	     -0.24735513	     -1.06027223	      0.13923144	      0.00000000	      0.00000000	      0.00000000	    -56.00658093	    141.21018735	      4.88288795	      0.00000000	     -0.00000000	      0.00000000	      0.00000000	      0.00000000	      0.00000000	      5.32288787	     48.97851996	     -1.01571720	      0.00805364	     -0.27595177	      0.25904014	     -0.00824526	     -0.00360284	      0.00125501	      0.24464397	      0.80567348	     -0.06603279	     -0.00172761	      0.00021091	     -0.00447766	      0.00000000	      0.00000000	      0.00000000	     -3.38215573	     10.28009304	      1.26368511	      0.01133489	     -0.24607539	      0.04251971	      0.00000000	      0.00000000	      0.00000000	     -3.31041332	      9.18716885	      1.32706610	      0.01937525	     -0.32183820	      0.76296747	      0.00000000	      0.00000000	      0.00000000	     -1.02790350	     -0.06050818	      0.66843963	      0.00487938	     -0.04565109	     -0.05859542	      0.00000000	      0.00000000	      0.00000000	    178.79902175	    478.10556221	    -61.28628494	      0.00000000	      0.00000000	     -0.00000000	      0.00000000	      0.00000000	      0.00000000	     42.68271426	     50.49432866	    -12.18452254	      4.22175142	      0.31045494	     16.24148725	      0.00000000	      0.00000000	      0.00000000	     28.78798231	     22.88225409	     -7.77877851	      1.34135956	      0.41294256	      6.15314663	      0.00000000	      0.00000000	      0.00000000	     19.63786720	     14.34581678	     -5.25760908	      1.18316173	      0.07687746	      4.66301775	      0.00000000	      0.00000000	      0.00000000	     10.17733673	      6.05718574	     -2.67091843	      0.18918771	      0.00067907	      0.73898153	      0.00000000	      0.00000000	      0.00000000	     41.02432461	     61.75485617	    -12.15490472	      4.60970191	     -0.23619530	     15.78456591	      0.00000000	      0.00000000	      0.00000000	     28.02174324	     28.08504593	     -7.76509395	      2.08653496	     -0.52524074	      5.96097902	      0.00000000	      0.00000000	      0.00000000	     19.12817123	     17.80667143	     -5.24850622	      1.31675824	     -0.12311196	      4.53737921	      0.00000000	      0.00000000	      0.00000000	      9.95212073	      7.58641079	     -2.66689621	      0.18891382	      0.00067907	      0.72364544	      0.00000000	      0.00000000	      0.00000000
      1.69000000	     -0.00000000	      0.00000000	     -0.00000000	      0.00000000	     -0.00000000	      0.00000000	      0.00000000	      0.00000000	      0.00000000	   -778.95445618	  -3492.68981545	   1000.46459323	     -0.04517813	     -0.00498013	      0.05041063	      0.00000000	      0.00000000	      0.00000000	   -299.66501150	  -2331.31430172	      0.20004151	     -8.05935976	      5.68322177	    -13.25205229	     -0.00824526	     -0.00360284	     -0.00125501	    271.57689153	    -37.99676651	      9.07942382	     -1.44252846	      0.42126869	     -5.75510779	      0.00000000	      0.00000000	      0.00000000	   -519.98008749	  -3203.91596760	     14.19565868	     17.64372547	     -7.93701670	      0.48509309	      0.00000000	      0.00000000	      0.00000000	   -520.16273924	  -3205.03219690	     14.36597872	     -2.56745740	     -5.34428211	   -146.76320972	      0.00000000	      0.00000000	      0.00000000	     88.95190797	    -14.20153626	      7.55702762	     -0.22590898	     -1.08200831	      0.21575837	      0.00000000	      0.00000000	      0.00000000	    -59.94322664	    134.32476078	      8.17281991	     -0.00000000	      0.00000000	     -0.00000000	      0.00000000	      0.00000000	      0.00000000	      5.43905422	     47.72399686	     -1.59390102	      0.28197969	     -0.24557916	      0.23130757	     -0.00824526	     -0.00360284	      0.00125501	      0.26416178	      0.75594526	     -0.04896259	     -0.00127415	      0.00017833	     -0.00512728	      0.00000000	      0.00000000	      0.00000000	     -3.60171830	     10.18849076	      0.81327651	      0.02232932	     -0.21337475	      0.03552858	      0.00000000	      0.00000000	      0.00000000	     -3.52366897	      9.10637532	      0.90315272	      0.00873691	     -0.26786539	      0.76199417	      0.00000000	      0.00000000	      0.00000000	     -1.08452298	     -0.05778629	      0.59858172	      0.00501141	     -0.04394775	     -0.05780622	      0.00000000	      0.00000000	      0.00000000	    183.20556935	    473.51480740	    -66.68593350	     -0.00000000	      0.00000000	     -0.00000000	      0.00000000	      0.00000000	      0.00000000	     43.63466000	     49.57936615	    -13.25138883	      4.61099869	      0.31905225	     16.58179962	      0.00000000	      0.00000000	      0.00000000	     29.38802602	     22.46572518	     -8.46146607	      1.49485113	      0.41725909	      6.28591360	      0.00000000	      0.00000000	      0.00000000	     20.04405998	     14.07130758	     -5.71912070	      1.29356313	      0.07678816	      4.76047193	      0.00000000	      0.00000000	      0.00000000	     10.38310995	      5.93574806	     -2.90556842	      0.20581154	      0.00073685	      0.75381072	      0.00000000	      0.00000000	      0.00000000	     41.82692861	     61.82731653	    -13.23341355	      4.99914299	     -0.23826303	     16.08368271	      0.00000000	      0.00000000	      0.00000000	     28.55278539	     28.12474393	     -8.45316081	      2.23533656	     -0.53945076	      6.07653581	      0.00000000	      0.00000000	      0.00000000	     19.48846473	     17.83564064	     -5.71359610	      1.42685743	     -0.12710452	      4.62355413	      0.00000000	      0.00000000	      0.00000000	     10.13761273	      7.59906911	     -2.90312730	      0.20564531	      0.00073685	      0.73709359	      0.00000000	      0.00000000	      0.00000000
      1.70000000	     -0.00000000	      0.00000000	      0.00000000	      0.00000000	      0.00000000	     -0.00000000	      0.00000000	      0.00000000	      0.00000000	   -716.58705729	  -3389.00122359	    940.90986964	     -0.03799511	      0.02537385	      0.03723413	      0.00000000	      0.00000000	      0.00000000	   -270.31887469	  -2316.86341568	    -13.61038338	     -5.79477914	      6.52524706	    -12.80386513	     -0.00824526	     -0.00360284	     -0.00125501	    311.19036536	    -45.40363746	     17.70998529	     -1.47379443	      0.39051653	     -6.65468609	      0.00000000	      0.00000000	      0.00000000	   -498.19948860	  -3180.19136360	      8.70860366	     17.39709639	     -7.45234533	      0.53517385	      0.00000000	      0.00000000	      0.00000000	   -498.25203203	  -3181.49889429	      8.97691675	     -2.91120026	     -4.70455918	   -146.56107449	      0.00000000	      0.00000000	      0.00000000	     89.87596507	    -11.12646727	      7.86179822	     -0.17249405	     -1.06490135	      0.38467670	      0.00000000	      0.00000000	      0.00000000	    -63.32332060	    125.47817052	     10.89166146	      0.00000000	      0.00000000	     -0.00000000	      0.00000000	      0.00000000	      0.00000000	      5.49483632	     46.14364402	     -2.04563008	      0.44063252	     -0.22089251	      0.20886720	     -0.00824526	     -0.00360284	      0.00125501	      0.27970063	      0.69342480	     -0.04499897	     -0.00116599	      0.00017045	     -0.00573315	      0.00000000	      0.00000000	      0.00000000	     -3.80922528	     10.11755262	      0.57588916	      0.02721011	     -0.19167637	      0.03114862	      0.00000000	      0.00000000	      0.00000000	     -3.73290493	      9.04696046	      0.67676091	      0.00246105	     -0.23611928	      0.76441004	      0.00000000	      0.00000000	      0.00000000	     -1.16153250	     -0.04462560	      0.55154388	      0.00456557	     -0.04332688	     -0.05632124	      0.00000000	      0.00000000	      0.00000000	    184.64958583	    461.69866808	    -71.76822040	     -0.00000000	     -0.00000000	     -0.00000000	      0.00000000	      0.00000000	      0.00000000	     43.89371062	     47.83902962	    -14.26133475	      4.98180427	      0.32299697	     16.65811743	      0.00000000	      0.00000000	      0.00000000	     29.51987744	     21.67569785	     -9.10589549	      1.64547589	      0.41416021	      6.31859599	      0.00000000	      0.00000000	      0.00000000	     20.13084942	     13.56187713	     -6.15466171	      1.39874604	      0.07517772	      4.78206579	      0.00000000	      0.00000000	      0.00000000	     10.42323946	      5.71506078	     -3.12678858	      0.22148073	      0.00079294	      0.75661400	      0.00000000	      0.00000000	      0.00000000	     41.94787331	     61.02601085	    -14.23970533	      5.35977331	     -0.23605524	     16.12195178	      0.00000000	      0.00000000	      0.00000000	     28.62082662	     27.76858455	     -9.09590187	      2.36860067	     -0.54564506	      6.09321045	      0.00000000	      0.00000000	      0.00000000	     19.53280816	     17.61481561	     -6.14801404	      1.52867717	     -0.12932134	      4.63468349	      0.00000000	      0.00000000	      0.00000000	     10.15898691	      7.50590601	     -3.12385122	      0.22128071	      0.00079294	      0.73861972	      0.00000000	      0.00000000	      0.00000000
      1.71000000	     -0.00000000	      0.00000000	      0.00000000	     -0.00000000	      0.00000000	     -0.00000000	      0.00000000	      0.00000000	      0.00000000	   -636.21306370	  -3230.24136842	    873.79253814	     -0.02944566	      0.07078406	      0.02009051	      0.00000000	      0.00000000	      0.00000000	   -231.16133688	  -2257.74087552	    -27.69521453	     -3.45197159	      7.02811391	    -12.09180319	     -0.00824526	     -0.00360284	     -0.00125501	    349.09787285	    -51.28443422	     26.24525783	     -1.49697996	      0.36344030	     -7.64029845	      0.00000000	      0.00000000	      0.00000000	   -439.36112867	  -3095.67452721	      5.86152316	     16.95134291	     -6.79224282	      0.59408416	      0.00000000	      0.00000000	      0.00000000	   -439.37552537	  -3097.11663178	      6.21388021	     -2.93246712	     -4.26785870	   -144.83063953	      0.00000000	      0.00000000	      0.00000000	     88.76271341	     -7.98506598	      8.16383781	     -0.11517905	     -1.01350152	      0.52685265	      0.00000000	      0.00000000	      0.00000000	    -66.00401225	    113.65019651	     14.23289798	      0.00000000	     -0.00000000	      0.00000000	      0.00000000	      0.00000000	      0.00000000	      5.47232903	     43.61087842	     -2.61363994	      0.70629174	     -0.17262146	      0.16676747	     -0.00824526	     -0.00360284	      0.00125501	      0.29112506	      0.61452894	     -0.03150089	     -0.00080676	      0.00014676	     -0.00626269	      0.00000000	      0.00000000	      0.00000000	     -3.98682682	      9.82702856	      0.09872350	      0.03735092	     -0.14617307	      0.02197360	      0.00000000	      0.00000000	      0.00000000	     -3.91048884	      8.78868371	      0.21904668	     -0.00912982	     -0.16856752	      0.74879425	      0.00000000	      0.00000000	      0.00000000	     -1.22009031	     -0.03877163	      0.44775435	      0.00420649	     -0.04000198	     -0.05423044	      0.00000000	      0.00000000	      0.00000000	    180.39263236	    442.97152800	    -76.16192752	     -0.00000000	     -0.00000000	     -0.00000000	      0.00000000	      0.00000000	      0.00000000	     42.88703492	     45.28319700	    -15.13644306	      5.30630345	      0.31850274	     16.25910772	      0.00000000	      0.00000000	      0.00000000	     28.80941775	     20.51288777	     -9.66305352	      1.78266112	      0.39789841	      6.16972448	      0.00000000	      0.00000000	      0.00000000	     19.64428624	     12.81991336	     -6.53117135	      1.49090304	      0.07089861	      4.66713538	      0.00000000	      0.00000000	      0.00000000	     10.16754398	      5.39685802	     -3.31788930	      0.23501463	      0.00083983	      0.73797183	      0.00000000	      0.00000000	      0.00000000	     40.81872063	     59.29319102	    -15.10255102	      5.66549803	     -0.22626299	     15.68918130	      0.00000000	      0.00000000	      0.00000000	     27.85377791	     26.98603768	     -9.64739411	      2.47600587	     -0.53736700	      5.93017751	      0.00000000	      0.00000000	      0.00000000	     19.00860242	     17.12579982	     -6.52075483	      1.61480058	     -0.12833741	      4.51048555	      0.00000000	      0.00000000	      0.00000000	      9.88665856	      7.29947170	     -3.31328663	      0.23470121	      0.00083983	      0.71884493	      0.00000000	      0.00000000	      0.00000000
      1.72000000	      0.00000000	     -0.00000000	     -0.00000000	      0.00000000	     -0.00000000	      0.00000000	      0.00000000	      0.00000000	      0.00000000	   -551.82292764	  -3032.73190024	    801.23439358	     -0.02015954	      0.11906157	      0.00286851	      0.00000000	      0.00000000	      0.00000000	   -181.92699503	  -2149.38465045	    -41.27697411	     -1.16798823	      7.26109367	    -11.06899234	     -0.00824526	     -0.00360284	     -0.00125501	    385.88536237	    -55.27890262	     35.29783922	     -1.50864176	      0.32588093	     -8.76487198	      0.00000000	      0.00000000	      0.00000000	   -368.17424181	  -2948.14910548	      3.21554333	     16.15123300	     -6.13074302	      0.61489957	      0.00000000	      0.00000000	      0.00000000	   -368.11457434	  -2949.81807544	      3.61671870	     -2.88893406	     -3.92044977	   -140.35792406	      0.00000000	      0.00000000	      0.00000000	     87.50212629	     -4.37237860	      8.54584306	     -0.04589773	     -0.94075851	      0.67901436	      0.00000000	      0.00000000	      0.00000000	    -68.56031279	    100.68403524	     17.16999600	      0.00000000	      0.00000000	     -0.00000000	      0.00000000	      0.00000000	      0.00000000	      5.50430162	     40.19895640	     -3.12886145	      0.98932817	     -0.11921749	      0.11579532	     -0.00824526	     -0.00360284	      0.00125501	      0.30237148	      0.53085037	     -0.01325662	     -0.00032344	      0.00011853	     -0.00675650	      0.00000000	      0.00000000	      0.00000000	     -3.99550284	      9.19633715	     -0.45765051	      0.04835793	     -0.09235744	      0.01122833	      0.00000000	      0.00000000	      0.00000000	     -3.90714365	      8.22124382	     -0.31548825	     -0.02197904	     -0.08748723	      0.70404154	      0.00000000	      0.00000000	      0.00000000	     -1.17712553	     -0.04969045	      0.32357923	      0.00397394	     -0.03420098	     -0.05149749	      0.00000000	      0.00000000	      0.00000000	    174.99236108	    416.41878323	    -78.35211198	      0.00000000	     -0.00000000	      0.00000000	      0.00000000	      0.00000000	      0.00000000	     41.53993895	     42.05892129	    -15.56903793	      5.47445907	      0.31055118	     15.72874956	      0.00000000	      0.00000000	      0.00000000	     27.86675054	     19.05077831	     -9.94047148	      1.86405703	      0.38002348	      5.97181292	      0.00000000	      0.00000000	      0.00000000	     18.99878586	     11.89177179	     -6.71874051	      1.53923765	      0.06666937	      4.51463383	      0.00000000	      0.00000000	      0.00000000	      9.82915876	      5.00053499	     -3.41332292	      0.24177645	      0.00086410	      0.71330552	      0.00000000	      0.00000000	      0.00000000	     39.41272230	     56.46216317	    -15.54338266	      5.81453949	     -0.21565094	     15.14258202	      0.00000000	      0.00000000	      0.00000000	     26.88389557	     25.70562368	     -9.92861777	      2.51776141	     -0.52353611	      5.72546449	      0.00000000	      0.00000000	      0.00000000	     18.34499876	     16.31852059	     -6.71085552	      1.65634023	     -0.12577281	      4.35353035	      0.00000000	      0.00000000	      0.00000000	      9.54027416	      6.95655332	     -3.40983883	      0.24153920	      0.00086410	      0.69363392	      0.00000000	      0.00000000	      0.00000000
      1.73000000	      0.00000000	      0.00000000	     -0.00000000	     -0.00000000	     -0.00000000	     -0.00000000	      0.00000000	      0.00000000	      0.00000000	   -467.83973013	  -2809.55039704	    728.96319724	     -0.01001180	      0.16123022	     -0.01205553	      0.00000000	      0.00000000	      0.00000000	   -127.08633219	  -2002.89215679	    -54.45014767	      1.20819848	      7.38991591	     -9.78266031	     -0.00824526	     -0.00360284	     -0.00125501	    419.79599379	    -56.25443198	     44.51879260	     -1.50190348	      0.27577430	    -10.01360129	      0.00000000	      0.00000000	      0.00000000	   -286.25766913	  -2747.42866034	      0.23582499	     14.98464598	     -5.31017001	      0.62599007	      0.00000000	      0.00000000	      0.00000000	   -285.96274047	  -2749.28887263	      0.67284305	     -2.88117621	     -3.47001968	   -133.55392754	      0.00000000	      0.00000000	      0.00000000	     86.37099343	     -0.98844396	      8.89265721	      0.02372608	     -0.84269708	      0.82085207	      0.00000000	      0.00000000	      0.00000000	    -70.76043197	     87.45530045	     19.02977258	     -0.00000000	     -0.00000000	     -0.00000000	      0.00000000	      0.00000000	      0.00000000	      5.58960335	     36.86207692	     -3.43992539	      1.12454864	     -0.08064123	      0.07861398	     -0.00824526	     -0.00360284	      0.00125501	      0.31137865	      0.44590894	     -0.00953789	     -0.00022354	      0.00011830	     -0.00720456	      0.00000000	      0.00000000	      0.00000000	     -4.00053460	      8.63377504	     -0.74033553	      0.05257522	     -0.05703888	      0.00449878	      0.00000000	      0.00000000	      0.00000000	     -3.90663736	      7.71835079	     -0.59330633	     -0.02861034	     -0.03894814	      0.66696449	      0.00000000	      0.00000000	      0.00000000	     -1.15376718	     -0.04789963	      0.23937116	      0.00336900	     -0.03021610	     -0.04821036	      0.00000000	      0.00000000	      0.00000000	    168.46151142	    384.31103482	    -79.42836006	      0.00000000	     -0.00000000	      0.00000000	      0.00000000	      0.00000000	      0.00000000	     39.88965959	     38.28914183	    -15.77902460	      5.56374169	      0.29994636	     15.08117752	      0.00000000	      0.00000000	      0.00000000	     26.71597206	     17.33932877	    -10.07454716	      1.91820199	      0.35984125	      5.72987193	      0.00000000	      0.00000000	      0.00000000	     18.21093853	     10.80671023	     -6.80937657	      1.56528263	      0.06214652	      4.32845751	      0.00000000	      0.00000000	      0.00000000	      9.41659395	      4.53717870	     -3.45938560	      0.24503973	      0.00087290	      0.68325390	      0.00000000	      0.00000000	      0.00000000	     37.72776304	     52.89919797	    -15.75587359	      5.87843761	     -0.20377377	     14.48540240	      0.00000000	      0.00000000	      0.00000000	     25.71709366	     24.08973018	    -10.06385051	      2.52308881	     -0.50527056	      5.47960720	      0.00000000	      0.00000000	      0.00000000	     17.54649277	     15.29702214	     -6.80226124	      1.67362299	     -0.12205275	      4.16476416	      0.00000000	      0.00000000	      0.00000000	      9.12299968	      6.52128324	     -3.45624160	      0.24482564	      0.00087290	      0.66326160	      0.00000000	      0.00000000	      0.00000000
      1.74000000	      0.00000000	     -0.00000000	      0.00000000	      0.00000000	     -0.00000000	     -0.00000000	      0.00000000	      0.00000000	      0.00000000	   -390.89827197	  -2573.82956112	    660.98013607	      0.00141133	      0.18354129	     -0.02038753	      0.00000000	      0.00000000	      0.00000000	    -72.56851034	  -1827.82830222	    -66.77611575	      3.35631524	      7.40539689	     -8.40038569	     -0.00824526	     -0.00360284	     -0.00125501	    449.23526388	    -53.07422444	     52.30167557	     -1.49977577	      0.25347557	    -11.33146840	      0.00000000	      0.00000000	      0.00000000	   -193.49738680	  -2501.47874719	     -2.15189203	     13.39787255	     -4.29294032	      0.62996433	      0.00000000	      0.00000000	      0.00000000	   -192.83397830	  -2503.56435042	     -1.72261731	     -2.97503874	     -2.92697907	   -124.81411751	      0.00000000	      0.00000000	      0.00000000	     85.48471644	      0.81676058	      9.30017527	      0.07168436	     -0.73821730	      0.87130428	      0.00000000	      0.00000000	      0.00000000	    -72.81698283	     73.99371755	     20.24402877	     -0.00000000	     -0.00000000	     -0.00000000	      0.00000000	      0.00000000	      0.00000000	      5.78471098	     33.02183279	     -3.67751444	      1.27769951	     -0.03765620	      0.03586004	     -0.00824526	     -0.00360284	      0.00125501	      0.32337002	      0.36239611	      0.00075312	      0.00004822	      0.00010830	     -0.00770186	      0.00000000	      0.00000000	      0.00000000	     -3.94950949	      7.84282817	     -1.10580494	      0.05796096	     -0.01411103	     -0.00370850	      0.00000000	      0.00000000	      0.00000000	     -3.84602672	      7.00973726	     -0.95080416	     -0.03676413	      0.02186801	      0.61301761	      0.00000000	      0.00000000	      0.00000000	     -1.09713454	     -0.04847722	      0.13561532	      0.00304880	     -0.02483931	     -0.04386493	      0.00000000	      0.00000000	      0.00000000	    161.56657322	    347.08840906	    -78.13340336	     -0.00000000	     -0.00000000	      0.00000000	      0.00000000	      0.00000000	      0.00000000	     38.08210087	     34.17440727	    -15.51940829	      5.48472222	      0.28701442	     14.37305669	      0.00000000	      0.00000000	      0.00000000	     25.45840817	     15.47590391	     -9.90903796	      1.91000256	      0.34028455	      5.46546708	      0.00000000	      0.00000000	      0.00000000	     17.34982205	      9.62865476	     -6.69752384	      1.54382640	      0.05818277	      4.12500776	      0.00000000	      0.00000000	      0.00000000	      8.96595262	      4.03540854	     -3.40259554	      0.24101775	      0.00085760	      0.65043376	      0.00000000	      0.00000000	      0.00000000	     35.95359290	     48.54853579	    -15.50000136	      5.77040251	     -0.19241998	     13.78646393	      0.00000000	      0.00000000	      0.00000000	     24.47495656	     22.11729779	     -9.90007123	      2.45869118	     -0.48332676	      5.21910417	      0.00000000	      0.00000000	      0.00000000	     16.69563807	     14.04645574	     -6.69155924	      1.64212654	     -0.11711032	      3.96385594	      0.00000000	      0.00000000	      0.00000000	      8.67689266	      5.98747316	     -3.39996000	      0.24083829	      0.00085760	      0.63075023	      0.00000000	      0.00000000	      0.00000000
      1.75000000	      0.00000000	      0.00000000	     -0.00000000	     -0.00000000	     -0.00000000	     -0.00000000	      0.00000000	      0.00000000	      0.00000000	   -325.40845029	  -2341.75028555	    602.10608905	      0.01438603	      0.16831111	     -0.01860581	      0.00000000	      0.00000000	      0.00000000	    -20.73832096	  -1637.97255148	    -77.68851425	      5.46879836	      7.49632879	     -6.82926000	     -0.00824526	     -0.00360284	     -0.00125501	    473.24463168	    -45.55525837	     58.74910632	     -1.49616691	      0.24918879	    -12.64831829	      0.00000000	      0.00000000	      0.00000000	   -106.38998173	  -2217.75186596	     -5.52776718	     11.50902820	     -3.04826883	      0.64417119	      0.00000000	      0.00000000	      0.00000000	   -105.50878249	  -2219.90227346	     -5.17084127	     -3.17684641	     -2.07045107	   -113.71126032	      0.00000000	      0.00000000	      0.00000000	     85.08768955	      0.49834166	      9.54672154	      0.08735610	     -0.63350147	      0.80750610	      0.00000000	      0.00000000	      0.00000000	    -74.61558836	     61.73571041	     20.13696151	      0.00000000	     -0.00000000	     -0.00000000	      0.00000000	      0.00000000	      0.00000000	      6.01975564	     29.61998551	     -3.66892791	      1.23745651	     -0.02706842	      0.02032595	     -0.00824526	     -0.00360284	      0.00125501	      0.33345910	      0.28671359	     -0.00604834	     -0.00013117	      0.00012606	     -0.00812625	      0.00000000	      0.00000000	      0.00000000	     -3.81591831	      7.15244017	     -1.08145560	      0.05440437	     -0.00482143	     -0.00497810	      0.00000000	      0.00000000	      0.00000000	     -3.70175726	      6.39319204	     -0.93681709	     -0.03563817	      0.03020563	      0.56691035	      0.00000000	      0.00000000	      0.00000000	     -1.00858799	     -0.04460714	      0.10928514	      0.00242024	     -0.02214612	     -0.03971807	      0.00000000	      0.00000000	      0.00000000	    155.91765875	    306.95237378	    -75.32453552	     -0.00000000	      0.00000000	     -0.00000000	      0.00000000	      0.00000000	      0.00000000	     36.48847129	     29.90194498	    -14.96338535	      5.29919770	      0.27453941	     13.74264785	      0.00000000	      0.00000000	      0.00000000	     24.33849159	     13.54142859	     -9.55412971	      1.86205690	      0.32447883	      5.23140207	      0.00000000	      0.00000000	      0.00000000	     16.58168065	      8.40628813	     -6.45769652	      1.49229139	      0.05527763	      3.94388144	      0.00000000	      0.00000000	      0.00000000	      8.56269514	      3.51440005	     -3.28078463	      0.23238930	      0.00082425	      0.62104115	      0.00000000	      0.00000000	      0.00000000	     34.43248434	     43.75432834	    -14.94174468	      5.55190256	     -0.18336226	     13.17598242	      0.00000000	      0.00000000	      0.00000000	     23.38854744	     19.94175637	     -9.54413090	      2.34987076	     -0.46237545	      4.99354723	      0.00000000	      0.00000000	      0.00000000	     15.94978556	     12.66373391	     -6.45104539	      1.57938342	     -0.11209600	      3.78826209	      0.00000000	      0.00000000	      0.00000000	      8.28348382	      5.39560958	     -3.27784574	      0.23218918	      0.00082425	      0.60202826	      0.00000000	      0.00000000	      0.00000000
      1.76000000	     -0.00000000	      0.00000000	      0.00000000	      0.00000000	     -0.00000000	     -0.00000000	      0.00000000	      0.00000000	      0.00000000	   -268.55719296	  -2128.47639708	    554.50300318	      0.02794245	      0.08513610	     -0.00195393	      0.00000000	      0.00000000	      0.00000000	     24.75693535	  -1446.58439777	    -86.30047732	      7.44663603	      7.70810848	     -5.27347043	     -0.00824526	     -0.00360284	     -0.00125501	    489.29246379	    -34.91246979	     63.29234179	     -1.49070270	      0.25512645	    -13.76446200	      0.00000000	      0.00000000	      0.00000000	    -25.51410605	  -1908.80863778	     -9.41084680	      9.36008229	     -1.46829030	      0.69517012	      0.00000000	      0.00000000	      0.00000000	    -24.84768713	  -1910.91400717	     -9.20714068	     -3.50825492	     -0.80907674	   -100.82452174	      0.00000000	      0.00000000	      0.00000000	     85.30839289	     -2.96676226	      9.68078960	      0.05445288	     -0.55180005	      0.55810456	      0.00000000	      0.00000000	      0.00000000	    -75.61262479	     49.90245082	     18.57706522	     -0.00000000	      0.00000000	      0.00000000	      0.00000000	      0.00000000	      0.00000000	      6.29832896	     25.96965120	     -3.45915632	      1.14900498	     -0.02497443	      0.01169338	     -0.00824526	     -0.00360284	      0.00125501	      0.34555763	      0.21662863	     -0.00810985	     -0.00018787	      0.00013059	     -0.00858709	      0.00000000	      0.00000000	      0.00000000	     -3.63804120	      6.33144190	     -1.01579673	      0.04908610	     -0.00072424	     -0.00513590	      0.00000000	      0.00000000	      0.00000000	     -3.51647243	      5.66101975	     -0.88284410	     -0.03324361	      0.03186739	      0.51272246	      0.00000000	      0.00000000	      0.00000000	     -0.91749767	     -0.03240812	      0.09232329	      0.00220355	     -0.01974847	     -0.03431198	      0.00000000	      0.00000000	      0.00000000	    150.11549461	    265.84474290	    -69.90491987	     -0.00000000	     -0.00000000	     -0.00000000	      0.00000000	      0.00000000	      0.00000000	     34.81477230	     25.76095321	    -13.88866223	      4.92553393	      0.26020746	     13.08519842	      0.00000000	      0.00000000	      0.00000000	     23.17163200	     11.67115901	     -8.86726124	      1.74154523	      0.31057592	      4.98684360	      0.00000000	      0.00000000	      0.00000000	     15.78179119	      7.22840706	     -5.99340669	      1.38744149	      0.05325887	      3.75516363	      0.00000000	      0.00000000	      0.00000000	      8.14379224	      3.01394364	     -3.04482861	      0.21567460	      0.00076492	      0.59053296	      0.00000000	      0.00000000	      0.00000000	     32.90651407	     38.62064879	    -13.86320415	      5.14413304	     -0.17559364	     12.55925443	      0.00000000	      0.00000000	      0.00000000	     22.28994415	     17.61282730	     -8.85549865	      2.16705002	     -0.43853722	      4.76606989	      0.00000000	      0.00000000	      0.00000000	     15.19529962	     11.18075629	     -5.98558231	      1.46299240	     -0.10598379	      3.61072253	      0.00000000	      0.00000000	      0.00000000	      7.88464307	      4.76034216	     -3.04137131	      0.21543917	      0.00076492	      0.57288620	      0.00000000	      0.00000000	      0.00000000
      1.77000000	      0.00000000	     -0.00000000	      0.00000000	     -0.00000000	      0.00000000	      0.00000000	      0.00000000	      0.00000000	      0.00000000	   -233.90861783	  -1963.23326316	    523.99373857	      0.03716708	      0.01489407	      0.01526113	      0.00000000	      0.00000000	      0.00000000	     65.39311605	  -1275.36465659	    -92.57562121	      9.08310009	      8.30070159	     -3.92498903	     -0.00824526	     -0.00360284	     -0.00125501	    506.03716302	    -21.79235303	     67.94166584	     -1.48161658	      0.26318405	    -14.91944945	      0.00000000	      0.00000000	      0.00000000	     27.00351602	  -1591.76618807	    -15.36897567	      6.95492439	      0.23548872	      0.74306391	      0.00000000	      0.00000000	      0.00000000	     26.85595687	  -1593.68606677	    -15.42611884	     -4.15219825	      0.86826118	    -86.05688067	      0.00000000	      0.00000000	      0.00000000	     86.27834794	     -9.53062959	      9.46759089	     -0.02659815	     -0.47017666	      0.12546134	      0.00000000	      0.00000000	      0.00000000	    -76.47118922	     40.46799563	     16.20705843	      0.00000000	      0.00000000	     -0.00000000	      0.00000000	      0.00000000	      0.00000000	      6.55631618	     23.12695458	     -3.09708546	      0.94200533	     -0.04779786	      0.02537868	     -0.00824526	     -0.00360284	      0.00125501	      0.35716213	      0.16191884	     -0.01956303	     -0.00049247	      0.00014596	     -0.00900925	      0.00000000	      0.00000000	      0.00000000	     -3.41855176	      5.68955850	     -0.69650440	      0.03867798	     -0.02135077	     -0.00035361	      0.00000000	      0.00000000	      0.00000000	     -3.28917860	      5.08998636	     -0.58499053	     -0.02475882	     -0.00330950	      0.47086190	      0.00000000	      0.00000000	      0.00000000	     -0.81241285	     -0.01963728	      0.13330242	      0.00191859	     -0.01955631	     -0.02983348	      0.00000000	      0.00000000	      0.00000000	    147.93468917	    224.70010688	    -63.31663385	      0.00000000	      0.00000000	      0.00000000	      0.00000000	      0.00000000	      0.00000000	     33.88030676	     21.79478449	    -12.58922139	      4.46967197	      0.24987930	     12.70279098	      0.00000000	      0.00000000	      0.00000000	     22.49202231	      9.88285810	     -8.03576873	      1.58866510	      0.30582476	      4.84802247	      0.00000000	      0.00000000	      0.00000000	     15.31293155	      6.10161046	     -5.43134519	      1.25922406	      0.05338314	      3.64547433	      0.00000000	      0.00000000	      0.00000000	      7.89514394	      2.53437275	     -2.75907227	      0.19542981	      0.00069237	      0.57236376	      0.00000000	      0.00000000	      0.00000000	     32.15105557	     33.44483073	    -12.54601651	      4.65051311	     -0.17324533	     12.22617786	      0.00000000	      0.00000000	      0.00000000	     21.69304251	     15.26562240	     -8.01580643	      1.95138229	     -0.42171475	      4.64797064	      0.00000000	      0.00000000	      0.00000000	     14.78145671	      9.68218133	     -5.41806644	      1.32242443	     -0.10113622	      3.51458709	      0.00000000	      0.00000000	      0.00000000	      7.66030466	      4.11649601	     -2.75320487	      0.19503027	      0.00069237	      0.55637238	      0.00000000	      0.00000000	      0.00000000
      1.78000000	      0.00000000	      0.00000000	     -0.00000000	      0.00000000	     -0.00000000	     -0.00000000	      0.00000000	      0.00000000	      0.00000000	   -206.59861477	  -1788.76945500	    504.16856990	      0.03789434	     -0.00028884	      0.02591390	      0.00000000	      0.00000000	      0.00000000	     87.59529764	  -1094.88376248	    -96.49980866	      9.97195981	      8.64428546	     -2.88826770	     -0.00824526	     -0.00360284	     -0.00125501	    505.68772740	     -7.82049059	     69.00952448	     -1.46078740	      0.27766437	    -15.44898542	      0.00000000	      0.00000000	      0.00000000	     66.65940607	  -1280.56165892	    -20.63761837	      4.19078300	      1.74845994	      0.72292651	      0.00000000	      0.00000000	      0.00000000	     65.40044130	  -1282.14089381	    -20.91546357	     -5.16884440	      2.38843799	    -70.95163824	      0.00000000	      0.00000000	      0.00000000	     85.26892341	    -19.51473120	      8.34741443	     -0.16151596	     -0.34185363	     -0.53332442	      0.00000000	      0.00000000	      0.00000000	    -76.72347382	     31.81784033	     13.37366373	      0.00000000	     -0.00000000	     -0.00000000	      0.00000000	      0.00000000	      0.00000000	      6.80321719	     20.51144980	     -2.66514951	      0.70728834	     -0.07966034	      0.04670448	     -0.00824526	     -0.00360284	      0.00125501	      0.36677811	      0.11374314	     -0.03030031	     -0.00077875	      0.00015544	     -0.00936295	      0.00000000	      0.00000000	      0.00000000	     -3.20263373	      5.10420290	     -0.32430706	      0.02735408	     -0.04956467	      0.00587542	      0.00000000	      0.00000000	      0.00000000	     -3.07065378	      4.57128264	     -0.23462162	     -0.01490880	     -0.04855873	      0.43394943	      0.00000000	      0.00000000	      0.00000000	     -0.72775006	     -0.00033798	      0.19167712	      0.00178845	     -0.02047718	     -0.02522195	      0.00000000	      0.00000000	      0.00000000	    145.45238682	    188.45410102	    -55.91730660	      0.00000000	      0.00000000	     -0.00000000	      0.00000000	      0.00000000	      0.00000000	     32.92127348	     18.44084892	    -11.11951140	      3.95118590	      0.23907950	     12.31754501	      0.00000000	      0.00000000	      0.00000000	     21.80828913	      8.37162186	     -7.09815984	      1.40891709	      0.30188447	      4.70685084	      0.00000000	      0.00000000	      0.00000000	     14.84218904	      5.15219545	     -4.79768286	      1.11339769	      0.05383798	      3.53498437	      0.00000000	      0.00000000	      0.00000000	      7.64688720	      2.13122260	     -2.43724896	      0.17263497	      0.00061014	      0.55425061	      0.00000000	      0.00000000	      0.00000000	     31.39227761	     28.72006736	    -11.08147348	      4.10467427	     -0.17140497	     11.89608613	      0.00000000	      0.00000000	      0.00000000	     21.10183491	     13.12101160	     -7.08058487	      1.71806075	     -0.40425229	      4.53004336	      0.00000000	      0.00000000	      0.00000000	     14.37226146	      8.31145073	     -4.78599213	      1.16708147	     -0.09602448	      3.41928283	      0.00000000	      0.00000000	      0.00000000	      7.43924339	      3.52718192	     -2.43208326	      0.17228321	      0.00061014	      0.54011111	      0.00000000	      0.00000000	      0.00000000
      1.79000000	     -0.00000000	     -0.00000000	      0.00000000	      0.00000000	      0.00000000	      0.00000000	      0.00000000	      0.00000000	      0.00000000	   -212.65879631	  -1647.55111240	    497.30971845	      0.03691026	      0.03061046	      0.03425266	      0.00000000	      0.00000000	      0.00000000	     97.54385185	   -933.39998652	    -98.68683148	      9.98620683	      8.66755510	     -2.29774006	     -0.00824526	     -0.00360284	     -0.00125501	    500.52662847	      6.41210469	     68.98674167	     -1.43665376	      0.29261708	    -15.74948302	      0.00000000	      0.00000000	      0.00000000	     89.51854429	   -993.75907647	    -24.17045928	      1.33476364	      2.63314085	      0.58825722	      0.00000000	      0.00000000	      0.00000000	     87.61050571	   -995.10084534	    -24.49899999	     -6.35014535	      3.28376949	    -56.49988897	      0.00000000	      0.00000000	      0.00000000	     82.82855102	    -29.33459607	      6.80072377	     -0.29292246	     -0.15988272	     -1.19025610	      0.00000000	      0.00000000	      0.00000000	    -77.04110540	     24.87233676	     10.43025184	     -0.00000000	      0.00000000	      0.00000000	      0.00000000	      0.00000000	      0.00000000	      7.06377862	     18.21887779	     -2.23149592	      0.48765808	     -0.11303885	      0.06933507	     -0.00824526	     -0.00360284	      0.00125501	      0.37962808	      0.07699900	     -0.03782515	     -0.00098072	      0.00015748	     -0.00977867	      0.00000000	      0.00000000	      0.00000000	     -3.00119225	      4.53751034	      0.01969269	      0.01634386	     -0.07757785	      0.01203512	      0.00000000	      0.00000000	      0.00000000	     -2.86561138	      4.06892048	      0.09072358	     -0.00597817	     -0.09206150	      0.39862308	      0.00000000	      0.00000000	      0.00000000	     -0.64644720	      0.01889234	      0.25059751	      0.00179034	     -0.02144530	     -0.02069900	      0.00000000	      0.00000000	      0.00000000	    145.67578926	    154.32221364	    -46.99824689	     -0.00000000	     -0.00000000	     -0.00000000	      0.00000000	      0.00000000	      0.00000000	     32.52471722	     15.51078876	     -9.35197379	      3.32316617	      0.23106427	     12.14487005	      0.00000000	      0.00000000	      0.00000000	     21.50169117	      7.05555579	     -5.96918131	      1.18502053	      0.30568699	      4.64687343	      0.00000000	      0.00000000	      0.00000000	     14.62817658	      4.32694420	     -4.03460727	      0.93640132	      0.05621248	      3.48564711	      0.00000000	      0.00000000	      0.00000000	      7.53142538	      1.78090829	     -2.04953154	      0.14517047	      0.00051214	      0.54577800	      0.00000000	      0.00000000	      0.00000000	     31.23865909	     24.14557015	     -9.30946573	      3.44851548	     -0.17418609	     11.79035503	      0.00000000	      0.00000000	      0.00000000	     20.90748341	     11.04515310	     -5.94954097	      1.44351595	     -0.39173757	      4.49819834	      0.00000000	      0.00000000	      0.00000000	     14.23291444	      6.98079175	     -4.02154268	      0.98060474	     -0.09167727	      3.38834369	      0.00000000	      0.00000000	      0.00000000	      7.35677350	      2.95354642	     -2.04375877	      0.14477737	      0.00051214	      0.53388508	      0.00000000	      0.00000000	      0.00000000
      1.80000000	     -0.00000000	      0.00000000	      0.00000000	      0.00000000	      0.00000000	     -0.00000000	      0.00000000	      0.00000000	      0.00000000	   -187.82971476	  -1536.26430442	    496.38648024	      0.00091871	      0.10918231	      0.06575652	      0.00000000	      0.00000000	      0.00000000	     92.35208871	   -803.48416792	   -100.32419188	      9.49674989	      8.27608921	     -2.13261667	     -0.00824526	     -0.00360284	     -0.00125501	    492.17117183	     19.87078777	     68.12837639	     -1.41245228	      0.30639545	    -15.85794966	      0.00000000	      0.00000000	      0.00000000	    112.42703922	   -767.19549912	    -25.23679824	     -1.18848640	      2.70132494	      0.36374622	      0.00000000	      0.00000000	      0.00000000	    110.71158583	   -768.36679967	    -25.44211261	     -7.45262472	      3.23804023	    -45.55686813	      0.00000000	      0.00000000	      0.00000000	     79.60636837	    -33.29907341	      5.81970291	     -0.33568157	      0.00558930	     -1.48009412	      0.00000000	      0.00000000	      0.00000000	    -77.39645965	     19.08774341	      7.72580409	      0.00000000	      0.00000000	     -0.00000000	      0.00000000	      0.00000000	      0.00000000	      7.33397975	     16.31664128	     -1.81730778	      0.26280274	     -0.15055513	      0.09619618	     -0.00824526	     -0.00360284	      0.00125501	      0.39281253	      0.04659264	     -0.04717096	     -0.00122996	      0.00016094	     -0.01019381	      0.00000000	      0.00000000	      0.00000000	     -2.84267969	      4.08488934	      0.39504868	      0.00576040	     -0.10967761	      0.01887537	      0.00000000	      0.00000000	      0.00000000	     -2.70671541	      3.67016155	      0.44691362	      0.00397376	     -0.14151098	      0.37250783	      0.00000000	      0.00000000	      0.00000000	     -0.59135011	      0.04166239	      0.31921246	      0.00177471	     -0.02333443	     -0.01653770	      0.00000000	      0.00000000	      0.00000000	    146.46642774	    126.20377419	    -38.33259872	      0.00000000	      0.00000000	      0.00000000	      0.00000000	      0.00000000	      0.00000000	     32.30387601	     13.23024491	     -7.64876586	      2.71502916	      0.22447432	     12.04377882	      0.00000000	      0.00000000	      0.00000000	     21.32251812	      6.03310046	     -4.87878171	      0.96499057	      0.31131979	      4.61321264	      0.00000000	      0.00000000	      0.00000000	     14.50200103	      3.68756233	     -3.29753073	      0.76468308	      0.05893236	      3.45696747	      0.00000000	      0.00000000	      0.00000000	      7.46256282	      1.50990196	     -1.67473237	      0.11861578	      0.00041733	      0.54071209	      0.00000000	      0.00000000	      0.00000000	     31.25450999	     20.26745011	     -7.57381605	      2.80897959	     -0.17808264	     11.75449502	      0.00000000	      0.00000000	      0.00000000	     20.83767112	      9.28455683	     -4.84415205	      1.17926723	     -0.38151945	      4.49193034	      0.00000000	      0.00000000	      0.00000000	     14.17948477	      5.85040455	     -3.27449536	      0.79917459	     -0.08786584	      3.37758319	      0.00000000	      0.00000000	      0.00000000	      7.32005468	      2.46558281	     -1.66455388	      0.11792268	      0.00041733	      0.53100800	      0.00000000	      0.00000000	      0.00000000
      1.81000000	     -0.00000000	     -0.00000000	      0.00000000	     -0.00000000	      0.00000000	     -0.00000000	      0.00000000	      0.00000000	      0.00000000	   -298.33095326	  -1521.65177974	    519.85610418	      0.02162384	      0.13064802	      0.05467106	      0.00000000	      0.00000000	      0.00000000	     94.85716688	   -725.16381705	    -97.62313991	      8.67470625	      7.47164897	     -2.07768220	     -0.00824526	     -0.00360284	     -0.00125501	    494.08994274	     33.09758396	     68.79239530	     -1.41126242	      0.31452087	    -16.23763326	      0.00000000	      0.00000000	      0.00000000	    139.89400154	   -645.28179017	    -28.98742047	     -3.11187234	      1.95253655	      0.06163243	      0.00000000	      0.00000000	      0.00000000	    138.53064063	   -646.27359744	    -29.04832393	     -8.73550687	      2.52439007	    -40.76728610	      0.00000000	      0.00000000	      0.00000000	     83.89576137	    -29.10705133	      7.33566430	     -0.24020956	      0.07443863	     -1.21699531	      0.00000000	      0.00000000	      0.00000000	    -77.56304129	     15.13185920	      5.84218291	      0.00000000	      0.00000000	     -0.00000000	      0.00000000	      0.00000000	      0.00000000	      7.48579694	     15.15845317	     -1.53973263	      0.11707448	     -0.17615533	      0.11426590	     -0.00824526	     -0.00360284	      0.00125501	      0.40094647	      0.02798218	     -0.05202877	     -0.00136027	      0.00015983	     -0.01045268	      0.00000000	      0.00000000	      0.00000000	     -2.71683222	      3.80340554	      0.63751287	     -0.00155381	     -0.13127204	      0.02349786	      0.00000000	      0.00000000	      0.00000000	     -2.57959705	      3.42125398	      0.67785242	      0.01010022	     -0.17406782	      0.35518701	      0.00000000	      0.00000000	      0.00000000	     -0.54454754	      0.05348122	      0.36638172	      0.00181211	     -0.02447316	     -0.01413832	      0.00000000	      0.00000000	      0.00000000	    148.20987556	    102.73195429	    -30.35815924	      0.00000000	      0.00000000	      0.00000000	      0.00000000	      0.00000000	      0.00000000	     32.34071248	     11.42014058	     -6.05607067	      2.14728797	      0.21990201	     12.04177932	      0.00000000	      0.00000000	      0.00000000	     21.31899321	      5.22397202	     -3.86418748	      0.75839248	      0.31924097	      4.61660039	      0.00000000	      0.00000000	      0.00000000	     14.49567083	      3.18241793	     -2.61186696	      0.60472820	      0.06202842	      3.45658224	      0.00000000	      0.00000000	      0.00000000	      7.45591457	      1.29595797	     -1.32666321	      0.09396510	      0.00032952	      0.54016456	      0.00000000	      0.00000000	      0.00000000	     31.50849000	     16.98063302	     -6.00429028	      2.22964427	     -0.18316010	     11.81231893	      0.00000000	      0.00000000	      0.00000000	     20.93447478	      7.79313094	     -3.84026297	      0.94066462	     -0.37487169	      4.52048803	      0.00000000	      0.00000000	      0.00000000	     14.23989232	      4.89140146	     -2.59595257	      0.63452468	     -0.08496095	      3.39365162	      0.00000000	      0.00000000	      0.00000000	      7.34289540	      2.05109527	     -1.31963122	      0.09348626	      0.00032952	      0.53246852	      0.00000000	      0.00000000	      0.00000000
      1.82000000	      0.00000000	     -0.00000000	     -0.00000000	     -0.00000000	     -0.00000000	      0.00000000	      0.00000000	      0.00000000	      0.00000000	   -207.58306359	  -1446.43443411	    529.48590230	     -0.02599286	      0.28190131	      0.07637505	      0.00000000	      0.00000000	      0.00000000	     79.36747190	   -646.34617576	    -96.10263949	      8.07802886	      6.15597907	     -1.95854330	     -0.00824526	     -0.00360284	     -0.00125501	    482.67547096	     44.02013325	     67.11329386	     -1.38523177	      0.32383736	    -16.09676546	      0.00000000	      0.00000000	      0.00000000	    176.91713701	   -620.47908978	    -33.84710613	     -4.18188678	      0.59270444	     -0.26002287	      0.00000000	      0.00000000	      0.00000000	    175.46746850	   -621.20068811	    -33.94248701	     -9.83268703	      1.23619900	    -41.82058928	      0.00000000	      0.00000000	      0.00000000	     88.48716460	    -16.78010646	      9.97765004	     -0.02282416	      0.03569012	     -0.45764991	      0.00000000	      0.00000000	      0.00000000	    -77.10275017	     11.20226444	      4.16842817	      0.00000000	      0.00000000	     -0.00000000	      0.00000000	      0.00000000	      0.00000000	      7.59390064	     13.91479777	     -1.26858739	     -0.02359862	     -0.19967410	      0.13129710	     -0.00824526	     -0.00360284	      0.00125501	      0.40713060	      0.01143363	     -0.05747791	     -0.00150548	      0.00015945	     -0.01065289	      0.00000000	      0.00000000	      0.00000000	     -2.56956807	      3.49410526	      0.86768003	     -0.00765444	     -0.15081256	      0.02762514	      0.00000000	      0.00000000	      0.00000000	     -2.43317871	      3.14766816	      0.89586310	      0.01654136	     -0.20390033	      0.33496906	      0.00000000	      0.00000000	      0.00000000	     -0.49656681	      0.06405950	      0.40712454	      0.00180213	     -0.02535563	     -0.01167464	      0.00000000	      0.00000000	      0.00000000	    148.41768524	     85.70146948	    -22.62897443	     -0.00000000	     -0.00000000	      0.00000000	      0.00000000	      0.00000000	      0.00000000	     32.11433228	     10.27929125	     -4.54485687	      1.60467288	      0.21406618	     11.94964039	      0.00000000	      0.00000000	      0.00000000	     21.15653334	      4.71769317	     -2.89718621	      0.55733068	      0.32422943	      4.58392399	      0.00000000	      0.00000000	      0.00000000	     14.38294834	      2.87071635	     -1.95830993	      0.45138665	      0.06445157	      3.43045356	      0.00000000	      0.00000000	      0.00000000	      7.39639150	      1.16565218	     -0.99440454	      0.07042391	      0.00024379	      0.53582900	      0.00000000	      0.00000000	      0.00000000	     31.49219706	     14.39162200	     -4.45690014	      1.66331415	     -0.18667004	     11.77802378	      0.00000000	      0.00000000	      0.00000000	     20.86908322	      6.61774633	     -2.85654686	      0.71139494	     -0.36579097	      4.51223299	      0.00000000	      0.00000000	      0.00000000	     14.19173887	      4.13461620	     -1.93127696	      0.47421938	     -0.08159108	      3.38346732	      0.00000000	      0.00000000	      0.00000000	      7.31190303	      1.72412328	     -0.98245966	      0.06961052	      0.00024379	      0.53007575	      0.00000000	      0.00000000	      0.00000000
      1.83000000	      0.00000000	     -0.00000000	      0.00000000	      0.00000000	     -0.00000000	      0.00000000	      0.00000000	      0.00000000	      0.00000000	   -391.54794052	  -1512.49166882	    565.61845382	      0.01755621	      0.10165726	      0.06048188	      0.00000000	      0.00000000	      0.00000000	     89.26899939	   -628.83331964	    -89.68472634	      7.43337371	      5.50367494	     -1.82003186	     -0.00824526	     -0.00360284	     -0.00125501	    495.80534407	     56.27496591	     69.46449371	     -1.40527532	      0.32279736	    -16.74370546	      0.00000000	      0.00000000	      0.00000000	    215.52718754	   -642.72929502	    -39.66051946	     -5.27065603	     -0.37869776	     -0.54333937	      0.00000000	      0.00000000	      0.00000000	    214.74231665	   -643.31748420	    -39.57828462	    -11.30612918	      0.35649568	    -45.39063125	      0.00000000	      0.00000000	      0.00000000	     90.02543568	     -7.87956666	     11.84458408	      0.11450759	     -0.04246181	      0.11392630	      0.00000000	      0.00000000	      0.00000000	    -76.04680821	      8.79863804	      1.89493960	     -0.00000000	     -0.00000000	      0.00000000	      0.00000000	      0.00000000	      0.00000000	      7.62702536	     12.81515376	     -0.90434608	     -0.19200729	     -0.22923079	      0.15334356	     -0.00824526	     -0.00360284	      0.00125501	      0.40903091	      0.00290400	     -0.06182985	     -0.00162274	      0.00015429	     -0.01072334	      0.00000000	      0.00000000	      0.00000000	     -2.43378296	      3.20305710	      1.14166390	     -0.01558127	     -0.17559126	      0.03287928	      0.00000000	      0.00000000	      0.00000000	     -2.30156120	      2.89181119	      1.15687710	      0.02358932	     -0.24117240	      0.31757547	      0.00000000	      0.00000000	      0.00000000	     -0.46485950	      0.08180776	      0.46051803	      0.00188405	     -0.02702538	     -0.00883324	      0.00000000	      0.00000000	      0.00000000	    148.79204647	     70.51718149	    -15.74200665	     -0.00000000	     -0.00000000	      0.00000000	      0.00000000	      0.00000000	      0.00000000	     31.95154877	      9.24711801	     -3.19858794	      1.12055987	      0.20912265	     11.88199960	      0.00000000	      0.00000000	      0.00000000	     21.03751735	      4.25702511	     -2.03367163	      0.37783869	      0.32912144	      4.56050611	      0.00000000	      0.00000000	      0.00000000	     14.29999275	      2.58627344	     -1.37453090	      0.31438406	      0.06671285	      3.41138956	      0.00000000	      0.00000000	      0.00000000	      7.35235107	      1.04609612	     -0.69736242	      0.04937519	      0.00016926	      0.53261704	      0.00000000	      0.00000000	      0.00000000	     31.51875430	     12.09358527	     -3.06902931	      1.15527894	     -0.19005668	     11.76258658	      0.00000000	      0.00000000	      0.00000000	     20.83754985	      5.57220121	     -1.97381062	      0.50576270	     -0.35807940	      4.51068464	      0.00000000	      0.00000000	      0.00000000	     14.16697601	      3.46111784	     -1.33471184	      0.33034978	     -0.07865569	      3.37872182	      0.00000000	      0.00000000	      0.00000000	      7.29357584	      1.43265786	     -0.67976783	      0.04817708	      0.00016926	      0.52861474	      0.00000000	      0.00000000	      0.00000000
      1.84000000	     -0.00000000	     -0.00000000	     -0.00000000	      0.00000000	      0.00000000	      0.00000000	      0.00000000	      0.00000000	      0.00000000	   -271.61486897	  -1452.60572766	    582.21858901	     -0.03317798	      0.26064283	      0.08454194	      0.00000000	      0.00000000	      0.00000000	     75.43006555	   -579.60727645	    -87.87948356	      7.12810637	      4.96405753	     -1.67906338	     -0.00824526	     -0.00360284	     -0.00125501	    482.84451238	     64.46043108	     67.62775089	     -1.36835909	      0.32668606	    -16.44638372	      0.00000000	      0.00000000	      0.00000000	    239.29690935	   -651.09744703	    -41.66202274	     -5.88219735	     -0.80692814	     -0.68534019	      0.00000000	      0.00000000	      0.00000000	    239.00510951	   -651.54747614	    -41.41771816	    -12.04439072	     -0.10105542	    -47.27182271	      0.00000000	      0.00000000	      0.00000000	     91.55937729	     -2.20308116	     13.00067203	      0.21942663	     -0.01674224	      0.47942568	      0.00000000	      0.00000000	      0.00000000	    -74.29304651	      7.16652537	      0.02291019	      0.00000000	     -0.00000000	      0.00000000	      0.00000000	      0.00000000	      0.00000000	      7.51278123	     12.22463736	     -0.58781798	     -0.32669591	     -0.25200861	      0.17156612	     -0.00824526	     -0.00360284	      0.00125501	      0.40112309	     -0.00237622	     -0.06482804	     -0.00170373	      0.00014935	     -0.01052821	      0.00000000	      0.00000000	      0.00000000	     -2.29182007	      3.08655945	      1.35896077	     -0.02108603	     -0.19538497	      0.03698765	      0.00000000	      0.00000000	      0.00000000	     -2.16540236	      2.78937705	      1.36386216	      0.02926406	     -0.27063681	      0.30841195	      0.00000000	      0.00000000	      0.00000000	     -0.43616147	      0.08908449	      0.50271368	      0.00203354	     -0.02826920	     -0.00775282	      0.00000000	      0.00000000	      0.00000000	    146.77872848	     61.09541879	    -11.43529603	     -0.00000000	     -0.00000000	     -0.00000000	      0.00000000	      0.00000000	      0.00000000	     31.38602517	      8.58618349	     -2.32780897	      0.81022737	      0.20307607	     11.66785493	      0.00000000	      0.00000000	      0.00000000	     20.65883285	      3.96486450	     -1.48225507	      0.26343836	      0.32726606	      4.47947697	      0.00000000	      0.00000000	      0.00000000	     14.04128944	      2.40810559	     -1.00203575	      0.22716366	      0.06709728	      3.34997283	      0.00000000	      0.00000000	      0.00000000	      7.21851262	      0.97291142	     -0.50865783	      0.03601672	      0.00012169	      0.52290446	      0.00000000	      0.00000000	      0.00000000	     31.07093117	     10.61739659	     -2.23891475	      0.84916982	     -0.18921002	     11.58084144	      0.00000000	      0.00000000	      0.00000000	     20.51324744	      4.90336218	     -1.44118256	      0.38097685	     -0.34841418	      4.44335147	      0.00000000	      0.00000000	      0.00000000	     13.94444722	      3.03238658	     -0.97471466	      0.24329466	     -0.07582330	      3.32624300	      0.00000000	      0.00000000	      0.00000000	      7.17572159	      1.24875835	     -0.49658564	      0.03519466	      0.00012169	      0.51999060	      0.00000000	      0.00000000	      0.00000000
      1.85000000	     -0.00000000	     -0.00000000	      0.00000000	      0.00000000	      0.00000000	      0.00000000	      0.00000000	      0.00000000	      0.00000000	   -416.76218660	  -1505.29801163	    608.11488691	      0.00172152	      0.09119738	      0.06994841	      0.00000000	      0.00000000	      0.00000000	     90.89717154	   -581.02188774	    -80.76140175	      6.88939327	      4.83305971	     -1.63572657	     -0.00824526	     -0.00360284	     -0.00125501	    493.80769315	     74.22491765	     69.46994340	     -1.38765543	      0.32157670	    -16.93695146	      0.00000000	      0.00000000	      0.00000000	    244.50342578	   -645.34943766	    -43.31772746	     -6.13778790	     -1.08631389	     -0.75870422	      0.00000000	      0.00000000	      0.00000000	    244.44893781	   -645.75170388	    -42.97609325	    -12.33193342	     -0.31680243	    -47.35357479	      0.00000000	      0.00000000	      0.00000000	     87.43785661	      0.84119319	     12.96288837	      0.24853689	     -0.05608233	      0.65451888	      0.00000000	      0.00000000	      0.00000000	    -71.81084891	      6.07901874	     -1.72651441	      0.00000000	     -0.00000000	     -0.00000000	      0.00000000	      0.00000000	      0.00000000	      7.30283309	     11.51713369	     -0.28899264	     -0.44970895	     -0.27047503	      0.18633824	     -0.00824526	     -0.00360284	      0.00125501	      0.39125129	      0.00089306	     -0.06724784	     -0.00177000	      0.00014321	     -0.01026428	      0.00000000	      0.00000000	      0.00000000	     -2.12575324	      2.87130210	      1.54623325	     -0.02725966	     -0.21142601	      0.04050079	      0.00000000	      0.00000000	      0.00000000	     -2.00653557	      2.59870833	      1.54156918	      0.03372080	     -0.29487057	      0.29220627	      0.00000000	      0.00000000	      0.00000000	     -0.40259266	      0.09868674	      0.53682007	      0.00210783	     -0.02910025	     -0.00602779	      0.00000000	      0.00000000	      0.00000000	    143.15897676	     52.89220837	     -7.83212058	      0.00000000	     -0.00000000	     -0.00000000	      0.00000000	      0.00000000	      0.00000000	     30.50158968	      7.94558750	     -1.62344246	      0.55733798	      0.19549075	     11.33622141	      0.00000000	      0.00000000	      0.00000000	     20.07189307	      3.67621456	     -1.03069379	      0.17022312	      0.32121278	      4.35316938	      0.00000000	      0.00000000	      0.00000000	     13.64147325	      2.23157315	     -0.69679283	      0.15564114	      0.06645758	      3.25488313	      0.00000000	      0.00000000	      0.00000000	      7.01241175	      0.89993818	     -0.35337848	      0.02501374	      0.00008126	      0.50797106	      0.00000000	      0.00000000	      0.00000000	     30.28326971	      9.31199428	     -1.51317434	      0.58326136	     -0.18599264	     11.27585708	      0.00000000	      0.00000000	      0.00000000	     19.97102094	      4.30754644	     -0.97974572	      0.27284031	     -0.33576393	      4.32828517	      0.00000000	      0.00000000	      0.00000000	     13.57437394	      2.65152996	     -0.66290259	      0.16799505	     -0.07246959	      3.23849491	      0.00000000	      0.00000000	      0.00000000	      6.98276302	      1.08550173	     -0.33840363	      0.02399403	      0.00008126	      0.50595213	      0.00000000	      0.00000000	      0.00000000
      1.86000000	     -0.00000000	      0.00000000	     -0.00000000	      0.00000000	     -0.00000000	      0.00000000	      0.00000000	      0.00000000	      0.00000000	   -320.80147797	  -1464.23078938	    621.63079846	     -0.02718026	      0.20175422	      0.08038801	      0.00000000	      0.00000000	      0.00000000	     88.55905608	   -554.32139732	    -76.93949232	      6.77536499	      4.62632704	     -1.61563974	     -0.00824526	     -0.00360284	     -0.00125501	    481.35683248	     79.11848044	     68.01044343	     -1.34040402	      0.30566181	    -16.59546140	      0.00000000	      0.00000000	      0.00000000	    238.15725727	   -632.22790590	    -42.83604179	     -5.98536661	     -1.01973858	     -0.73139054	      0.00000000	      0.00000000	      0.00000000	    238.16149237	   -632.61252119	    -42.45535474	    -12.07196951	     -0.23497567	    -46.31999585	      0.00000000	      0.00000000	      0.00000000	     89.01890433	      0.37075275	     13.19980324	      0.25311307	     -0.02070513	      0.63331106	      0.00000000	      0.00000000	      0.00000000	    -68.48822627	      3.89708341	     -2.63092988	     -0.00000000	     -0.00000000	      0.00000000	      0.00000000	      0.00000000	      0.00000000	      7.12296028	     10.42627493	     -0.09007513	     -0.49898668	     -0.27142539	      0.18801056	     -0.00824526	     -0.00360284	      0.00125501	      0.37494782	     -0.01602174	     -0.06549708	     -0.00172326	      0.00013602	     -0.00986182	      0.00000000	      0.00000000	      0.00000000	     -2.02623036	      2.70243912	      1.58945601	     -0.02738008	     -0.21208968	      0.04063166	      0.00000000	      0.00000000	      0.00000000	     -1.91562658	      2.44930398	      1.57943970	      0.03585476	     -0.29726341	      0.27870131	      0.00000000	      0.00000000	      0.00000000	     -0.39519639	      0.10130510	      0.53311919	      0.00188508	     -0.02881622	     -0.00487488	      0.00000000	      0.00000000	      0.00000000	    136.43015404	     49.76140893	     -6.51329263	      0.00000000	      0.00000000	      0.00000000	      0.00000000	      0.00000000	      0.00000000	     29.03776303	      7.64842963	     -1.40805138	      0.47948412	      0.18582121	     10.79479526	      0.00000000	      0.00000000	      0.00000000	     19.11459194	      3.54845492	     -0.89138809	      0.14177661	      0.30664969	      4.14547106	      0.00000000	      0.00000000	      0.00000000	     12.99158446	      2.15854490	     -0.60274442	      0.13357476	      0.06359041	      3.09986331	      0.00000000	      0.00000000	      0.00000000	      6.67924940	      0.87364722	     -0.30537491	      0.02160466	      0.00007427	      0.48383069	      0.00000000	      0.00000000	      0.00000000	     28.87092439	      8.69123984	     -1.24013194	      0.48596386	     -0.17780117	     10.74866270	      0.00000000	      0.00000000	      0.00000000	     19.03750614	      4.03027288	     -0.81380292	      0.23347528	     -0.31911783	      4.12645967	      0.00000000	      0.00000000	      0.00000000	     12.94030762	      2.47904628	     -0.55113540	      0.14111331	     -0.06870958	      3.08734135	      0.00000000	      0.00000000	      0.00000000	      6.65659204	      1.01526505	     -0.28257077	      0.02005181	      0.00007427	      0.48228783	      0.00000000	      0.00000000	      0.00000000
      1.87000000	      0.00000000	     -0.00000000	      0.00000000	     -0.00000000	     -0.00000000	      0.00000000	      0.00000000	      0.00000000	      0.00000000	   -406.13197881	  -1492.33904644	    641.66383338	     -0.00036416	      0.09553912	      0.06625058	      0.00000000	      0.00000000	      0.00000000	    102.94668667	   -568.54819120	    -71.63956794	      6.92664892	      4.90567150	     -1.70561621	     -0.00824526	     -0.00360284	     -0.00125501	    489.35984030	     85.67900439	     67.63975491	     -1.42085837	      0.40039774	    -16.86792712	      0.00000000	      0.00000000	      0.00000000	    219.61433592	   -597.03657229	    -40.88205926	     -5.56443343	     -0.82457087	     -0.65206253	      0.00000000	      0.00000000	      0.00000000	    219.51549449	   -597.46114247	    -40.49498727	    -11.33807401	     -0.03055155	    -43.41641859	      0.00000000	      0.00000000	      0.00000000	     83.58215593	     -0.79560692	     12.22842101	      0.22154688	      0.00904049	      0.52295635	      0.00000000	      0.00000000	      0.00000000	    -65.00180766	      2.21323683	     -3.37479660	      0.00000000	     -0.00000000	      0.00000000	      0.00000000	      0.00000000	      0.00000000	      6.79944245	      9.60006908	      0.04155305	     -0.53851869	     -0.27034553	      0.18777425	     -0.00824526	     -0.00360284	      0.00125501	      0.36032481	     -0.01552497	     -0.06462466	     -0.00170240	      0.00012871	     -0.00948240	      0.00000000	      0.00000000	      0.00000000	     -1.86663326	      2.45703153	      1.61827711	     -0.02981676	     -0.21162915	      0.04081115	      0.00000000	      0.00000000	      0.00000000	     -1.76038897	      2.22891181	      1.60399701	      0.03654323	     -0.29737806	      0.25790148	      0.00000000	      0.00000000	      0.00000000	     -0.35201371	      0.10231583	      0.52919276	      0.00203375	     -0.02791161	     -0.00369240	      0.00000000	      0.00000000	      0.00000000	    127.62060961	     46.36909318	     -6.34702861	     -0.00000000	     -0.00000000	      0.00000000	      0.00000000	      0.00000000	      0.00000000	     27.16756497	      7.09829493	     -1.35959052	      0.46415313	      0.17388810	     10.09810707	      0.00000000	      0.00000000	      0.00000000	     17.88007892	      3.29058427	     -0.86093473	      0.13893412	      0.28660230	      3.87782624	      0.00000000	      0.00000000	      0.00000000	     12.15224318	      1.99989576	     -0.58217436	      0.12939091	      0.05938269	      2.89958800	      0.00000000	      0.00000000	      0.00000000	      6.24729290	      0.80820274	     -0.29501249	      0.02087340	      0.00006584	      0.45254850	      0.00000000	      0.00000000	      0.00000000	     26.99316653	      8.13939181	     -1.20831816	      0.47163241	     -0.16614328	     10.04979442	      0.00000000	      0.00000000	      0.00000000	     17.79950021	      3.77161062	     -0.79104115	      0.22480288	     -0.29861653	      3.85812810	      0.00000000	      0.00000000	      0.00000000	     12.09864288	      2.31987055	     -0.53568172	      0.13673998	     -0.06434406	      2.88656262	      0.00000000	      0.00000000	      0.00000000	      6.22360888	      0.94958790	     -0.27446909	      0.01947449	      0.00006584	      0.45093574	      0.00000000	      0.00000000	      0.00000000
      1.88000000	      0.00000000	      0.00000000	     -0.00000000	     -0.00000000	     -0.00000000	     -0.00000000	      0.00000000	      0.00000000	      0.00000000	   -354.60333753	  -1466.80410412	    654.75986101	     -0.00914127	      0.13496386	      0.06677669	      0.00000000	      0.00000000	      0.00000000	    106.63479361	   -556.65923383	    -67.16883135	      6.82825348	      4.96850322	     -1.78351803	     -0.00824526	     -0.00360284	     -0.00125501	    479.50373788	     89.02979040	     64.81290852	     -1.45567550	      0.45493337	    -16.52844797	      0.00000000	      0.00000000	      0.00000000	    195.71925404	   -570.75033476	    -39.04162260	     -4.97152657	     -0.45878756	     -0.52251796	      0.00000000	      0.00000000	      0.00000000	    195.41718217	   -571.24386185	    -38.70743142	    -10.49998416	      0.38328193	    -40.65811547	      0.00000000	      0.00000000	      0.00000000	     87.05611811	     -4.75850887	     12.24995968	      0.17663932	      0.05904503	      0.28530327	      0.00000000	      0.00000000	      0.00000000	    -59.35339844	      2.86429862	     -3.45347742	     -0.00000000	      0.00000000	      0.00000000	      0.00000000	      0.00000000	      0.00000000	      6.06647472	      9.44999271	      0.10915841	     -0.58553345	     -0.26311110	      0.18704154	     -0.00824526	     -0.00360284	      0.00125501	      0.32850350	      0.01271236	     -0.07125330	     -0.00188020	      0.00013661	     -0.00860893	      0.00000000	      0.00000000	      0.00000000	     -1.62549930	      2.30190675	      1.67774905	     -0.03483837	     -0.21062689	      0.04117160	      0.00000000	      0.00000000	      0.00000000	     -1.53442904	      2.08801455	      1.65604606	      0.03644816	     -0.29849936	      0.23879850	      0.00000000	      0.00000000	      0.00000000	     -0.31422566	      0.10117961	      0.52521166	      0.00185676	     -0.02703010	     -0.00333573	      0.00000000	      0.00000000	      0.00000000	    118.64136412	     38.47942156	     -5.92275822	     -0.00000000	     -0.00000000	      0.00000000	      0.00000000	      0.00000000	      0.00000000	     25.21536912	      6.06464262	     -1.25755063	      0.43082570	      0.16121307	      9.36659195	      0.00000000	      0.00000000	      0.00000000	     16.58368219	      2.81412371	     -0.79532371	      0.13169773	      0.26580228	      3.59782559	      0.00000000	      0.00000000	      0.00000000	     11.26998190	      1.70267533	     -0.53771009	      0.12011302	      0.05506450	      2.68933843	      0.00000000	      0.00000000	      0.00000000	      5.79230768	      0.68351384	     -0.27237260	      0.01927161	      0.00005821	      0.41957473	      0.00000000	      0.00000000	      0.00000000	     25.04585758	      7.07268014	     -1.12291186	      0.43573367	     -0.15403828	      9.31962596	      0.00000000	      0.00000000	      0.00000000	     16.50536141	      3.27987537	     -0.73311548	      0.20505424	     -0.27686506	      3.57869328	      0.00000000	      0.00000000	      0.00000000	     11.21788356	      2.01248953	     -0.49632968	      0.12605197	     -0.05964814	      2.67668313	      0.00000000	      0.00000000	      0.00000000	      5.76928733	      0.82040940	     -0.25408812	      0.01802653	      0.00005821	      0.41800716	      0.00000000	      0.00000000	      0.00000000
      1.89000000	     -0.00000000	     -0.00000000	      0.00000000	     -0.00000000	      0.00000000	      0.00000000	      0.00000000	      0.00000000	      0.00000000	   -399.39187104	  -1476.23834179	    672.16327644	      0.00822288	      0.08058754	      0.05724084	      0.00000000	      0.00000000	      0.00000000	    120.07352034	   -569.59378674	    -62.54949805	      6.88819900	      5.28123317	     -1.97600286	     -0.00824526	     -0.00360284	     -0.00125501	    482.01874546	     93.01158365	     61.63777952	     -1.60708601	      0.64978008	    -16.52146528	      0.00000000	      0.00000000	      0.00000000	    169.28380440	   -536.38118415	    -36.31834070	     -4.35270472	     -0.10992568	     -0.39831145	      0.00000000	      0.00000000	      0.00000000	    168.81067012	   -536.97024967	    -36.03602947	     -9.54226983	      0.74643718	    -37.34093632	      0.00000000	      0.00000000	      0.00000000	     85.10957117	     -8.03073395	     11.53234921	      0.12793245	      0.11475191	      0.06178203	      0.00000000	      0.00000000	      0.00000000	    -53.95949653	     -2.84665450	     -2.71142010	     -0.00000000	      0.00000000	      0.00000000	      0.00000000	      0.00000000	      0.00000000	      5.99709644	      6.44691205	      0.06458902	     -0.42884423	     -0.21846927	      0.14917247	     -0.00824526	     -0.00360284	      0.00125501	      0.30482010	     -0.05120667	     -0.05176178	     -0.00136090	      0.00010860	     -0.00806509	      0.00000000	      0.00000000	      0.00000000	     -1.60203877	      1.82601069	      1.27917528	     -0.02178073	     -0.16714957	      0.03204383	      0.00000000	      0.00000000	      0.00000000	     -1.51361202	      1.66194725	      1.26778248	      0.03020846	     -0.23565734	      0.20318367	      0.00000000	      0.00000000	      0.00000000	     -0.30864262	      0.08895468	      0.41528635	      0.00128020	     -0.02245861	     -0.00121505	      0.00000000	      0.00000000	      0.00000000	    105.82250576	     40.21437624	     -6.56183915	      0.00000000	      0.00000000	     -0.00000000	      0.00000000	      0.00000000	      0.00000000	     22.54152280	      6.05081781	     -1.48235129	      0.50914784	      0.14540802	      8.38244791	      0.00000000	      0.00000000	      0.00000000	     14.84396869	      2.81648896	     -0.93363136	      0.16080008	      0.23626142	      3.21920720	      0.00000000	      0.00000000	      0.00000000	     10.09026929	      1.71568671	     -0.63129407	      0.14188114	      0.04865898	      2.40762606	      0.00000000	      0.00000000	      0.00000000	      5.18865206	      0.69729186	     -0.31925813	      0.02257222	      0.00008274	      0.37584292	      0.00000000	      0.00000000	      0.00000000	     22.38955728	      7.02427191	     -1.21939486	      0.47770270	     -0.13720893	      8.34047118	      0.00000000	      0.00000000	      0.00000000	     14.77375485	      3.26626176	     -0.81213549	      0.22291648	     -0.24914441	      3.20180639	      0.00000000	      0.00000000	      0.00000000	     10.04356361	      2.01487191	     -0.55047601	      0.13946437	     -0.05391252	      2.39618955	      0.00000000	      0.00000000	      0.00000000	      5.16801453	      0.82949085	     -0.28354758	      0.02014051	      0.00008274	      0.37443760	      0.00000000	      0.00000000	      0.00000000
      1.90000000	     -0.00000000	      0.00000000	      0.00000000	     -0.00000000	      0.00000000	     -0.00000000	      0.00000000	      0.00000000	      0.00000000	   -381.74606788	  -1462.65533656	    689.80693072	      0.00983194	      0.04651373	      0.05469293	      0.00000000	      0.00000000	      0.00000000	    126.15724133	   -569.38641332	    -58.61472455	      6.93499828	      5.44954317	     -2.05764871	     -0.00824526	     -0.00360284	     -0.00125501	    471.72094442	     92.57552656	     57.18831569	     -1.70305194	      0.78456024	    -16.06729805	      0.00000000	      0.00000000	      0.00000000	    150.12150189	   -524.09863601	    -34.84618112	     -3.82716178	      0.27175341	     -0.28157500	      0.00000000	      0.00000000	      0.00000000	    149.43168495	   -524.75065625	    -34.63027713	     -8.88106479	      1.16219623	    -35.55909326	      0.00000000	      0.00000000	      0.00000000	     88.22819600	    -12.34336862	     11.37831898	      0.07310951	      0.15779414	     -0.19288873	      0.00000000	      0.00000000	      0.00000000	    -48.25076918	     -2.96397926	     -1.93969670	     -0.00000000	      0.00000000	     -0.00000000	      0.00000000	      0.00000000	      0.00000000	      5.19873225	      6.38441374	     -0.04524985	     -0.39007084	     -0.19522863	      0.13492073	     -0.00824526	     -0.00360284	      0.00125501	      0.27787654	     -0.02098768	     -0.05300742	     -0.00139704	      0.00010892	     -0.00733708	      0.00000000	      0.00000000	      0.00000000	     -1.36356876	      1.63900681	      1.17980597	     -0.02378633	     -0.15209827	      0.02958384	      0.00000000	      0.00000000	      0.00000000	     -1.28387794	      1.48968127	      1.16815570	      0.02592730	     -0.21484060	      0.17956617	      0.00000000	      0.00000000	      0.00000000	     -0.24883266	      0.08034272	      0.38172409	      0.00130617	     -0.02001287	     -0.00146529	      0.00000000	      0.00000000	      0.00000000	     93.69947969	     35.32480395	     -8.64587584	      0.00000000	     -0.00000000	     -0.00000000	      0.00000000	      0.00000000	      0.00000000	     20.00609735	      5.03484201	     -1.81990205	      0.63779347	      0.13022893	      7.43317322	      0.00000000	      0.00000000	      0.00000000	     13.16022192	      2.34055110	     -1.15637317	      0.21606621	      0.20675883	      2.85460005	      0.00000000	      0.00000000	      0.00000000	      8.94466993	      1.41688774	     -0.78199326	      0.17904432	      0.04206608	      2.13427592	      0.00000000	      0.00000000	      0.00000000	      4.59775291	      0.57141001	     -0.39671479	      0.02807880	      0.00009103	      0.33303510	      0.00000000	      0.00000000	      0.00000000	     19.77004745	      6.47185081	     -1.67126826	      0.63381185	     -0.11968177	      7.36783268	      0.00000000	      0.00000000	      0.00000000	     13.05115789	      3.00450381	     -1.08769870	      0.27811669	     -0.22307202	      2.82783898	      0.00000000	      0.00000000	      0.00000000	      8.87212143	      1.85854366	     -0.73631157	      0.18239810	     -0.04879769	      2.11660953	      0.00000000	      0.00000000	      0.00000000	      4.56569639	      0.76656160	     -0.37652972	      0.02670430	      0.00009103	      0.33085221	      0.00000000	      0.00000000	      0.00000000
      1.91000000	      0.00000000	     -0.00000000	      0.00000000	     -0.00000000	      0.00000000	      0.00000000	      0.00000000	      0.00000000	      0.00000000	   -393.48248341	  -1441.43589129	    695.68824835	      0.01777300	      0.01326752	      0.04908509	      0.00000000	      0.00000000	      0.00000000	    131.43992533	   -567.29284760	    -54.06414626	      6.79519058	      5.53965367	     -2.14037764	     -0.00824526	     -0.00360284	     -0.00125501	    458.60480783	     90.43283001	     51.94507075	     -1.80349649	      0.96727289	    -15.50000932	      0.00000000	      0.00000000	      0.00000000	    131.67706108	   -521.59217187	    -34.37395082	     -3.45977110	      0.54071878	     -0.20484249	      0.00000000	      0.00000000	      0.00000000	    130.84278935	   -522.32280360	    -34.21590462	     -8.48600413	      1.51716272	    -34.39801802	      0.00000000	      0.00000000	      0.00000000	     89.30028337	    -15.39724027	     11.12707040	      0.03322884	      0.19637650	     -0.38015897	      0.00000000	      0.00000000	      0.00000000	    -41.66993206	     -6.09957935	     -0.40816346	      0.00000000	     -0.00000000	      0.00000000	      0.00000000	      0.00000000	      0.00000000	      4.70492581	      4.40093095	     -0.23212812	     -0.20954991	     -0.14230645	      0.09387799	     -0.00824526	     -0.00360284	      0.00125501	      0.24628600	     -0.04444921	     -0.03782047	     -0.00099409	      0.00008794	     -0.00653289	      0.00000000	      0.00000000	      0.00000000	     -1.25215420	      1.21383790	      0.75635958	     -0.01347335	     -0.10554887	      0.02020444	      0.00000000	      0.00000000	      0.00000000	     -1.17805720	      1.10575497	      0.75615404	      0.01701750	     -0.14739515	      0.14241871	      0.00000000	      0.00000000	      0.00000000	     -0.22054877	      0.06456426	      0.26908436	      0.00089717	     -0.01492742	     -0.00032875	      0.00000000	      0.00000000	      0.00000000	     80.80312508	     32.15827296	     -9.28478322	     -0.00000000	      0.00000000	     -0.00000000	      0.00000000	      0.00000000	      0.00000000	     17.28987956	      4.35956773	     -1.96346270	      0.69035359	      0.11359503	      6.42371462	      0.00000000	      0.00000000	      0.00000000	     11.37253878	      2.02203698	     -1.24417878	      0.23931828	      0.17672276	      2.46690854	      0.00000000	      0.00000000	      0.00000000	      7.72999753	      1.22151856	     -0.84120493	      0.19371919	      0.03559040	      1.84446068	      0.00000000	      0.00000000	      0.00000000	      3.97338791	      0.49140871	     -0.42635209	      0.03017072	      0.00009738	      0.28780935	      0.00000000	      0.00000000	      0.00000000	     17.03487521	      5.92558656	     -1.77655150	      0.67122864	     -0.10228800	      6.35315230	      0.00000000	      0.00000000	      0.00000000	     11.25471707	      2.74559722	     -1.15781870	      0.28975863	     -0.19416180	      2.43795001	      0.00000000	      0.00000000	      0.00000000	      7.65162350	      1.70282492	     -0.78375891	      0.19309682	     -0.04278905	      1.82535791	      0.00000000	      0.00000000	      0.00000000	      3.93875729	      0.70408038	     -0.40096879	      0.02844224	      0.00009738	      0.28545118	      0.00000000	      0.00000000	      0.00000000
      1.92000000	     -0.00000000	      0.00000000	      0.00000000	      0.00000000	      0.00000000	     -0.00000000	      0.00000000	      0.00000000	      0.00000000	   -384.02913673	  -1408.24717434	    696.93006473	      0.01895128	     -0.02628486	      0.04589198	      0.00000000	      0.00000000	      0.00000000	    132.49409941	   -557.80914609	    -49.11780320	      6.56930060	      5.48720311	     -2.11625028	     -0.00824526	     -0.00360284	     -0.00125501	    436.09486603	     84.26488324	     46.43222858	     -1.83209029	      1.06116401	    -14.62538792	      0.00000000	      0.00000000	      0.00000000	    122.84974427	   -534.72753662	    -34.75610592	     -3.27264458	      0.71209110	     -0.17003771	      0.00000000	      0.00000000	      0.00000000	    121.96297619	   -535.51837161	    -34.63931960	     -8.40972163	      1.75920062	    -34.59568505	      0.00000000	      0.00000000	      0.00000000	     91.95068068	    -18.12086216	     11.16125283	      0.00052387	      0.21158446	     -0.53682137	      0.00000000	      0.00000000	      0.00000000	    -35.45764410	     -7.81751750	      1.01408517	     -0.00000000	      0.00000000	      0.00000000	      0.00000000	      0.00000000	      0.00000000	      4.05683727	      3.39382675	     -0.41363462	     -0.05785447	     -0.09773193	      0.06068976	     -0.00824526	     -0.00360284	      0.00125501	      0.21378362	     -0.04599732	     -0.02556735	     -0.00066944	      0.00006913	     -0.00569096	      0.00000000	      0.00000000	      0.00000000	     -1.10971005	      0.96072883	      0.41449627	     -0.00600297	     -0.06847356	      0.01281376	      0.00000000	      0.00000000	      0.00000000	     -1.04522387	      0.87510903	      0.42434658	      0.00893109	     -0.09320119	      0.11524281	      0.00000000	      0.00000000	      0.00000000	     -0.19629963	      0.04797613	      0.18107448	      0.00045085	     -0.01089513	     -0.00031096	      0.00000000	      0.00000000	      0.00000000	     68.38067392	     27.40910969	    -10.48275264	     -0.00000000	     -0.00000000	      0.00000000	      0.00000000	      0.00000000	      0.00000000	     14.65524335	      3.55011823	     -2.24696824	      0.79468724	      0.09787799	      5.44378112	      0.00000000	      0.00000000	      0.00000000	      9.63753395	      1.65866436	     -1.42411781	      0.28309928	      0.14682184	      2.09096251	      0.00000000	      0.00000000	      0.00000000	      6.55138533	      0.99961205	     -0.96300827	      0.22334428	      0.02901307	      1.56332312	      0.00000000	      0.00000000	      0.00000000	      3.36763676	      0.40281798	     -0.48810806	      0.03453732	      0.00011558	      0.24390875	      0.00000000	      0.00000000	      0.00000000	     14.37935255	      5.24952281	     -2.00509837	      0.75507006	     -0.08501716	      5.36744868	      0.00000000	      0.00000000	      0.00000000	      9.51006191	      2.44385388	     -1.31236474	      0.31925068	     -0.16678640	      2.05961383	      0.00000000	      0.00000000	      0.00000000	      6.46659197	      1.52191371	     -0.88867104	      0.21746519	     -0.03722757	      1.54264903	      0.00000000	      0.00000000	      0.00000000	      3.33016968	      0.63360398	     -0.45526115	      0.03230061	      0.00011558	      0.24135743	      0.00000000	      0.00000000	      0.00000000
      1.93000000	     -0.00000000	     -0.00000000	     -0.00000000	     -0.00000000	     -0.00000000	     -0.00000000	      0.00000000	      0.00000000	      0.00000000	   -380.90084318	  -1381.22414389	    698.58132179	      0.02321023	     -0.06047327	      0.03856530	      0.00000000	      0.00000000	      0.00000000	    132.30779010	   -546.15344164	    -43.59128595	      6.32682651	      5.39075083	     -2.06784732	     -0.00824526	     -0.00360284	     -0.00125501	    410.23518888	     76.68986072	     40.65280244	     -1.83919261	      1.13408109	    -13.64090490	      0.00000000	      0.00000000	      0.00000000	    115.57707707	   -549.43353976	    -36.00128351	     -3.19766960	      0.81847417	     -0.15830791	      0.00000000	      0.00000000	      0.00000000	    114.67695125	   -550.25794999	    -35.90462233	     -8.49333105	      1.97611858	    -35.00239705	      0.00000000	      0.00000000	      0.00000000	     94.11106408	    -19.63325384	     11.28799950	     -0.01451529	      0.23209430	     -0.61834164	      0.00000000	      0.00000000	      0.00000000	    -29.42095285	     -8.25757253	      1.85865912	     -0.00000000	      0.00000000	     -0.00000000	      0.00000000	      0.00000000	      0.00000000	      3.29898594	      3.14406640	     -0.50450001	     -0.08588213	     -0.08520319	      0.05644379	     -0.00824526	     -0.00360284	      0.00125501	      0.18212108	     -0.02845246	     -0.03658288	     -0.00096285	      0.00008433	     -0.00486690	      0.00000000	      0.00000000	      0.00000000	     -0.89290459	      0.82933745	      0.46874060	     -0.00989017	     -0.06476412	      0.01257139	      0.00000000	      0.00000000	      0.00000000	     -0.84005932	      0.75459164	      0.46919238	      0.00932101	     -0.09156279	      0.09786387	      0.00000000	      0.00000000	      0.00000000	     -0.15442057	      0.04413586	      0.16905159	      0.00045572	     -0.00957567	     -0.00028726	      0.00000000	      0.00000000	      0.00000000	     57.06983405	     21.40119115	    -11.11638556	     -0.00000000	     -0.00000000	      0.00000000	      0.00000000	      0.00000000	      0.00000000	     12.25368814	      2.57677095	     -2.31218799	      0.82416148	      0.08292611	      4.54635999	      0.00000000	      0.00000000	      0.00000000	      8.04743833	      1.20909900	     -1.47170588	      0.30009674	      0.12030255	      1.74673696	      0.00000000	      0.00000000	      0.00000000	      5.46968047	      0.71998702	     -0.99516701	      0.23231521	      0.02332332	      1.30530370	      0.00000000	      0.00000000	      0.00000000	      2.81026301	      0.28656265	     -0.50511884	      0.03575858	      0.00012111	      0.20351318	      0.00000000	      0.00000000	      0.00000000	     11.95588496	      4.45178029	     -2.16758012	      0.80649622	     -0.06935229	      4.46403937	      0.00000000	      0.00000000	      0.00000000	      7.90984194	      2.07542460	     -1.40489155	      0.33346625	     -0.14121753	      1.71275348	      0.00000000	      0.00000000	      0.00000000	      5.37815247	      1.29625974	     -0.95072266	      0.23086825	     -0.03193749	      1.28293450	      0.00000000	      0.00000000	      0.00000000	      2.76982014	      0.54119648	     -0.48548051	      0.03442131	      0.00012111	      0.20075922	      0.00000000	      0.00000000	      0.00000000
      1.94000000	     -0.00000000	      0.00000000	      0.00000000	     -0.00000000	     -0.00000000	     -0.00000000	      0.00000000	      0.00000000	      0.00000000	   -376.00061240	  -1355.88528669	    699.86904419	      0.02826361	     -0.09348542	      0.02899560	      0.00000000	      0.00000000	      0.00000000	    129.58618132	   -529.29245827	    -37.24976586	      5.89717514	      5.16607475	     -1.99690607	     -0.00824526	     -0.00360284	     -0.00125501	    378.75125068	     66.84358706	     35.06159605	     -1.79021670	      1.11990340	    -12.48595072	      0.00000000	      0.00000000	      0.00000000	    112.64904488	   -561.59745677	    -37.05655019	     -3.21724909	      0.82126516	     -0.17166841	      0.00000000	      0.00000000	      0.00000000	    111.84837567	   -562.50747529	    -36.96529238	     -8.64239107	      2.05371188	    -35.53112798	      0.00000000	      0.00000000	      0.00000000	     96.88854057	    -20.43384560	     11.68604368	     -0.01555920	      0.24076479	     -0.65702659	      0.00000000	      0.00000000	      0.00000000	    -23.69410307	    -11.78777585	      3.32852150	      0.00000000	     -0.00000000	      0.00000000	      0.00000000	      0.00000000	      0.00000000	      2.94608398	      0.68094169	     -0.70858323	      0.16527958	     -0.02923419	      0.00798332	     -0.00824526	     -0.00360284	      0.00125501	      0.15044033	     -0.06827919	     -0.00867908	     -0.00022283	      0.00004027	     -0.00405830	      0.00000000	      0.00000000	      0.00000000	     -0.83477286	      0.35164356	     -0.09782553	      0.00446486	     -0.01136718	      0.00154144	      0.00000000	      0.00000000	      0.00000000	     -0.78368111	      0.32448961	     -0.07474896	     -0.00269657	     -0.01007044	      0.05873097	      0.00000000	      0.00000000	      0.00000000	     -0.13395974	      0.02697240	      0.04355089	     -0.00007621	     -0.00421374	      0.00117864	      0.00000000	      0.00000000	      0.00000000	     46.73400161	     16.98120829	    -10.31396020	      0.00000000	      0.00000000	      0.00000000	      0.00000000	      0.00000000	      0.00000000	     10.03568052	      1.97413400	     -2.19846243	      0.78275242	      0.06872913	      3.72281300	      0.00000000	      0.00000000	      0.00000000	      6.58983996	      0.93021519	     -1.39357613	      0.28692045	      0.09702269	      1.43084005	      0.00000000	      0.00000000	      0.00000000	      4.47945161	      0.55082004	     -0.94226533	      0.22029144	      0.01852008	      1.06914606	      0.00000000	      0.00000000	      0.00000000	      2.30162472	      0.21820146	     -0.47759902	      0.03379563	      0.00011536	      0.16666484	      0.00000000	      0.00000000	      0.00000000	      9.76605867	      3.66954950	     -1.97666453	      0.73818159	     -0.05607908	      3.64827848	      0.00000000	      0.00000000	      0.00000000	      6.46526441	      1.71356161	     -1.29109707	      0.30412004	     -0.11660035	      1.40008015	      0.00000000	      0.00000000	      0.00000000	      4.39658497	      1.07189569	     -0.87409710	      0.21208043	     -0.02656915	      1.04889650	      0.00000000	      0.00000000	      0.00000000	      2.26500898	      0.44844573	     -0.44747797	      0.03174453	      0.00011536	      0.16417149	      0.00000000	      0.00000000	      0.00000000
      1.95000000	      0.00000000	     -0.00000000	      0.00000000	      0.00000000	      0.00000000	      0.00000000	      0.00000000	      0.00000000	      0.00000000	   -371.50336938	  -1334.21969171	    700.43712644	      0.03365892	     -0.11305458	      0.01651045	      0.00000000	      0.00000000	      0.00000000	    125.67995564	   -510.05376290	    -30.34423907	      5.44031633	      4.89297086	     -1.91393704	     -0.00824526	     -0.00360284	     -0.00125501	    343.73528618	     55.84027077	     29.87766663	     -1.69552166	      1.04117547	    -11.23314832	      0.00000000	      0.00000000	      0.00000000	    111.65993418	   -566.87130107	    -37.93681956	     -3.28173966	      0.78023138	     -0.19352440	      0.00000000	      0.00000000	      0.00000000	    111.00321795	   -567.84291342	    -37.83689281	     -8.78104868	      2.06785091	    -35.81198226	      0.00000000	      0.00000000	      0.00000000	     99.16896692	    -20.33442227	     12.14110958	     -0.00372705	      0.25415979	     -0.64228711	      0.00000000	      0.00000000	      0.00000000	    -18.75712686	    -11.15265452	      3.98208275	      0.00000000	      0.00000000	      0.00000000	      0.00000000	      0.00000000	      0.00000000	      2.27008103	      0.81986824	     -0.77863506	      0.20651761	     -0.00830713	     -0.00343418	     -0.00824526	     -0.00360284	      0.00125501	      0.12431138	     -0.04741371	     -0.00672541	     -0.00017209	      0.00003322	     -0.00336980	      0.00000000	      0.00000000	      0.00000000	     -0.66743734	      0.30381909	     -0.19827328	      0.00589131	      0.00271703	     -0.00111476	      0.00000000	      0.00000000	      0.00000000	     -0.62712850	      0.27771493	     -0.17492418	     -0.00555777	      0.00950356	      0.04603357	      0.00000000	      0.00000000	      0.00000000	     -0.10725269	      0.01518431	      0.00915124	     -0.00014720	     -0.00230944	      0.00028279	      0.00000000	      0.00000000	      0.00000000	     38.77223028	      9.45151587	     -9.82146713	     -0.00000000	     -0.00000000	     -0.00000000	      0.00000000	      0.00000000	      0.00000000	      8.29444595	      1.04388719	     -2.09254816	      0.74840924	      0.05742074	      3.07082197	      0.00000000	      0.00000000	      0.00000000	      5.43485715	      0.50805594	     -1.32773441	      0.27888819	      0.07855877	      1.18139753	      0.00000000	      0.00000000	      0.00000000	      3.69363093	      0.28889195	     -0.89781965	      0.21091561	      0.01470005	      0.88189003	      0.00000000	      0.00000000	      0.00000000	      1.89660174	      0.10967744	     -0.45522260	      0.03221411	      0.00011052	      0.13730245	      0.00000000	      0.00000000	      0.00000000	      8.03934681	      2.64419298	     -1.88907603	      0.70242182	     -0.04535917	      3.00029518	      0.00000000	      0.00000000	      0.00000000	      5.31699165	      1.24745806	     -1.23372255	      0.28494918	     -0.09725440	      1.15230798	      0.00000000	      0.00000000	      0.00000000	      3.61522776	      0.78073620	     -0.83528373	      0.20164520	     -0.02238322	      0.86273613	      0.00000000	      0.00000000	      0.00000000	      1.86195825	      0.32700542	     -0.42759026	      0.03033248	      0.00011052	      0.13494340	      0.00000000	      0.00000000	      0.00000000
      1.96000000	     -0.00000000	     -0.00000000	      0.00000000	     -0.00000000	      0.00000000	      0.00000000	      0.00000000	      0.00000000	      0.00000000	   -368.15091686	  -1313.54660203	    699.04046194	      0.03571117	     -0.12011365	      0.00482851	      0.00000000	      0.00000000	      0.00000000	    120.33209043	   -488.91420571	    -23.00422985	      4.90739760	      4.56985061	     -1.85562607	     -0.00824526	     -0.00360284	     -0.00125501	    306.76045364	     44.49261901	     25.17867690	     -1.56918401	      0.90773227	     -9.93125664	      0.00000000	      0.00000000	      0.00000000	    112.41085119	   -566.44525449	    -38.54802670	     -3.38264447	      0.70043041	     -0.22168452	      0.00000000	      0.00000000	      0.00000000	    111.95064150	   -567.51463443	    -38.43137880	     -8.90441191	      2.01899846	    -35.89223185	      0.00000000	      0.00000000	      0.00000000	    101.29286788	    -19.65468959	     12.66534283	      0.01735582	      0.26506422	     -0.59477395	      0.00000000	      0.00000000	      0.00000000	    -14.40053968	    -11.80273034	      4.22154853	      0.00000000	     -0.00000000	      0.00000000	      0.00000000	      0.00000000	      0.00000000	      1.82985177	     -0.04601581	     -0.78855277	      0.26846440	      0.01081528	     -0.01833930	     -0.00824526	     -0.00360284	      0.00125501	      0.09745466	     -0.05395105	      0.00230343	      0.00006653	      0.00001515	     -0.00266536	      0.00000000	      0.00000000	      0.00000000	     -0.55359703	      0.12011298	     -0.35816269	      0.00984623	      0.01922541	     -0.00447300	      0.00000000	      0.00000000	      0.00000000	     -0.51968496	      0.11150704	     -0.32994182	     -0.00878909	      0.03443781	      0.02764170	      0.00000000	      0.00000000	      0.00000000	     -0.08605904	      0.00708473	     -0.03162786	     -0.00025863	     -0.00031360	      0.00060941	      0.00000000	      0.00000000	      0.00000000	     32.47415422	      2.52992896	     -8.03738582	      0.00000000	      0.00000000	      0.00000000	      0.00000000	      0.00000000	      0.00000000	      6.89029024	      0.30553575	     -1.74545240	      0.62466127	      0.04758203	      2.54590371	      0.00000000	      0.00000000	      0.00000000	      4.50553500	      0.16784615	     -1.10363607	      0.23540886	      0.06507721	      0.98077599	      0.00000000	      0.00000000	      0.00000000	      3.06132913	      0.07848293	     -0.74622937	      0.17586024	      0.01216658	      0.73128910	      0.00000000	      0.00000000	      0.00000000	      1.57093515	      0.02178403	     -0.37791585	      0.02673394	      0.00009124	      0.11369755	      0.00000000	      0.00000000	      0.00000000	      6.68372918	      1.59236559	     -1.52221613	      0.56665378	     -0.03768862	      2.48877970	      0.00000000	      0.00000000	      0.00000000	      4.41009594	      0.76241046	     -1.00049243	      0.22763974	     -0.08045957	      0.95725341	      0.00000000	      0.00000000	      0.00000000	      2.99784385	      0.47398226	     -0.67761906	      0.16309800	     -0.01848402	      0.71579138	      0.00000000	      0.00000000	      0.00000000	      1.54288333	      0.19654071	     -0.34759947	      0.02466954	      0.00009124	      0.11178736	      0.00000000	      0.00000000	      0.00000000
      1.97000000	      0.00000000	      0.00000000	      0.00000000	     -0.00000000	      0.00000000	     -0.00000000	      0.00000000	      0.00000000	      0.00000000	   -372.10753337	  -1306.98155571	    697.29474580	      0.03275301	     -0.11742999	      0.00089462	      0.00000000	      0.00000000	      0.00000000	    119.62672712	   -481.39972670	    -16.01482758	      4.48399814	      4.37529107	     -1.87339784	     -0.00824526	     -0.00360284	     -0.00125501	    277.64818322	     34.65619088	     21.57315848	     -1.45984398	      0.81775036	     -8.89366549	      0.00000000	      0.00000000	      0.00000000	    114.34645509	   -561.33159319	    -38.79873319	     -3.49756322	      0.58963969	     -0.25470622	      0.00000000	      0.00000000	      0.00000000	    114.11973867	   -562.50947430	    -38.65835103	     -8.99375245	      1.91335713	    -35.79129684	      0.00000000	      0.00000000	      0.00000000	    103.00577267	    -18.58664861	     13.21275722	      0.04344051	      0.27535619	     -0.52650043	      0.00000000	      0.00000000	      0.00000000	    -10.83106929	    -10.64533280	      3.96544165	     -0.00000000	      0.00000000	     -0.00000000	      0.00000000	      0.00000000	      0.00000000	      1.33798695	      0.20309500	     -0.72201259	      0.24747132	      0.01573777	     -0.01848457	     -0.00824526	     -0.00360284	      0.00125501	      0.07690380	     -0.03771095	      0.00239904	      0.00006797	      0.00001032	     -0.00211897	      0.00000000	      0.00000000	      0.00000000	     -0.42191707	      0.13299228	     -0.33899891	      0.00890032	      0.02047689	     -0.00459398	      0.00000000	      0.00000000	      0.00000000	     -0.39730438	      0.12097495	     -0.31426210	     -0.00861771	      0.03527994	      0.02229600	      0.00000000	      0.00000000	      0.00000000	     -0.06925710	      0.00156097	     -0.03644534	     -0.00025812	      0.00021670	     -0.00008069	      0.00000000	      0.00000000	      0.00000000	     27.91284066	     -5.33437767	     -6.08630454	      0.00000000	      0.00000000	     -0.00000000	      0.00000000	      0.00000000	      0.00000000	      5.83728258	     -0.46799318	     -1.34844873	      0.48458143	      0.03978112	      2.14999620	      0.00000000	      0.00000000	      0.00000000	      3.80434969	     -0.18160957	     -0.85160857	      0.18622625	      0.05554685	      0.82982008	      0.00000000	      0.00000000	      0.00000000	      2.58371249	     -0.13794249	     -0.57591150	      0.13652399	      0.01050278	      0.61761787	      0.00000000	      0.00000000	      0.00000000	      1.32441073	     -0.06827607	     -0.29155276	      0.02061978	      0.00007016	      0.09582120	      0.00000000	      0.00000000	      0.00000000	      5.68432825	      0.46247658	     -1.14376190	      0.42526985	     -0.03224902	      2.10765595	      0.00000000	      0.00000000	      0.00000000	      3.73367897	      0.24830284	     -0.75703548	      0.16755742	     -0.06735128	      0.81248200	      0.00000000	      0.00000000	      0.00000000	      2.53670291	      0.14803174	     -0.51300225	      0.12273171	     -0.01534493	      0.60617138	      0.00000000	      0.00000000	      0.00000000	      1.30363891	      0.05808548	     -0.26375546	      0.01872692	      0.00007016	      0.09440674	      0.00000000	      0.00000000	      0.00000000
      1.98000000	     -0.00000000	      0.00000000	     -0.00000000	     -0.00000000	     -0.00000000	     -0.00000000	      0.00000000	      0.00000000	      0.00000000	   -377.08747053	  -1298.08944764	    694.47280882	      0.02742832	     -0.11358455	      0.00221580	      0.00000000	      0.00000000	      0.00000000	    117.03454810	   -474.77300794	     -9.32163556	      4.12688437	      4.18023835	     -1.84612659	     -0.00824526	     -0.00360284	     -0.00125501	    247.99493328	     25.32091218	     17.98458755	     -1.34468240	      0.72757720	     -7.83497901	      0.00000000	      0.00000000	      0.00000000	    116.51348576	   -551.11647973	    -38.69363362	     -3.60281784	      0.47619690	     -0.28617954	      0.00000000	      0.00000000	      0.00000000	    116.52210282	   -552.40908843	    -38.52444738	     -9.02350315	      1.78464454	    -35.42751083	      0.00000000	      0.00000000	      0.00000000	    103.58347233	    -17.21621999	     13.62220241	      0.07151924	      0.28999268	     -0.44688716	      0.00000000	      0.00000000	      0.00000000	     -7.98461460	     -8.95075716	      3.37485163	      0.00000000	     -0.00000000	      0.00000000	      0.00000000	      0.00000000	      0.00000000	      0.92261293	      0.71116060	     -0.60186927	      0.22079406	      0.01773404	     -0.01629344	     -0.00824526	     -0.00360284	      0.00125501	      0.05954021	     -0.01975345	      0.00419573	      0.00011463	      0.00000298	     -0.00164796	      0.00000000	      0.00000000	      0.00000000	     -0.31237449	      0.21006443	     -0.31373676	      0.00878787	      0.01993418	     -0.00448546	      0.00000000	      0.00000000	      0.00000000	     -0.29646226	      0.18789015	     -0.29186895	     -0.00793282	      0.03400591	      0.02171551	      0.00000000	      0.00000000	      0.00000000	     -0.05899631	     -0.00530394	     -0.03740843	     -0.00019529	      0.00045298	     -0.00116076	      0.00000000	      0.00000000	      0.00000000	     24.67580942	    -13.23591968	     -3.74820586	     -0.00000000	     -0.00000000	     -0.00000000	      0.00000000	      0.00000000	      0.00000000	      5.05351812	     -1.17499620	     -0.87989604	      0.31834572	      0.03348060	      1.85444339	      0.00000000	      0.00000000	      0.00000000	      3.28106990	     -0.49790599	     -0.55377481	      0.12668197	      0.04930633	      0.71746351	      0.00000000	      0.00000000	      0.00000000	      2.22703523	     -0.33334464	     -0.37464776	      0.08977180	      0.00960204	      0.53281894	      0.00000000	      0.00000000	      0.00000000	      1.14016123	     -0.14930451	     -0.18945058	      0.01338987	      0.00004593	      0.08245607	      0.00000000	      0.00000000	      0.00000000	      4.96693774	     -0.68238711	     -0.68774517	      0.25619399	     -0.02876209	      1.83041406	      0.00000000	      0.00000000	      0.00000000	      3.24106647	     -0.27030186	     -0.46499381	      0.09695550	     -0.05686764	      0.70777084	      0.00000000	      0.00000000	      0.00000000	      2.20042528	     -0.18194423	     -0.31559136	      0.07461675	     -0.01268982	      0.52638415	      0.00000000	      0.00000000	      0.00000000	      1.12840326	     -0.08240620	     -0.16335572	      0.01161294	      0.00004593	      0.08165542	      0.00000000	      0.00000000	      0.00000000
      1.99000000	     -0.00000000	      0.00000000	      0.00000000	      0.00000000	     -0.00000000	     -0.00000000	      0.00000000	      0.00000000	      0.00000000	   -380.88319238	  -1284.84118290	    690.61366203	      0.01969630	     -0.10554789	      0.00553727	      0.00000000	      0.00000000	      0.00000000	    111.22575082	   -466.67205171	     -3.02336640	      3.78306812	      3.93413543	     -1.74879350	     -0.00824526	     -0.00360284	     -0.00125501	    216.99204880	     16.87409301	     14.27293541	     -1.22517847	      0.63227353	     -6.73383752	      0.00000000	      0.00000000	      0.00000000	    118.15408015	   -538.59758932	    -38.26473056	     -3.70026570	      0.35774620	     -0.31488981	      0.00000000	      0.00000000	      0.00000000	    118.39064442	   -540.01006386	    -38.06374019	     -9.01597895	      1.63715456	    -34.90852257	      0.00000000	      0.00000000	      0.00000000	    103.06892810	    -15.75551659	     13.89353607	      0.09741402	      0.30163502	     -0.36778522	      0.00000000	      0.00000000	      0.00000000	     -5.74284961	     -7.35179543	      2.42887127	     -0.00000000	     -0.00000000	      0.00000000	      0.00000000	      0.00000000	      0.00000000	      0.61339145	      1.07778803	     -0.42901036	      0.16667729	      0.01338509	     -0.01024555	     -0.00824526	     -0.00360284	      0.00125501	      0.04525521	     -0.00685988	      0.00451353	      0.00012204	     -0.00000126	     -0.00125882	      0.00000000	      0.00000000	      0.00000000	     -0.22254332	      0.27182534	     -0.23722854	      0.00737477	      0.01443588	     -0.00335668	      0.00000000	      0.00000000	      0.00000000	     -0.21364386	      0.24224057	     -0.22024106	     -0.00597025	      0.02519083	      0.02213133	      0.00000000	      0.00000000	      0.00000000	     -0.05075396	     -0.00805264	     -0.02702388	     -0.00012170	      0.00019918	     -0.00182122	      0.00000000	      0.00000000	      0.00000000	     22.13298164	    -20.31091614	     -1.13314671	      0.00000000	      0.00000000	      0.00000000	      0.00000000	      0.00000000	      0.00000000	      4.42083056	     -1.77007554	     -0.36910541	      0.13529073	      0.02796411	      1.61553640	      0.00000000	      0.00000000	      0.00000000	      2.85780672	     -0.76908744	     -0.22584385	      0.05990896	      0.04493936	      0.62669128	      0.00000000	      0.00000000	      0.00000000	      1.93842386	     -0.50121713	     -0.15299877	      0.03800205	      0.00913615	      0.46424816	      0.00000000	      0.00000000	      0.00000000	      0.99098678	     -0.21990763	     -0.07666469	      0.00539723	      0.00001275	      0.07164479	      0.00000000	      0.00000000	      0.00000000	      4.39789111	     -1.75435670	     -0.15672017	      0.06133898	     -0.02645060	      1.60895945	      0.00000000	      0.00000000	      0.00000000	      2.84720782	     -0.76182474	     -0.12771379	      0.01709605	     -0.04766345	      0.62453278	      0.00000000	      0.00000000	      0.00000000	      1.93137356	     -0.49638604	     -0.08772346	      0.01944683	     -0.01025043	      0.46269326	      0.00000000	      0.00000000	      0.00000000	      0.98787151	     -0.21777295	     -0.04782192	      0.00343319	      0.00001275	      0.07143266	      0.00000000	      0.00000000	      0.00000000
      2.00000000	     -0.00000000	     -0.00000000	     -0.00000000	     -0.00000000	     -0.00000000	      0.00000000	      0.00000000	      0.00000000	      0.00000000	   -385.19783745	  -1269.54214822	    686.37158596	      0.00966612	     -0.09349973	      0.01042386	      0.00000000	      0.00000000	      0.00000000	    103.49021585	   -460.74561505	      2.62183615	      3.50462942	      3.71982755	     -1.60460214	     -0.00824526	     -0.00360284	     -0.00125501	    187.08438923	      9.74744419	     10.71853985	     -1.11051346	      0.54225486	     -5.67583605	      0.00000000	      0.00000000	      0.00000000	    119.69733942	   -527.26182272	    -37.74898545	     -3.78080081	      0.28051889	     -0.33135637	      0.00000000	      0.00000000	      0.00000000	    120.13370531	   -528.80359732	    -37.53004864	     -8.99629473	      1.52466339	    -34.42672732	      0.00000000	      0.00000000	      0.00000000	    101.86447571	    -14.45501934	     13.95016053	      0.11725303	      0.31126468	     -0.30022944	      0.00000000	      0.00000000	      0.00000000	     -3.52075115	     -6.43760824	      0.97891168	      0.00000000	     -0.00000000	      0.00000000	      0.00000000	      0.00000000	      0.00000000	      0.38293380	      0.76131136	     -0.18117141	      0.03905268	     -0.00275171	      0.00264461	     -0.00824526	     -0.00360284	      0.00125501	      0.02665153	     -0.00861594	     -0.00299385	     -0.00007822	      0.00000863	     -0.00075429	      0.00000000	      0.00000000	      0.00000000	     -0.11822115	      0.22586924	     -0.01856697	      0.00154883	     -0.00203556	      0.00019567	      0.00000000	      0.00000000	      0.00000000	     -0.11351037	      0.20197780	     -0.01435980	     -0.00063731	     -0.00158626	      0.01805960	      0.00000000	      0.00000000	      0.00000000	     -0.02796249	     -0.00184308	      0.00763216	      0.00005816	     -0.00078827	     -0.00126510	      0.00000000	      0.00000000	      0.00000000	     19.57405834	    -26.72290928	      1.80746442	      0.00000000	      0.00000000	      0.00000000	      0.00000000	      0.00000000	      0.00000000	      3.79261979	     -2.30816945	      0.23676866	     -0.08196748	      0.02232102	      1.37945779	      0.00000000	      0.00000000	      0.00000000	      2.44059056	     -1.01953164	      0.16232706	     -0.02012119	      0.04118178	      0.53712588	      0.00000000	      0.00000000	      0.00000000	      1.65382233	     -0.65641538	      0.10966105	     -0.02349354	      0.00889971	      0.39662518	      0.00000000	      0.00000000	      0.00000000	      0.84407522	     -0.28588343	      0.05697489	     -0.00406753	     -0.00001596	      0.06098518	      0.00000000	      0.00000000	      0.00000000	      3.85328452	     -2.77020465	      0.42814767	     -0.15555813	     -0.02438462	      1.39608035	      0.00000000	      0.00000000	      0.00000000	      2.46861997	     -1.23300946	      0.25075144	     -0.07167232	     -0.03833848	      0.54433428	      0.00000000	      0.00000000	      0.00000000	      1.67246726	     -0.79841909	      0.16848022	     -0.04259964	     -0.00770740	      0.40128659	      0.00000000	      0.00000000	      0.00000000	      0.85231374	     -0.34862967	      0.08296493	     -0.00583733	     -0.00001596	      0.06154618	      0.00000000	      0.00000000	      0.00000000
      2.01000000	      0.00000000	     -0.00000000	      0.00000000	     -0.00000000	     -0.00000000	      0.00000000	      0.00000000	      0.00000000	      0.00000000	   -390.17091085	  -1254.38954012	    681.17415324	     -0.00112437	     -0.08133986	      0.01587942	      0.00000000	      0.00000000	      0.00000000	     94.57839397	   -459.31745860	      7.69280131	      3.19116223	      3.51225155	     -1.49564957	     -0.00824526	     -0.00360284	     -0.00125501	    159.43448818	      4.17244395	      7.35136494	     -1.00790295	      0.46528200	     -4.70419250	      0.00000000	      0.00000000	      0.00000000	    120.01933690	   -518.14119963	    -36.93735440	     -3.84056526	      0.20715693	     -0.34386720	      0.00000000	      0.00000000	      0.00000000	    120.64670884	   -519.78041691	    -36.72214481	     -8.95793664	      1.40729723	    -33.99204686	      0.00000000	      0.00000000	      0.00000000	    100.02097470	    -13.39900206	     13.88697009	      0.12993276	      0.31552187	     -0.24791646	      0.00000000	      0.00000000	      0.00000000	     -1.36482422	     -3.57635652	      0.03874232	     -0.00000000	      0.00000000	     -0.00000000	      0.00000000	      0.00000000	      0.00000000	      0.03061339	      1.77567952	     -0.01269614	     -0.03080520	     -0.00788067	      0.01090660	     -0.00824526	     -0.00360284	      0.00125501	      0.01378405	      0.01602332	     -0.00581784	     -0.00015396	      0.00001108	     -0.00039488	      0.00000000	      0.00000000	      0.00000000	     -0.02120264	      0.40767401	      0.09691488	     -0.00049799	     -0.00997351	      0.00182602	      0.00000000	      0.00000000	      0.00000000	     -0.02504129	      0.36263611	      0.09372096	      0.00207656	     -0.01482862	      0.02522680	      0.00000000	      0.00000000	      0.00000000	     -0.02204625	     -0.00749798	      0.02345686	      0.00021060	     -0.00127356	     -0.00285737	      0.00000000	      0.00000000	      0.00000000	     16.79308393	    -33.43099515	      4.02508535	      0.00000000	     -0.00000000	      0.00000000	      0.00000000	      0.00000000	      0.00000000	      3.12498103	     -2.92768848	      0.71616727	     -0.25148472	      0.01671106	      1.12688760	      0.00000000	      0.00000000	      0.00000000	      1.99308105	     -1.30312866	      0.46529249	     -0.08110523	      0.03621515	      0.44101846	      0.00000000	      0.00000000	      0.00000000	      1.34835370	     -0.83286074	      0.31447957	     -0.07107655	      0.00827180	      0.32397468	      0.00000000	      0.00000000	      0.00000000	      0.68591853	     -0.36040071	      0.16067777	     -0.01140360	     -0.00004174	      0.04951614	      0.00000000	      0.00000000	      0.00000000	      3.24188409	     -3.75119395	      0.84808292	     -0.31369471	     -0.02150459	      1.15904238	      0.00000000	      0.00000000	      0.00000000	      2.04709471	     -1.68361950	      0.52624253	     -0.13801143	     -0.02914440	      0.45467079	      0.00000000	      0.00000000	      0.00000000	      1.38428314	     -1.08596014	      0.35502305	     -0.08817406	     -0.00534567	      0.33287003	      0.00000000	      0.00000000	      0.00000000	      0.70179444	     -0.47223608	      0.17859245	     -0.01262350	     -0.00004174	      0.05059721	      0.00000000	      0.00000000	      0.00000000
      2.02000000	      0.00000000	      0.00000000	     -0.00000000	      0.00000000	     -0.00000000	      0.00000000	      0.00000000	      0.00000000	      0.00000000	   -389.54337764	  -1241.19227023	    675.29926600	     -0.01209862	     -0.06757538	      0.02133805	      0.00000000	      0.00000000	      0.00000000	     83.87347301	   -463.87757771	     11.68772860	      3.08526824	      3.30654302	     -1.44970097	     -0.00824526	     -0.00360284	     -0.00125501	    134.49647277	     -0.07694976	      4.20745426	     -0.91862897	      0.40237261	     -3.82997889	      0.00000000	      0.00000000	      0.00000000	    119.66354351	   -510.93184728	    -36.10333997	     -3.86686212	      0.15237039	     -0.35028752	      0.00000000	      0.00000000	      0.00000000	    120.46369299	   -512.64907079	    -35.88062650	     -8.89876885	      1.31088109	    -33.60937893	      0.00000000	      0.00000000	      0.00000000	     97.52852540	    -12.66875229	     13.67939513	      0.13504651	      0.31691729	     -0.21733695	      0.00000000	      0.00000000	      0.00000000	      0.63613219	     -0.33277068	     -0.92826860	     -0.00000000	     -0.00000000	      0.00000000	      0.00000000	      0.00000000	      0.00000000	     -0.29665593	      2.94158965	      0.15732808	     -0.10313753	     -0.01319639	      0.01951147	     -0.00824526	     -0.00360284	      0.00125501	      0.00232497	      0.04227972	     -0.00908320	     -0.00024132	      0.00001496	     -0.00007067	      0.00000000	      0.00000000	      0.00000000	      0.06643532	      0.62169973	      0.21809588	     -0.00257702	     -0.01820901	      0.00351271	      0.00000000	      0.00000000	      0.00000000	      0.05403648	      0.55202309	      0.20711967	      0.00487476	     -0.02872854	      0.03466498	      0.00000000	      0.00000000	      0.00000000	     -0.01949187	     -0.01348286	      0.04003542	      0.00035865	     -0.00183025	     -0.00464711	      0.00000000	      0.00000000	      0.00000000	     12.91209863	    -39.67406913	      5.86251755	      0.00000000	     -0.00000000	      0.00000000	      0.00000000	      0.00000000	      0.00000000	      2.22928889	     -3.51390332	      1.07947713	     -0.38050256	      0.01000291	      0.79086001	      0.00000000	      0.00000000	      0.00000000	      1.39789895	     -1.56773113	      0.69685391	     -0.12716304	      0.02826729	      0.31273954	      0.00000000	      0.00000000	      0.00000000	      0.94310753	     -0.99595014	      0.47093437	     -0.10739289	      0.00691407	      0.22750014	      0.00000000	      0.00000000	      0.00000000	      0.47692942	     -0.42794480	      0.24010411	     -0.01702936	     -0.00006321	      0.03436977	      0.00000000	      0.00000000	      0.00000000	      2.39439731	     -4.68386258	      1.21150653	     -0.44804235	     -0.01702541	      0.83626131	      0.00000000	      0.00000000	      0.00000000	      1.47418532	     -2.10829679	      0.75785652	     -0.19412915	     -0.01785054	      0.33204599	      0.00000000	      0.00000000	      0.00000000	      0.99385259	     -1.35553000	      0.51151280	     -0.12630793	     -0.00261482	      0.24007250	      0.00000000	      0.00000000	      0.00000000	      0.49935181	     -0.58682998	      0.25803424	     -0.01825031	     -0.00006321	      0.03589663	      0.00000000	      0.00000000	      0.00000000
      2.03000000	     -0.00000000	      0.00000000	      0.00000000	     -0.00000000	      0.00000000	      0.00000000	      0.00000000	      0.00000000	      0.00000000	   -384.84240643	  -1232.62348740	    668.34035742	     -0.02211583	     -0.05754070	      0.02627178	      0.00000000	      0.00000000	      0.00000000	     71.87732715	   -477.48882949	     14.81964526	      3.05210335	      3.10202263	     -1.49123950	     -0.00824526	     -0.00360284	     -0.00125501	    113.42810491	     -3.09716871	      1.39978821	     -0.84711772	      0.35445804	     -3.08973831	      0.00000000	      0.00000000	      0.00000000	    118.05288603	   -506.02769598	    -35.04366473	     -3.86525450	      0.09951037	     -0.35415977	      0.00000000	      0.00000000	      0.00000000	    118.99849747	   -507.76682754	    -34.82089690	     -8.81711945	      1.21242790	    -33.27673369	      0.00000000	      0.00000000	      0.00000000	     94.52006439	    -12.24605392	     13.40449517	      0.13317832	      0.31543712	     -0.20463347	      0.00000000	      0.00000000	      0.00000000	      2.71677076	      4.04829082	     -1.32874773	     -0.00000000	      0.00000000	      0.00000000	      0.00000000	      0.00000000	      0.00000000	     -0.66011400	      4.67978582	      0.23451881	     -0.09685907	     -0.00604694	      0.02017475	     -0.00824526	     -0.00360284	      0.00125501	     -0.00598594	      0.07919085	     -0.00485445	     -0.00012976	      0.00000576	      0.00017347	      0.00000000	      0.00000000	      0.00000000	      0.13796709	      0.93055712	      0.18923166	      0.00022523	     -0.01483691	      0.00261283	      0.00000000	      0.00000000	      0.00000000	      0.11549031	      0.82429223	      0.17867051	      0.00435131	     -0.02363311	      0.04773569	      0.00000000	      0.00000000	      0.00000000	     -0.02744945	     -0.02926724	      0.03064037	      0.00047016	     -0.00154954	     -0.00763510	      0.00000000	      0.00000000	      0.00000000	      7.76565951	    -46.00061362	      7.02159755	     -0.00000000	     -0.00000000	      0.00000000	      0.00000000	      0.00000000	      0.00000000	      1.07026594	     -4.17365294	      1.25598418	     -0.44438828	      0.00216728	      0.35768824	      0.00000000	      0.00000000	      0.00000000	      0.63110061	     -1.86491855	      0.81509015	     -0.14863245	      0.01661943	      0.14740235	      0.00000000	      0.00000000	      0.00000000	      0.42181188	     -1.17914414	      0.55085953	     -0.12573899	      0.00461958	      0.10341295	      0.00000000	      0.00000000	      0.00000000	      0.20868130	     -0.50340621	      0.28133584	     -0.01996477	     -0.00007495	      0.01492349	      0.00000000	      0.00000000	      0.00000000	      1.27046255	     -5.60574931	      1.47549124	     -0.54255065	     -0.01054986	      0.41271330	      0.00000000	      0.00000000	      0.00000000	      0.72359906	     -2.52660153	      0.91651076	     -0.23398125	     -0.00425270	      0.17085991	      0.00000000	      0.00000000	      0.00000000	      0.48334110	     -1.61929025	      0.61832369	     -0.15235868	      0.00048885	      0.11867478	      0.00000000	      0.00000000	      0.00000000	      0.23586881	     -0.69789068	      0.31114579	     -0.02199467	     -0.00007495	      0.01677482	      0.00000000	      0.00000000	      0.00000000
      2.04000000	      0.00000000	      0.00000000	     -0.00000000	      0.00000000	     -0.00000000	     -0.00000000	      0.00000000	      0.00000000	      0.00000000	   -375.58751942	  -1232.94819647	    661.76739569	     -0.03003814	     -0.05627003	      0.03030640	      0.00000000	      0.00000000	      0.00000000	     58.61282937	   -502.44583223	     16.94828442	      3.28839878	      2.94691153	     -1.58574773	     -0.00824526	     -0.00360284	     -0.00125501	     96.56549145	     -5.10577423	     -1.05927533	     -0.79510273	      0.32145819	     -2.49160061	      0.00000000	      0.00000000	      0.00000000	    115.31420400	   -503.21175621	    -34.21289116	     -3.82922952	      0.09130325	     -0.34705341	      0.00000000	      0.00000000	      0.00000000	    116.37447552	   -504.89471390	    -33.98159821	     -8.72479088	      1.17660961	    -32.98202131	      0.00000000	      0.00000000	      0.00000000	     91.19784931	    -12.08207833	     12.99630769	      0.12590710	      0.31592509	     -0.20474139	      0.00000000	      0.00000000	      0.00000000	      5.20083978	      7.21800273	     -1.98109515	      0.00000000	      0.00000000	      0.00000000	      0.00000000	      0.00000000	      0.00000000	     -0.97644235	      5.41983647	      0.34045173	     -0.16262714	     -0.00978925	      0.02567030	     -0.00824526	     -0.00360284	      0.00125501	     -0.02264226	      0.09626833	     -0.01003061	     -0.00026765	      0.00001407	      0.00063682	      0.00000000	      0.00000000	      0.00000000	      0.23470820	      1.07352818	      0.30713112	     -0.00239068	     -0.02208974	      0.00418246	      0.00000000	      0.00000000	      0.00000000	      0.20541993	      0.95008689	      0.28840809	      0.00698894	     -0.03638434	      0.05263678	      0.00000000	      0.00000000	      0.00000000	     -0.01514324	     -0.03408323	      0.04514046	      0.00065681	     -0.00187826	     -0.00897715	      0.00000000	      0.00000000	      0.00000000	      0.11378915	    -49.81094259	      7.73591214	      0.00000000	      0.00000000	      0.00000000	      0.00000000	      0.00000000	      0.00000000	     -0.56130042	     -4.73711962	      1.47359670	     -0.51835045	     -0.00869511	     -0.25129124	      0.00000000	      0.00000000	      0.00000000	     -0.44791318	     -2.13099086	      0.94812450	     -0.17317818	     -0.00006053	     -0.08645459	      0.00000000	      0.00000000	      0.00000000	     -0.31252823	     -1.34390225	      0.64087897	     -0.14612483	      0.00127236	     -0.07181601	      0.00000000	      0.00000000	      0.00000000	     -0.16972309	     -0.57236356	      0.32640563	     -0.02313882	     -0.00008531	     -0.01248732	      0.00000000	      0.00000000	      0.00000000	     -0.34939242	     -6.20802100	      1.57900473	     -0.58778892	     -0.00063937	     -0.19296483	      0.00000000	      0.00000000	      0.00000000	     -0.35000362	     -2.81060322	      0.99682702	     -0.25599499	      0.01406595	     -0.06178522	      0.00000000	      0.00000000	      0.00000000	     -0.24739959	     -1.79597485	      0.67327549	     -0.16653555	      0.00449722	     -0.05572014	      0.00000000	      0.00000000	      0.00000000	     -0.14094513	     -0.77211790	      0.34072046	     -0.02411359	     -0.00008531	     -0.01052768	      0.00000000	      0.00000000	      0.00000000
      2.05000000	      0.00000000	     -0.00000000	      0.00000000	     -0.00000000	      0.00000000	      0.00000000	      0.00000000	      0.00000000	      0.00000000	   -367.95563363	  -1236.95908133	    653.81194845	     -0.03574488	     -0.05968279	      0.03302432	      0.00000000	      0.00000000	      0.00000000	     44.44175689	   -536.13323905	     18.64007117	      3.58366664	      2.84651333	     -1.73277654	     -0.00824526	     -0.00360284	     -0.00125501	     83.30127036	     -6.14664173	     -3.28635117	     -0.76232860	      0.30165886	     -2.02688372	      0.00000000	      0.00000000	      0.00000000	    111.18868490	   -501.54635999	    -33.41525169	     -3.76927176	      0.12844075	     -0.33043614	      0.00000000	      0.00000000	      0.00000000	    112.35150797	   -503.13528683	    -33.20418150	     -8.61756736	      1.19404445	    -32.66784104	      0.00000000	      0.00000000	      0.00000000	     87.85930975	    -12.14833908	     12.46945591	      0.11436551	      0.31753987	     -0.21701323	      0.00000000	      0.00000000	      0.00000000	      8.58257224	     11.56250956	     -2.11694093	     -0.00000000	     -0.00000000	     -0.00000000	      0.00000000	      0.00000000	      0.00000000	     -1.43448654	      6.63388358	      0.35508077	     -0.17465467	     -0.00396847	      0.02545439	     -0.00824526	     -0.00360284	      0.00125501	     -0.04321476	      0.12366574	     -0.01079620	     -0.00028870	      0.00001385	      0.00120697	      0.00000000	      0.00000000	      0.00000000	      0.35772021	      1.29572524	      0.32813741	     -0.00254421	     -0.02154033	      0.00410127	      0.00000000	      0.00000000	      0.00000000	      0.31766217	      1.14472971	      0.30648209	      0.00700595	     -0.03641683	      0.05924289	      0.00000000	      0.00000000	      0.00000000	     -0.00637958	     -0.04668504	      0.04270238	      0.00079642	     -0.00158974	     -0.01136914	      0.00000000	      0.00000000	      0.00000000	     -9.38461896	    -53.93779943	      7.95417875	      0.00000000	      0.00000000	      0.00000000	      0.00000000	      0.00000000	      0.00000000	     -2.58253295	     -5.38130998	      1.54196797	     -0.54020929	     -0.02155362	     -1.00387473	      0.00000000	      0.00000000	      0.00000000	     -1.78050231	     -2.43001352	      0.99039061	     -0.17796532	     -0.02160097	     -0.37522346	      0.00000000	      0.00000000	      0.00000000	     -1.21851972	     -1.52779575	      0.66954546	     -0.15210098	     -0.00322351	     -0.28794398	      0.00000000	      0.00000000	      0.00000000	     -0.63581621	     -0.64790900	      0.34082997	     -0.02415518	     -0.00008659	     -0.04626198	      0.00000000	      0.00000000	      0.00000000	     -2.36424273	     -6.85517131	      1.61142376	     -0.60368880	      0.01193707	     -0.94371589	      0.00000000	      0.00000000	      0.00000000	     -1.67964393	     -3.11099349	      1.02248182	     -0.26601394	      0.03612191	     -0.34995860	      0.00000000	      0.00000000	      0.00000000	     -1.15142955	     -1.98077806	      0.69089227	     -0.17161234	      0.00920898	     -0.27141734	      0.00000000	      0.00000000	      0.00000000	     -0.60617152	     -0.84806531	      0.35026235	     -0.02479748	     -0.00008659	     -0.04424332	      0.00000000	      0.00000000	      0.00000000
      2.06000000	     -0.00000000	     -0.00000000	      0.00000000	      0.00000000	     -0.00000000	      0.00000000	      0.00000000	      0.00000000	      0.00000000	   -353.79341737	  -1245.53706013	    643.98808474	     -0.03929060	     -0.06250578	      0.03458671	      0.00000000	      0.00000000	      0.00000000	     27.61267520	   -577.58680489	     19.90654147	      3.68282389	      2.59995390	     -1.98199810	     -0.00824526	     -0.00360284	     -0.00125501	     72.49977746	     -6.41585401	     -5.47341286	     -0.74615326	      0.29188842	     -1.66240540	      0.00000000	      0.00000000	      0.00000000	    107.08476799	   -501.47415320	    -31.77304604	     -3.71135816	      0.07891809	     -0.33091994	      0.00000000	      0.00000000	      0.00000000	    108.33717403	   -502.91469152	    -31.60060066	     -8.48395668	      1.08399345	    -32.45119835	      0.00000000	      0.00000000	      0.00000000	     84.67932486	    -12.47112421	     12.17051337	      0.09922588	      0.30789803	     -0.24136846	      0.00000000	      0.00000000	      0.00000000	     12.03442699	     17.84761775	     -1.06742554	     -0.00000000	     -0.00000000	     -0.00000000	      0.00000000	      0.00000000	      0.00000000	     -1.95305774	      9.15947260	      0.17689125	     -0.05122741	      0.02058746	      0.01523435	     -0.00824526	     -0.00360284	      0.00125501	     -0.05381720	      0.17464457	      0.00045067	      0.00000944	     -0.00000917	      0.00150888	      0.00000000	      0.00000000	      0.00000000	      0.46048225	      1.73233370	      0.10556013	      0.00606503	     -0.00354802	     -0.00001990	      0.00000000	      0.00000000	      0.00000000	      0.40642546	      1.52770131	      0.09501506	      0.00193961	     -0.00680172	      0.07497030	      0.00000000	      0.00000000	      0.00000000	     -0.01622930	     -0.07714933	      0.00098308	      0.00098622	     -0.00007902	     -0.01620842	      0.00000000	      0.00000000	      0.00000000	    -20.62300214	    -58.71437562	      7.40368785	     -0.00000000	     -0.00000000	     -0.00000000	      0.00000000	      0.00000000	      0.00000000	     -4.97115394	     -6.17308339	      1.41576040	     -0.49301904	     -0.03622626	     -1.89351836	      0.00000000	      0.00000000	      0.00000000	     -3.35624853	     -2.79505380	      0.91233180	     -0.15606450	     -0.04809408	     -0.71652726	      0.00000000	      0.00000000	      0.00000000	     -2.28946255	     -1.75292431	      0.61683291	     -0.13880033	     -0.00894029	     -0.54336869	      0.00000000	      0.00000000	      0.00000000	     -1.18669025	     -0.74030504	      0.31433653	     -0.02228425	     -0.00008091	     -0.08617362	      0.00000000	      0.00000000	      0.00000000	     -4.76826230	     -7.55119012	      1.51707506	     -0.57066537	      0.02727718	     -1.83761828	      0.00000000	      0.00000000	      0.00000000	     -3.26250488	     -3.43179150	      0.95914302	     -0.25675433	      0.06159163	     -0.69301532	      0.00000000	      0.00000000	      0.00000000	     -2.22710504	     -2.17647703	      0.64797135	     -0.16214972	      0.01450277	     -0.52799714	      0.00000000	      0.00000000	      0.00000000	     -1.15913675	     -0.92745749	      0.32809547	     -0.02322116	     -0.00008091	     -0.08429737	      0.00000000	      0.00000000	      0.00000000
      2.07000000	      0.00000000	      0.00000000	      0.00000000	      0.00000000	      0.00000000	     -0.00000000	      0.00000000	      0.00000000	      0.00000000	   -337.00960349	  -1257.90977828	    634.47932431	     -0.04201042	     -0.06161926	      0.03527157	      0.00000000	      0.00000000	      0.00000000	      8.52292107	   -624.90368060	     20.58435112	      4.04039555	      2.37273289	     -2.26459197	     -0.00824526	     -0.00360284	     -0.00125501	     63.99281325	     -6.02389415	     -7.65815661	     -0.74613135	      0.29344036	     -1.39884016	      0.00000000	      0.00000000	      0.00000000	    102.90536486	   -504.25587111	    -30.75417280	     -3.64424530	      0.07874570	     -0.32366484	      0.00000000	      0.00000000	      0.00000000	    104.23091351	   -505.46925831	    -30.60567585	     -8.38662912	      1.05512679	    -32.37500661	      0.00000000	      0.00000000	      0.00000000	     81.90495622	    -12.90006771	     11.81416934	      0.08366403	      0.30116783	     -0.26618084	      0.00000000	      0.00000000	      0.00000000	     15.99417555	     23.86227084	     -0.14081743	      0.00000000	      0.00000000	     -0.00000000	      0.00000000	      0.00000000	      0.00000000	     -2.47159519	     11.12689023	      0.00066561	      0.02975592	      0.03868949	      0.00813568	     -0.00824526	     -0.00360284	      0.00125501	     -0.07178983	      0.21487859	      0.00617921	      0.00016101	     -0.00002259	      0.00200653	      0.00000000	      0.00000000	      0.00000000	      0.59080469	      2.07820801	     -0.02712670	      0.01058217	      0.00776349	     -0.00251478	      0.00000000	      0.00000000	      0.00000000	      0.52341927	      1.83037897	     -0.03134295	     -0.00171043	      0.01172515	      0.08585841	      0.00000000	      0.00000000	      0.00000000	     -0.01370897	     -0.10097826	     -0.02456281	      0.00116656	      0.00099362	     -0.02012761	      0.00000000	      0.00000000	      0.00000000	    -34.01654487	    -62.18668895	      6.44476999	      0.00000000	      0.00000000	      0.00000000	      0.00000000	      0.00000000	      0.00000000	     -7.78811924	     -6.91222034	      1.23228246	     -0.42423901	     -0.05337268	     -2.94113258	      0.00000000	      0.00000000	      0.00000000	     -5.21163567	     -3.13845619	      0.79508153	     -0.12595349	     -0.07948340	     -1.11891823	      0.00000000	      0.00000000	      0.00000000	     -3.55031347	     -1.96353181	      0.53762768	     -0.11921176	     -0.01574721	     -0.84423990	      0.00000000	      0.00000000	      0.00000000	     -1.83500130	     -0.82590803	      0.27409136	     -0.01943242	     -0.00007029	     -0.13314085	      0.00000000	      0.00000000	      0.00000000	     -7.61172899	     -8.09993549	      1.32531461	     -0.50372299	      0.04557522	     -2.89251505	      0.00000000	      0.00000000	      0.00000000	     -5.13013666	     -3.68722575	      0.83806592	     -0.23423583	      0.09127160	     -1.09851444	      0.00000000	      0.00000000	      0.00000000	     -3.49610100	     -2.32856883	      0.56622055	     -0.14345151	      0.02060544	     -0.83088973	      0.00000000	      0.00000000	      0.00000000	     -1.81104679	     -0.98720453	      0.28672550	     -0.02029274	     -0.00007029	     -0.13150967	      0.00000000	      0.00000000	      0.00000000
      2.08000000	     -0.00000000	      0.00000000	     -0.00000000	      0.00000000	     -0.00000000	     -0.00000000	      0.00000000	      0.00000000	      0.00000000	   -313.29976896	  -1273.08256801	    620.98660650	     -0.05101978	     -0.05185213	      0.03856362	      0.00000000	      0.00000000	      0.00000000	    -10.95092991	   -677.75970101	     21.37351855	      4.29332237	      2.11394488	     -2.63582216	     -0.00824526	     -0.00360284	     -0.00125501	     57.69780411	     -5.46224456	     -9.16685347	     -0.74433914	      0.28683242	     -1.21986543	      0.00000000	      0.00000000	      0.00000000	     99.23959894	   -513.76262226	    -30.07789675	     -3.60943407	      0.05576644	     -0.32044392	      0.00000000	      0.00000000	      0.00000000	    100.63321375	   -514.71011703	    -29.97218210	     -8.38080221	      1.01904657	    -32.68880992	      0.00000000	      0.00000000	      0.00000000	     79.72690098	    -13.37674530	     11.59396708	      0.06968787	      0.29979302	     -0.28701098	      0.00000000	      0.00000000	      0.00000000	     20.29361529	     29.90601751	      1.26160352	     -0.00000000	     -0.00000000	      0.00000000	      0.00000000	      0.00000000	      0.00000000	     -3.00635225	     12.93716413	     -0.25944880	      0.17382139	      0.06348530	     -0.00424833	     -0.00824526	     -0.00360284	      0.00125501	     -0.09412704	      0.25070023	      0.01837328	      0.00048393	     -0.00004891	      0.00262488	      0.00000000	      0.00000000	      0.00000000	      0.72948056	      2.41264461	     -0.27724442	      0.01837076	      0.02646397	     -0.00667380	      0.00000000	      0.00000000	      0.00000000	      0.64773724	      2.12205367	     -0.26751020	     -0.00798445	      0.04371995	      0.09421555	      0.00000000	      0.00000000	      0.00000000	     -0.01238853	     -0.12961300	     -0.06602663	      0.00133079	      0.00263511	     -0.02430723	      0.00000000	      0.00000000	      0.00000000	    -48.62448497	    -65.30739314	      5.56350902	      0.00000000	     -0.00000000	      0.00000000	      0.00000000	      0.00000000	      0.00000000	    -10.85875917	     -7.63623205	      1.06167567	     -0.36106448	     -0.07211507	     -4.08198173	      0.00000000	      0.00000000	      0.00000000	     -7.23197445	     -3.47440654	      0.68823118	     -0.09831879	     -0.11348190	     -1.55723481	      0.00000000	      0.00000000	      0.00000000	     -4.92301485	     -2.16845872	      0.46559311	     -0.10141789	     -0.02308562	     -1.17182208	      0.00000000	      0.00000000	      0.00000000	     -2.54053436	     -0.90838399	      0.23775311	     -0.01686054	     -0.00005978	     -0.18424643	      0.00000000	      0.00000000	      0.00000000	    -10.70633835	     -8.62658181	      1.15954980	     -0.44596175	      0.06536584	     -4.03990485	      0.00000000	      0.00000000	      0.00000000	     -7.16155024	     -3.93198578	      0.73345275	     -0.21506776	      0.12376838	     -1.53973199	      0.00000000	      0.00000000	      0.00000000	     -4.87616924	     -2.47283670	      0.49567413	     -0.12735431	      0.02732758	     -1.16033304	      0.00000000	      0.00000000	      0.00000000	     -2.51983499	     -1.04287748	      0.25104482	     -0.01776564	     -0.00005978	     -0.18283691	      0.00000000	      0.00000000	      0.00000000
      2.09000000	     -0.00000000	      0.00000000	     -0.00000000	     -0.00000000	      0.00000000	      0.00000000	      0.00000000	      0.00000000	      0.00000000	   -287.60727405	  -1284.32928436	    605.69838380	     -0.05954469	     -0.04127916	      0.04043152	      0.00000000	      0.00000000	      0.00000000	    -31.60979221	   -727.56680551	     22.34145451	      4.45425581	      1.86401848	     -3.02548749	     -0.00824526	     -0.00360284	     -0.00125501	     52.46057667	     -4.63710529	    -10.48781296	     -0.74416283	      0.28289449	     -1.09510074	      0.00000000	      0.00000000	      0.00000000	     96.61283015	   -530.27549959	    -29.83926900	     -3.62533321	      0.01772395	     -0.31449863	      0.00000000	      0.00000000	      0.00000000	     98.08123251	   -531.00856177	    -29.79416124	     -8.49306045	      0.98464322	    -33.42812444	      0.00000000	      0.00000000	      0.00000000	     78.02458991	    -13.84882646	     11.42894774	      0.05701436	      0.29574942	     -0.30857596	      0.00000000	      0.00000000	      0.00000000	     24.85843455	     36.90968837	      2.66105303	      0.00000000	      0.00000000	     -0.00000000	      0.00000000	      0.00000000	      0.00000000	     -3.59588617	     15.32503117	     -0.52587926	      0.30321674	      0.08662328	     -0.01343511	     -0.00824526	     -0.00360284	      0.00125501	     -0.11377275	      0.29759627	      0.02847337	      0.00075137	     -0.00007183	      0.00316584	      0.00000000	      0.00000000	      0.00000000	      0.89954703	      2.83553537	     -0.49012343	      0.02527049	      0.04209619	     -0.01019216	      0.00000000	      0.00000000	      0.00000000	      0.80049914	      2.49190628	     -0.46826883	     -0.01361808	      0.07094234	      0.10662472	      0.00000000	      0.00000000	      0.00000000	     -0.00986458	     -0.16060116	     -0.10045539	      0.00156653	      0.00401867	     -0.02922482	      0.00000000	      0.00000000	      0.00000000	    -63.73062449	    -69.30265960	      4.85316598	     -0.00000000	      0.00000000	     -0.00000000	      0.00000000	      0.00000000	      0.00000000	    -14.03722134	     -8.43651672	      0.94518096	     -0.31480627	     -0.09170310	     -5.26383845	      0.00000000	      0.00000000	      0.00000000	     -9.32494350	     -3.84404131	      0.61010194	     -0.07613230	     -0.14846718	     -2.01131636	      0.00000000	      0.00000000	      0.00000000	     -6.34540637	     -2.39386946	      0.41268747	     -0.08787789	     -0.03060157	     -1.51130287	      0.00000000	      0.00000000	      0.00000000	     -3.27190048	     -0.99913181	      0.21043788	     -0.01491734	     -0.00005322	     -0.23723592	      0.00000000	      0.00000000	      0.00000000	    -13.90650275	     -9.28862903	      0.99755260	     -0.39133700	      0.08579844	     -5.22775772	      0.00000000	      0.00000000	      0.00000000	     -9.26454654	     -4.23774959	      0.63429963	     -0.19810425	      0.15748844	     -1.99629576	      0.00000000	      0.00000000	      0.00000000	     -6.30523080	     -2.65576100	      0.42878358	     -0.11238774	      0.03431676	     -1.50144606	      0.00000000	      0.00000000	      0.00000000	     -3.25414837	     -1.11485210	      0.21755016	     -0.01540165	     -0.00005322	     -0.23602709	      0.00000000	      0.00000000	      0.00000000
      2.10000000	      0.00000000	     -0.00000000	      0.00000000	     -0.00000000	      0.00000000	      0.00000000	      0.00000000	      0.00000000	      0.00000000	   -260.35944030	  -1294.75098467	    591.44891027	     -0.06560268	     -0.03296338	      0.04057513	      0.00000000	      0.00000000	      0.00000000	    -53.85584100	   -774.84918932	     23.26821190	      4.57621326	      1.57726284	     -3.44040716	     -0.00824526	     -0.00360284	     -0.00125501	     48.21257480	     -3.67399131	    -11.77032268	     -0.75057393	      0.28251690	     -1.01415138	      0.00000000	      0.00000000	      0.00000000	     96.63106132	   -552.25464890	    -29.77985646	     -3.68159066	     -0.05120941	     -0.31793884	      0.00000000	      0.00000000	      0.00000000	     98.17322943	   -552.76698154	    -29.78931796	     -8.68918013	      0.91331639	    -34.59749685	      0.00000000	      0.00000000	      0.00000000	     77.08349432	    -14.39259911	     11.40863796	      0.04599624	      0.28807264	     -0.33149162	      0.00000000	      0.00000000	      0.00000000	     29.06447598	     44.61805388	      4.27357754	     -0.00000000	     -0.00000000	      0.00000000	      0.00000000	      0.00000000	      0.00000000	     -4.12136658	     18.05118663	     -0.82199389	      0.46545761	      0.11208382	     -0.02302523	     -0.00824526	     -0.00360284	      0.00125501	     -0.12785181	      0.35002357	      0.04233402	      0.00111898	     -0.00010240	      0.00356076	      0.00000000	      0.00000000	      0.00000000	      1.05610003	      3.30992519	     -0.76273927	      0.03504478	      0.06081012	     -0.01456654	      0.00000000	      0.00000000	      0.00000000	      0.93898314	      2.90762949	     -0.72464838	     -0.02008477	      0.10434199	      0.12176693	      0.00000000	      0.00000000	      0.00000000	     -0.01580516	     -0.19538098	     -0.14237069	      0.00181000	      0.00554948	     -0.03464508	      0.00000000	      0.00000000	      0.00000000	    -78.57466794	    -73.89725955	      4.08617542	      0.00000000	      0.00000000	      0.00000000	      0.00000000	      0.00000000	      0.00000000	    -17.16800241	     -9.29735562	      0.79873849	     -0.25808127	     -0.11093919	     -6.42865662	      0.00000000	      0.00000000	      0.00000000	    -11.38787923	     -4.24388291	      0.51421217	     -0.04971804	     -0.18310642	     -2.45866628	      0.00000000	      0.00000000	      0.00000000	     -7.74747785	     -2.63901643	      0.34774171	     -0.07145041	     -0.03807071	     -1.84586870	      0.00000000	      0.00000000	      0.00000000	     -3.99295895	     -1.09899345	      0.17715600	     -0.01255593	     -0.00004572	     -0.28947867	      0.00000000	      0.00000000	      0.00000000	    -17.05906098	    -10.02482835	      0.83342073	     -0.33482556	      0.10596766	     -6.39861852	      0.00000000	      0.00000000	      0.00000000	    -11.33754415	     -4.58000297	      0.53023669	     -0.18049285	      0.19067550	     -2.44608626	      0.00000000	      0.00000000	      0.00000000	     -7.71399537	     -2.86260075	      0.35840109	     -0.09659353	      0.04118433	     -1.83763137	      0.00000000	      0.00000000	      0.00000000	     -3.97816427	     -1.19778718	      0.18186599	     -0.01287666	     -0.00004572	     -0.28847123	      0.00000000	      0.00000000	      0.00000000
      2.11000000	     -0.00000000	      0.00000000	     -0.00000000	      0.00000000	     -0.00000000	      0.00000000	      0.00000000	      0.00000000	      0.00000000	   -237.66107877	  -1307.88008211	    580.69085042	     -0.07016241	     -0.02944098	      0.04061210	      0.00000000	      0.00000000	      0.00000000	    -74.71093758	   -819.01032358	     24.20125926	      4.84749426	      1.35218203	     -3.82356055	     -0.00824526	     -0.00360284	     -0.00125501	     45.44859939	     -2.79784872	    -12.95387249	     -0.76753832	      0.28464044	     -0.97730884	      0.00000000	      0.00000000	      0.00000000	     96.87253597	   -574.59889148	    -30.37461532	     -3.74340536	     -0.08319670	     -0.32132127	      0.00000000	      0.00000000	      0.00000000	     98.47183426	   -574.92990837	    -30.41973540	     -8.92358163	      0.91138660	    -35.80083982	      0.00000000	      0.00000000	      0.00000000	     76.80413896	    -14.85553739	     11.39998129	      0.03818814	      0.28453107	     -0.34722628	      0.00000000	      0.00000000	      0.00000000	     33.11548419	     51.09795425	      5.22137582	      0.00000000	     -0.00000000	     -0.00000000	      0.00000000	      0.00000000	      0.00000000	     -4.60967450	     20.01973156	     -1.03728214	      0.54929391	      0.12620131	     -0.02709780	     -0.00824526	     -0.00360284	      0.00125501	     -0.14969459	      0.38390176	      0.04832579	      0.00127669	     -0.00011688	      0.00415854	      0.00000000	      0.00000000	      0.00000000	      1.24375143	      3.70684910	     -0.88863953	      0.03769060	      0.06846245	     -0.01621037	      0.00000000	      0.00000000	      0.00000000	      1.10962423	      3.25472719	     -0.84155597	     -0.02474133	      0.11933760	      0.13359454	      0.00000000	      0.00000000	      0.00000000	     -0.00643517	     -0.22068148	     -0.15627981	      0.00206148	      0.00621732	     -0.03905318	      0.00000000	      0.00000000	      0.00000000	    -92.63960853	    -77.64472900	      3.83692624	     -0.00000000	      0.00000000	      0.00000000	      0.00000000	      0.00000000	      0.00000000	    -20.13871019	    -10.00864029	      0.74890638	     -0.23801530	     -0.12940118	     -7.53237950	      0.00000000	      0.00000000	      0.00000000	    -13.34234040	     -4.57323853	      0.48304974	     -0.03842708	     -0.21542824	     -2.88268095	      0.00000000	      0.00000000	      0.00000000	     -9.07550320	     -2.83913912	      0.32671893	     -0.06569978	     -0.04494991	     -2.16278344	      0.00000000	      0.00000000	      0.00000000	     -4.67552348	     -1.17934735	      0.16655260	     -0.01180576	     -0.00004317	     -0.33892172	      0.00000000	      0.00000000	      0.00000000	    -20.03716461	    -10.68283324	      0.78730545	     -0.32029344	      0.12472450	     -7.50437350	      0.00000000	      0.00000000	      0.00000000	    -13.29542248	     -4.88474131	      0.50079157	     -0.17837803	      0.22256747	     -2.87096885	      0.00000000	      0.00000000	      0.00000000	     -9.04429378	     -3.04634823	      0.33852065	     -0.09261657	      0.04788537	     -2.15511041	      0.00000000	      0.00000000	      0.00000000	     -4.66173318	     -1.27090547	      0.17176735	     -0.01216086	     -0.00004317	     -0.33798267	      0.00000000	      0.00000000	      0.00000000
      2.12000000	     -0.00000000	     -0.00000000	     -0.00000000	      0.00000000	     -0.00000000	     -0.00000000	      0.00000000	      0.00000000	      0.00000000	   -221.70125004	  -1324.00511973	    572.79188065	     -0.07292440	     -0.03032536	      0.04080465	      0.00000000	      0.00000000	      0.00000000	    -93.08641938	   -859.43856681	     25.50727410	      4.79051782	      1.15800815	     -4.20190175	     -0.00824526	     -0.00360284	     -0.00125501	     43.96207572	     -2.06826599	    -14.09250488	     -0.79390149	      0.28935905	     -0.97165616	      0.00000000	      0.00000000	      0.00000000	     97.55144529	   -596.95498643	    -30.59021241	     -3.82075929	     -0.12729074	     -0.33117920	      0.00000000	      0.00000000	      0.00000000	     99.21362577	   -597.09982360	    -30.71266406	     -9.15615812	      0.87440562	    -37.03745688	      0.00000000	      0.00000000	      0.00000000	     77.70174300	    -15.34084970	     11.56159583	      0.03088348	      0.27390028	     -0.35444258	      0.00000000	      0.00000000	      0.00000000	     36.73244759	     56.68880878	      6.60121513	      0.00000000	      0.00000000	     -0.00000000	      0.00000000	      0.00000000	      0.00000000	     -5.06956240	     21.50343743	     -1.22712786	      0.68676045	      0.14988624	     -0.03800211	     -0.00824526	     -0.00360284	      0.00125501	     -0.16695359	      0.41307219	      0.06192914	      0.00163992	     -0.00014732	      0.00462151	      0.00000000	      0.00000000	      0.00000000	      1.40698015	      3.99559750	     -1.13839406	      0.04967024	      0.08653878	     -0.02070796	      0.00000000	      0.00000000	      0.00000000	      1.25310350	      3.50785517	     -1.07861906	     -0.02843347	      0.15115672	      0.13832380	      0.00000000	      0.00000000	      0.00000000	     -0.01632777	     -0.24989831	     -0.20321153	      0.00213243	      0.00791909	     -0.04289165	      0.00000000	      0.00000000	      0.00000000	   -104.97056605	    -80.83197463	      3.97636294	      0.00000000	      0.00000000	      0.00000000	      0.00000000	      0.00000000	      0.00000000	    -22.74772730	    -10.56373920	      0.79160653	     -0.25031887	     -0.14583871	     -8.50125000	      0.00000000	      0.00000000	      0.00000000	    -15.05811734	     -4.82377873	      0.50687961	     -0.03997575	     -0.24340033	     -3.25518582	      0.00000000	      0.00000000	      0.00000000	    -10.24133780	     -2.98881701	      0.34268135	     -0.06878645	     -0.05083468	     -2.44108451	      0.00000000	      0.00000000	      0.00000000	     -5.27465020	     -1.23733559	      0.17425533	     -0.01234478	     -0.00004589	     -0.38231521	      0.00000000	      0.00000000	      0.00000000	    -22.64397971	    -11.27308194	      0.79674588	     -0.32655911	      0.14099060	     -8.47267432	      0.00000000	      0.00000000	      0.00000000	    -15.01018201	     -5.15152205	      0.50925419	     -0.18398500	      0.25077234	     -3.24314650	      0.00000000	      0.00000000	      0.00000000	    -10.20945160	     -3.20682919	      0.34426090	     -0.09467849	      0.05386132	     -2.43321826	      0.00000000	      0.00000000	      0.00000000	     -5.26056086	     -1.33366719	      0.17495328	     -0.01239230	     -0.00004589	     -0.38135579	      0.00000000	      0.00000000	      0.00000000
      2.13000000	      0.00000000	     -0.00000000	      0.00000000	     -0.00000000	     -0.00000000	      0.00000000	      0.00000000	      0.00000000	      0.00000000	   -213.17327845	  -1340.42367460	    570.02801589	     -0.07313016	     -0.03261056	      0.04126314	      0.00000000	      0.00000000	      0.00000000	   -105.66351249	   -891.35753729	     26.28043009	      5.02119712	      1.08998126	     -4.45245277	     -0.00824526	     -0.00360284	     -0.00125501	     43.62345565	     -1.64330532	    -14.96283675	     -0.82193498	      0.29444994	     -0.98368041	      0.00000000	      0.00000000	      0.00000000	     98.32350268	   -616.26321816	    -31.60739475	     -3.88094254	     -0.09974366	     -0.32812102	      0.00000000	      0.00000000	      0.00000000	    100.04744142	   -616.31549247	    -31.76903962	     -9.39045132	      0.94889017	    -38.10663102	      0.00000000	      0.00000000	      0.00000000	     79.54885429	    -15.81654120	     11.68993183	      0.02792783	      0.27085259	     -0.36163719	      0.00000000	      0.00000000	      0.00000000	     39.65033357	     62.63589133	      7.68924036	     -0.00000000	     -0.00000000	     -0.00000000	      0.00000000	      0.00000000	      0.00000000	     -5.49854783	     23.79655193	     -1.46853252	      0.78875316	      0.16420257	     -0.04211661	     -0.00824526	     -0.00360284	      0.00125501	     -0.17986677	      0.45317696	      0.06842351	      0.00181035	     -0.00016104	      0.00499325	      0.00000000	      0.00000000	      0.00000000	      1.59817533	      4.42489366	     -1.29696962	      0.05292531	      0.09514985	     -0.02258753	      0.00000000	      0.00000000	      0.00000000	      1.42862723	      3.88297861	     -1.22527888	     -0.03405799	      0.16891967	      0.15145164	      0.00000000	      0.00000000	      0.00000000	     -0.00191527	     -0.27741007	     -0.21778757	      0.00255006	      0.00867486	     -0.04770017	      0.00000000	      0.00000000	      0.00000000	   -115.19826720	    -82.95437327	      3.27612822	     -0.00000000	      0.00000000	     -0.00000000	      0.00000000	      0.00000000	      0.00000000	    -24.89002453	    -11.07211350	      0.64850654	     -0.19723036	     -0.15888454	     -9.29754670	      0.00000000	      0.00000000	      0.00000000	    -16.46829345	     -5.06439556	      0.41628395	     -0.01708911	     -0.26727487	     -3.56113589	      0.00000000	      0.00000000	      0.00000000	    -11.19958634	     -3.13629433	      0.28143782	     -0.05372561	     -0.05601665	     -2.66977830	      0.00000000	      0.00000000	      0.00000000	     -5.76729176	     -1.29763162	      0.14321485	     -0.01014768	     -0.00004070	     -0.41800725	      0.00000000	      0.00000000	      0.00000000	    -24.80956201	    -11.65136802	      0.66344910	     -0.27926847	      0.15486315	     -9.27543789	      0.00000000	      0.00000000	      0.00000000	    -16.43111670	     -5.33203317	      0.42318798	     -0.16787531	      0.27338912	     -3.55169479	      0.00000000	      0.00000000	      0.00000000	    -11.17485667	     -3.31432468	      0.28603033	     -0.08129614	      0.05851442	     -2.66363951	      0.00000000	      0.00000000	      0.00000000	     -5.75636463	     -1.37629672	      0.14524411	     -0.01028586	     -0.00004070	     -0.41726316	      0.00000000	      0.00000000	      0.00000000
      2.14000000	      0.00000000	     -0.00000000	     -0.00000000	     -0.00000000	     -0.00000000	     -0.00000000	      0.00000000	      0.00000000	      0.00000000	   -203.28803927	  -1351.00099139	    570.36562354	     -0.07092990	     -0.03407297	      0.04124506	      0.00000000	      0.00000000	      0.00000000	   -121.86316580	   -912.17568002	     26.61032696	      5.17946484	      0.85075088	     -4.75693877	     -0.00824526	     -0.00360284	     -0.00125501	     43.30337235	     -1.01308920	    -16.01233186	     -0.85534688	      0.29993996	     -1.00896630	      0.00000000	      0.00000000	      0.00000000	    101.86919670	   -629.93139332	    -31.89042080	     -3.92658082	     -0.13326909	     -0.33726881	      0.00000000	      0.00000000	      0.00000000	    103.60606513	   -629.91522792	    -32.05219272	     -9.53767536	      0.90999144	    -39.01390138	      0.00000000	      0.00000000	      0.00000000	     81.91028187	    -16.39462009	     12.07081238	      0.02702041	      0.26550198	     -0.37670026	      0.00000000	      0.00000000	      0.00000000	     40.63325570	     67.45182947	      7.67395620	     -0.00000000	      0.00000000	     -0.00000000	      0.00000000	      0.00000000	      0.00000000	     -5.68560695	     25.65941757	     -1.53137185	      0.81766408	      0.16633801	     -0.03913333	     -0.00824526	     -0.00360284	      0.00125501	     -0.18769711	      0.47726987	      0.07061888	      0.00186576	     -0.00016442	      0.00522461	      0.00000000	      0.00000000	      0.00000000	      1.78179456	      4.84177655	     -1.34221686	      0.05196421	      0.09415040	     -0.02230682	      0.00000000	      0.00000000	      0.00000000	      1.59441406	      4.24851430	     -1.26338480	     -0.03772084	      0.17130556	      0.16634070	      0.00000000	      0.00000000	      0.00000000	      0.00194147	     -0.29690941	     -0.21017618	      0.00290048	      0.00838623	     -0.05176245	      0.00000000	      0.00000000	      0.00000000	   -120.52901550	    -86.31707617	      3.75544587	      0.00000000	     -0.00000000	      0.00000000	      0.00000000	      0.00000000	      0.00000000	    -26.03870997	    -11.50211488	      0.73471597	     -0.22740717	     -0.16636606	     -9.72577003	      0.00000000	      0.00000000	      0.00000000	    -17.22650437	     -5.26194839	      0.47254062	     -0.02644621	     -0.27928233	     -3.72529477	      0.00000000	      0.00000000	      0.00000000	    -11.71514428	     -3.25764439	      0.31946609	     -0.06226346	     -0.05847890	     -2.79272897	      0.00000000	      0.00000000	      0.00000000	     -6.03259854	     -1.34746253	      0.16266602	     -0.01152834	     -0.00004703	     -0.43723725	      0.00000000	      0.00000000	      0.00000000	    -25.94678397	    -12.17398314	      0.76625465	     -0.31748454	      0.16175904	     -9.70052987	      0.00000000	      0.00000000	      0.00000000	    -17.18403105	     -5.57237707	      0.48711269	     -0.18503285	      0.28626764	     -3.71447261	      0.00000000	      0.00000000	      0.00000000	    -11.68689138	     -3.46413901	      0.32915931	     -0.09205939	      0.06133114	     -2.78570241	      0.00000000	      0.00000000	      0.00000000	     -6.02011462	     -1.43870494	      0.16694910	     -0.01181999	     -0.00004703	     -0.43638715	      0.00000000	      0.00000000	      0.00000000
      2.15000000	     -0.00000000	      0.00000000	     -0.00000000	      0.00000000	     -0.00000000	      0.00000000	      0.00000000	      0.00000000	      0.00000000	   -201.58893346	  -1352.83240850	    571.22985582	     -0.06577360	     -0.03452288	      0.04072824	      0.00000000	      0.00000000	      0.00000000	   -129.51744232	   -919.74405451	     26.64772590	      5.13382236	      0.73883060	     -4.90867707	     -0.00824526	     -0.00360284	     -0.00125501	     43.57440042	     -0.71005966	    -16.72040092	     -0.88488989	      0.30217738	     -1.03086335	      0.00000000	      0.00000000	      0.00000000	    103.53166440	   -635.21918817	    -31.81730638	     -3.93404066	     -0.13648548	     -0.34088899	      0.00000000	      0.00000000	      0.00000000	    105.26434405	   -635.12039725	    -32.00917774	     -9.57536970	      0.89257959	    -39.38134731	      0.00000000	      0.00000000	      0.00000000	     84.31291691	    -16.79651141	     12.41491922	      0.02849650	      0.26972741	     -0.38262660	      0.00000000	      0.00000000	      0.00000000	     40.93939859	     68.88874902	      7.76960555	      0.00000000	     -0.00000000	     -0.00000000	      0.00000000	      0.00000000	      0.00000000	     -5.78852310	     25.59055595	     -1.43809052	      0.77659869	      0.16799629	     -0.03946620	     -0.00824526	     -0.00360284	      0.00125501	     -0.19118516	      0.48471242	      0.06658148	      0.00176359	     -0.00015752	      0.00533206	      0.00000000	      0.00000000	      0.00000000	      1.82067923	      4.80688665	     -1.28068616	      0.05574346	      0.09349128	     -0.02259501	      0.00000000	      0.00000000	      0.00000000	      1.62287107	      4.22102107	     -1.21106626	     -0.03312395	      0.16782705	      0.16303315	      0.00000000	      0.00000000	      0.00000000	     -0.01976894	     -0.29408322	     -0.21928023	      0.00261483	      0.00858736	     -0.05135559	      0.00000000	      0.00000000	      0.00000000	   -122.95642866	    -85.49809094	      3.96340422	      0.00000000	      0.00000000	      0.00000000	      0.00000000	      0.00000000	      0.00000000	    -26.54215471	    -11.43129599	      0.78537226	     -0.24564738	     -0.16962524	     -9.91094530	      0.00000000	      0.00000000	      0.00000000	    -17.55440139	     -5.22589483	      0.50395744	     -0.03377221	     -0.28440530	     -3.79690640	      0.00000000	      0.00000000	      0.00000000	    -11.93754415	     -3.23220177	      0.34066334	     -0.06736795	     -0.05951781	     -2.84592298	      0.00000000	      0.00000000	      0.00000000	     -6.14645904	     -1.33461604	      0.17331263	     -0.01227998	     -0.00005229	     -0.44547148	      0.00000000	      0.00000000	      0.00000000	    -26.44988239	    -12.13192383	      0.80320771	     -0.33116702	      0.16473564	     -9.88565812	      0.00000000	      0.00000000	      0.00000000	    -17.51176806	     -5.54961154	      0.51219810	     -0.19008571	      0.29182694	     -3.78594989	      0.00000000	      0.00000000	      0.00000000	    -11.90918482	     -3.44753547	      0.34614496	     -0.09603081	      0.06253674	     -2.83883568	      0.00000000	      0.00000000	      0.00000000	     -6.13392809	     -1.42976413	      0.17573475	     -0.01244491	     -0.00005229	     -0.44461818	      0.00000000	      0.00000000	      0.00000000
      2.16000000	     -0.00000000	      0.00000000	      0.00000000	      0.00000000	     -0.00000000	     -0.00000000	      0.00000000	      0.00000000	      0.00000000	   -206.24714658	  -1342.38492987	    572.95254126	     -0.05748380	     -0.03494984	      0.03912297	      0.00000000	      0.00000000	      0.00000000	   -131.47135096	   -910.59497526	     25.94465392	      5.16718648	      0.70017415	     -4.91588541	     -0.00824526	     -0.00360284	     -0.00125501	     44.14038957	     -0.61020418	    -17.17298925	     -0.91017354	      0.30144140	     -1.04815094	      0.00000000	      0.00000000	      0.00000000	    104.08995489	   -630.32285794	    -31.76290624	     -3.88671136	     -0.09457511	     -0.33575441	      0.00000000	      0.00000000	      0.00000000	    105.79722187	   -630.19302544	    -31.96429331	     -9.49307083	      0.92701324	    -39.14345767	      0.00000000	      0.00000000	      0.00000000	     86.52187787	    -17.04720044	     12.63574585	      0.03298518	      0.28089511	     -0.38806045	      0.00000000	      0.00000000	      0.00000000	     39.89901614	     68.51590678	      7.61061639	      0.00000000	      0.00000000	      0.00000000	      0.00000000	      0.00000000	      0.00000000	     -5.76501831	     25.82752245	     -1.41447275	      0.76174483	      0.16701260	     -0.03757642	     -0.00824526	     -0.00360284	      0.00125501	     -0.18809669	      0.47048333	      0.06340860	      0.00167895	     -0.00014994	      0.00520676	      0.00000000	      0.00000000	      0.00000000	      1.90585589	      5.02348117	     -1.26031186	      0.05483451	      0.09085506	     -0.02202898	      0.00000000	      0.00000000	      0.00000000	      1.70015042	      4.41123647	     -1.19095091	     -0.03345557	      0.16472468	      0.17160319	      0.00000000	      0.00000000	      0.00000000	     -0.01689477	     -0.30216413	     -0.21273046	      0.00298828	      0.00841833	     -0.05335232	      0.00000000	      0.00000000	      0.00000000	   -120.82037985	    -82.61128559	      4.01728049	     -0.00000000	      0.00000000	      0.00000000	      0.00000000	      0.00000000	      0.00000000	    -26.07608393	    -11.01609293	      0.76576670	     -0.23958920	     -0.16664705	     -9.73533829	      0.00000000	      0.00000000	      0.00000000	    -17.24396634	     -5.03439515	      0.49000263	     -0.03351405	     -0.27942752	     -3.73029757	      0.00000000	      0.00000000	      0.00000000	    -11.72613186	     -3.11118917	      0.33086807	     -0.06553033	     -0.05849061	     -2.79566349	      0.00000000	      0.00000000	      0.00000000	     -6.03729118	     -1.28312008	      0.16811767	     -0.01191445	     -0.00005643	     -0.43753149	      0.00000000	      0.00000000	      0.00000000	    -25.98504668	    -11.80983142	      0.81303681	     -0.33096714	      0.16172374	     -9.71057740	      0.00000000	      0.00000000	      0.00000000	    -17.20190367	     -5.40113251	      0.51184322	     -0.18756332	      0.28669673	     -3.71912207	      0.00000000	      0.00000000	      0.00000000	    -11.69815211	     -3.35513987	      0.34539625	     -0.09526421	      0.06143444	     -2.78853714	      0.00000000	      0.00000000	      0.00000000	     -6.02492796	     -1.39091297	      0.17453715	     -0.01235158	     -0.00005643	     -0.43668962	      0.00000000	      0.00000000	      0.00000000
      2.17000000	      0.00000000	      0.00000000	      0.00000000	     -0.00000000	      0.00000000	     -0.00000000	      0.00000000	      0.00000000	      0.00000000	   -214.38940054	  -1319.93601975	    576.94679118	     -0.04559184	     -0.03712186	      0.03604584	      0.00000000	      0.00000000	      0.00000000	   -129.18755852	   -884.76737197	     24.38947967	      5.11227984	      0.64385592	     -4.82832427	     -0.00824526	     -0.00360284	     -0.00125501	     45.01289698	     -0.62406428	    -17.49454277	     -0.93348999	      0.30049615	     -1.06553778	      0.00000000	      0.00000000	      0.00000000	    105.42239310	   -615.11800132	    -30.96103696	     -3.79832818	     -0.07032055	     -0.33623074	      0.00000000	      0.00000000	      0.00000000	    107.05619987	   -614.98127041	    -31.15304016	     -9.26715908	      0.90036308	    -38.39235437	      0.00000000	      0.00000000	      0.00000000	     88.08458478	    -17.19569043	     12.83196830	      0.03801521	      0.29174848	     -0.39644911	      0.00000000	      0.00000000	      0.00000000	     37.22232441	     65.82043107	      7.10022959	      0.00000000	      0.00000000	      0.00000000	      0.00000000	      0.00000000	      0.00000000	     -5.57269332	     24.91102230	     -1.31232037	      0.73361726	      0.16205215	     -0.03759977	     -0.00824526	     -0.00360284	      0.00125501	     -0.18366521	      0.44961226	      0.06134261	      0.00162310	     -0.00014196	      0.00509489	      0.00000000	      0.00000000	      0.00000000	      1.88443023	      4.91116710	     -1.23888762	      0.05288442	      0.08876364	     -0.02144812	      0.00000000	      0.00000000	      0.00000000	      1.67558726	      4.31323730	     -1.17035935	     -0.03329198	      0.16138921	      0.16724026	      0.00000000	      0.00000000	      0.00000000	     -0.03538774	     -0.28997544	     -0.20812557	      0.00308928	      0.00792601	     -0.05184387	      0.00000000	      0.00000000	      0.00000000	   -113.53189580	    -78.46153918	      3.91976501	      0.00000000	     -0.00000000	      0.00000000	      0.00000000	      0.00000000	      0.00000000	    -24.50687185	    -10.48080451	      0.73799795	     -0.23393499	     -0.15658656	     -9.14921874	      0.00000000	      0.00000000	      0.00000000	    -16.20406404	     -4.79502860	      0.47882488	     -0.03479539	     -0.26238725	     -3.50490094	      0.00000000	      0.00000000	      0.00000000	    -11.01899694	     -2.96504340	      0.32385808	     -0.06467149	     -0.05487495	     -2.62691546	      0.00000000	      0.00000000	      0.00000000	     -5.67302724	     -1.22440607	      0.16540670	     -0.01173204	     -0.00004391	     -0.41117087	      0.00000000	      0.00000000	      0.00000000	    -24.40178615	    -11.19608247	      0.82085756	     -0.33181378	      0.15182965	     -9.12026860	      0.00000000	      0.00000000	      0.00000000	    -16.15551045	     -5.12551421	      0.51710918	     -0.18480806	      0.26958998	     -3.49271781	      0.00000000	      0.00000000	      0.00000000	    -10.98669949	     -3.18487973	      0.34932448	     -0.09551310	      0.05783820	     -2.61895195	      0.00000000	      0.00000000	      0.00000000	     -5.65875618	     -1.32154370	      0.17665937	     -0.01249829	     -0.00004391	     -0.41019908	      0.00000000	      0.00000000	      0.00000000
      2.18000000	      0.00000000	      0.00000000	      0.00000000	     -0.00000000	      0.00000000	     -0.00000000	      0.00000000	      0.00000000	      0.00000000	   -229.98852850	  -1289.53869380	    585.64554060	     -0.02950309	     -0.04404089	      0.03033286	      0.00000000	      0.00000000	      0.00000000	   -122.49210405	   -843.06678755	     22.03863195	      5.02935685	      0.63490257	     -4.62579049	     -0.00824526	     -0.00360284	     -0.00125501	     46.43749071	     -0.79166593	    -17.69897843	     -0.95609528	      0.30118904	     -1.08688371	      0.00000000	      0.00000000	      0.00000000	    105.23193263	   -589.54049775	    -29.92363783	     -3.66721037	     -0.02479716	     -0.33747430	      0.00000000	      0.00000000	      0.00000000	    106.74531153	   -589.43562071	    -30.09797811	     -8.91951492	      0.89153197	    -37.01281349	      0.00000000	      0.00000000	      0.00000000	     88.59517466	    -17.06550160	     12.84991205	      0.04345387	      0.30602504	     -0.40007684	      0.00000000	      0.00000000	      0.00000000	     33.00419006	     60.05698808	      4.88289863	     -0.00000000	      0.00000000	      0.00000000	      0.00000000	      0.00000000	      0.00000000	     -5.15763872	     23.76107560	     -0.71075827	      0.26194502	      0.11332369	      0.00145087	     -0.00824526	     -0.00360284	      0.00125501	     -0.16625033	      0.39879671	      0.00775254	      0.00021400	     -0.00004058	      0.00448288	      0.00000000	      0.00000000	      0.00000000	      1.79789234	      5.07918465	     -0.34384172	      0.03553120	      0.03491405	     -0.01001615	      0.00000000	      0.00000000	      0.00000000	      1.57678733	      4.47677166	     -0.33814325	     -0.00975272	      0.06139206	      0.19232035	      0.00000000	      0.00000000	      0.00000000	     -0.10661781	     -0.24888166	     -0.10500379	      0.00199890	      0.00350140	     -0.04972607	      0.00000000	      0.00000000	      0.00000000	   -100.85373937	    -72.57722445	      4.58803867	     -0.00000000	     -0.00000000	      0.00000000	      0.00000000	      0.00000000	      0.00000000	    -21.87322905	     -9.18020162	      0.59430290	     -0.19247544	     -0.13987308	     -8.16315668	      0.00000000	      0.00000000	      0.00000000	    -14.45991752	     -4.15505813	      0.39835183	     -0.02744863	     -0.23441563	     -3.12781826	      0.00000000	      0.00000000	      0.00000000	     -9.83041356	     -2.55774999	      0.26793663	     -0.05366081	     -0.04910029	     -2.34349933	      0.00000000	      0.00000000	      0.00000000	     -5.05946418	     -1.04628149	      0.13797505	     -0.00984304	     -0.00007533	     -0.36661937	      0.00000000	      0.00000000	      0.00000000	    -21.77232725	    -10.47747423	      1.05988439	     -0.39267437	      0.13444486	     -8.13647796	      0.00000000	      0.00000000	      0.00000000	    -14.41329705	     -4.75444740	      0.61346818	     -0.19767683	      0.24149235	     -3.11394217	      0.00000000	      0.00000000	      0.00000000	     -9.79940200	     -2.95645884	      0.41103027	     -0.10734709	      0.05192452	     -2.33505525	      0.00000000	      0.00000000	      0.00000000	     -5.04576131	     -1.22245634	      0.20120289	     -0.01414854	     -0.00007533	     -0.36568627	      0.00000000	      0.00000000	      0.00000000
      2.19000000	      0.00000000	     -0.00000000	     -0.00000000	      0.00000000	     -0.00000000	      0.00000000	      0.00000000	      0.00000000	      0.00000000	   -260.05192515	  -1271.15365423	    607.62811632	     -0.00884678	     -0.05851233	      0.02097422	      0.00000000	      0.00000000	      0.00000000	   -112.69075988	   -794.21783128	     18.74916578	      4.85287612	      0.65927892	     -4.36571027	     -0.00824526	     -0.00360284	     -0.00125501	     49.48382159	     -1.15235175	    -18.06409480	     -0.98825620	      0.31680426	     -1.13948207	      0.00000000	      0.00000000	      0.00000000	    105.04346474	   -557.09686669	    -28.55321182	     -3.51613815	      0.02234643	     -0.35106574	      0.00000000	      0.00000000	      0.00000000	    106.43274077	   -557.00432257	    -28.69458271	     -8.49082975	      0.86613460	    -35.27953157	      0.00000000	      0.00000000	      0.00000000	     88.54020776	    -16.80822888	     12.77331026	      0.04932366	      0.30968740	     -0.39874254	      0.00000000	      0.00000000	      0.00000000	     27.30306777	     51.13539558	      5.95894655	     -0.00000000	     -0.00000000	      0.00000000	      0.00000000	      0.00000000	      0.00000000	     -4.42692348	     19.27718516	     -1.18013577	      0.74633795	      0.14685635	     -0.04955548	     -0.00824526	     -0.00360284	      0.00125501	     -0.16640069	      0.36043345	      0.06620376	      0.00174448	     -0.00013702	      0.00471030	      0.00000000	      0.00000000	      0.00000000	      1.33078142	      3.76752517	     -1.34181424	      0.04828425	      0.09295550	     -0.02169976	      0.00000000	      0.00000000	      0.00000000	      1.14353708	      3.31042717	     -1.26304301	     -0.03528405	      0.16736795	      0.13056607	      0.00000000	      0.00000000	      0.00000000	     -0.15977901	     -0.20264281	     -0.21886406	      0.00381993	      0.00590031	     -0.03842283	      0.00000000	      0.00000000	      0.00000000	    -83.36393499	    -62.92634019	      4.73111610	      0.00000000	     -0.00000000	     -0.00000000	      0.00000000	      0.00000000	      0.00000000	    -18.29574320	     -7.31068947	     -0.67352551	      0.19020023	     -0.11298435	     -6.79290958	      0.00000000	      0.00000000	      0.00000000	    -12.01130276	     -3.25432022	     -0.25146451	      0.09157376	     -0.19863012	     -2.59477088	      0.00000000	      0.00000000	      0.00000000	     -8.15078165	     -1.98192379	     -0.16824441	      0.04143176	     -0.04215689	     -1.94083381	      0.00000000	      0.00000000	      0.00000000	     -4.18053693	     -0.79468362	     -0.06490423	      0.00413692	      0.00002177	     -0.30314449	      0.00000000	      0.00000000	      0.00000000	    -17.99340947	     -9.50636461	      1.99801037	     -0.63433332	      0.10880545	     -6.70987199	      0.00000000	      0.00000000	      0.00000000	    -11.87161308	     -4.26880561	      0.98288665	     -0.26037035	      0.20225554	     -2.55922810	      0.00000000	      0.00000000	      0.00000000	     -8.05786122	     -2.65675119	      0.65283590	     -0.15601767	      0.04401039	     -1.91774259	      0.00000000	      0.00000000	      0.00000000	     -4.13947879	     -1.09286516	      0.29790112	     -0.02056831	      0.00002177	     -0.30034864	      0.00000000	      0.00000000	      0.00000000
      2.20000000	     -0.00000000	      0.00000000	     -0.00000000	      0.00000000	      0.00000000	      0.00000000	      0.00000000	      0.00000000	      0.00000000	   -298.86339660	  -1267.50023956	    646.76400413	     -0.00133252	     -0.08745141	      0.01761370	      0.00000000	      0.00000000	      0.00000000	   -104.66968164	   -743.43061708	     14.14243381	      5.02348196	      0.79449540	     -4.09893965	     -0.00824526	     -0.00360284	     -0.00125501	     54.15783417	     -1.78634094	    -18.12118191	     -1.02023441	      0.32785263	     -1.22412219	      0.00000000	      0.00000000	      0.00000000	    106.69006596	   -543.24573025	    -29.53090490	     -3.43864863	      0.15811528	     -0.34106334	      0.00000000	      0.00000000	      0.00000000	    107.88644974	   -543.24985047	    -29.62023210	     -8.36907089	      1.03948434	    -34.60636289	      0.00000000	      0.00000000	      0.00000000	     90.16867342	    -16.61665215	     12.68429216	      0.05436700	      0.31885897	     -0.39114042	      0.00000000	      0.00000000	      0.00000000	     19.89794257	     39.77714936	      2.16700917	     -0.00000000	      0.00000000	     -0.00000000	      0.00000000	      0.00000000	      0.00000000	     -3.37087729	     17.22746601	     -0.28038268	      0.11561585	      0.07290798	      0.01247440	     -0.00824526	     -0.00360284	      0.00125501	     -0.10819750	      0.25558679	      0.00111053	      0.00003311	     -0.00001851	      0.00284602	      0.00000000	      0.00000000	      0.00000000	      1.10100752	      4.06192933	     -0.16213039	      0.02298554	      0.01804665	     -0.00567273	      0.00000000	      0.00000000	      0.00000000	      0.91595723	      3.59174312	     -0.16269180	     -0.00639507	      0.03119963	      0.17308685	      0.00000000	      0.00000000	      0.00000000	     -0.23400067	     -0.14765656	     -0.06037500	      0.00191655	     -0.00050868	     -0.03592414	      0.00000000	      0.00000000	      0.00000000	    -60.81562978	    -49.55326606	      3.07509696	     -0.00000000	     -0.00000000	     -0.00000000	      0.00000000	      0.00000000	      0.00000000	    -13.21167281	     -6.30208198	      0.58146307	     -0.18940672	     -0.08523701	     -4.94020784	      0.00000000	      0.00000000	      0.00000000	     -8.75171354	     -2.86781929	      0.37335980	     -0.03932494	     -0.14089412	     -1.89171963	      0.00000000	      0.00000000	      0.00000000	     -5.95269976	     -1.77577819	      0.25208130	     -0.05238055	     -0.02933659	     -1.41887701	      0.00000000	      0.00000000	      0.00000000	     -3.06651301	     -0.73399351	      0.12819907	     -0.00908786	     -0.00004894	     -0.22226316	      0.00000000	      0.00000000	      0.00000000	    -13.15179383	     -6.90297803	      0.63221893	     -0.24911353	      0.08141737	     -4.92406603	      0.00000000	      0.00000000	      0.00000000	     -8.72404718	     -3.14545611	      0.39681094	     -0.13052814	      0.14652664	     -1.88408782	      0.00000000	      0.00000000	      0.00000000	     -5.93429632	     -1.96045994	      0.26768080	     -0.07117391	      0.03159332	     -1.41408673	      0.00000000	      0.00000000	      0.00000000	     -3.05838121	     -0.81559762	      0.13509192	     -0.00955723	     -0.00004894	     -0.22170942	      0.00000000	      0.00000000	      0.00000000
      2.21000000	      0.00000000	     -0.00000000	     -0.00000000	     -0.00000000	      0.00000000	     -0.00000000	      0.00000000	      0.00000000	      0.00000000	   -331.02588170	  -1271.83004393	    691.46439158	      0.00300164	     -0.12447908	      0.01671776	      0.00000000	      0.00000000	      0.00000000	    -90.16206291	   -688.72958882	      9.11936290	      4.48002381	      0.85792709	     -3.81052919	     -0.00824526	     -0.00360284	     -0.00125501	     61.53848627	     -3.37287174	    -17.03378302	     -1.03830654	      0.33006974	     -1.32262514	      0.00000000	      0.00000000	      0.00000000	    116.92201713	   -537.37726405	    -28.65215008	     -3.46733724	      0.12344082	     -0.35867954	      0.00000000	      0.00000000	      0.00000000	    117.82323273	   -537.59189754	    -28.72436275	     -8.31929125	      0.89530280	    -34.78059049	      0.00000000	      0.00000000	      0.00000000	     91.88713934	    -16.77847448	     13.01968461	      0.05099421	      0.31015165	     -0.40442521	      0.00000000	      0.00000000	      0.00000000	     11.00876249	     28.58379028	     -4.04378723	      0.00000000	     -0.00000000	     -0.00000000	      0.00000000	      0.00000000	      0.00000000	     -2.46461307	     17.72425278	      1.27477212	     -1.41324882	     -0.12288476	      0.19234820	     -0.00824526	     -0.00360284	      0.00125501	     -0.06408339	      0.17173437	     -0.17933712	     -0.00472359	      0.00029467	      0.00119153	      0.00000000	      0.00000000	      0.00000000	      1.05086750	      5.25338836	      2.95047308	     -0.04678142	     -0.19271676	      0.03926932	      0.00000000	      0.00000000	      0.00000000	      0.81617249	      4.68988687	      2.75624751	      0.06790870	     -0.33817944	      0.28582894	      0.00000000	      0.00000000	      0.00000000	     -0.41822180	     -0.03682531	      0.38043280	     -0.00119695	     -0.01919303	     -0.03438104	      0.00000000	      0.00000000	      0.00000000	    -33.37896636	    -43.96821903	      5.92145640	     -0.00000000	      0.00000000	     -0.00000000	      0.00000000	      0.00000000	      0.00000000	     -7.87473057	     -3.23768528	     -1.20939527	      0.35249719	     -0.04719504	     -2.90745911	      0.00000000	      0.00000000	      0.00000000	     -5.14272282	     -1.28943540	     -0.55894107	      0.12772778	     -0.08852079	     -1.10752099	      0.00000000	      0.00000000	      0.00000000	     -3.47545447	     -0.74799322	     -0.38053172	      0.08510452	     -0.01943476	     -0.82558816	      0.00000000	      0.00000000	      0.00000000	     -1.77240624	     -0.26812456	     -0.16982903	      0.01141350	     -0.00008846	     -0.12829191	      0.00000000	      0.00000000	      0.00000000	     -7.65388035	     -6.89003440	      2.56234905	     -0.76434119	      0.04168750	     -2.85055548	      0.00000000	      0.00000000	      0.00000000	     -5.04068162	     -2.97695956	      1.18374821	     -0.27808020	      0.09094349	     -1.07424918	      0.00000000	      0.00000000	      0.00000000	     -3.40757749	     -1.87052051	      0.77869096	     -0.17743610	      0.02042040	     -0.80604393	      0.00000000	      0.00000000	      0.00000000	     -1.74241389	     -0.76412830	      0.34238906	     -0.02346599	     -0.00008846	     -0.12624958	      0.00000000	      0.00000000	      0.00000000
      2.22000000	      0.00000000	     -0.00000000	      0.00000000	      0.00000000	      0.00000000	      0.00000000	      0.00000000	      0.00000000	      0.00000000	   -379.25307678	  -1297.94402420	    745.26366660	      0.00762107	     -0.16178826	      0.01713092	      0.00000000	      0.00000000	      0.00000000	    -79.43945849	   -645.42919708	      2.44958338	      4.96282264	      1.08720885	     -3.52216852	     -0.00824526	     -0.00360284	     -0.00125501	     71.03450105	     -5.31027388	    -15.66505748	     -1.05964887	      0.33427403	     -1.46838767	      0.00000000	      0.00000000	      0.00000000	    126.36605152	   -534.71342127	    -30.25948598	     -3.43210121	      0.25361660	     -0.33497491	      0.00000000	      0.00000000	      0.00000000	    127.12533841	   -534.87498024	    -30.21870072	     -8.33883405	      1.04520168	    -35.06636992	      0.00000000	      0.00000000	      0.00000000	     94.66600699	    -16.82417787	     12.92569938	      0.05789153	      0.29766858	     -0.39745575	      0.00000000	      0.00000000	      0.00000000	      1.56795028	      9.65634841	     -1.43113575	     -0.00000000	     -0.00000000	     -0.00000000	      0.00000000	      0.00000000	      0.00000000	     -0.63096607	      8.34658222	      0.25469051	     -0.09263001	      0.01590770	      0.03355018	     -0.00824526	     -0.00360284	      0.00125501	     -0.01746741	      0.04099206	     -0.00771083	     -0.00020512	      0.00000816	      0.00020037	      0.00000000	      0.00000000	      0.00000000	      0.06419168	      2.78426352	      0.13042745	      0.00875154	     -0.00873747	      0.00061430	      0.00000000	      0.00000000	      0.00000000	     -0.07146135	      2.48433635	      0.11847751	      0.00148423	     -0.01639060	      0.15752173	      0.00000000	      0.00000000	      0.00000000	     -0.43826482	     -0.00717250	      0.00242310	      0.00223053	     -0.00663218	     -0.01744027	      0.00000000	      0.00000000	      0.00000000	     -6.87293096	    -18.58624612	      1.30277234	     -0.00000000	     -0.00000000	      0.00000000	      0.00000000	      0.00000000	      0.00000000	     -1.63097378	     -2.02955227	      0.13570879	     -0.05000373	     -0.01093762	     -0.61915131	      0.00000000	      0.00000000	      0.00000000	     -1.09524764	     -0.90886546	      0.10572799	     -0.01042553	     -0.01716894	     -0.23363024	      0.00000000	      0.00000000	      0.00000000	     -0.74593865	     -0.56899030	      0.07196525	     -0.01529355	     -0.00348037	     -0.17694891	      0.00000000	      0.00000000	      0.00000000	     -0.38566277	     -0.23818764	      0.03878308	     -0.00278940	     -0.00000878	     -0.02806329	      0.00000000	      0.00000000	      0.00000000	     -1.58501801	     -2.30283600	      0.36584621	     -0.13124554	      0.00942900	     -0.60641850	      0.00000000	      0.00000000	      0.00000000	     -1.07401433	     -1.03513293	      0.21206023	     -0.05989165	      0.01939720	     -0.22844334	      0.00000000	      0.00000000	      0.00000000	     -0.73181442	     -0.65298240	      0.14269659	     -0.03578947	      0.00442303	     -0.17351797	      0.00000000	      0.00000000	      0.00000000	     -0.37942179	     -0.27530067	      0.07003667	     -0.00491761	     -0.00000878	     -0.02763831	      0.00000000	      0.00000000	      0.00000000
      2.23000000	      0.00000000	     -0.00000000	     -0.00000000	     -0.00000000	      0.00000000	      0.00000000	      0.00000000	      0.00000000	      0.00000000	   -422.23095501	  -1314.04937420	    794.69407200	      0.01166201	     -0.25322236	      0.03224003	      0.00000000	      0.00000000	      0.00000000	    -69.83198159	   -592.10047146	     -4.34072756	      4.92569503	      1.25164412	     -3.25210911	     -0.00824526	     -0.00360284	     -0.00125501	     81.33603721	     -7.80667413	    -13.03119276	     -1.05835005	      0.30880074	     -1.60924882	      0.00000000	      0.00000000	      0.00000000	    133.23339726	   -522.94931550	    -30.80977645	     -3.39969088	      0.35340598	     -0.31947836	      0.00000000	      0.00000000	      0.00000000	    133.70630282	   -523.31350241	    -30.71355782	     -8.25692174	      1.12725825	    -34.73987113	      0.00000000	      0.00000000	      0.00000000	     96.52229779	    -16.76282664	     12.94512605	      0.05788753	      0.29305350	     -0.39729864	      0.00000000	      0.00000000	      0.00000000	     -9.49726932	     -5.96533372	     -6.35900271	     -0.00000000	      0.00000000	     -0.00000000	      0.00000000	      0.00000000	      0.00000000	      1.12298350	      6.23808591	      1.22028311	     -0.96910047	     -0.13344284	      0.15780672	     -0.00824526	     -0.00360284	      0.00125501	      0.05118281	     -0.06922777	     -0.09935620	     -0.00262434	      0.00015845	     -0.00194446	      0.00000000	      0.00000000	      0.00000000	     -0.40644845	      3.09149501	      1.94041246	     -0.03784422	     -0.14900637	      0.03054206	      0.00000000	      0.00000000	      0.00000000	     -0.54709949	      2.79341284	      1.83158532	      0.04217430	     -0.25083353	      0.22605891	      0.00000000	      0.00000000	      0.00000000	     -0.62663776	      0.11510168	      0.31932211	      0.00016947	     -0.02187247	     -0.00983404	      0.00000000	      0.00000000	      0.00000000	     25.71443107	     -3.81504364	      0.73118143	      0.00000000	     -0.00000000	     -0.00000000	      0.00000000	      0.00000000	      0.00000000	      5.28843682	      0.36265702	     -0.08118893	      0.02036318	      0.03278751	      1.95605476	      0.00000000	      0.00000000	      0.00000000	      3.46057576	      0.20882894	     -0.03431808	      0.00387657	      0.05641740	      0.75298902	      0.00000000	      0.00000000	      0.00000000	      2.35146138	      0.12155422	     -0.02393450	      0.00457638	      0.01183899	      0.56173291	      0.00000000	      0.00000000	      0.00000000	      1.20733541	      0.04787198	     -0.01039060	      0.00068083	     -0.00003168	      0.08746596	      0.00000000	      0.00000000	      0.00000000	      5.27953578	     -0.04470713	      0.27455157	     -0.08101242	     -0.03366587	      1.95274502	      0.00000000	      0.00000000	      0.00000000	      3.45646314	      0.02061122	      0.13004756	     -0.02608022	     -0.05580659	      0.75362661	      0.00000000	      0.00000000	      0.00000000	      2.34872570	     -0.00364667	      0.08540018	     -0.01881658	     -0.01167898	      0.56166979	      0.00000000	      0.00000000	      0.00000000	      1.20612661	     -0.00744971	      0.03792040	     -0.00260891	     -0.00003168	      0.08738365	      0.00000000	      0.00000000	      0.00000000
      2.24000000	     -0.00000000	      0.00000000	     -0.00000000	     -0.00000000	     -0.00000000	      0.00000000	      0.00000000	      0.00000000	      0.00000000	   -518.95289170	  -1352.18236052	    838.99679336	      0.00340615	     -0.22447085	      0.05370079	      0.00000000	      0.00000000	      0.00000000	    -64.80841147	   -588.29319661	    -13.03643676	      5.27500229	      1.63549104	     -3.30699374	     -0.00824526	     -0.00360284	     -0.00125501	    106.28711588	    -10.65194022	    -15.03053720	     -1.26654440	      0.44942845	     -2.11954918	      0.00000000	      0.00000000	      0.00000000	    144.84831677	   -527.91610800	    -32.36628641	     -3.43910905	      0.45673802	     -0.29504358	      0.00000000	      0.00000000	      0.00000000	    145.07983183	   -528.39378639	    -32.19977983	     -8.40116951	      1.23416302	    -35.53085437	      0.00000000	      0.00000000	      0.00000000	     98.76349696	    -16.63193798	     12.83817118	      0.06812084	      0.30718577	     -0.39907803	      0.00000000	      0.00000000	      0.00000000	    -20.87729074	    -24.12204573	     -7.95485047	     -0.00000000	      0.00000000	     -0.00000000	      0.00000000	      0.00000000	      0.00000000	      3.34874306	      1.33915950	      1.24871897	     -0.90730672	     -0.15558171	      0.15905231	     -0.00824526	     -0.00360284	      0.00125501	      0.13056286	     -0.19603379	     -0.07849308	     -0.00207664	      0.00012135	     -0.00418594	      0.00000000	      0.00000000	      0.00000000	     -1.28287381	      2.30383093	      1.78450701	     -0.03763215	     -0.14818011	      0.03037246	      0.00000000	      0.00000000	      0.00000000	     -1.38738060	      2.11359309	      1.69374598	      0.03943154	     -0.24689335	      0.22411825	      0.00000000	      0.00000000	      0.00000000	     -0.82074062	      0.21096363	      0.32422616	      0.00084703	     -0.02571747	      0.00238313	      0.00000000	      0.00000000	      0.00000000	     58.23609265	     16.07606644	     -1.08020493	      0.00000000	     -0.00000000	     -0.00000000	      0.00000000	      0.00000000	      0.00000000	     12.33404641	      2.84504772	     -0.23900434	      0.07593380	      0.07771993	      4.57995705	      0.00000000	      0.00000000	      0.00000000	      8.10854060	      1.33047298	     -0.15039735	      0.01372508	      0.13182906	      1.75920598	      0.00000000	      0.00000000	      0.00000000	      5.50975728	      0.80660178	     -0.10182925	      0.02078853	      0.02764494	      1.31475636	      0.00000000	      0.00000000	      0.00000000	      2.83129993	      0.32496188	     -0.05155885	      0.00364563	      0.00000070	      0.20508740	      0.00000000	      0.00000000	      0.00000000	     12.28700286	      3.01980855	     -0.19435930	      0.08261306	     -0.07648450	      4.56673043	      0.00000000	      0.00000000	      0.00000000	      8.08680469	      1.41121912	     -0.12976965	      0.04807226	     -0.13379831	      1.75427090	      0.00000000	      0.00000000	      0.00000000	      5.49529873	      0.86031346	     -0.08810787	      0.02449651	     -0.02850298	      1.31138139	      0.00000000	      0.00000000	      0.00000000	      2.82491123	      0.34869510	     -0.04549587	      0.00323277	      0.00000070	      0.20465236	      0.00000000	      0.00000000	      0.00000000
      2.25000000	     -0.00000000	      0.00000000	      0.00000000	      0.00000000	     -0.00000000	     -0.00000000	      0.00000000	      0.00000000	      0.00000000	   -848.83051280	  -1777.65514185	    882.60074657	     -0.00000000	     -0.00000000	     -0.00000000	      0.00000000	      0.00000000	      0.00000000	    -76.19073033	   -551.49458980	     79.75761021	    -31.98685350	      8.16698564	     -5.59957722	     -0.00824526	     -0.00360284	     -0.00125501	    180.96290350	    -18.60303669	    -33.37810540	     -2.51486587	      0.79847619	     -3.62463358	      0.00000000	      0.00000000	      0.00000000	    175.31500394	   -439.13046079	      3.76928637	     -4.45053840	      3.46235745	      0.13803823	      0.00000000	      0.00000000	      0.00000000	    175.30613919	   -437.91729880	     -3.10720220	     -7.18866613	      1.77108320	    -32.05032012	      0.00000000	      0.00000000	      0.00000000	    102.94937876	     -6.72801354	      2.92279856	      0.13417044	      0.86185339	      0.26978803	      0.00000000	      0.00000000	      0.00000000	     -5.43585049	    257.70753113	   -106.96793478	      0.00000000	     -0.00000000	     -0.00000000	      0.00000000	      0.00000000	      0.00000000	    -12.17048000	     87.51056411	     18.89924427	     -8.47454244	     -1.70987867	      1.56303056	     -0.00824526	     -0.00360284	      0.00125501	     -0.54879420	      1.74110396	     -0.37711644	     -0.01005932	      0.00026614	      0.01732149	      0.00000000	      0.00000000	      0.00000000	      5.69109461	     18.98650211	     16.15612318	     -0.33649078	     -1.59708674	      0.31994258	      0.00000000	      0.00000000	      0.00000000	      4.93590071	     16.99794452	     15.52541475	      0.36802877	     -2.35061941	      1.10012500	      0.00000000	      0.00000000	      0.00000000	     -0.72623032	      0.16080566	      3.60637691	      0.01989428	     -0.15824256	     -0.10416116	      0.00000000	      0.00000000	      0.00000000	      8.05512944	    -34.70332595	    168.69870073	      0.00000000	      0.00000000	     -0.00000000	      0.00000000	      0.00000000	      0.00000000	     -0.99022321	     12.05198108	     33.26353907	    -12.06639820	     -0.09445143	     -0.18435222	      0.00000000	      0.00000000	      0.00000000	     -0.27264784	      5.63723519	     21.26248911	     -4.66805980	      0.16615214	     -0.08588239	      0.00000000	      0.00000000	      0.00000000	     -0.17502178	      3.79490829	     14.37107446	     -3.41631923	      0.06584989	     -0.04497537	      0.00000000	      0.00000000	      0.00000000	     -0.04646439	      1.69211614	      7.30365479	     -0.51740942	     -0.00186241	     -0.00213595	      0.00000000	      0.00000000	      0.00000000	      3.59663397	    -19.21887271	     33.62290430	    -12.19505976	     -0.10970495	      1.07919293	      0.00000000	      0.00000000	      0.00000000	      1.84665457	     -8.81108819	     21.42852950	     -4.74805607	      0.14198685	      0.44607366	      0.00000000	      0.00000000	      0.00000000	      1.23472088	     -5.81599846	     14.48152318	     -3.44892681	      0.06105293	      0.30268653	      0.00000000	      0.00000000	      0.00000000	      0.57644931	     -2.55459191	      7.35245803	     -0.52073267	     -0.00186241	      0.04028136	      0.00000000	      0.00000000	      0.00000000
