C:\Users\Israel Luis\Documents\GitHub\GoalOptimized\ProjectResults\DSE\sub1\multiCycle\JeTMS\temp\MRS_ACT_unassisted.sto
nRows=115
nColumns=148

name C:\Users\Israel Luis\Documents\GitHub\GoalOptimized\ProjectResults\DSE\sub1\multiCycle\JeTMS\temp\MRS_ACT_unassisted.sto
datacolumns 148
datarows 115
range 1.110000 2.250000
endheader
time	addbrev_r	addlong_r	addmagDist_r	addmagIsch_r	addmagMid_r	addmagProx_r	bflh_r	bfsh_r	edl_r	ehl_r	fdl_r	fhl_r	gaslat_r	gasmed_r	glmax1_r	glmax2_r	glmax3_r	glmed1_r	glmed2_r	glmed3_r	glmin1_r	glmin2_r	glmin3_r	grac_r	iliacus_r	perbrev_r	perlong_r	piri_r	psoas_r	recfem_r	sart_r	semimem_r	semiten_r	soleus_r	tfl_r	tibant_r	tibpost_r	vasint_r	vaslat_r	vasmed_r	addbrev_l	addlong_l	addmagDist_l	addmagIsch_l	addmagMid_l	addmagProx_l	bflh_l	bfsh_l	edl_l	ehl_l	fdl_l	fhl_l	gaslat_l	gasmed_l	glmax1_l	glmax2_l	glmax3_l	glmed1_l	glmed2_l	glmed3_l	glmin1_l	glmin2_l	glmin3_l	grac_l	iliacus_l	perbrev_l	perlong_l	piri_l	psoas_l	recfem_l	sart_l	semimem_l	semiten_l	soleus_l	tfl_l	tibant_l	tibpost_l	vasint_l	vaslat_l	vasmed_l	lumbar_ext	lumbar_bend	lumbar_rot	shoulder_flex_r	shoulder_add_r	shoulder_rot_r	elbow_flex_r	pro_sup_r	wrist_flex_r	wrist_dev_r	shoulder_flex_l	shoulder_add_l	shoulder_rot_l	elbow_flex_l	pro_sup_l	wrist_flex_l	wrist_dev_l	FX	FY	FZ	MX	MY	MZ	hip_flexion_r_reserve	hip_adduction_r_reserve	hip_rotation_r_reserve	knee_angle_r_reserve	ankle_angle_r_reserve	subtalar_angle_r_reserve	mtp_angle_r_reserve	hip_flexion_l_reserve	hip_adduction_l_reserve	hip_rotation_l_reserve	knee_angle_l_reserve	ankle_angle_l_reserve	subtalar_angle_l_reserve	mtp_angle_l_reserve	lumbar_extension_reserve	lumbar_bending_reserve	lumbar_rotation_reserve	calcn_r_r1_Fx	calcn_r_r1_Fy	calcn_r_r1_Fz	calcn_r_r1_px	calcn_r_r1_py	calcn_r_r1_pz	calcn_r_r1_Tx	calcn_r_r1_Ty	calcn_r_r1_Tz	calcn_l_l1_Fx	calcn_l_l1_Fy	calcn_l_l1_Fz	calcn_l_l1_px	calcn_l_l1_py	calcn_l_l1_pz	calcn_l_l1_Tx	calcn_l_l1_Ty	calcn_l_l1_Tz	calcn_r_r2_Fx	calcn_r_r2_Fy	calcn_r_r2_Fz	calcn_r_r2_px	calcn_r_r2_py	calcn_r_r2_pz	calcn_r_r2_Tx	calcn_r_r2_Ty	calcn_r_r2_Tz
        1.1100000000	       81.8579846351	      172.1556781629	        8.9639457691	        7.7542867368	       55.9157008662	       84.1128667256	       38.1603482636	      183.6091402981	       76.9555217074	       24.1023029654	        8.6930264956	       12.0501053963	       38.7865097395	       58.8358551560	       26.3960159560	       61.9749949791	       60.2080115820	       70.7318628223	       43.0621273214	       47.9170750807	       50.0971022159	       66.3878792946	       85.9218172518	       35.3125035922	       40.2659982720	        9.3426187248	       15.4576272362	      543.0686961640	      943.6782584172	       52.8924009011	       66.7594656490	       57.3730489015	        8.8626216745	      126.5618018993	       10.7702940861	      205.7971422646	      129.3875930560	       44.5934540432	      232.6606851614	       69.6498181499	        0.0000000000	        0.0000000000	        0.0000000000	        0.0000000000	        0.0000000000	        0.0000000000	        0.0000000000	        0.0000000000	        0.0000000000	        0.0000000000	        0.0000000000	        0.0000000000	        0.0000000000	        0.0000000000	        0.0000000000	        0.0000000000	        0.0000000000	        0.0000000000	        0.0000000000	        0.0000000000	        0.0000000000	        0.0000000000	        0.0000000000	        0.0000000000	        0.0000000000	        0.0000000000	        0.0000000000	        0.0000000000	        0.0000000000	        0.0000000000	        0.0000000000	        0.0000000000	        0.0000000000	        0.0000000000	        0.0000000000	        0.0000000000	        0.0000000000	        0.0000000000	        0.0000000000	        0.0000000000	        0.0000000000	        0.0000000000	        0.0000000000	        0.0000000000	        0.0000000000	        0.0000000000	        0.0000000000	        0.0000000000	        0.0000000000	        0.0000000000	        0.0000000000	        0.0000000000	        0.0000000000	        0.0000000000	        0.0000000000	        0.0000000000	        0.0000000000	        0.0000000000	        0.0000000000	        0.0000000000	        0.0000000000	        0.0000000000	        0.0000000000	        0.0441601281	       -0.0216449555	       -0.0565841342	       -0.0361809301	        0.0025187295	        0.0000000000	        0.0000000000	        0.0000000000	        0.0000000000	        0.0000000000	        0.0000000000	        0.0000000000	        0.0000000000	        0.0000000000	        0.0000000000	        0.0000000000	        0.0000000000	        0.0000000000	        0.0000000000	        0.0000000000	        0.0000000000	        0.0000000000	        0.0000000000	        0.0000000000	        0.0000000000	        0.0000000000	        0.0000000000	        0.0000000000	        0.0000000000	        0.0000000000	        0.0000000000	        0.0000000000	        0.0000000000	        0.0000000000	        0.0000000000	        0.0000000000	        0.0000000000	        0.0000000000	        0.0000000000	        0.0000000000	        0.0000000000	        0.0000000000	        0.0000000000	        0.0000000000	
        1.1200000000	       69.8287589714	      156.3235649730	        9.2982144299	        8.4520982008	       48.8465579861	       69.3236481127	       44.9784045906	      179.9605431555	       83.3051400816	       24.4640253528	        7.1384055831	       10.6242597083	       37.5000214570	       61.1642084471	       22.8636338341	       58.1350097239	       59.1270457765	       47.1587099485	       33.1535531089	       38.3457659865	       47.9675596655	       64.5499700798	       84.3690384137	       31.0837443365	       38.9149813957	        7.8200799524	       13.7054116111	      443.8221747227	      579.5147563221	       39.9559680819	       50.1826534775	       62.6055162390	       11.1904193095	      136.4178129407	        7.4340146866	      216.0153348425	      127.2112922292	       31.2340860430	      128.3108069068	       46.8985097701	        0.0000000000	        0.0000000000	        0.0000000000	        0.0000000000	        0.0000000000	        0.0000000000	        0.0000000000	        0.0000000000	        0.0000000000	        0.0000000000	        0.0000000000	        0.0000000000	        0.0000000000	        0.0000000000	        0.0000000000	        0.0000000000	        0.0000000000	        0.0000000000	        0.0000000000	        0.0000000000	        0.0000000000	        0.0000000000	        0.0000000000	        0.0000000000	        0.0000000000	        0.0000000000	        0.0000000000	        0.0000000000	        0.0000000000	        0.0000000000	        0.0000000000	        0.0000000000	        0.0000000000	        0.0000000000	        0.0000000000	        0.0000000000	        0.0000000000	        0.0000000000	        0.0000000000	        0.0000000000	        0.0000000000	        0.0000000000	        0.0000000000	        0.0000000000	        0.0000000000	        0.0000000000	        0.0000000000	        0.0000000000	        0.0000000000	        0.0000000000	        0.0000000000	        0.0000000000	        0.0000000000	        0.0000000000	        0.0000000000	        0.0000000000	        0.0000000000	        0.0000000000	        0.0000000000	        0.0000000000	        0.0000000000	        0.0000000000	        0.0000000000	        0.0151213706	        0.0084930517	       -0.0393326027	       -0.0152001871	       -0.0043073103	        0.0000000000	        0.0000000000	        0.0000000000	        0.0000000000	        0.0000000000	        0.0000000000	        0.0000000000	        0.0000000000	        0.0000000000	        0.0000000000	        0.0000000000	        0.0000000000	        0.0000000000	        0.0000000000	        0.0000000000	        0.0000000000	        0.0000000000	        0.0000000000	        0.0000000000	        0.0000000000	        0.0000000000	        0.0000000000	        0.0000000000	        0.0000000000	        0.0000000000	        0.0000000000	        0.0000000000	        0.0000000000	        0.0000000000	        0.0000000000	        0.0000000000	        0.0000000000	        0.0000000000	        0.0000000000	        0.0000000000	        0.0000000000	        0.0000000000	        0.0000000000	        0.0000000000	
        1.1300000000	       55.0661177686	      122.3987907421	       11.0676657152	        9.8830760369	       42.0862505447	       60.7179284219	       95.4941172981	      184.4752855343	       80.5917336236	       22.1121754454	        7.0473691109	       11.1644281516	       36.5545422894	       60.6964133149	       23.7029745685	       63.3168243063	       63.2699466460	       38.7632412206	       29.9084559713	       35.1252026386	       47.8782199920	       64.9072116263	       85.0456180461	       28.7273794638	       26.9220493076	        8.2159301121	       14.3850947553	      359.1884299109	      442.3604468494	       31.3781640531	       46.1014254428	       87.0024493352	       22.3639306818	      118.8006352111	        6.4992040348	      210.0174618778	      127.9777795679	       22.3827984122	       83.6759656917	       32.7620489529	        0.0000000000	        0.0000000000	        0.0000000000	        0.0000000000	        0.0000000000	        0.0000000000	        0.0000000000	        0.0000000000	        0.0000000000	        0.0000000000	        0.0000000000	        0.0000000000	        0.0000000000	        0.0000000000	        0.0000000000	        0.0000000000	        0.0000000000	        0.0000000000	        0.0000000000	        0.0000000000	        0.0000000000	        0.0000000000	        0.0000000000	        0.0000000000	        0.0000000000	        0.0000000000	        0.0000000000	        0.0000000000	        0.0000000000	        0.0000000000	        0.0000000000	        0.0000000000	        0.0000000000	        0.0000000000	        0.0000000000	        0.0000000000	        0.0000000000	        0.0000000000	        0.0000000000	        0.0000000000	        0.0000000000	        0.0000000000	        0.0000000000	        0.0000000000	        0.0000000000	        0.0000000000	        0.0000000000	        0.0000000000	        0.0000000000	        0.0000000000	        0.0000000000	        0.0000000000	        0.0000000000	        0.0000000000	        0.0000000000	        0.0000000000	        0.0000000000	        0.0000000000	        0.0000000000	        0.0000000000	        0.0000000000	        0.0000000000	        0.0000000000	        0.0090837684	        0.0241893359	       -0.0534596607	        0.0094452807	        0.0102852889	        0.0000000000	        0.0000000000	        0.0000000000	        0.0000000000	        0.0000000000	        0.0000000000	        0.0000000000	        0.0000000000	        0.0000000000	        0.0000000000	        0.0000000000	        0.0000000000	        0.0000000000	        0.0000000000	        0.0000000000	        0.0000000000	        0.0000000000	        0.0000000000	        0.0000000000	        0.0000000000	        0.0000000000	        0.0000000000	        0.0000000000	        0.0000000000	        0.0000000000	        0.0000000000	        0.0000000000	        0.0000000000	        0.0000000000	        0.0000000000	        0.0000000000	        0.0000000000	        0.0000000000	        0.0000000000	        0.0000000000	        0.0000000000	        0.0000000000	        0.0000000000	        0.0000000000	
        1.1400000000	       41.5984348610	       95.2763602927	       12.8433405980	       11.5904311833	       35.5975512518	       52.8519775626	      170.6408467168	      188.6244232688	       79.3158387489	       20.8558577054	        7.6523254189	       12.0332739678	       38.1421279733	       62.7947786493	       25.7435308984	       68.9955994282	       65.0282871424	       36.3662276425	       29.0582648570	       34.4256745552	       48.6528043669	       66.0882528301	       86.7463616533	       26.7293017937	       21.3705175185	        8.7397313762	       15.4827776289	      306.0850687441	      371.3598143878	       23.0896846724	       44.5587940525	      108.3373596557	       32.4357523235	      106.4531997096	        6.8098858837	      217.9217269405	      129.0253984917	       19.8295510577	       63.3820020343	       28.3322952582	        0.0000000000	        0.0000000000	        0.0000000000	        0.0000000000	        0.0000000000	        0.0000000000	        0.0000000000	        0.0000000000	        0.0000000000	        0.0000000000	        0.0000000000	        0.0000000000	        0.0000000000	        0.0000000000	        0.0000000000	        0.0000000000	        0.0000000000	        0.0000000000	        0.0000000000	        0.0000000000	        0.0000000000	        0.0000000000	        0.0000000000	        0.0000000000	        0.0000000000	        0.0000000000	        0.0000000000	        0.0000000000	        0.0000000000	        0.0000000000	        0.0000000000	        0.0000000000	        0.0000000000	        0.0000000000	        0.0000000000	        0.0000000000	        0.0000000000	        0.0000000000	        0.0000000000	        0.0000000000	        0.0000000000	        0.0000000000	        0.0000000000	        0.0000000000	        0.0000000000	        0.0000000000	        0.0000000000	        0.0000000000	        0.0000000000	        0.0000000000	        0.0000000000	        0.0000000000	        0.0000000000	        0.0000000000	        0.0000000000	        0.0000000000	        0.0000000000	        0.0000000000	        0.0000000000	        0.0000000000	        0.0000000000	        0.0000000000	        0.0000000000	        0.0206702268	        0.0259246024	       -0.0127522272	        0.0453872776	        0.0246322935	        0.0000000000	        0.0000000000	        0.0000000000	        0.0000000000	        0.0000000000	        0.0000000000	        0.0000000000	        0.0000000000	        0.0000000000	        0.0000000000	        0.0000000000	        0.0000000000	        0.0000000000	        0.0000000000	        0.0000000000	        0.0000000000	        0.0000000000	        0.0000000000	        0.0000000000	        0.0000000000	        0.0000000000	        0.0000000000	        0.0000000000	        0.0000000000	        0.0000000000	        0.0000000000	        0.0000000000	        0.0000000000	        0.0000000000	        0.0000000000	        0.0000000000	        0.0000000000	        0.0000000000	        0.0000000000	        0.0000000000	        0.0000000000	        0.0000000000	        0.0000000000	        0.0000000000	
        1.1500000000	       30.4445284545	       69.0663857008	       14.5089987205	       13.4926799420	       30.4335504538	       46.0808927488	      234.8703430997	      190.3524141122	       80.8912300271	       20.8641203727	        8.0286767893	       12.7988926871	       39.9356442232	       66.3120015036	       28.2115209902	       74.8912011302	       67.3732249445	       36.3148740039	       28.9653091504	       34.7841009387	       49.7399347984	       67.6131174881	       88.6936916750	       24.9128812561	       19.6984530953	        9.1221860899	       16.4613555503	      266.2258525950	      322.8659391619	       15.1365161979	       42.4104434894	      129.8132603438	       41.0453840378	      101.0132299044	        7.4440846704	      237.4134196688	      129.7921341051	       19.3594743181	       59.0484428249	       27.3627363735	        0.0000000000	        0.0000000000	        0.0000000000	        0.0000000000	        0.0000000000	        0.0000000000	        0.0000000000	        0.0000000000	        0.0000000000	        0.0000000000	        0.0000000000	        0.0000000000	        0.0000000000	        0.0000000000	        0.0000000000	        0.0000000000	        0.0000000000	        0.0000000000	        0.0000000000	        0.0000000000	        0.0000000000	        0.0000000000	        0.0000000000	        0.0000000000	        0.0000000000	        0.0000000000	        0.0000000000	        0.0000000000	        0.0000000000	        0.0000000000	        0.0000000000	        0.0000000000	        0.0000000000	        0.0000000000	        0.0000000000	        0.0000000000	        0.0000000000	        0.0000000000	        0.0000000000	        0.0000000000	        0.0000000000	        0.0000000000	        0.0000000000	        0.0000000000	        0.0000000000	        0.0000000000	        0.0000000000	        0.0000000000	        0.0000000000	        0.0000000000	        0.0000000000	        0.0000000000	        0.0000000000	        0.0000000000	        0.0000000000	        0.0000000000	        0.0000000000	        0.0000000000	        0.0000000000	        0.0000000000	        0.0000000000	        0.0000000000	        0.0000000000	        0.0225142447	        0.0306493564	        0.0511271012	        0.0705463668	        0.0380227418	        0.0000000000	        0.0000000000	        0.0000000000	        0.0000000000	        0.0000000000	        0.0000000000	        0.0000000000	        0.0000000000	        0.0000000000	        0.0000000000	        0.0000000000	        0.0000000000	        0.0000000000	        0.0000000000	        0.0000000000	        0.0000000000	        0.0000000000	        0.0000000000	        0.0000000000	        0.0000000000	        0.0000000000	        0.0000000000	        0.0000000000	        0.0000000000	        0.0000000000	        0.0000000000	        0.0000000000	        0.0000000000	        0.0000000000	        0.0000000000	        0.0000000000	        0.0000000000	        0.0000000000	        0.0000000000	        0.0000000000	        0.0000000000	        0.0000000000	        0.0000000000	        0.0000000000	
        1.1600000000	       22.1345156291	       52.5585744784	       15.5237635267	       14.8404202845	       25.4147517717	       37.8615133600	      287.4083767364	      186.2940897392	       84.0682042457	       21.1478456517	        8.0536579428	       13.3252148595	       41.2004182456	       68.2479915411	       29.8752565965	       76.5162756809	       66.0596073250	       37.5281245719	       29.0963049322	       35.4116853702	       50.6740992097	       68.9264469454	       90.3204150734	       22.5160293442	       17.6809838215	        9.1400355394	       17.1572009776	      239.9117046102	      254.9446209732	       11.6750762837	       37.0535407049	      144.9469868010	       45.1051674031	      101.8390866869	        7.7581724286	      266.2687039069	      130.3948008726	       19.6267474139	       62.9718783561	       27.5809708827	        0.0000000000	        0.0000000000	        0.0000000000	        0.0000000000	        0.0000000000	        0.0000000000	        0.0000000000	        0.0000000000	        0.0000000000	        0.0000000000	        0.0000000000	        0.0000000000	        0.0000000000	        0.0000000000	        0.0000000000	        0.0000000000	        0.0000000000	        0.0000000000	        0.0000000000	        0.0000000000	        0.0000000000	        0.0000000000	        0.0000000000	        0.0000000000	        0.0000000000	        0.0000000000	        0.0000000000	        0.0000000000	        0.0000000000	        0.0000000000	        0.0000000000	        0.0000000000	        0.0000000000	        0.0000000000	        0.0000000000	        0.0000000000	        0.0000000000	        0.0000000000	        0.0000000000	        0.0000000000	        0.0000000000	        0.0000000000	        0.0000000000	        0.0000000000	        0.0000000000	        0.0000000000	        0.0000000000	        0.0000000000	        0.0000000000	        0.0000000000	        0.0000000000	        0.0000000000	        0.0000000000	        0.0000000000	        0.0000000000	        0.0000000000	        0.0000000000	        0.0000000000	        0.0000000000	        0.0000000000	        0.0000000000	        0.0000000000	        0.0000000000	        0.0172369208	        0.0395997633	        0.1272672240	        0.0777764418	        0.0529436386	        0.0000000000	        0.0000000000	        0.0000000000	        0.0000000000	        0.0000000000	        0.0000000000	        0.0000000000	        0.0000000000	        0.0000000000	        0.0000000000	        0.0000000000	        0.0000000000	        0.0000000000	        0.0000000000	        0.0000000000	        0.0000000000	        0.0000000000	        0.0000000000	        0.0000000000	        0.0000000000	        0.0000000000	        0.0000000000	        0.0000000000	        0.0000000000	        0.0000000000	        0.0000000000	        0.0000000000	        0.0000000000	        0.0000000000	        0.0000000000	        0.0000000000	        0.0000000000	        0.0000000000	        0.0000000000	        0.0000000000	        0.0000000000	        0.0000000000	        0.0000000000	        0.0000000000	
        1.1700000000	       14.3690642145	       35.8805141938	       16.6267083796	       16.2549075409	       20.5628730222	       29.5327392459	      314.5957752707	      180.1490389638	       86.3731236886	       21.2203963203	        7.9092540745	       13.8843047564	       41.3654282691	       67.2338195083	       32.3732329931	       80.2217593482	       65.6710916552	       38.7268665789	       29.4081223465	       36.4360064708	       51.5089546693	       69.9974688387	       91.6922756053	       20.0041340839	       12.4567961400	        9.2060940437	       17.9063205810	      199.6600311278	      171.1155050162	        9.4053743197	       31.3803171588	      145.5513493324	       48.1470792289	      103.3923339308	        7.6397821443	      299.0942005527	      131.1593154447	       19.7911508215	       73.7589764466	       28.0603079487	        0.0000000000	        0.0000000000	        0.0000000000	        0.0000000000	        0.0000000000	        0.0000000000	        0.0000000000	        0.0000000000	        0.0000000000	        0.0000000000	        0.0000000000	        0.0000000000	        0.0000000000	        0.0000000000	        0.0000000000	        0.0000000000	        0.0000000000	        0.0000000000	        0.0000000000	        0.0000000000	        0.0000000000	        0.0000000000	        0.0000000000	        0.0000000000	        0.0000000000	        0.0000000000	        0.0000000000	        0.0000000000	        0.0000000000	        0.0000000000	        0.0000000000	        0.0000000000	        0.0000000000	        0.0000000000	        0.0000000000	        0.0000000000	        0.0000000000	        0.0000000000	        0.0000000000	        0.0000000000	        0.0000000000	        0.0000000000	        0.0000000000	        0.0000000000	        0.0000000000	        0.0000000000	        0.0000000000	        0.0000000000	        0.0000000000	        0.0000000000	        0.0000000000	        0.0000000000	        0.0000000000	        0.0000000000	        0.0000000000	        0.0000000000	        0.0000000000	        0.0000000000	        0.0000000000	        0.0000000000	        0.0000000000	        0.0000000000	        0.0000000000	        0.0063558308	        0.0389691763	        0.1588245566	        0.0628585133	        0.0654825384	        0.0000000000	        0.0000000000	        0.0000000000	        0.0000000000	        0.0000000000	        0.0000000000	        0.0000000000	        0.0000000000	        0.0000000000	        0.0000000000	        0.0000000000	        0.0000000000	        0.0000000000	        0.0000000000	        0.0000000000	        0.0000000000	        0.0000000000	        0.0000000000	        0.0000000000	        0.0000000000	        0.0000000000	        0.0000000000	        0.0000000000	        0.0000000000	        0.0000000000	        0.0000000000	        0.0000000000	        0.0000000000	        0.0000000000	        0.0000000000	        0.0000000000	        0.0000000000	        0.0000000000	        0.0000000000	        0.0000000000	        0.0000000000	        0.0000000000	        0.0000000000	        0.0000000000	
        1.1800000000	        9.2611030206	       26.0772315060	       17.5263873269	       17.6431864678	       17.1927221631	       23.5624492826	      326.5591053866	      172.6663718384	       89.0558983915	       21.9056515113	        7.8542309455	       14.3125115682	       40.8426041621	       65.3830441113	       36.3550742440	       86.8200739319	       66.1680169596	       46.4215117696	       32.5460965914	       39.9866741244	       52.6652477178	       71.7173999752	       93.6607688679	       17.9908578248	       10.4786578655	        9.2596212156	       18.4926791178	      176.8186859511	      117.4050519074	        9.4039864706	       27.2673779956	      147.0100749192	       49.0232470705	      104.2694954845	        8.3158219047	      333.5533041496	      131.4580618797	       22.7934763240	      101.9646880462	       37.0355498563	        0.0000000000	        0.0000000000	        0.0000000000	        0.0000000000	        0.0000000000	        0.0000000000	        0.0000000000	        0.0000000000	        0.0000000000	        0.0000000000	        0.0000000000	        0.0000000000	        0.0000000000	        0.0000000000	        0.0000000000	        0.0000000000	        0.0000000000	        0.0000000000	        0.0000000000	        0.0000000000	        0.0000000000	        0.0000000000	        0.0000000000	        0.0000000000	        0.0000000000	        0.0000000000	        0.0000000000	        0.0000000000	        0.0000000000	        0.0000000000	        0.0000000000	        0.0000000000	        0.0000000000	        0.0000000000	        0.0000000000	        0.0000000000	        0.0000000000	        0.0000000000	        0.0000000000	        0.0000000000	        0.0000000000	        0.0000000000	        0.0000000000	        0.0000000000	        0.0000000000	        0.0000000000	        0.0000000000	        0.0000000000	        0.0000000000	        0.0000000000	        0.0000000000	        0.0000000000	        0.0000000000	        0.0000000000	        0.0000000000	        0.0000000000	        0.0000000000	        0.0000000000	        0.0000000000	        0.0000000000	        0.0000000000	        0.0000000000	        0.0000000000	       -0.0041337045	        0.0298547215	        0.1606496326	        0.0475538623	        0.0732138232	        0.0000000000	        0.0000000000	        0.0000000000	        0.0000000000	        0.0000000000	        0.0000000000	        0.0000000000	        0.0000000000	        0.0000000000	        0.0000000000	        0.0000000000	        0.0000000000	        0.0000000000	        0.0000000000	        0.0000000000	        0.0000000000	        0.0000000000	        0.0000000000	        0.0000000000	        0.0000000000	        0.0000000000	        0.0000000000	        0.0000000000	        0.0000000000	        0.0000000000	        0.0000000000	        0.0000000000	        0.0000000000	        0.0000000000	        0.0000000000	        0.0000000000	        0.0000000000	        0.0000000000	        0.0000000000	        0.0000000000	        0.0000000000	        0.0000000000	        0.0000000000	        0.0000000000	
        1.1900000000	        6.6765153216	       20.9897146352	       18.1521428721	       18.9645013920	       14.8592299996	       19.2440620670	      324.7296496308	      163.9095117956	       93.2681894280	       23.5303832735	        7.7260693513	       14.4216865544	       39.8501388962	       63.7181650129	       41.7907588959	       95.9513419366	       66.5256670038	       59.1093944668	       37.7504895854	       45.6184151193	       54.4003376171	       73.8418194083	       95.9720927754	       16.1952497000	        9.8684299593	        9.1837403634	       18.6726451338	      163.7655963212	       84.4485669751	       10.8590752622	       24.1347547733	      142.8447418963	       48.0550768751	      103.7076697964	        9.4521654890	      366.0133093741	      131.0355899227	       31.5762805511	      142.8216142525	       52.0093431354	        0.0000000000	        0.0000000000	        0.0000000000	        0.0000000000	        0.0000000000	        0.0000000000	        0.0000000000	        0.0000000000	        0.0000000000	        0.0000000000	        0.0000000000	        0.0000000000	        0.0000000000	        0.0000000000	        0.0000000000	        0.0000000000	        0.0000000000	        0.0000000000	        0.0000000000	        0.0000000000	        0.0000000000	        0.0000000000	        0.0000000000	        0.0000000000	        0.0000000000	        0.0000000000	        0.0000000000	        0.0000000000	        0.0000000000	        0.0000000000	        0.0000000000	        0.0000000000	        0.0000000000	        0.0000000000	        0.0000000000	        0.0000000000	        0.0000000000	        0.0000000000	        0.0000000000	        0.0000000000	        0.0000000000	        0.0000000000	        0.0000000000	        0.0000000000	        0.0000000000	        0.0000000000	        0.0000000000	        0.0000000000	        0.0000000000	        0.0000000000	        0.0000000000	        0.0000000000	        0.0000000000	        0.0000000000	        0.0000000000	        0.0000000000	        0.0000000000	        0.0000000000	        0.0000000000	        0.0000000000	        0.0000000000	        0.0000000000	        0.0000000000	       -0.0092919686	        0.0121956051	        0.1410960171	        0.0456218262	        0.0787318739	        0.0000000000	        0.0000000000	        0.0000000000	        0.0000000000	        0.0000000000	        0.0000000000	        0.0000000000	        0.0000000000	        0.0000000000	        0.0000000000	        0.0000000000	        0.0000000000	        0.0000000000	        0.0000000000	        0.0000000000	        0.0000000000	        0.0000000000	        0.0000000000	        0.0000000000	        0.0000000000	        0.0000000000	        0.0000000000	        0.0000000000	        0.0000000000	        0.0000000000	        0.0000000000	        0.0000000000	        0.0000000000	        0.0000000000	        0.0000000000	        0.0000000000	        0.0000000000	        0.0000000000	        0.0000000000	        0.0000000000	        0.0000000000	        0.0000000000	        0.0000000000	        0.0000000000	
        1.2000000000	        5.8384022620	       19.4978604976	       18.3521683544	       19.9528189456	       13.3472918535	       16.2263190816	      309.6736878934	      153.6476406615	       98.7223193123	       25.7051301303	        7.4857789846	       14.0927693336	       38.4017071562	       60.8339762726	       48.1392613853	      106.6961786621	       66.4592326442	       75.9597180985	       44.5715006843	       52.9618098785	       56.3862426909	       76.1872147532	       98.4475476190	       14.4877537645	        9.7070431857	        8.9285213878	       18.2881607316	      156.3101276603	       65.5216408997	       15.8367125725	       21.4208235119	      134.8276107203	       44.8878584130	      100.6240089822	       10.9155810600	      391.0046358367	      129.7175187652	       43.2528408929	      194.2687308166	       71.3819210353	        0.0000000000	        0.0000000000	        0.0000000000	        0.0000000000	        0.0000000000	        0.0000000000	        0.0000000000	        0.0000000000	        0.0000000000	        0.0000000000	        0.0000000000	        0.0000000000	        0.0000000000	        0.0000000000	        0.0000000000	        0.0000000000	        0.0000000000	        0.0000000000	        0.0000000000	        0.0000000000	        0.0000000000	        0.0000000000	        0.0000000000	        0.0000000000	        0.0000000000	        0.0000000000	        0.0000000000	        0.0000000000	        0.0000000000	        0.0000000000	        0.0000000000	        0.0000000000	        0.0000000000	        0.0000000000	        0.0000000000	        0.0000000000	        0.0000000000	        0.0000000000	        0.0000000000	        0.0000000000	        0.0000000000	        0.0000000000	        0.0000000000	        0.0000000000	        0.0000000000	        0.0000000000	        0.0000000000	        0.0000000000	        0.0000000000	        0.0000000000	        0.0000000000	        0.0000000000	        0.0000000000	        0.0000000000	        0.0000000000	        0.0000000000	        0.0000000000	        0.0000000000	        0.0000000000	        0.0000000000	        0.0000000000	        0.0000000000	        0.0000000000	       -0.0122199019	       -0.0067663707	        0.1066745557	        0.0459068533	        0.0794484529	        0.0000000000	        0.0000000000	        0.0000000000	        0.0000000000	        0.0000000000	        0.0000000000	        0.0000000000	        0.0000000000	        0.0000000000	        0.0000000000	        0.0000000000	        0.0000000000	        0.0000000000	        0.0000000000	        0.0000000000	        0.0000000000	        0.0000000000	        0.0000000000	        0.0000000000	        0.0000000000	        0.0000000000	        0.0000000000	        0.0000000000	        0.0000000000	        0.0000000000	        0.0000000000	        0.0000000000	        0.0000000000	        0.0000000000	        0.0000000000	        0.0000000000	        0.0000000000	        0.0000000000	        0.0000000000	        0.0000000000	        0.0000000000	        0.0000000000	        0.0000000000	        0.0000000000	
        1.2100000000	        5.5989576954	       19.5673189738	       18.2357631913	       20.7383464304	       12.0364718292	       13.5004026842	      281.7428395029	      142.0437012695	      104.3937661586	       27.9383548122	        7.0650469875	       13.3143483047	       36.4292334230	       56.5382864979	       54.6709357835	      116.9078408985	       65.4844275033	       94.5629778555	       52.1538824650	       61.1587124866	       58.3856273354	       78.5157847019	      100.8364831206	       12.5997550108	        9.6934525345	        8.4503096807	       17.3197161133	      150.0097947592	       51.3870511173	       23.4831009992	       18.3928054265	      122.8789478802	       40.2125567110	       94.4562793594	       12.4791043668	      405.2418689887	      127.6119453715	       56.7018749164	      253.1079006733	       93.6819929313	        0.0000000000	        0.0000000000	        0.0000000000	        0.0000000000	        0.0000000000	        0.0000000000	        0.0000000000	        0.0000000000	        0.0000000000	        0.0000000000	        0.0000000000	        0.0000000000	        0.0000000000	        0.0000000000	        0.0000000000	        0.0000000000	        0.0000000000	        0.0000000000	        0.0000000000	        0.0000000000	        0.0000000000	        0.0000000000	        0.0000000000	        0.0000000000	        0.0000000000	        0.0000000000	        0.0000000000	        0.0000000000	        0.0000000000	        0.0000000000	        0.0000000000	        0.0000000000	        0.0000000000	        0.0000000000	        0.0000000000	        0.0000000000	        0.0000000000	        0.0000000000	        0.0000000000	        0.0000000000	        0.0000000000	        0.0000000000	        0.0000000000	        0.0000000000	        0.0000000000	        0.0000000000	        0.0000000000	        0.0000000000	        0.0000000000	        0.0000000000	        0.0000000000	        0.0000000000	        0.0000000000	        0.0000000000	        0.0000000000	        0.0000000000	        0.0000000000	        0.0000000000	        0.0000000000	        0.0000000000	        0.0000000000	        0.0000000000	        0.0000000000	       -0.0128242899	       -0.0180967869	        0.0780817893	        0.0443092134	        0.0771217188	        0.0000000000	        0.0000000000	        0.0000000000	        0.0000000000	        0.0000000000	        0.0000000000	        0.0000000000	        0.0000000000	        0.0000000000	        0.0000000000	        0.0000000000	        0.0000000000	        0.0000000000	        0.0000000000	        0.0000000000	        0.0000000000	        0.0000000000	        0.0000000000	        0.0000000000	        0.0000000000	        0.0000000000	        0.0000000000	        0.0000000000	        0.0000000000	        0.0000000000	        0.0000000000	        0.0000000000	        0.0000000000	        0.0000000000	        0.0000000000	        0.0000000000	        0.0000000000	        0.0000000000	        0.0000000000	        0.0000000000	        0.0000000000	        0.0000000000	        0.0000000000	        0.0000000000	
        1.2200000000	        5.5535785373	       20.1814523157	       17.8877205446	       21.3099116638	       10.7301896862	       10.7729923818	      242.7057520487	      129.8528598019	      109.4119167835	       29.9776746203	        6.5080597363	       12.2611119594	       33.8791698133	       51.4467389395	       61.1775966326	      126.3845528658	       63.7174718023	      113.7530534005	       60.2095261885	       69.9146235911	       60.4010187360	       80.8311792253	      103.1297451043	       10.5533363659	        9.7325210254	        7.8472850690	       15.9898866504	      142.3415480740	       38.4629741377	       33.4361962303	       15.0811767544	      108.4473050859	       34.6825051897	       86.0965049903	       14.1741715624	      407.9275655059	      125.1112298991	       71.0185338166	      317.2335309275	      117.3227869171	        0.0000000000	        0.0000000000	        0.0000000000	        0.0000000000	        0.0000000000	        0.0000000000	        0.0000000000	        0.0000000000	        0.0000000000	        0.0000000000	        0.0000000000	        0.0000000000	        0.0000000000	        0.0000000000	        0.0000000000	        0.0000000000	        0.0000000000	        0.0000000000	        0.0000000000	        0.0000000000	        0.0000000000	        0.0000000000	        0.0000000000	        0.0000000000	        0.0000000000	        0.0000000000	        0.0000000000	        0.0000000000	        0.0000000000	        0.0000000000	        0.0000000000	        0.0000000000	        0.0000000000	        0.0000000000	        0.0000000000	        0.0000000000	        0.0000000000	        0.0000000000	        0.0000000000	        0.0000000000	        0.0000000000	        0.0000000000	        0.0000000000	        0.0000000000	        0.0000000000	        0.0000000000	        0.0000000000	        0.0000000000	        0.0000000000	        0.0000000000	        0.0000000000	        0.0000000000	        0.0000000000	        0.0000000000	        0.0000000000	        0.0000000000	        0.0000000000	        0.0000000000	        0.0000000000	        0.0000000000	        0.0000000000	        0.0000000000	        0.0000000000	       -0.0120628610	       -0.0247821948	        0.0542536044	        0.0408257227	        0.0731514624	        0.0000000000	        0.0000000000	        0.0000000000	        0.0000000000	        0.0000000000	        0.0000000000	        0.0000000000	        0.0000000000	        0.0000000000	        0.0000000000	        0.0000000000	        0.0000000000	        0.0000000000	        0.0000000000	        0.0000000000	        0.0000000000	        0.0000000000	        0.0000000000	        0.0000000000	        0.0000000000	        0.0000000000	        0.0000000000	        0.0000000000	        0.0000000000	        0.0000000000	        0.0000000000	        0.0000000000	        0.0000000000	        0.0000000000	        0.0000000000	        0.0000000000	        0.0000000000	        0.0000000000	        0.0000000000	        0.0000000000	        0.0000000000	        0.0000000000	        0.0000000000	        0.0000000000	
        1.2300000000	        5.5673088415	       20.8687144438	       17.4377411112	       21.7332579096	        9.4531059513	        8.1054842808	      196.1608993834	      118.0066585410	      113.1526172311	       31.6191344110	        5.9644314327	       11.2329645882	       30.8493079322	       46.4713754163	       67.5129261971	      134.8069555401	       61.5046750678	      132.9854524297	       68.6708985644	       79.1193083884	       62.5606940738	       83.2591847476	      105.4330499559	        8.5272361750	        9.8132463496	        7.2830124286	       14.6831626376	      133.3566965756	       26.0896150895	       45.6509525145	       11.7979108791	       93.0712983357	       29.1907465424	       77.2510370117	       16.1732540738	      400.1653401580	      122.7952728657	       85.8042988160	      383.5595949612	      142.1872174302	        0.0000000000	        0.0000000000	        0.0000000000	        0.0000000000	        0.0000000000	        0.0000000000	        0.0000000000	        0.0000000000	        0.0000000000	        0.0000000000	        0.0000000000	        0.0000000000	        0.0000000000	        0.0000000000	        0.0000000000	        0.0000000000	        0.0000000000	        0.0000000000	        0.0000000000	        0.0000000000	        0.0000000000	        0.0000000000	        0.0000000000	        0.0000000000	        0.0000000000	        0.0000000000	        0.0000000000	        0.0000000000	        0.0000000000	        0.0000000000	        0.0000000000	        0.0000000000	        0.0000000000	        0.0000000000	        0.0000000000	        0.0000000000	        0.0000000000	        0.0000000000	        0.0000000000	        0.0000000000	        0.0000000000	        0.0000000000	        0.0000000000	        0.0000000000	        0.0000000000	        0.0000000000	        0.0000000000	        0.0000000000	        0.0000000000	        0.0000000000	        0.0000000000	        0.0000000000	        0.0000000000	        0.0000000000	        0.0000000000	        0.0000000000	        0.0000000000	        0.0000000000	        0.0000000000	        0.0000000000	        0.0000000000	        0.0000000000	        0.0000000000	       -0.0098521560	       -0.0282742481	        0.0338787689	        0.0355511482	        0.0677093187	        0.0000000000	        0.0000000000	        0.0000000000	        0.0000000000	        0.0000000000	        0.0000000000	        0.0000000000	        0.0000000000	        0.0000000000	        0.0000000000	        0.0000000000	        0.0000000000	        0.0000000000	        0.0000000000	        0.0000000000	        0.0000000000	        0.0000000000	        0.0000000000	        0.0000000000	        0.0000000000	        0.0000000000	        0.0000000000	        0.0000000000	        0.0000000000	        0.0000000000	        0.0000000000	        0.0000000000	        0.0000000000	        0.0000000000	        0.0000000000	        0.0000000000	        0.0000000000	        0.0000000000	        0.0000000000	        0.0000000000	        0.0000000000	        0.0000000000	        0.0000000000	        0.0000000000	
        1.2400000000	        5.6385877060	       21.9232938694	       16.8452671750	       21.8501305754	        8.4546456685	        6.0080610246	      148.7061894276	      107.3302584968	      115.3149637178	       32.7599291079	        5.5757061360	       10.4592614105	       27.7552294183	       43.3291571652	       73.5675542566	      142.9007459343	       59.1305971224	      152.7051089095	       77.7356617609	       88.9618857315	       65.0571623392	       85.9816289316	      107.9129385563	        6.7870117834	       10.9185104064	        6.8909453168	       13.6917231107	      125.2469977950	       18.7814052078	       60.7293595568	        9.1332234006	       79.0220715084	       24.1876881952	       69.5507189883	       18.7637622598	      384.6200246123	      121.0463212614	      100.0751151185	      453.9482558369	      166.1316034579	        0.0000000000	        0.0000000000	        0.0000000000	        0.0000000000	        0.0000000000	        0.0000000000	        0.0000000000	        0.0000000000	        0.0000000000	        0.0000000000	        0.0000000000	        0.0000000000	        0.0000000000	        0.0000000000	        0.0000000000	        0.0000000000	        0.0000000000	        0.0000000000	        0.0000000000	        0.0000000000	        0.0000000000	        0.0000000000	        0.0000000000	        0.0000000000	        0.0000000000	        0.0000000000	        0.0000000000	        0.0000000000	        0.0000000000	        0.0000000000	        0.0000000000	        0.0000000000	        0.0000000000	        0.0000000000	        0.0000000000	        0.0000000000	        0.0000000000	        0.0000000000	        0.0000000000	        0.0000000000	        0.0000000000	        0.0000000000	        0.0000000000	        0.0000000000	        0.0000000000	        0.0000000000	        0.0000000000	        0.0000000000	        0.0000000000	        0.0000000000	        0.0000000000	        0.0000000000	        0.0000000000	        0.0000000000	        0.0000000000	        0.0000000000	        0.0000000000	        0.0000000000	        0.0000000000	        0.0000000000	        0.0000000000	        0.0000000000	        0.0000000000	       -0.0086613709	       -0.0313829597	        0.0141385719	        0.0292489104	        0.0643396450	        0.0000000000	        0.0000000000	        0.0000000000	        0.0000000000	        0.0000000000	        0.0000000000	        0.0000000000	        0.0000000000	        0.0000000000	        0.0000000000	        0.0000000000	        0.0000000000	        0.0000000000	        0.0000000000	        0.0000000000	        0.0000000000	        0.0000000000	        0.0000000000	        0.0000000000	        0.0000000000	        0.0000000000	        0.0000000000	        0.0000000000	        0.0000000000	        0.0000000000	        0.0000000000	        0.0000000000	        0.0000000000	        0.0000000000	        0.0000000000	        0.0000000000	        0.0000000000	        0.0000000000	        0.0000000000	        0.0000000000	        0.0000000000	        0.0000000000	        0.0000000000	        0.0000000000	
        1.2500000000	        6.0683859292	       23.3884867975	       16.1573318228	       21.7014976021	        7.8657036006	        4.7289558329	      106.3132160041	       98.2818620739	      115.3524808881	       33.1583163874	        5.4352538354	       10.0269640236	       25.2620676486	       42.0447663268	       79.0962686956	      150.0635039408	       56.8347078820	      173.3041205240	       87.3744819736	       99.2345426678	       67.9231052248	       89.0324454869	      110.6213772115	        5.4899959559	       12.8435448565	        6.7499389133	       13.1261450258	      119.7278991463	       16.3411180011	       79.1214055853	        7.3302166545	       66.5985212322	       19.9596808704	       62.7210830550	       21.9799191532	      361.7953012210	      120.0222375916	      113.6371995062	      524.1016945534	      189.9194078200	        0.0000000000	        0.0000000000	        0.0000000000	        0.0000000000	        0.0000000000	        0.0000000000	        0.0000000000	        0.0000000000	        0.0000000000	        0.0000000000	        0.0000000000	        0.0000000000	        0.0000000000	        0.0000000000	        0.0000000000	        0.0000000000	        0.0000000000	        0.0000000000	        0.0000000000	        0.0000000000	        0.0000000000	        0.0000000000	        0.0000000000	        0.0000000000	        0.0000000000	        0.0000000000	        0.0000000000	        0.0000000000	        0.0000000000	        0.0000000000	        0.0000000000	        0.0000000000	        0.0000000000	        0.0000000000	        0.0000000000	        0.0000000000	        0.0000000000	        0.0000000000	        0.0000000000	        0.0000000000	        0.0000000000	        0.0000000000	        0.0000000000	        0.0000000000	        0.0000000000	        0.0000000000	        0.0000000000	        0.0000000000	        0.0000000000	        0.0000000000	        0.0000000000	        0.0000000000	        0.0000000000	        0.0000000000	        0.0000000000	        0.0000000000	        0.0000000000	        0.0000000000	        0.0000000000	        0.0000000000	        0.0000000000	        0.0000000000	        0.0000000000	       -0.0089720659	       -0.0311214365	       -0.0001667164	        0.0221611146	        0.0594144609	        0.0000000000	        0.0000000000	        0.0000000000	        0.0000000000	        0.0000000000	        0.0000000000	        0.0000000000	        0.0000000000	        0.0000000000	        0.0000000000	        0.0000000000	        0.0000000000	        0.0000000000	        0.0000000000	        0.0000000000	        0.0000000000	        0.0000000000	        0.0000000000	        0.0000000000	        0.0000000000	        0.0000000000	        0.0000000000	        0.0000000000	        0.0000000000	        0.0000000000	        0.0000000000	        0.0000000000	        0.0000000000	        0.0000000000	        0.0000000000	        0.0000000000	        0.0000000000	        0.0000000000	        0.0000000000	        0.0000000000	        0.0000000000	        0.0000000000	        0.0000000000	        0.0000000000	
        1.2600000000	        6.5519281614	       24.5469996266	       15.3444237171	       21.2175465163	        7.4567866337	        3.9453323659	       72.8490678433	       90.9983273325	      113.0695152539	       32.7636682442	        5.5202798073	        9.9278736307	       23.7911684879	       42.5072788191	       83.2761111358	      154.2455048588	       54.2119722624	      194.4625952990	       96.7859777074	      108.7859618597	       71.0303008242	       92.2563860825	      113.3988230827	        4.5590893517	       14.8499664859	        6.8391195338	       12.9747213684	      117.5239130249	       15.6472663148	       99.1791481115	        6.1850986352	       56.4321077658	       16.6742253450	       57.0522285226	       25.6499562078	      332.9318560192	      119.7687260430	      125.6170767865	      594.6385279681	      211.1505814132	        0.0000000000	        0.0000000000	        0.0000000000	        0.0000000000	        0.0000000000	        0.0000000000	        0.0000000000	        0.0000000000	        0.0000000000	        0.0000000000	        0.0000000000	        0.0000000000	        0.0000000000	        0.0000000000	        0.0000000000	        0.0000000000	        0.0000000000	        0.0000000000	        0.0000000000	        0.0000000000	        0.0000000000	        0.0000000000	        0.0000000000	        0.0000000000	        0.0000000000	        0.0000000000	        0.0000000000	        0.0000000000	        0.0000000000	        0.0000000000	        0.0000000000	        0.0000000000	        0.0000000000	        0.0000000000	        0.0000000000	        0.0000000000	        0.0000000000	        0.0000000000	        0.0000000000	        0.0000000000	        0.0000000000	        0.0000000000	        0.0000000000	        0.0000000000	        0.0000000000	        0.0000000000	        0.0000000000	        0.0000000000	        0.0000000000	        0.0000000000	        0.0000000000	        0.0000000000	        0.0000000000	        0.0000000000	        0.0000000000	        0.0000000000	        0.0000000000	        0.0000000000	        0.0000000000	        0.0000000000	        0.0000000000	        0.0000000000	        0.0000000000	       -0.0097600630	       -0.0271462423	       -0.0063840429	        0.0154474527	        0.0516345285	        0.0000000000	        0.0000000000	        0.0000000000	        0.0000000000	        0.0000000000	        0.0000000000	        0.0000000000	        0.0000000000	        0.0000000000	        0.0000000000	        0.0000000000	        0.0000000000	        0.0000000000	        0.0000000000	        0.0000000000	        0.0000000000	        0.0000000000	        0.0000000000	        0.0000000000	        0.0000000000	        0.0000000000	        0.0000000000	        0.0000000000	        0.0000000000	        0.0000000000	        0.0000000000	        0.0000000000	        0.0000000000	        0.0000000000	        0.0000000000	        0.0000000000	        0.0000000000	        0.0000000000	        0.0000000000	        0.0000000000	        0.0000000000	        0.0000000000	        0.0000000000	        0.0000000000	
        1.2700000000	        6.8202728546	       25.0621879870	       14.3804470800	       20.3244816419	        7.1339967063	        3.5625878373	       50.8545395592	       85.5832173012	      108.4342991163	       31.5415790242	        5.8144552078	       10.1484511177	       23.4530266319	       44.9226236313	       85.9024928013	      155.2588527157	       51.0954302584	      215.5937892121	      105.6565020317	      117.2086030546	       74.3230222515	       95.5846343116	      116.1828810662	        3.9720048935	       16.7811244141	        7.1478652155	       13.2203364552	      117.7023748598	       15.5706135268	      120.0254740627	        5.6254610203	       49.0082703278	       14.4248509678	       52.9161913975	       29.6636451714	      300.2901074857	      120.2516320202	      135.3530098719	      663.4055671563	      229.4768983635	        0.0000000000	        0.0000000000	        0.0000000000	        0.0000000000	        0.0000000000	        0.0000000000	        0.0000000000	        0.0000000000	        0.0000000000	        0.0000000000	        0.0000000000	        0.0000000000	        0.0000000000	        0.0000000000	        0.0000000000	        0.0000000000	        0.0000000000	        0.0000000000	        0.0000000000	        0.0000000000	        0.0000000000	        0.0000000000	        0.0000000000	        0.0000000000	        0.0000000000	        0.0000000000	        0.0000000000	        0.0000000000	        0.0000000000	        0.0000000000	        0.0000000000	        0.0000000000	        0.0000000000	        0.0000000000	        0.0000000000	        0.0000000000	        0.0000000000	        0.0000000000	        0.0000000000	        0.0000000000	        0.0000000000	        0.0000000000	        0.0000000000	        0.0000000000	        0.0000000000	        0.0000000000	        0.0000000000	        0.0000000000	        0.0000000000	        0.0000000000	        0.0000000000	        0.0000000000	        0.0000000000	        0.0000000000	        0.0000000000	        0.0000000000	        0.0000000000	        0.0000000000	        0.0000000000	        0.0000000000	        0.0000000000	        0.0000000000	        0.0000000000	       -0.0107885569	       -0.0213215541	       -0.0072254554	        0.0087679290	        0.0415460104	        0.0000000000	        0.0000000000	        0.0000000000	        0.0000000000	        0.0000000000	        0.0000000000	        0.0000000000	        0.0000000000	        0.0000000000	        0.0000000000	        0.0000000000	        0.0000000000	        0.0000000000	        0.0000000000	        0.0000000000	        0.0000000000	        0.0000000000	        0.0000000000	        0.0000000000	        0.0000000000	        0.0000000000	        0.0000000000	        0.0000000000	        0.0000000000	        0.0000000000	        0.0000000000	        0.0000000000	        0.0000000000	        0.0000000000	        0.0000000000	        0.0000000000	        0.0000000000	        0.0000000000	        0.0000000000	        0.0000000000	        0.0000000000	        0.0000000000	        0.0000000000	        0.0000000000	
        1.2800000000	        6.8121953476	       24.8462940875	       13.3287307271	       19.1001840290	        6.8611713208	        3.4437263331	       40.0851669239	       82.0375286136	      101.6559829085	       29.5647469427	        6.2860199502	       10.6696599359	       24.2010975640	       49.2124337155	       87.0740058065	      153.5742364391	       47.6530408444	      236.2754848696	      113.6564183268	      124.1858582472	       77.6832623783	       98.8920132178	      118.8680428721	        3.7090451121	       18.5286422183	        7.6424524449	       13.8345563484	      119.4735463798	       15.5999677871	      140.6462733267	        5.5723169712	       44.9544072306	       13.2783224487	       50.7380485891	       33.9044138567	      266.3129659639	      121.4240109626	      142.4247753022	      728.2044340173	      243.8850674762	        0.0000000000	        0.0000000000	        0.0000000000	        0.0000000000	        0.0000000000	        0.0000000000	        0.0000000000	        0.0000000000	        0.0000000000	        0.0000000000	        0.0000000000	        0.0000000000	        0.0000000000	        0.0000000000	        0.0000000000	        0.0000000000	        0.0000000000	        0.0000000000	        0.0000000000	        0.0000000000	        0.0000000000	        0.0000000000	        0.0000000000	        0.0000000000	        0.0000000000	        0.0000000000	        0.0000000000	        0.0000000000	        0.0000000000	        0.0000000000	        0.0000000000	        0.0000000000	        0.0000000000	        0.0000000000	        0.0000000000	        0.0000000000	        0.0000000000	        0.0000000000	        0.0000000000	        0.0000000000	        0.0000000000	        0.0000000000	        0.0000000000	        0.0000000000	        0.0000000000	        0.0000000000	        0.0000000000	        0.0000000000	        0.0000000000	        0.0000000000	        0.0000000000	        0.0000000000	        0.0000000000	        0.0000000000	        0.0000000000	        0.0000000000	        0.0000000000	        0.0000000000	        0.0000000000	        0.0000000000	        0.0000000000	        0.0000000000	        0.0000000000	       -0.0120481564	       -0.0148087165	       -0.0041611969	        0.0023051933	        0.0302298174	        0.0000000000	        0.0000000000	        0.0000000000	        0.0000000000	        0.0000000000	        0.0000000000	        0.0000000000	        0.0000000000	        0.0000000000	        0.0000000000	        0.0000000000	        0.0000000000	        0.0000000000	        0.0000000000	        0.0000000000	        0.0000000000	        0.0000000000	        0.0000000000	        0.0000000000	        0.0000000000	        0.0000000000	        0.0000000000	        0.0000000000	        0.0000000000	        0.0000000000	        0.0000000000	        0.0000000000	        0.0000000000	        0.0000000000	        0.0000000000	        0.0000000000	        0.0000000000	        0.0000000000	        0.0000000000	        0.0000000000	        0.0000000000	        0.0000000000	        0.0000000000	        0.0000000000	
        1.2900000000	        6.5658936424	       24.0220742477	       12.2896938224	       17.6928188337	        6.6371971055	        3.5047915044	       37.9872146218	       80.2237151259	       93.3195658654	       27.0732540720	        6.8819834683	       11.4355673057	       25.8836970222	       55.1312826384	       87.0835342038	      150.1094127731	       44.2234755839	      256.1279488203	      120.5141533006	      129.5238687792	       80.9814217283	      102.0431541902	      121.3402411346	        3.7329950873	       20.0368833465	        8.2669737764	       14.7445561383	      122.0678716299	       15.5932537421	      159.3815011148	        5.9251136652	       44.5121373852	       13.1835792444	       50.7871958172	       38.1621965836	      233.1162224471	      123.1990960829	      146.7095871400	      785.9303896506	      254.0462181687	        0.0000000000	        0.0000000000	        0.0000000000	        0.0000000000	        0.0000000000	        0.0000000000	        0.0000000000	        0.0000000000	        0.0000000000	        0.0000000000	        0.0000000000	        0.0000000000	        0.0000000000	        0.0000000000	        0.0000000000	        0.0000000000	        0.0000000000	        0.0000000000	        0.0000000000	        0.0000000000	        0.0000000000	        0.0000000000	        0.0000000000	        0.0000000000	        0.0000000000	        0.0000000000	        0.0000000000	        0.0000000000	        0.0000000000	        0.0000000000	        0.0000000000	        0.0000000000	        0.0000000000	        0.0000000000	        0.0000000000	        0.0000000000	        0.0000000000	        0.0000000000	        0.0000000000	        0.0000000000	        0.0000000000	        0.0000000000	        0.0000000000	        0.0000000000	        0.0000000000	        0.0000000000	        0.0000000000	        0.0000000000	        0.0000000000	        0.0000000000	        0.0000000000	        0.0000000000	        0.0000000000	        0.0000000000	        0.0000000000	        0.0000000000	        0.0000000000	        0.0000000000	        0.0000000000	        0.0000000000	        0.0000000000	        0.0000000000	        0.0000000000	       -0.0138206881	       -0.0079187335	        0.0025256927	       -0.0036613062	        0.0184212897	        0.0000000000	        0.0000000000	        0.0000000000	        0.0000000000	        0.0000000000	        0.0000000000	        0.0000000000	        0.0000000000	        0.0000000000	        0.0000000000	        0.0000000000	        0.0000000000	        0.0000000000	        0.0000000000	        0.0000000000	        0.0000000000	        0.0000000000	        0.0000000000	        0.0000000000	        0.0000000000	        0.0000000000	        0.0000000000	        0.0000000000	        0.0000000000	        0.0000000000	        0.0000000000	        0.0000000000	        0.0000000000	        0.0000000000	        0.0000000000	        0.0000000000	        0.0000000000	        0.0000000000	        0.0000000000	        0.0000000000	        0.0000000000	        0.0000000000	        0.0000000000	        0.0000000000	
        1.3000000000	        6.2414992786	       23.0695163091	       11.4515473908	       16.4124052423	        6.5008736259	        3.7252253704	       41.9954982201	       79.8146391856	       84.3414170896	       24.4183272475	        7.5374864619	       12.3455679728	       28.2899964863	       62.2201611039	       86.4764459408	      145.8189854216	       41.3901315896	      275.0066939810	      126.0796302030	      133.2127548086	       84.0678506828	      104.9037663408	      123.5089721911	        3.9806100297	       21.3972181033	        8.9430499429	       15.8258080262	      124.8895028402	       15.6354918774	      176.1350222809	        6.5398742701	       47.3546400117	       13.9374392196	       53.4468364947	       42.2961421311	      202.5445162181	      125.4024081993	      148.3591893293	      832.3438648281	      259.7003680052	        0.0000000000	        0.0000000000	        0.0000000000	        0.0000000000	        0.0000000000	        0.0000000000	        0.0000000000	        0.0000000000	        0.0000000000	        0.0000000000	        0.0000000000	        0.0000000000	        0.0000000000	        0.0000000000	        0.0000000000	        0.0000000000	        0.0000000000	        0.0000000000	        0.0000000000	        0.0000000000	        0.0000000000	        0.0000000000	        0.0000000000	        0.0000000000	        0.0000000000	        0.0000000000	        0.0000000000	        0.0000000000	        0.0000000000	        0.0000000000	        0.0000000000	        0.0000000000	        0.0000000000	        0.0000000000	        0.0000000000	        0.0000000000	        0.0000000000	        0.0000000000	        0.0000000000	        0.0000000000	        0.0000000000	        0.0000000000	        0.0000000000	        0.0000000000	        0.0000000000	        0.0000000000	        0.0000000000	        0.0000000000	        0.0000000000	        0.0000000000	        0.0000000000	        0.0000000000	        0.0000000000	        0.0000000000	        0.0000000000	        0.0000000000	        0.0000000000	        0.0000000000	        0.0000000000	        0.0000000000	        0.0000000000	        0.0000000000	        0.0000000000	       -0.0146219755	       -0.0014918284	        0.0121131800	       -0.0085211274	        0.0047625765	        0.0000000000	        0.0000000000	        0.0000000000	        0.0000000000	        0.0000000000	        0.0000000000	        0.0000000000	        0.0000000000	        0.0000000000	        0.0000000000	        0.0000000000	        0.0000000000	        0.0000000000	        0.0000000000	        0.0000000000	        0.0000000000	        0.0000000000	        0.0000000000	        0.0000000000	        0.0000000000	        0.0000000000	        0.0000000000	        0.0000000000	        0.0000000000	        0.0000000000	        0.0000000000	        0.0000000000	        0.0000000000	        0.0000000000	        0.0000000000	        0.0000000000	        0.0000000000	        0.0000000000	        0.0000000000	        0.0000000000	        0.0000000000	        0.0000000000	        0.0000000000	        0.0000000000	
        1.3100000000	        5.9971156753	       22.6237792485	       10.9030122033	       15.4746135457	        6.3879936197	        3.8374126532	       48.7835798418	       80.3326036754	       76.3716035595	       22.2156920468	        8.1336575091	       13.3357526997	       31.1329204485	       70.5677939981	       85.6531394419	      142.0448062520	       39.3623609775	      292.5083707370	      130.1049906758	      135.2906587764	       86.7980133629	      107.3330881399	      125.2469224500	        4.3330090881	       23.8731001248	        9.5626483218	       16.9984585859	      127.6144160492	       15.7282467990	      189.0438379445	        7.1242374189	       52.2846392384	       15.1575671474	       61.9013126725	       46.0465859413	      178.7816381449	      127.9443571460	      147.9246751918	      864.2229419156	      261.2336103734	        0.0000000000	        0.0000000000	        0.0000000000	        0.0000000000	        0.0000000000	        0.0000000000	        0.0000000000	        0.0000000000	        0.0000000000	        0.0000000000	        0.0000000000	        0.0000000000	        0.0000000000	        0.0000000000	        0.0000000000	        0.0000000000	        0.0000000000	        0.0000000000	        0.0000000000	        0.0000000000	        0.0000000000	        0.0000000000	        0.0000000000	        0.0000000000	        0.0000000000	        0.0000000000	        0.0000000000	        0.0000000000	        0.0000000000	        0.0000000000	        0.0000000000	        0.0000000000	        0.0000000000	        0.0000000000	        0.0000000000	        0.0000000000	        0.0000000000	        0.0000000000	        0.0000000000	        0.0000000000	        0.0000000000	        0.0000000000	        0.0000000000	        0.0000000000	        0.0000000000	        0.0000000000	        0.0000000000	        0.0000000000	        0.0000000000	        0.0000000000	        0.0000000000	        0.0000000000	        0.0000000000	        0.0000000000	        0.0000000000	        0.0000000000	        0.0000000000	        0.0000000000	        0.0000000000	        0.0000000000	        0.0000000000	        0.0000000000	        0.0000000000	       -0.0153546050	        0.0037878967	        0.0234988935	       -0.0117292020	       -0.0026179564	        0.0000000000	        0.0000000000	        0.0000000000	        0.0000000000	        0.0000000000	        0.0000000000	        0.0000000000	        0.0000000000	        0.0000000000	        0.0000000000	        0.0000000000	        0.0000000000	        0.0000000000	        0.0000000000	        0.0000000000	        0.0000000000	        0.0000000000	        0.0000000000	        0.0000000000	        0.0000000000	        0.0000000000	        0.0000000000	        0.0000000000	        0.0000000000	        0.0000000000	        0.0000000000	        0.0000000000	        0.0000000000	        0.0000000000	        0.0000000000	        0.0000000000	        0.0000000000	        0.0000000000	        0.0000000000	        0.0000000000	        0.0000000000	        0.0000000000	        0.0000000000	        0.0000000000	
        1.3200000000	        5.9502896970	       23.0401874653	       10.4961589896	       14.6733737756	        6.3569745330	        3.9315615339	       57.1020772365	       81.6384313511	       70.2137485228	       20.6713407448	        8.6618234789	       14.4001114380	       34.1829483322	       79.8540243144	       84.5831960747	      138.6610765172	       37.6840699048	      307.7631894111	      132.9291705556	      136.3281148539	       89.1373133719	      109.3295660853	      126.5682381046	        4.8458685579	       26.7863294937	       10.1387514991	       18.2590079904	      129.1339215100	       15.8078551831	      198.7022826004	        7.6712730817	       58.7619266149	       16.6954561603	       75.1469549336	       49.2936090922	      162.1515091024	      130.7678330501	      145.7704416262	      880.1982044366	      259.1185961394	        0.0000000000	        0.0000000000	        0.0000000000	        0.0000000000	        0.0000000000	        0.0000000000	        0.0000000000	        0.0000000000	        0.0000000000	        0.0000000000	        0.0000000000	        0.0000000000	        0.0000000000	        0.0000000000	        0.0000000000	        0.0000000000	        0.0000000000	        0.0000000000	        0.0000000000	        0.0000000000	        0.0000000000	        0.0000000000	        0.0000000000	        0.0000000000	        0.0000000000	        0.0000000000	        0.0000000000	        0.0000000000	        0.0000000000	        0.0000000000	        0.0000000000	        0.0000000000	        0.0000000000	        0.0000000000	        0.0000000000	        0.0000000000	        0.0000000000	        0.0000000000	        0.0000000000	        0.0000000000	        0.0000000000	        0.0000000000	        0.0000000000	        0.0000000000	        0.0000000000	        0.0000000000	        0.0000000000	        0.0000000000	        0.0000000000	        0.0000000000	        0.0000000000	        0.0000000000	        0.0000000000	        0.0000000000	        0.0000000000	        0.0000000000	        0.0000000000	        0.0000000000	        0.0000000000	        0.0000000000	        0.0000000000	        0.0000000000	        0.0000000000	       -0.0168619898	        0.0071245198	        0.0337689307	       -0.0137191294	       -0.0040911222	        0.0000000000	        0.0000000000	        0.0000000000	        0.0000000000	        0.0000000000	        0.0000000000	        0.0000000000	        0.0000000000	        0.0000000000	        0.0000000000	        0.0000000000	        0.0000000000	        0.0000000000	        0.0000000000	        0.0000000000	        0.0000000000	        0.0000000000	        0.0000000000	        0.0000000000	        0.0000000000	        0.0000000000	        0.0000000000	        0.0000000000	        0.0000000000	        0.0000000000	        0.0000000000	        0.0000000000	        0.0000000000	        0.0000000000	        0.0000000000	        0.0000000000	        0.0000000000	        0.0000000000	        0.0000000000	        0.0000000000	        0.0000000000	        0.0000000000	        0.0000000000	        0.0000000000	
        1.3300000000	        6.0056028155	       23.6991020415	       10.0552054920	       13.7880944566	        6.3793891138	        4.1471540170	       66.9061762306	       83.5961072972	       65.2452051206	       19.4000523633	        9.1247199772	       15.3697770703	       37.2862139520	       88.9210499290	       82.8013625463	      134.3525574076	       35.9287918726	      320.0068314935	      134.2488552466	      135.9919871244	       91.0631945131	      110.8651131736	      127.4426056181	        5.4538955883	       29.0027653701	       10.6331369267	       19.4018772092	      129.1692469154	       15.9018749444	      206.6502774982	        8.2486919861	       66.5949066563	       18.3764124282	       88.4249637955	       52.0588914934	      149.3183925156	      133.4778627420	      142.0791120613	      880.1253367411	      253.8158879827	        0.0000000000	        0.0000000000	        0.0000000000	        0.0000000000	        0.0000000000	        0.0000000000	        0.0000000000	        0.0000000000	        0.0000000000	        0.0000000000	        0.0000000000	        0.0000000000	        0.0000000000	        0.0000000000	        0.0000000000	        0.0000000000	        0.0000000000	        0.0000000000	        0.0000000000	        0.0000000000	        0.0000000000	        0.0000000000	        0.0000000000	        0.0000000000	        0.0000000000	        0.0000000000	        0.0000000000	        0.0000000000	        0.0000000000	        0.0000000000	        0.0000000000	        0.0000000000	        0.0000000000	        0.0000000000	        0.0000000000	        0.0000000000	        0.0000000000	        0.0000000000	        0.0000000000	        0.0000000000	        0.0000000000	        0.0000000000	        0.0000000000	        0.0000000000	        0.0000000000	        0.0000000000	        0.0000000000	        0.0000000000	        0.0000000000	        0.0000000000	        0.0000000000	        0.0000000000	        0.0000000000	        0.0000000000	        0.0000000000	        0.0000000000	        0.0000000000	        0.0000000000	        0.0000000000	        0.0000000000	        0.0000000000	        0.0000000000	        0.0000000000	       -0.0187492055	        0.0100116510	        0.0439290977	       -0.0152606814	       -0.0045396951	        0.0000000000	        0.0000000000	        0.0000000000	        0.0000000000	        0.0000000000	        0.0000000000	        0.0000000000	        0.0000000000	        0.0000000000	        0.0000000000	        0.0000000000	        0.0000000000	        0.0000000000	        0.0000000000	        0.0000000000	        0.0000000000	        0.0000000000	        0.0000000000	        0.0000000000	        0.0000000000	        0.0000000000	        0.0000000000	        0.0000000000	        0.0000000000	        0.0000000000	        0.0000000000	        0.0000000000	        0.0000000000	        0.0000000000	        0.0000000000	        0.0000000000	        0.0000000000	        0.0000000000	        0.0000000000	        0.0000000000	        0.0000000000	        0.0000000000	        0.0000000000	        0.0000000000	
        1.3400000000	        6.3878041984	       25.0169363654	        9.5621708399	       12.8174839606	        6.5509077227	        4.6450008955	       76.5534474801	       85.9040546822	       60.6089599465	       18.0833599743	        9.4967448451	       16.0819992704	       40.2484641155	       96.1952170747	       80.3227294554	      128.9324489714	       34.1014733502	      329.5080052343	      134.1195192963	      134.2955531566	       92.4290017413	      111.8191001820	      127.7910977274	        6.1671573120	       29.3955835518	       11.0042148149	       20.2313936909	      128.2231957104	       16.1816142536	      213.2343950673	        8.8538547019	       74.5012421994	       19.8994125577	       98.3977942190	       54.2914102187	      137.3904122251	      135.7498827144	      136.9335259595	      863.6718681136	      245.4702038296	        0.0000000000	        0.0000000000	        0.0000000000	        0.0000000000	        0.0000000000	        0.0000000000	        0.0000000000	        0.0000000000	        0.0000000000	        0.0000000000	        0.0000000000	        0.0000000000	        0.0000000000	        0.0000000000	        0.0000000000	        0.0000000000	        0.0000000000	        0.0000000000	        0.0000000000	        0.0000000000	        0.0000000000	        0.0000000000	        0.0000000000	        0.0000000000	        0.0000000000	        0.0000000000	        0.0000000000	        0.0000000000	        0.0000000000	        0.0000000000	        0.0000000000	        0.0000000000	        0.0000000000	        0.0000000000	        0.0000000000	        0.0000000000	        0.0000000000	        0.0000000000	        0.0000000000	        0.0000000000	        0.0000000000	        0.0000000000	        0.0000000000	        0.0000000000	        0.0000000000	        0.0000000000	        0.0000000000	        0.0000000000	        0.0000000000	        0.0000000000	        0.0000000000	        0.0000000000	        0.0000000000	        0.0000000000	        0.0000000000	        0.0000000000	        0.0000000000	        0.0000000000	        0.0000000000	        0.0000000000	        0.0000000000	        0.0000000000	        0.0000000000	       -0.0201344955	        0.0125059617	        0.0545696092	       -0.0163272624	       -0.0069565851	        0.0000000000	        0.0000000000	        0.0000000000	        0.0000000000	        0.0000000000	        0.0000000000	        0.0000000000	        0.0000000000	        0.0000000000	        0.0000000000	        0.0000000000	        0.0000000000	        0.0000000000	        0.0000000000	        0.0000000000	        0.0000000000	        0.0000000000	        0.0000000000	        0.0000000000	        0.0000000000	        0.0000000000	        0.0000000000	        0.0000000000	        0.0000000000	        0.0000000000	        0.0000000000	        0.0000000000	        0.0000000000	        0.0000000000	        0.0000000000	        0.0000000000	        0.0000000000	        0.0000000000	        0.0000000000	        0.0000000000	        0.0000000000	        0.0000000000	        0.0000000000	        0.0000000000	
        1.3500000000	        6.9635242060	       26.7853984896	        9.0358891905	       11.8386341275	        6.7035430913	        5.1179567836	       84.5152191200	       88.1876050101	       56.2144824794	       16.8214733284	        9.7050733131	       16.4617033268	       42.7672227562	      100.8921169190	       77.0843973823	      122.4296323240	       32.1592779286	      335.9118204998	      132.1320829134	      130.9300449724	       93.1152068507	      112.0738707836	      127.4951187036	        6.8006178338	       28.9969847388	       11.1662447380	       20.6576846361	      126.7047284198	       16.4945126801	      218.1438440497	        9.2491074420	       81.5020703695	       20.9760339744	      105.6982116615	       55.7701890365	      126.3993315477	      137.4508111647	      130.6313868891	      831.6614115039	      234.5100060101	        0.0000000000	        0.0000000000	        0.0000000000	        0.0000000000	        0.0000000000	        0.0000000000	        0.0000000000	        0.0000000000	        0.0000000000	        0.0000000000	        0.0000000000	        0.0000000000	        0.0000000000	        0.0000000000	        0.0000000000	        0.0000000000	        0.0000000000	        0.0000000000	        0.0000000000	        0.0000000000	        0.0000000000	        0.0000000000	        0.0000000000	        0.0000000000	        0.0000000000	        0.0000000000	        0.0000000000	        0.0000000000	        0.0000000000	        0.0000000000	        0.0000000000	        0.0000000000	        0.0000000000	        0.0000000000	        0.0000000000	        0.0000000000	        0.0000000000	        0.0000000000	        0.0000000000	        0.0000000000	        0.0000000000	        0.0000000000	        0.0000000000	        0.0000000000	        0.0000000000	        0.0000000000	        0.0000000000	        0.0000000000	        0.0000000000	        0.0000000000	        0.0000000000	        0.0000000000	        0.0000000000	        0.0000000000	        0.0000000000	        0.0000000000	        0.0000000000	        0.0000000000	        0.0000000000	        0.0000000000	        0.0000000000	        0.0000000000	        0.0000000000	       -0.0210931423	        0.0149532493	        0.0667026838	       -0.0166881543	       -0.0075806293	        0.0000000000	        0.0000000000	        0.0000000000	        0.0000000000	        0.0000000000	        0.0000000000	        0.0000000000	        0.0000000000	        0.0000000000	        0.0000000000	        0.0000000000	        0.0000000000	        0.0000000000	        0.0000000000	        0.0000000000	        0.0000000000	        0.0000000000	        0.0000000000	        0.0000000000	        0.0000000000	        0.0000000000	        0.0000000000	        0.0000000000	        0.0000000000	        0.0000000000	        0.0000000000	        0.0000000000	        0.0000000000	        0.0000000000	        0.0000000000	        0.0000000000	        0.0000000000	        0.0000000000	        0.0000000000	        0.0000000000	        0.0000000000	        0.0000000000	        0.0000000000	        0.0000000000	
        1.3600000000	        7.4250329943	       28.4320361371	        8.4410840172	       10.8459527164	        6.6982088156	        5.3825792501	       89.2081903860	       90.2082971467	       52.1004757358	       15.6507359355	        9.6892746747	       16.4456641877	       44.6083670209	      103.7765064977	       73.1568035464	      115.0260844189	       29.9879856317	      338.0233358814	      128.3247530946	      126.0816949993	       93.1284455567	      111.6588141415	      126.5850924961	        7.1791881125	       28.4532714657	       11.0687248116	       20.6043087588	      123.5822674281	       16.6857597597	      219.9497259545	        9.3279718759	       86.2153215313	       21.3602419708	      110.2153374504	       56.4135451943	      116.5088712652	      138.4266084038	      123.3460550606	      786.7726325090	      221.4538103067	        0.0000000000	        0.0000000000	        0.0000000000	        0.0000000000	        0.0000000000	        0.0000000000	        0.0000000000	        0.0000000000	        0.0000000000	        0.0000000000	        0.0000000000	        0.0000000000	        0.0000000000	        0.0000000000	        0.0000000000	        0.0000000000	        0.0000000000	        0.0000000000	        0.0000000000	        0.0000000000	        0.0000000000	        0.0000000000	        0.0000000000	        0.0000000000	        0.0000000000	        0.0000000000	        0.0000000000	        0.0000000000	        0.0000000000	        0.0000000000	        0.0000000000	        0.0000000000	        0.0000000000	        0.0000000000	        0.0000000000	        0.0000000000	        0.0000000000	        0.0000000000	        0.0000000000	        0.0000000000	        0.0000000000	        0.0000000000	        0.0000000000	        0.0000000000	        0.0000000000	        0.0000000000	        0.0000000000	        0.0000000000	        0.0000000000	        0.0000000000	        0.0000000000	        0.0000000000	        0.0000000000	        0.0000000000	        0.0000000000	        0.0000000000	        0.0000000000	        0.0000000000	        0.0000000000	        0.0000000000	        0.0000000000	        0.0000000000	        0.0000000000	       -0.0218256433	        0.0175405276	        0.0800828627	       -0.0167587866	       -0.0063009384	        0.0000000000	        0.0000000000	        0.0000000000	        0.0000000000	        0.0000000000	        0.0000000000	        0.0000000000	        0.0000000000	        0.0000000000	        0.0000000000	        0.0000000000	        0.0000000000	        0.0000000000	        0.0000000000	        0.0000000000	        0.0000000000	        0.0000000000	        0.0000000000	        0.0000000000	        0.0000000000	        0.0000000000	        0.0000000000	        0.0000000000	        0.0000000000	        0.0000000000	        0.0000000000	        0.0000000000	        0.0000000000	        0.0000000000	        0.0000000000	        0.0000000000	        0.0000000000	        0.0000000000	        0.0000000000	        0.0000000000	        0.0000000000	        0.0000000000	        0.0000000000	        0.0000000000	
        1.3700000000	        7.6857633178	       29.7583325459	        7.7625069227	        9.8266110560	        6.5141006335	        5.4158361610	       89.7156779527	       91.9113366269	       48.1012891144	       14.4913956985	        9.4468034364	       16.0364478615	       45.6426002524	      105.1690940408	       68.7045805234	      106.9625662074	       27.5432598988	      335.1461823377	      123.0823403722	      120.1910565985	       92.5262780394	      110.6690981697	      125.1585199967	        7.2596776530	       27.9236648257	       10.7248847252	       20.0764755311	      118.4460663293	       16.7932187761	      217.9141539313	        9.0992501374	       87.6483885526	       20.9714690920	      111.8838018695	       56.3005824677	      107.1821825979	      138.6538413756	      115.2559611675	      732.0022514803	      206.7633761047	        0.0000000000	        0.0000000000	        0.0000000000	        0.0000000000	        0.0000000000	        0.0000000000	        0.0000000000	        0.0000000000	        0.0000000000	        0.0000000000	        0.0000000000	        0.0000000000	        0.0000000000	        0.0000000000	        0.0000000000	        0.0000000000	        0.0000000000	        0.0000000000	        0.0000000000	        0.0000000000	        0.0000000000	        0.0000000000	        0.0000000000	        0.0000000000	        0.0000000000	        0.0000000000	        0.0000000000	        0.0000000000	        0.0000000000	        0.0000000000	        0.0000000000	        0.0000000000	        0.0000000000	        0.0000000000	        0.0000000000	        0.0000000000	        0.0000000000	        0.0000000000	        0.0000000000	        0.0000000000	        0.0000000000	        0.0000000000	        0.0000000000	        0.0000000000	        0.0000000000	        0.0000000000	        0.0000000000	        0.0000000000	        0.0000000000	        0.0000000000	        0.0000000000	        0.0000000000	        0.0000000000	        0.0000000000	        0.0000000000	        0.0000000000	        0.0000000000	        0.0000000000	        0.0000000000	        0.0000000000	        0.0000000000	        0.0000000000	        0.0000000000	       -0.0222394146	        0.0198460240	        0.0935036582	       -0.0166156518	       -0.0040766732	        0.0000000000	        0.0000000000	        0.0000000000	        0.0000000000	        0.0000000000	        0.0000000000	        0.0000000000	        0.0000000000	        0.0000000000	        0.0000000000	        0.0000000000	        0.0000000000	        0.0000000000	        0.0000000000	        0.0000000000	        0.0000000000	        0.0000000000	        0.0000000000	        0.0000000000	        0.0000000000	        0.0000000000	        0.0000000000	        0.0000000000	        0.0000000000	        0.0000000000	        0.0000000000	        0.0000000000	        0.0000000000	        0.0000000000	        0.0000000000	        0.0000000000	        0.0000000000	        0.0000000000	        0.0000000000	        0.0000000000	        0.0000000000	        0.0000000000	        0.0000000000	        0.0000000000	
        1.3800000000	        7.7353823615	       30.7276346288	        7.0105113587	        8.7875747997	        6.1712071453	        5.2376366177	       85.9312806183	       93.3533780028	       44.0200319214	       13.2930274023	        9.0101951991	       15.2950702074	       45.8688213054	      105.3547654842	       63.9041496124	       98.4859645000	       24.8557570821	      327.1399974615	      116.8209922416	      113.6459023247	       91.4175568468	      109.2329010859	      123.3314386191	        7.0609737825	       27.4910287356	       10.1803719658	       19.1509883776	      111.5298245186	       16.8772985574	      212.2987479373	        8.6126596636	       85.4325013301	       19.8668028456	      111.0288178703	       55.5568689641	       97.8181104310	      138.2173018815	      106.5948937082	      670.3255867201	      190.9332918488	        0.0000000000	        0.0000000000	        0.0000000000	        0.0000000000	        0.0000000000	        0.0000000000	        0.0000000000	        0.0000000000	        0.0000000000	        0.0000000000	        0.0000000000	        0.0000000000	        0.0000000000	        0.0000000000	        0.0000000000	        0.0000000000	        0.0000000000	        0.0000000000	        0.0000000000	        0.0000000000	        0.0000000000	        0.0000000000	        0.0000000000	        0.0000000000	        0.0000000000	        0.0000000000	        0.0000000000	        0.0000000000	        0.0000000000	        0.0000000000	        0.0000000000	        0.0000000000	        0.0000000000	        0.0000000000	        0.0000000000	        0.0000000000	        0.0000000000	        0.0000000000	        0.0000000000	        0.0000000000	        0.0000000000	        0.0000000000	        0.0000000000	        0.0000000000	        0.0000000000	        0.0000000000	        0.0000000000	        0.0000000000	        0.0000000000	        0.0000000000	        0.0000000000	        0.0000000000	        0.0000000000	        0.0000000000	        0.0000000000	        0.0000000000	        0.0000000000	        0.0000000000	        0.0000000000	        0.0000000000	        0.0000000000	        0.0000000000	        0.0000000000	       -0.0223034321	        0.0215749373	        0.1062192965	       -0.0162309476	       -0.0013207851	        0.0000000000	        0.0000000000	        0.0000000000	        0.0000000000	        0.0000000000	        0.0000000000	        0.0000000000	        0.0000000000	        0.0000000000	        0.0000000000	        0.0000000000	        0.0000000000	        0.0000000000	        0.0000000000	        0.0000000000	        0.0000000000	        0.0000000000	        0.0000000000	        0.0000000000	        0.0000000000	        0.0000000000	        0.0000000000	        0.0000000000	        0.0000000000	        0.0000000000	        0.0000000000	        0.0000000000	        0.0000000000	        0.0000000000	        0.0000000000	        0.0000000000	        0.0000000000	        0.0000000000	        0.0000000000	        0.0000000000	        0.0000000000	        0.0000000000	        0.0000000000	        0.0000000000	
        1.3900000000	        7.6115908395	       31.4284249155	        6.2132715135	        7.7525714176	        5.7108858118	        4.8867588346	       78.2724313198	       94.6464411307	       39.7450908140	       12.0408511210	        8.4307173214	       14.3191572855	       45.4096642787	      104.7212979720	       58.9657798650	       89.8971833817	       22.0092807898	      314.2851746272	      110.0206009040	      106.8506413694	       89.9521340459	      107.5051948522	      121.2395784221	        6.6363180300	       27.2725071331	        9.4974252444	       17.9481221165	      103.3362987173	       17.0499976409	      203.8107182309	        7.9371216943	       79.6922822134	       18.1770981270	      108.4245369578	       54.3576906803	       88.0334846885	      137.2722293900	       97.6449050618	      604.6232902920	      174.5253997667	        0.0000000000	        0.0000000000	        0.0000000000	        0.0000000000	        0.0000000000	        0.0000000000	        0.0000000000	        0.0000000000	        0.0000000000	        0.0000000000	        0.0000000000	        0.0000000000	        0.0000000000	        0.0000000000	        0.0000000000	        0.0000000000	        0.0000000000	        0.0000000000	        0.0000000000	        0.0000000000	        0.0000000000	        0.0000000000	        0.0000000000	        0.0000000000	        0.0000000000	        0.0000000000	        0.0000000000	        0.0000000000	        0.0000000000	        0.0000000000	        0.0000000000	        0.0000000000	        0.0000000000	        0.0000000000	        0.0000000000	        0.0000000000	        0.0000000000	        0.0000000000	        0.0000000000	        0.0000000000	        0.0000000000	        0.0000000000	        0.0000000000	        0.0000000000	        0.0000000000	        0.0000000000	        0.0000000000	        0.0000000000	        0.0000000000	        0.0000000000	        0.0000000000	        0.0000000000	        0.0000000000	        0.0000000000	        0.0000000000	        0.0000000000	        0.0000000000	        0.0000000000	        0.0000000000	        0.0000000000	        0.0000000000	        0.0000000000	        0.0000000000	       -0.0219654402	        0.0223576177	        0.1173574664	       -0.0155476005	        0.0016592668	        0.0000000000	        0.0000000000	        0.0000000000	        0.0000000000	        0.0000000000	        0.0000000000	        0.0000000000	        0.0000000000	        0.0000000000	        0.0000000000	        0.0000000000	        0.0000000000	        0.0000000000	        0.0000000000	        0.0000000000	        0.0000000000	        0.0000000000	        0.0000000000	        0.0000000000	        0.0000000000	        0.0000000000	        0.0000000000	        0.0000000000	        0.0000000000	        0.0000000000	        0.0000000000	        0.0000000000	        0.0000000000	        0.0000000000	        0.0000000000	        0.0000000000	        0.0000000000	        0.0000000000	        0.0000000000	        0.0000000000	        0.0000000000	        0.0000000000	        0.0000000000	        0.0000000000	
        1.4000000000	        7.4111072097	       32.1285483776	        5.3932537375	        6.7779081001	        5.1965026394	        4.4058589056	       67.5015186347	       95.9362440661	       35.3431011575	       10.7746693401	        7.7678470388	       13.2318734671	       44.4803832912	      103.8031036647	       54.1795840433	       81.6507780083	       19.1747627053	      297.3095250683	      103.1927145036	      100.2471446612	       88.3204005358	      105.6703281667	      119.0433735095	        6.0669217968	       27.5747984508	        8.7480277044	       16.6176422789	       94.4789947467	       17.6274203846	      193.3991111855	        7.1564308864	       70.9651284500	       16.0770885756	      105.3680455165	       52.9229970973	       77.8725938678	      136.0297564292	       88.7582116884	      537.4682681641	      158.2011939567	        0.0000000000	        0.0000000000	        0.0000000000	        0.0000000000	        0.0000000000	        0.0000000000	        0.0000000000	        0.0000000000	        0.0000000000	        0.0000000000	        0.0000000000	        0.0000000000	        0.0000000000	        0.0000000000	        0.0000000000	        0.0000000000	        0.0000000000	        0.0000000000	        0.0000000000	        0.0000000000	        0.0000000000	        0.0000000000	        0.0000000000	        0.0000000000	        0.0000000000	        0.0000000000	        0.0000000000	        0.0000000000	        0.0000000000	        0.0000000000	        0.0000000000	        0.0000000000	        0.0000000000	        0.0000000000	        0.0000000000	        0.0000000000	        0.0000000000	        0.0000000000	        0.0000000000	        0.0000000000	        0.0000000000	        0.0000000000	        0.0000000000	        0.0000000000	        0.0000000000	        0.0000000000	        0.0000000000	        0.0000000000	        0.0000000000	        0.0000000000	        0.0000000000	        0.0000000000	        0.0000000000	        0.0000000000	        0.0000000000	        0.0000000000	        0.0000000000	        0.0000000000	        0.0000000000	        0.0000000000	        0.0000000000	        0.0000000000	        0.0000000000	       -0.0210734472	        0.0216697925	        0.1255405634	       -0.0143445543	        0.0046221777	        0.0000000000	        0.0000000000	        0.0000000000	        0.0000000000	        0.0000000000	        0.0000000000	        0.0000000000	        0.0000000000	        0.0000000000	        0.0000000000	        0.0000000000	        0.0000000000	        0.0000000000	        0.0000000000	        0.0000000000	        0.0000000000	        0.0000000000	        0.0000000000	        0.0000000000	        0.0000000000	        0.0000000000	        0.0000000000	        0.0000000000	        0.0000000000	        0.0000000000	        0.0000000000	        0.0000000000	        0.0000000000	        0.0000000000	        0.0000000000	        0.0000000000	        0.0000000000	        0.0000000000	        0.0000000000	        0.0000000000	        0.0000000000	        0.0000000000	        0.0000000000	        0.0000000000	
        1.4100000000	        7.3397453744	       33.4799173499	        4.7594919559	        5.9707184036	        4.7409499962	        3.9269760549	       54.7336819742	       97.4753199389	       31.2743661344	        9.6737269148	        7.1086637904	       12.2457861541	       43.3667976001	      103.3656665040	       49.9377397200	       74.3968648170	       16.6774037640	      277.6939346803	       96.9668876821	       94.3928216523	       86.7403543436	      103.9427825465	      116.9384277289	        5.5103607385	       29.0350064256	        8.0403000749	       15.4168856382	       85.7634081149	       19.4061041868	      182.8656544950	        6.4059950787	       60.3868526040	       13.8919502259	      104.2744793531	       51.5525779606	       68.4858220566	      134.8731484147	       80.3531640413	      470.9439160419	      142.6254491465	        0.0000000000	        0.0000000000	        0.0000000000	        0.0000000000	        0.0000000000	        0.0000000000	        0.0000000000	        0.0000000000	        0.0000000000	        0.0000000000	        0.0000000000	        0.0000000000	        0.0000000000	        0.0000000000	        0.0000000000	        0.0000000000	        0.0000000000	        0.0000000000	        0.0000000000	        0.0000000000	        0.0000000000	        0.0000000000	        0.0000000000	        0.0000000000	        0.0000000000	        0.0000000000	        0.0000000000	        0.0000000000	        0.0000000000	        0.0000000000	        0.0000000000	        0.0000000000	        0.0000000000	        0.0000000000	        0.0000000000	        0.0000000000	        0.0000000000	        0.0000000000	        0.0000000000	        0.0000000000	        0.0000000000	        0.0000000000	        0.0000000000	        0.0000000000	        0.0000000000	        0.0000000000	        0.0000000000	        0.0000000000	        0.0000000000	        0.0000000000	        0.0000000000	        0.0000000000	        0.0000000000	        0.0000000000	        0.0000000000	        0.0000000000	        0.0000000000	        0.0000000000	        0.0000000000	        0.0000000000	        0.0000000000	        0.0000000000	        0.0000000000	       -0.0183928777	        0.0180045640	        0.1272795298	       -0.0116946460	        0.0083205127	        0.0000000000	        0.0000000000	        0.0000000000	        0.0000000000	        0.0000000000	        0.0000000000	        0.0000000000	        0.0000000000	        0.0000000000	        0.0000000000	        0.0000000000	        0.0000000000	        0.0000000000	        0.0000000000	        0.0000000000	        0.0000000000	        0.0000000000	        0.0000000000	        0.0000000000	        0.0000000000	        0.0000000000	        0.0000000000	        0.0000000000	        0.0000000000	        0.0000000000	        0.0000000000	        0.0000000000	        0.0000000000	        0.0000000000	        0.0000000000	        0.0000000000	        0.0000000000	        0.0000000000	        0.0000000000	        0.0000000000	        0.0000000000	        0.0000000000	        0.0000000000	        0.0000000000	
        1.4200000000	        7.3912563513	       35.6531058415	        4.5263893769	        5.3928142165	        4.4030129729	        3.7543035308	       42.6066723586	       99.5717734317	       28.3109579175	        8.9592934960	        6.5306055637	       11.5435478055	       42.4126736473	      104.5591855553	       46.3552781408	       68.4789052324	       14.8421664148	      257.3687945725	       91.7155881651	       89.5974952580	       85.3941020839	      102.4872523090	      115.0739945669	        5.0452510243	       33.3129713373	        7.4319682153	       14.5602922887	       78.3671398445	       25.3478246081	      174.5679245404	        5.9553376430	       50.1838662132	       11.8764810206	      108.0970497798	       50.5906731535	       61.9504009079	      134.0838304974	       72.7800713995	      408.3464822470	      128.2496558119	        0.0000000000	        0.0000000000	        0.0000000000	        0.0000000000	        0.0000000000	        0.0000000000	        0.0000000000	        0.0000000000	        0.0000000000	        0.0000000000	        0.0000000000	        0.0000000000	        0.0000000000	        0.0000000000	        0.0000000000	        0.0000000000	        0.0000000000	        0.0000000000	        0.0000000000	        0.0000000000	        0.0000000000	        0.0000000000	        0.0000000000	        0.0000000000	        0.0000000000	        0.0000000000	        0.0000000000	        0.0000000000	        0.0000000000	        0.0000000000	        0.0000000000	        0.0000000000	        0.0000000000	        0.0000000000	        0.0000000000	        0.0000000000	        0.0000000000	        0.0000000000	        0.0000000000	        0.0000000000	        0.0000000000	        0.0000000000	        0.0000000000	        0.0000000000	        0.0000000000	        0.0000000000	        0.0000000000	        0.0000000000	        0.0000000000	        0.0000000000	        0.0000000000	        0.0000000000	        0.0000000000	        0.0000000000	        0.0000000000	        0.0000000000	        0.0000000000	        0.0000000000	        0.0000000000	        0.0000000000	        0.0000000000	        0.0000000000	        0.0000000000	       -0.0120212500	        0.0094883578	        0.1177775990	       -0.0065968523	        0.0131238049	        0.0000000000	        0.0000000000	        0.0000000000	        0.0000000000	        0.0000000000	        0.0000000000	        0.0000000000	        0.0000000000	        0.0000000000	        0.0000000000	        0.0000000000	        0.0000000000	        0.0000000000	        0.0000000000	        0.0000000000	        0.0000000000	        0.0000000000	        0.0000000000	        0.0000000000	        0.0000000000	        0.0000000000	        0.0000000000	        0.0000000000	        0.0000000000	        0.0000000000	        0.0000000000	        0.0000000000	        0.0000000000	        0.0000000000	        0.0000000000	        0.0000000000	        0.0000000000	        0.0000000000	        0.0000000000	        0.0000000000	        0.0000000000	        0.0000000000	        0.0000000000	        0.0000000000	
        1.4300000000	        7.1541470216	       37.5127017073	        4.4452518575	        4.9955109196	        4.0995662122	        3.7433801371	       31.9283117054	      102.3241016815	       26.7011537828	        8.5675655094	        5.9903731856	       10.9939533182	       41.9228557173	      109.0611267843	       43.2374583866	       63.9824144500	       13.7504226121	      236.8259072374	       87.2672867729	       85.6500163852	       84.4630540292	      101.4129202260	      113.5397338665	        4.4984932484	       42.5020970695	        6.8428788183	       13.8808568155	       73.0516181313	       39.7757683344	      163.8783071913	        6.0871121036	       40.6327672118	        9.8507091317	      117.0299893837	       50.1377700810	       59.0074870762	      133.3732854409	       66.1715309329	      355.9068692410	      115.8377065410	        0.0000000000	        0.0000000000	        0.0000000000	        0.0000000000	        0.0000000000	        0.0000000000	        0.0000000000	        0.0000000000	        0.0000000000	        0.0000000000	        0.0000000000	        0.0000000000	        0.0000000000	        0.0000000000	        0.0000000000	        0.0000000000	        0.0000000000	        0.0000000000	        0.0000000000	        0.0000000000	        0.0000000000	        0.0000000000	        0.0000000000	        0.0000000000	        0.0000000000	        0.0000000000	        0.0000000000	        0.0000000000	        0.0000000000	        0.0000000000	        0.0000000000	        0.0000000000	        0.0000000000	        0.0000000000	        0.0000000000	        0.0000000000	        0.0000000000	        0.0000000000	        0.0000000000	        0.0000000000	        0.0000000000	        0.0000000000	        0.0000000000	        0.0000000000	        0.0000000000	        0.0000000000	        0.0000000000	        0.0000000000	        0.0000000000	        0.0000000000	        0.0000000000	        0.0000000000	        0.0000000000	        0.0000000000	        0.0000000000	        0.0000000000	        0.0000000000	        0.0000000000	        0.0000000000	        0.0000000000	        0.0000000000	        0.0000000000	        0.0000000000	       -0.0059800251	       -0.0001648212	        0.1012759735	       -0.0006181469	        0.0159318843	        0.0000000000	        0.0000000000	        0.0000000000	        0.0000000000	        0.0000000000	        0.0000000000	        0.0000000000	        0.0000000000	        0.0000000000	        0.0000000000	        0.0000000000	        0.0000000000	        0.0000000000	        0.0000000000	        0.0000000000	        0.0000000000	        0.0000000000	        0.0000000000	        0.0000000000	        0.0000000000	        0.0000000000	        0.0000000000	        0.0000000000	        0.0000000000	        0.0000000000	        0.0000000000	        0.0000000000	        0.0000000000	        0.0000000000	        0.0000000000	        0.0000000000	        0.0000000000	        0.0000000000	        0.0000000000	        0.0000000000	        0.0000000000	        0.0000000000	        0.0000000000	        0.0000000000	
        1.4400000000	        7.0404139200	       40.1641949091	        4.4136887248	        4.7529305711	        3.9079571445	        3.8244333690	       21.7316640714	      105.6086364780	       26.1302870777	        8.4343259456	        5.5355653295	       10.7426970171	       42.0137032173	      116.3740166350	       40.6815001243	       60.5815959248	       13.1068700221	      217.5495828787	       83.7630251173	       82.6777656069	       83.9973804755	      100.7776487614	      112.3961896807	        4.0540541153	       54.7981053806	        6.3819198186	       13.5590150554	       70.4703241478	       58.0264052743	      149.4359442754	        6.5149546020	       31.3822841796	        7.9651825100	      130.9962934313	       50.2868359534	       58.9566455687	      133.0883600890	       60.4263765409	      314.2074726571	      105.3059637023	        0.0000000000	        0.0000000000	        0.0000000000	        0.0000000000	        0.0000000000	        0.0000000000	        0.0000000000	        0.0000000000	        0.0000000000	        0.0000000000	        0.0000000000	        0.0000000000	        0.0000000000	        0.0000000000	        0.0000000000	        0.0000000000	        0.0000000000	        0.0000000000	        0.0000000000	        0.0000000000	        0.0000000000	        0.0000000000	        0.0000000000	        0.0000000000	        0.0000000000	        0.0000000000	        0.0000000000	        0.0000000000	        0.0000000000	        0.0000000000	        0.0000000000	        0.0000000000	        0.0000000000	        0.0000000000	        0.0000000000	        0.0000000000	        0.0000000000	        0.0000000000	        0.0000000000	        0.0000000000	        0.0000000000	        0.0000000000	        0.0000000000	        0.0000000000	        0.0000000000	        0.0000000000	        0.0000000000	        0.0000000000	        0.0000000000	        0.0000000000	        0.0000000000	        0.0000000000	        0.0000000000	        0.0000000000	        0.0000000000	        0.0000000000	        0.0000000000	        0.0000000000	        0.0000000000	        0.0000000000	        0.0000000000	        0.0000000000	        0.0000000000	        0.0004683099	       -0.0090676653	        0.0790745777	        0.0059446918	        0.0180239144	        0.0000000000	        0.0000000000	        0.0000000000	        0.0000000000	        0.0000000000	        0.0000000000	        0.0000000000	        0.0000000000	        0.0000000000	        0.0000000000	        0.0000000000	        0.0000000000	        0.0000000000	        0.0000000000	        0.0000000000	        0.0000000000	        0.0000000000	        0.0000000000	        0.0000000000	        0.0000000000	        0.0000000000	        0.0000000000	        0.0000000000	        0.0000000000	        0.0000000000	        0.0000000000	        0.0000000000	        0.0000000000	        0.0000000000	        0.0000000000	        0.0000000000	        0.0000000000	        0.0000000000	        0.0000000000	        0.0000000000	        0.0000000000	        0.0000000000	        0.0000000000	        0.0000000000	
        1.4500000000	        7.2995655400	       43.9294380510	        4.3956663819	        4.5962641377	        4.0072507632	        4.5927976996	       16.8773325509	      109.9404706978	       26.0904916443	        8.3912294225	        5.2974460254	       10.9121997242	       42.6593606986	      125.5595628326	       38.5762393274	       57.9010939529	       13.0481439086	      202.0201661661	       81.6317772858	       81.0529292347	       84.0737597392	      100.6973350807	      111.7928028930	        3.9990449664	       69.5762148345	        6.1588064808	       13.7405138537	       70.4898637839	       82.0224542186	      140.0771551617	        7.6465000174	       26.2010562767	        7.1422753274	      148.6701409608	       51.3393099968	       60.0909498663	      133.4107942174	       55.6759268659	      281.6735985240	       96.5012741669	        0.0000000000	        0.0000000000	        0.0000000000	        0.0000000000	        0.0000000000	        0.0000000000	        0.0000000000	        0.0000000000	        0.0000000000	        0.0000000000	        0.0000000000	        0.0000000000	        0.0000000000	        0.0000000000	        0.0000000000	        0.0000000000	        0.0000000000	        0.0000000000	        0.0000000000	        0.0000000000	        0.0000000000	        0.0000000000	        0.0000000000	        0.0000000000	        0.0000000000	        0.0000000000	        0.0000000000	        0.0000000000	        0.0000000000	        0.0000000000	        0.0000000000	        0.0000000000	        0.0000000000	        0.0000000000	        0.0000000000	        0.0000000000	        0.0000000000	        0.0000000000	        0.0000000000	        0.0000000000	        0.0000000000	        0.0000000000	        0.0000000000	        0.0000000000	        0.0000000000	        0.0000000000	        0.0000000000	        0.0000000000	        0.0000000000	        0.0000000000	        0.0000000000	        0.0000000000	        0.0000000000	        0.0000000000	        0.0000000000	        0.0000000000	        0.0000000000	        0.0000000000	        0.0000000000	        0.0000000000	        0.0000000000	        0.0000000000	        0.0000000000	        0.0129147759	       -0.0195283444	        0.0457458346	        0.0129575346	        0.0204067615	        0.0000000000	        0.0000000000	        0.0000000000	        0.0000000000	        0.0000000000	        0.0000000000	        0.0000000000	        0.0000000000	        0.0000000000	        0.0000000000	        0.0000000000	        0.0000000000	        0.0000000000	        0.0000000000	        0.0000000000	        0.0000000000	        0.0000000000	        0.0000000000	        0.0000000000	        0.0000000000	        0.0000000000	        0.0000000000	        0.0000000000	        0.0000000000	        0.0000000000	        0.0000000000	        0.0000000000	        0.0000000000	        0.0000000000	        0.0000000000	        0.0000000000	        0.0000000000	        0.0000000000	        0.0000000000	        0.0000000000	        0.0000000000	        0.0000000000	        0.0000000000	        0.0000000000	
        1.4600000000	        8.0971553165	       49.0046813709	        4.3783259429	        4.4985198648	        4.4451490585	        6.1651305541	       16.1835737374	      115.0827950538	       26.3258877743	        8.3754035776	        5.2505477784	       11.3822896112	       43.8996618354	      136.3763082705	       36.7134864445	       55.8706160116	       13.5282108667	      192.7074136206	       80.2884883122	       80.0034004972	       84.4997977989	      100.9459355578	      111.5472028339	        4.3374354146	       85.2899489894	        6.1143542978	       14.2804231910	       74.6306524094	      111.6580284270	      132.4699938377	        9.3927497284	       24.3098354708	        6.8649554104	      168.8997388926	       52.9398921066	       61.7037164388	      134.1655473060	       51.7993305674	      258.7540700256	       89.5769175620	        0.0000000000	        0.0000000000	        0.0000000000	        0.0000000000	        0.0000000000	        0.0000000000	        0.0000000000	        0.0000000000	        0.0000000000	        0.0000000000	        0.0000000000	        0.0000000000	        0.0000000000	        0.0000000000	        0.0000000000	        0.0000000000	        0.0000000000	        0.0000000000	        0.0000000000	        0.0000000000	        0.0000000000	        0.0000000000	        0.0000000000	        0.0000000000	        0.0000000000	        0.0000000000	        0.0000000000	        0.0000000000	        0.0000000000	        0.0000000000	        0.0000000000	        0.0000000000	        0.0000000000	        0.0000000000	        0.0000000000	        0.0000000000	        0.0000000000	        0.0000000000	        0.0000000000	        0.0000000000	        0.0000000000	        0.0000000000	        0.0000000000	        0.0000000000	        0.0000000000	        0.0000000000	        0.0000000000	        0.0000000000	        0.0000000000	        0.0000000000	        0.0000000000	        0.0000000000	        0.0000000000	        0.0000000000	        0.0000000000	        0.0000000000	        0.0000000000	        0.0000000000	        0.0000000000	        0.0000000000	        0.0000000000	        0.0000000000	        0.0000000000	        0.0221454053	       -0.0267251037	        0.0169077171	        0.0172255354	        0.0214131033	        0.0000000000	        0.0000000000	        0.0000000000	        0.0000000000	        0.0000000000	        0.0000000000	        0.0000000000	        0.0000000000	        0.0000000000	        0.0000000000	        0.0000000000	        0.0000000000	        0.0000000000	        0.0000000000	        0.0000000000	        0.0000000000	        0.0000000000	        0.0000000000	        0.0000000000	        0.0000000000	        0.0000000000	        0.0000000000	        0.0000000000	        0.0000000000	        0.0000000000	        0.0000000000	        0.0000000000	        0.0000000000	        0.0000000000	        0.0000000000	        0.0000000000	        0.0000000000	        0.0000000000	        0.0000000000	        0.0000000000	        0.0000000000	        0.0000000000	        0.0000000000	        0.0000000000	
        1.4700000000	        8.8566428911	       54.3106786437	        4.3573110159	        4.4413116560	        4.8380562411	        7.5091232931	       16.8644912190	      120.2904524108	       26.6395677856	        8.3722860146	        5.2651066884	       11.9993835558	       45.5380191563	      147.9620839540	       34.9489522713	       54.0634143790	       14.0478747082	      187.2846830185	       78.9268277073	       78.6545696699	       85.0562469597	      101.2863999557	      111.4324805399	        4.7076122356	      100.2222485334	        6.1345216384	       14.9950555673	       80.8899949873	      138.3732165660	      125.4382325635	       10.9286421274	       23.7912934678	        6.7662853135	      191.3045735958	       54.6799147518	       63.2199028343	      135.1901139177	       48.4193117189	      241.5009522852	       83.6560298978	        0.0000000000	        0.0000000000	        0.0000000000	        0.0000000000	        0.0000000000	        0.0000000000	        0.0000000000	        0.0000000000	        0.0000000000	        0.0000000000	        0.0000000000	        0.0000000000	        0.0000000000	        0.0000000000	        0.0000000000	        0.0000000000	        0.0000000000	        0.0000000000	        0.0000000000	        0.0000000000	        0.0000000000	        0.0000000000	        0.0000000000	        0.0000000000	        0.0000000000	        0.0000000000	        0.0000000000	        0.0000000000	        0.0000000000	        0.0000000000	        0.0000000000	        0.0000000000	        0.0000000000	        0.0000000000	        0.0000000000	        0.0000000000	        0.0000000000	        0.0000000000	        0.0000000000	        0.0000000000	        0.0000000000	        0.0000000000	        0.0000000000	        0.0000000000	        0.0000000000	        0.0000000000	        0.0000000000	        0.0000000000	        0.0000000000	        0.0000000000	        0.0000000000	        0.0000000000	        0.0000000000	        0.0000000000	        0.0000000000	        0.0000000000	        0.0000000000	        0.0000000000	        0.0000000000	        0.0000000000	        0.0000000000	        0.0000000000	        0.0000000000	        0.0250986060	       -0.0285239364	        0.0029741267	        0.0182882590	        0.0203583609	        0.0000000000	        0.0000000000	        0.0000000000	        0.0000000000	        0.0000000000	        0.0000000000	        0.0000000000	        0.0000000000	        0.0000000000	        0.0000000000	        0.0000000000	        0.0000000000	        0.0000000000	        0.0000000000	        0.0000000000	        0.0000000000	        0.0000000000	        0.0000000000	        0.0000000000	        0.0000000000	        0.0000000000	        0.0000000000	        0.0000000000	        0.0000000000	        0.0000000000	        0.0000000000	        0.0000000000	        0.0000000000	        0.0000000000	        0.0000000000	        0.0000000000	        0.0000000000	        0.0000000000	        0.0000000000	        0.0000000000	        0.0000000000	        0.0000000000	        0.0000000000	        0.0000000000	
        1.4800000000	        9.1963481318	       58.8951365866	        4.3312873177	        4.3985599831	        5.0168509508	        8.3255716332	       17.8548635302	      125.3140536431	       26.7783533635	        8.3321213623	        5.2819977342	       12.6428227477	       47.3193087044	      159.8362306761	       33.3836387938	       52.4781714464	       14.3883169184	      183.5883382178	       77.8441371521	       77.4707102601	       85.7189500910	      101.7567496442	      111.5201715411	        4.9211794244	      113.6871313175	        6.1636535673	       15.7393848655	       86.0758290367	      159.4659019181	      119.0917457783	       12.0530913576	       23.7894370355	        6.7218770282	      214.8139805444	       56.4481669653	       64.0397342289	      136.2983997566	       45.4351535259	      226.8784134342	       78.4829861121	        0.0000000000	        0.0000000000	        0.0000000000	        0.0000000000	        0.0000000000	        0.0000000000	        0.0000000000	        0.0000000000	        0.0000000000	        0.0000000000	        0.0000000000	        0.0000000000	        0.0000000000	        0.0000000000	        0.0000000000	        0.0000000000	        0.0000000000	        0.0000000000	        0.0000000000	        0.0000000000	        0.0000000000	        0.0000000000	        0.0000000000	        0.0000000000	        0.0000000000	        0.0000000000	        0.0000000000	        0.0000000000	        0.0000000000	        0.0000000000	        0.0000000000	        0.0000000000	        0.0000000000	        0.0000000000	        0.0000000000	        0.0000000000	        0.0000000000	        0.0000000000	        0.0000000000	        0.0000000000	        0.0000000000	        0.0000000000	        0.0000000000	        0.0000000000	        0.0000000000	        0.0000000000	        0.0000000000	        0.0000000000	        0.0000000000	        0.0000000000	        0.0000000000	        0.0000000000	        0.0000000000	        0.0000000000	        0.0000000000	        0.0000000000	        0.0000000000	        0.0000000000	        0.0000000000	        0.0000000000	        0.0000000000	        0.0000000000	        0.0000000000	        0.0249180257	       -0.0281145158	       -0.0047675428	        0.0178232867	        0.0180973663	        0.0000000000	        0.0000000000	        0.0000000000	        0.0000000000	        0.0000000000	        0.0000000000	        0.0000000000	        0.0000000000	        0.0000000000	        0.0000000000	        0.0000000000	        0.0000000000	        0.0000000000	        0.0000000000	        0.0000000000	        0.0000000000	        0.0000000000	        0.0000000000	        0.0000000000	        0.0000000000	        0.0000000000	        0.0000000000	        0.0000000000	        0.0000000000	        0.0000000000	        0.0000000000	        0.0000000000	        0.0000000000	        0.0000000000	        0.0000000000	        0.0000000000	        0.0000000000	        0.0000000000	        0.0000000000	        0.0000000000	        0.0000000000	        0.0000000000	        0.0000000000	        0.0000000000	
        1.4900000000	        9.0972446932	       62.5620171658	        4.3003482166	        4.3528049886	        5.0103635592	        8.7701552325	       18.9635994193	      130.1774536979	       26.6707300692	        8.2279320312	        5.2932178210	       13.2499507550	       49.1455146319	      171.8559529411	       32.0136849772	       51.0874740612	       14.5560891185	      181.4299553233	       77.1584714670	       76.6404677687	       86.5310858378	      102.4216834355	      111.8891551245	        4.9718062727	      125.7898686519	        6.1862958150	       16.4376884664	       89.9028615538	      176.3441499825	      112.6471964916	       12.9073611217	       24.0107312287	        6.6904030053	      238.4444552928	       58.3410869902	       64.0807554241	      137.3765625883	       42.8346846293	      214.2608510545	       73.9910193519	        0.0000000000	        0.0000000000	        0.0000000000	        0.0000000000	        0.0000000000	        0.0000000000	        0.0000000000	        0.0000000000	        0.0000000000	        0.0000000000	        0.0000000000	        0.0000000000	        0.0000000000	        0.0000000000	        0.0000000000	        0.0000000000	        0.0000000000	        0.0000000000	        0.0000000000	        0.0000000000	        0.0000000000	        0.0000000000	        0.0000000000	        0.0000000000	        0.0000000000	        0.0000000000	        0.0000000000	        0.0000000000	        0.0000000000	        0.0000000000	        0.0000000000	        0.0000000000	        0.0000000000	        0.0000000000	        0.0000000000	        0.0000000000	        0.0000000000	        0.0000000000	        0.0000000000	        0.0000000000	        0.0000000000	        0.0000000000	        0.0000000000	        0.0000000000	        0.0000000000	        0.0000000000	        0.0000000000	        0.0000000000	        0.0000000000	        0.0000000000	        0.0000000000	        0.0000000000	        0.0000000000	        0.0000000000	        0.0000000000	        0.0000000000	        0.0000000000	        0.0000000000	        0.0000000000	        0.0000000000	        0.0000000000	        0.0000000000	        0.0000000000	        0.0237456459	       -0.0271298254	       -0.0104088287	        0.0171776421	        0.0153422580	        0.0000000000	        0.0000000000	        0.0000000000	        0.0000000000	        0.0000000000	        0.0000000000	        0.0000000000	        0.0000000000	        0.0000000000	        0.0000000000	        0.0000000000	        0.0000000000	        0.0000000000	        0.0000000000	        0.0000000000	        0.0000000000	        0.0000000000	        0.0000000000	        0.0000000000	        0.0000000000	        0.0000000000	        0.0000000000	        0.0000000000	        0.0000000000	        0.0000000000	        0.0000000000	        0.0000000000	        0.0000000000	        0.0000000000	        0.0000000000	        0.0000000000	        0.0000000000	        0.0000000000	        0.0000000000	        0.0000000000	        0.0000000000	        0.0000000000	        0.0000000000	        0.0000000000	
        1.5000000000	        8.7051623071	       65.5020210350	        4.2655720526	        4.2926910011	        4.9042048685	        9.0746729182	       20.2446450283	      134.9527423359	       26.3177905661	        8.0392384530	        5.3079008329	       13.7993673521	       51.0138272040	      183.9648700608	       30.7808829379	       49.7867886877	       14.5834618530	      181.2363831999	       76.9446348013	       76.2087047680	       87.5506818520	      103.3345578465	      112.5934495708	        4.9240833018	      136.9233161785	        6.2080394424	       17.0640335787	       93.1091980622	      191.0065402801	      105.6373283580	       13.6646599774	       24.3716330931	        6.6634320780	      261.4431491167	       60.4609254655	       63.4417789315	      138.3842826565	       40.5635244649	      203.2685591810	       70.0983475721	        0.0000000000	        0.0000000000	        0.0000000000	        0.0000000000	        0.0000000000	        0.0000000000	        0.0000000000	        0.0000000000	        0.0000000000	        0.0000000000	        0.0000000000	        0.0000000000	        0.0000000000	        0.0000000000	        0.0000000000	        0.0000000000	        0.0000000000	        0.0000000000	        0.0000000000	        0.0000000000	        0.0000000000	        0.0000000000	        0.0000000000	        0.0000000000	        0.0000000000	        0.0000000000	        0.0000000000	        0.0000000000	        0.0000000000	        0.0000000000	        0.0000000000	        0.0000000000	        0.0000000000	        0.0000000000	        0.0000000000	        0.0000000000	        0.0000000000	        0.0000000000	        0.0000000000	        0.0000000000	        0.0000000000	        0.0000000000	        0.0000000000	        0.0000000000	        0.0000000000	        0.0000000000	        0.0000000000	        0.0000000000	        0.0000000000	        0.0000000000	        0.0000000000	        0.0000000000	        0.0000000000	        0.0000000000	        0.0000000000	        0.0000000000	        0.0000000000	        0.0000000000	        0.0000000000	        0.0000000000	        0.0000000000	        0.0000000000	        0.0000000000	        0.0223985939	       -0.0265926841	       -0.0140840464	        0.0171715960	        0.0129001526	        0.0000000000	        0.0000000000	        0.0000000000	        0.0000000000	        0.0000000000	        0.0000000000	        0.0000000000	        0.0000000000	        0.0000000000	        0.0000000000	        0.0000000000	        0.0000000000	        0.0000000000	        0.0000000000	        0.0000000000	        0.0000000000	        0.0000000000	        0.0000000000	        0.0000000000	        0.0000000000	        0.0000000000	        0.0000000000	        0.0000000000	        0.0000000000	        0.0000000000	        0.0000000000	        0.0000000000	        0.0000000000	        0.0000000000	        0.0000000000	        0.0000000000	        0.0000000000	        0.0000000000	        0.0000000000	        0.0000000000	        0.0000000000	        0.0000000000	        0.0000000000	        0.0000000000	
        1.5100000000	        8.3895408861	       68.5264333634	        4.2289414201	        4.2230291226	        4.8251237682	        9.4125525514	       21.6784987378	      139.6880804483	       25.6461727907	        7.7369374457	        5.3518176928	       14.3406101584	       52.9607994102	      196.1179327459	       29.6308682060	       48.3843116358	       14.4544004556	      183.9929335828	       77.3063581706	       76.2266520419	       88.8094753484	      104.5200208207	      113.6477520396	        4.9279187975	      147.0463970326	        6.2682517278	       17.6801795381	       96.6414875509	      203.9249839049	       98.8440609115	       14.4034559308	       24.9090045885	        6.6614500313	      283.0180837288	       62.8765370511	       61.9496388996	      139.4436495908	       38.5083902456	      192.6110003258	       66.5194105393	        0.0000000000	        0.0000000000	        0.0000000000	        0.0000000000	        0.0000000000	        0.0000000000	        0.0000000000	        0.0000000000	        0.0000000000	        0.0000000000	        0.0000000000	        0.0000000000	        0.0000000000	        0.0000000000	        0.0000000000	        0.0000000000	        0.0000000000	        0.0000000000	        0.0000000000	        0.0000000000	        0.0000000000	        0.0000000000	        0.0000000000	        0.0000000000	        0.0000000000	        0.0000000000	        0.0000000000	        0.0000000000	        0.0000000000	        0.0000000000	        0.0000000000	        0.0000000000	        0.0000000000	        0.0000000000	        0.0000000000	        0.0000000000	        0.0000000000	        0.0000000000	        0.0000000000	        0.0000000000	        0.0000000000	        0.0000000000	        0.0000000000	        0.0000000000	        0.0000000000	        0.0000000000	        0.0000000000	        0.0000000000	        0.0000000000	        0.0000000000	        0.0000000000	        0.0000000000	        0.0000000000	        0.0000000000	        0.0000000000	        0.0000000000	        0.0000000000	        0.0000000000	        0.0000000000	        0.0000000000	        0.0000000000	        0.0000000000	        0.0000000000	        0.0211044487	       -0.0282192338	       -0.0158882948	        0.0194769904	        0.0118085588	        0.0000000000	        0.0000000000	        0.0000000000	        0.0000000000	        0.0000000000	        0.0000000000	        0.0000000000	        0.0000000000	        0.0000000000	        0.0000000000	        0.0000000000	        0.0000000000	        0.0000000000	        0.0000000000	        0.0000000000	        0.0000000000	        0.0000000000	        0.0000000000	        0.0000000000	        0.0000000000	        0.0000000000	        0.0000000000	        0.0000000000	        0.0000000000	        0.0000000000	        0.0000000000	        0.0000000000	        0.0000000000	        0.0000000000	        0.0000000000	        0.0000000000	        0.0000000000	        0.0000000000	        0.0000000000	        0.0000000000	        0.0000000000	        0.0000000000	        0.0000000000	        0.0000000000	
        1.5200000000	        8.5025079866	       72.6222022043	        4.1930738005	        4.1581638057	        4.9012368280	        9.9475933611	       24.1014290491	      144.5560652701	       24.5787900726	        7.3311756599	        5.4825979523	       15.0538382170	       55.0388687812	      208.2083335893	       28.5350041780	       46.7507869263	       14.2460773074	      190.9820795083	       78.3652062124	       76.7945652515	       90.3699558213	      106.0337509778	      115.0826543565	        5.1736446657	      156.8429833637	        6.4457513357	       18.5044287634	      101.2250386990	      215.7706095930	       95.4957207095	       15.2431073941	       26.4973618467	        6.9692269175	      302.7996545388	       65.6763343980	       59.2771033062	      140.9086935207	       36.4971278991	      180.3634311139	       62.7950172735	        0.0000000000	        0.0000000000	        0.0000000000	        0.0000000000	        0.0000000000	        0.0000000000	        0.0000000000	        0.0000000000	        0.0000000000	        0.0000000000	        0.0000000000	        0.0000000000	        0.0000000000	        0.0000000000	        0.0000000000	        0.0000000000	        0.0000000000	        0.0000000000	        0.0000000000	        0.0000000000	        0.0000000000	        0.0000000000	        0.0000000000	        0.0000000000	        0.0000000000	        0.0000000000	        0.0000000000	        0.0000000000	        0.0000000000	        0.0000000000	        0.0000000000	        0.0000000000	        0.0000000000	        0.0000000000	        0.0000000000	        0.0000000000	        0.0000000000	        0.0000000000	        0.0000000000	        0.0000000000	        0.0000000000	        0.0000000000	        0.0000000000	        0.0000000000	        0.0000000000	        0.0000000000	        0.0000000000	        0.0000000000	        0.0000000000	        0.0000000000	        0.0000000000	        0.0000000000	        0.0000000000	        0.0000000000	        0.0000000000	        0.0000000000	        0.0000000000	        0.0000000000	        0.0000000000	        0.0000000000	        0.0000000000	        0.0000000000	        0.0000000000	        0.0214722831	       -0.0335797943	       -0.0178730389	        0.0258473727	        0.0134192411	        0.0000000000	        0.0000000000	        0.0000000000	        0.0000000000	        0.0000000000	        0.0000000000	        0.0000000000	        0.0000000000	        0.0000000000	        0.0000000000	        0.0000000000	        0.0000000000	        0.0000000000	        0.0000000000	        0.0000000000	        0.0000000000	        0.0000000000	        0.0000000000	        0.0000000000	        0.0000000000	        0.0000000000	        0.0000000000	        0.0000000000	        0.0000000000	        0.0000000000	        0.0000000000	        0.0000000000	        0.0000000000	        0.0000000000	        0.0000000000	        0.0000000000	        0.0000000000	        0.0000000000	        0.0000000000	        0.0000000000	        0.0000000000	        0.0000000000	        0.0000000000	        0.0000000000	
        1.5300000000	        8.9896829537	       77.6908032318	        4.1605838704	        4.1038475598	        5.1982051150	       11.0582979251	       28.7967639036	      149.8497047447	       23.2013208957	        6.8149419252	        5.7467941815	       16.0093539135	       57.3628201741	      220.4516635528	       27.4171512299	       44.9849916730	       14.2113775706	      202.9437271140	       80.2167610311	       77.9599747547	       92.3868428699	      108.0024006279	      117.0060608982	        5.7033374959	      169.0746079308	        6.7677045349	       19.6165618393	      107.5269627706	      232.5685691598	       96.0246822749	       16.5858552452	       29.9578593890	        7.7894844709	      321.5763327912	       69.0614826230	       55.6600357538	      142.8351049757	       34.5186854793	      167.4541867464	       59.0619991832	        0.0000000000	        0.0000000000	        0.0000000000	        0.0000000000	        0.0000000000	        0.0000000000	        0.0000000000	        0.0000000000	        0.0000000000	        0.0000000000	        0.0000000000	        0.0000000000	        0.0000000000	        0.0000000000	        0.0000000000	        0.0000000000	        0.0000000000	        0.0000000000	        0.0000000000	        0.0000000000	        0.0000000000	        0.0000000000	        0.0000000000	        0.0000000000	        0.0000000000	        0.0000000000	        0.0000000000	        0.0000000000	        0.0000000000	        0.0000000000	        0.0000000000	        0.0000000000	        0.0000000000	        0.0000000000	        0.0000000000	        0.0000000000	        0.0000000000	        0.0000000000	        0.0000000000	        0.0000000000	        0.0000000000	        0.0000000000	        0.0000000000	        0.0000000000	        0.0000000000	        0.0000000000	        0.0000000000	        0.0000000000	        0.0000000000	        0.0000000000	        0.0000000000	        0.0000000000	        0.0000000000	        0.0000000000	        0.0000000000	        0.0000000000	        0.0000000000	        0.0000000000	        0.0000000000	        0.0000000000	        0.0000000000	        0.0000000000	        0.0000000000	        0.0249165831	       -0.0412713127	       -0.0203980231	        0.0353714063	        0.0184140210	        0.0000000000	        0.0000000000	        0.0000000000	        0.0000000000	        0.0000000000	        0.0000000000	        0.0000000000	        0.0000000000	        0.0000000000	        0.0000000000	        0.0000000000	        0.0000000000	        0.0000000000	        0.0000000000	        0.0000000000	        0.0000000000	        0.0000000000	        0.0000000000	        0.0000000000	        0.0000000000	        0.0000000000	        0.0000000000	        0.0000000000	        0.0000000000	        0.0000000000	        0.0000000000	        0.0000000000	        0.0000000000	        0.0000000000	        0.0000000000	        0.0000000000	        0.0000000000	        0.0000000000	        0.0000000000	        0.0000000000	        0.0000000000	        0.0000000000	        0.0000000000	        0.0000000000	
        1.5400000000	        9.9679383773	       84.1221862748	        4.1340512737	        4.0621529676	        5.7460388584	       12.8520197087	       34.7223364850	      155.4466291843	       21.7392256966	        6.2633924985	        6.1168334391	       17.1900172240	       60.1020693063	      233.7245210859	       26.1396593507	       43.0804713233	       14.4388243587	      221.2449444781	       82.4072309586	       79.2459978779	       94.7695751143	      110.3005679654	      119.2815114977	        6.4982634724	      184.8396134404	        7.1970761400	       20.9926294577	      116.8113857211	      256.1390660464	       98.0731247027	       18.4885246740	       34.3895962084	        8.8375410179	      340.8776253237	       73.0720203157	       51.7806924228	      145.1862920156	       32.4841539742	      154.8445002757	       55.2495936373	        0.0000000000	        0.0000000000	        0.0000000000	        0.0000000000	        0.0000000000	        0.0000000000	        0.0000000000	        0.0000000000	        0.0000000000	        0.0000000000	        0.0000000000	        0.0000000000	        0.0000000000	        0.0000000000	        0.0000000000	        0.0000000000	        0.0000000000	        0.0000000000	        0.0000000000	        0.0000000000	        0.0000000000	        0.0000000000	        0.0000000000	        0.0000000000	        0.0000000000	        0.0000000000	        0.0000000000	        0.0000000000	        0.0000000000	        0.0000000000	        0.0000000000	        0.0000000000	        0.0000000000	        0.0000000000	        0.0000000000	        0.0000000000	        0.0000000000	        0.0000000000	        0.0000000000	        0.0000000000	        0.0000000000	        0.0000000000	        0.0000000000	        0.0000000000	        0.0000000000	        0.0000000000	        0.0000000000	        0.0000000000	        0.0000000000	        0.0000000000	        0.0000000000	        0.0000000000	        0.0000000000	        0.0000000000	        0.0000000000	        0.0000000000	        0.0000000000	        0.0000000000	        0.0000000000	        0.0000000000	        0.0000000000	        0.0000000000	        0.0000000000	        0.0296752574	       -0.0491798629	       -0.0215564255	        0.0459175211	        0.0257330986	        0.0000000000	        0.0000000000	        0.0000000000	        0.0000000000	        0.0000000000	        0.0000000000	        0.0000000000	        0.0000000000	        0.0000000000	        0.0000000000	        0.0000000000	        0.0000000000	        0.0000000000	        0.0000000000	        0.0000000000	        0.0000000000	        0.0000000000	        0.0000000000	        0.0000000000	        0.0000000000	        0.0000000000	        0.0000000000	        0.0000000000	        0.0000000000	        0.0000000000	        0.0000000000	        0.0000000000	        0.0000000000	        0.0000000000	        0.0000000000	        0.0000000000	        0.0000000000	        0.0000000000	        0.0000000000	        0.0000000000	        0.0000000000	        0.0000000000	        0.0000000000	        0.0000000000	
        1.5500000000	       11.5254563683	       92.2640173254	        4.1157713956	        4.0338882941	        6.5517259885	       15.3499105982	       40.9278216053	      161.1681496341	       20.4412919855	        5.7597147123	        6.5562930218	       18.5741399794	       63.3190581582	      248.8256859088	       24.6330136278	       41.0911738671	       14.9733774516	      247.2975362177	       84.4983954738	       80.3603329155	       97.3535942086	      112.7655117240	      121.7493133732	        7.5251738705	      204.3867513749	        7.6948601907	       22.6042187585	      129.1691286430	      287.5761832920	      101.0922618646	       20.9339018085	       38.9428955242	        9.8922681225	      363.1550407352	       77.4944505009	       48.2991382973	      147.9304621967	       30.3156421636	      142.1491926706	       51.2525768754	        0.0000000000	        0.0000000000	        0.0000000000	        0.0000000000	        0.0000000000	        0.0000000000	        0.0000000000	        0.0000000000	        0.0000000000	        0.0000000000	        0.0000000000	        0.0000000000	        0.0000000000	        0.0000000000	        0.0000000000	        0.0000000000	        0.0000000000	        0.0000000000	        0.0000000000	        0.0000000000	        0.0000000000	        0.0000000000	        0.0000000000	        0.0000000000	        0.0000000000	        0.0000000000	        0.0000000000	        0.0000000000	        0.0000000000	        0.0000000000	        0.0000000000	        0.0000000000	        0.0000000000	        0.0000000000	        0.0000000000	        0.0000000000	        0.0000000000	        0.0000000000	        0.0000000000	        0.0000000000	        0.0000000000	        0.0000000000	        0.0000000000	        0.0000000000	        0.0000000000	        0.0000000000	        0.0000000000	        0.0000000000	        0.0000000000	        0.0000000000	        0.0000000000	        0.0000000000	        0.0000000000	        0.0000000000	        0.0000000000	        0.0000000000	        0.0000000000	        0.0000000000	        0.0000000000	        0.0000000000	        0.0000000000	        0.0000000000	        0.0000000000	        0.0343750673	       -0.0555128817	       -0.0231551749	        0.0555223614	        0.0335937526	        0.0000000000	        0.0000000000	        0.0000000000	        0.0000000000	        0.0000000000	        0.0000000000	        0.0000000000	        0.0000000000	        0.0000000000	        0.0000000000	        0.0000000000	        0.0000000000	        0.0000000000	        0.0000000000	        0.0000000000	        0.0000000000	        0.0000000000	        0.0000000000	        0.0000000000	        0.0000000000	        0.0000000000	        0.0000000000	        0.0000000000	        0.0000000000	        0.0000000000	        0.0000000000	        0.0000000000	        0.0000000000	        0.0000000000	        0.0000000000	        0.0000000000	        0.0000000000	        0.0000000000	        0.0000000000	        0.0000000000	        0.0000000000	        0.0000000000	        0.0000000000	        0.0000000000	
        1.5600000000	       13.6196198256	      102.2894310787	        4.1074893762	        4.0197784735	        7.5583986251	       18.4009292813	       46.3697382452	      166.7466544117	       19.4794336121	        5.3651260307	        7.0234520521	       20.1450633574	       67.0212812617	      266.5824642694	       22.8323776795	       38.9773245167	       15.7596260788	      281.6249852300	       86.0832909697	       81.0964016680	       99.9807063700	      115.2489167454	      124.2489721939	        8.6881849883	      227.6679756923	        8.2135604059	       24.4283461844	      144.1496189833	      327.2761717280	      104.4818458005	       23.7911507748	       42.6195989240	       10.6941002536	      391.1853458552	       82.1483772577	       45.7050206446	      151.0438716183	       27.9485170892	      129.1929182367	       46.9668268197	        0.0000000000	        0.0000000000	        0.0000000000	        0.0000000000	        0.0000000000	        0.0000000000	        0.0000000000	        0.0000000000	        0.0000000000	        0.0000000000	        0.0000000000	        0.0000000000	        0.0000000000	        0.0000000000	        0.0000000000	        0.0000000000	        0.0000000000	        0.0000000000	        0.0000000000	        0.0000000000	        0.0000000000	        0.0000000000	        0.0000000000	        0.0000000000	        0.0000000000	        0.0000000000	        0.0000000000	        0.0000000000	        0.0000000000	        0.0000000000	        0.0000000000	        0.0000000000	        0.0000000000	        0.0000000000	        0.0000000000	        0.0000000000	        0.0000000000	        0.0000000000	        0.0000000000	        0.0000000000	        0.0000000000	        0.0000000000	        0.0000000000	        0.0000000000	        0.0000000000	        0.0000000000	        0.0000000000	        0.0000000000	        0.0000000000	        0.0000000000	        0.0000000000	        0.0000000000	        0.0000000000	        0.0000000000	        0.0000000000	        0.0000000000	        0.0000000000	        0.0000000000	        0.0000000000	        0.0000000000	        0.0000000000	        0.0000000000	        0.0000000000	        0.0383357903	       -0.0590103256	       -0.0270863591	        0.0624677434	        0.0399558988	        0.0000000000	        0.0000000000	        0.0000000000	        0.0000000000	        0.0000000000	        0.0000000000	        0.0000000000	        0.0000000000	        0.0000000000	        0.0000000000	        0.0000000000	        0.0000000000	        0.0000000000	        0.0000000000	        0.0000000000	        0.0000000000	        0.0000000000	        0.0000000000	        0.0000000000	        0.0000000000	        0.0000000000	        0.0000000000	        0.0000000000	        0.0000000000	        0.0000000000	        0.0000000000	        0.0000000000	        0.0000000000	        0.0000000000	        0.0000000000	        0.0000000000	        0.0000000000	        0.0000000000	        0.0000000000	        0.0000000000	        0.0000000000	        0.0000000000	        0.0000000000	        0.0000000000	
        1.5700000000	       15.9834875093	      113.9815095342	        4.1102300428	        4.0203706031	        8.6126808367	       21.5847753743	       49.7352461154	      171.8321071248	       18.8963167869	        5.1020404623	        7.4695107198	       21.9029243985	       71.1870849243	      287.8625783136	       20.7265384026	       36.6297188032	       16.6002411746	      322.3354147582	       87.1340025901	       81.4868313758	      102.6391286102	      117.7175120733	      126.6831151713	        9.8008740430	      254.8898254997	        8.7066650300	       26.4624937643	      160.4620112299	      373.5826705447	      107.6424988845	       26.7739544187	       44.2185693285	       10.9631953860	      427.5540950803	       86.9825909472	       44.1806209568	      154.5396913494	       25.3622666126	      115.6475989205	       42.3738929815	        0.0000000000	        0.0000000000	        0.0000000000	        0.0000000000	        0.0000000000	        0.0000000000	        0.0000000000	        0.0000000000	        0.0000000000	        0.0000000000	        0.0000000000	        0.0000000000	        0.0000000000	        0.0000000000	        0.0000000000	        0.0000000000	        0.0000000000	        0.0000000000	        0.0000000000	        0.0000000000	        0.0000000000	        0.0000000000	        0.0000000000	        0.0000000000	        0.0000000000	        0.0000000000	        0.0000000000	        0.0000000000	        0.0000000000	        0.0000000000	        0.0000000000	        0.0000000000	        0.0000000000	        0.0000000000	        0.0000000000	        0.0000000000	        0.0000000000	        0.0000000000	        0.0000000000	        0.0000000000	        0.0000000000	        0.0000000000	        0.0000000000	        0.0000000000	        0.0000000000	        0.0000000000	        0.0000000000	        0.0000000000	        0.0000000000	        0.0000000000	        0.0000000000	        0.0000000000	        0.0000000000	        0.0000000000	        0.0000000000	        0.0000000000	        0.0000000000	        0.0000000000	        0.0000000000	        0.0000000000	        0.0000000000	        0.0000000000	        0.0000000000	        0.0412796284	       -0.0598250317	       -0.0329921938	        0.0659604285	        0.0435766704	        0.0000000000	        0.0000000000	        0.0000000000	        0.0000000000	        0.0000000000	        0.0000000000	        0.0000000000	        0.0000000000	        0.0000000000	        0.0000000000	        0.0000000000	        0.0000000000	        0.0000000000	        0.0000000000	        0.0000000000	        0.0000000000	        0.0000000000	        0.0000000000	        0.0000000000	        0.0000000000	        0.0000000000	        0.0000000000	        0.0000000000	        0.0000000000	        0.0000000000	        0.0000000000	        0.0000000000	        0.0000000000	        0.0000000000	        0.0000000000	        0.0000000000	        0.0000000000	        0.0000000000	        0.0000000000	        0.0000000000	        0.0000000000	        0.0000000000	        0.0000000000	        0.0000000000	
        1.5800000000	       18.1850513753	      126.7842154030	        4.1242729251	        4.0357297177	        9.5098268226	       24.3268175886	       49.8697505096	      176.1332975190	       18.5488007857	        4.9340641839	        7.8693981379	       23.8993518577	       75.7860114945	      313.5361267735	       18.4074666044	       33.9620240644	       17.2123574204	      365.0373416897	       88.2705483836	       82.0268468563	      105.5186830732	      120.3092333031	      129.0765040125	       10.6471945974	      287.1840135459	        9.1605151307	       28.7673310399	      176.0479860748	      423.9138176538	      109.9323007132	       29.5661926054	       42.8294331952	       10.5178862257	      473.9653221829	       92.1483599404	       43.3915510344	      158.5181605716	       22.7093588141	      101.7734923009	       37.6468924144	        0.0000000000	        0.0000000000	        0.0000000000	        0.0000000000	        0.0000000000	        0.0000000000	        0.0000000000	        0.0000000000	        0.0000000000	        0.0000000000	        0.0000000000	        0.0000000000	        0.0000000000	        0.0000000000	        0.0000000000	        0.0000000000	        0.0000000000	        0.0000000000	        0.0000000000	        0.0000000000	        0.0000000000	        0.0000000000	        0.0000000000	        0.0000000000	        0.0000000000	        0.0000000000	        0.0000000000	        0.0000000000	        0.0000000000	        0.0000000000	        0.0000000000	        0.0000000000	        0.0000000000	        0.0000000000	        0.0000000000	        0.0000000000	        0.0000000000	        0.0000000000	        0.0000000000	        0.0000000000	        0.0000000000	        0.0000000000	        0.0000000000	        0.0000000000	        0.0000000000	        0.0000000000	        0.0000000000	        0.0000000000	        0.0000000000	        0.0000000000	        0.0000000000	        0.0000000000	        0.0000000000	        0.0000000000	        0.0000000000	        0.0000000000	        0.0000000000	        0.0000000000	        0.0000000000	        0.0000000000	        0.0000000000	        0.0000000000	        0.0000000000	        0.0434925019	       -0.0593279689	       -0.0398290938	        0.0667429269	        0.0445097940	        0.0000000000	        0.0000000000	        0.0000000000	        0.0000000000	        0.0000000000	        0.0000000000	        0.0000000000	        0.0000000000	        0.0000000000	        0.0000000000	        0.0000000000	        0.0000000000	        0.0000000000	        0.0000000000	        0.0000000000	        0.0000000000	        0.0000000000	        0.0000000000	        0.0000000000	        0.0000000000	        0.0000000000	        0.0000000000	        0.0000000000	        0.0000000000	        0.0000000000	        0.0000000000	        0.0000000000	        0.0000000000	        0.0000000000	        0.0000000000	        0.0000000000	        0.0000000000	        0.0000000000	        0.0000000000	        0.0000000000	        0.0000000000	        0.0000000000	        0.0000000000	        0.0000000000	
        1.5900000000	       19.7508280404	      139.9928590540	        4.1492849459	        4.0653256156	       10.0566015153	       26.0653829444	       46.1439930086	      179.5077307016	       18.1822729548	        4.8000458717	        8.2262077133	       26.2415233832	       80.8034088456	      344.4079797791	       16.0636044116	       31.0081172984	       17.3480399055	      404.2235135564	       90.3322961198	       83.4546759697	      108.8945763327	      123.2378146541	      131.5024898112	       11.0511370534	      325.7265743812	        9.5996604177	       31.4717931507	      188.5418601793	      475.5890783182	      111.6135447568	       31.9356252974	       38.0947022411	        9.3705942697	      531.0636047248	       97.9427880454	       42.6554262304	      163.1740988624	       19.9242815001	       88.3989956066	       33.0860937383	        0.0000000000	        0.0000000000	        0.0000000000	        0.0000000000	        0.0000000000	        0.0000000000	        0.0000000000	        0.0000000000	        0.0000000000	        0.0000000000	        0.0000000000	        0.0000000000	        0.0000000000	        0.0000000000	        0.0000000000	        0.0000000000	        0.0000000000	        0.0000000000	        0.0000000000	        0.0000000000	        0.0000000000	        0.0000000000	        0.0000000000	        0.0000000000	        0.0000000000	        0.0000000000	        0.0000000000	        0.0000000000	        0.0000000000	        0.0000000000	        0.0000000000	        0.0000000000	        0.0000000000	        0.0000000000	        0.0000000000	        0.0000000000	        0.0000000000	        0.0000000000	        0.0000000000	        0.0000000000	        0.0000000000	        0.0000000000	        0.0000000000	        0.0000000000	        0.0000000000	        0.0000000000	        0.0000000000	        0.0000000000	        0.0000000000	        0.0000000000	        0.0000000000	        0.0000000000	        0.0000000000	        0.0000000000	        0.0000000000	        0.0000000000	        0.0000000000	        0.0000000000	        0.0000000000	        0.0000000000	        0.0000000000	        0.0000000000	        0.0000000000	        0.0455043199	       -0.0588263887	       -0.0469503258	        0.0658640400	        0.0437066709	        0.0000000000	        0.0000000000	        0.0000000000	        0.0000000000	        0.0000000000	        0.0000000000	        0.0000000000	        0.0000000000	        0.0000000000	        0.0000000000	        0.0000000000	        0.0000000000	        0.0000000000	        0.0000000000	        0.0000000000	        0.0000000000	        0.0000000000	        0.0000000000	        0.0000000000	        0.0000000000	        0.0000000000	        0.0000000000	        0.0000000000	        0.0000000000	        0.0000000000	        0.0000000000	        0.0000000000	        0.0000000000	        0.0000000000	        0.0000000000	        0.0000000000	        0.0000000000	        0.0000000000	        0.0000000000	        0.0000000000	        0.0000000000	        0.0000000000	        0.0000000000	        0.0000000000	
        1.6000000000	       20.4453445523	      153.2562361544	        4.1844158699	        4.1079681533	       10.2049122347	       26.6372906098	       39.1533642363	      182.1420580317	       17.5930410540	        4.6313192512	        8.6148606688	       29.0685664469	       86.2450868676	      381.1355769462	       14.1490469415	       28.1900549709	       16.9270071606	      435.1379893328	       94.5403208086	       86.8848275057	      113.1356499068	      126.8008274947	      134.1177223526	       11.0315289776	      372.9729087742	       10.1334656073	       34.7456359396	      195.7113242942	      529.2856881719	      112.5988937038	       33.9532936732	       31.1848245942	        7.8231561847	      598.6698865512	      104.6793058612	       41.4318892601	      168.7232018923	       18.3492333588	       77.6408599291	       29.6194603460	        0.0000000000	        0.0000000000	        0.0000000000	        0.0000000000	        0.0000000000	        0.0000000000	        0.0000000000	        0.0000000000	        0.0000000000	        0.0000000000	        0.0000000000	        0.0000000000	        0.0000000000	        0.0000000000	        0.0000000000	        0.0000000000	        0.0000000000	        0.0000000000	        0.0000000000	        0.0000000000	        0.0000000000	        0.0000000000	        0.0000000000	        0.0000000000	        0.0000000000	        0.0000000000	        0.0000000000	        0.0000000000	        0.0000000000	        0.0000000000	        0.0000000000	        0.0000000000	        0.0000000000	        0.0000000000	        0.0000000000	        0.0000000000	        0.0000000000	        0.0000000000	        0.0000000000	        0.0000000000	        0.0000000000	        0.0000000000	        0.0000000000	        0.0000000000	        0.0000000000	        0.0000000000	        0.0000000000	        0.0000000000	        0.0000000000	        0.0000000000	        0.0000000000	        0.0000000000	        0.0000000000	        0.0000000000	        0.0000000000	        0.0000000000	        0.0000000000	        0.0000000000	        0.0000000000	        0.0000000000	        0.0000000000	        0.0000000000	        0.0000000000	        0.0482443966	       -0.0588587641	       -0.0528166115	        0.0670055338	        0.0423623926	        0.0000000000	        0.0000000000	        0.0000000000	        0.0000000000	        0.0000000000	        0.0000000000	        0.0000000000	        0.0000000000	        0.0000000000	        0.0000000000	        0.0000000000	        0.0000000000	        0.0000000000	        0.0000000000	        0.0000000000	        0.0000000000	        0.0000000000	        0.0000000000	        0.0000000000	        0.0000000000	        0.0000000000	        0.0000000000	        0.0000000000	        0.0000000000	        0.0000000000	        0.0000000000	        0.0000000000	        0.0000000000	        0.0000000000	        0.0000000000	        0.0000000000	        0.0000000000	        0.0000000000	        0.0000000000	        0.0000000000	        0.0000000000	        0.0000000000	        0.0000000000	        0.0000000000	
        1.6100000000	       20.2058456908	      166.4258298742	        4.2283716230	        4.1619088254	       10.0178750185	       26.2174906170	       32.8314223646	      184.3747592598	       16.4962840748	        4.3083736712	        9.1793218241	       32.5325013274	       92.1201550657	      423.4214225846	       13.0595912132	       25.9706662548	       16.0439411546	      454.9278828532	      101.7916310781	       93.0588908213	      118.4299389738	      131.1209225988	      136.9486786976	       10.7690687460	      432.4172704016	       10.9194469325	       38.7830033956	      196.5378598174	      587.8534955411	      116.9390037674	       35.8308484718	       25.6617457305	        6.7810012389	      675.4654466891	      112.6886033010	       38.8308022951	      175.4187068898	       18.0627228325	       72.8634510860	       28.2344465319	        0.0000000000	        0.0000000000	        0.0000000000	        0.0000000000	        0.0000000000	        0.0000000000	        0.0000000000	        0.0000000000	        0.0000000000	        0.0000000000	        0.0000000000	        0.0000000000	        0.0000000000	        0.0000000000	        0.0000000000	        0.0000000000	        0.0000000000	        0.0000000000	        0.0000000000	        0.0000000000	        0.0000000000	        0.0000000000	        0.0000000000	        0.0000000000	        0.0000000000	        0.0000000000	        0.0000000000	        0.0000000000	        0.0000000000	        0.0000000000	        0.0000000000	        0.0000000000	        0.0000000000	        0.0000000000	        0.0000000000	        0.0000000000	        0.0000000000	        0.0000000000	        0.0000000000	        0.0000000000	        0.0000000000	        0.0000000000	        0.0000000000	        0.0000000000	        0.0000000000	        0.0000000000	        0.0000000000	        0.0000000000	        0.0000000000	        0.0000000000	        0.0000000000	        0.0000000000	        0.0000000000	        0.0000000000	        0.0000000000	        0.0000000000	        0.0000000000	        0.0000000000	        0.0000000000	        0.0000000000	        0.0000000000	        0.0000000000	        0.0000000000	        0.0524713313	       -0.0593020113	       -0.0557355730	        0.0671949846	        0.0409282194	        0.0000000000	        0.0000000000	        0.0000000000	        0.0000000000	        0.0000000000	        0.0000000000	        0.0000000000	        0.0000000000	        0.0000000000	        0.0000000000	        0.0000000000	        0.0000000000	        0.0000000000	        0.0000000000	        0.0000000000	        0.0000000000	        0.0000000000	        0.0000000000	        0.0000000000	        0.0000000000	        0.0000000000	        0.0000000000	        0.0000000000	        0.0000000000	        0.0000000000	        0.0000000000	        0.0000000000	        0.0000000000	        0.0000000000	        0.0000000000	        0.0000000000	        0.0000000000	        0.0000000000	        0.0000000000	        0.0000000000	        0.0000000000	        0.0000000000	        0.0000000000	        0.0000000000	
        1.6200000000	       19.2279617267	      179.4294730844	        4.2795205176	        4.2252187535	        9.6052187470	       25.1277159146	       29.5036941127	      186.1287459593	       14.6552261014	        3.7655899330	        9.9747151142	       36.5946695938	       98.3994883910	      470.2303173029	       12.7234153123	       24.3664261130	       14.8385829460	      463.2962214801	      111.4602171307	      101.2302688382	      124.4484606603	      135.8325850221	      139.6623691075	       10.3808096228	      501.2469969104	       11.9594193925	       43.5401162741	      191.5644770467	      649.4621578417	      128.2390620999	       37.6597577487	       22.7667703905	        6.4110223194	      759.4152324328	      121.8837556334	       34.1413355334	      183.0969051099	       18.3292029876	       75.0112159232	       29.0049960759	        0.0000000000	        0.0000000000	        0.0000000000	        0.0000000000	        0.0000000000	        0.0000000000	        0.0000000000	        0.0000000000	        0.0000000000	        0.0000000000	        0.0000000000	        0.0000000000	        0.0000000000	        0.0000000000	        0.0000000000	        0.0000000000	        0.0000000000	        0.0000000000	        0.0000000000	        0.0000000000	        0.0000000000	        0.0000000000	        0.0000000000	        0.0000000000	        0.0000000000	        0.0000000000	        0.0000000000	        0.0000000000	        0.0000000000	        0.0000000000	        0.0000000000	        0.0000000000	        0.0000000000	        0.0000000000	        0.0000000000	        0.0000000000	        0.0000000000	        0.0000000000	        0.0000000000	        0.0000000000	        0.0000000000	        0.0000000000	        0.0000000000	        0.0000000000	        0.0000000000	        0.0000000000	        0.0000000000	        0.0000000000	        0.0000000000	        0.0000000000	        0.0000000000	        0.0000000000	        0.0000000000	        0.0000000000	        0.0000000000	        0.0000000000	        0.0000000000	        0.0000000000	        0.0000000000	        0.0000000000	        0.0000000000	        0.0000000000	        0.0000000000	        0.0571868663	       -0.0595003571	       -0.0542088541	        0.0607316907	        0.0392094444	        0.0000000000	        0.0000000000	        0.0000000000	        0.0000000000	        0.0000000000	        0.0000000000	        0.0000000000	        0.0000000000	        0.0000000000	        0.0000000000	        0.0000000000	        0.0000000000	        0.0000000000	        0.0000000000	        0.0000000000	        0.0000000000	        0.0000000000	        0.0000000000	        0.0000000000	        0.0000000000	        0.0000000000	        0.0000000000	        0.0000000000	        0.0000000000	        0.0000000000	        0.0000000000	        0.0000000000	        0.0000000000	        0.0000000000	        0.0000000000	        0.0000000000	        0.0000000000	        0.0000000000	        0.0000000000	        0.0000000000	        0.0000000000	        0.0000000000	        0.0000000000	        0.0000000000	
        1.6300000000	       18.7337763931	      194.5215693609	        4.3366569651	        4.2970541503	        9.1734996069	       23.1732557923	       26.1140966785	      186.7117265555	       12.4584438157	        3.2635986446	       10.9017982146	       41.0535395921	      104.9155640224	      520.2466724797	       12.6867621073	       22.7128685439	       13.3054637658	      465.3825597094	      121.1595997516	      109.1520300626	      130.0777434861	      139.9573784463	      141.5141602776	       10.1074678556	      565.2195555366	       13.1310143073	       48.7843286025	      182.5991841459	      703.5570008170	      147.9176207563	       38.9459445343	       19.8940784864	        6.2721063215	      849.4826475913	      131.5617032346	       28.3268975885	      191.4027474766	       19.0183207781	       79.8795581142	       30.5691680928	        0.0000000000	        0.0000000000	        0.0000000000	        0.0000000000	        0.0000000000	        0.0000000000	        0.0000000000	        0.0000000000	        0.0000000000	        0.0000000000	        0.0000000000	        0.0000000000	        0.0000000000	        0.0000000000	        0.0000000000	        0.0000000000	        0.0000000000	        0.0000000000	        0.0000000000	        0.0000000000	        0.0000000000	        0.0000000000	        0.0000000000	        0.0000000000	        0.0000000000	        0.0000000000	        0.0000000000	        0.0000000000	        0.0000000000	        0.0000000000	        0.0000000000	        0.0000000000	        0.0000000000	        0.0000000000	        0.0000000000	        0.0000000000	        0.0000000000	        0.0000000000	        0.0000000000	        0.0000000000	        0.0000000000	        0.0000000000	        0.0000000000	        0.0000000000	        0.0000000000	        0.0000000000	        0.0000000000	        0.0000000000	        0.0000000000	        0.0000000000	        0.0000000000	        0.0000000000	        0.0000000000	        0.0000000000	        0.0000000000	        0.0000000000	        0.0000000000	        0.0000000000	        0.0000000000	        0.0000000000	        0.0000000000	        0.0000000000	        0.0000000000	        0.0609886342	       -0.0594296706	       -0.0509209038	        0.0522284433	        0.0364581019	        0.0000000000	        0.0000000000	        0.0000000000	        0.0000000000	        0.0000000000	        0.0000000000	        0.0000000000	        0.0000000000	        0.0000000000	        0.0000000000	        0.0000000000	        0.0000000000	        0.0000000000	        0.0000000000	        0.0000000000	        0.0000000000	        0.0000000000	        0.0000000000	        0.0000000000	        0.0000000000	        0.0000000000	        0.0000000000	        0.0000000000	        0.0000000000	        0.0000000000	        0.0000000000	        0.0000000000	        0.0000000000	        0.0000000000	        0.0000000000	        0.0000000000	        0.0000000000	        0.0000000000	        0.0000000000	        0.0000000000	        0.0000000000	        0.0000000000	        0.0000000000	        0.0000000000	
        1.6400000000	       19.7587130306	      214.4456723280	        4.4008718825	        4.3811813551	        8.7602804340	       19.2238360966	       20.2984990439	      185.2122389981	       10.9371703992	        3.1958257458	       11.8080798906	       45.7669392370	      111.2847745179	      570.9066818988	       12.7491331989	       20.5135910374	       11.2676764121	      465.6263208449	      129.0045670163	      115.6725507559	      134.0286294806	      142.5758626726	      141.7468830738	       10.1774166891	      611.9403536004	       14.3751316156	       54.3734517154	      170.2271381110	      740.9552992447	      180.9426587420	       38.5700124037	       17.7516792922	        6.2044017040	      945.3974858556	      140.6913082026	       23.1758580549	      200.4801532594	       19.7952789770	       81.8588256252	       31.2487094665	        0.0000000000	        0.0000000000	        0.0000000000	        0.0000000000	        0.0000000000	        0.0000000000	        0.0000000000	        0.0000000000	        0.0000000000	        0.0000000000	        0.0000000000	        0.0000000000	        0.0000000000	        0.0000000000	        0.0000000000	        0.0000000000	        0.0000000000	        0.0000000000	        0.0000000000	        0.0000000000	        0.0000000000	        0.0000000000	        0.0000000000	        0.0000000000	        0.0000000000	        0.0000000000	        0.0000000000	        0.0000000000	        0.0000000000	        0.0000000000	        0.0000000000	        0.0000000000	        0.0000000000	        0.0000000000	        0.0000000000	        0.0000000000	        0.0000000000	        0.0000000000	        0.0000000000	        0.0000000000	        0.0000000000	        0.0000000000	        0.0000000000	        0.0000000000	        0.0000000000	        0.0000000000	        0.0000000000	        0.0000000000	        0.0000000000	        0.0000000000	        0.0000000000	        0.0000000000	        0.0000000000	        0.0000000000	        0.0000000000	        0.0000000000	        0.0000000000	        0.0000000000	        0.0000000000	        0.0000000000	        0.0000000000	        0.0000000000	        0.0000000000	        0.0645110786	       -0.0595560021	       -0.0532910847	        0.0461194060	        0.0324286044	        0.0000000000	        0.0000000000	        0.0000000000	        0.0000000000	        0.0000000000	        0.0000000000	        0.0000000000	        0.0000000000	        0.0000000000	        0.0000000000	        0.0000000000	        0.0000000000	        0.0000000000	        0.0000000000	        0.0000000000	        0.0000000000	        0.0000000000	        0.0000000000	        0.0000000000	        0.0000000000	        0.0000000000	        0.0000000000	        0.0000000000	        0.0000000000	        0.0000000000	        0.0000000000	        0.0000000000	        0.0000000000	        0.0000000000	        0.0000000000	        0.0000000000	        0.0000000000	        0.0000000000	        0.0000000000	        0.0000000000	        0.0000000000	        0.0000000000	        0.0000000000	        0.0000000000	
        1.6500000000	       21.6665853616	      235.8844834937	        4.4852187173	        4.5741380717	        8.6006197118	       15.2766294544	       14.5954742132	      182.3469126761	        9.6644344053	        3.2824272619	       12.6375125428	       50.5076861482	      116.9915992909	      618.2512884257	       12.7373145160	       18.1437129404	        9.3786418045	      459.4184944220	      135.7670799391	      121.5087058698	      136.7385030602	      144.1501933130	      140.9734661557	       10.5139883097	      641.1239881758	       15.5785580234	       60.0439318342	      152.1362987122	      761.7081778416	      228.5910914323	       37.8713821267	       16.7079738311	        6.1533551248	     1042.1561096272	      148.3351352304	       18.1876790721	      209.7823691011	       20.4036618504	       80.9902435099	       31.1937812788	        0.0000000000	        0.0000000000	        0.0000000000	        0.0000000000	        0.0000000000	        0.0000000000	        0.0000000000	        0.0000000000	        0.0000000000	        0.0000000000	        0.0000000000	        0.0000000000	        0.0000000000	        0.0000000000	        0.0000000000	        0.0000000000	        0.0000000000	        0.0000000000	        0.0000000000	        0.0000000000	        0.0000000000	        0.0000000000	        0.0000000000	        0.0000000000	        0.0000000000	        0.0000000000	        0.0000000000	        0.0000000000	        0.0000000000	        0.0000000000	        0.0000000000	        0.0000000000	        0.0000000000	        0.0000000000	        0.0000000000	        0.0000000000	        0.0000000000	        0.0000000000	        0.0000000000	        0.0000000000	        0.0000000000	        0.0000000000	        0.0000000000	        0.0000000000	        0.0000000000	        0.0000000000	        0.0000000000	        0.0000000000	        0.0000000000	        0.0000000000	        0.0000000000	        0.0000000000	        0.0000000000	        0.0000000000	        0.0000000000	        0.0000000000	        0.0000000000	        0.0000000000	        0.0000000000	        0.0000000000	        0.0000000000	        0.0000000000	        0.0000000000	        0.0666136838	       -0.0591710768	       -0.0572990512	        0.0421026856	        0.0297145038	        0.0000000000	        0.0000000000	        0.0000000000	        0.0000000000	        0.0000000000	        0.0000000000	        0.0000000000	        0.0000000000	        0.0000000000	        0.0000000000	        0.0000000000	        0.0000000000	        0.0000000000	        0.0000000000	        0.0000000000	        0.0000000000	        0.0000000000	        0.0000000000	        0.0000000000	        0.0000000000	        0.0000000000	        0.0000000000	        0.0000000000	        0.0000000000	        0.0000000000	        0.0000000000	        0.0000000000	        0.0000000000	        0.0000000000	        0.0000000000	        0.0000000000	        0.0000000000	        0.0000000000	        0.0000000000	        0.0000000000	        0.0000000000	        0.0000000000	        0.0000000000	        0.0000000000	
        1.6600000000	       24.9121422786	      258.0490520614	        4.9083258248	        5.0866949211	        9.1637980795	       13.1345685461	       10.9344089339	      178.1583244631	        9.3664807041	        3.6217878574	       13.3952747836	       54.7467182642	      121.6279813936	      658.7427741409	       12.7331591919	       16.2467412961	        8.8102835502	      450.8151132717	      140.0241501860	      124.9235245718	      137.8886887961	      144.3074422531	      139.0953028687	       11.3304289988	      653.2283431762	       16.6420024770	       65.1585436028	      131.5959141469	      767.1233896414	      286.4488715681	       37.4922080412	       15.9917126292	        6.1061753597	     1137.2700424676	      154.2892977861	       15.6473448150	      218.0065193327	       21.0536078027	       79.8691433490	       31.1332198054	        0.0000000000	        0.0000000000	        0.0000000000	        0.0000000000	        0.0000000000	        0.0000000000	        0.0000000000	        0.0000000000	        0.0000000000	        0.0000000000	        0.0000000000	        0.0000000000	        0.0000000000	        0.0000000000	        0.0000000000	        0.0000000000	        0.0000000000	        0.0000000000	        0.0000000000	        0.0000000000	        0.0000000000	        0.0000000000	        0.0000000000	        0.0000000000	        0.0000000000	        0.0000000000	        0.0000000000	        0.0000000000	        0.0000000000	        0.0000000000	        0.0000000000	        0.0000000000	        0.0000000000	        0.0000000000	        0.0000000000	        0.0000000000	        0.0000000000	        0.0000000000	        0.0000000000	        0.0000000000	        0.0000000000	        0.0000000000	        0.0000000000	        0.0000000000	        0.0000000000	        0.0000000000	        0.0000000000	        0.0000000000	        0.0000000000	        0.0000000000	        0.0000000000	        0.0000000000	        0.0000000000	        0.0000000000	        0.0000000000	        0.0000000000	        0.0000000000	        0.0000000000	        0.0000000000	        0.0000000000	        0.0000000000	        0.0000000000	        0.0000000000	        0.0660568918	       -0.0577923264	       -0.0568289550	        0.0349119148	        0.0259702981	        0.0000000000	        0.0000000000	        0.0000000000	        0.0000000000	        0.0000000000	        0.0000000000	        0.0000000000	        0.0000000000	        0.0000000000	        0.0000000000	        0.0000000000	        0.0000000000	        0.0000000000	        0.0000000000	        0.0000000000	        0.0000000000	        0.0000000000	        0.0000000000	        0.0000000000	        0.0000000000	        0.0000000000	        0.0000000000	        0.0000000000	        0.0000000000	        0.0000000000	        0.0000000000	        0.0000000000	        0.0000000000	        0.0000000000	        0.0000000000	        0.0000000000	        0.0000000000	        0.0000000000	        0.0000000000	        0.0000000000	        0.0000000000	        0.0000000000	        0.0000000000	        0.0000000000	
        1.6700000000	       28.2523604409	      276.9773917051	        5.5551999490	        5.5984844943	        9.9838361916	       11.7924853248	        9.6058269965	      172.0890583712	        9.6542810330	        4.0836845039	       13.9751446218	       57.9171789651	      124.7382391209	      688.1837824175	       12.8010401696	       14.9725494427	        8.7655257096	      434.1075570989	      139.6567518641	      123.9231238955	      137.1802206641	      142.6923801153	      135.9218256330	       12.1648224112	      651.0360126662	       17.3236031590	       69.0423202520	      113.3643442371	      754.4064326023	      350.7520197395	       36.7133779223	       15.2454463105	        6.3696785715	     1223.4987970449	      158.0894959991	       14.6275931371	      224.1186901758	       21.7129442406	       78.6094319562	       31.1540920759	        0.0000000000	        0.0000000000	        0.0000000000	        0.0000000000	        0.0000000000	        0.0000000000	        0.0000000000	        0.0000000000	        0.0000000000	        0.0000000000	        0.0000000000	        0.0000000000	        0.0000000000	        0.0000000000	        0.0000000000	        0.0000000000	        0.0000000000	        0.0000000000	        0.0000000000	        0.0000000000	        0.0000000000	        0.0000000000	        0.0000000000	        0.0000000000	        0.0000000000	        0.0000000000	        0.0000000000	        0.0000000000	        0.0000000000	        0.0000000000	        0.0000000000	        0.0000000000	        0.0000000000	        0.0000000000	        0.0000000000	        0.0000000000	        0.0000000000	        0.0000000000	        0.0000000000	        0.0000000000	        0.0000000000	        0.0000000000	        0.0000000000	        0.0000000000	        0.0000000000	        0.0000000000	        0.0000000000	        0.0000000000	        0.0000000000	        0.0000000000	        0.0000000000	        0.0000000000	        0.0000000000	        0.0000000000	        0.0000000000	        0.0000000000	        0.0000000000	        0.0000000000	        0.0000000000	        0.0000000000	        0.0000000000	        0.0000000000	        0.0000000000	        0.0626250823	       -0.0550963994	       -0.0473024046	        0.0261314234	        0.0201048539	        0.0000000000	        0.0000000000	        0.0000000000	        0.0000000000	        0.0000000000	        0.0000000000	        0.0000000000	        0.0000000000	        0.0000000000	        0.0000000000	        0.0000000000	        0.0000000000	        0.0000000000	        0.0000000000	        0.0000000000	        0.0000000000	        0.0000000000	        0.0000000000	        0.0000000000	        0.0000000000	        0.0000000000	        0.0000000000	        0.0000000000	        0.0000000000	        0.0000000000	        0.0000000000	        0.0000000000	        0.0000000000	        0.0000000000	        0.0000000000	        0.0000000000	        0.0000000000	        0.0000000000	        0.0000000000	        0.0000000000	        0.0000000000	        0.0000000000	        0.0000000000	        0.0000000000	
        1.6800000000	       32.4565542370	      294.6335703798	        6.3228509179	        6.1423374852	       11.1237615341	       10.4920184867	        9.0602689828	      163.7688055712	       10.2967275133	        4.7486760144	       14.2780027781	       59.6153136469	      125.8566670922	      702.3603172032	       13.2730410010	       14.6374438963	        8.9041984213	      411.8233973177	      135.0230377462	      119.0491453143	      134.4230488236	      139.2251518774	      131.4725823839	       13.2158411445	      634.5892638941	       17.7317056609	       71.2110507308	       98.3275259627	      721.9234441089	      415.8286039629	       34.8057693216	       15.9323584121	        7.2433163983	     1293.8212164216	      159.1829869794	       13.9154168664	      227.5257629706	       22.7834307260	       78.5122896657	       31.7035247353	        0.0000000000	        0.0000000000	        0.0000000000	        0.0000000000	        0.0000000000	        0.0000000000	        0.0000000000	        0.0000000000	        0.0000000000	        0.0000000000	        0.0000000000	        0.0000000000	        0.0000000000	        0.0000000000	        0.0000000000	        0.0000000000	        0.0000000000	        0.0000000000	        0.0000000000	        0.0000000000	        0.0000000000	        0.0000000000	        0.0000000000	        0.0000000000	        0.0000000000	        0.0000000000	        0.0000000000	        0.0000000000	        0.0000000000	        0.0000000000	        0.0000000000	        0.0000000000	        0.0000000000	        0.0000000000	        0.0000000000	        0.0000000000	        0.0000000000	        0.0000000000	        0.0000000000	        0.0000000000	        0.0000000000	        0.0000000000	        0.0000000000	        0.0000000000	        0.0000000000	        0.0000000000	        0.0000000000	        0.0000000000	        0.0000000000	        0.0000000000	        0.0000000000	        0.0000000000	        0.0000000000	        0.0000000000	        0.0000000000	        0.0000000000	        0.0000000000	        0.0000000000	        0.0000000000	        0.0000000000	        0.0000000000	        0.0000000000	        0.0000000000	        0.0569196538	       -0.0509376697	       -0.0286291736	        0.0193075531	        0.0129411696	        0.0000000000	        0.0000000000	        0.0000000000	        0.0000000000	        0.0000000000	        0.0000000000	        0.0000000000	        0.0000000000	        0.0000000000	        0.0000000000	        0.0000000000	        0.0000000000	        0.0000000000	        0.0000000000	        0.0000000000	        0.0000000000	        0.0000000000	        0.0000000000	        0.0000000000	        0.0000000000	        0.0000000000	        0.0000000000	        0.0000000000	        0.0000000000	        0.0000000000	        0.0000000000	        0.0000000000	        0.0000000000	        0.0000000000	        0.0000000000	        0.0000000000	        0.0000000000	        0.0000000000	        0.0000000000	        0.0000000000	        0.0000000000	        0.0000000000	        0.0000000000	        0.0000000000	
        1.6900000000	       36.8633426629	      309.3825833280	        7.1297514169	        6.6992888128	       12.4291246709	        9.3307600339	        8.7618140767	      153.2399489301	       11.6600972451	        5.7091474190	       14.3039883967	       59.8774911944	      124.5944447481	      697.8134606080	       13.8815395231	       14.7238136881	        9.1147785470	      381.3937195365	      127.4774331372	      111.8641548302	      129.5416338854	      134.0771463631	      126.0127469066	       14.2204911420	      603.6002276884	       17.7798871300	       71.7195788880	       84.7078027011	      669.4382968338	      478.4505631485	       31.8848941480	       17.3802219243	        8.2269245699	     1344.7711361284	      157.0960936252	       14.7687372133	      228.5032892496	       23.9478577905	       77.8397453912	       32.3036531774	        0.0000000000	        0.0000000000	        0.0000000000	        0.0000000000	        0.0000000000	        0.0000000000	        0.0000000000	        0.0000000000	        0.0000000000	        0.0000000000	        0.0000000000	        0.0000000000	        0.0000000000	        0.0000000000	        0.0000000000	        0.0000000000	        0.0000000000	        0.0000000000	        0.0000000000	        0.0000000000	        0.0000000000	        0.0000000000	        0.0000000000	        0.0000000000	        0.0000000000	        0.0000000000	        0.0000000000	        0.0000000000	        0.0000000000	        0.0000000000	        0.0000000000	        0.0000000000	        0.0000000000	        0.0000000000	        0.0000000000	        0.0000000000	        0.0000000000	        0.0000000000	        0.0000000000	        0.0000000000	        0.0000000000	        0.0000000000	        0.0000000000	        0.0000000000	        0.0000000000	        0.0000000000	        0.0000000000	        0.0000000000	        0.0000000000	        0.0000000000	        0.0000000000	        0.0000000000	        0.0000000000	        0.0000000000	        0.0000000000	        0.0000000000	        0.0000000000	        0.0000000000	        0.0000000000	        0.0000000000	        0.0000000000	        0.0000000000	        0.0000000000	        0.0493936082	       -0.0453271510	       -0.0049805565	        0.0148469261	        0.0033429215	        0.0000000000	        0.0000000000	        0.0000000000	        0.0000000000	        0.0000000000	        0.0000000000	        0.0000000000	        0.0000000000	        0.0000000000	        0.0000000000	        0.0000000000	        0.0000000000	        0.0000000000	        0.0000000000	        0.0000000000	        0.0000000000	        0.0000000000	        0.0000000000	        0.0000000000	        0.0000000000	        0.0000000000	        0.0000000000	        0.0000000000	        0.0000000000	        0.0000000000	        0.0000000000	        0.0000000000	        0.0000000000	        0.0000000000	        0.0000000000	        0.0000000000	        0.0000000000	        0.0000000000	        0.0000000000	        0.0000000000	        0.0000000000	        0.0000000000	        0.0000000000	        0.0000000000	
        1.7000000000	       41.7125729149	      319.1614532586	        7.6557410060	        6.9315390913	       14.3638375974	       10.4444158567	        8.5141658613	      141.0073896001	       13.2857338686	        6.6203289051	       13.9546906296	       58.4236093807	      120.6962068050	      672.2235664283	       14.2392152476	       14.9781354682	        9.3725092607	      346.1769828707	      117.4322370567	      102.6530686921	      122.6011017993	      127.2923785283	      119.5907840050	       15.2852117354	      555.3672672081	       17.2735397279	       70.1986308191	       72.3462841061	      603.9110429756	      532.4817292106	       29.0289941300	       17.7389990461	        8.8259742953	     1371.4292506232	      151.5480566083	       16.5663066219	      226.2048386820	       25.1271024144	       77.0904500093	       33.1055093876	        0.0000000000	        0.0000000000	        0.0000000000	        0.0000000000	        0.0000000000	        0.0000000000	        0.0000000000	        0.0000000000	        0.0000000000	        0.0000000000	        0.0000000000	        0.0000000000	        0.0000000000	        0.0000000000	        0.0000000000	        0.0000000000	        0.0000000000	        0.0000000000	        0.0000000000	        0.0000000000	        0.0000000000	        0.0000000000	        0.0000000000	        0.0000000000	        0.0000000000	        0.0000000000	        0.0000000000	        0.0000000000	        0.0000000000	        0.0000000000	        0.0000000000	        0.0000000000	        0.0000000000	        0.0000000000	        0.0000000000	        0.0000000000	        0.0000000000	        0.0000000000	        0.0000000000	        0.0000000000	        0.0000000000	        0.0000000000	        0.0000000000	        0.0000000000	        0.0000000000	        0.0000000000	        0.0000000000	        0.0000000000	        0.0000000000	        0.0000000000	        0.0000000000	        0.0000000000	        0.0000000000	        0.0000000000	        0.0000000000	        0.0000000000	        0.0000000000	        0.0000000000	        0.0000000000	        0.0000000000	        0.0000000000	        0.0000000000	        0.0000000000	        0.0393102216	       -0.0383321087	        0.0253732609	        0.0104435249	       -0.0060654850	        0.0000000000	        0.0000000000	        0.0000000000	        0.0000000000	        0.0000000000	        0.0000000000	        0.0000000000	        0.0000000000	        0.0000000000	        0.0000000000	        0.0000000000	        0.0000000000	        0.0000000000	        0.0000000000	        0.0000000000	        0.0000000000	        0.0000000000	        0.0000000000	        0.0000000000	        0.0000000000	        0.0000000000	        0.0000000000	        0.0000000000	        0.0000000000	        0.0000000000	        0.0000000000	        0.0000000000	        0.0000000000	        0.0000000000	        0.0000000000	        0.0000000000	        0.0000000000	        0.0000000000	        0.0000000000	        0.0000000000	        0.0000000000	        0.0000000000	        0.0000000000	        0.0000000000	
        1.7100000000	       46.4814286769	      324.9837005854	        8.1593526369	        7.1135931559	       16.3775326776	       11.6055411453	        8.2785877733	      127.2217062644	       15.0892718076	        7.5985819777	       13.2513142525	       54.9581506962	      114.0266837315	      625.1562998862	       14.5889914628	       15.3087345726	        9.7297907138	      306.4214761776	      104.5543523081	       91.3363281556	      114.2579465474	      119.2699564499	      112.3045651618	       16.2023376884	      499.7216878975	       16.4119023686	       66.2597012067	       64.9992602471	      525.8977768400	      573.9139599930	       25.4557456618	       17.9510386032	        9.3910145494	     1371.1867084744	      142.5086493060	       18.9123532794	      220.0195663806	       26.4265661103	       76.9691895233	       34.0345690072	        0.0000000000	        0.0000000000	        0.0000000000	        0.0000000000	        0.0000000000	        0.0000000000	        0.0000000000	        0.0000000000	        0.0000000000	        0.0000000000	        0.0000000000	        0.0000000000	        0.0000000000	        0.0000000000	        0.0000000000	        0.0000000000	        0.0000000000	        0.0000000000	        0.0000000000	        0.0000000000	        0.0000000000	        0.0000000000	        0.0000000000	        0.0000000000	        0.0000000000	        0.0000000000	        0.0000000000	        0.0000000000	        0.0000000000	        0.0000000000	        0.0000000000	        0.0000000000	        0.0000000000	        0.0000000000	        0.0000000000	        0.0000000000	        0.0000000000	        0.0000000000	        0.0000000000	        0.0000000000	        0.0000000000	        0.0000000000	        0.0000000000	        0.0000000000	        0.0000000000	        0.0000000000	        0.0000000000	        0.0000000000	        0.0000000000	        0.0000000000	        0.0000000000	        0.0000000000	        0.0000000000	        0.0000000000	        0.0000000000	        0.0000000000	        0.0000000000	        0.0000000000	        0.0000000000	        0.0000000000	        0.0000000000	        0.0000000000	        0.0000000000	        0.0263146792	       -0.0297646860	        0.0707833448	        0.0033668050	       -0.0164466770	        0.0000000000	        0.0000000000	        0.0000000000	        0.0000000000	        0.0000000000	        0.0000000000	        0.0000000000	        0.0000000000	        0.0000000000	        0.0000000000	        0.0000000000	        0.0000000000	        0.0000000000	        0.0000000000	        0.0000000000	        0.0000000000	        0.0000000000	        0.0000000000	        0.0000000000	        0.0000000000	        0.0000000000	        0.0000000000	        0.0000000000	        0.0000000000	        0.0000000000	        0.0000000000	        0.0000000000	        0.0000000000	        0.0000000000	        0.0000000000	        0.0000000000	        0.0000000000	        0.0000000000	        0.0000000000	        0.0000000000	        0.0000000000	        0.0000000000	        0.0000000000	        0.0000000000	
        1.7200000000	       51.3158948564	      328.4731131463	        8.7673808345	        7.3982140551	       18.5109734046	       12.7607470541	        8.0598720117	      112.7810780395	       17.6598548288	        8.8501560877	       12.3308078350	       50.3212456354	      104.7511418132	      559.4339605218	       14.9495054602	       15.6798000524	       10.8422908656	      264.9365027343	       91.5202302517	       80.1168622284	      105.1384137249	      110.8612772100	      104.9265727631	       17.0881170959	      435.3513559239	       15.4265111499	       60.9325874510	       57.7380220858	      445.4650421665	      603.0988387998	       21.6756269575	       18.1784424944	        9.9743790920	     1343.4741468011	      130.7475496700	       23.4064984904	      211.8579998291	       27.5711236028	       75.4564231267	       34.9793471433	        0.0000000000	        0.0000000000	        0.0000000000	        0.0000000000	        0.0000000000	        0.0000000000	        0.0000000000	        0.0000000000	        0.0000000000	        0.0000000000	        0.0000000000	        0.0000000000	        0.0000000000	        0.0000000000	        0.0000000000	        0.0000000000	        0.0000000000	        0.0000000000	        0.0000000000	        0.0000000000	        0.0000000000	        0.0000000000	        0.0000000000	        0.0000000000	        0.0000000000	        0.0000000000	        0.0000000000	        0.0000000000	        0.0000000000	        0.0000000000	        0.0000000000	        0.0000000000	        0.0000000000	        0.0000000000	        0.0000000000	        0.0000000000	        0.0000000000	        0.0000000000	        0.0000000000	        0.0000000000	        0.0000000000	        0.0000000000	        0.0000000000	        0.0000000000	        0.0000000000	        0.0000000000	        0.0000000000	        0.0000000000	        0.0000000000	        0.0000000000	        0.0000000000	        0.0000000000	        0.0000000000	        0.0000000000	        0.0000000000	        0.0000000000	        0.0000000000	        0.0000000000	        0.0000000000	        0.0000000000	        0.0000000000	        0.0000000000	        0.0000000000	        0.0128839104	       -0.0202159218	        0.1190607963	       -0.0048245398	       -0.0271583947	        0.0000000000	        0.0000000000	        0.0000000000	        0.0000000000	        0.0000000000	        0.0000000000	        0.0000000000	        0.0000000000	        0.0000000000	        0.0000000000	        0.0000000000	        0.0000000000	        0.0000000000	        0.0000000000	        0.0000000000	        0.0000000000	        0.0000000000	        0.0000000000	        0.0000000000	        0.0000000000	        0.0000000000	        0.0000000000	        0.0000000000	        0.0000000000	        0.0000000000	        0.0000000000	        0.0000000000	        0.0000000000	        0.0000000000	        0.0000000000	        0.0000000000	        0.0000000000	        0.0000000000	        0.0000000000	        0.0000000000	        0.0000000000	        0.0000000000	        0.0000000000	        0.0000000000	
        1.7300000000	       55.9257012905	      329.4273376473	        9.4792419409	        7.8146200070	       20.6665471950	       13.8358711292	        7.8662836526	       98.3990422069	       21.0650920866	       10.3657820093	       11.3381487811	       45.3556782234	       93.3632850156	      480.4304732272	       15.3455542103	       16.0737143773	       12.6214500520	      222.4481455131	       78.7287519792	       69.4405870478	       95.8547854633	      102.5827380018	       97.7749154801	       17.9104052503	      366.1967535711	       14.4214008621	       55.2375628384	       50.6317760848	      368.2882096059	      619.1915288288	       18.0418129762	       18.3949443737	       10.5451173680	     1286.5023582238	      117.7950165937	       30.2097143682	      203.0806083865	       28.4347599690	       72.3929666827	       35.9413763756	        0.0000000000	        0.0000000000	        0.0000000000	        0.0000000000	        0.0000000000	        0.0000000000	        0.0000000000	        0.0000000000	        0.0000000000	        0.0000000000	        0.0000000000	        0.0000000000	        0.0000000000	        0.0000000000	        0.0000000000	        0.0000000000	        0.0000000000	        0.0000000000	        0.0000000000	        0.0000000000	        0.0000000000	        0.0000000000	        0.0000000000	        0.0000000000	        0.0000000000	        0.0000000000	        0.0000000000	        0.0000000000	        0.0000000000	        0.0000000000	        0.0000000000	        0.0000000000	        0.0000000000	        0.0000000000	        0.0000000000	        0.0000000000	        0.0000000000	        0.0000000000	        0.0000000000	        0.0000000000	        0.0000000000	        0.0000000000	        0.0000000000	        0.0000000000	        0.0000000000	        0.0000000000	        0.0000000000	        0.0000000000	        0.0000000000	        0.0000000000	        0.0000000000	        0.0000000000	        0.0000000000	        0.0000000000	        0.0000000000	        0.0000000000	        0.0000000000	        0.0000000000	        0.0000000000	        0.0000000000	        0.0000000000	        0.0000000000	        0.0000000000	        0.0005213899	       -0.0096875949	        0.1612294025	       -0.0124124201	       -0.0365890033	        0.0000000000	        0.0000000000	        0.0000000000	        0.0000000000	        0.0000000000	        0.0000000000	        0.0000000000	        0.0000000000	        0.0000000000	        0.0000000000	        0.0000000000	        0.0000000000	        0.0000000000	        0.0000000000	        0.0000000000	        0.0000000000	        0.0000000000	        0.0000000000	        0.0000000000	        0.0000000000	        0.0000000000	        0.0000000000	        0.0000000000	        0.0000000000	        0.0000000000	        0.0000000000	        0.0000000000	        0.0000000000	        0.0000000000	        0.0000000000	        0.0000000000	        0.0000000000	        0.0000000000	        0.0000000000	        0.0000000000	        0.0000000000	        0.0000000000	        0.0000000000	        0.0000000000	
        1.7400000000	       60.2596948384	      330.1129986506	       10.2436556906	        8.3095490882	       22.8018292241	       14.8270085683	        7.7082758217	       84.7165874864	       24.8552409825	       11.9784256426	       10.3919123320	       40.6284016339	       80.5880051613	      394.9024802518	       15.9757294331	       16.4807266292	       14.6657155192	      181.8020872844	       67.2930152233	       60.1305395719	       87.0807120987	       94.9586466843	       91.2938190969	       18.7310512200	      296.0828757854	       13.5437362836	       49.8439981248	       43.7943660334	      302.1116777520	      618.2488310208	       14.8162399746	       18.6239282907	       11.1075163549	     1198.4314818541	      105.3324826658	       38.0291826976	      194.5149456120	       29.2647657268	       72.1970222526	       36.8899397357	        0.0000000000	        0.0000000000	        0.0000000000	        0.0000000000	        0.0000000000	        0.0000000000	        0.0000000000	        0.0000000000	        0.0000000000	        0.0000000000	        0.0000000000	        0.0000000000	        0.0000000000	        0.0000000000	        0.0000000000	        0.0000000000	        0.0000000000	        0.0000000000	        0.0000000000	        0.0000000000	        0.0000000000	        0.0000000000	        0.0000000000	        0.0000000000	        0.0000000000	        0.0000000000	        0.0000000000	        0.0000000000	        0.0000000000	        0.0000000000	        0.0000000000	        0.0000000000	        0.0000000000	        0.0000000000	        0.0000000000	        0.0000000000	        0.0000000000	        0.0000000000	        0.0000000000	        0.0000000000	        0.0000000000	        0.0000000000	        0.0000000000	        0.0000000000	        0.0000000000	        0.0000000000	        0.0000000000	        0.0000000000	        0.0000000000	        0.0000000000	        0.0000000000	        0.0000000000	        0.0000000000	        0.0000000000	        0.0000000000	        0.0000000000	        0.0000000000	        0.0000000000	        0.0000000000	        0.0000000000	        0.0000000000	        0.0000000000	        0.0000000000	       -0.0071448932	        0.0020347474	        0.1835404919	       -0.0144055661	       -0.0430844194	        0.0000000000	        0.0000000000	        0.0000000000	        0.0000000000	        0.0000000000	        0.0000000000	        0.0000000000	        0.0000000000	        0.0000000000	        0.0000000000	        0.0000000000	        0.0000000000	        0.0000000000	        0.0000000000	        0.0000000000	        0.0000000000	        0.0000000000	        0.0000000000	        0.0000000000	        0.0000000000	        0.0000000000	        0.0000000000	        0.0000000000	        0.0000000000	        0.0000000000	        0.0000000000	        0.0000000000	        0.0000000000	        0.0000000000	        0.0000000000	        0.0000000000	        0.0000000000	        0.0000000000	        0.0000000000	        0.0000000000	        0.0000000000	        0.0000000000	        0.0000000000	        0.0000000000	
        1.7500000000	       64.3726928730	      331.2340927542	       11.0125606439	        8.8088671074	       24.9201067652	       15.7653781015	        7.6154116498	       72.1151362724	       28.5829569444	       13.5182862131	        9.5924063512	       36.5748000778	       67.2842447816	      309.8606903093	       16.8558587038	       16.8977308129	       16.7870795213	      144.8528692719	       57.2970500270	       52.2713839228	       79.1097586145	       88.1192391894	       85.5446143766	       19.6268097704	      230.1538761167	       12.8249856971	       45.2558400210	       38.3450632385	      246.5386041451	      603.4506820793	       12.0544924482	       18.9167438875	       11.6820705399	     1080.0491118042	       94.4309700103	       45.6855314195	      186.8197963819	       29.9621911310	       73.4132433343	       37.7674736004	        0.0000000000	        0.0000000000	        0.0000000000	        0.0000000000	        0.0000000000	        0.0000000000	        0.0000000000	        0.0000000000	        0.0000000000	        0.0000000000	        0.0000000000	        0.0000000000	        0.0000000000	        0.0000000000	        0.0000000000	        0.0000000000	        0.0000000000	        0.0000000000	        0.0000000000	        0.0000000000	        0.0000000000	        0.0000000000	        0.0000000000	        0.0000000000	        0.0000000000	        0.0000000000	        0.0000000000	        0.0000000000	        0.0000000000	        0.0000000000	        0.0000000000	        0.0000000000	        0.0000000000	        0.0000000000	        0.0000000000	        0.0000000000	        0.0000000000	        0.0000000000	        0.0000000000	        0.0000000000	        0.0000000000	        0.0000000000	        0.0000000000	        0.0000000000	        0.0000000000	        0.0000000000	        0.0000000000	        0.0000000000	        0.0000000000	        0.0000000000	        0.0000000000	        0.0000000000	        0.0000000000	        0.0000000000	        0.0000000000	        0.0000000000	        0.0000000000	        0.0000000000	        0.0000000000	        0.0000000000	        0.0000000000	        0.0000000000	        0.0000000000	       -0.0072844520	        0.0149913717	        0.1683104380	       -0.0084495839	       -0.0474189865	        0.0000000000	        0.0000000000	        0.0000000000	        0.0000000000	        0.0000000000	        0.0000000000	        0.0000000000	        0.0000000000	        0.0000000000	        0.0000000000	        0.0000000000	        0.0000000000	        0.0000000000	        0.0000000000	        0.0000000000	        0.0000000000	        0.0000000000	        0.0000000000	        0.0000000000	        0.0000000000	        0.0000000000	        0.0000000000	        0.0000000000	        0.0000000000	        0.0000000000	        0.0000000000	        0.0000000000	        0.0000000000	        0.0000000000	        0.0000000000	        0.0000000000	        0.0000000000	        0.0000000000	        0.0000000000	        0.0000000000	        0.0000000000	        0.0000000000	        0.0000000000	        0.0000000000	
        1.7600000000	       67.9165373770	      336.6573978484	       11.7138939224	        9.2071794884	       26.9608565527	       16.6465126933	        7.4888221651	       60.9464377286	       31.6188927779	       14.8083645407	        8.9850853982	       33.3633071435	       54.2708445749	      231.3618249959	       18.2959831944	       17.3757847220	       18.8323342678	      115.0402703809	       49.8153829192	       46.8256709064	       72.3218881863	       82.3784824261	       80.8927346679	       20.8080678247	      170.0739289665	       12.3834257125	       41.6559176299	       33.1120071575	      200.6605003184	      578.4312645798	        9.8193868287	       19.1448909735	       12.3110306473	      934.4086958880	       85.4603576258	       51.3470801283	      180.3187216886	       30.6649692801	       74.9686652420	       38.5347404512	        0.0000000000	        0.0000000000	        0.0000000000	        0.0000000000	        0.0000000000	        0.0000000000	        0.0000000000	        0.0000000000	        0.0000000000	        0.0000000000	        0.0000000000	        0.0000000000	        0.0000000000	        0.0000000000	        0.0000000000	        0.0000000000	        0.0000000000	        0.0000000000	        0.0000000000	        0.0000000000	        0.0000000000	        0.0000000000	        0.0000000000	        0.0000000000	        0.0000000000	        0.0000000000	        0.0000000000	        0.0000000000	        0.0000000000	        0.0000000000	        0.0000000000	        0.0000000000	        0.0000000000	        0.0000000000	        0.0000000000	        0.0000000000	        0.0000000000	        0.0000000000	        0.0000000000	        0.0000000000	        0.0000000000	        0.0000000000	        0.0000000000	        0.0000000000	        0.0000000000	        0.0000000000	        0.0000000000	        0.0000000000	        0.0000000000	        0.0000000000	        0.0000000000	        0.0000000000	        0.0000000000	        0.0000000000	        0.0000000000	        0.0000000000	        0.0000000000	        0.0000000000	        0.0000000000	        0.0000000000	        0.0000000000	        0.0000000000	        0.0000000000	        0.0038099738	        0.0279933085	        0.0851354946	        0.0105045063	       -0.0467659051	        0.0000000000	        0.0000000000	        0.0000000000	        0.0000000000	        0.0000000000	        0.0000000000	        0.0000000000	        0.0000000000	        0.0000000000	        0.0000000000	        0.0000000000	        0.0000000000	        0.0000000000	        0.0000000000	        0.0000000000	        0.0000000000	        0.0000000000	        0.0000000000	        0.0000000000	        0.0000000000	        0.0000000000	        0.0000000000	        0.0000000000	        0.0000000000	        0.0000000000	        0.0000000000	        0.0000000000	        0.0000000000	        0.0000000000	        0.0000000000	        0.0000000000	        0.0000000000	        0.0000000000	        0.0000000000	        0.0000000000	        0.0000000000	        0.0000000000	        0.0000000000	        0.0000000000	
        1.7700000000	       69.7412420206	      341.5991625572	       12.0725442970	        9.3207812336	       28.9463731336	       19.3259908575	       12.0712082423	       51.8577017058	       34.2968077226	       15.6393070898	        8.6154121675	       30.8907671101	       42.3206601399	      164.3951110528	       19.4522180215	       19.2718675523	       22.0898553891	       92.5350192227	       42.7834061529	       41.4139108652	       66.4399559417	       77.1363639117	       76.6595832693	       21.9738187092	      128.7934839869	       12.0059755398	       38.8839910119	       35.3433286567	      167.9023767317	      554.6837376252	        9.0355568894	       21.5590447260	       13.4451171633	      771.7195678590	       78.0303340336	       57.4955924496	      174.6757981307	       30.8054566271	       76.4125592788	       39.1619546168	        0.0000000000	        0.0000000000	        0.0000000000	        0.0000000000	        0.0000000000	        0.0000000000	        0.0000000000	        0.0000000000	        0.0000000000	        0.0000000000	        0.0000000000	        0.0000000000	        0.0000000000	        0.0000000000	        0.0000000000	        0.0000000000	        0.0000000000	        0.0000000000	        0.0000000000	        0.0000000000	        0.0000000000	        0.0000000000	        0.0000000000	        0.0000000000	        0.0000000000	        0.0000000000	        0.0000000000	        0.0000000000	        0.0000000000	        0.0000000000	        0.0000000000	        0.0000000000	        0.0000000000	        0.0000000000	        0.0000000000	        0.0000000000	        0.0000000000	        0.0000000000	        0.0000000000	        0.0000000000	        0.0000000000	        0.0000000000	        0.0000000000	        0.0000000000	        0.0000000000	        0.0000000000	        0.0000000000	        0.0000000000	        0.0000000000	        0.0000000000	        0.0000000000	        0.0000000000	        0.0000000000	        0.0000000000	        0.0000000000	        0.0000000000	        0.0000000000	        0.0000000000	        0.0000000000	        0.0000000000	        0.0000000000	        0.0000000000	        0.0000000000	        0.0172293102	        0.0366221153	        0.0148938217	        0.0294348016	       -0.0437912852	        0.0000000000	        0.0000000000	        0.0000000000	        0.0000000000	        0.0000000000	        0.0000000000	        0.0000000000	        0.0000000000	        0.0000000000	        0.0000000000	        0.0000000000	        0.0000000000	        0.0000000000	        0.0000000000	        0.0000000000	        0.0000000000	        0.0000000000	        0.0000000000	        0.0000000000	        0.0000000000	        0.0000000000	        0.0000000000	        0.0000000000	        0.0000000000	        0.0000000000	        0.0000000000	        0.0000000000	        0.0000000000	        0.0000000000	        0.0000000000	        0.0000000000	        0.0000000000	        0.0000000000	        0.0000000000	        0.0000000000	        0.0000000000	        0.0000000000	        0.0000000000	        0.0000000000	
        1.7800000000	       70.3012981945	      341.9226982666	       11.6061945516	        8.8153066630	       30.9108936691	       24.1916577981	        9.9634448324	       43.7268108927	       36.4378300159	       15.9342092331	        8.0202312218	       27.8065237583	       31.9093882268	      110.7491762258	       19.0331691602	       20.3141355126	       24.8434970091	       73.5311763182	       35.6655218729	       35.2803480669	       61.1126041826	       72.1338768937	       72.6040262284	       22.4023282555	       94.8732922805	       11.1551752472	       35.2250140507	       48.2904951480	      146.9709599481	      514.1027000943	        9.5373026040	       18.6257581267	       12.4779945613	      603.9122481917	       70.7400332534	       64.3521940187	      167.1675960019	       30.5430852953	       77.5565054330	       39.6351419848	        0.0000000000	        0.0000000000	        0.0000000000	        0.0000000000	        0.0000000000	        0.0000000000	        0.0000000000	        0.0000000000	        0.0000000000	        0.0000000000	        0.0000000000	        0.0000000000	        0.0000000000	        0.0000000000	        0.0000000000	        0.0000000000	        0.0000000000	        0.0000000000	        0.0000000000	        0.0000000000	        0.0000000000	        0.0000000000	        0.0000000000	        0.0000000000	        0.0000000000	        0.0000000000	        0.0000000000	        0.0000000000	        0.0000000000	        0.0000000000	        0.0000000000	        0.0000000000	        0.0000000000	        0.0000000000	        0.0000000000	        0.0000000000	        0.0000000000	        0.0000000000	        0.0000000000	        0.0000000000	        0.0000000000	        0.0000000000	        0.0000000000	        0.0000000000	        0.0000000000	        0.0000000000	        0.0000000000	        0.0000000000	        0.0000000000	        0.0000000000	        0.0000000000	        0.0000000000	        0.0000000000	        0.0000000000	        0.0000000000	        0.0000000000	        0.0000000000	        0.0000000000	        0.0000000000	        0.0000000000	        0.0000000000	        0.0000000000	        0.0000000000	        0.0271253999	        0.0370119335	       -0.0002888745	        0.0453753917	       -0.0365248091	        0.0000000000	        0.0000000000	        0.0000000000	        0.0000000000	        0.0000000000	        0.0000000000	        0.0000000000	        0.0000000000	        0.0000000000	        0.0000000000	        0.0000000000	        0.0000000000	        0.0000000000	        0.0000000000	        0.0000000000	        0.0000000000	        0.0000000000	        0.0000000000	        0.0000000000	        0.0000000000	        0.0000000000	        0.0000000000	        0.0000000000	        0.0000000000	        0.0000000000	        0.0000000000	        0.0000000000	        0.0000000000	        0.0000000000	        0.0000000000	        0.0000000000	        0.0000000000	        0.0000000000	        0.0000000000	        0.0000000000	        0.0000000000	        0.0000000000	        0.0000000000	        0.0000000000	
        1.7900000000	       72.2896657393	      326.9634376165	       10.7955804109	        8.0597636118	       33.4694284409	       31.7270626265	        8.5180385927	       37.7056510474	       38.8684459787	       16.0826597130	        7.4786973908	       23.9136340390	       23.0631123180	       69.7565739131	       17.7162543421	       21.5198968845	       28.6012830433	       57.4153458282	       29.4829794339	       29.7431166254	       56.5858013255	       67.8176343748	       69.2296012136	       23.3485760142	       67.0026632284	       10.2854627203	       30.4724093409	       63.9350025075	      169.9928807076	      472.9789114793	       11.8386952624	       14.9789863741	       11.0283089829	      444.0265224912	       63.8452997600	       72.2006132162	      157.8919487754	       29.9146917777	       78.3280555514	       39.9499512434	        0.0000000000	        0.0000000000	        0.0000000000	        0.0000000000	        0.0000000000	        0.0000000000	        0.0000000000	        0.0000000000	        0.0000000000	        0.0000000000	        0.0000000000	        0.0000000000	        0.0000000000	        0.0000000000	        0.0000000000	        0.0000000000	        0.0000000000	        0.0000000000	        0.0000000000	        0.0000000000	        0.0000000000	        0.0000000000	        0.0000000000	        0.0000000000	        0.0000000000	        0.0000000000	        0.0000000000	        0.0000000000	        0.0000000000	        0.0000000000	        0.0000000000	        0.0000000000	        0.0000000000	        0.0000000000	        0.0000000000	        0.0000000000	        0.0000000000	        0.0000000000	        0.0000000000	        0.0000000000	        0.0000000000	        0.0000000000	        0.0000000000	        0.0000000000	        0.0000000000	        0.0000000000	        0.0000000000	        0.0000000000	        0.0000000000	        0.0000000000	        0.0000000000	        0.0000000000	        0.0000000000	        0.0000000000	        0.0000000000	        0.0000000000	        0.0000000000	        0.0000000000	        0.0000000000	        0.0000000000	        0.0000000000	        0.0000000000	        0.0000000000	        0.0363531931	        0.0358437699	        0.0306104226	        0.0532981056	       -0.0224147936	        0.0000000000	        0.0000000000	        0.0000000000	        0.0000000000	        0.0000000000	        0.0000000000	        0.0000000000	        0.0000000000	        0.0000000000	        0.0000000000	        0.0000000000	        0.0000000000	        0.0000000000	        0.0000000000	        0.0000000000	        0.0000000000	        0.0000000000	        0.0000000000	        0.0000000000	        0.0000000000	        0.0000000000	        0.0000000000	        0.0000000000	        0.0000000000	        0.0000000000	        0.0000000000	        0.0000000000	        0.0000000000	        0.0000000000	        0.0000000000	        0.0000000000	        0.0000000000	        0.0000000000	        0.0000000000	        0.0000000000	        0.0000000000	        0.0000000000	        0.0000000000	        0.0000000000	
        1.8000000000	       64.7226327487	      347.7416742866	        9.7196013312	        7.3989690116	       32.1303906229	       33.8775145814	        7.9252362711	       32.5247686871	       41.6521066422	       15.6638571109	        6.5495260790	       20.2662258335	       16.2666840704	       47.3133685107	       16.8876477581	       23.5807948038	       29.2445302149	       49.0182998579	       25.9896509410	       26.3521644502	       53.1989711316	       64.6608651674	       66.9528846385	       21.3828014125	       53.4879740568	        9.1004789043	       25.9249951247	       92.6900383731	      143.5147403264	      434.7597780194	       13.2838290234	       12.1162855445	        9.6018178530	      302.1345167528	       58.2269762570	       90.4946749233	      149.2802994250	       29.1139944646	       78.7167647822	       40.1124585553	        0.0000000000	        0.0000000000	        0.0000000000	        0.0000000000	        0.0000000000	        0.0000000000	        0.0000000000	        0.0000000000	        0.0000000000	        0.0000000000	        0.0000000000	        0.0000000000	        0.0000000000	        0.0000000000	        0.0000000000	        0.0000000000	        0.0000000000	        0.0000000000	        0.0000000000	        0.0000000000	        0.0000000000	        0.0000000000	        0.0000000000	        0.0000000000	        0.0000000000	        0.0000000000	        0.0000000000	        0.0000000000	        0.0000000000	        0.0000000000	        0.0000000000	        0.0000000000	        0.0000000000	        0.0000000000	        0.0000000000	        0.0000000000	        0.0000000000	        0.0000000000	        0.0000000000	        0.0000000000	        0.0000000000	        0.0000000000	        0.0000000000	        0.0000000000	        0.0000000000	        0.0000000000	        0.0000000000	        0.0000000000	        0.0000000000	        0.0000000000	        0.0000000000	        0.0000000000	        0.0000000000	        0.0000000000	        0.0000000000	        0.0000000000	        0.0000000000	        0.0000000000	        0.0000000000	        0.0000000000	        0.0000000000	        0.0000000000	        0.0000000000	        0.0685378595	       -0.0008856294	        0.1091822894	        0.0854679680	        0.0108716872	        0.0000000000	        0.0000000000	        0.0000000000	        0.0000000000	        0.0000000000	        0.0000000000	        0.0000000000	        0.0000000000	        0.0000000000	        0.0000000000	        0.0000000000	        0.0000000000	        0.0000000000	        0.0000000000	        0.0000000000	        0.0000000000	        0.0000000000	        0.0000000000	        0.0000000000	        0.0000000000	        0.0000000000	        0.0000000000	        0.0000000000	        0.0000000000	        0.0000000000	        0.0000000000	        0.0000000000	        0.0000000000	        0.0000000000	        0.0000000000	        0.0000000000	        0.0000000000	        0.0000000000	        0.0000000000	        0.0000000000	        0.0000000000	        0.0000000000	        0.0000000000	        0.0000000000	
        1.8100000000	       76.7973549834	      269.9318363101	        9.2514653435	        6.7648072056	       40.4172128571	       52.8673812441	       11.9858895035	       32.3711775212	       47.1317557959	       17.1695587579	        6.7004695914	       16.7917392442	       11.9581475938	       27.4307107932	       15.9715122416	       29.1077116157	       40.5719559946	       37.0751883292	       22.3681610877	       24.3789340696	       50.0735292394	       61.7679726123	       65.2094065287	       25.7382141934	       35.3318578183	        8.8220149207	       21.5998452647	       90.4735087903	      312.5052492406	      412.6279019803	       21.4841772151	       10.2804482862	        8.5985449034	      220.3920744960	       52.1976259699	      136.9115164780	      140.3606761959	       29.6683804861	       78.7963732929	       40.1677072136	        0.0000000000	        0.0000000000	        0.0000000000	        0.0000000000	        0.0000000000	        0.0000000000	        0.0000000000	        0.0000000000	        0.0000000000	        0.0000000000	        0.0000000000	        0.0000000000	        0.0000000000	        0.0000000000	        0.0000000000	        0.0000000000	        0.0000000000	        0.0000000000	        0.0000000000	        0.0000000000	        0.0000000000	        0.0000000000	        0.0000000000	        0.0000000000	        0.0000000000	        0.0000000000	        0.0000000000	        0.0000000000	        0.0000000000	        0.0000000000	        0.0000000000	        0.0000000000	        0.0000000000	        0.0000000000	        0.0000000000	        0.0000000000	        0.0000000000	        0.0000000000	        0.0000000000	        0.0000000000	        0.0000000000	        0.0000000000	        0.0000000000	        0.0000000000	        0.0000000000	        0.0000000000	        0.0000000000	        0.0000000000	        0.0000000000	        0.0000000000	        0.0000000000	        0.0000000000	        0.0000000000	        0.0000000000	        0.0000000000	        0.0000000000	        0.0000000000	        0.0000000000	        0.0000000000	        0.0000000000	        0.0000000000	        0.0000000000	        0.0000000000	        0.0577123290	        0.0203737597	        0.1306479919	        0.0512924757	        0.0473521501	        0.0000000000	        0.0000000000	        0.0000000000	        0.0000000000	        0.0000000000	        0.0000000000	        0.0000000000	        0.0000000000	        0.0000000000	        0.0000000000	        0.0000000000	        0.0000000000	        0.0000000000	        0.0000000000	        0.0000000000	        0.0000000000	        0.0000000000	        0.0000000000	        0.0000000000	        0.0000000000	        0.0000000000	        0.0000000000	        0.0000000000	        0.0000000000	        0.0000000000	        0.0000000000	        0.0000000000	        0.0000000000	        0.0000000000	        0.0000000000	        0.0000000000	        0.0000000000	        0.0000000000	        0.0000000000	        0.0000000000	        0.0000000000	        0.0000000000	        0.0000000000	        0.0000000000	
        1.8200000000	       61.7483366838	      344.8129444884	        8.3022151834	        6.4349774527	       34.3410257082	       43.3866882959	       10.7390672305	       28.1401835461	       51.8567515005	       15.5690502644	        5.9254937222	       15.4717768049	       10.1909774860	       29.2720173427	       14.6214974061	       26.1488635866	       34.3828906583	       40.2690883142	       22.7433484862	       24.0806975008	       48.6717856686	       60.5542294599	       64.6274660427	       21.2647083863	       40.0201259199	        7.9721913962	       19.8970375348	      152.1973139765	      180.2147686797	      383.0690903987	       19.4766221442	        9.3848226589	        7.9859981326	      175.0955887823	       48.2288177541	      214.8079539227	      136.8760579666	       28.0679899086	       78.4495024723	       40.0276591205	        0.0000000000	        0.0000000000	        0.0000000000	        0.0000000000	        0.0000000000	        0.0000000000	        0.0000000000	        0.0000000000	        0.0000000000	        0.0000000000	        0.0000000000	        0.0000000000	        0.0000000000	        0.0000000000	        0.0000000000	        0.0000000000	        0.0000000000	        0.0000000000	        0.0000000000	        0.0000000000	        0.0000000000	        0.0000000000	        0.0000000000	        0.0000000000	        0.0000000000	        0.0000000000	        0.0000000000	        0.0000000000	        0.0000000000	        0.0000000000	        0.0000000000	        0.0000000000	        0.0000000000	        0.0000000000	        0.0000000000	        0.0000000000	        0.0000000000	        0.0000000000	        0.0000000000	        0.0000000000	        0.0000000000	        0.0000000000	        0.0000000000	        0.0000000000	        0.0000000000	        0.0000000000	        0.0000000000	        0.0000000000	        0.0000000000	        0.0000000000	        0.0000000000	        0.0000000000	        0.0000000000	        0.0000000000	        0.0000000000	        0.0000000000	        0.0000000000	        0.0000000000	        0.0000000000	        0.0000000000	        0.0000000000	        0.0000000000	        0.0000000000	        0.0795829194	       -0.0274318534	        0.2819013051	        0.0884378459	        0.0814179881	        0.0000000000	        0.0000000000	        0.0000000000	        0.0000000000	        0.0000000000	        0.0000000000	        0.0000000000	        0.0000000000	        0.0000000000	        0.0000000000	        0.0000000000	        0.0000000000	        0.0000000000	        0.0000000000	        0.0000000000	        0.0000000000	        0.0000000000	        0.0000000000	        0.0000000000	        0.0000000000	        0.0000000000	        0.0000000000	        0.0000000000	        0.0000000000	        0.0000000000	        0.0000000000	        0.0000000000	        0.0000000000	        0.0000000000	        0.0000000000	        0.0000000000	        0.0000000000	        0.0000000000	        0.0000000000	        0.0000000000	        0.0000000000	        0.0000000000	        0.0000000000	        0.0000000000	
        1.8300000000	       81.4053143505	      213.5734996993	        8.4785171246	        6.3870234263	       48.1736544106	       70.3254096076	       18.2982545064	       32.2155685165	       51.5486792956	       16.7367297662	        6.8148747803	       14.2107542769	        9.8133875035	       17.1178434997	       15.1115638316	       34.5858354253	       51.4518804075	       31.7218682468	       21.4388870386	       24.2684004474	       46.3667523406	       58.6740420469	       63.8924642564	       29.6630835019	       26.5268868946	        8.6912572912	       18.3143667301	      123.4320823783	      449.8159617431	      379.8031072892	       30.7040431234	        9.0239159895	        7.7719302432	      175.5965077349	       42.6502621423	      291.2420108697	      132.4861688528	       29.9531740611	       78.0395575548	       39.9521079767	        0.0000000000	        0.0000000000	        0.0000000000	        0.0000000000	        0.0000000000	        0.0000000000	        0.0000000000	        0.0000000000	        0.0000000000	        0.0000000000	        0.0000000000	        0.0000000000	        0.0000000000	        0.0000000000	        0.0000000000	        0.0000000000	        0.0000000000	        0.0000000000	        0.0000000000	        0.0000000000	        0.0000000000	        0.0000000000	        0.0000000000	        0.0000000000	        0.0000000000	        0.0000000000	        0.0000000000	        0.0000000000	        0.0000000000	        0.0000000000	        0.0000000000	        0.0000000000	        0.0000000000	        0.0000000000	        0.0000000000	        0.0000000000	        0.0000000000	        0.0000000000	        0.0000000000	        0.0000000000	        0.0000000000	        0.0000000000	        0.0000000000	        0.0000000000	        0.0000000000	        0.0000000000	        0.0000000000	        0.0000000000	        0.0000000000	        0.0000000000	        0.0000000000	        0.0000000000	        0.0000000000	        0.0000000000	        0.0000000000	        0.0000000000	        0.0000000000	        0.0000000000	        0.0000000000	        0.0000000000	        0.0000000000	        0.0000000000	        0.0000000000	        0.0614455933	        0.0166498371	        0.1016572539	        0.0282753569	        0.0873965576	        0.0000000000	        0.0000000000	        0.0000000000	        0.0000000000	        0.0000000000	        0.0000000000	        0.0000000000	        0.0000000000	        0.0000000000	        0.0000000000	        0.0000000000	        0.0000000000	        0.0000000000	        0.0000000000	        0.0000000000	        0.0000000000	        0.0000000000	        0.0000000000	        0.0000000000	        0.0000000000	        0.0000000000	        0.0000000000	        0.0000000000	        0.0000000000	        0.0000000000	        0.0000000000	        0.0000000000	        0.0000000000	        0.0000000000	        0.0000000000	        0.0000000000	        0.0000000000	        0.0000000000	        0.0000000000	        0.0000000000	        0.0000000000	        0.0000000000	        0.0000000000	        0.0000000000	
        1.8400000000	       66.7488676352	      303.4554263188	        7.5430728043	        6.4394545845	       40.3923896993	       56.0270332229	       16.0256122723	       29.1091069053	       54.6608259667	       15.0861131289	        6.5406110883	       14.0673600567	        9.9758524499	       21.6251744161	       14.0060799918	       28.4388847243	       40.6633823452	       39.6251238351	       23.4852824138	       24.8772514677	       45.4656218120	       57.8464159271	       63.6983688697	       25.6458405570	       28.3743904692	        8.2481150234	       18.0726499052	      200.3375424598	      275.9197885902	      356.3094881993	       27.9244135042	        9.2346882680	        7.6610865426	      159.4944885135	       38.7993316044	      333.3030297382	      131.9246669701	       27.9156540415	       77.0568861974	       39.5047447699	        0.0000000000	        0.0000000000	        0.0000000000	        0.0000000000	        0.0000000000	        0.0000000000	        0.0000000000	        0.0000000000	        0.0000000000	        0.0000000000	        0.0000000000	        0.0000000000	        0.0000000000	        0.0000000000	        0.0000000000	        0.0000000000	        0.0000000000	        0.0000000000	        0.0000000000	        0.0000000000	        0.0000000000	        0.0000000000	        0.0000000000	        0.0000000000	        0.0000000000	        0.0000000000	        0.0000000000	        0.0000000000	        0.0000000000	        0.0000000000	        0.0000000000	        0.0000000000	        0.0000000000	        0.0000000000	        0.0000000000	        0.0000000000	        0.0000000000	        0.0000000000	        0.0000000000	        0.0000000000	        0.0000000000	        0.0000000000	        0.0000000000	        0.0000000000	        0.0000000000	        0.0000000000	        0.0000000000	        0.0000000000	        0.0000000000	        0.0000000000	        0.0000000000	        0.0000000000	        0.0000000000	        0.0000000000	        0.0000000000	        0.0000000000	        0.0000000000	        0.0000000000	        0.0000000000	        0.0000000000	        0.0000000000	        0.0000000000	        0.0000000000	        0.0845837075	       -0.0341302070	        0.2606428349	        0.1031990239	        0.0871016659	        0.0000000000	        0.0000000000	        0.0000000000	        0.0000000000	        0.0000000000	        0.0000000000	        0.0000000000	        0.0000000000	        0.0000000000	        0.0000000000	        0.0000000000	        0.0000000000	        0.0000000000	        0.0000000000	        0.0000000000	        0.0000000000	        0.0000000000	        0.0000000000	        0.0000000000	        0.0000000000	        0.0000000000	        0.0000000000	        0.0000000000	        0.0000000000	        0.0000000000	        0.0000000000	        0.0000000000	        0.0000000000	        0.0000000000	        0.0000000000	        0.0000000000	        0.0000000000	        0.0000000000	        0.0000000000	        0.0000000000	        0.0000000000	        0.0000000000	        0.0000000000	        0.0000000000	
        1.8500000000	       80.5199371715	      189.4488034301	        7.9045669710	        6.5267384636	       51.2652992993	       76.2616561905	       23.0269495752	       33.5801238174	       50.7382997299	       14.7994974895	        7.1263570997	       13.3367017492	       10.2999511961	       13.5791540718	       14.7026876017	       36.2577663959	       54.6575209705	       31.7248080837	       22.0827911672	       25.1443283807	       43.5203891797	       56.2598714314	       63.0453168131	       32.6222557438	       22.0733414795	        8.8193839359	       17.1283104630	      174.0260068161	      488.9562760631	      355.7547226620	       36.4626327862	        9.9000381625	        7.5860924650	      159.5780461692	       33.6230736333	      350.7387807499	      129.4654140931	       29.7168128153	       76.6151026068	       39.5865650903	        0.0000000000	        0.0000000000	        0.0000000000	        0.0000000000	        0.0000000000	        0.0000000000	        0.0000000000	        0.0000000000	        0.0000000000	        0.0000000000	        0.0000000000	        0.0000000000	        0.0000000000	        0.0000000000	        0.0000000000	        0.0000000000	        0.0000000000	        0.0000000000	        0.0000000000	        0.0000000000	        0.0000000000	        0.0000000000	        0.0000000000	        0.0000000000	        0.0000000000	        0.0000000000	        0.0000000000	        0.0000000000	        0.0000000000	        0.0000000000	        0.0000000000	        0.0000000000	        0.0000000000	        0.0000000000	        0.0000000000	        0.0000000000	        0.0000000000	        0.0000000000	        0.0000000000	        0.0000000000	        0.0000000000	        0.0000000000	        0.0000000000	        0.0000000000	        0.0000000000	        0.0000000000	        0.0000000000	        0.0000000000	        0.0000000000	        0.0000000000	        0.0000000000	        0.0000000000	        0.0000000000	        0.0000000000	        0.0000000000	        0.0000000000	        0.0000000000	        0.0000000000	        0.0000000000	        0.0000000000	        0.0000000000	        0.0000000000	        0.0000000000	        0.0696681410	        0.0011517477	        0.0911974017	        0.0366619954	        0.0907288203	        0.0000000000	        0.0000000000	        0.0000000000	        0.0000000000	        0.0000000000	        0.0000000000	        0.0000000000	        0.0000000000	        0.0000000000	        0.0000000000	        0.0000000000	        0.0000000000	        0.0000000000	        0.0000000000	        0.0000000000	        0.0000000000	        0.0000000000	        0.0000000000	        0.0000000000	        0.0000000000	        0.0000000000	        0.0000000000	        0.0000000000	        0.0000000000	        0.0000000000	        0.0000000000	        0.0000000000	        0.0000000000	        0.0000000000	        0.0000000000	        0.0000000000	        0.0000000000	        0.0000000000	        0.0000000000	        0.0000000000	        0.0000000000	        0.0000000000	        0.0000000000	        0.0000000000	
        1.8600000000	       71.4255628763	      248.1890582532	        7.3224228902	        6.6173560665	       45.9601026766	       66.1081630162	       22.0339525236	       32.3847523269	       52.8838764486	       14.6527317989	        7.0663381141	       13.1893086213	       11.0688774734	       15.2446073184	       14.1563146624	       32.3716483750	       47.2106646699	       36.0717754184	       23.3520824042	       25.6394466786	       42.4822908295	       55.2288871675	       62.6362385627	       30.4329592790	       20.8880893639	        8.5275763058	       16.8861887991	      235.8870817334	      352.3161293878	      340.5886397453	       34.9104496764	       10.9794917387	        7.5869037318	      151.2501231572	       29.6686976250	      339.6884543275	      129.4403406089	       28.1262180668	       73.7113606684	       38.5327694092	        0.0000000000	        0.0000000000	        0.0000000000	        0.0000000000	        0.0000000000	        0.0000000000	        0.0000000000	        0.0000000000	        0.0000000000	        0.0000000000	        0.0000000000	        0.0000000000	        0.0000000000	        0.0000000000	        0.0000000000	        0.0000000000	        0.0000000000	        0.0000000000	        0.0000000000	        0.0000000000	        0.0000000000	        0.0000000000	        0.0000000000	        0.0000000000	        0.0000000000	        0.0000000000	        0.0000000000	        0.0000000000	        0.0000000000	        0.0000000000	        0.0000000000	        0.0000000000	        0.0000000000	        0.0000000000	        0.0000000000	        0.0000000000	        0.0000000000	        0.0000000000	        0.0000000000	        0.0000000000	        0.0000000000	        0.0000000000	        0.0000000000	        0.0000000000	        0.0000000000	        0.0000000000	        0.0000000000	        0.0000000000	        0.0000000000	        0.0000000000	        0.0000000000	        0.0000000000	        0.0000000000	        0.0000000000	        0.0000000000	        0.0000000000	        0.0000000000	        0.0000000000	        0.0000000000	        0.0000000000	        0.0000000000	        0.0000000000	        0.0000000000	        0.0786502630	       -0.0276409609	        0.2017541870	        0.0783953529	        0.0898804443	        0.0000000000	        0.0000000000	        0.0000000000	        0.0000000000	        0.0000000000	        0.0000000000	        0.0000000000	        0.0000000000	        0.0000000000	        0.0000000000	        0.0000000000	        0.0000000000	        0.0000000000	        0.0000000000	        0.0000000000	        0.0000000000	        0.0000000000	        0.0000000000	        0.0000000000	        0.0000000000	        0.0000000000	        0.0000000000	        0.0000000000	        0.0000000000	        0.0000000000	        0.0000000000	        0.0000000000	        0.0000000000	        0.0000000000	        0.0000000000	        0.0000000000	        0.0000000000	        0.0000000000	        0.0000000000	        0.0000000000	        0.0000000000	        0.0000000000	        0.0000000000	        0.0000000000	
        1.8700000000	       76.7460886525	      176.0226904249	        7.7869525000	        6.7098919636	       51.8038074741	       77.6174197456	       28.2666548346	       36.2632348726	       49.7551827235	       13.6935578520	        7.0722595893	       12.1022479914	       11.7005208104	       13.7180124090	       15.7473908457	       41.7742759029	       58.0226032485	       30.6546915763	       22.4326104405	       26.0002607751	       41.1437392770	       54.0799979913	       62.2611820367	       33.9661201897	       23.5301955855	        8.3734784803	       15.4756305776	      220.3778448548	      478.3312725263	      329.5343289777	       40.0668577533	       12.4843826087	        7.2821721240	      143.3125950944	       25.5454957665	      310.6431682554	      127.1207951771	       29.6123957776	       83.4066962717	       40.9938099345	        0.0000000000	        0.0000000000	        0.0000000000	        0.0000000000	        0.0000000000	        0.0000000000	        0.0000000000	        0.0000000000	        0.0000000000	        0.0000000000	        0.0000000000	        0.0000000000	        0.0000000000	        0.0000000000	        0.0000000000	        0.0000000000	        0.0000000000	        0.0000000000	        0.0000000000	        0.0000000000	        0.0000000000	        0.0000000000	        0.0000000000	        0.0000000000	        0.0000000000	        0.0000000000	        0.0000000000	        0.0000000000	        0.0000000000	        0.0000000000	        0.0000000000	        0.0000000000	        0.0000000000	        0.0000000000	        0.0000000000	        0.0000000000	        0.0000000000	        0.0000000000	        0.0000000000	        0.0000000000	        0.0000000000	        0.0000000000	        0.0000000000	        0.0000000000	        0.0000000000	        0.0000000000	        0.0000000000	        0.0000000000	        0.0000000000	        0.0000000000	        0.0000000000	        0.0000000000	        0.0000000000	        0.0000000000	        0.0000000000	        0.0000000000	        0.0000000000	        0.0000000000	        0.0000000000	        0.0000000000	        0.0000000000	        0.0000000000	        0.0000000000	        0.0657402957	       -0.0007205254	        0.0955391613	        0.0284308088	        0.0893852142	        0.0000000000	        0.0000000000	        0.0000000000	        0.0000000000	        0.0000000000	        0.0000000000	        0.0000000000	        0.0000000000	        0.0000000000	        0.0000000000	        0.0000000000	        0.0000000000	        0.0000000000	        0.0000000000	        0.0000000000	        0.0000000000	        0.0000000000	        0.0000000000	        0.0000000000	        0.0000000000	        0.0000000000	        0.0000000000	        0.0000000000	        0.0000000000	        0.0000000000	        0.0000000000	        0.0000000000	        0.0000000000	        0.0000000000	        0.0000000000	        0.0000000000	        0.0000000000	        0.0000000000	        0.0000000000	        0.0000000000	        0.0000000000	        0.0000000000	        0.0000000000	        0.0000000000	
        1.8800000000	       71.6473004711	      205.6774547425	        7.7069053042	        6.7897496947	       49.2617324228	       72.6394755689	       28.9240644665	       36.5029902939	       53.1374265533	       15.1400180256	        6.9183415841	       11.6674853577	       12.8283803597	       14.3697624067	       16.7125260922	       42.7283926427	       55.5537581748	       33.0624767547	       23.6394526360	       27.0254828213	       40.2875075282	       53.2693702900	       62.0264533137	       32.6942263734	       23.1065484813	        8.0967905858	       14.8858616461	      260.9933923589	      399.9357177559	      308.8526122630	       39.3769732485	       14.4179873637	        7.2995864001	      138.4300225721	       22.1934195748	      269.5494979420	      126.9516277492	       29.7924555448	       88.0649104766	       42.1303805525	        0.0000000000	        0.0000000000	        0.0000000000	        0.0000000000	        0.0000000000	        0.0000000000	        0.0000000000	        0.0000000000	        0.0000000000	        0.0000000000	        0.0000000000	        0.0000000000	        0.0000000000	        0.0000000000	        0.0000000000	        0.0000000000	        0.0000000000	        0.0000000000	        0.0000000000	        0.0000000000	        0.0000000000	        0.0000000000	        0.0000000000	        0.0000000000	        0.0000000000	        0.0000000000	        0.0000000000	        0.0000000000	        0.0000000000	        0.0000000000	        0.0000000000	        0.0000000000	        0.0000000000	        0.0000000000	        0.0000000000	        0.0000000000	        0.0000000000	        0.0000000000	        0.0000000000	        0.0000000000	        0.0000000000	        0.0000000000	        0.0000000000	        0.0000000000	        0.0000000000	        0.0000000000	        0.0000000000	        0.0000000000	        0.0000000000	        0.0000000000	        0.0000000000	        0.0000000000	        0.0000000000	        0.0000000000	        0.0000000000	        0.0000000000	        0.0000000000	        0.0000000000	        0.0000000000	        0.0000000000	        0.0000000000	        0.0000000000	        0.0000000000	        0.0647207749	       -0.0093475901	        0.1349634645	        0.0213003194	        0.0903077534	        0.0000000000	        0.0000000000	        0.0000000000	        0.0000000000	        0.0000000000	        0.0000000000	        0.0000000000	        0.0000000000	        0.0000000000	        0.0000000000	        0.0000000000	        0.0000000000	        0.0000000000	        0.0000000000	        0.0000000000	        0.0000000000	        0.0000000000	        0.0000000000	        0.0000000000	        0.0000000000	        0.0000000000	        0.0000000000	        0.0000000000	        0.0000000000	        0.0000000000	        0.0000000000	        0.0000000000	        0.0000000000	        0.0000000000	        0.0000000000	        0.0000000000	        0.0000000000	        0.0000000000	        0.0000000000	        0.0000000000	        0.0000000000	        0.0000000000	        0.0000000000	        0.0000000000	
        1.8900000000	       74.1212057126	      170.2854878474	        8.2592639464	        6.9541813312	       52.2937406219	       77.9730605465	       33.4741132066	       39.5105259804	       52.8833225594	       14.4800863171	        6.8886537935	       11.0694252122	       13.5352281000	       14.0142286503	       19.0822509974	       50.2299205931	       61.8307095860	       32.1689830840	       24.2130735519	       28.3614902035	       39.4548562801	       52.5321471097	       61.9694604329	       34.8101243121	       24.4987027180	        7.9767171225	       14.1036985089	      260.4334970278	      457.2786850844	      283.4974921523	       41.8958670678	       16.7002513040	        7.4214536353	      132.5354601425	       19.1129939021	      226.5297680239	      126.3966693805	       31.4576686992	      106.9188931538	       46.5495520588	        0.0000000000	        0.0000000000	        0.0000000000	        0.0000000000	        0.0000000000	        0.0000000000	        0.0000000000	        0.0000000000	        0.0000000000	        0.0000000000	        0.0000000000	        0.0000000000	        0.0000000000	        0.0000000000	        0.0000000000	        0.0000000000	        0.0000000000	        0.0000000000	        0.0000000000	        0.0000000000	        0.0000000000	        0.0000000000	        0.0000000000	        0.0000000000	        0.0000000000	        0.0000000000	        0.0000000000	        0.0000000000	        0.0000000000	        0.0000000000	        0.0000000000	        0.0000000000	        0.0000000000	        0.0000000000	        0.0000000000	        0.0000000000	        0.0000000000	        0.0000000000	        0.0000000000	        0.0000000000	        0.0000000000	        0.0000000000	        0.0000000000	        0.0000000000	        0.0000000000	        0.0000000000	        0.0000000000	        0.0000000000	        0.0000000000	        0.0000000000	        0.0000000000	        0.0000000000	        0.0000000000	        0.0000000000	        0.0000000000	        0.0000000000	        0.0000000000	        0.0000000000	        0.0000000000	        0.0000000000	        0.0000000000	        0.0000000000	        0.0000000000	        0.0558097947	        0.0080553786	        0.0805873876	       -0.0050248338	        0.0862274524	        0.0000000000	        0.0000000000	        0.0000000000	        0.0000000000	        0.0000000000	        0.0000000000	        0.0000000000	        0.0000000000	        0.0000000000	        0.0000000000	        0.0000000000	        0.0000000000	        0.0000000000	        0.0000000000	        0.0000000000	        0.0000000000	        0.0000000000	        0.0000000000	        0.0000000000	        0.0000000000	        0.0000000000	        0.0000000000	        0.0000000000	        0.0000000000	        0.0000000000	        0.0000000000	        0.0000000000	        0.0000000000	        0.0000000000	        0.0000000000	        0.0000000000	        0.0000000000	        0.0000000000	        0.0000000000	        0.0000000000	        0.0000000000	        0.0000000000	        0.0000000000	        0.0000000000	
        1.9000000000	       71.9204019859	      180.6026443701	        8.6809431928	        7.5524609669	       51.6686387265	       76.2671590504	       35.1694234950	       40.7155074572	       55.5633717382	       15.9397003911	        6.8696059258	       11.0170411237	       14.4487105804	       14.9045738703	       21.3585351069	       54.3608606834	       62.4744398465	       34.3675129124	       25.7987345265	       30.5522584108	       38.9044449186	       52.0885250408	       62.0801050770	       35.0516778779	       24.3393865246	        7.9236281309	       14.0031066245	      283.3166553213	      426.3197873942	      254.6520053037	       42.0761722770	       19.1572632944	        7.8056353183	      134.5659046268	       16.6573772224	      191.1900340133	      127.2517709282	       32.7144429085	      120.2243219981	       49.9609758287	        0.0000000000	        0.0000000000	        0.0000000000	        0.0000000000	        0.0000000000	        0.0000000000	        0.0000000000	        0.0000000000	        0.0000000000	        0.0000000000	        0.0000000000	        0.0000000000	        0.0000000000	        0.0000000000	        0.0000000000	        0.0000000000	        0.0000000000	        0.0000000000	        0.0000000000	        0.0000000000	        0.0000000000	        0.0000000000	        0.0000000000	        0.0000000000	        0.0000000000	        0.0000000000	        0.0000000000	        0.0000000000	        0.0000000000	        0.0000000000	        0.0000000000	        0.0000000000	        0.0000000000	        0.0000000000	        0.0000000000	        0.0000000000	        0.0000000000	        0.0000000000	        0.0000000000	        0.0000000000	        0.0000000000	        0.0000000000	        0.0000000000	        0.0000000000	        0.0000000000	        0.0000000000	        0.0000000000	        0.0000000000	        0.0000000000	        0.0000000000	        0.0000000000	        0.0000000000	        0.0000000000	        0.0000000000	        0.0000000000	        0.0000000000	        0.0000000000	        0.0000000000	        0.0000000000	        0.0000000000	        0.0000000000	        0.0000000000	        0.0000000000	        0.0539541622	        0.0095740357	        0.0465139832	       -0.0182386540	        0.0789171487	        0.0000000000	        0.0000000000	        0.0000000000	        0.0000000000	        0.0000000000	        0.0000000000	        0.0000000000	        0.0000000000	        0.0000000000	        0.0000000000	        0.0000000000	        0.0000000000	        0.0000000000	        0.0000000000	        0.0000000000	        0.0000000000	        0.0000000000	        0.0000000000	        0.0000000000	        0.0000000000	        0.0000000000	        0.0000000000	        0.0000000000	        0.0000000000	        0.0000000000	        0.0000000000	        0.0000000000	        0.0000000000	        0.0000000000	        0.0000000000	        0.0000000000	        0.0000000000	        0.0000000000	        0.0000000000	        0.0000000000	        0.0000000000	        0.0000000000	        0.0000000000	        0.0000000000	
        1.9100000000	       72.2000948905	      166.9628041435	        9.3570784396	        8.5147895328	       52.1775083535	       76.1319533696	       37.3560800780	       42.0544716719	       57.0006353537	       16.2581518958	        6.8078779465	       11.0743341050	       15.1201026934	       15.9151059149	       23.3107405405	       58.5696039031	       64.4579622517	       33.1415357727	       25.9252974749	       31.3317505180	       38.1689276622	       51.4351627013	       61.9600256104	       36.0103687776	       24.2036680650	        7.8837846544	       14.0433838150	      290.1406124795	      436.0615994738	      223.5274383713	       42.1326513714	       21.5782369942	        8.3961781170	      140.3089991765	       14.2833798979	      167.6455217401	      128.4263730029	       33.4354268690	      135.8715075124	       52.3595586406	        0.0000000000	        0.0000000000	        0.0000000000	        0.0000000000	        0.0000000000	        0.0000000000	        0.0000000000	        0.0000000000	        0.0000000000	        0.0000000000	        0.0000000000	        0.0000000000	        0.0000000000	        0.0000000000	        0.0000000000	        0.0000000000	        0.0000000000	        0.0000000000	        0.0000000000	        0.0000000000	        0.0000000000	        0.0000000000	        0.0000000000	        0.0000000000	        0.0000000000	        0.0000000000	        0.0000000000	        0.0000000000	        0.0000000000	        0.0000000000	        0.0000000000	        0.0000000000	        0.0000000000	        0.0000000000	        0.0000000000	        0.0000000000	        0.0000000000	        0.0000000000	        0.0000000000	        0.0000000000	        0.0000000000	        0.0000000000	        0.0000000000	        0.0000000000	        0.0000000000	        0.0000000000	        0.0000000000	        0.0000000000	        0.0000000000	        0.0000000000	        0.0000000000	        0.0000000000	        0.0000000000	        0.0000000000	        0.0000000000	        0.0000000000	        0.0000000000	        0.0000000000	        0.0000000000	        0.0000000000	        0.0000000000	        0.0000000000	        0.0000000000	        0.0488576619	        0.0175232293	        0.0132672660	       -0.0331948292	        0.0686608276	        0.0000000000	        0.0000000000	        0.0000000000	        0.0000000000	        0.0000000000	        0.0000000000	        0.0000000000	        0.0000000000	        0.0000000000	        0.0000000000	        0.0000000000	        0.0000000000	        0.0000000000	        0.0000000000	        0.0000000000	        0.0000000000	        0.0000000000	        0.0000000000	        0.0000000000	        0.0000000000	        0.0000000000	        0.0000000000	        0.0000000000	        0.0000000000	        0.0000000000	        0.0000000000	        0.0000000000	        0.0000000000	        0.0000000000	        0.0000000000	        0.0000000000	        0.0000000000	        0.0000000000	        0.0000000000	        0.0000000000	        0.0000000000	        0.0000000000	        0.0000000000	        0.0000000000	
        1.9200000000	       70.9777592899	      164.9253229381	        9.9328752785	        9.3135025373	       51.6285076755	       74.2372019297	       38.7181149788	       43.0009037029	       58.9728763231	       17.3349864211	        6.7270347668	       11.2711992798	       15.7270256173	       17.3252230526	       24.9136888610	       61.5811603068	       64.8805502341	       32.0198026902	       25.9895801046	       31.9712725494	       37.5767126448	       50.9683678523	       61.9384059498	       36.5004236714	       23.7330435734	        7.8559249892	       14.2610460459	      298.4520943664	      417.5159900298	      195.1137582149	       41.9257832841	       23.8197681591	        9.0574778001	      150.9225443297	       12.2830031253	      156.9873456323	      129.9350218656	       33.5230897864	      143.7125520262	       53.3596687514	        0.0000000000	        0.0000000000	        0.0000000000	        0.0000000000	        0.0000000000	        0.0000000000	        0.0000000000	        0.0000000000	        0.0000000000	        0.0000000000	        0.0000000000	        0.0000000000	        0.0000000000	        0.0000000000	        0.0000000000	        0.0000000000	        0.0000000000	        0.0000000000	        0.0000000000	        0.0000000000	        0.0000000000	        0.0000000000	        0.0000000000	        0.0000000000	        0.0000000000	        0.0000000000	        0.0000000000	        0.0000000000	        0.0000000000	        0.0000000000	        0.0000000000	        0.0000000000	        0.0000000000	        0.0000000000	        0.0000000000	        0.0000000000	        0.0000000000	        0.0000000000	        0.0000000000	        0.0000000000	        0.0000000000	        0.0000000000	        0.0000000000	        0.0000000000	        0.0000000000	        0.0000000000	        0.0000000000	        0.0000000000	        0.0000000000	        0.0000000000	        0.0000000000	        0.0000000000	        0.0000000000	        0.0000000000	        0.0000000000	        0.0000000000	        0.0000000000	        0.0000000000	        0.0000000000	        0.0000000000	        0.0000000000	        0.0000000000	        0.0000000000	        0.0466116980	        0.0185980403	       -0.0262845651	       -0.0433005113	        0.0532657012	        0.0000000000	        0.0000000000	        0.0000000000	        0.0000000000	        0.0000000000	        0.0000000000	        0.0000000000	        0.0000000000	        0.0000000000	        0.0000000000	        0.0000000000	        0.0000000000	        0.0000000000	        0.0000000000	        0.0000000000	        0.0000000000	        0.0000000000	        0.0000000000	        0.0000000000	        0.0000000000	        0.0000000000	        0.0000000000	        0.0000000000	        0.0000000000	        0.0000000000	        0.0000000000	        0.0000000000	        0.0000000000	        0.0000000000	        0.0000000000	        0.0000000000	        0.0000000000	        0.0000000000	        0.0000000000	        0.0000000000	        0.0000000000	        0.0000000000	        0.0000000000	        0.0000000000	
        1.9300000000	       70.7741530587	      159.0329339068	       10.3873921616	        9.9375907696	       51.7179722068	       73.5482600051	       40.7234759698	       44.5044207653	       60.9103315480	       18.1902008591	        6.6675251635	       11.3818956667	       16.3621064491	       18.8016125687	       26.1585780872	       64.2460313717	       65.8953793025	       31.4770653297	       26.2245426976	       32.6633988783	       37.2453814338	       50.7473227181	       62.1683986452	       37.3747690379	       23.6100638734	        7.8292634112	       14.3819457564	      303.4307996292	      409.2207089966	      167.4985257234	       42.0912207119	       25.9978082126	        9.6484529631	      159.9310923221	       10.7471623448	      154.3661024664	      131.1589950587	       33.2542014895	      149.3526430114	       53.6475104579	        0.0000000000	        0.0000000000	        0.0000000000	        0.0000000000	        0.0000000000	        0.0000000000	        0.0000000000	        0.0000000000	        0.0000000000	        0.0000000000	        0.0000000000	        0.0000000000	        0.0000000000	        0.0000000000	        0.0000000000	        0.0000000000	        0.0000000000	        0.0000000000	        0.0000000000	        0.0000000000	        0.0000000000	        0.0000000000	        0.0000000000	        0.0000000000	        0.0000000000	        0.0000000000	        0.0000000000	        0.0000000000	        0.0000000000	        0.0000000000	        0.0000000000	        0.0000000000	        0.0000000000	        0.0000000000	        0.0000000000	        0.0000000000	        0.0000000000	        0.0000000000	        0.0000000000	        0.0000000000	        0.0000000000	        0.0000000000	        0.0000000000	        0.0000000000	        0.0000000000	        0.0000000000	        0.0000000000	        0.0000000000	        0.0000000000	        0.0000000000	        0.0000000000	        0.0000000000	        0.0000000000	        0.0000000000	        0.0000000000	        0.0000000000	        0.0000000000	        0.0000000000	        0.0000000000	        0.0000000000	        0.0000000000	        0.0000000000	        0.0000000000	        0.0403415152	        0.0228215686	       -0.0604744696	       -0.0484892680	        0.0383643786	        0.0000000000	        0.0000000000	        0.0000000000	        0.0000000000	        0.0000000000	        0.0000000000	        0.0000000000	        0.0000000000	        0.0000000000	        0.0000000000	        0.0000000000	        0.0000000000	        0.0000000000	        0.0000000000	        0.0000000000	        0.0000000000	        0.0000000000	        0.0000000000	        0.0000000000	        0.0000000000	        0.0000000000	        0.0000000000	        0.0000000000	        0.0000000000	        0.0000000000	        0.0000000000	        0.0000000000	        0.0000000000	        0.0000000000	        0.0000000000	        0.0000000000	        0.0000000000	        0.0000000000	        0.0000000000	        0.0000000000	        0.0000000000	        0.0000000000	        0.0000000000	        0.0000000000	
        1.9400000000	       70.3738949781	      156.6468547529	       10.6193197729	       10.2755720525	       51.7317990802	       73.0456079591	       43.0091544641	       46.2797989259	       63.1570154012	       19.1494296862	        6.6006600093	       11.3515115097	       17.0635325150	       20.3018309586	       26.9351501784	       66.1001956343	       66.7280544072	       31.7092821983	       26.6882516902	       33.4499915893	       37.1276296871	       50.7265366070	       62.6420424404	       38.2099928765	       23.5616356436	        7.7595309395	       14.3410690793	      308.5566311663	      395.1962789736	      144.4005844977	       42.3713838211	       28.3947061203	       10.1023004146	      165.2709909940	        9.5697468740	      156.6821665988	      131.9722656465	       32.5329359416	      147.6511347126	       52.9277818464	        0.0000000000	        0.0000000000	        0.0000000000	        0.0000000000	        0.0000000000	        0.0000000000	        0.0000000000	        0.0000000000	        0.0000000000	        0.0000000000	        0.0000000000	        0.0000000000	        0.0000000000	        0.0000000000	        0.0000000000	        0.0000000000	        0.0000000000	        0.0000000000	        0.0000000000	        0.0000000000	        0.0000000000	        0.0000000000	        0.0000000000	        0.0000000000	        0.0000000000	        0.0000000000	        0.0000000000	        0.0000000000	        0.0000000000	        0.0000000000	        0.0000000000	        0.0000000000	        0.0000000000	        0.0000000000	        0.0000000000	        0.0000000000	        0.0000000000	        0.0000000000	        0.0000000000	        0.0000000000	        0.0000000000	        0.0000000000	        0.0000000000	        0.0000000000	        0.0000000000	        0.0000000000	        0.0000000000	        0.0000000000	        0.0000000000	        0.0000000000	        0.0000000000	        0.0000000000	        0.0000000000	        0.0000000000	        0.0000000000	        0.0000000000	        0.0000000000	        0.0000000000	        0.0000000000	        0.0000000000	        0.0000000000	        0.0000000000	        0.0000000000	        0.0316911805	        0.0278723406	       -0.0934851069	       -0.0472284581	        0.0268532187	        0.0000000000	        0.0000000000	        0.0000000000	        0.0000000000	        0.0000000000	        0.0000000000	        0.0000000000	        0.0000000000	        0.0000000000	        0.0000000000	        0.0000000000	        0.0000000000	        0.0000000000	        0.0000000000	        0.0000000000	        0.0000000000	        0.0000000000	        0.0000000000	        0.0000000000	        0.0000000000	        0.0000000000	        0.0000000000	        0.0000000000	        0.0000000000	        0.0000000000	        0.0000000000	        0.0000000000	        0.0000000000	        0.0000000000	        0.0000000000	        0.0000000000	        0.0000000000	        0.0000000000	        0.0000000000	        0.0000000000	        0.0000000000	        0.0000000000	        0.0000000000	        0.0000000000	
        1.9500000000	       70.0646085020	      153.1593073119	       10.6572551441	       10.3820771716	       51.8014179411	       72.8400004496	       45.9974736411	       48.5477514723	       65.3674039796	       19.9464887692	        6.5011874554	       11.1233042364	       17.7833200175	       21.6714713736	       27.1608494927	       67.0597663749	       67.5737781289	       32.0600424907	       27.0871675188	       34.0281871884	       37.1626849340	       50.8638847734	       63.2732006616	       39.0713047515	       23.6888655347	        7.6279047055	       14.0697359145	      311.7041866276	      384.0058484290	      126.1751678209	       42.8050024309	       31.1140641174	       10.4039945480	      165.2133856030	        8.6488209190	      161.0994237075	      132.2268592905	       31.2964655159	      139.9381496601	       51.0548751334	        0.0000000000	        0.0000000000	        0.0000000000	        0.0000000000	        0.0000000000	        0.0000000000	        0.0000000000	        0.0000000000	        0.0000000000	        0.0000000000	        0.0000000000	        0.0000000000	        0.0000000000	        0.0000000000	        0.0000000000	        0.0000000000	        0.0000000000	        0.0000000000	        0.0000000000	        0.0000000000	        0.0000000000	        0.0000000000	        0.0000000000	        0.0000000000	        0.0000000000	        0.0000000000	        0.0000000000	        0.0000000000	        0.0000000000	        0.0000000000	        0.0000000000	        0.0000000000	        0.0000000000	        0.0000000000	        0.0000000000	        0.0000000000	        0.0000000000	        0.0000000000	        0.0000000000	        0.0000000000	        0.0000000000	        0.0000000000	        0.0000000000	        0.0000000000	        0.0000000000	        0.0000000000	        0.0000000000	        0.0000000000	        0.0000000000	        0.0000000000	        0.0000000000	        0.0000000000	        0.0000000000	        0.0000000000	        0.0000000000	        0.0000000000	        0.0000000000	        0.0000000000	        0.0000000000	        0.0000000000	        0.0000000000	        0.0000000000	        0.0000000000	        0.0198988959	        0.0333614901	       -0.1130544754	       -0.0389203162	        0.0193665649	        0.0000000000	        0.0000000000	        0.0000000000	        0.0000000000	        0.0000000000	        0.0000000000	        0.0000000000	        0.0000000000	        0.0000000000	        0.0000000000	        0.0000000000	        0.0000000000	        0.0000000000	        0.0000000000	        0.0000000000	        0.0000000000	        0.0000000000	        0.0000000000	        0.0000000000	        0.0000000000	        0.0000000000	        0.0000000000	        0.0000000000	        0.0000000000	        0.0000000000	        0.0000000000	        0.0000000000	        0.0000000000	        0.0000000000	        0.0000000000	        0.0000000000	        0.0000000000	        0.0000000000	        0.0000000000	        0.0000000000	        0.0000000000	        0.0000000000	        0.0000000000	        0.0000000000	
        1.9600000000	       69.6880699965	      149.7192818801	       10.5481176480	       10.3036880796	       51.6599866167	       72.5160637938	       49.3468102383	       51.3537799037	       67.5132606846	       20.6547423424	        6.3921051985	       10.8085076405	       18.5304302475	       23.0913073548	       26.9649678867	       67.1085203968	       67.8354142934	       32.4084214341	       27.3894528111	       34.3940000058	       37.3175259954	       51.1313684669	       64.0239614063	       39.9546308646	       23.9826956088	        7.4770096055	       13.7026363512	      313.8356242575	      373.4490315490	      112.2769979611	       43.4869296691	       34.2245495711	       10.5934711920	      160.7241758586	        7.9186765937	      166.8093345006	      132.1230747250	       29.7901747277	      127.1972189120	       48.4525009946	        0.0000000000	        0.0000000000	        0.0000000000	        0.0000000000	        0.0000000000	        0.0000000000	        0.0000000000	        0.0000000000	        0.0000000000	        0.0000000000	        0.0000000000	        0.0000000000	        0.0000000000	        0.0000000000	        0.0000000000	        0.0000000000	        0.0000000000	        0.0000000000	        0.0000000000	        0.0000000000	        0.0000000000	        0.0000000000	        0.0000000000	        0.0000000000	        0.0000000000	        0.0000000000	        0.0000000000	        0.0000000000	        0.0000000000	        0.0000000000	        0.0000000000	        0.0000000000	        0.0000000000	        0.0000000000	        0.0000000000	        0.0000000000	        0.0000000000	        0.0000000000	        0.0000000000	        0.0000000000	        0.0000000000	        0.0000000000	        0.0000000000	        0.0000000000	        0.0000000000	        0.0000000000	        0.0000000000	        0.0000000000	        0.0000000000	        0.0000000000	        0.0000000000	        0.0000000000	        0.0000000000	        0.0000000000	        0.0000000000	        0.0000000000	        0.0000000000	        0.0000000000	        0.0000000000	        0.0000000000	        0.0000000000	        0.0000000000	        0.0000000000	        0.0084331855	        0.0355965707	       -0.1201136119	       -0.0246842315	        0.0162777792	        0.0000000000	        0.0000000000	        0.0000000000	        0.0000000000	        0.0000000000	        0.0000000000	        0.0000000000	        0.0000000000	        0.0000000000	        0.0000000000	        0.0000000000	        0.0000000000	        0.0000000000	        0.0000000000	        0.0000000000	        0.0000000000	        0.0000000000	        0.0000000000	        0.0000000000	        0.0000000000	        0.0000000000	        0.0000000000	        0.0000000000	        0.0000000000	        0.0000000000	        0.0000000000	        0.0000000000	        0.0000000000	        0.0000000000	        0.0000000000	        0.0000000000	        0.0000000000	        0.0000000000	        0.0000000000	        0.0000000000	        0.0000000000	        0.0000000000	        0.0000000000	        0.0000000000	
        1.9700000000	       68.3109797770	      145.9587149728	       10.2826102115	       10.0275020073	       50.4428059529	       71.4286712502	       57.5733603805	       54.7181775479	       69.4619618813	       21.2035581093	        6.2762009505	       10.3971027304	       19.3919735623	       24.7489934674	       26.2893763245	       65.7987900098	       66.0146817902	       32.5779809311	       27.4776144148	       34.4388837350	       37.5648213379	       51.5007450347	       64.8266742303	       39.9220927770	       24.2640934313	        7.2932102102	       13.2218435239	      315.5009047772	      374.4116021559	      104.2635857871	       44.2694217625	       41.1556146506	       11.3363974202	      152.7208842433	        7.3340815877	      172.8194632463	      131.5659179042	       27.9912334073	      117.4284161043	       45.4515022421	        0.0000000000	        0.0000000000	        0.0000000000	        0.0000000000	        0.0000000000	        0.0000000000	        0.0000000000	        0.0000000000	        0.0000000000	        0.0000000000	        0.0000000000	        0.0000000000	        0.0000000000	        0.0000000000	        0.0000000000	        0.0000000000	        0.0000000000	        0.0000000000	        0.0000000000	        0.0000000000	        0.0000000000	        0.0000000000	        0.0000000000	        0.0000000000	        0.0000000000	        0.0000000000	        0.0000000000	        0.0000000000	        0.0000000000	        0.0000000000	        0.0000000000	        0.0000000000	        0.0000000000	        0.0000000000	        0.0000000000	        0.0000000000	        0.0000000000	        0.0000000000	        0.0000000000	        0.0000000000	        0.0000000000	        0.0000000000	        0.0000000000	        0.0000000000	        0.0000000000	        0.0000000000	        0.0000000000	        0.0000000000	        0.0000000000	        0.0000000000	        0.0000000000	        0.0000000000	        0.0000000000	        0.0000000000	        0.0000000000	        0.0000000000	        0.0000000000	        0.0000000000	        0.0000000000	        0.0000000000	        0.0000000000	        0.0000000000	        0.0000000000	        0.0043824135	        0.0327168502	       -0.1174299704	       -0.0151361946	        0.0152934404	        0.0000000000	        0.0000000000	        0.0000000000	        0.0000000000	        0.0000000000	        0.0000000000	        0.0000000000	        0.0000000000	        0.0000000000	        0.0000000000	        0.0000000000	        0.0000000000	        0.0000000000	        0.0000000000	        0.0000000000	        0.0000000000	        0.0000000000	        0.0000000000	        0.0000000000	        0.0000000000	        0.0000000000	        0.0000000000	        0.0000000000	        0.0000000000	        0.0000000000	        0.0000000000	        0.0000000000	        0.0000000000	        0.0000000000	        0.0000000000	        0.0000000000	        0.0000000000	        0.0000000000	        0.0000000000	        0.0000000000	        0.0000000000	        0.0000000000	        0.0000000000	        0.0000000000	
        1.9800000000	       66.4934584897	      141.7696763169	        9.8395782016	        9.5315870445	       48.7310725476	       70.1822383440	       66.5121018025	       58.3253999829	       70.8105819047	       21.3741194979	        6.1311740463	        9.8501853009	       20.3801685186	       26.6889062182	       25.1498776358	       63.3582764255	       63.0390371155	       32.5124247459	       27.3546205212	       34.1831156433	       37.8813970389	       51.9432314825	       65.6344483105	       39.1763645792	       24.5437599758	        7.0610027404	       12.5775499331	      316.7207771248	      378.5876760514	       96.6067783780	       45.0447006754	       48.2912961107	       12.0009566864	      141.7078772952	        6.8575061466	      177.8363699857	      130.6143135726	       25.9743151482	      107.1521972490	       42.0983128611	        0.0000000000	        0.0000000000	        0.0000000000	        0.0000000000	        0.0000000000	        0.0000000000	        0.0000000000	        0.0000000000	        0.0000000000	        0.0000000000	        0.0000000000	        0.0000000000	        0.0000000000	        0.0000000000	        0.0000000000	        0.0000000000	        0.0000000000	        0.0000000000	        0.0000000000	        0.0000000000	        0.0000000000	        0.0000000000	        0.0000000000	        0.0000000000	        0.0000000000	        0.0000000000	        0.0000000000	        0.0000000000	        0.0000000000	        0.0000000000	        0.0000000000	        0.0000000000	        0.0000000000	        0.0000000000	        0.0000000000	        0.0000000000	        0.0000000000	        0.0000000000	        0.0000000000	        0.0000000000	        0.0000000000	        0.0000000000	        0.0000000000	        0.0000000000	        0.0000000000	        0.0000000000	        0.0000000000	        0.0000000000	        0.0000000000	        0.0000000000	        0.0000000000	        0.0000000000	        0.0000000000	        0.0000000000	        0.0000000000	        0.0000000000	        0.0000000000	        0.0000000000	        0.0000000000	        0.0000000000	        0.0000000000	        0.0000000000	        0.0000000000	        0.0054528734	        0.0273422045	       -0.1135845273	       -0.0109466389	        0.0152718044	        0.0000000000	        0.0000000000	        0.0000000000	        0.0000000000	        0.0000000000	        0.0000000000	        0.0000000000	        0.0000000000	        0.0000000000	        0.0000000000	        0.0000000000	        0.0000000000	        0.0000000000	        0.0000000000	        0.0000000000	        0.0000000000	        0.0000000000	        0.0000000000	        0.0000000000	        0.0000000000	        0.0000000000	        0.0000000000	        0.0000000000	        0.0000000000	        0.0000000000	        0.0000000000	        0.0000000000	        0.0000000000	        0.0000000000	        0.0000000000	        0.0000000000	        0.0000000000	        0.0000000000	        0.0000000000	        0.0000000000	        0.0000000000	        0.0000000000	        0.0000000000	        0.0000000000	
        1.9900000000	       64.5300302837	      136.9850626708	        9.3180385392	        8.9379369584	       46.8746754792	       68.7851531429	       74.5133732113	       62.3567705545	       71.3693024345	       21.1948752555	        5.9759927739	        9.3038316306	       21.4271864432	       29.0844908521	       23.8127002746	       60.4484862274	       59.7676183673	       32.3603058861	       27.1277516411	       33.7678733490	       38.2476831552	       52.4305897259	       66.4212920387	       38.1434394530	       24.8393229344	        6.8220422010	       11.9328894619	      317.4045868228	      383.6787332652	       87.7672552336	       45.8120294163	       54.3997691083	       12.4773311233	      129.1547035967	        6.4602799587	      181.6301094775	      129.9485862575	       23.9102889228	       96.0692013220	       38.5917308850	        0.0000000000	        0.0000000000	        0.0000000000	        0.0000000000	        0.0000000000	        0.0000000000	        0.0000000000	        0.0000000000	        0.0000000000	        0.0000000000	        0.0000000000	        0.0000000000	        0.0000000000	        0.0000000000	        0.0000000000	        0.0000000000	        0.0000000000	        0.0000000000	        0.0000000000	        0.0000000000	        0.0000000000	        0.0000000000	        0.0000000000	        0.0000000000	        0.0000000000	        0.0000000000	        0.0000000000	        0.0000000000	        0.0000000000	        0.0000000000	        0.0000000000	        0.0000000000	        0.0000000000	        0.0000000000	        0.0000000000	        0.0000000000	        0.0000000000	        0.0000000000	        0.0000000000	        0.0000000000	        0.0000000000	        0.0000000000	        0.0000000000	        0.0000000000	        0.0000000000	        0.0000000000	        0.0000000000	        0.0000000000	        0.0000000000	        0.0000000000	        0.0000000000	        0.0000000000	        0.0000000000	        0.0000000000	        0.0000000000	        0.0000000000	        0.0000000000	        0.0000000000	        0.0000000000	        0.0000000000	        0.0000000000	        0.0000000000	        0.0000000000	        0.0083202836	        0.0194742188	       -0.1055478573	       -0.0056129301	        0.0180072122	        0.0000000000	        0.0000000000	        0.0000000000	        0.0000000000	        0.0000000000	        0.0000000000	        0.0000000000	        0.0000000000	        0.0000000000	        0.0000000000	        0.0000000000	        0.0000000000	        0.0000000000	        0.0000000000	        0.0000000000	        0.0000000000	        0.0000000000	        0.0000000000	        0.0000000000	        0.0000000000	        0.0000000000	        0.0000000000	        0.0000000000	        0.0000000000	        0.0000000000	        0.0000000000	        0.0000000000	        0.0000000000	        0.0000000000	        0.0000000000	        0.0000000000	        0.0000000000	        0.0000000000	        0.0000000000	        0.0000000000	        0.0000000000	        0.0000000000	        0.0000000000	        0.0000000000	
        2.0000000000	       62.3311857731	      131.8874855628	        8.7837755625	        8.3317271234	       44.9055835746	       67.1766352187	       82.2649362533	       67.0310542355	       71.2653917512	       20.7866238742	        5.8296035672	        9.0009264291	       22.5658031619	       31.9312273165	       22.4476216713	       57.4997419275	       56.5551461400	       32.2780009549	       26.8781769779	       33.2999537851	       38.6454348905	       52.9323820645	       67.1644072047	       36.8767457275	       25.2761407112	        6.5950969664	       11.5804051217	      317.4989125279	      388.8477489798	       78.8855202340	       46.5489911092	       60.0726464597	       12.9433019895	      117.2127155722	        6.1328042215	      184.6467320747	      129.4451583963	       21.8884890173	       85.2451872258	       35.1319624020	        0.0000000000	        0.0000000000	        0.0000000000	        0.0000000000	        0.0000000000	        0.0000000000	        0.0000000000	        0.0000000000	        0.0000000000	        0.0000000000	        0.0000000000	        0.0000000000	        0.0000000000	        0.0000000000	        0.0000000000	        0.0000000000	        0.0000000000	        0.0000000000	        0.0000000000	        0.0000000000	        0.0000000000	        0.0000000000	        0.0000000000	        0.0000000000	        0.0000000000	        0.0000000000	        0.0000000000	        0.0000000000	        0.0000000000	        0.0000000000	        0.0000000000	        0.0000000000	        0.0000000000	        0.0000000000	        0.0000000000	        0.0000000000	        0.0000000000	        0.0000000000	        0.0000000000	        0.0000000000	        0.0000000000	        0.0000000000	        0.0000000000	        0.0000000000	        0.0000000000	        0.0000000000	        0.0000000000	        0.0000000000	        0.0000000000	        0.0000000000	        0.0000000000	        0.0000000000	        0.0000000000	        0.0000000000	        0.0000000000	        0.0000000000	        0.0000000000	        0.0000000000	        0.0000000000	        0.0000000000	        0.0000000000	        0.0000000000	        0.0000000000	        0.0124570358	        0.0092039912	       -0.0934997395	        0.0026817770	        0.0237809177	        0.0000000000	        0.0000000000	        0.0000000000	        0.0000000000	        0.0000000000	        0.0000000000	        0.0000000000	        0.0000000000	        0.0000000000	        0.0000000000	        0.0000000000	        0.0000000000	        0.0000000000	        0.0000000000	        0.0000000000	        0.0000000000	        0.0000000000	        0.0000000000	        0.0000000000	        0.0000000000	        0.0000000000	        0.0000000000	        0.0000000000	        0.0000000000	        0.0000000000	        0.0000000000	        0.0000000000	        0.0000000000	        0.0000000000	        0.0000000000	        0.0000000000	        0.0000000000	        0.0000000000	        0.0000000000	        0.0000000000	        0.0000000000	        0.0000000000	        0.0000000000	        0.0000000000	
        2.0100000000	       59.8351640618	      126.3681738584	        8.2646637550	        7.7594761113	       42.9113601665	       65.5192807303	       90.2206262951	       72.4649494813	       70.5481916047	       20.1669089617	        5.6878792216	        8.8694128653	       23.8677121521	       35.1884621343	       21.1552006711	       54.8639491270	       53.7605440067	       32.3755984363	       26.6667248205	       32.8622697159	       39.0608798258	       53.4186162401	       67.8414462256	       35.3659887221	       26.0218052301	        6.3707524006	       11.4317174114	      316.7946098790	      393.3759863100	       69.8149254076	       47.1828210650	       65.3693920875	       13.4490335467	      106.7060234722	        5.9004293292	      186.6286634487	      128.9954138095	       19.9661476162	       75.4961949252	       31.8870545160	        0.0000000000	        0.0000000000	        0.0000000000	        0.0000000000	        0.0000000000	        0.0000000000	        0.0000000000	        0.0000000000	        0.0000000000	        0.0000000000	        0.0000000000	        0.0000000000	        0.0000000000	        0.0000000000	        0.0000000000	        0.0000000000	        0.0000000000	        0.0000000000	        0.0000000000	        0.0000000000	        0.0000000000	        0.0000000000	        0.0000000000	        0.0000000000	        0.0000000000	        0.0000000000	        0.0000000000	        0.0000000000	        0.0000000000	        0.0000000000	        0.0000000000	        0.0000000000	        0.0000000000	        0.0000000000	        0.0000000000	        0.0000000000	        0.0000000000	        0.0000000000	        0.0000000000	        0.0000000000	        0.0000000000	        0.0000000000	        0.0000000000	        0.0000000000	        0.0000000000	        0.0000000000	        0.0000000000	        0.0000000000	        0.0000000000	        0.0000000000	        0.0000000000	        0.0000000000	        0.0000000000	        0.0000000000	        0.0000000000	        0.0000000000	        0.0000000000	        0.0000000000	        0.0000000000	        0.0000000000	        0.0000000000	        0.0000000000	        0.0000000000	        0.0170622119	       -0.0018869765	       -0.0813397288	        0.0126072544	        0.0305739036	        0.0000000000	        0.0000000000	        0.0000000000	        0.0000000000	        0.0000000000	        0.0000000000	        0.0000000000	        0.0000000000	        0.0000000000	        0.0000000000	        0.0000000000	        0.0000000000	        0.0000000000	        0.0000000000	        0.0000000000	        0.0000000000	        0.0000000000	        0.0000000000	        0.0000000000	        0.0000000000	        0.0000000000	        0.0000000000	        0.0000000000	        0.0000000000	        0.0000000000	        0.0000000000	        0.0000000000	        0.0000000000	        0.0000000000	        0.0000000000	        0.0000000000	        0.0000000000	        0.0000000000	        0.0000000000	        0.0000000000	        0.0000000000	        0.0000000000	        0.0000000000	        0.0000000000	
        2.0200000000	       57.0701562548	      120.3480321741	        7.8064787078	        7.2717457460	       40.9274660531	       63.7696575495	       98.6563411115	       78.7616092815	       69.2535186289	       19.3768962565	        5.5547948657	        8.8272711954	       25.3670746367	       38.8318958623	       20.0364511890	       52.6996350135	       51.4290372027	       32.5940597644	       26.4888747790	       32.4713421117	       39.4815385119	       53.8630486231	       68.3966945674	       33.6517039881	       26.7923406812	        6.1618933974	       11.3862830531	      315.0698695126	      395.8607501201	       60.8196779435	       47.5765735148	       70.6000369726	       14.1058119283	       97.6910508990	        5.7335775055	      187.1422728670	      128.5874597831	       18.2043759108	       67.1319854720	       28.9736013149	        0.0000000000	        0.0000000000	        0.0000000000	        0.0000000000	        0.0000000000	        0.0000000000	        0.0000000000	        0.0000000000	        0.0000000000	        0.0000000000	        0.0000000000	        0.0000000000	        0.0000000000	        0.0000000000	        0.0000000000	        0.0000000000	        0.0000000000	        0.0000000000	        0.0000000000	        0.0000000000	        0.0000000000	        0.0000000000	        0.0000000000	        0.0000000000	        0.0000000000	        0.0000000000	        0.0000000000	        0.0000000000	        0.0000000000	        0.0000000000	        0.0000000000	        0.0000000000	        0.0000000000	        0.0000000000	        0.0000000000	        0.0000000000	        0.0000000000	        0.0000000000	        0.0000000000	        0.0000000000	        0.0000000000	        0.0000000000	        0.0000000000	        0.0000000000	        0.0000000000	        0.0000000000	        0.0000000000	        0.0000000000	        0.0000000000	        0.0000000000	        0.0000000000	        0.0000000000	        0.0000000000	        0.0000000000	        0.0000000000	        0.0000000000	        0.0000000000	        0.0000000000	        0.0000000000	        0.0000000000	        0.0000000000	        0.0000000000	        0.0000000000	        0.0215583570	       -0.0132274063	       -0.0675752246	        0.0228440762	        0.0365832048	        0.0000000000	        0.0000000000	        0.0000000000	        0.0000000000	        0.0000000000	        0.0000000000	        0.0000000000	        0.0000000000	        0.0000000000	        0.0000000000	        0.0000000000	        0.0000000000	        0.0000000000	        0.0000000000	        0.0000000000	        0.0000000000	        0.0000000000	        0.0000000000	        0.0000000000	        0.0000000000	        0.0000000000	        0.0000000000	        0.0000000000	        0.0000000000	        0.0000000000	        0.0000000000	        0.0000000000	        0.0000000000	        0.0000000000	        0.0000000000	        0.0000000000	        0.0000000000	        0.0000000000	        0.0000000000	        0.0000000000	        0.0000000000	        0.0000000000	        0.0000000000	        0.0000000000	
        2.0300000000	       54.1155451201	      114.0162842539	        7.4413130027	        6.8904010358	       39.0411497032	       62.0577374832	      108.2364107924	       86.0899798008	       67.5120566278	       18.4820656715	        5.4527473404	        8.8365601245	       27.0815217410	       43.0379215462	       19.1969993712	       51.1944231281	       49.6678000385	       33.1859543545	       26.4633082155	       32.2579515179	       39.9211827525	       54.2622204301	       68.8357875200	       31.8579997394	       27.3625900649	        5.9980078370	       11.3976867841	      312.5202456819	      395.5484994530	       52.6936319344	       47.6931766311	       76.2182975144	       15.0414755356	       90.0258163669	        5.6339791173	      186.1932326386	      128.2448956201	       16.6769676308	       60.4271345596	       26.5221203736	        0.0000000000	        0.0000000000	        0.0000000000	        0.0000000000	        0.0000000000	        0.0000000000	        0.0000000000	        0.0000000000	        0.0000000000	        0.0000000000	        0.0000000000	        0.0000000000	        0.0000000000	        0.0000000000	        0.0000000000	        0.0000000000	        0.0000000000	        0.0000000000	        0.0000000000	        0.0000000000	        0.0000000000	        0.0000000000	        0.0000000000	        0.0000000000	        0.0000000000	        0.0000000000	        0.0000000000	        0.0000000000	        0.0000000000	        0.0000000000	        0.0000000000	        0.0000000000	        0.0000000000	        0.0000000000	        0.0000000000	        0.0000000000	        0.0000000000	        0.0000000000	        0.0000000000	        0.0000000000	        0.0000000000	        0.0000000000	        0.0000000000	        0.0000000000	        0.0000000000	        0.0000000000	        0.0000000000	        0.0000000000	        0.0000000000	        0.0000000000	        0.0000000000	        0.0000000000	        0.0000000000	        0.0000000000	        0.0000000000	        0.0000000000	        0.0000000000	        0.0000000000	        0.0000000000	        0.0000000000	        0.0000000000	        0.0000000000	        0.0000000000	        0.0255912401	       -0.0236141106	       -0.0575417975	        0.0319882998	        0.0418216824	        0.0000000000	        0.0000000000	        0.0000000000	        0.0000000000	        0.0000000000	        0.0000000000	        0.0000000000	        0.0000000000	        0.0000000000	        0.0000000000	        0.0000000000	        0.0000000000	        0.0000000000	        0.0000000000	        0.0000000000	        0.0000000000	        0.0000000000	        0.0000000000	        0.0000000000	        0.0000000000	        0.0000000000	        0.0000000000	        0.0000000000	        0.0000000000	        0.0000000000	        0.0000000000	        0.0000000000	        0.0000000000	        0.0000000000	        0.0000000000	        0.0000000000	        0.0000000000	        0.0000000000	        0.0000000000	        0.0000000000	        0.0000000000	        0.0000000000	        0.0000000000	        0.0000000000	
        2.0400000000	       51.0221418872	      107.4661942696	        7.1898767043	        6.6301617861	       37.3111769538	       60.5149859303	      119.6320149326	       94.6064354850	       65.4429691076	       17.5258633108	        5.4059978760	        8.8789646815	       29.0413042680	       47.7316343884	       18.7177602054	       50.5197654737	       48.5638261459	       34.3526984297	       26.6909281038	       32.3305638286	       40.3973664142	       54.6724551281	       69.1812353991	       30.0914911666	       27.5758851706	        5.8989815367	       11.4439921055	      309.3902679979	      392.6397838070	       45.7550756798	       47.5782245329	       82.4752369019	       16.3347053235	       83.3730991457	        5.6207622546	      183.8136927263	      127.9971975906	       15.4453055966	       55.5792002842	       24.6376853476	        0.0000000000	        0.0000000000	        0.0000000000	        0.0000000000	        0.0000000000	        0.0000000000	        0.0000000000	        0.0000000000	        0.0000000000	        0.0000000000	        0.0000000000	        0.0000000000	        0.0000000000	        0.0000000000	        0.0000000000	        0.0000000000	        0.0000000000	        0.0000000000	        0.0000000000	        0.0000000000	        0.0000000000	        0.0000000000	        0.0000000000	        0.0000000000	        0.0000000000	        0.0000000000	        0.0000000000	        0.0000000000	        0.0000000000	        0.0000000000	        0.0000000000	        0.0000000000	        0.0000000000	        0.0000000000	        0.0000000000	        0.0000000000	        0.0000000000	        0.0000000000	        0.0000000000	        0.0000000000	        0.0000000000	        0.0000000000	        0.0000000000	        0.0000000000	        0.0000000000	        0.0000000000	        0.0000000000	        0.0000000000	        0.0000000000	        0.0000000000	        0.0000000000	        0.0000000000	        0.0000000000	        0.0000000000	        0.0000000000	        0.0000000000	        0.0000000000	        0.0000000000	        0.0000000000	        0.0000000000	        0.0000000000	        0.0000000000	        0.0000000000	        0.0289137091	       -0.0319007923	       -0.0562699133	        0.0389680133	        0.0464248258	        0.0000000000	        0.0000000000	        0.0000000000	        0.0000000000	        0.0000000000	        0.0000000000	        0.0000000000	        0.0000000000	        0.0000000000	        0.0000000000	        0.0000000000	        0.0000000000	        0.0000000000	        0.0000000000	        0.0000000000	        0.0000000000	        0.0000000000	        0.0000000000	        0.0000000000	        0.0000000000	        0.0000000000	        0.0000000000	        0.0000000000	        0.0000000000	        0.0000000000	        0.0000000000	        0.0000000000	        0.0000000000	        0.0000000000	        0.0000000000	        0.0000000000	        0.0000000000	        0.0000000000	        0.0000000000	        0.0000000000	        0.0000000000	        0.0000000000	        0.0000000000	        0.0000000000	
        2.0500000000	       47.7391713776	      100.6027652858	        7.0666845405	        6.5065856188	       35.6782306437	       59.0311471669	      132.8286092830	      104.2942885738	       63.1834822550	       16.5719599702	        5.4098001757	        8.9427558022	       31.2477446008	       52.6092623250	       18.6006529920	       50.6836505919	       48.0632289612	       35.8889743396	       27.1028926399	       32.6292350097	       40.8759368742	       55.1048025704	       69.4214412541	       28.3620419074	       27.4084556961	        5.8563416200	       11.5117760303	      305.6338739062	      386.7929117271	       39.4887711681	       47.1819122783	       89.2580473639	       17.9741195060	       77.4464592062	        5.6678367998	      180.0789563820	      127.8672147485	       14.4950597591	       52.4092498920	       23.2792753246	        0.0000000000	        0.0000000000	        0.0000000000	        0.0000000000	        0.0000000000	        0.0000000000	        0.0000000000	        0.0000000000	        0.0000000000	        0.0000000000	        0.0000000000	        0.0000000000	        0.0000000000	        0.0000000000	        0.0000000000	        0.0000000000	        0.0000000000	        0.0000000000	        0.0000000000	        0.0000000000	        0.0000000000	        0.0000000000	        0.0000000000	        0.0000000000	        0.0000000000	        0.0000000000	        0.0000000000	        0.0000000000	        0.0000000000	        0.0000000000	        0.0000000000	        0.0000000000	        0.0000000000	        0.0000000000	        0.0000000000	        0.0000000000	        0.0000000000	        0.0000000000	        0.0000000000	        0.0000000000	        0.0000000000	        0.0000000000	        0.0000000000	        0.0000000000	        0.0000000000	        0.0000000000	        0.0000000000	        0.0000000000	        0.0000000000	        0.0000000000	        0.0000000000	        0.0000000000	        0.0000000000	        0.0000000000	        0.0000000000	        0.0000000000	        0.0000000000	        0.0000000000	        0.0000000000	        0.0000000000	        0.0000000000	        0.0000000000	        0.0000000000	        0.0312319142	       -0.0378376292	       -0.0596827749	        0.0436136582	        0.0499361332	        0.0000000000	        0.0000000000	        0.0000000000	        0.0000000000	        0.0000000000	        0.0000000000	        0.0000000000	        0.0000000000	        0.0000000000	        0.0000000000	        0.0000000000	        0.0000000000	        0.0000000000	        0.0000000000	        0.0000000000	        0.0000000000	        0.0000000000	        0.0000000000	        0.0000000000	        0.0000000000	        0.0000000000	        0.0000000000	        0.0000000000	        0.0000000000	        0.0000000000	        0.0000000000	        0.0000000000	        0.0000000000	        0.0000000000	        0.0000000000	        0.0000000000	        0.0000000000	        0.0000000000	        0.0000000000	        0.0000000000	        0.0000000000	        0.0000000000	        0.0000000000	        0.0000000000	
        2.0600000000	       44.2450366688	       93.4031207238	        7.0829375721	        6.5266992618	       34.0907134131	       57.4967121803	      147.5284068705	      115.0205409748	       60.9142023796	       15.6756965734	        5.4576688259	        9.0181178195	       33.6598070285	       57.5291175053	       18.8276121166	       51.6451244136	       48.0995718848	       37.5844297078	       27.6182907718	       33.0793871203	       41.3290786944	       55.5077011993	       69.5629785193	       26.6859805890	       26.9210772736	        5.8605441311	       11.5903055365	      301.2896395217	      377.5957797726	       33.4179809213	       46.4931898879	       96.3563158872	       19.9163905511	       72.1413593785	        5.7484925828	      175.4860602907	      127.8662556347	       13.8019414617	       50.6148898199	       22.3743306094	        0.0000000000	        0.0000000000	        0.0000000000	        0.0000000000	        0.0000000000	        0.0000000000	        0.0000000000	        0.0000000000	        0.0000000000	        0.0000000000	        0.0000000000	        0.0000000000	        0.0000000000	        0.0000000000	        0.0000000000	        0.0000000000	        0.0000000000	        0.0000000000	        0.0000000000	        0.0000000000	        0.0000000000	        0.0000000000	        0.0000000000	        0.0000000000	        0.0000000000	        0.0000000000	        0.0000000000	        0.0000000000	        0.0000000000	        0.0000000000	        0.0000000000	        0.0000000000	        0.0000000000	        0.0000000000	        0.0000000000	        0.0000000000	        0.0000000000	        0.0000000000	        0.0000000000	        0.0000000000	        0.0000000000	        0.0000000000	        0.0000000000	        0.0000000000	        0.0000000000	        0.0000000000	        0.0000000000	        0.0000000000	        0.0000000000	        0.0000000000	        0.0000000000	        0.0000000000	        0.0000000000	        0.0000000000	        0.0000000000	        0.0000000000	        0.0000000000	        0.0000000000	        0.0000000000	        0.0000000000	        0.0000000000	        0.0000000000	        0.0000000000	        0.0324727705	       -0.0415653321	       -0.0625057439	        0.0463069935	        0.0519987135	        0.0000000000	        0.0000000000	        0.0000000000	        0.0000000000	        0.0000000000	        0.0000000000	        0.0000000000	        0.0000000000	        0.0000000000	        0.0000000000	        0.0000000000	        0.0000000000	        0.0000000000	        0.0000000000	        0.0000000000	        0.0000000000	        0.0000000000	        0.0000000000	        0.0000000000	        0.0000000000	        0.0000000000	        0.0000000000	        0.0000000000	        0.0000000000	        0.0000000000	        0.0000000000	        0.0000000000	        0.0000000000	        0.0000000000	        0.0000000000	        0.0000000000	        0.0000000000	        0.0000000000	        0.0000000000	        0.0000000000	        0.0000000000	        0.0000000000	        0.0000000000	        0.0000000000	
        2.0700000000	       40.6833139141	       85.8894972028	        7.2627744509	        6.7057386642	       32.5658414163	       55.8276047841	      163.1798401432	      126.5472255460	       58.8225848091	       14.9447826450	        5.5364991652	        9.0960103880	       36.2210607591	       62.4914323640	       19.4028500495	       53.3225623306	       48.5798814290	       39.3915551767	       28.2152235214	       33.6566587454	       41.7449409157	       55.8701612133	       69.6383402186	       25.1478605624	       26.0147645468	        5.9254417475	       11.6699891462	      296.9460089216	      366.2751458664	       26.8039041904	       45.5669184013	      103.6405383767	       22.1466294048	       67.9534594814	        5.8677641824	      171.2339768506	      127.9925606542	       13.3739581789	       50.3856878603	       21.9307645614	        0.0000000000	        0.0000000000	        0.0000000000	        0.0000000000	        0.0000000000	        0.0000000000	        0.0000000000	        0.0000000000	        0.0000000000	        0.0000000000	        0.0000000000	        0.0000000000	        0.0000000000	        0.0000000000	        0.0000000000	        0.0000000000	        0.0000000000	        0.0000000000	        0.0000000000	        0.0000000000	        0.0000000000	        0.0000000000	        0.0000000000	        0.0000000000	        0.0000000000	        0.0000000000	        0.0000000000	        0.0000000000	        0.0000000000	        0.0000000000	        0.0000000000	        0.0000000000	        0.0000000000	        0.0000000000	        0.0000000000	        0.0000000000	        0.0000000000	        0.0000000000	        0.0000000000	        0.0000000000	        0.0000000000	        0.0000000000	        0.0000000000	        0.0000000000	        0.0000000000	        0.0000000000	        0.0000000000	        0.0000000000	        0.0000000000	        0.0000000000	        0.0000000000	        0.0000000000	        0.0000000000	        0.0000000000	        0.0000000000	        0.0000000000	        0.0000000000	        0.0000000000	        0.0000000000	        0.0000000000	        0.0000000000	        0.0000000000	        0.0000000000	        0.0328783673	       -0.0444186162	       -0.0616192627	        0.0484579911	        0.0520845785	        0.0000000000	        0.0000000000	        0.0000000000	        0.0000000000	        0.0000000000	        0.0000000000	        0.0000000000	        0.0000000000	        0.0000000000	        0.0000000000	        0.0000000000	        0.0000000000	        0.0000000000	        0.0000000000	        0.0000000000	        0.0000000000	        0.0000000000	        0.0000000000	        0.0000000000	        0.0000000000	        0.0000000000	        0.0000000000	        0.0000000000	        0.0000000000	        0.0000000000	        0.0000000000	        0.0000000000	        0.0000000000	        0.0000000000	        0.0000000000	        0.0000000000	        0.0000000000	        0.0000000000	        0.0000000000	        0.0000000000	        0.0000000000	        0.0000000000	        0.0000000000	        0.0000000000	
        2.0800000000	       37.6886729444	       79.7510575088	        7.6119087020	        6.9344951393	       31.0616167693	       53.2321111412	      180.0572314193	      138.5119795419	       57.1501368221	       14.2441328461	        5.7752286860	        9.1702082219	       38.8333822072	       66.2061102535	       20.1448668434	       54.4449841236	       48.3859915657	       41.3456122766	       28.8167237306	       34.2180687197	       42.0339540234	       56.1144814838	       69.5909975914	       24.1344089779	       22.5595477409	        6.2176326002	       11.7448902919	      293.4987656620	      346.5171301981	       24.0653178533	       44.3993279287	      112.1509426055	       24.8614847598	       68.2205138655	        5.8890331747	      169.9835075082	      128.2332459226	       13.1868218441	       49.0426869125	       21.3892440885	        0.0000000000	        0.0000000000	        0.0000000000	        0.0000000000	        0.0000000000	        0.0000000000	        0.0000000000	        0.0000000000	        0.0000000000	        0.0000000000	        0.0000000000	        0.0000000000	        0.0000000000	        0.0000000000	        0.0000000000	        0.0000000000	        0.0000000000	        0.0000000000	        0.0000000000	        0.0000000000	        0.0000000000	        0.0000000000	        0.0000000000	        0.0000000000	        0.0000000000	        0.0000000000	        0.0000000000	        0.0000000000	        0.0000000000	        0.0000000000	        0.0000000000	        0.0000000000	        0.0000000000	        0.0000000000	        0.0000000000	        0.0000000000	        0.0000000000	        0.0000000000	        0.0000000000	        0.0000000000	        0.0000000000	        0.0000000000	        0.0000000000	        0.0000000000	        0.0000000000	        0.0000000000	        0.0000000000	        0.0000000000	        0.0000000000	        0.0000000000	        0.0000000000	        0.0000000000	        0.0000000000	        0.0000000000	        0.0000000000	        0.0000000000	        0.0000000000	        0.0000000000	        0.0000000000	        0.0000000000	        0.0000000000	        0.0000000000	        0.0000000000	        0.0354200382	       -0.0536876296	       -0.0518521235	        0.0629507922	        0.0555815116	        0.0000000000	        0.0000000000	        0.0000000000	        0.0000000000	        0.0000000000	        0.0000000000	        0.0000000000	        0.0000000000	        0.0000000000	        0.0000000000	        0.0000000000	        0.0000000000	        0.0000000000	        0.0000000000	        0.0000000000	        0.0000000000	        0.0000000000	        0.0000000000	        0.0000000000	        0.0000000000	        0.0000000000	        0.0000000000	        0.0000000000	        0.0000000000	        0.0000000000	        0.0000000000	        0.0000000000	        0.0000000000	        0.0000000000	        0.0000000000	        0.0000000000	        0.0000000000	        0.0000000000	        0.0000000000	        0.0000000000	        0.0000000000	        0.0000000000	        0.0000000000	        0.0000000000	
        2.0900000000	       34.6663750521	       74.0640987368	        8.0674547549	        7.3065919599	       29.4954890940	       50.2888581371	      197.4482564454	      150.1421451628	       55.7004609290	       13.6865030617	        6.0115773508	        9.2369670695	       41.3020909618	       70.6170348134	       20.9663100586	       55.8364675054	       48.3665075079	       42.7879485281	       29.2069496732	       34.6088290993	       42.2984429573	       56.3353878483	       69.5431492157	       23.1342469632	       20.1244153969	        6.5128076354	       11.8111321220	      290.3592475416	      321.8741500042	       20.9881912370	       42.8220961964	      119.5629483544	       27.3630532449	       71.8067094505	        5.9269809308	      172.9704448260	      128.5610743611	       13.2475364112	       47.8908940802	       20.8464165697	        0.0000000000	        0.0000000000	        0.0000000000	        0.0000000000	        0.0000000000	        0.0000000000	        0.0000000000	        0.0000000000	        0.0000000000	        0.0000000000	        0.0000000000	        0.0000000000	        0.0000000000	        0.0000000000	        0.0000000000	        0.0000000000	        0.0000000000	        0.0000000000	        0.0000000000	        0.0000000000	        0.0000000000	        0.0000000000	        0.0000000000	        0.0000000000	        0.0000000000	        0.0000000000	        0.0000000000	        0.0000000000	        0.0000000000	        0.0000000000	        0.0000000000	        0.0000000000	        0.0000000000	        0.0000000000	        0.0000000000	        0.0000000000	        0.0000000000	        0.0000000000	        0.0000000000	        0.0000000000	        0.0000000000	        0.0000000000	        0.0000000000	        0.0000000000	        0.0000000000	        0.0000000000	        0.0000000000	        0.0000000000	        0.0000000000	        0.0000000000	        0.0000000000	        0.0000000000	        0.0000000000	        0.0000000000	        0.0000000000	        0.0000000000	        0.0000000000	        0.0000000000	        0.0000000000	        0.0000000000	        0.0000000000	        0.0000000000	        0.0000000000	        0.0365337170	       -0.0623879124	       -0.0412791737	        0.0797788429	        0.0696925129	        0.0000000000	        0.0000000000	        0.0000000000	        0.0000000000	        0.0000000000	        0.0000000000	        0.0000000000	        0.0000000000	        0.0000000000	        0.0000000000	        0.0000000000	        0.0000000000	        0.0000000000	        0.0000000000	        0.0000000000	        0.0000000000	        0.0000000000	        0.0000000000	        0.0000000000	        0.0000000000	        0.0000000000	        0.0000000000	        0.0000000000	        0.0000000000	        0.0000000000	        0.0000000000	        0.0000000000	        0.0000000000	        0.0000000000	        0.0000000000	        0.0000000000	        0.0000000000	        0.0000000000	        0.0000000000	        0.0000000000	        0.0000000000	        0.0000000000	        0.0000000000	        0.0000000000	
        2.1000000000	       31.6806339955	       68.5748975770	        8.5889788925	        7.7833123953	       27.9727014473	       47.3533871263	      214.8137690064	      161.0783612922	       54.7498363810	       13.3984426207	        6.2095440509	        9.2878058653	       43.6199339768	       75.5034777625	       21.8615244657	       57.5905825727	       48.6605342850	       43.8778318153	       29.4821016571	       34.9237238620	       42.5852443833	       56.5950079438	       69.5880269228	       22.1573597114	       18.6126546194	        6.7851498930	       11.8627944145	      287.5658749209	      296.8571256198	       17.4302972708	       41.0596146704	      125.7881313522	       29.6289835539	       77.5256752586	        6.0140296627	      179.1263153182	      128.9464452554	       13.5053391837	       47.2396149442	       20.5380572558	        0.0000000000	        0.0000000000	        0.0000000000	        0.0000000000	        0.0000000000	        0.0000000000	        0.0000000000	        0.0000000000	        0.0000000000	        0.0000000000	        0.0000000000	        0.0000000000	        0.0000000000	        0.0000000000	        0.0000000000	        0.0000000000	        0.0000000000	        0.0000000000	        0.0000000000	        0.0000000000	        0.0000000000	        0.0000000000	        0.0000000000	        0.0000000000	        0.0000000000	        0.0000000000	        0.0000000000	        0.0000000000	        0.0000000000	        0.0000000000	        0.0000000000	        0.0000000000	        0.0000000000	        0.0000000000	        0.0000000000	        0.0000000000	        0.0000000000	        0.0000000000	        0.0000000000	        0.0000000000	        0.0000000000	        0.0000000000	        0.0000000000	        0.0000000000	        0.0000000000	        0.0000000000	        0.0000000000	        0.0000000000	        0.0000000000	        0.0000000000	        0.0000000000	        0.0000000000	        0.0000000000	        0.0000000000	        0.0000000000	        0.0000000000	        0.0000000000	        0.0000000000	        0.0000000000	        0.0000000000	        0.0000000000	        0.0000000000	        0.0000000000	        0.0359423101	       -0.0685371548	       -0.0329633963	        0.0947842009	        0.0842278621	        0.0000000000	        0.0000000000	        0.0000000000	        0.0000000000	        0.0000000000	        0.0000000000	        0.0000000000	        0.0000000000	        0.0000000000	        0.0000000000	        0.0000000000	        0.0000000000	        0.0000000000	        0.0000000000	        0.0000000000	        0.0000000000	        0.0000000000	        0.0000000000	        0.0000000000	        0.0000000000	        0.0000000000	        0.0000000000	        0.0000000000	        0.0000000000	        0.0000000000	        0.0000000000	        0.0000000000	        0.0000000000	        0.0000000000	        0.0000000000	        0.0000000000	        0.0000000000	        0.0000000000	        0.0000000000	        0.0000000000	        0.0000000000	        0.0000000000	        0.0000000000	        0.0000000000	
        2.1100000000	       29.0172568260	       63.6038229234	        9.1335813263	        8.2829289496	       26.6822206708	       44.8174420548	      231.8893204232	      171.1619978508	       54.2630158544	       13.2609111735	        6.4181185824	        9.4426336335	       45.7581176602	       79.9817258099	       22.8341042728	       59.6277813854	       49.2356444488	       45.0528982958	       29.8336968352	       35.3308087829	       42.9432208565	       56.9601447405	       69.8224374820	       21.3631564700	       17.2998794813	        7.0717712658	       12.0233502630	      285.6859769632	      275.1811518833	       14.2258275727	       39.6471618740	      130.9840590103	       31.7216355910	       83.5882558786	        6.1751003033	      186.3482748190	      129.3390376171	       13.9225709249	       47.1610990106	       20.7283635128	        0.0000000000	        0.0000000000	        0.0000000000	        0.0000000000	        0.0000000000	        0.0000000000	        0.0000000000	        0.0000000000	        0.0000000000	        0.0000000000	        0.0000000000	        0.0000000000	        0.0000000000	        0.0000000000	        0.0000000000	        0.0000000000	        0.0000000000	        0.0000000000	        0.0000000000	        0.0000000000	        0.0000000000	        0.0000000000	        0.0000000000	        0.0000000000	        0.0000000000	        0.0000000000	        0.0000000000	        0.0000000000	        0.0000000000	        0.0000000000	        0.0000000000	        0.0000000000	        0.0000000000	        0.0000000000	        0.0000000000	        0.0000000000	        0.0000000000	        0.0000000000	        0.0000000000	        0.0000000000	        0.0000000000	        0.0000000000	        0.0000000000	        0.0000000000	        0.0000000000	        0.0000000000	        0.0000000000	        0.0000000000	        0.0000000000	        0.0000000000	        0.0000000000	        0.0000000000	        0.0000000000	        0.0000000000	        0.0000000000	        0.0000000000	        0.0000000000	        0.0000000000	        0.0000000000	        0.0000000000	        0.0000000000	        0.0000000000	        0.0000000000	        0.0353682817	       -0.0731918802	       -0.0294409931	        0.1082467514	        0.0929739638	        0.0000000000	        0.0000000000	        0.0000000000	        0.0000000000	        0.0000000000	        0.0000000000	        0.0000000000	        0.0000000000	        0.0000000000	        0.0000000000	        0.0000000000	        0.0000000000	        0.0000000000	        0.0000000000	        0.0000000000	        0.0000000000	        0.0000000000	        0.0000000000	        0.0000000000	        0.0000000000	        0.0000000000	        0.0000000000	        0.0000000000	        0.0000000000	        0.0000000000	        0.0000000000	        0.0000000000	        0.0000000000	        0.0000000000	        0.0000000000	        0.0000000000	        0.0000000000	        0.0000000000	        0.0000000000	        0.0000000000	        0.0000000000	        0.0000000000	        0.0000000000	        0.0000000000	
        2.1200000000	       26.8457685578	       59.4636151826	        9.6884241296	        8.7824962518	       25.7274137175	       42.8787969255	      247.4815386010	      180.0811904353	       54.3520126562	       13.3071368995	        6.6531668581	        9.9728594825	       47.6315859025	       83.8030782313	       23.8308971102	       61.8596597758	       50.1181852731	       46.3048793667	       30.2590823922	       35.8141380833	       43.3982848715	       57.4626956060	       70.2956256711	       20.8102276370	       16.2635533662	        7.3790200669	       12.6464943292	      285.0797120747	      258.4519340726	       11.7307905464	       38.7517209341	      134.9497372911	       33.6136282620	       89.2687219747	        6.4310870537	      193.7164693673	      129.9692757341	       14.4725055598	       47.6067850939	       21.2643565753	        0.0000000000	        0.0000000000	        0.0000000000	        0.0000000000	        0.0000000000	        0.0000000000	        0.0000000000	        0.0000000000	        0.0000000000	        0.0000000000	        0.0000000000	        0.0000000000	        0.0000000000	        0.0000000000	        0.0000000000	        0.0000000000	        0.0000000000	        0.0000000000	        0.0000000000	        0.0000000000	        0.0000000000	        0.0000000000	        0.0000000000	        0.0000000000	        0.0000000000	        0.0000000000	        0.0000000000	        0.0000000000	        0.0000000000	        0.0000000000	        0.0000000000	        0.0000000000	        0.0000000000	        0.0000000000	        0.0000000000	        0.0000000000	        0.0000000000	        0.0000000000	        0.0000000000	        0.0000000000	        0.0000000000	        0.0000000000	        0.0000000000	        0.0000000000	        0.0000000000	        0.0000000000	        0.0000000000	        0.0000000000	        0.0000000000	        0.0000000000	        0.0000000000	        0.0000000000	        0.0000000000	        0.0000000000	        0.0000000000	        0.0000000000	        0.0000000000	        0.0000000000	        0.0000000000	        0.0000000000	        0.0000000000	        0.0000000000	        0.0000000000	        0.0351281071	       -0.0760758003	       -0.0303253535	        0.1186014353	        0.0991183785	        0.0000000000	        0.0000000000	        0.0000000000	        0.0000000000	        0.0000000000	        0.0000000000	        0.0000000000	        0.0000000000	        0.0000000000	        0.0000000000	        0.0000000000	        0.0000000000	        0.0000000000	        0.0000000000	        0.0000000000	        0.0000000000	        0.0000000000	        0.0000000000	        0.0000000000	        0.0000000000	        0.0000000000	        0.0000000000	        0.0000000000	        0.0000000000	        0.0000000000	        0.0000000000	        0.0000000000	        0.0000000000	        0.0000000000	        0.0000000000	        0.0000000000	        0.0000000000	        0.0000000000	        0.0000000000	        0.0000000000	        0.0000000000	        0.0000000000	        0.0000000000	        0.0000000000	
        2.1300000000	       25.2215234735	       56.2688102101	       10.2116596774	        9.2471081646	       25.1034559803	       41.5342767666	      260.1313739674	      187.3970123173	       55.0987743777	       13.5404997755	        6.8950418232	       10.5474135725	       49.1629229593	       86.7169300455	       24.7229658313	       63.9834278016	       51.1762635113	       47.3316430758	       30.6335684198	       36.2384790064	       43.9265617424	       58.0774749615	       70.9931014730	       20.4606157346	       15.5177554163	        7.6738181795	       13.3415577766	      285.4335264176	      247.0462444536	       10.0077239431	       38.3005729173	      137.2874051645	       35.1502523686	       93.9836808066	        6.7472911388	      200.0772503452	      131.2152569417	       15.1267433522	       48.3232974199	       21.9969137375	        0.0000000000	        0.0000000000	        0.0000000000	        0.0000000000	        0.0000000000	        0.0000000000	        0.0000000000	        0.0000000000	        0.0000000000	        0.0000000000	        0.0000000000	        0.0000000000	        0.0000000000	        0.0000000000	        0.0000000000	        0.0000000000	        0.0000000000	        0.0000000000	        0.0000000000	        0.0000000000	        0.0000000000	        0.0000000000	        0.0000000000	        0.0000000000	        0.0000000000	        0.0000000000	        0.0000000000	        0.0000000000	        0.0000000000	        0.0000000000	        0.0000000000	        0.0000000000	        0.0000000000	        0.0000000000	        0.0000000000	        0.0000000000	        0.0000000000	        0.0000000000	        0.0000000000	        0.0000000000	        0.0000000000	        0.0000000000	        0.0000000000	        0.0000000000	        0.0000000000	        0.0000000000	        0.0000000000	        0.0000000000	        0.0000000000	        0.0000000000	        0.0000000000	        0.0000000000	        0.0000000000	        0.0000000000	        0.0000000000	        0.0000000000	        0.0000000000	        0.0000000000	        0.0000000000	        0.0000000000	        0.0000000000	        0.0000000000	        0.0000000000	        0.0351164269	       -0.0765603827	       -0.0326105440	        0.1251788480	        0.1036390044	        0.0000000000	        0.0000000000	        0.0000000000	        0.0000000000	        0.0000000000	        0.0000000000	        0.0000000000	        0.0000000000	        0.0000000000	        0.0000000000	        0.0000000000	        0.0000000000	        0.0000000000	        0.0000000000	        0.0000000000	        0.0000000000	        0.0000000000	        0.0000000000	        0.0000000000	        0.0000000000	        0.0000000000	        0.0000000000	        0.0000000000	        0.0000000000	        0.0000000000	        0.0000000000	        0.0000000000	        0.0000000000	        0.0000000000	        0.0000000000	        0.0000000000	        0.0000000000	        0.0000000000	        0.0000000000	        0.0000000000	        0.0000000000	        0.0000000000	        0.0000000000	        0.0000000000	
        2.1400000000	       24.1641551127	       54.0578019300	       10.6254602580	        9.6139953231	       24.7559479199	       40.6942462685	      268.6083628724	      192.6407946211	       56.3964487849	       13.9178504073	        7.0901652069	       10.9754372965	       50.2341714410	       88.3676766359	       25.3373489870	       65.5786129572	       52.1629109091	       47.7437614455	       30.8042963918	       36.4419907538	       44.4819374913	       58.7521860082	       71.8676453353	       20.2210436546	       15.0554478731	        7.8919924755	       13.8696844890	      286.0303604663	      240.5685683354	        8.9828288934	       38.1244347064	      137.4374109914	       36.0481834470	       97.0291517286	        7.0491778964	      203.9932851568	      132.2170154370	       15.8487146776	       48.9971384680	       22.8331839751	        0.0000000000	        0.0000000000	        0.0000000000	        0.0000000000	        0.0000000000	        0.0000000000	        0.0000000000	        0.0000000000	        0.0000000000	        0.0000000000	        0.0000000000	        0.0000000000	        0.0000000000	        0.0000000000	        0.0000000000	        0.0000000000	        0.0000000000	        0.0000000000	        0.0000000000	        0.0000000000	        0.0000000000	        0.0000000000	        0.0000000000	        0.0000000000	        0.0000000000	        0.0000000000	        0.0000000000	        0.0000000000	        0.0000000000	        0.0000000000	        0.0000000000	        0.0000000000	        0.0000000000	        0.0000000000	        0.0000000000	        0.0000000000	        0.0000000000	        0.0000000000	        0.0000000000	        0.0000000000	        0.0000000000	        0.0000000000	        0.0000000000	        0.0000000000	        0.0000000000	        0.0000000000	        0.0000000000	        0.0000000000	        0.0000000000	        0.0000000000	        0.0000000000	        0.0000000000	        0.0000000000	        0.0000000000	        0.0000000000	        0.0000000000	        0.0000000000	        0.0000000000	        0.0000000000	        0.0000000000	        0.0000000000	        0.0000000000	        0.0000000000	        0.0350073556	       -0.0744470513	       -0.0340729629	        0.1285182360	        0.1053089873	        0.0000000000	        0.0000000000	        0.0000000000	        0.0000000000	        0.0000000000	        0.0000000000	        0.0000000000	        0.0000000000	        0.0000000000	        0.0000000000	        0.0000000000	        0.0000000000	        0.0000000000	        0.0000000000	        0.0000000000	        0.0000000000	        0.0000000000	        0.0000000000	        0.0000000000	        0.0000000000	        0.0000000000	        0.0000000000	        0.0000000000	        0.0000000000	        0.0000000000	        0.0000000000	        0.0000000000	        0.0000000000	        0.0000000000	        0.0000000000	        0.0000000000	        0.0000000000	        0.0000000000	        0.0000000000	        0.0000000000	        0.0000000000	        0.0000000000	        0.0000000000	        0.0000000000	
        2.1500000000	       23.6808972130	       52.8537519995	       10.8772052825	        9.8410575930	       24.6472958091	       40.2978477281	      271.3219047122	      195.5400056012	       58.0182073663	       14.3913974445	        7.1938583347	       11.1716393004	       50.6930991365	       88.4869412124	       25.5597643877	       66.3859408916	       52.9302164633	       47.2202606306	       30.6563888278	       36.3091367798	       45.0243754055	       59.4406779347	       72.8727324589	       20.0259562013	       14.8629765468	        7.9880613593	       14.1270464538	      286.0982206739	      238.7242372711	        8.5384535757	       38.0819304422	      135.1140058995	       36.1488905023	       97.9123355139	        7.2611348930	      204.5165753202	      132.6710569594	       16.5967698347	       49.4300635068	       23.7120315470	        0.0000000000	        0.0000000000	        0.0000000000	        0.0000000000	        0.0000000000	        0.0000000000	        0.0000000000	        0.0000000000	        0.0000000000	        0.0000000000	        0.0000000000	        0.0000000000	        0.0000000000	        0.0000000000	        0.0000000000	        0.0000000000	        0.0000000000	        0.0000000000	        0.0000000000	        0.0000000000	        0.0000000000	        0.0000000000	        0.0000000000	        0.0000000000	        0.0000000000	        0.0000000000	        0.0000000000	        0.0000000000	        0.0000000000	        0.0000000000	        0.0000000000	        0.0000000000	        0.0000000000	        0.0000000000	        0.0000000000	        0.0000000000	        0.0000000000	        0.0000000000	        0.0000000000	        0.0000000000	        0.0000000000	        0.0000000000	        0.0000000000	        0.0000000000	        0.0000000000	        0.0000000000	        0.0000000000	        0.0000000000	        0.0000000000	        0.0000000000	        0.0000000000	        0.0000000000	        0.0000000000	        0.0000000000	        0.0000000000	        0.0000000000	        0.0000000000	        0.0000000000	        0.0000000000	        0.0000000000	        0.0000000000	        0.0000000000	        0.0000000000	        0.0344751794	       -0.0694557913	       -0.0345228669	        0.1286107081	        0.1031074795	        0.0000000000	        0.0000000000	        0.0000000000	        0.0000000000	        0.0000000000	        0.0000000000	        0.0000000000	        0.0000000000	        0.0000000000	        0.0000000000	        0.0000000000	        0.0000000000	        0.0000000000	        0.0000000000	        0.0000000000	        0.0000000000	        0.0000000000	        0.0000000000	        0.0000000000	        0.0000000000	        0.0000000000	        0.0000000000	        0.0000000000	        0.0000000000	        0.0000000000	        0.0000000000	        0.0000000000	        0.0000000000	        0.0000000000	        0.0000000000	        0.0000000000	        0.0000000000	        0.0000000000	        0.0000000000	        0.0000000000	        0.0000000000	        0.0000000000	        0.0000000000	        0.0000000000	
        2.1600000000	       23.8167715146	       52.7508940450	       10.9256486277	        9.8922345101	       24.7823741292	       40.3563217383	      267.0290987971	      195.9870224595	       59.7041424069	       14.9091137602	        7.1765318207	       11.0850146934	       50.4295345302	       86.8808491771	       25.3149293708	       66.2505117204	       53.4038344089	       45.6073397021	       30.1402789534	       35.7888743776	       45.5305899439	       60.1137650243	       73.9751305567	       19.8415411961	       14.9532650190	        7.9338603593	       14.0508137439	      285.2050175505	      241.4825235612	        8.5920953516	       38.0928856993	      130.0929352968	       35.3438295566	       96.4347363647	        7.3212405128	      201.1716839233	      132.4430236014	       17.3339469482	       49.5816463489	       24.5927229764	        0.0000000000	        0.0000000000	        0.0000000000	        0.0000000000	        0.0000000000	        0.0000000000	        0.0000000000	        0.0000000000	        0.0000000000	        0.0000000000	        0.0000000000	        0.0000000000	        0.0000000000	        0.0000000000	        0.0000000000	        0.0000000000	        0.0000000000	        0.0000000000	        0.0000000000	        0.0000000000	        0.0000000000	        0.0000000000	        0.0000000000	        0.0000000000	        0.0000000000	        0.0000000000	        0.0000000000	        0.0000000000	        0.0000000000	        0.0000000000	        0.0000000000	        0.0000000000	        0.0000000000	        0.0000000000	        0.0000000000	        0.0000000000	        0.0000000000	        0.0000000000	        0.0000000000	        0.0000000000	        0.0000000000	        0.0000000000	        0.0000000000	        0.0000000000	        0.0000000000	        0.0000000000	        0.0000000000	        0.0000000000	        0.0000000000	        0.0000000000	        0.0000000000	        0.0000000000	        0.0000000000	        0.0000000000	        0.0000000000	        0.0000000000	        0.0000000000	        0.0000000000	        0.0000000000	        0.0000000000	        0.0000000000	        0.0000000000	        0.0000000000	        0.0332462613	       -0.0612324298	       -0.0349498362	        0.1245274897	        0.0958713215	        0.0000000000	        0.0000000000	        0.0000000000	        0.0000000000	        0.0000000000	        0.0000000000	        0.0000000000	        0.0000000000	        0.0000000000	        0.0000000000	        0.0000000000	        0.0000000000	        0.0000000000	        0.0000000000	        0.0000000000	        0.0000000000	        0.0000000000	        0.0000000000	        0.0000000000	        0.0000000000	        0.0000000000	        0.0000000000	        0.0000000000	        0.0000000000	        0.0000000000	        0.0000000000	        0.0000000000	        0.0000000000	        0.0000000000	        0.0000000000	        0.0000000000	        0.0000000000	        0.0000000000	        0.0000000000	        0.0000000000	        0.0000000000	        0.0000000000	        0.0000000000	        0.0000000000	
        2.1700000000	       24.6981319539	       53.9467014943	       10.7364413389	        9.7332569077	       25.2385877805	       40.9978679535	      255.0412750725	      194.0319316710	       61.1607977864	       15.4185064245	        7.0296496044	       10.6906046089	       49.3844713036	       83.5253008029	       24.5654499673	       65.1233931909	       53.6018577201	       43.0150553271	       29.2961153519	       34.9160542731	       46.0071203503	       60.7722415454	       75.1699667087	       19.6708077782	       15.3912988476	        7.7189480077	       13.6077184825	      283.7290449615	      249.7804917767	        9.1703977554	       38.1589975550	      122.5035935191	       33.5668811667	       92.4674552947	        7.2001544764	      193.8323338086	      131.4560041515	       18.0356658797	       49.7786189366	       25.4505040421	        0.0000000000	        0.0000000000	        0.0000000000	        0.0000000000	        0.0000000000	        0.0000000000	        0.0000000000	        0.0000000000	        0.0000000000	        0.0000000000	        0.0000000000	        0.0000000000	        0.0000000000	        0.0000000000	        0.0000000000	        0.0000000000	        0.0000000000	        0.0000000000	        0.0000000000	        0.0000000000	        0.0000000000	        0.0000000000	        0.0000000000	        0.0000000000	        0.0000000000	        0.0000000000	        0.0000000000	        0.0000000000	        0.0000000000	        0.0000000000	        0.0000000000	        0.0000000000	        0.0000000000	        0.0000000000	        0.0000000000	        0.0000000000	        0.0000000000	        0.0000000000	        0.0000000000	        0.0000000000	        0.0000000000	        0.0000000000	        0.0000000000	        0.0000000000	        0.0000000000	        0.0000000000	        0.0000000000	        0.0000000000	        0.0000000000	        0.0000000000	        0.0000000000	        0.0000000000	        0.0000000000	        0.0000000000	        0.0000000000	        0.0000000000	        0.0000000000	        0.0000000000	        0.0000000000	        0.0000000000	        0.0000000000	        0.0000000000	        0.0000000000	        0.0308795146	       -0.0493008768	       -0.0371218812	        0.1145282724	        0.0819026408	        0.0000000000	        0.0000000000	        0.0000000000	        0.0000000000	        0.0000000000	        0.0000000000	        0.0000000000	        0.0000000000	        0.0000000000	        0.0000000000	        0.0000000000	        0.0000000000	        0.0000000000	        0.0000000000	        0.0000000000	        0.0000000000	        0.0000000000	        0.0000000000	        0.0000000000	        0.0000000000	        0.0000000000	        0.0000000000	        0.0000000000	        0.0000000000	        0.0000000000	        0.0000000000	        0.0000000000	        0.0000000000	        0.0000000000	        0.0000000000	        0.0000000000	        0.0000000000	        0.0000000000	        0.0000000000	        0.0000000000	        0.0000000000	        0.0000000000	        0.0000000000	        0.0000000000	
        2.1800000000	       26.6709911024	       57.1129577052	       10.2856637110	        9.3139182717	       26.2819345712	       42.6594095431	      235.4707300535	      189.9827350748	       62.0941607640	       15.8326530525	        6.7489985602	        9.9883991036	       47.5535754406	       78.2953807644	       23.3037754827	       63.0628778623	       53.7360085593	       39.9917652395	       28.2893558411	       33.8518902109	       46.5356731332	       61.4893606809	       76.5172808323	       19.6256756962	       16.3676153183	        7.3627324169	       12.7916448691	      283.4973433069	      264.1967241923	       10.5242657400	       38.5105738378	      112.3390793697	       30.7712580968	       86.5579575577	        6.9416598227	      183.0356815900	      129.5684094362	       18.6895765676	       50.2762095401	       26.2715637044	        0.0000000000	        0.0000000000	        0.0000000000	        0.0000000000	        0.0000000000	        0.0000000000	        0.0000000000	        0.0000000000	        0.0000000000	        0.0000000000	        0.0000000000	        0.0000000000	        0.0000000000	        0.0000000000	        0.0000000000	        0.0000000000	        0.0000000000	        0.0000000000	        0.0000000000	        0.0000000000	        0.0000000000	        0.0000000000	        0.0000000000	        0.0000000000	        0.0000000000	        0.0000000000	        0.0000000000	        0.0000000000	        0.0000000000	        0.0000000000	        0.0000000000	        0.0000000000	        0.0000000000	        0.0000000000	        0.0000000000	        0.0000000000	        0.0000000000	        0.0000000000	        0.0000000000	        0.0000000000	        0.0000000000	        0.0000000000	        0.0000000000	        0.0000000000	        0.0000000000	        0.0000000000	        0.0000000000	        0.0000000000	        0.0000000000	        0.0000000000	        0.0000000000	        0.0000000000	        0.0000000000	        0.0000000000	        0.0000000000	        0.0000000000	        0.0000000000	        0.0000000000	        0.0000000000	        0.0000000000	        0.0000000000	        0.0000000000	        0.0000000000	        0.0265557467	       -0.0328484511	       -0.0440411325	        0.0970225874	        0.0589937503	        0.0000000000	        0.0000000000	        0.0000000000	        0.0000000000	        0.0000000000	        0.0000000000	        0.0000000000	        0.0000000000	        0.0000000000	        0.0000000000	        0.0000000000	        0.0000000000	        0.0000000000	        0.0000000000	        0.0000000000	        0.0000000000	        0.0000000000	        0.0000000000	        0.0000000000	        0.0000000000	        0.0000000000	        0.0000000000	        0.0000000000	        0.0000000000	        0.0000000000	        0.0000000000	        0.0000000000	        0.0000000000	        0.0000000000	        0.0000000000	        0.0000000000	        0.0000000000	        0.0000000000	        0.0000000000	        0.0000000000	        0.0000000000	        0.0000000000	        0.0000000000	        0.0000000000	
        2.1900000000	       30.2674977114	       62.6983070970	        9.7619938245	        8.7962989723	       28.5024898962	       46.3542410648	      207.3880554636	      184.8068163151	       62.3124166042	       16.2056235813	        6.4857456790	        9.1819764148	       45.0155110221	       72.0554411526	       21.9614864131	       61.3009088446	       55.0390376964	       37.8508709356	       27.8284989887	       33.0544228821	       47.3062770807	       62.4701793617	       78.2138565846	       20.0212321763	       18.3700947718	        7.0262168652	       11.8598054572	      288.4532694158	      292.9312531480	       13.0960632987	       39.7781097740	      101.5590084429	       27.6303734362	       78.1268060351	        6.8424767491	      169.5888714993	      127.8549361172	       19.2928810134	       52.8725331862	       27.0539331302	        0.0000000000	        0.0000000000	        0.0000000000	        0.0000000000	        0.0000000000	        0.0000000000	        0.0000000000	        0.0000000000	        0.0000000000	        0.0000000000	        0.0000000000	        0.0000000000	        0.0000000000	        0.0000000000	        0.0000000000	        0.0000000000	        0.0000000000	        0.0000000000	        0.0000000000	        0.0000000000	        0.0000000000	        0.0000000000	        0.0000000000	        0.0000000000	        0.0000000000	        0.0000000000	        0.0000000000	        0.0000000000	        0.0000000000	        0.0000000000	        0.0000000000	        0.0000000000	        0.0000000000	        0.0000000000	        0.0000000000	        0.0000000000	        0.0000000000	        0.0000000000	        0.0000000000	        0.0000000000	        0.0000000000	        0.0000000000	        0.0000000000	        0.0000000000	        0.0000000000	        0.0000000000	        0.0000000000	        0.0000000000	        0.0000000000	        0.0000000000	        0.0000000000	        0.0000000000	        0.0000000000	        0.0000000000	        0.0000000000	        0.0000000000	        0.0000000000	        0.0000000000	        0.0000000000	        0.0000000000	        0.0000000000	        0.0000000000	        0.0000000000	        0.0192149081	       -0.0113602292	       -0.0585119568	        0.0615742715	        0.0216173510	        0.0000000000	        0.0000000000	        0.0000000000	        0.0000000000	        0.0000000000	        0.0000000000	        0.0000000000	        0.0000000000	        0.0000000000	        0.0000000000	        0.0000000000	        0.0000000000	        0.0000000000	        0.0000000000	        0.0000000000	        0.0000000000	        0.0000000000	        0.0000000000	        0.0000000000	        0.0000000000	        0.0000000000	        0.0000000000	        0.0000000000	        0.0000000000	        0.0000000000	        0.0000000000	        0.0000000000	        0.0000000000	        0.0000000000	        0.0000000000	        0.0000000000	        0.0000000000	        0.0000000000	        0.0000000000	        0.0000000000	        0.0000000000	        0.0000000000	        0.0000000000	        0.0000000000	
        2.2000000000	       37.1198765184	       75.1949880717	        9.2046476842	        8.0615832702	       31.7966962996	       50.1488003893	      176.7675773128	      178.0142995719	       63.3983280199	       16.7905063468	        6.3624060572	        9.0482904489	       42.0458414453	       65.6988357830	       20.4311599942	       57.4980455904	       54.6492174231	       36.9014949392	       27.8715132836	       32.6545428597	       48.2376744290	       63.6728910426	       80.1120077838	       21.2906018724	       20.3770418776	        6.9875783620	       11.7480051340	      303.8608444764	      322.0017648157	       22.6112140272	       41.1468786657	       89.5897098612	       23.6982369287	       79.5812206630	        6.7918608426	      165.4800956434	      126.6312095919	       19.8444956693	       54.8103745881	       27.7882939494	        0.0000000000	        0.0000000000	        0.0000000000	        0.0000000000	        0.0000000000	        0.0000000000	        0.0000000000	        0.0000000000	        0.0000000000	        0.0000000000	        0.0000000000	        0.0000000000	        0.0000000000	        0.0000000000	        0.0000000000	        0.0000000000	        0.0000000000	        0.0000000000	        0.0000000000	        0.0000000000	        0.0000000000	        0.0000000000	        0.0000000000	        0.0000000000	        0.0000000000	        0.0000000000	        0.0000000000	        0.0000000000	        0.0000000000	        0.0000000000	        0.0000000000	        0.0000000000	        0.0000000000	        0.0000000000	        0.0000000000	        0.0000000000	        0.0000000000	        0.0000000000	        0.0000000000	        0.0000000000	        0.0000000000	        0.0000000000	        0.0000000000	        0.0000000000	        0.0000000000	        0.0000000000	        0.0000000000	        0.0000000000	        0.0000000000	        0.0000000000	        0.0000000000	        0.0000000000	        0.0000000000	        0.0000000000	        0.0000000000	        0.0000000000	        0.0000000000	        0.0000000000	        0.0000000000	        0.0000000000	        0.0000000000	        0.0000000000	        0.0000000000	        0.0158126082	       -0.0034613587	       -0.0874514129	        0.0398390115	       -0.0003532888	        0.0000000000	        0.0000000000	        0.0000000000	        0.0000000000	        0.0000000000	        0.0000000000	        0.0000000000	        0.0000000000	        0.0000000000	        0.0000000000	        0.0000000000	        0.0000000000	        0.0000000000	        0.0000000000	        0.0000000000	        0.0000000000	        0.0000000000	        0.0000000000	        0.0000000000	        0.0000000000	        0.0000000000	        0.0000000000	        0.0000000000	        0.0000000000	        0.0000000000	        0.0000000000	        0.0000000000	        0.0000000000	        0.0000000000	        0.0000000000	        0.0000000000	        0.0000000000	        0.0000000000	        0.0000000000	        0.0000000000	        0.0000000000	        0.0000000000	        0.0000000000	        0.0000000000	
        2.2100000000	       45.6821236755	       91.5099458476	        8.6310982240	        7.1663493546	       35.9039465580	       54.6909760314	      141.4259909169	      170.5178774019	       64.4040795880	       17.4730661675	        6.3959813389	        9.2452114291	       38.6661350572	       59.2482301247	       18.7728446466	       52.8447943830	       53.9599069841	       36.5542668907	       28.1002240743	       32.6412203137	       49.2926857830	       65.0452680651	       82.1879993767	       23.2006117010	       22.6195619045	        7.1030296240	       12.0484085257	      324.1627068874	      354.5030706334	       38.0394782656	       43.0020142096	       77.4938509839	       19.6202118350	       85.1317713775	        6.8119509486	      165.6071163270	      125.8792481155	       20.3496109140	       56.1732280371	       28.4695739221	        0.0000000000	        0.0000000000	        0.0000000000	        0.0000000000	        0.0000000000	        0.0000000000	        0.0000000000	        0.0000000000	        0.0000000000	        0.0000000000	        0.0000000000	        0.0000000000	        0.0000000000	        0.0000000000	        0.0000000000	        0.0000000000	        0.0000000000	        0.0000000000	        0.0000000000	        0.0000000000	        0.0000000000	        0.0000000000	        0.0000000000	        0.0000000000	        0.0000000000	        0.0000000000	        0.0000000000	        0.0000000000	        0.0000000000	        0.0000000000	        0.0000000000	        0.0000000000	        0.0000000000	        0.0000000000	        0.0000000000	        0.0000000000	        0.0000000000	        0.0000000000	        0.0000000000	        0.0000000000	        0.0000000000	        0.0000000000	        0.0000000000	        0.0000000000	        0.0000000000	        0.0000000000	        0.0000000000	        0.0000000000	        0.0000000000	        0.0000000000	        0.0000000000	        0.0000000000	        0.0000000000	        0.0000000000	        0.0000000000	        0.0000000000	        0.0000000000	        0.0000000000	        0.0000000000	        0.0000000000	        0.0000000000	        0.0000000000	        0.0000000000	        0.0144315114	        0.0006996020	       -0.1244791241	        0.0256568022	       -0.0085549680	        0.0000000000	        0.0000000000	        0.0000000000	        0.0000000000	        0.0000000000	        0.0000000000	        0.0000000000	        0.0000000000	        0.0000000000	        0.0000000000	        0.0000000000	        0.0000000000	        0.0000000000	        0.0000000000	        0.0000000000	        0.0000000000	        0.0000000000	        0.0000000000	        0.0000000000	        0.0000000000	        0.0000000000	        0.0000000000	        0.0000000000	        0.0000000000	        0.0000000000	        0.0000000000	        0.0000000000	        0.0000000000	        0.0000000000	        0.0000000000	        0.0000000000	        0.0000000000	        0.0000000000	        0.0000000000	        0.0000000000	        0.0000000000	        0.0000000000	        0.0000000000	        0.0000000000	
        2.2200000000	       55.0094523549	      108.7432758705	        7.9569251459	        6.2894392961	       40.3916665861	       59.6884733338	      105.1809572167	      162.3819163137	       65.3642323029	       18.0863972619	        6.3605340836	        9.4444142934	       35.1133737211	       52.7762175097	       16.9330039402	       47.4753705288	       52.9896368481	       36.3242252108	       28.3876962039	       32.7805267633	       50.4062023733	       66.5154047246	       84.3535054632	       25.1916812578	       25.0842378238	        7.1994044158	       12.3434492321	      345.6729831081	      396.3476287123	       58.7133007363	       44.9324146608	       64.9669664006	       15.1856054822	       91.2966236439	        6.8310320553	      166.6449253243	      125.1322581306	       20.8372683094	       57.8740946880	       29.1587485340	        0.0000000000	        0.0000000000	        0.0000000000	        0.0000000000	        0.0000000000	        0.0000000000	        0.0000000000	        0.0000000000	        0.0000000000	        0.0000000000	        0.0000000000	        0.0000000000	        0.0000000000	        0.0000000000	        0.0000000000	        0.0000000000	        0.0000000000	        0.0000000000	        0.0000000000	        0.0000000000	        0.0000000000	        0.0000000000	        0.0000000000	        0.0000000000	        0.0000000000	        0.0000000000	        0.0000000000	        0.0000000000	        0.0000000000	        0.0000000000	        0.0000000000	        0.0000000000	        0.0000000000	        0.0000000000	        0.0000000000	        0.0000000000	        0.0000000000	        0.0000000000	        0.0000000000	        0.0000000000	        0.0000000000	        0.0000000000	        0.0000000000	        0.0000000000	        0.0000000000	        0.0000000000	        0.0000000000	        0.0000000000	        0.0000000000	        0.0000000000	        0.0000000000	        0.0000000000	        0.0000000000	        0.0000000000	        0.0000000000	        0.0000000000	        0.0000000000	        0.0000000000	        0.0000000000	        0.0000000000	        0.0000000000	        0.0000000000	        0.0000000000	        0.0137978483	        0.0051450785	       -0.1617882577	        0.0151291169	       -0.0116988590	        0.0000000000	        0.0000000000	        0.0000000000	        0.0000000000	        0.0000000000	        0.0000000000	        0.0000000000	        0.0000000000	        0.0000000000	        0.0000000000	        0.0000000000	        0.0000000000	        0.0000000000	        0.0000000000	        0.0000000000	        0.0000000000	        0.0000000000	        0.0000000000	        0.0000000000	        0.0000000000	        0.0000000000	        0.0000000000	        0.0000000000	        0.0000000000	        0.0000000000	        0.0000000000	        0.0000000000	        0.0000000000	        0.0000000000	        0.0000000000	        0.0000000000	        0.0000000000	        0.0000000000	        0.0000000000	        0.0000000000	        0.0000000000	        0.0000000000	        0.0000000000	        0.0000000000	
        2.2300000000	       64.4390635547	      127.9654396369	        7.2787745131	        5.9728873508	       45.1402128693	       65.1324737182	       64.6071596803	      154.4604417575	       66.0119438187	       18.8556543213	        6.5241109111	        9.5189604837	       31.4820622219	       45.5091214520	       15.2902127184	       42.6535426403	       52.4772389184	       36.4110796126	       28.7075381811	       32.9748622519	       51.5399881213	       68.0444198864	       86.5819191833	       28.0642959044	       28.0402254220	        7.3146602227	       12.5325426895	      363.8780186336	      431.3118619867	       84.7312592114	       48.1169017528	       51.0335772108	       10.6461576627	       95.0010810565	        6.8512485472	      164.6455145767	      123.9726633033	       21.7952742204	       55.7424512708	       29.5344744412	        0.0000000000	        0.0000000000	        0.0000000000	        0.0000000000	        0.0000000000	        0.0000000000	        0.0000000000	        0.0000000000	        0.0000000000	        0.0000000000	        0.0000000000	        0.0000000000	        0.0000000000	        0.0000000000	        0.0000000000	        0.0000000000	        0.0000000000	        0.0000000000	        0.0000000000	        0.0000000000	        0.0000000000	        0.0000000000	        0.0000000000	        0.0000000000	        0.0000000000	        0.0000000000	        0.0000000000	        0.0000000000	        0.0000000000	        0.0000000000	        0.0000000000	        0.0000000000	        0.0000000000	        0.0000000000	        0.0000000000	        0.0000000000	        0.0000000000	        0.0000000000	        0.0000000000	        0.0000000000	        0.0000000000	        0.0000000000	        0.0000000000	        0.0000000000	        0.0000000000	        0.0000000000	        0.0000000000	        0.0000000000	        0.0000000000	        0.0000000000	        0.0000000000	        0.0000000000	        0.0000000000	        0.0000000000	        0.0000000000	        0.0000000000	        0.0000000000	        0.0000000000	        0.0000000000	        0.0000000000	        0.0000000000	        0.0000000000	        0.0000000000	        0.0257097172	        0.0068952396	       -0.2532220208	        0.0253638639	       -0.0172948102	        0.0000000000	        0.0000000000	        0.0000000000	        0.0000000000	        0.0000000000	        0.0000000000	        0.0000000000	        0.0000000000	        0.0000000000	        0.0000000000	        0.0000000000	        0.0000000000	        0.0000000000	        0.0000000000	        0.0000000000	        0.0000000000	        0.0000000000	        0.0000000000	        0.0000000000	        0.0000000000	        0.0000000000	        0.0000000000	        0.0000000000	        0.0000000000	        0.0000000000	        0.0000000000	        0.0000000000	        0.0000000000	        0.0000000000	        0.0000000000	        0.0000000000	        0.0000000000	        0.0000000000	        0.0000000000	        0.0000000000	        0.0000000000	        0.0000000000	        0.0000000000	        0.0000000000	
        2.2400000000	       66.4632312906	      136.6254012592	        7.2614924667	        5.8121459307	       43.0304272211	       71.2358865435	       35.2943243204	      146.2513973993	       68.0069681032	       19.0741593496	        5.9568074480	        9.4689816591	       27.8183417736	       42.7903369317	       17.2099324235	       43.5240276532	       45.3110729977	       33.8712406291	       28.0249846059	       32.8384504484	       51.8696079175	       68.8757048352	       87.8415579946	       26.9860003832	       24.9284784924	        6.8824507935	       12.3230475875	      361.6957768754	      544.2457728365	      104.2459539742	       53.7354794450	       46.7524279977	        8.9348652872	      103.6382530856	        5.8580170350	      171.5312968242	      122.8176592217	       24.2896520963	       77.7464269600	       34.0077343975	        0.0000000000	        0.0000000000	        0.0000000000	        0.0000000000	        0.0000000000	        0.0000000000	        0.0000000000	        0.0000000000	        0.0000000000	        0.0000000000	        0.0000000000	        0.0000000000	        0.0000000000	        0.0000000000	        0.0000000000	        0.0000000000	        0.0000000000	        0.0000000000	        0.0000000000	        0.0000000000	        0.0000000000	        0.0000000000	        0.0000000000	        0.0000000000	        0.0000000000	        0.0000000000	        0.0000000000	        0.0000000000	        0.0000000000	        0.0000000000	        0.0000000000	        0.0000000000	        0.0000000000	        0.0000000000	        0.0000000000	        0.0000000000	        0.0000000000	        0.0000000000	        0.0000000000	        0.0000000000	        0.0000000000	        0.0000000000	        0.0000000000	        0.0000000000	        0.0000000000	        0.0000000000	        0.0000000000	        0.0000000000	        0.0000000000	        0.0000000000	        0.0000000000	        0.0000000000	        0.0000000000	        0.0000000000	        0.0000000000	        0.0000000000	        0.0000000000	        0.0000000000	        0.0000000000	        0.0000000000	        0.0000000000	        0.0000000000	        0.0000000000	        0.0456620802	       -0.0045763190	       -0.2244707105	        0.0085527982	       -0.0072126739	        0.0000000000	        0.0000000000	        0.0000000000	        0.0000000000	        0.0000000000	        0.0000000000	        0.0000000000	        0.0000000000	        0.0000000000	        0.0000000000	        0.0000000000	        0.0000000000	        0.0000000000	        0.0000000000	        0.0000000000	        0.0000000000	        0.0000000000	        0.0000000000	        0.0000000000	        0.0000000000	        0.0000000000	        0.0000000000	        0.0000000000	        0.0000000000	        0.0000000000	        0.0000000000	        0.0000000000	        0.0000000000	        0.0000000000	        0.0000000000	        0.0000000000	        0.0000000000	        0.0000000000	        0.0000000000	        0.0000000000	        0.0000000000	        0.0000000000	        0.0000000000	        0.0000000000	
        2.2500000000	       -7.8892414927	       95.8179519345	       -2.4891607441	        9.4504283255	       -6.1413185414	      -77.3672481771	       25.2609075467	       97.2221866631	       72.0135725197	       22.1284450408	        4.7545351412	        5.1824299028	       23.6464169306	       20.4801202157	       20.5900050414	       35.1063228699	       70.0843451462	      346.0996991617	       98.3735547869	       79.3452227383	      543.2598792550	      215.3913509962	      135.4733778015	       14.5889438241	       52.8819667820	        3.0338374675	        7.7868895142	      310.5849162333	       69.7336830699	      126.2282470151	      -31.0612867384	        3.1647751769	       -9.8072549246	       60.0220129734	       14.7889874185	      186.7742022294	      113.9022065063	       45.9948409076	      141.3345013263	       70.9852036406	        0.0000000000	        0.0000000000	        0.0000000000	        0.0000000000	        0.0000000000	        0.0000000000	        0.0000000000	        0.0000000000	        0.0000000000	        0.0000000000	        0.0000000000	        0.0000000000	        0.0000000000	        0.0000000000	        0.0000000000	        0.0000000000	        0.0000000000	        0.0000000000	        0.0000000000	        0.0000000000	        0.0000000000	        0.0000000000	        0.0000000000	        0.0000000000	        0.0000000000	        0.0000000000	        0.0000000000	        0.0000000000	        0.0000000000	        0.0000000000	        0.0000000000	        0.0000000000	        0.0000000000	        0.0000000000	        0.0000000000	        0.0000000000	        0.0000000000	        0.0000000000	        0.0000000000	        0.0000000000	        0.0000000000	        0.0000000000	        0.0000000000	        0.0000000000	        0.0000000000	        0.0000000000	        0.0000000000	        0.0000000000	        0.0000000000	        0.0000000000	        0.0000000000	        0.0000000000	        0.0000000000	        0.0000000000	        0.0000000000	        0.0000000000	        0.0000000000	        0.0000000000	        0.0000000000	        0.0000000000	        0.0000000000	        0.0000000000	        0.0000000000	        0.0000000000	        0.0000000000	        0.0000000000	        0.0000000000	        0.0000000000	        0.0000000000	        0.0000000000	        0.0000000000	        0.0000000000	        0.0000000000	        0.0000000000	        0.0000000000	        0.0000000000	        0.0000000000	        0.0000000000	        0.0000000000	        0.0000000000	        0.0000000000	        0.0000000000	        0.0000000000	        0.0000000000	        0.0000000000	        0.0000000000	        0.0000000000	        0.0000000000	        0.0000000000	        0.0000000000	        0.0000000000	        0.0000000000	        0.0000000000	        0.0000000000	        0.0000000000	        0.0000000000	        0.0000000000	        0.0000000000	        0.0000000000	        0.0000000000	        0.0000000000	        0.0000000000	        0.0000000000	        0.0000000000	        0.0000000000	        0.0000000000	        0.0000000000	
