FiberActivePower
version=1
nRows=105
nColumns=81
inDegrees=no

This analysis gathers basic information about muscles during a simulation (e.g., forces, tendon lengths, moment arms, etc).
Units are S.I. units (second, meters, Newtons, ...)
If the header above contains a line with 'inDegrees', this indicates whether rotational values are in degrees (yes) or radians (no).

endheader
time	addbrev_r	addlong_r	addmagDist_r	addmagIsch_r	addmagMid_r	addmagProx_r	bflh_r	bfsh_r	edl_r	ehl_r	fdl_r	fhl_r	gaslat_r	gasmed_r	glmax1_r	glmax2_r	glmax3_r	glmed1_r	glmed2_r	glmed3_r	glmin1_r	glmin2_r	glmin3_r	grac_r	iliacus_r	perbrev_r	perlong_r	piri_r	psoas_r	recfem_r	sart_r	semimem_r	semiten_r	soleus_r	tfl_r	tibant_r	tibpost_r	vasint_r	vaslat_r	vasmed_r	addbrev_l	addlong_l	addmagDist_l	addmagIsch_l	addmagMid_l	addmagProx_l	bflh_l	bfsh_l	edl_l	ehl_l	fdl_l	fhl_l	gaslat_l	gasmed_l	glmax1_l	glmax2_l	glmax3_l	glmed1_l	glmed2_l	glmed3_l	glmin1_l	glmin2_l	glmin3_l	grac_l	iliacus_l	perbrev_l	perlong_l	piri_l	psoas_l	recfem_l	sart_l	semimem_l	semiten_l	soleus_l	tfl_l	tibant_l	tibpost_l	vasint_l	vaslat_l	vasmed_l
      0.67000000	-5016763.77661314	-1114518.46615436	-17328993.27912195	-538053.13693020	-105717.45546391	      0.00000000	      0.00000000	-5689275.95647324	   -675.29242977	    -54.86625617	 -99795.45963812	 -86086.09726091	 -55390.78456579	-306209.44710701	-157402752.55383104	-198513990.15026367	-170140328.78777811	  -3240.80886104	    -75.45696774	    -56.58326952	   -261.17570980	  -5487.50458094	-251481.82814706	-59568676.15860679	-3984706.77807615	-107637.95185892	-131248.32057315	-1478825.32099650	-14221625.39981037	    -59.27351867	-695048509.39500213	  -1614.68897199	-21088511.09574192	-1094937.98082051	  -3069.71429239	   -616.30703199	-576536.61942980	      0.00000000	      0.00000000	      0.00000000	    -20.12366215	    -22.94440486	-58418935.31701440	-6073083.14448911	-5772823.40853777	      0.00000000	-643753.54846964	-6070841.66387940	   -618.65839685	    -49.93394765	 -97722.29388951	 -83346.52486416	 -55570.42496014	-307043.95028225	-467707748.92826921	-632226686.18264902	-711972725.45217192	  -3432.84944188	    -71.71772248	    -52.83635974	   -279.16874193	  -5589.79737275	-255910.07810991	-64160087.35719935	    -48.94929268	-106044.40248541	-128205.20795105	-1478898.27176714	-1772109.59761945	    -62.17828501	-565559914.02518547	  -1616.34185549	-46716679.77768018	-1094016.95962857	      0.00000000	   -564.56532668	-573404.32135251	      0.00000000	      0.00000000	      0.00000000
      0.68000000	-5508597.99846116	-1227234.51603815	-17187338.27628043	-514823.41149714	-134294.52116720	      0.00000000	      0.00000000	-5600319.09792443	   -675.29242977	    -54.86625617	 -99795.45963812	 -86086.09726091	 -55390.78456579	-306209.44710701	-152452607.27284491	-192114533.80084792	-164686031.73070458	  -3240.80886104	    -75.45696774	    -56.58326952	   -261.17570980	  -5487.50458094	-251481.82814706	-59594052.62079833	-4183380.54250781	-107637.95185892	-131248.32057315	-1478825.32099650	-14531646.50363716	    -59.27351867	-695556756.69257057	  -1614.68897199	-20679618.77322763	-1094937.98082051	  -3564.93529983	   -616.30703199	-576536.61942980	      0.00000000	      0.00000000	      0.00000000	    -20.12366215	    -22.94440486	-58566180.52886908	-6091719.85005582	-5706521.97925103	      0.00000000	-658718.82256755	-6074136.99197491	   -618.65839685	    -49.93394765	 -97722.29388951	 -83346.52486416	 -55570.42496014	-307043.95028225	-472064944.08533382	-637387916.32261109	-716179881.46615386	  -3432.84944188	    -71.71772248	    -52.83635974	   -279.16874193	  -5589.79737275	-255910.07810991	-64104226.87502278	    -48.94929268	-106044.40248541	-128205.20795105	-1478898.27176714	-1709299.98654795	    -62.17828501	-565121094.56341577	  -1477.13498253	-46861486.01604319	-1094016.95962857	      0.00000000	   -564.56532668	-573404.32135251	      0.00000000	      0.00000000	      0.00000000
      0.69000000	-5995589.75650276	-1336569.37997420	-17124825.13051547	-497465.70310644	-172342.41745538	      0.00000000	      0.00000000	-5489316.62557383	   -675.29242977	    -54.86625617	 -99795.45963812	 -86086.09726091	 -55390.78456579	-306209.44710701	-148574379.13528058	-187038587.67081049	-160635871.48536426	  -3240.80886104	    -75.45696774	    -56.58326952	   -261.17570980	  -5487.50458094	-251481.82814706	-59582884.68244211	-4345135.89203172	-107637.95185892	-131248.32057315	-1478825.32099650	-14800378.85301189	    -59.27351867	-695654275.87580574	  -1614.68897199	-20271812.08766807	-1094937.98082051	  -4019.48399612	   -616.30703199	-576536.61942980	      0.00000000	      0.00000000	      0.00000000	    -20.12366215	    -22.94440486	-58820418.23253746	-6136520.29417552	-5643744.27531706	      0.00000000	-657018.68773503	-5971279.94189495	   -618.65839685	    -49.93394765	 -97722.29388951	 -83346.52486416	 -55570.42496014	-307043.95028225	-477084537.63129520	-643248363.78972363	-721166596.60530114	  -3432.84944188	    -71.71772248	    -52.83635974	   -279.16874193	  -5589.79737275	-255910.07810991	-63784531.93400305	    -48.94929268	-106044.40248541	-128205.20795105	-1478898.27176714	-1628368.65084591	    -62.17828501	-563598433.00000966	  -1569.47092412	-46743127.98533979	-1094016.95962857	      0.00000000	   -564.56532668	-573404.32135251	      0.00000000	      0.00000000	      0.00000000
      0.70000000	-6656742.87447136	-1467721.68185998	-17291201.22059607	-497329.80706386	-254641.58245588	      0.00000000	      0.00000000	-5299333.59214519	   -675.29242977	    -54.86625617	 -99795.45963812	 -86086.09726091	 -55390.78456579	-306209.44710701	-143386170.04621932	-181573565.94652379	-158107830.12593368	  -3240.80886104	    -75.45696774	    -56.58326952	   -261.17570980	  -5487.50458094	-251481.82814706	-59411993.54217046	-4491004.40832165	-107637.95185892	-131248.32057315	-1478825.32099650	-15011614.90448557	    -59.27351867	-694413360.80655658	  -1614.68897199	-19797723.47863186	-1094937.98082051	  -4361.08740427	   -616.30703199	-576536.61942980	      0.00000000	      0.00000000	      0.00000000	    -20.12366215	    -22.94440486	-59029207.40772433	-6205314.88230761	-5487005.41763391	      0.00000000	-631435.03098379	-5748519.79309046	   -618.65839685	    -49.93394765	 -97722.29388951	 -83346.52486416	 -55570.42496014	-307043.95028225	-482252794.32509947	-648716710.56576872	-725000537.00050032	  -3432.84944188	    -71.71772248	    -52.83635974	   -279.16874193	  -5589.79737275	-255910.07810991	-63076724.96192510	    -48.94929268	-106044.40248541	-128205.20795105	-1478898.27176714	-1531763.75292872	    -62.17828501	-560796247.77708447	  -1718.51921906	-46278498.99857224	-1094016.95962857	      0.00000000	   -564.56532668	-573404.32135251	      0.00000000	      0.00000000	      0.00000000
      0.71000000	-7252079.44905521	-1584826.35534336	-17475941.56253606	-498897.76289110	-345016.99571740	      0.00000000	      0.00000000	-5096699.39067670	   -675.29242977	    -54.86625617	 -99795.45963812	 -86086.09726091	 -55390.78456579	-306209.44710701	-139669999.62548739	-177646571.75507995	-156650393.03269893	  -3240.80886104	    -75.45696774	    -56.58326952	   -261.17570980	  -5487.50458094	-251481.82814706	-59184882.97462441	-4595482.66310295	-107637.95185892	-131248.32057315	-1478825.32099650	-15180677.00541729	    -59.27351867	-692902817.93752718	  -1614.68897199	-19321928.86694735	-1094937.98082051	  -4688.31498471	   -616.30703199	-576536.61942980	      0.00000000	      0.00000000	      0.00000000	    -20.12366215	    -22.94440486	-59292116.97953385	-6280822.41768679	-5371644.78293048	      0.00000000	-596620.98833488	-5478270.05003527	   -618.65839685	    -49.93394765	 -97722.29388951	 -83346.52486416	 -55570.42496014	-307043.95028225	-487061347.56206131	-653844099.46813023	-728888539.20205677	  -3432.84944188	    -71.71772248	    -52.83635974	   -279.16874193	  -5589.79737275	-255910.07810991	-62260364.56524968	    -48.94929268	-106044.40248541	-128205.20795105	-1478898.27176714	-1441546.70181150	    -62.17828501	-557508640.57356179	  -1718.51921906	-45659472.88235582	-1094016.95962857	      0.00000000	   -564.56532668	-573404.32135251	      0.00000000	      0.00000000	      0.00000000
      0.72000000	-7848749.76163357	-1694593.01522020	-17779308.49793138	-509952.20937567	-463979.29889404	      0.00000000	      0.00000000	-4857672.75824855	   -675.29242977	    -54.86625617	 -99795.45963812	 -86086.09726091	 -55390.78456579	-306209.44710701	-136657403.54309255	-174908744.68874037	-156825150.16557947	  -3240.80886104	    -75.45696774	    -56.58326952	   -261.17570980	  -5487.50458094	-251481.82814706	-58848737.05788681	-4651512.43905793	-107637.95185892	-131248.32057315	-1478825.32099650	-15280010.44988421	    -59.27351867	-690587716.58410037	  -1614.68897199	-18834713.38160242	-1094937.98082051	  -4900.69881875	   -616.30703199	-576536.61942980	      0.00000000	      0.00000000	      0.00000000	    -20.12366215	    -22.94440486	-59574783.48911712	-6362130.57191208	-5259958.35096087	      0.00000000	-554681.80428071	-5167799.42726177	   -618.65839685	    -49.93394765	 -97722.29388951	 -83346.52486416	 -55570.42496014	-307043.95028225	-491929693.96388143	-659001284.28787863	-732809031.55263376	  -3432.84944188	    -71.71772248	    -52.83635974	   -279.16874193	  -5589.79737275	-255910.07810991	-61313013.51876145	    -48.94929268	-106044.40248541	-128205.20795105	-1478898.27176714	-1351585.00215622	    -62.17828501	-553695508.49757171	  -1718.51921906	-44905715.49090555	-1094016.95962857	      0.00000000	   -564.56532668	-573404.32135251	      0.00000000	      0.00000000	      0.00000000
      0.73000000	-8334539.31721637	-1774158.13237364	-18179294.92817171	-531144.81614301	-597059.58285722	      0.00000000	      0.00000000	-4576169.54412612	   -675.29242977	    -54.86625617	 -99795.45963812	 -86086.09726091	 -55390.78456579	-306209.44710701	-135014201.42678016	-174084898.76971498	-158984354.94176349	  -3240.80886104	    -75.45696774	    -56.58326952	   -261.17570980	  -5487.50458094	-251481.82814706	-58330394.75667855	-4637058.24128546	-107637.95185892	-131248.32057315	-1478825.32099650	-15276378.65794469	    -59.27351867	-687307660.97073293	  -1614.68897199	-18330176.67539012	-1094937.98082051	  -5035.58078330	   -616.30703199	-576536.61942980	      0.00000000	      0.00000000	      0.00000000	    -20.12366215	    -22.94440486	-59903456.14360994	-6444481.73205253	-5184796.58384121	      0.00000000	-511608.00692469	-4845951.01433893	   -618.65839685	    -49.93394765	 -97722.29388951	 -83346.52486416	 -55570.42496014	-307043.95028225	-496756181.94025797	-664236623.48462856	-737107832.00611758	  -3432.84944188	    -71.71772248	    -52.83635974	   -279.16874193	  -5589.79737275	-255910.07810991	-60333563.70092739	    -48.94929268	-106044.40248541	-128205.20795105	-1478898.27176714	-1266682.80445790	    -62.17828501	-549638784.23770869	  -1718.51921906	-44101076.55509652	-1094016.95962857	      0.00000000	   -564.56532668	-573404.32135251	      0.00000000	      0.00000000	      0.00000000
      0.74000000	-8960311.88555152	-1879268.13262149	-18651087.99634030	-554905.26858499	-780570.45124415	      0.00000000	      0.00000000	-4266467.25068517	   -675.29242977	    -54.86625617	 -99795.45963812	 -86086.09726091	 -55390.78456579	-306209.44710701	-133060974.44486278	-172942858.20396632	-161329117.98480809	  -3240.80886104	    -75.45696774	    -56.58326952	   -261.17570980	  -5487.50458094	-251481.82814706	-57777398.25581433	-4628644.79214995	-107637.95185892	-131248.32057315	-1478825.32099650	-15294289.53129841	    -59.27351867	-683539292.36494529	  -1614.68897199	-17762655.08656550	-1094937.98082051	  -5130.07329539	   -616.30703199	-576536.61942980	      0.00000000	      0.00000000	      0.00000000	    -20.12366215	    -22.94440486	-59750706.81192698	-6449224.24187718	-4990464.53159344	      0.00000000	-455834.98403157	-4536055.83778663	   -618.65839685	    -49.93394765	 -97722.29388951	 -83346.52486416	 -55570.42496014	-307043.95028225	-499155830.65968359	-666322158.76870894	-737061808.10506845	  -3432.84944188	    -71.71772248	    -52.83635974	   -279.16874193	  -5589.79737275	-255910.07810991	-59262943.06690692	    -48.94929268	-106044.40248541	-128205.20795105	-1478898.27176714	-1231100.70691753	    -62.17828501	-546787774.11386836	  -1718.51921906	-43089801.35278686	-1094016.95962857	      0.00000000	   -564.56532668	-573404.32135251	      0.00000000	      0.00000000	      0.00000000
      0.75000000	-9535193.59074296	-1960734.50727382	-19315690.34471310	-596342.41197322	-1014703.95560835	      0.00000000	      0.00000000	-3913333.53592697	   -675.29242977	    -54.86625617	 -99795.45963812	 -86086.09726091	 -55390.78456579	-306209.44710701	-132222173.83148012	-173721674.33635825	-166317570.10625929	  -3240.80886104	    -75.45696774	    -56.58326952	   -261.17570980	  -5487.50458094	-251481.82814706	-57045729.94875434	-4540771.36131927	-107637.95185892	-131248.32057315	-1478825.32099650	-15191693.64128572	    -59.27351867	-678414837.15777016	  -1614.68897199	-17197905.07068580	-1094937.98082051	  -4988.74252639	   -616.30703199	-576536.61942980	      0.00000000	      0.00000000	      0.00000000	    -20.12366215	    -22.94440486	-59536592.07710439	-6442336.46338512	-4769783.13198105	      0.00000000	-403462.22825796	-4237641.06154140	   -618.65839685	    -49.93394765	 -97722.29388951	 -83346.52486416	 -55570.42496014	-307043.95028225	-501865718.67522794	-668717822.72800863	-736937302.84583735	  -3432.84944188	    -71.71772248	    -52.83635974	   -279.16874193	  -5589.79737275	-255910.07810991	-58175339.52116498	    -48.94929268	-106044.40248541	-128205.20795105	-1478898.27176714	-1195724.89049941	    -62.17828501	-544030126.40273285	  -1718.51921906	-42084003.22255763	-1094016.95962857	      0.00000000	   -564.56532668	-573404.32135251	      0.00000000	      0.00000000	      0.00000000
      0.76000000	-10034350.26291624	-2014873.13115829	-20180111.11629675	-655922.59968139	-1307338.21430697	      0.00000000	      0.00000000	-3521607.26398044	   -675.29242977	    -54.86625617	 -99795.45963812	 -86086.09726091	 -55390.78456579	-306209.44710701	-133141691.83034232	-176951368.39342141	-174297667.80378279	  -3240.80886104	    -75.45696774	    -56.58326952	   -261.17570980	  -5487.50458094	-251481.82814706	-56157232.46414798	-4364516.69044115	-107637.95185892	-131248.32057315	-1478825.32099650	-14975132.00435254	    -59.27351867	-671936422.88838947	  -1614.68897199	-16633309.51568038	-1094937.98082051	  -4600.77088432	   -616.30703199	-576536.61942980	      0.00000000	      0.00000000	      0.00000000	    -20.12366215	    -22.94440486	-59073103.51786665	-6394462.49083235	-4466597.52000656	      0.00000000	-352844.43115436	-3968224.86889208	   -618.65839685	    -49.93394765	 -97722.29388951	 -83346.52486416	 -55570.42496014	-307043.95028225	-504316196.59443277	-670596060.61254823	-735269695.04566956	  -3432.84944188	    -71.71772248	    -52.83635974	   -279.16874193	  -5589.79737275	-255910.07810991	-57080539.49175262	    -48.94929268	-106044.40248541	-128205.20795105	-1478898.27176714	-1173753.92287493	    -62.17828501	-542015625.73811805	  -1718.51921906	-41067086.02648171	-1094016.95962857	      0.00000000	   -564.56532668	-573404.32135251	      0.00000000	      0.00000000	      0.00000000
      0.77000000	-10500979.37360770	-2054692.16408304	-21185270.77682491	-729630.30787318	-1659287.24861564	      0.00000000	      0.00000000	-3101730.30343542	   -675.29242977	    -54.86625617	 -99795.45963812	 -86086.09726091	 -55390.78456579	-306209.44710701	-134971380.55742157	-181502862.76326597	-184077107.35430643	  -3240.80886104	    -75.45696774	    -56.58326952	   -261.17570980	  -5487.50458094	-251481.82814706	-55128876.87420883	-4146362.54521167	-107637.95185892	-131248.32057315	-1478825.32099650	-14700168.20384987	    -59.27351867	-664329986.15884268	  -1614.68897199	-16039983.45317488	-1094937.98082051	  -4101.19218837	   -616.30703199	-576536.61942980	     -7.24480088	      0.00000000	      0.00000000	    -20.12366215	    -22.94440486	-58323087.25376716	-6299810.47669369	-4103524.97673778	      0.00000000	-300088.93710227	-3715595.90535943	   -618.65839685	    -49.93394765	 -97722.29388951	 -83346.52486416	 -55570.42496014	-307043.95028225	-505424643.83906764	-670716060.38556802	-731093398.73248971	  -3432.84944188	    -71.71772248	    -52.83635974	   -279.16874193	  -5589.79737275	-255910.07810991	-55963526.42363603	    -48.94929268	-106044.40248541	-128205.20795105	-1478898.27176714	-1178477.00175517	    -62.17828501	-540800916.00396597	  -1718.51921906	-39969326.37231809	-1094016.95962857	      0.00000000	   -564.56532668	-573404.32135251	      0.00000000	      0.00000000	      0.00000000
      0.78000000	-10933438.25935081	-2078467.35221671	-22374375.35552196	-822000.52971822	-2089084.02761682	      0.00000000	      0.00000000	-2661152.28111274	   -675.29242977	    -54.86625617	 -99795.45963812	 -86086.09726091	 -55390.78456579	-306209.44710701	-137924326.28718939	-187679065.34159032	-196134894.21865997	  -3240.80886104	    -75.45696774	    -56.58326952	   -261.17570980	  -5487.50458094	-251481.82814706	-53975084.77597080	-3881015.44137104	-107637.95185892	-131248.32057315	-1478825.32099650	-14359930.71712078	    -59.27351867	-655474148.84198105	  -1614.68897199	-15429409.28416997	-1094937.98082051	  -3457.09858427	   -616.30703199	-576536.61942980	  -5378.82682165	  -1776.16953563	   -572.71214626	    -20.12366215	    -22.94440486	-57262578.00381624	-6159831.30683850	-3669298.25555622	      0.00000000	-246937.23218994	-3483913.43933425	   -618.65839685	    -49.93394765	 -97722.29388951	 -83346.52486416	 -55570.42496014	-307043.95028225	-505212798.53108555	-668994882.94125652	-724116048.76937354	  -3432.84944188	    -71.71772248	    -52.83635974	   -279.16874193	  -5589.79737275	-255910.07810991	-54826328.79996677	    -48.94929268	-106044.40248541	-128205.20795105	-1478898.27176714	-1208541.82517331	    -62.17828501	-540412647.82469904	  -1718.51921906	-38808514.20534199	-1094016.95962857	      0.00000000	   -564.56532668	-573404.32135251	      0.00000000	      0.00000000	      0.00000000
      0.79000000	-11219109.86456013	-2063462.97316228	-23770552.56043994	-939054.27676189	-2584110.40485459	      0.00000000	      0.00000000	-2211699.84522415	   -675.29242977	    -54.86625617	 -99795.45963812	 -86086.09726091	 -55390.78456579	-306209.44710701	-142732396.90790206	-196393018.30939072	-211277982.38016948	  -3240.80886104	    -75.45696774	    -56.58326952	   -261.17570980	  -5487.50458094	-251481.82814706	-52678205.34996413	-3551487.02841059	-107637.95185892	-131248.32057315	-1478825.32099650	-13922234.84533253	    -59.27351867	-645245130.97518873	  -1614.68897199	-14822072.84031722	-1094937.98082051	  -2694.16237678	   -616.30703199	-576536.61942980	 -34406.13420189	 -35240.77095855	 -18257.64457298	    -20.12366215	    -22.94440486	-55963400.54458325	-5983439.78045940	-3189457.32428382	      0.00000000	-197949.02032699	-3283364.59423212	   -618.65839685	    -49.93394765	 -97722.29388951	 -83346.52486416	 -55570.42496014	-307043.95028225	-504338454.62948340	-666247313.89751184	-715224308.45501971	  -3432.84944188	    -71.71772248	    -52.83635974	   -279.16874193	  -5589.79737275	-255910.07810991	-53720331.34235311	    -48.94929268	-106044.40248541	-128205.20795105	-1478898.27176714	-1256331.42005708	    -62.17828501	-540850277.74277604	  -1718.51921906	-37656806.31812383	-1094016.95962857	      0.00000000	   -564.56532668	-573404.32135251	      0.00000000	      0.00000000	      0.00000000
      0.80000000	-11339429.63899928	-2010463.84590022	-25332939.26640156	-1079376.98357887	-3128191.19219682	      0.00000000	      0.00000000	-1772063.95437085	   -675.29242977	    -54.86625617	 -99795.45963812	 -86086.09726091	 -55390.78456579	-306209.44710701	-149232725.93828899	-207338312.64619699	-229013863.09493059	  -3240.80886104	    -75.45696774	    -56.58326952	   -261.17570980	  -5487.50458094	-251481.82814706	-51269042.73780236	-3182359.52599309	-107637.95185892	-131248.32057315	-1478825.32099650	-13413813.27906522	    -59.27351867	-633912357.76925266	  -1614.68897199	-14223614.30196397	-1094937.98082051	  -1943.52195498	   -616.30703199	-576536.61942980	-113506.59179889	-161310.47057516	 -92073.83933742	    -20.12366215	    -22.94440486	-54438753.19322603	-5774513.35524944	-2693390.48943422	      0.00000000	-152993.36620422	-3114340.46953901	   -618.65839685	    -49.93394765	 -97722.29388951	 -83346.52486416	 -55570.42496014	-307043.95028225	-502110556.55141014	-661691630.55182993	-703946947.59376776	  -3432.84944188	    -71.71772248	    -52.83635974	   -279.16874193	  -5589.79737275	-255910.07810991	-52671562.14453065	    -48.94929268	-106044.40248541	-128205.20795105	-1478898.27176714	-1329792.36360739	    -62.17828501	-542135706.19897020	  -1718.51921906	-36511920.20945796	-1094016.95962857	      0.00000000	   -564.56532668	-573404.32135251	      0.07202457	      0.00000000	      0.00000000
      0.81000000	-11285886.45084307	-1921161.86872548	-27042447.40808935	-1243328.86895095	-3709007.95547595	      0.00000000	      0.00000000	-1361642.22439489	   -675.29242977	    -54.86625617	 -99795.45963812	 -86086.09726091	 -55390.78456579	-306209.44710701	-157286400.54475257	-220316824.72717294	-249065380.74279577	  -3240.80886104	    -75.45696774	    -56.58326952	   -261.17570980	  -5487.50458094	-251481.82814706	-49790093.38128248	-2791773.29882722	-107637.95185892	-131248.32057315	-1478825.32099650	-12850260.54370750	    -59.27351867	-621734881.23823643	  -1614.68897199	-13657297.99990731	-1094937.98082051	  -1296.70633951	   -616.30703199	-576536.61942980	-243621.10558144	-436427.43168995	-260197.33004543	    -20.12366215	    -22.94440486	-52737702.63501395	-5539712.90434469	-2206702.41747810	      0.00000000	-113212.95006826	-2976529.57219548	   -618.65839685	    -49.93394765	 -97722.29388951	 -83346.52486416	 -55570.42496014	-307043.95028225	-498595850.81059361	-655455233.89901423	-690609797.66447949	  -3432.84944188	    -71.71772248	    -52.83635974	   -279.16874193	  -5589.79737275	-255910.07810991	-51700225.36841496	    -48.94929268	-106044.40248541	-128205.20795105	-1478898.27176714	-1429019.42960042	    -62.17828501	-544219107.10450518	  -1718.51921906	-35391177.65469930	-1094016.95962857	      0.00000000	   -564.56532668	-573404.32135251	    -92.75865886	      0.00000000	      0.00000000
      0.82000000	-11043276.98607118	-1796236.82725685	-28878607.24642486	-1430996.30137072	-4308419.72155410	      0.00000000	      0.00000000	-996535.33437536	   -675.29242977	    -54.86625617	 -99795.45963812	 -86086.09726091	 -55390.78456579	-306209.44710701	-166868517.35745224	-235260065.78208610	-271236935.41864264	  -3240.80886104	    -75.45696774	    -56.58326952	   -261.17570980	  -5487.50458094	-251481.82814706	-48279497.50650612	-2393189.36970395	-107637.95185892	-131248.32057315	-1478825.32099650	-12241584.70772426	    -50.83726325	-608982954.21189034	  -1614.68897199	-13147616.68392804	-1094937.98082051	   -757.73492558	   -616.30703199	-576536.61942980	-414458.81822007	-825536.73280561	-502782.91809983	    -20.12366215	    -22.94440486	-50869799.18622933	-5280713.23844616	-1741621.66917402	      0.00000000	 -79369.32787320	-2874851.07498636	   -618.65839685	    -49.93394765	 -97722.29388951	 -83346.52486416	 -55570.42496014	-307043.95028225	-493731209.21888500	-647461612.50431824	-675183416.56894553	  -3432.84944188	    -71.71772248	    -52.83635974	   -279.16874193	  -5589.79737275	-255910.07810991	-50831795.54239562	    -48.94929268	-106044.40248541	-128205.20795105	-1478898.27176714	-1557144.83399158	    -62.17828501	-547189191.14405692	  -1718.51921906	-34316513.74008921	-1094016.95962857	      0.00000000	   -564.56532668	-573404.32135251	   -577.15976870	      0.00000000	      0.00000000
      0.83000000	-10502619.17582334	-1620658.99164768	-30785269.75024549	-1641932.99377598	-4856463.89143815	      0.00000000	      0.00000000	-688365.07643474	   -675.29242977	    -54.86625617	 -99795.45963812	 -86086.09726091	 -55390.78456579	-306209.44710701	-178397781.48514369	-252614228.13022372	-295502139.93197685	  -3240.80886104	    -75.45696774	    -56.58326952	   -261.17570980	  -5487.50458094	-251481.82814706	-46719896.00650968	-1990990.64476363	-107637.95185892	-131248.32057315	-1478825.32099650	-11574722.73966016	      0.19525461	-595900338.76332510	  -1614.68897199	-12722740.13891654	-1094937.98082051	   -351.11126086	   -616.30703199	-576536.61942980	-617443.14815951	-1300321.66000992	-803188.29230638	    -20.12366215	    -22.94440486	-49016194.19158810	-5021442.42473647	-1346722.22498790	      0.00000000	 -53087.17262837	-2807639.90565210	   -618.65839685	    -49.93394765	 -97722.29388951	 -83346.52486416	 -55570.42496014	-307043.95028225	-487998609.86899906	-638497326.68923521	-659171184.82897139	  -3432.84944188	    -71.71772248	    -52.83635974	   -279.16874193	  -5589.79737275	-255910.07810991	-50117088.55157266	    -48.94929268	-106044.40248541	-128205.20795105	-1478898.27176714	-1705169.71000862	    -62.17828501	-550691507.43867695	  -1718.51921906	-33348760.41908380	-1094016.95962857	      0.00000000	   -564.56532668	-573404.32135251	  -1183.23258913	      2.56320584	      0.00000000
      0.84000000	-9734377.95584424	-1413808.04188772	-32700150.58251517	-1869681.13791231	-5331807.56904281	      0.00000000	      0.00000000	-442981.19577530	   -675.29242977	    -54.86625617	 -99795.45963812	 -86086.09726091	 -55390.78456579	-306209.44710701	-191266582.31141517	-271540955.66971630	-320833248.85233176	  -3240.80886104	    -75.45696774	    -56.58326952	   -261.17570980	  -5487.50458094	-251481.82814706	-45163137.63767669	-1612094.96286863	-107637.95185892	-131248.32057315	-1478825.32099650	-10884093.32737099	   -118.16910278	-582899726.42632318	  -1614.68897199	-12380437.65985762	-1094937.98082051	   -116.19318931	   -616.30703199	-576536.61942980	-844084.44907664	-1835855.71981851	-1146744.45651773	    -20.12366215	    -22.94440486	-47160588.71638141	-4757209.60603025	-1022914.31989150	      0.00000000	 -33853.29065605	-2773105.59898141	   -618.65839685	    -49.93394765	 -97722.29388951	 -83346.52486416	 -55570.42496014	-307043.95028225	-480905383.52024323	-628021418.89281404	-642185762.94570506	  -3432.84944188	    -71.71772248	    -52.83635974	   -279.16874193	  -5589.79737275	-255910.07810991	-49563408.47266466	    -48.94929268	-106044.40248541	-128205.20795105	-1478898.27176714	-1884360.07705553	    -62.17828501	-554845852.73341155	  -1718.51921906	-32462464.86983636	-1094016.95962857	      0.00000000	   -564.56532668	-573404.32135251	  -1609.46621404	      0.57176791	      0.39175550
      0.85000000	-8819215.45243939	-1193074.36600232	-34629079.79580519	-2114034.81278056	-5747005.59941057	      0.00000000	      0.00000000	-261503.58088495	   -675.29242977	    -54.86625617	 -99795.45963812	 -86086.09726091	 -55390.78456579	-306209.44710701	-205113582.94773313	-291608783.50785899	-346908347.41517109	  -3240.80886104	    -75.45696774	    -56.58326952	   -261.17570980	  -5487.50458094	-251481.82814706	-43684423.34305643	-1267182.98473580	-107637.95185892	-131248.32057315	-1478825.32099650	-10184308.84944183	   -365.11036314	-570248341.54187667	  -1614.68897199	-12143598.95590372	-1094937.98082051	    -11.45954620	   -616.30703199	-576536.61942980	-1080771.09262914	-2396322.21549372	-1510856.69762299	    -20.12366215	    -22.94440486	-45340285.06998509	-4494586.47797148	-764803.84165583	      0.00000000	 -21071.16622747	-2767638.83084119	   -618.65839685	    -49.93394765	 -97722.29388951	 -83346.52486416	 -55570.42496014	-307043.95028225	-472707040.10699707	-616341715.94013941	-624588619.66441512	  -3432.84944188	    -71.71772248	    -52.83635974	   -279.16874193	  -5589.79737275	-255910.07810991	-49163134.87967210	    -48.94929268	-106044.40248541	-128205.20795105	-1478898.27176714	-2091982.74640356	    -62.17828501	-559506509.30106413	  -1718.51921906	-31660753.84516397	-1094016.95962857	      0.00000000	   -564.56532668	-573404.32135251	  -1685.16870715	     -0.61247559	      0.66691514
      0.86000000	-7696772.36563679	-953739.63072048	-36496827.83445422	-2370239.76112418	-6027708.02005907	      0.00000000	      0.00000000	-137552.80183124	   -675.29242977	    -54.86625617	 -99795.45963812	 -86086.09726091	 -55390.78456579	-306209.44710701	-220324981.73823377	-313163209.64608109	-373510279.70518476	  -3240.80886104	    -75.45696774	    -56.58326952	   -261.17570980	  -5487.50458094	-251481.82814706	-42274984.31804169	-956311.26792415	-107637.95185892	-131248.32057315	-1478825.32099650	-9465129.58960177	   -571.03516640	-558169258.71717787	  -1614.68897199	-12021304.67108919	-1094937.98082051	      0.05688391	   -616.30703199	-576536.61942980	-1312546.31575417	-2943869.11270284	-1870422.96293747	    -20.12366215	    -22.94440486	-43683301.12487918	-4248820.62146499	-584919.73185019	      0.00000000	 -12676.35926766	-2789646.79447576	   -618.65839685	    -49.93394765	 -97722.29388951	 -83346.52486416	 -55570.42496014	-307043.95028225	-463685395.44613039	-603985270.28443813	-607488186.02353525	  -3432.84944188	    -71.71772248	    -52.83635974	   -279.16874193	  -5589.79737275	-255910.07810991	-48953461.28899993	    -48.94929268	-106044.40248541	-128205.20795105	-1478898.27176714	-2322673.22724754	    -62.17828501	-564412617.28594172	  -1718.51921906	-30979248.72245744	-1094016.95962857	      0.00000000	   -564.56532668	-573404.32135251	  -1394.39466931	      2.63340783	      0.01345630
      0.87000000	-6507233.00342904	-723436.66339329	-38261591.43044025	-2630001.90388398	-6193049.23311953	      0.00000000	      0.00000000	 -62029.92274486	   -675.29242977	    -54.86625617	 -99795.45963812	 -86086.09726091	 -55390.78456579	-306209.44710701	-236029699.11858553	-335065210.24959928	-399530362.65616953	  -3240.80886104	    -75.45696774	    -56.58326952	   -261.17570980	  -5487.50458094	-251481.82814706	-41003169.78688814	-694372.87511846	-107637.95185892	-131248.32057315	-1478825.32099650	-8761858.29699845	   -621.72657753	-547050262.95400023	  -1614.68897199	-12009298.65383748	-1094937.98082051	      0.00000000	   -616.30703199	-576536.61942980	-1522647.10087465	-3437845.49804020	-2197723.82212231	    -20.12366215	    -22.94440486	-42118856.07412632	-4008937.77535592	-459983.04518761	      0.00000000	  -7154.50789926	-2836614.16752445	   -618.65839685	    -49.93394765	 -97722.29388951	 -83346.52486416	 -55570.42496014	-307043.95028225	-453599239.32670087	-590575560.88239586	-590242786.89169073	  -3432.84944188	    -71.71772248	    -52.83635974	   -279.16874193	  -5589.79737275	-255910.07810991	-48913449.66461347	    -48.94929268	-106044.40248541	-128205.20795105	-1478898.27176714	-2587575.60754096	    -62.17828501	-569732925.92902052	  -1718.51921906	-30373873.06918344	-1094016.95962857	      0.00000000	   -564.56532668	-573404.32135251	   -888.98349340	      0.17681789	      0.00000000
      0.88000000	-5291769.87720512	-509582.15115833	-39982576.12136401	-2899264.74420001	-6269429.57473284	      0.00000000	      0.00000000	 -21745.45923634	   -675.29242977	    -54.86625617	 -99795.45963812	 -86086.09726091	 -55390.78456579	-306209.44710701	-252481324.23475754	-357690623.83473629	-425564975.24997967	  -3240.80886104	    -75.45696774	    -56.58326952	   -261.17570980	  -5487.50458094	-251481.82814706	-39888576.82283396	-474135.29922858	-107637.95185892	-131248.32057315	-1478825.32099650	-8063150.20767217	   -475.64129939	-536776962.17804807	  -1614.68897199	-12124929.47438017	-1094937.98082051	      0.00000000	   -616.30703199	-576536.61942980	-1703162.20482279	-3859833.08821972	-2479400.04193446	    -20.12366215	    -22.94440486	-40756093.50175107	-3793700.37427464	-386317.45868873	      0.00000000	  -4044.96651991	-2899059.90196421	   -618.65839685	    -49.93394765	 -97722.29388951	 -83346.52486416	 -55570.42496014	-307043.95028225	-442936484.23405558	-576801854.16614461	-573879491.16136634	  -3432.84944188	    -71.71772248	    -52.83635974	   -279.16874193	  -5589.79737275	-255910.07810991	-49022650.77278115	    -48.94929268	-106044.40248541	-128205.20795105	-1478898.27176714	-2870101.22475574	    -62.17828501	-574959941.31259823	  -1718.51921906	-29864078.73824590	-1094016.95962857	      0.00000000	   -564.56532668	-573404.32135251	   -419.47255969	      0.00000000	      0.00000000
      0.89000000	-4127187.27776962	-325423.96860924	-41680069.00999380	-3178118.10864709	-6287942.65832209	      0.00000000	      0.00000000	  -6564.13753464	   -675.29242977	    -54.86625617	 -99795.45963812	 -86086.09726091	 -55390.78456579	-306209.44710701	-269415143.97508365	-380726962.51261610	-451483724.36457300	  -3240.80886104	    -75.45696774	    -56.58326952	   -261.17570980	  -5487.50458094	-251481.82814706	-38964783.89661692	-296980.24010340	-107637.95185892	-131248.32057315	-1478825.32099650	-7378195.06594540	   -221.75657585	-527423727.08593017	  -1614.68897199	-12374081.23195939	-1094937.98082051	      0.00000000	   -616.30703199	-576536.61942980	-1847230.40943167	-4194753.29463269	-2704321.25287128	    -20.12366215	    -22.94440486	-39553391.21985388	-3597441.21752863	-346300.75717459	      0.00000000	  -2146.31159384	-2975719.37018541	   -618.65839685	    -49.93394765	 -97722.29388951	 -83346.52486416	 -55570.42496014	-307043.95028225	-432039045.53107405	-562965879.84649777	-558333210.43706226	  -3432.84944188	    -71.71772248	    -52.83635974	   -279.16874193	  -5589.79737275	-255910.07810991	-49256102.29825255	    -48.94929268	-106044.40248541	-128205.20795105	-1478898.27176714	-3167598.18743001	    -62.17828501	-580138930.91277432	  -1718.51921906	-29434452.47034296	-1094016.95962857	      0.00000000	   -564.56532668	-573404.32135251	    -94.90039083	      0.00000000	      0.00000000
      0.90000000	-3042800.04468451	-178198.63681796	-43215817.36391001	-3449109.02104481	-6195937.54058202	      0.00000000	      0.00000000	  -2064.79062899	   -675.29242977	    -54.86625617	 -99795.45963812	 -86086.09726091	 -55390.78456579	-306209.44710701	-286319279.66937470	-403350156.95051956	-475906254.40832227	  -3240.80886104	    -75.45696774	    -56.58326952	   -261.17570980	  -5487.50458094	-251481.82814706	-38237625.24329050	-166456.96486099	-107637.95185892	-131248.32057315	-1478825.32099650	-6721138.08253084	    -25.98220055	-519458148.22286737	  -1614.68897199	-12743854.20870046	-1094937.98082051	      0.00000000	   -616.30703199	-576536.61942980	-1945043.70610652	-4421114.19109999	-2857029.99608700	    -20.12366215	    -22.94440486	-38468395.22007493	-3409525.19085666	-338340.77698881	      0.00000000	   -995.84643331	-3071974.72555301	   -618.65839685	    -49.93394765	 -97722.29388951	 -83346.52486416	 -55570.42496014	-307043.95028225	-420561189.92954677	-548635283.31019008	-543120936.64474869	  -3432.84944188	    -71.71772248	    -52.83635974	   -279.16874193	  -5589.79737275	-255910.07810991	-49645884.98176210	    -48.94929268	-106044.40248541	-128205.20795105	-1478898.27176714	-3496778.64763276	    -62.17828501	-585563406.47729909	  -1718.51921906	-29067974.67381173	-1094016.95962857	      0.00000000	   -564.56532668	-573404.32135251	      0.92264218	      0.00000000	      0.00000000
      0.91000000	-2135111.52299382	 -76185.76025052	-44846233.31089880	-3737264.99710862	-6150941.65766154	      0.00000000	      0.00000000	   -753.26803866	   -675.29242977	    -54.86625617	 -99795.45963812	 -86086.09726091	 -55390.78456579	-306209.44710701	-303311379.76106447	-426054507.02232057	-500654424.30322516	  -3240.80886104	    -75.45696774	    -56.58326952	   -261.17570980	  -5487.50458094	-251481.82814706	-37743634.31510286	 -73822.66963059	-107637.95185892	-131248.32057315	-1478825.32099650	-6081893.25302328	    -14.62915315	-512216249.60270274	  -1614.68897199	-13254142.99832727	-1094937.98082051	      0.00000000	   -616.30703199	-576536.61942980	-2005448.01534139	-4560464.87178897	-2951321.35141833	    -20.12366215	    -22.94440486	-37521586.91288799	-3244460.81300846	-346772.59763836	      0.00000000	   -387.37540885	-3171916.60572179	   -618.65839685	    -49.93394765	 -97722.29388951	 -83346.52486416	 -55570.42496014	-307043.95028225	-409046507.08113587	-534393508.01094961	-528621199.68002939	  -3432.84944188	    -71.71772248	    -52.83635974	   -279.16874193	  -5589.79737275	-255910.07810991	-50084987.32202255	    -48.94929268	-106044.40248541	-128205.20795105	-1478898.27176714	-3827240.61357531	    -62.17828501	-590627620.33096027	  -1718.51921906	-28756603.67860048	-1094016.95962857	      0.00000000	   -564.56532668	-573404.32135251	      0.00000000	      0.00000000	      0.00000000
      0.92000000	-1355204.48080063	 -18096.22755734	-46263082.84275625	-4007857.54373725	-5992415.30519788	      0.00000000	      0.00000000	   -662.48587724	   -675.29242977	    -54.86625617	 -99795.45963812	 -86086.09726091	 -55390.78456579	-306209.44710701	-319934485.14964849	-447870549.36064607	-523308988.88957548	  -3240.80886104	    -75.45696774	    -56.58326952	   -261.17570980	  -5487.50458094	-251481.82814706	-37466845.26079076	 -22364.26198663	-107637.95185892	-131248.32057315	-1478825.32099650	-5483234.93613731	    -59.27351867	-506609823.72233236	  -1614.68897199	-13896652.91761577	-1094937.98082051	      0.00000000	   -616.30703199	-576536.61942980	-2011572.68548792	-4574575.12311726	-2960881.11875370	    -20.12366215	    -22.94440486	-36690446.55927774	-3087435.43613571	-386392.10572307	      0.00000000	    -98.78834838	-3291545.98754904	   -618.65839685	    -49.93394765	 -97722.29388951	 -83346.52486416	 -55570.42496014	-307043.95028225	-397126239.16914040	-519836938.70173120	-514539006.87260103	  -3432.84944188	    -71.71772248	    -52.83635974	   -279.16874193	  -5589.79737275	-255910.07810991	-50677226.85357045	    -48.94929268	-106044.40248541	-128205.20795105	-1478898.27176714	-4187487.57661391	    -62.17828501	-595895009.24293554	  -1718.51921906	-28506802.92786922	-1094016.95962857	      0.00000000	   -564.56532668	-573404.32135251	      0.00000000	      0.00000000	      0.00000000
      0.93000000	-812313.28989546	  -1766.06869129	-47837022.31821231	-4294935.04840381	-5972857.27885513	      0.00000000	      0.00000000	  -1054.67738043	   -675.29242977	    -54.86625617	 -99795.45963812	 -86086.09726091	 -55390.78456579	-306209.44710701	-335724637.91904473	-468750968.53490472	-545980869.59592557	  -3240.80886104	    -75.45696774	    -56.58326952	   -261.17570980	  -5487.50458094	-251481.82814706	-37437792.73904967	  -3478.95054075	-107637.95185892	-131248.32057315	-1478825.32099650	-4931913.69514167	    -59.27351867	-501584223.39082932	  -1614.68897199	-14656145.65993587	-1094937.98082051	      0.00000000	   -616.30703199	-576536.61942980	-1988040.89761592	-4520342.30212186	-2924150.29227935	    -20.12366215	    -22.94440486	-35855575.38065369	-2937961.59936587	-418061.86183739	      0.00000000	     -0.19890073	-3403402.13844373	   -618.65839685	    -49.93394765	 -97722.29388951	 -83346.52486416	 -55570.42496014	-307043.95028225	-385473195.10968679	-505418904.16017103	-500288140.57747942	  -3432.84944188	    -71.71772248	    -52.83635974	   -279.16874193	  -5589.79737275	-255910.07810991	-51214888.32961114	    -47.69656378	-106044.40248541	-128205.20795105	-1478898.27176714	-4546759.87500216	    -62.17828501	-600889536.26509202	  -1718.51921906	-28237629.21426370	-1094016.95962857	      0.00000000	   -564.56532668	-573404.32135251	      0.00000000	      0.00000000	      0.00000000
      0.94000000	-404332.40491280	    -22.07365897	-49230937.52919844	-4563069.07071397	-5881921.24919262	      0.00000000	      0.00000000	  -2994.21761302	   -675.29242977	    -54.86625617	 -99795.45963812	 -86086.09726091	 -55390.78456579	-306209.44710701	-351075744.74507850	-488507864.55485451	-566667080.62680006	  -3240.80886104	    -75.45696774	    -56.58326952	   -261.17570980	  -5487.50458094	-251481.82814706	-37623663.02184038	     -2.47721303	-107637.95185892	-131248.32057315	-1478825.32099650	-4427408.08499365	    -59.27351867	-498057048.22923732	  -1614.68897199	-15548131.40466692	-1094937.98082051	      0.00000000	   -616.30703199	-576536.61942980	-1915837.83380053	-4353616.02047527	-2811435.02227932	    -20.12366215	    -22.94440486	-35091919.87592758	-2794642.50228935	-469812.96006451	      0.00000000	      0.00500216	-3527749.90536545	   -618.65839685	    -49.93394765	 -97722.29388951	 -83346.52486416	 -55570.42496014	-307043.95028225	-373841551.16503847	-490966214.71323222	-486368299.91888738	  -3432.84944188	    -71.71772248	    -52.83635974	   -279.16874193	  -5589.79737275	-255910.07810991	-51843355.10017066	  -2540.65633417	-106044.40248541	-128205.20795105	-1478898.27176714	-4924771.93175493	    -62.17828501	-605971603.37280250	  -1718.51921906	-28007030.79721621	-1094016.95962857	      0.00000000	   -564.56532668	-573404.32135251	      0.00000000	      0.00000000	      0.00000000
      0.95000000	-165102.88302055	    -22.07365897	-50882784.62464096	-4861785.95736422	-5962555.41295522	      0.00000000	      0.00000000	  -9666.63975102	   -675.29242977	    -54.86625617	 -99795.45963812	 -86086.09726091	 -55390.78456579	-306209.44710701	-366133825.33049619	-507848349.94228667	-588296155.91591275	  -3240.80886104	    -75.45696774	    -56.58326952	   -261.17570980	  -5487.50458094	-251481.82814706	-38116852.35454480	    -48.53886517	-107637.95185892	-131248.32057315	-1478825.32099650	-3953753.76403593	    -59.27351867	-495037398.00198787	  -1614.68897199	-16638268.54693562	-1094937.98082051	      0.00000000	   -616.30703199	-576536.61942980	-1806811.73040988	-4100968.22243645	-2641215.83144235	    -20.12366215	    -22.94440486	-34390589.22038747	-2672237.22090283	-515879.75085753	      0.00000000	     -0.00000000	-3651372.53542187	   -618.65839685	    -49.93394765	 -97722.29388951	 -83346.52486416	 -55570.42496014	-307043.95028225	-362348151.41787505	-476589619.26571816	-472759716.80905282	  -3432.84944188	    -71.71772248	    -52.83635974	   -279.16874193	  -5589.79737275	-255910.07810991	-52423401.97201685	 -11515.90339077	-106044.40248541	-128205.20795105	-1478898.27176714	-5279221.39030473	    -62.17828501	-610516817.25408328	  -1718.51921906	-27821769.63743002	-1094016.95962857	      0.00000000	   -564.56532668	-573404.32135251	      0.00000000	      0.00000000	      0.00000000
      0.96000000	 -37605.29870923	    -22.07365897	-51800071.32852019	-5056654.28353325	-5817018.22552518	      0.00000000	      0.00000000	 -28593.57497683	   -675.29242977	    -54.86625617	 -99795.45963812	 -86086.09726091	 -55390.78456579	-306209.44710701	-377923169.43211633	-522215631.95547682	-602450345.04799926	  -3240.80886104	    -75.45696774	    -56.58326952	   -261.17570980	  -5487.50458094	-251481.82814706	-38688343.36029761	    -48.53886517	-107637.95185892	-131248.32057315	-1478825.32099650	-3609930.46615176	    -59.27351867	-494585370.47246861	  -1614.68897199	-17663450.26349287	-1094937.98082051	      0.00000000	   -616.30703199	-576536.61942980	-1663849.38634605	-3768144.35318591	-2418035.83407578	    -20.12366215	    -22.94440486	-33416686.50025351	-2500435.06444954	-560425.43141775	      0.00000000	     -0.00000000	-3788066.80848920	   -618.65839685	    -49.93394765	 -97722.29388951	 -83346.52486416	 -55570.42496014	-307043.95028225	-349686696.68354195	-460008948.62063336	-455879634.73458201	  -3432.84944188	    -71.71772248	    -52.83635974	   -279.16874193	  -5589.79737275	-255910.07810991	-53098988.93117632	 -37457.72348162	-106044.40248541	-128205.20795105	-1478898.27176714	-5745288.17502736	    -62.17828501	-616479620.89485264	  -1718.51921906	-27478892.59421750	-1094016.95962857	      0.00000000	   -564.56532668	-573404.32135251	      0.00000000	      0.00000000	      0.00000000
      0.97000000	  -1829.98544367	    -22.07365897	-52835697.54618865	-5263060.01493751	-5776681.73016274	      0.00000000	      0.00000000	 -72842.11699651	   -675.29242977	    -54.86625617	 -99795.45963812	 -86086.09726091	 -55390.78456579	-306209.44710701	-389074853.65330583	-535889593.31664830	-616624012.29193354	  -3240.80886104	    -75.45696774	    -56.58326952	   -261.17570980	  -5487.50458094	-251481.82814706	-39541746.63605606	    -48.53886517	-107637.95185892	-131248.32057315	-1478825.32099650	-3295429.50779839	    -59.27351867	-494905291.04895884	  -1614.68897199	-18885540.54283257	-1094937.98082051	      0.00000000	   -616.30703199	-576536.61942980	-1486247.90497070	-3352467.70262570	-2140965.75721829	    -20.12366215	    -22.94440486	-32505169.05745429	-2346991.69528587	-597482.56595628	      0.00000000	     -0.00000000	-3924190.20919976	   -618.65839685	    -49.93394765	 -97722.29388951	 -83346.52486416	 -55570.42496014	-307043.95028225	-337716036.58534479	-444103579.26330072	-439683630.97406638	  -3432.84944188	    -71.71772248	    -52.83635974	   -279.16874193	  -5589.79737275	-255910.07810991	-53736368.67111995	 -84787.00603549	-106044.40248541	-128205.20795105	-1478898.27176714	-6188206.90918085	    -62.17828501	-621992920.36831725	  -1718.51921906	-27177892.22388412	-1094016.95962857	      0.00000000	   -564.56532668	-573404.32135251	      0.00000000	      0.00000000	      0.00000000
      0.98000000	    -19.68504744	    -22.07365897	-53831488.29812316	-5452510.93893654	-5825119.81635066	      0.00000000	      0.00000000	-148653.24880025	   -675.29242977	    -54.86625617	 -99795.45963812	 -86086.09726091	 -55390.78456579	-306209.44710701	-398194815.51992446	-547158119.25567651	-628923592.05473435	  -3240.80886104	    -75.45696774	    -56.58326952	   -261.17570980	  -5487.50458094	-251481.82814706	-40627610.48452208	    -48.53886517	-107637.95185892	-131248.32057315	-1478825.32099650	-3044994.07493496	    -59.27351867	-496253705.48673284	  -1614.68897199	-20212703.44152078	-1094937.98082051	      0.00000000	   -616.30703199	-576536.61942980	-1287742.29883150	-2885382.54537476	-1831848.41235495	  -2820.59289787	    -22.94440486	-31456405.77121961	-2185810.59954827	-601310.52042685	      0.00000000	     -0.00000000	-4060981.76363286	   -618.65839685	    -49.93394765	 -97722.29388951	 -83346.52486416	 -55570.42496014	-307043.95028225	-325481158.63179314	-427489848.06826806	-421970468.99627537	  -3432.84944188	    -71.71772248	    -52.83635974	   -279.16874193	  -5589.79737275	-255910.07810991	-54305062.69961411	-156165.13802989	-106044.40248541	-128205.20795105	-1478898.27176714	-6648559.16201217	    -62.17828501	-627681604.65489054	  -1718.51921906	-26823865.38882985	-1094016.95962857	      0.00000000	   -564.56532668	-573404.32135251	      0.00000000	      0.00000000	      0.00000000
      0.99000000	    -19.68504744	    -22.07365897	-54656669.62991573	-5614127.24229491	-5860518.62253754	      0.00000000	      0.00000000	-267621.32467879	   -675.29242977	    -54.86625617	 -99795.45963812	 -86086.09726091	 -55390.78456579	-306209.44710701	-405743204.11695224	-556391044.95049357	-638895214.85158730	  -3240.80886104	    -75.45696774	    -56.58326952	   -261.17570980	  -5487.50458094	-251481.82814706	-41899554.92104606	    -48.53886517	-107637.95185892	-131248.32057315	-1478825.32099650	-2843050.89340866	    -59.27351867	-498779293.72590166	  -1614.68897199	-21655166.89090089	-1094937.98082051	      0.00000000	   -616.30703199	-576536.61942980	-1071269.39130442	-2373835.61554374	-1496167.76462122	 -58227.15415413	   -246.34225734	-30395909.29715763	-2026911.79496521	-598616.41120330	      0.00000000	     -0.00000000	-4196522.13949842	   -618.65839685	    -49.93394765	 -97722.29388951	 -83346.52486416	 -55570.42496014	-307043.95028225	-313457426.78542167	-411002350.28100413	-404120441.13782638	  -3432.84944188	    -71.71772248	    -52.83635974	   -279.16874193	  -5589.79737275	-255910.07810991	-54862492.60436461	-249759.45487057	-106044.40248541	-128205.20795105	-1478898.27176714	-7122234.39238105	    -62.17828501	-633357213.61970091	  -1718.51921906	-26451959.31607478	-1094016.95962857	      0.00000000	   -564.56532668	-573404.32135251	      0.00000000	      0.00000000	      0.00000000
      1.00000000	    -19.68504744	    -22.07365897	-55359611.48341682	-5750912.87039393	-5929312.66432375	      0.00000000	      0.00000000	-438172.90451943	   -675.29242977	    -54.86625617	 -99795.45963812	 -86086.09726091	 -55390.78456579	-306209.44710701	-411279964.34008133	-563198950.80250239	-646612797.26218605	  -3240.80886104	    -75.45696774	    -56.58326952	   -261.17570980	  -5487.50458094	-251481.82814706	-43366976.15481229	    -48.53886517	-107637.95185892	-131248.32057315	-1478825.32099650	-2693558.10516418	    -59.27351867	-502340580.34280872	  -1614.68897199	-23204417.75352773	-1094937.98082051	      0.00000000	   -616.30703199	-576536.61942980	-849397.02143958	-1848434.74260781	-1154868.43304694	-193708.62601067	  -5345.04253654	-29252371.75548577	-1864731.62563375	-572778.56817601	      0.00000000	     -0.00000000	-4332408.48498538	   -618.65839685	    -49.93394765	 -97722.29388951	 -83346.52486416	 -55570.42496014	-307043.95028225	-301510048.87116468	-394335063.04463762	-385446955.58986759	  -3432.84944188	    -71.71772248	    -52.83635974	   -279.16874193	  -5589.79737275	-255910.07810991	-55378383.58822519	-369281.41148861	-106044.40248541	-128205.20795105	-1478898.27176714	-7615854.16522470	    -62.17828501	-639157771.87455153	  -1718.51921906	-26042911.44286694	-1094016.95962857	      0.00000000	   -564.56532668	-573404.32135251	      0.00000000	      0.00000000	      0.00000000
      1.01000000	    -19.68504744	    -22.07365897	-55898771.58165682	-5862349.53513556	-5971424.91584925	      0.00000000	      0.00000000	-668646.88610448	   -675.29242977	    -54.86625617	 -99795.45963812	 -86086.09726091	 -55390.78456579	-306209.44710701	-415524236.97714663	-568343101.77107418	-652348270.10138297	  -3240.80886104	    -75.45696774	    -56.58326952	   -261.17570980	  -5487.50458094	-251481.82814706	-44980068.53640264	    -48.53886517	-107637.95185892	-131248.32057315	-1478825.32099650	-2578013.05787024	    -59.27351867	-506821392.17717600	  -1614.68897199	-24868460.22281907	-1094937.98082051	      0.00000000	   -616.30703199	-576536.61942980	-633012.41506724	-1336997.97245194	-826564.84618130	-394987.09101831	 -22914.15203161	-28131481.11774455	-1709558.20400745	-543247.72345516	      0.00000000	     -0.00000000	-4464273.26646178	   -618.65839685	    -49.93394765	 -97722.29388951	 -83346.52486416	 -55570.42496014	-307043.95028225	-290111265.11596715	-378243427.10777396	-367157658.87759423	  -3432.84944188	    -71.71772248	    -52.83635974	   -279.16874193	  -5589.79737275	-255910.07810991	-55879249.81521357	-509475.34530256	-106044.40248541	-128205.20795105	-1478898.27176714	-8115271.91033508	    -62.17828501	-644818069.27818954	  -1718.51921906	-25628306.49098354	-1094016.95962857	      0.00000000	   -564.56532668	-573404.32135251	      0.00000000	      0.00000000	      0.00000000
      1.02000000	    -19.68504744	    -22.07365897	-56223559.82231914	-5930999.73006974	-6050776.21494869	      0.00000000	      0.70947365	-961763.11822690	   -675.29242977	    -54.86625617	 -99795.45963812	 -86086.09726091	 -55390.78456579	-306209.44710701	-416592907.17347062	-569723990.05595434	-654580242.55982482	  -3240.80886104	    -75.45696774	    -56.58326952	   -261.17570980	  -5487.50458094	-251481.82814706	-46752923.63069885	    -48.53886517	-107637.95185892	-131248.32057315	-1478825.32099650	-2533866.70137825	    -59.27351867	-512438989.26840824	  -1614.68897199	-26565828.90012360	-1094937.98082051	      0.00000000	   -616.30703199	-576536.61942980	-434170.22347169	-871252.97285998	-531519.03186898	-661955.50945014	 -62950.88736249	-26826799.83271741	-1541520.30529733	-483317.92123077	      0.00000000	     -0.00000000	-4599297.56562083	   -618.65839685	    -49.93394765	 -97722.29388951	 -83346.52486416	 -55570.42496014	-307043.95028225	-277643948.13740081	-360419186.97239614	-346324524.34135312	  -3432.84944188	    -71.71772248	    -52.83635974	   -279.16874193	  -5589.79737275	-255910.07810991	-56332342.79411559	-694894.15029789	-106044.40248541	-128205.20795105	-1478898.27176714	-8674588.79868230	    -62.17828501	-650928710.10614443	  -1718.51921906	-25125091.06559838	-1094016.95962857	      0.00000000	   -564.56532668	-573404.32135251	      0.00000000	      0.00000000	      0.00000000
      1.03000000	    -19.68504744	    -22.07365897	-56422605.78640091	-5980879.33845966	-6110868.70924273	      0.00000000	  -1079.37684921	-1318578.93916957	   -675.29242977	    -54.86625617	 -99795.45963812	 -86086.09726091	 -55390.78456579	-306209.44710701	-416569321.90361881	-569734481.64392805	-655244572.85455263	  -3240.80886104	    -75.45696774	    -56.58326952	   -261.17570980	  -5487.50458094	-251481.82814706	-48617132.25705179	    -48.53886517	-107637.95185892	-131248.32057315	-1478825.32099650	-2513560.89847018	    -59.27351867	-518600229.39605373	  -1614.68897199	-28350145.75231404	-1094937.98082051	      0.00000000	   -616.30703199	-576536.61942980	-260751.78746800	-474626.43575304	-283826.92351734	-974295.62949446	-121942.58400186	-25561110.76645091	-1384020.61116776	-422900.64680981	      0.00000000	     -0.00000000	-4730456.56048573	   -618.65839685	    -49.93394765	 -97722.29388951	 -83346.52486416	 -55570.42496014	-307043.95028225	-265702200.89886990	-343184628.33111137	-325993664.87811911	  -3432.84944188	    -71.71772248	    -52.83635974	   -279.16874193	  -5589.79737275	-255910.07810991	-56768641.45898410	-905937.52695500	-106044.40248541	-128205.20795105	-1478898.27176714	-9239292.68169260	    -62.17828501	-656833943.62553489	  -1718.51921906	-24626343.19989309	-1094016.95962857	      0.00000000	   -564.56532668	-573404.32135251	      0.00000000	      0.00000000	      0.00000000
      1.04000000	    -19.68504744	    -22.07365897	-56631184.06236049	-6036732.84400751	-6133701.96357010	      0.00000000	  -6718.85475149	-1735956.44134425	   -675.29242977	    -54.86625617	 -99795.45963812	 -86086.09726091	 -55390.78456579	-306209.44710701	-417465572.02092445	-570767420.94940090	-656587504.33522522	  -3240.80886104	    -75.45696774	    -56.58326952	   -261.17570980	  -5487.50458094	-251481.82814706	-50523375.89672359	    -48.53886517	-107637.95185892	-131248.32057315	-1478825.32099650	-2475359.19323639	    -59.27351867	-524701905.72755742	  -1614.68897199	-30277921.52648059	-1094937.98082051	      0.00000000	   -616.30703199	-576536.61942980	-122722.23609909	-178621.75797583	-102459.64267844	-1278836.34827337	-187064.90661831	-24477848.37853457	-1252766.98331135	-370869.98092824	      0.00000000	     -0.00000000	-4846985.73961359	   -618.65839685	    -49.93394765	 -97722.29388951	 -83346.52486416	 -55570.42496014	-307043.95028225	-255817703.79752433	-328673410.83223158	-308606126.94739240	  -3432.84944188	    -71.71772248	    -52.83635974	   -279.16874193	  -5589.79737275	-255910.07810991	-57161250.66865468	-1111021.67820450	-106044.40248541	-128205.20795105	-1478898.27176714	-9743890.35129503	    -62.17828501	-661944262.22730792	  -1718.51921906	-24198488.79166594	-1094016.95962857	      0.02516478	   -564.56532668	-573404.32135251	      0.00000000	      0.00000000	      0.00000000
      1.05000000	    -19.68504744	    -22.07365897	-56472107.31287029	-6029808.58042078	-6115493.03629416	      0.00000000	 -19396.42771408	-2201550.72704779	   -675.29242977	    -54.86625617	 -99795.45963812	 -86086.09726091	 -55390.78456579	-306209.44710701	-415025602.07853061	-567716202.19843602	-653441757.07171524	  -3240.80886104	    -75.45696774	    -56.58326952	   -261.17570980	  -5487.50458094	-251481.82814706	-52437227.27740750	    -48.53886517	-107637.95185892	-131248.32057315	-1478825.32099650	-2511120.23219236	    -59.27351867	-531767943.47190642	  -1614.68897199	-32088588.88918902	-1094937.98082051	      0.00000000	   -616.30703199	-576536.61942980	 -35516.46110248	 -36851.33123854	 -19147.15606268	-1678773.03039741	-279304.94359153	-23231818.13913015	-1108630.87145408	-311700.93195727	      0.00000000	     -0.00000000	-4967551.93436112	   -618.65839685	    -49.93394765	 -97722.29388951	 -83346.52486416	 -55570.42496014	-307043.95028225	-243930070.70648828	-311343493.26688927	-288083643.91414142	  -3432.84944188	    -71.71772248	    -52.83635974	   -279.16874193	  -5589.79737275	-255910.07810991	-57567177.50903005	-1385903.88370449	-106044.40248541	-128205.20795105	-1478898.27176714	-10353620.09667914	    -62.17828501	-667633632.06443286	  -1718.51921906	-23662394.68615296	-1094016.95962857	     -7.32787355	   -564.56532668	-573404.32135251	      0.00000000	      0.00000000	      0.00000000
      1.06000000	    -19.68504744	    -22.07365897	-56317558.82877851	-6021960.15926342	-6067079.52513242	      0.00000000	 -42579.88216156	-2701306.80701673	   -675.29242977	    -54.86625617	 -99795.45963812	 -86086.09726091	 -55390.78456579	-306209.44710701	-413523110.49549389	-565754645.21872759	-651098136.49150145	  -3240.80886104	    -75.45696774	    -56.58326952	   -261.17570980	  -5487.50458094	-251481.82814706	-54313873.81104912	    -48.53886517	-107637.95185892	-131248.32057315	-1478825.32099650	-2532154.73705060	    -59.27351867	-538506005.35860348	  -1614.68897199	-33927986.98336881	-1094937.98082051	      0.00000000	   -616.30703199	-576536.61942980	  -4329.82810804	  -1030.33969568	   -265.75302115	-2060371.82018644	-374698.20825514	-22113138.22854421	-984760.96928980	-257177.01986865	      0.00000000	     -0.00000000	-5075379.54030864	   -618.65839685	    -49.93394765	 -97722.29388951	 -83346.52486416	 -55570.42496014	-307043.95028225	-233523683.90127182	-295968967.11326623	-269653110.26235217	  -3432.84944188	    -71.71772248	    -52.83635974	   -279.16874193	  -5589.79737275	-255910.07810991	-57925968.08755753	-1663221.02184129	-106044.40248541	-128205.20795105	-1478898.27176714	-10922274.60437407	    -62.17828501	-672701319.55994260	  -1718.51921906	-23174688.68422545	-1094016.95962857	    -82.62778264	   -564.56532668	-573404.32135251	      0.00000000	      0.00000000	      0.00000000
      1.07000000	    -19.68504744	    -22.07365897	-56293220.10882110	-6029417.23559301	-6016753.67342026	      0.00000000	 -82465.17597448	-3217095.76099719	   -675.29242977	    -54.86625617	 -99795.45963812	 -86086.09726091	 -55390.78456579	-306209.44710701	-413982702.72627759	-566178624.41329992	-651104851.08784199	  -3240.80886104	    -75.45696774	    -56.58326952	   -261.17570980	  -5487.50458094	-251481.82814706	-56118239.02907567	    -48.53886517	-107637.95185892	-131248.32057315	-1478825.32099650	-2518263.68322467	    -59.27351867	-544456515.58948231	  -1614.68897199	-35798227.04411479	-1094937.98082051	      0.00000000	   -616.30703199	-576536.61942980	      0.00000000	      0.00000000	      0.00000000	-2368837.16337127	-458559.00841910	-21165456.33080586	-885611.57585103	-206767.00983307	      0.00000000	     -0.00000000	-5158658.21301777	   -618.65839685	    -49.93394765	 -97722.29388951	 -83346.52486416	 -55570.42496014	-307043.95028225	-225123361.27430552	-283367133.55300480	-254244986.99969023	  -3432.84944188	    -71.71772248	    -52.83635974	   -279.16874193	  -5589.79737275	-255910.07810991	-58183049.14298526	-1916859.85166395	-106044.40248541	-128205.20795105	-1478898.27176714	-11406205.15024151	    -62.17828501	-676826846.11301386	  -1718.51921906	-22750421.77894168	-1094016.95962857	   -231.11681319	   -564.56532668	-573404.32135251	      0.00000000	      0.00000000	      0.00000000
      1.08000000	    -19.68504744	    -22.07365897	-56159773.95992847	-6006181.72080632	-5944918.61844862	      0.00000000	-130908.74526464	-3729799.06790725	   -675.29242977	    -54.86625617	 -99795.45963812	 -86086.09726091	 -55390.78456579	-306209.44710701	-414263341.90082830	-566394087.29840255	-650660934.36333287	  -3240.80886104	    -75.45696774	    -56.58326952	   -261.17570980	  -5487.50458094	-251481.82814706	-57786088.51733049	    -48.53886517	-107637.95185892	-131248.32057315	-1478825.32099650	-2520046.06476047	    -59.27351867	-550289817.58513510	  -1614.68897199	-37518282.48131798	-1094937.98082051	      0.00000000	   -616.30703199	-576536.61942980	      0.00000000	      0.00000000	      0.00000000	-2701253.93672998	-551513.80583928	-20232904.90002368	-791770.97010050	-161877.46689644	      0.00000000	     -0.00000000	-5237056.22567861	   -618.65839685	    -49.93394765	 -97722.29388951	 -83346.52486416	 -55570.42496014	-307043.95028225	-216426751.68846437	-270435999.36281431	-238685250.68375722	  -3432.84944188	    -71.71772248	    -52.83635974	   -279.16874193	  -5589.79737275	-255910.07810991	-58431281.34669430	-2198873.72670925	-106044.40248541	-128205.20795105	-1478898.27176714	-11912307.47794395	    -62.17828501	-680844561.07768142	  -1718.51921906	-22314435.46974523	-1094016.95962857	   -494.82548549	   -564.56532668	-573404.32135251	      0.00000000	      0.00000000	      0.00000000
      1.09000000	    -19.68504744	    -22.07365897	-55703053.00497387	-5925838.74611092	-5747171.76799937	      0.00000000	-181235.50142915	-4230524.77643157	   -675.29242977	    -54.86625617	 -99795.45963812	 -86086.09726091	 -55390.78456579	-306209.44710701	-414090989.00541586	-565842666.68316853	-648249389.10448122	  -3240.80886104	    -75.45696774	    -56.58326952	   -261.17570980	  -5487.50458094	-251481.82814706	-59221214.16470026	    -48.53886517	-107637.95185892	-131248.32057315	-1478825.32099650	-2546502.96285302	    -59.27351867	-556389605.24004126	  -1614.68897199	-39019604.89416748	-1094937.98082051	      0.00000000	   -616.30703199	-576536.61942980	      0.00000000	      0.00000000	      0.00000000	-3137258.30212111	-668084.83458687	-19411955.12651876	-706895.80658346	-139930.21920157	      0.00000000	     -0.00000000	-5302503.88139161	   -618.65839685	    -49.93394765	 -97722.29388951	 -83346.52486416	 -55570.42496014	-307043.95028225	-207566982.91952342	-257432414.50843683	-223790557.58655936	  -3432.84944188	    -71.71772248	    -52.83635974	   -279.16874193	  -5589.79737275	-255910.07810991	-58745402.57444166	-2504575.29153000	-106044.40248541	-128205.20795105	-1478898.27176714	-12453535.90639479	    -62.17828501	-684627465.86851490	  -1718.51921906	-21867303.01069696	-1094016.95962857	   -865.11739841	   -564.56532668	-573404.32135251	      0.00000000	      0.00000000	      0.00000000
      1.10000000	    -19.68504744	    -22.07365897	-55777986.28682649	-5898977.54949474	-5759378.30369006	      0.00000000	-242646.39773211	-4681568.32922093	   -675.29242977	    -54.86625617	 -99795.45963812	 -86086.09726091	 -55390.78456579	-306209.44710701	-416719014.11065418	-569167001.59932959	-651486772.92561781	  -3240.80886104	    -75.45696774	    -56.58326952	   -261.17570980	  -5487.50458094	-251481.82814706	-60573746.25225301	    -48.53886517	-107637.95185892	-131248.32057315	-1478825.32099650	-2525212.29358045	    -59.27351867	-560780018.78706634	  -1614.68897199	-40518882.55723294	-1094937.98082051	      0.00000000	   -616.30703199	-576536.61942980	      0.00000000	      0.00000000	      0.00000000	-3352036.70912158	-739173.24901972	-18688432.05220567	-641655.77110649	-102471.93894575	      0.00000000	     -0.00000000	-5333437.74067933	   -618.65839685	    -49.93394765	 -97722.29388951	 -83346.52486416	 -55570.42496014	-307043.95028225	-201488225.73833358	-248079573.65201074	-212087986.93198308	  -3432.84944188	    -71.71772248	    -52.83635974	   -279.16874193	  -5589.79737275	-255910.07810991	-58830687.27508266	-2750267.07646799	-106044.40248541	-128205.20795105	-1478898.27176714	-12851815.79702315	    -62.17828501	-687376073.65219367	  -1718.51921906	-21476192.41243394	-1094016.95962857	  -1315.19035559	   -564.56532668	-573404.32135251	      0.00000000	      0.00000000	      0.00000000
      1.11000000	    -19.68504744	    -22.07365897	-55481232.85165486	-5807127.99541067	-5646579.08594047	      0.00000000	-297469.52733180	-5097271.58947452	   -675.29242977	    -54.86625617	 -99795.45963812	 -86086.09726091	 -55390.78456579	-306209.44710701	-418513162.57070976	-571269624.16736162	-652197423.09206307	  -3240.80886104	    -75.45696774	    -56.58326952	   -261.17570980	  -5487.50458094	-251481.82814706	-61657674.59464370	    -48.53886517	-107637.95185892	-131248.32057315	-1478825.32099650	-2540056.30216504	    -59.27351867	-565601172.66562521	  -1614.68897199	-41711823.53340949	-1094937.98082051	      0.00000000	   -616.30703199	-576536.61942980	      0.00000000	      0.00000000	      0.00000000	-3713931.34151572	-839941.68803451	-18102587.78436936	-584319.80198161	 -90779.92649496	      0.00000000	     -0.00000000	-5348368.62999834	   -618.65839685	    -49.93394765	 -97722.29388951	 -83346.52486416	 -55570.42496014	-307043.95028225	-194916241.65947372	-238364219.97849000	-201085801.99149600	  -3432.84944188	    -71.71772248	    -52.83635974	   -279.16874193	  -5589.79737275	-255910.07810991	-59008377.65942874	-3013574.05410922	-106044.40248541	-128205.20795105	-1478898.27176714	-13288968.93957062	    -62.17828501	-689870178.80395818	  -1718.51921906	-21071732.71823539	-1094016.95962857	  -1830.24901388	   -564.56532668	-573404.32135251	      0.00000000	      0.00000000	      0.00000000
      1.12000000	    -19.68504744	    -22.07365897	-54906817.92407092	-5669363.85660639	-5467460.58083328	      0.00000000	-338355.56863430	-5450085.03157822	   -675.29242977	    -54.86625617	 -99795.45963812	 -86086.09726091	 -55390.78456579	-306209.44710701	-419059400.51494354	-571719088.88851678	-650442964.89855194	  -3240.80886104	    -75.45696774	    -56.58326952	   -261.17570980	  -5487.50458094	-251481.82814706	-62463876.51961412	    -48.53886517	-107637.95185892	-131248.32057315	-1478825.32099650	-2594011.29306197	    -59.27351867	-570491738.92637312	  -1614.68897199	-42539385.20030104	-1094937.98082051	      0.00000000	   -616.30703199	-576536.61942980	      0.00000000	      0.00000000	      0.00000000	-4255057.52831927	-978070.16760168	-17620078.07623840	-532418.26403290	 -99338.42204543	      0.00000000	     -0.00000000	-5345406.42341340	   -618.65839685	    -49.93394765	 -97722.29388951	 -83346.52486416	 -55570.42496014	-307043.95028225	-187254030.55136329	-227591940.01812539	-190122443.39044842	  -3432.84944188	    -71.71772248	    -52.83635974	   -279.16874193	  -5589.79737275	-255910.07810991	-59261536.81561457	-3312245.83381337	-106044.40248541	-128205.20795105	-1478898.27176714	-13783396.93013765	    -62.17828501	-692161065.58360386	  -1718.51921906	-20633630.71115652	-1094016.95962857	  -2459.58863996	   -564.56532668	-573404.32135251	      0.00000000	      0.00000000	      0.00000000
      1.13000000	    -19.68504744	    -22.07365897	-54809019.65663032	-5604802.91409761	-5445902.01382469	      0.00000000	-379372.70848606	-5710094.25576329	   -675.29242977	    -54.86625617	 -99795.45963812	 -86086.09726091	 -55390.78456579	-306209.44710701	-421608563.72218788	-574966458.68807614	-652936604.12802005	  -3240.80886104	    -75.45696774	    -56.58326952	   -261.17570980	  -5487.50458094	-251481.82814706	-63116894.46228182	    -48.53886517	-107637.95185892	-131248.32057315	-1478825.32099650	-2596065.44098039	    -59.27351867	-573358015.70875061	  -1614.68897199	-43275174.09040229	-1094937.98082051	      0.00000000	   -616.30703199	-576536.61942980	      0.00000000	      0.00000000	      0.00000000	-4644654.21540722	-1079408.34908867	-17295868.75793443	-497889.77390403	-106006.24027395	      0.00000000	     -0.00000000	-5302095.73056445	   -618.65839685	    -49.93394765	 -97722.29388951	 -83346.52486416	 -55570.42496014	-307043.95028225	-182296060.92077234	-220457068.31335178	-182767506.11605617	  -3432.84944188	    -71.71772248	    -52.83635974	   -279.16874193	  -5589.79737275	-255910.07810991	-59351164.09582015	-3525435.42403864	-106044.40248541	-128205.20795105	-1478898.27176714	-14134053.72020486	    -62.17828501	-693408674.01047778	  -1718.51921906	-20246397.59948743	-1094016.95962857	  -3075.28076405	   -564.56532668	-573404.32135251	      0.00000000	      0.00000000	      0.00000000
      1.14000000	    -19.68504744	    -22.07365897	-54785741.45762566	-5565072.56467109	-5423440.21176462	      0.00000000	-410019.29281603	-5879857.67585156	   -675.29242977	    -54.86625617	 -99795.45963812	 -86086.09726091	 -55390.78456579	-306209.44710701	-424442546.98223716	-578531567.20849216	-655813349.74139917	  -3240.80886104	    -75.45696774	    -56.58326952	   -261.17570980	  -5487.50458094	-251481.82814706	-63522473.91653893	    -48.53886517	-107637.95185892	-131248.32057315	-1478825.32099650	-2580688.35184810	    -59.27351867	-575101015.85670269	  -1614.68897199	-43780095.62983103	-1094937.98082051	      0.00000000	   -616.30703199	-576536.61942980	      0.00000000	      0.00000000	      0.00000000	-5059352.22154385	-1179815.30448530	-17143363.62892340	-475851.99826992	-128323.62946767	      0.00000000	     -0.00000000	-5221402.47711538	   -618.65839685	    -49.93394765	 -97722.29388951	 -83346.52486416	 -55570.42496014	-307043.95028225	-178380835.32675970	-215003654.77386999	-177798910.99660337	  -3432.84944188	    -71.71772248	    -52.83635974	   -279.16874193	  -5589.79737275	-255910.07810991	-59390113.66142293	-3689798.82929437	-106044.40248541	-128205.20795105	-1478898.27176714	-14418140.89666498	    -62.17828501	-693873752.38920867	  -1718.51921906	-19869443.43545033	-1094016.95962857	  -3599.18643517	   -564.56532668	-573404.32135251	      0.00000000	      0.00000000	      0.00000000
      1.15000000	    -19.68504744	    -22.07365897	-54746114.26382973	-5542339.12421286	-5357700.15904742	      0.00000000	-426648.18978754	-5958500.36709810	   -675.29242977	    -54.86625617	 -99795.45963812	 -86086.09726091	 -55390.78456579	-306209.44710701	-427095340.58986878	-581694528.11798835	-658026862.87908626	  -3240.80886104	    -75.45696774	    -56.58326952	   -261.17570980	  -5487.50458094	-251481.82814706	-63657749.35787232	    -48.53886517	-107637.95185892	-131248.32057315	-1478825.32099650	-2554053.98890748	    -59.27351867	-575905350.22559249	  -1614.68897199	-44026916.79113229	-1094937.98082051	      0.00000000	   -616.30703199	-576536.61942980	      0.00000000	      0.00000000	      0.00000000	-5549174.85732230	-1288995.02872449	-17146193.87885578	-463945.56010511	-173356.25137669	      0.00000000	     -0.00000000	-5107490.08827947	   -618.65839685	    -49.93394765	 -97722.29388951	 -83346.52486416	 -55570.42496014	-307043.95028225	-174744002.88355610	-210367022.50580537	-174552493.75523016	  -3432.84944188	    -71.71772248	    -52.83635974	   -279.16874193	  -5589.79737275	-255910.07810991	-59394859.73974059	-3821630.69797660	-106044.40248541	-128205.20795105	-1478898.27176714	-14659079.53951849	    -62.17828501	-693658209.68714452	  -1718.51921906	-19491920.63227944	-1094016.95962857	  -3996.97015950	   -564.56532668	-573404.32135251	      0.00000000	      0.00000000	      0.00000000
      1.16000000	    -19.68504744	    -22.07365897	-54635267.82529827	-5532452.68267378	-5194554.06381755	      0.00000000	-428926.33335078	-5946103.53983856	   -675.29242977	    -54.86625617	 -99795.45963812	 -86086.09726091	 -55390.78456579	-306209.44710701	-430147027.48384118	-584984362.16794395	-659579233.82242095	  -3240.80886104	    -75.45696774	    -56.58326952	   -261.17570980	  -5487.50458094	-251481.82814706	-63480483.06992078	    -48.53886517	-107637.95185892	-131248.32057315	-1478825.32099650	-2505922.34236056	    -59.27351867	-575824779.39872789	  -1614.68897199	-44017927.66698051	-1094937.98082051	      0.00000000	   -616.30703199	-576536.61942980	      0.00000000	      0.00000000	      0.00000000	-6145301.08126118	-1411036.34772435	-17328596.25625269	-463126.39295853	-255255.05820483	      0.00000000	     -0.00000000	-4958731.03330190	   -618.65839685	    -49.93394765	 -97722.29388951	 -83346.52486416	 -55570.42496014	-307043.95028225	-171230360.91081342	-206463533.36996025	-173155672.69383809	  -3432.84944188	    -71.71772248	    -52.83635974	   -279.16874193	  -5589.79737275	-255910.07810991	-59367404.42869550	-3916904.22807603	-106044.40248541	-128205.20795105	-1478898.27176714	-14852884.88104561	    -62.17828501	-692680518.36043429	  -1718.51921906	-19115985.57824794	-1094016.95962857	  -4193.64781500	   -564.56532668	-573404.32135251	      0.00000000	      0.00000000	      0.00000000
      1.17000000	    -19.68504744	    -22.07365897	-54666572.19575015	-5552796.56435699	-5058446.89395801	      0.00000000	-421190.51621315	-5845075.19574651	   -675.29242977	    -54.86625617	 -99795.45963812	 -86086.09726091	 -55390.78456579	-306209.44710701	-433704637.06689489	-588904245.12742519	-662123418.80781496	  -3240.80886104	    -75.45696774	    -56.58326952	   -261.17570980	  -5487.50458094	-251481.82814706	-63097191.88559633	    -48.53886517	-107637.95185892	-131248.32057315	-1478825.32099650	-2435969.02337675	    -59.27351867	-574653746.62214065	  -1614.68897199	-43816989.79277588	-1094937.98082051	      0.00000000	   -616.30703199	-576536.61942980	      0.00000000	      0.00000000	      0.00000000	-6665883.61100726	-1518005.57889392	-17535217.23499120	-464446.30153387	-344877.52639429	      0.00000000	     -0.00000000	-4802140.28403067	   -618.65839685	    -49.93394765	 -97722.29388951	 -83346.52486416	 -55570.42496014	-307043.95028225	-169506020.63671261	-204470815.33805373	-173077411.69139662	  -3432.84944188	    -71.71772248	    -52.83635974	   -279.16874193	  -5589.79737275	-255910.07810991	-59307113.94530142	-3967827.90732675	-106044.40248541	-128205.20795105	-1478898.27176714	-14997263.61710191	    -62.17828501	-691481012.66292763	  -1718.51921906	-18753752.41654754	-1094016.95962857	  -4350.13663511	   -564.56532668	-573404.32135251	      0.00000000	      0.00000000	      0.00000000
      1.18000000	    -19.68504744	    -22.07365897	-54525117.83987482	-5592507.33444498	-4753382.96795089	      0.00000000	-402235.41157601	-5684673.71232145	   -675.29242977	    -54.86625617	 -99795.45963812	 -86086.09726091	 -55390.78456579	-306209.44710701	-437131069.98616332	-591995725.78362978	-662482470.41380572	  -3240.80886104	    -75.45696774	    -56.58326952	   -261.17570980	  -5487.50458094	-251481.82814706	-62415579.71281464	    -48.53886517	-107637.95185892	-131248.32057315	-1478825.32099650	-2341696.48770698	    -59.27351867	-572552721.38377941	  -1614.68897199	-43447563.50467435	-1094937.98082051	      0.00000000	   -616.30703199	-576536.61942980	      0.00000000	      0.00000000	      0.00000000	-7417400.29803386	-1643992.22004360	-18123747.50420571	-492047.56874379	-535596.92132673	      0.00000000	     -0.00000000	-4563502.95277674	   -618.65839685	    -49.93394765	 -97722.29388951	 -83346.52486416	 -55570.42496014	-307043.95028225	-166074609.09109601	-202286373.29596648	-176000202.46842036	  -3432.84944188	    -71.71772248	    -52.83635974	   -279.16874193	  -5589.79737275	-255910.07810991	-59065619.70538808	-3962327.18706530	-106044.40248541	-128205.20795105	-1478898.27176714	-15033403.03096426	    -62.17828501	-688395211.92998815	  -1718.51921906	-18374220.03936507	-1094016.95962857	  -4054.94637206	   -564.56532668	-573404.32135251	      0.00000000	      0.00000000	      0.00000000
      1.19000000	    -19.68504744	    -22.07365897	-54501813.26310427	-5648278.48591761	-4499875.12163737	      0.00000000	-377918.73328022	-5470927.11212031	   -675.29242977	    -54.86625617	 -99795.45963812	 -86086.09726091	 -55390.78456579	-306209.44710701	-440926111.34550148	-595668954.95203245	-663849875.32266247	  -3240.80886104	    -75.45696774	    -56.58326952	   -261.17570980	  -5487.50458094	-251481.82814706	-61624911.74057956	    -48.53886517	-107637.95185892	-131248.32057315	-1478825.32099650	-2239947.02639493	    -59.27351867	-569782384.11744297	  -1614.68897199	-42952634.48170140	-1094937.98082051	      0.00000000	   -616.30703199	-576536.61942980	      0.00000000	      0.00000000	      0.00000000	-8056450.17850977	-1746096.03937995	-18721342.66390548	-522237.45176564	-744227.29796761	      0.00000000	     -0.00000000	-4316338.13866641	   -618.65839685	    -49.93394765	 -97722.29388951	 -83346.52486416	 -55570.42496014	-307043.95028225	-164327688.14301565	-201883434.10957855	-180041226.72242871	  -3432.84944188	    -71.71772248	    -52.83635974	   -279.16874193	  -5589.79737275	-255910.07810991	-58747394.60275079	-3914830.81913054	-106044.40248541	-128205.20795105	-1478898.27176714	-15015907.55163979	    -62.17828501	-684997266.16797757	  -1718.51921906	-17997219.44396293	-1094016.95962857	  -3763.06121483	   -564.56532668	-573404.32135251	      0.00000000	      0.00000000	      0.00000000
      1.20000000	    -19.68504744	    -22.07365897	-54455436.63776799	-5706404.59956007	-4243006.97716897	      0.00000000	-348135.11520667	-5225441.50677969	   -675.29242977	    -54.86625617	 -99795.45963812	 -86086.09726091	 -55390.78456579	-306209.44710701	-444408241.57491028	-598926202.09868991	-664722960.89739466	  -3240.80886104	    -75.45696774	    -56.58326952	   -261.17570980	  -5487.50458094	-251481.82814706	-60731537.53976719	    -48.53886517	-107637.95185892	-131248.32057315	-1478825.32099650	-2142467.93578469	    -59.27351867	-566652887.66881335	  -1614.68897199	-42342694.26775792	-1094937.98082051	      0.00000000	   -616.30703199	-576536.61942980	      0.00000000	      0.00000000	      0.00000000	-8692363.35094950	-1838830.14380382	-19427745.91180411	-561882.53794406	-1002514.64074735	      0.00000000	     -0.00000000	-4042293.39257112	   -618.65839685	    -49.93394765	 -97722.29388951	 -83346.52486416	 -55570.42496014	-307043.95028225	-162944516.57094470	-202276894.74410108	-185398573.88279790	  -3432.84944188	    -71.71772248	    -52.83635974	   -279.16874193	  -5589.79737275	-255910.07810991	-58320070.19154556	-3833841.59803537	-106044.40248541	-128205.20795105	-1478898.27176714	-14943199.68746348	    -62.17828501	-680834309.63131881	  -1718.51921906	-17608712.78665271	-1094016.95962857	  -3383.00801383	   -564.56532668	-573404.32135251	      0.00000000	      0.00000000	      0.00000000
      1.21000000	    -19.68504744	    -22.07365897	-54410551.27597632	-5765544.66660016	-3992235.32415327	      0.00000000	-317328.16945902	-4967950.52211330	   -675.29242977	    -54.86625617	 -99795.45963812	 -86086.09726091	 -55390.78456579	-306209.44710701	-447976049.42964035	-602296031.59602594	-665658531.63599062	  -3240.80886104	    -75.45696774	    -56.58326952	   -261.17570980	  -5487.50458094	-251481.82814706	-59791259.03902884	    -48.53886517	-107637.95185892	-131248.32057315	-1478825.32099650	-2046049.38949559	    -59.27351867	-563306392.86941040	  -1614.68897199	-41685667.03004354	-1094937.98082051	      0.00000000	   -616.30703199	-576536.61942980	      0.00000000	      0.00000000	      0.00000000	-9258719.92915924	-1906675.02226494	-20282850.37942757	-615672.63952445	-1312997.37873017	      0.00000000	     -0.00000000	-3737984.20656581	   -618.65839685	    -49.93394765	 -97722.29388951	 -83346.52486416	 -55570.42496014	-307043.95028225	-162630474.00089359	-204367312.26306960	-192947390.10319793	  -3432.84944188	    -71.71772248	    -52.83635974	   -279.16874193	  -5589.79737275	-255910.07810991	-57751315.70491188	-3695238.63814165	-106044.40248541	-128205.20795105	-1478898.27176714	-14779389.16656853	    -62.17828501	-675658487.25413275	  -1718.51921906	-17224167.69149666	-1094016.95962857	  -2888.77833137	   -564.56532668	-573404.32135251	      0.00000000	      0.00000000	      0.00000000
      1.22000000	    -19.68504744	    -22.07365897	-54153092.73367780	-5784455.61610271	-3726697.74085111	      0.00000000	-280635.69479932	-4710421.81673121	   -675.29242977	    -54.86625617	 -99795.45963812	 -86086.09726091	 -55390.78456579	-306209.44710701	-449954194.44521236	-603752605.58586860	-664391992.25861847	  -3240.80886104	    -75.45696774	    -56.58326952	   -261.17570980	  -5487.50458094	-251481.82814706	-58815616.27259564	    -48.53886517	-107637.95185892	-131248.32057315	-1478825.32099650	-1988889.64292105	    -59.27351867	-560576283.60372865	  -1614.68897199	-40893867.21855065	-1094937.98082051	      0.00000000	   -616.30703199	-576536.61942980	      0.00000000	      0.00000000	      0.00000000	-9823057.17731149	-1969106.01389317	-21194811.03026897	-676516.01680604	-1668805.05395192	      0.00000000	     -0.00000000	-3411287.02698666	   -618.65839685	    -49.93394765	 -97722.29388951	 -83346.52486416	 -55570.42496014	-307043.95028225	-162243147.56068906	-206544452.57097277	-200912486.47041017	  -3432.84944188	    -71.71772248	    -52.83635974	   -279.16874193	  -5589.79737275	-255910.07810991	-57063299.19413406	-3552509.38225782	-106044.40248541	-128205.20795105	-1478898.27176714	-14597217.31908775	    -62.17828501	-669813654.98450422	  -1718.51921906	-16795856.00350368	-1094016.95962857	  -2441.15633121	   -564.56532668	-573404.32135251	      0.00000000	      0.00000000	      0.00000000
      1.23000000	    -19.68504744	    -22.07365897	-53752670.97185982	-5777315.63659312	-3434999.14215405	      0.00000000	-243886.54032531	-4463108.97864312	   -675.29242977	    -54.86625617	 -99795.45963812	 -86086.09726091	 -55390.78456579	-306209.44710701	-451491603.72819555	-604621196.77988923	-662086959.33203709	  -3240.80886104	    -75.45696774	    -56.58326952	   -261.17570980	  -5487.50458094	-251481.82814706	-57819971.71528455	    -48.53886517	-107637.95185892	-131248.32057315	-1478825.32099650	-1947259.05861086	    -59.27351867	-558253766.52564466	  -1614.68897199	-40058819.25645185	-1094937.98082051	      0.00000000	   -616.30703199	-576536.61942980	      0.00000000	      0.00000000	      0.00000000	-10331485.59975643	-2010171.04443326	-22276817.31173913	-754547.85972276	-2093103.64260129	      0.00000000	     -0.00000000	-3060957.03722077	   -618.65839685	    -49.93394765	 -97722.29388951	 -83346.52486416	 -55570.42496014	-307043.95028225	-162871278.02431020	-210316935.20297790	-211086058.95019084	  -3432.84944188	    -71.71772248	    -52.83635974	   -279.16874193	  -5589.79737275	-255910.07810991	-56251201.95219498	-3362452.93902333	-106044.40248541	-128205.20795105	-1478898.27176714	-14337905.68560372	    -62.17828501	-662886415.04801250	  -1718.51921906	-16370323.62141852	-1094016.95962857	  -1936.55852088	   -564.56532668	-573404.32135251	      0.59143713	      0.00000000	      0.00000000
      1.24000000	    -19.68504744	    -22.07365897	-53158021.27501253	-5732068.48809394	-3112516.07757135	      0.00000000	-207585.38960800	-4234592.05360923	   -675.29242977	    -54.86625617	 -99795.45963812	 -86086.09726091	 -55390.78456579	-306209.44710701	-452412803.37523693	-604670921.21616793	-658390435.43472230	  -3240.80886104	    -75.45696774	    -56.58326952	   -261.17570980	  -5487.50458094	-251481.82814706	-56821683.32583641	    -48.53886517	-107637.95185892	-131248.32057315	-1478825.32099650	-1927609.13332191	    -59.27351867	-556636953.05647016	  -1614.68897199	-39182876.93092036	-1094937.98082051	      0.00000000	   -616.30703199	-576536.61942980	      0.00000000	      0.00000000	      0.00000000	-10735548.32395548	-2022428.99675329	-23505899.98642447	-850445.28973699	-2571669.17931731	      0.00000000	     -0.00000000	-2689707.24000761	   -618.65839685	    -49.93394765	 -97722.29388951	 -83346.52486416	 -55570.42496014	-307043.95028225	-164620330.50363606	-215728360.35113814	-223319907.23700261	  -3432.84944188	    -71.71772248	    -52.83635974	   -279.16874193	  -5589.79737275	-255910.07810991	-55288848.43563954	-3132551.11809964	-106044.40248541	-128205.20795105	-1478898.27176714	-14005239.16928870	    -62.17828501	-654852718.90867043	  -1718.51921906	-15934020.43323405	-1094016.95962857	  -1458.54634758	   -564.56532668	-573404.32135251	  -3029.27964332	   -338.38602792	    -29.15224026
      1.25000000	    -19.68504744	    -22.07365897	-52312703.84315676	-5642023.15745885	-2761597.11589020	      0.00000000	-170874.31245054	-4027657.62348409	   -675.29242977	    -54.86625617	 -99795.45963812	 -86086.09726091	 -55390.78456579	-306209.44710701	-451888134.43265742	-602902323.84000611	-652337651.84600568	  -3240.80886104	    -75.45696774	    -56.58326952	   -261.17570980	  -5487.50458094	-251481.82814706	-55832908.62537321	    -48.53886517	-107637.95185892	-131248.32057315	-1478825.32099650	-1942074.38141274	    -59.27351867	-555909068.93471491	  -1614.68897199	-38247209.15820828	-1094937.98082051	      0.00000000	   -616.30703199	-576536.61942980	      0.00000000	      0.00000000	      0.00000000	-11078163.31108739	-2016409.77860519	-24886975.87960941	-964704.18956734	-3119891.38831094	      0.00000000	     -0.00000000	-2304523.89126108	   -618.65839685	    -49.93394765	 -97722.29388951	 -83346.52486416	 -55570.42496014	-307043.95028225	-167310987.69605726	-222487735.44586068	-237393337.83701470	  -3432.84944188	    -71.71772248	    -52.83635974	   -279.16874193	  -5589.79737275	-255910.07810991	-54208814.78700592	-2877706.07737467	-106044.40248541	-128205.20795105	-1478898.27176714	-13624113.14426615	    -62.17828501	-645770885.24382198	  -1718.51921906	-15468544.68591817	-1094016.95962857	  -1026.56188399	   -564.56532668	-573404.32135251	 -19969.26645279	 -16862.03951990	  -8134.21125861
      1.26000000	    -19.68504744	    -22.07365897	-51286413.89546338	-5520310.27274225	-2381478.83932557	      0.00000000	-137683.16329663	-3848795.99760570	   -675.29242977	    -54.86625617	 -99795.45963812	 -86086.09726091	 -55390.78456579	-306209.44710701	-451065740.64229870	-600619126.96940899	-645057996.65959108	  -3240.80886104	    -75.45696774	    -56.58326952	   -261.17570980	  -5487.50458094	-251481.82814706	-54868137.46469914	    -48.53886517	-107637.95185892	-131248.32057315	-1478825.32099650	-1970665.30971225	    -59.27351867	-555899099.90249395	  -1614.68897199	-37325984.06152326	-1094937.98082051	      0.00000000	   -616.30703199	-576536.61942980	      0.00000000	      0.00000000	      0.00000000	-11248970.36391158	-1970073.00391130	-26464549.36754782	-1105028.54211203	-3725434.40105356	      0.00000000	     -0.00000000	-1914779.93252470	   -618.65839685	    -49.93394765	 -97722.29388951	 -83346.52486416	 -55570.42496014	-307043.95028225	-171859228.72046730	-231762818.70233968	-254412335.09858522	  -3432.84944188	    -71.71772248	    -52.83635974	   -279.16874193	  -5589.79737275	-255910.07810991	-52998219.64721511	-2577950.83466515	-106044.40248541	-128205.20795105	-1478898.27176714	-13156359.04297475	    -62.17828501	-635468634.44839656	  -1718.51921906	-15010707.94875657	-1094016.95962857	   -615.19535361	   -564.56532668	-573404.32135251	 -68906.75882939	 -87511.34926883	 -47804.25256887
      1.27000000	    -19.68504744	    -22.07365897	-50070014.03286961	-5364247.03069090	-2000084.15576135	      0.00000000	-107344.66886332	-3701578.53982020	   -675.29242977	    -54.86625617	 -99795.45963812	 -86086.09726091	 -55390.78456579	-306209.44710701	-449062299.46003473	-596832978.58489764	-635876962.49907362	  -3240.80886104	    -75.45696774	    -56.58326952	   -261.17570980	  -5487.50458094	-251481.82814706	-53967415.28860419	    -48.53886517	-107637.95185892	-131248.32057315	-1478825.32099650	-2028065.39475396	    -59.27351867	-556775327.42050350	  -1614.68897199	-36411411.66482683	-1094937.98082051	      0.00000000	   -616.30703199	-576536.61942980	      0.00000000	      0.00000000	      0.00000000	-11280801.26191096	-1894429.03859446	-28193027.87936046	-1268673.06619621	-4379298.63533279	      0.00000000	     -0.00000000	-1536572.20337761	   -618.65839685	    -49.93394765	 -97722.29388951	 -83346.52486416	 -55570.42496014	-307043.95028225	-177763408.68259817	-242827414.55410060	-273533292.30086315	  -3432.84944188	    -71.71772248	    -52.83635974	   -279.16874193	  -5589.79737275	-255910.07810991	-51697941.83518827	-2262041.82128963	-106044.40248541	-128205.20795105	-1478898.27176714	-12639120.40823441	    -62.17828501	-624252825.67793417	  -1718.51921906	-14557400.31366540	-1094016.95962857	   -294.90666431	   -564.56532668	-573404.32135251	-163482.89556849	-262181.75204782	-152049.81803508
      1.28000000	    -19.68504744	    -22.07365897	-48684102.65884840	-5178988.64042013	-1628665.99299177	      0.00000000	 -80341.66922515	-3586194.06073465	   -675.29242977	    -54.86625617	 -99795.45963812	 -86086.09726091	 -55390.78456579	-306209.44710701	-445826258.51514632	-591482641.43846703	-624812824.78631663	  -3240.80886104	    -75.45696774	    -56.58326952	   -261.17570980	  -5487.50458094	-251481.82814706	-53142466.96200830	    -48.53886517	-107637.95185892	-131248.32057315	-1478825.32099650	-2114518.57898757	    -59.27351867	-558499425.48765028	  -1614.68897199	-35514490.40832993	-1094937.98082051	      0.00000000	   -616.30703199	-576536.61942980	      0.00000000	      0.00000000	      0.00000000	-11131841.24513469	-1785148.97062783	-30046936.80812695	-1455583.12772247	-5054444.84835343	      0.00000000	     -0.00000000	-1181029.03915622	   -618.65839685	    -49.93394765	 -97722.29388951	 -83346.52486416	 -55570.42496014	-307043.95028225	-185222950.70471340	-255848678.62687922	-294695326.72028434	  -3432.84944188	    -71.71772248	    -52.83635974	   -279.16874193	  -5589.79737275	-255910.07810991	-50314273.89824261	-1936908.37345563	-106044.40248541	-128205.20795105	-1478898.27176714	-12075758.66880194	    -62.17828501	-612258613.06372321	  -1718.51921906	-14117209.90941820	-1094016.95962857	    -96.22840745	   -564.56532668	-573404.32135251	-297745.14203459	-557746.56311552	-333774.59660153
      1.29000000	    -19.68504744	    -22.07365897	-47190334.17029305	-4976957.54486370	-1279977.86122322	      0.00000000	 -57656.37848488	-3502567.61024202	   -675.29242977	    -54.86625617	 -99795.45963812	 -86086.09726091	 -55390.78456579	-306209.44710701	-441683110.48862302	-584969422.92162228	-612382110.40667093	  -3240.80886104	    -75.45696774	    -56.58326952	   -261.17570980	  -5487.50458094	-251481.82814706	-52405698.79433715	    -48.53886517	-107637.95185892	-131248.32057315	-1478825.32099650	-2222308.28130757	    -59.27351867	-560886991.75149715	  -1614.68897199	-34667395.13584701	-1094937.98082051	      0.00000000	   -616.30703199	-576536.61942980	      0.00000000	      0.00000000	      0.00000000	-10798413.19476105	-1643663.94531295	-32045344.06516184	-1669035.75538370	-5750085.91750794	      0.00000000	     -0.00000000	-862081.68642404	   -618.65839685	    -49.93394765	 -97722.29388951	 -83346.52486416	 -55570.42496014	-307043.95028225	-194376102.99983561	-271022241.65878880	-318141699.89679962	  -3432.84944188	    -71.71772248	    -52.83635974	   -279.16874193	  -5589.79737275	-255910.07810991	-48888785.65711527	-1607536.96246806	-106044.40248541	-128205.20795105	-1478898.27176714	-11466617.92738728	    -62.17828501	-599627261.90483332	  -1718.51921906	-13722375.75107664	-1094016.95962857	     -5.71585396	   -564.56532668	-573404.32135251	-467118.34527892	-947333.94389536	-577318.56489178
      1.30000000	    -19.68504744	    -22.07365897	-45544275.28653252	-4748094.78233506	-964137.31343466	      0.00000000	 -38758.31311655	-3450633.90837486	   -675.29242977	    -54.86625617	 -99795.45963812	 -86086.09726091	 -55390.78456579	-306209.44710701	-435911539.01794344	-576444801.07943785	-597834315.27855790	  -3240.80886104	    -75.45696774	    -56.58326952	   -261.17570980	  -5487.50458094	-251481.82814706	-51767385.45777744	    -48.53886517	-107637.95185892	-131248.32057315	-1478825.32099650	-2369182.88210213	    -59.27351867	-564188089.38200021	  -1614.68897199	-33833245.78228884	-1094937.98082051	      0.00000000	   -616.30703199	-576536.61942980	      0.00000000	      0.00000000	      0.00000000	-10301437.55701786	-1481630.38552610	-34049522.87954230	-1895329.15824105	-6405868.06871725	      0.00000000	     -0.00000000	-594848.67308846	   -618.65839685	    -49.93394765	 -97722.29388951	 -83346.52486416	 -55570.42496014	-307043.95028225	-204612622.34089711	-287350060.40748286	-342280565.10777682	  -3432.84944188	    -71.71772248	    -52.83635974	   -279.16874193	  -5589.79737275	-255910.07810991	-47457843.94756982	-1301676.17781526	-106044.40248541	-128205.20795105	-1478898.27176714	-10853580.20078684	    -58.28300744	-587043994.29271376	  -1718.51921906	-13369870.72215038	-1094016.95962857	      0.00016393	   -564.56532668	-573404.32135251	-662647.12097837	-1405728.58698940	-867901.13762359
      1.31000000	    -19.68504744	    -22.07365897	-43865557.10815384	-4511656.15763007	-699437.77961717	      0.00000000	 -25632.82411405	-3432265.31125961	   -675.29242977	    -54.86625617	 -99795.45963812	 -86086.09726091	 -55390.78456579	-306209.44710701	-429054527.43695676	-566633217.37011552	-582233134.13308764	  -3240.80886104	    -75.45696774	    -56.58326952	   -261.17570980	  -5487.50458094	-251481.82814706	-51261779.83838618	    -48.53886517	-107637.95185892	-131248.32057315	-1478825.32099650	-2543608.03703865	    -59.27351867	-568115928.89184332	  -1614.68897199	-33069759.33545545	-1094937.98082051	      0.00000000	   -616.30703199	-576536.61942980	      0.00000000	      0.00000000	      0.00000000	-9616751.57216469	-1294714.27845899	-36112685.63475595	-2142592.00703295	-7017943.30514592	      0.00000000	     -0.00000000	-381507.12800804	   -618.65839685	    -49.93394765	 -97722.29388951	 -83346.52486416	 -55570.42496014	-307043.95028225	-216226827.04612461	-305341553.43185389	-367800200.30129659	  -3432.84944188	    -71.71772248	    -52.83635974	   -279.16874193	  -5589.79737275	-255910.07810991	-46039957.05432568	-1013838.95769934	-106044.40248541	-128205.20795105	-1478898.27176714	-10212359.22897400	     -8.40322858	-574425925.49692571	  -1718.51921906	-13099551.92651215	-1094016.95962857	      0.00000000	   -564.56532668	-573404.32135251	-878811.18567098	-1916254.76768021	-1195833.80476063
      1.32000000	    -19.68504744	    -22.07365897	-42262029.12772232	-4280706.19314759	-497322.06245638	      0.00000000	 -16503.85199988	-3438934.90522741	   -675.29242977	    -54.86625617	 -99795.45963812	 -86086.09726091	 -55390.78456579	-306209.44710701	-421647461.41254610	-556254354.56863236	-566646670.79664421	  -3240.80886104	    -75.45696774	    -56.58326952	   -261.17570980	  -5487.50458094	-251481.82814706	-50892396.39392158	    -48.53886517	-107637.95185892	-131248.32057315	-1478825.32099650	-2737410.80063124	    -59.27351867	-572371014.26643836	  -1614.68897199	-32387757.51612071	-1094937.98082051	      0.00000000	   -616.30703199	-576536.61942980	      0.00000000	      0.00000000	      0.00000000	-8704855.69851892	-1082747.47269567	-38143594.66880404	-2402702.84258592	-7512768.62679520	      0.00000000	     -0.00000000	-222993.10264664	   -618.65839685	    -49.93394765	 -97722.29388951	 -83346.52486416	 -55570.42496014	-307043.95028225	-229424312.35055131	-325082004.17466366	-394202930.89372772	  -3432.84944188	    -71.71772248	    -52.83635974	   -279.16874193	  -5589.79737275	-255910.07810991	-44651367.17035779	-751283.86768394	-106044.40248541	-128205.20795105	-1478898.27176714	-9548008.88482486	      0.28007149	-562143422.14581537	  -1718.51921906	-12918479.95496178	-1094016.95962857	      0.00000000	   -564.56532668	-573404.32135251	-1103737.99378761	-2448045.97432459	-1541509.94131648
      1.33000000	    -19.68504744	    -22.07365897	-40905018.66562627	-4081882.29276157	-363832.99904755	      0.00000000	 -10714.02173633	-3465280.26163809	   -675.29242977	    -54.86625617	 -99795.45963812	 -86086.09726091	 -55390.78456579	-306209.44710701	-414355608.67733204	-546295435.63719308	-552666317.24429119	  -3240.80886104	    -75.45696774	    -56.58326952	   -261.17570980	  -5487.50458094	-251481.82814706	-50682711.31913321	    -48.53886517	-107637.95185892	-131248.32057315	-1478825.32099650	-2929410.76069629	    -59.27351867	-576397495.55892718	  -1614.68897199	-31846185.45039314	-1094937.98082051	      0.00000000	   -616.30703199	-576536.61942980	      0.00000000	      0.00000000	      0.00000000	-7559144.79687004	-847503.88677203	-40200886.45503848	-2686106.22569205	-7882011.61127217	      0.00000000	     -0.00000000	-114409.46016631	   -618.65839685	    -49.93394765	 -97722.29388951	 -83346.52486416	 -55570.42496014	-307043.95028225	-244587075.21735096	-347161396.69290638	-422217740.94042861	  -3432.84944188	    -71.71772248	    -52.83635974	   -279.16874193	  -5589.79737275	-255910.07810991	-43309995.84526953	-513434.98202654	-106044.40248541	-128205.20795105	-1478898.27176714	-8836469.62810013	     -3.42587209	-550082405.15575075	  -1718.51921906	-12868698.51603294	-1094016.95962857	      0.00000000	   -564.56532668	-573404.32135251	-1324866.54025109	-2969448.61366715	-1883923.20147253
      1.34000000	    -19.68504744	    -22.07365897	-39324550.65226424	-3844028.49083578	-248823.89679821	      0.00000000	  -6022.83320737	-3522531.65550894	   -675.29242977	    -54.86625617	 -99795.45963812	 -86086.09726091	 -55390.78456579	-306209.44710701	-404451166.78859979	-533068151.34726691	-535301976.15429580	  -3240.80886104	    -75.45696774	    -56.58326952	   -261.17570980	  -5487.50458094	-251481.82814706	-50577795.35665291	    -48.53886517	-107637.95185892	-131248.32057315	-1478825.32099650	-3195578.30777991	    -59.27351867	-581686924.69676852	  -1614.68897199	-31251521.10439030	-1094937.98082051	      0.00000000	   -616.30703199	-576536.61942980	      0.00000000	      0.00000000	      0.00000000	-6504258.23940940	-648803.30855037	-42037622.64149883	-2950992.89488466	-8155453.75811870	      0.00000000	     -0.00000000	 -50645.55777930	   -618.65839685	    -49.93394765	 -97722.29388951	 -83346.52486416	 -55570.42496014	-307043.95028225	-258804028.64189497	-367579842.85035717	-447510920.18030202	  -3432.84944188	    -71.71772248	    -52.83635974	   -279.16874193	  -5589.79737275	-255910.07810991	-42165537.55091336	-337967.30856256	-106044.40248541	-128205.20795105	-1478898.27176714	-8205884.46677454	     -3.88981893	-539571218.75481725	  -1718.51921906	-12880930.26688181	-1094016.95962857	      0.00000000	   -564.56532668	-573404.32135251	-1519329.90542686	-3425809.00815224	-2186176.68735176
      1.35000000	    -19.68504744	    -22.07365897	-37941757.84170582	-3630483.25082406	-178151.29660980	      0.00000000	  -3399.52193012	-3594415.44618613	   -675.29242977	    -54.86625617	 -99795.45963812	 -86086.09726091	 -55390.78456579	-306209.44710701	-394403373.70735312	-519887460.46749854	-519017897.18270487	  -3240.80886104	    -75.45696774	    -56.58326952	   -261.17570980	  -5487.50458094	-251481.82814706	-50608698.37650011	    -48.53886517	-107637.95185892	-131248.32057315	-1478825.32099650	-3472343.61747250	    -59.27351867	-586840891.47081506	  -1614.68897199	-30750880.33399305	-1094937.98082051	      0.00000000	   -616.30703199	-576536.61942980	      0.00000000	      0.00000000	      0.00000000	-5352757.55401309	-455620.78909516	-43793243.45442262	-3221950.95304365	-8286230.22032347	      0.00000000	     -0.00000000	 -17480.17668788	   -618.65839685	    -49.93394765	 -97722.29388951	 -83346.52486416	 -55570.42496014	-307043.95028225	-274194848.64451641	-389175878.38195294	-472935075.26817614	  -3432.84944188	    -71.71772248	    -52.83635974	   -279.16874193	  -5589.79737275	-255910.07810991	-41134950.31318220	-196412.54552307	-106044.40248541	-128205.20795105	-1478898.27176714	-7560704.38123721	      0.56452496	-529866026.27213532	  -1718.51921906	-13015967.09986321	-1094016.95962857	      0.00000000	   -564.56532668	-573404.32135251	-1685871.64237851	-3814533.40962753	-2445430.83273044
      1.36000000	    -19.68504744	    -22.07365897	-36674157.06770687	-3430146.49426401	-133259.72135163	      0.00000000	  -1699.74286940	-3679925.34378288	   -675.29242977	    -54.86625617	 -99795.45963812	 -86086.09726091	 -55390.78456579	-306209.44710701	-383998700.54546267	-506395020.68618369	-503106687.68756807	  -3240.80886104	    -75.45696774	    -56.58326952	   -261.17570980	  -5487.50458094	-251481.82814706	-50746922.18491578	   -103.59384586	-107637.95185892	-131248.32057315	-1478825.32099650	-3767463.32429388	    -59.27351867	-592030188.78367686	  -1614.68897199	-30307392.57962477	-1094937.98082051	      0.00000000	   -616.30703199	-576536.61942980	      0.00000000	      0.00000000	      0.00000000	-4234280.06706113	-289173.85128440	-45473002.04433566	-3494499.73981808	-8328954.33337079	      0.00000000	     -0.00000000	  -5470.74907887	   -618.65839685	    -49.93394765	 -97722.29388951	 -83346.52486416	 -55570.42496014	-307043.95028225	-290024254.56463921	-411047108.86952150	-497866280.57106650	  -3432.84944188	    -71.71772248	    -52.83635974	   -279.16874193	  -5589.79737275	-255910.07810991	-40282124.52966788	 -94011.45223093	-106044.40248541	-128205.20795105	-1478898.27176714	-6923331.93563618	    -16.29124795	-521195369.50422364	  -1718.51921906	-13274911.68967363	-1094016.95962857	      0.00000000	   -564.56532668	-573404.32135251	-1815949.42560622	-4116598.48722436	-2648032.34203988
      1.37000000	    -19.68504744	    -22.07365897	-35491548.94634289	-3240083.89347821	-104647.56439247	      0.00000000	   -716.22199692	-3780334.91676696	   -675.29242977	    -54.86625617	 -99795.45963812	 -86086.09726091	 -55390.78456579	-306209.44710701	-373246877.98073971	-492554952.25616503	-487355596.87457991	  -3240.80886104	    -75.45696774	    -56.58326952	   -261.17570980	  -5487.50458094	-251481.82814706	-50981938.52163105	  -2771.28791165	-107637.95185892	-131248.32057315	-1478825.32099650	-4081305.13334658	    -59.27351867	-597297637.30149221	  -1614.68897199	-29915421.03927112	-1094937.98082051	      0.00000000	   -616.30703199	-576536.61942980	      0.00000000	      0.00000000	      0.00000000	-3195745.72638177	-156911.31280517	-47072335.40008394	-3766049.48630236	-8297592.27815241	      0.00000000	     -0.00000000	  -1789.13403417	   -618.65839685	    -49.93394765	 -97722.29388951	 -83346.52486416	 -55570.42496014	-307043.95028225	-306087730.55967617	-432933748.40254158	-522093607.72617650	  -3432.84944188	    -71.71772248	    -52.83635974	   -279.16874193	  -5589.79737275	-255910.07810991	-39619007.83269013	 -30367.31190849	-106044.40248541	-128205.20795105	-1478898.27176714	-6303060.30057678	    -62.08138171	-513619425.65005499	  -1718.51921906	-13657613.13632928	-1094016.95962857	      0.00000000	   -564.56532668	-573404.32135251	-1906105.96740867	-4325095.04939890	-2788465.70134896
      1.38000000	    -19.68504744	    -22.07365897	-34398160.05421521	-3059409.14072957	 -89871.33646369	      0.00000000	   -213.78961193	-3893666.35121702	   -675.29242977	    -54.86625617	 -99795.45963812	 -86086.09726091	 -55390.78456579	-306209.44710701	-362137594.82988656	-478354273.59446174	-471785959.72511667	  -3240.80886104	    -75.45696774	    -56.58326952	   -261.17570980	  -5487.50458094	-251481.82814706	-51314253.98526163	 -12229.96863470	-107637.95185892	-131248.32057315	-1478825.32099650	-4416956.21505909	    -59.27351867	-602636017.67049921	  -1614.68897199	-29565227.06912614	-1094937.98082051	      0.00000000	   -616.30703199	-576536.61942980	      0.00000000	      0.00000000	      0.00000000	-2263000.06383739	 -63152.45878152	-48530919.68970669	-4027641.69972601	-8172299.35606384	      0.00000000	     -0.00000000	   -807.00711394	   -618.65839685	    -49.93394765	 -97722.29388951	 -83346.52486416	 -55570.42496014	-307043.95028225	-322166551.61944979	-454480593.30528522	-545033319.80652714	  -3432.84944188	    -71.71772248	    -52.83635974	   -279.16874193	  -5589.79737275	-255910.07810991	-39147021.96587013	  -5301.32793238	-106044.40248541	-128205.20795105	-1478898.27176714	-5711176.57345008	    -62.17828501	-507327146.30664784	  -1718.51921906	-14159468.96825044	-1094016.95962857	      0.00000000	   -564.56532668	-573404.32135251	-1952382.29876261	-4431825.96670632	-2860543.41158939
      1.39000000	    -19.68504744	    -22.07365897	-33316894.59220586	-2883326.59520359	 -76533.68485725	      0.00000000	    -13.54279913	-4016405.79757220	   -675.29242977	    -54.86625617	 -99795.45963812	 -86086.09726091	 -55390.78456579	-306209.44710701	-351058495.94395536	-464095451.82907283	-456082464.86735886	  -3240.80886104	    -75.45696774	    -56.58326952	   -261.17570980	  -5487.50458094	-251481.82814706	-51678500.56443975	 -33488.71428699	-107637.95185892	-131248.32057315	-1478825.32099650	-4763666.81696371	    -59.27351867	-608032694.96423161	  -1614.68897199	-29235615.57170890	-1094937.98082051	      0.00000000	   -616.30703199	-576536.61942980	      0.00000000	      0.00000000	      0.00000000	-1545707.09952278	 -15865.80014900	-50024844.42915469	-4294770.66516516	-8117341.51646334	      0.00000000	     -0.00000000	   -719.67511880	   -618.65839685	    -49.93394765	 -97722.29388951	 -83346.52486416	 -55570.42496014	-307043.95028225	-337266930.89519787	-474751906.33384973	-567037188.95984757	  -3432.84944188	    -71.71772248	    -52.83635974	   -279.16874193	  -5589.79737275	-255910.07810991	-38931435.10957490	    -68.90128937	-106044.40248541	-128205.20795105	-1478898.27176714	-5166001.39392782	    -62.17828501	-502013503.02227587	  -1718.51921906	-14791647.52752054	-1094016.95962857	      0.00000000	   -564.56532668	-573404.32135251	-1957937.31477731	-4444624.51622175	-2869195.20420773
      1.40000000	    -19.68504744	    -22.07365897	-32311706.38475794	-2715913.11503026	 -71547.23763383	      0.00000000	      0.18747930	-4147470.34887588	   -675.29242977	    -54.86625617	 -99795.45963812	 -86086.09726091	 -55390.78456579	-306209.44710701	-339874210.63407868	-449725446.69665301	-440627209.78549510	  -3240.80886104	    -75.45696774	    -56.58326952	   -261.17570980	  -5487.50458094	-251481.82814706	-52112627.84471449	 -72827.64800969	-107637.95185892	-131248.32057315	-1478825.32099650	-5127535.11826770	    -59.27351867	-613427756.02814484	  -1614.68897199	-28933530.13903294	-1094937.98082051	      0.00000000	   -616.30703199	-576536.61942980	      0.00000000	      0.00000000	      0.00000000	-956016.94429030	  -1321.85194831	-51353916.75819602	-4544914.11312559	-7984514.90930399	      0.00000000	     -0.00000000	  -1463.58672978	   -618.65839685	    -49.93394765	 -97722.29388951	 -83346.52486416	 -55570.42496014	-307043.95028225	-352001584.68316227	-494180301.87563384	-587320719.39507592	  -3432.84944188	    -71.71772248	    -52.83635974	   -279.16874193	  -5589.79737275	-255910.07810991	-38911472.95762172	    -48.94929268	-106044.40248541	-128205.20795105	-1478898.27176714	-4661493.27252633	    -62.17828501	-498054183.43546164	  -1718.51921906	-15541906.29005248	-1094016.95962857	      0.00000000	   -564.56532668	-573404.32135251	-1919340.98090719	-4355640.34259609	-2809080.46787988
      1.41000000	    -19.68504744	    -22.07365897	-31364883.86238304	-2557163.39622237	 -70649.06866843	      0.00000000	      0.00000000	-4283799.22206210	   -675.29242977	    -54.86625617	 -99795.45963812	 -86086.09726091	 -55390.78456579	-306209.44710701	-328880293.56330442	-435535599.83086300	-425499871.17900246	  -3240.80886104	    -75.45696774	    -56.58326952	   -261.17570980	  -5487.50458094	-251481.82814706	-52586035.95703522	-127444.76249757	-107637.95185892	-131248.32057315	-1478825.32099650	-5499558.15823218	    -59.27351867	-618749154.65390921	  -1614.68897199	-28654139.25043634	-1094937.98082051	      0.00000000	   -616.30703199	-576536.61942980	      0.00000000	      0.00000000	      0.00000000	-519091.89912234	    -22.94440486	-52577234.29115283	-4782214.63079561	-7831882.00296421	      0.00000000	     -0.00000000	  -4165.34853112	   -618.65839685	    -49.93394765	 -97722.29388951	 -83346.52486416	 -55570.42496014	-307043.95028225	-366183150.48011512	-512456615.52036428	-606038681.18699610	  -3432.84944188	    -71.71772248	    -52.83635974	   -279.16874193	  -5589.79737275	-255910.07810991	-39104528.62903658	    -48.94929268	-106044.40248541	-128205.20795105	-1478898.27176714	-4202453.70416583	    -62.17828501	-495313962.82998562	  -1718.51921906	-16416401.93305668	-1094016.95962857	      0.00000000	   -564.56532668	-573404.32135251	-1839736.16215608	-4171678.48795578	-2685084.44969048
      1.42000000	    -19.68504744	    -22.07365897	-30326019.99048730	-2387026.39417297	 -65592.05407591	      0.00000000	      0.00000000	-4426906.41770728	   -675.29242977	    -54.86625617	 -99795.45963812	 -86086.09726091	 -55390.78456579	-306209.44710701	-317738628.25456411	-420741406.23762375	-409264995.14863491	  -3240.80886104	    -75.45696774	    -56.58326952	   -261.17570980	  -5487.50458094	-251481.82814706	-53064743.99427748	-201607.30507048	-107637.95185892	-131248.32057315	-1478825.32099650	-5905508.30741252	    -59.27351867	-624454860.96941745	  -1614.68897199	-28330007.26035962	-1094937.98082051	      0.00000000	   -616.30703199	-576536.61942980	      0.00000000	      0.00000000	      0.00000000	-255752.83035369	    -22.94440486	-53678513.23637311	-4997921.29362796	-7730818.33449623	      0.00000000	     -0.00000000	 -12982.85325615	   -618.65839685	    -49.93394765	 -97722.29388951	 -83346.52486416	 -55570.42496014	-307043.95028225	-378267108.51284617	-527768615.24155647	-621913360.15529943	  -3432.84944188	    -71.71772248	    -52.83635974	   -279.16874193	  -5589.79737275	-255910.07810991	-39535130.90383989	    -48.94929268	-106044.40248541	-128205.20795105	-1478898.27176714	-3823349.18056659	    -62.17828501	-493888269.50314832	  -1718.51921906	-17377683.52612726	-1094016.95962857	      0.00000000	   -564.56532668	-573404.32135251	-1724251.20041130	-3903805.78546168	-2505203.11547505
      1.43000000	    -19.68504744	    -22.07365897	-29455138.14547408	-2240979.84435559	 -68263.79649284	      0.00000000	      0.00000000	-4566264.61598761	   -675.29242977	    -54.86625617	 -99795.45963812	 -86086.09726091	 -55390.78456579	-306209.44710701	-307504182.18625009	-407092342.20867592	-394750417.28067166	  -3240.80886104	    -75.45696774	    -56.58326952	   -261.17570980	  -5487.50458094	-251481.82814706	-53572476.83891845	-284902.08672321	-107637.95185892	-131248.32057315	-1478825.32099650	-6294523.96039620	    -59.27351867	-629625087.24145472	  -1614.68897199	-28064560.45427064	-1094937.98082051	      0.00000000	   -616.30703199	-576536.61942980	      0.00000000	      0.00000000	      0.00000000	 -79643.47795602	    -22.94440486	-54670626.07848738	-5201288.89298636	-7571085.52453904	      0.00000000	     -0.00000000	 -37723.84643489	   -618.65839685	    -49.93394765	 -97722.29388951	 -83346.52486416	 -55570.42496014	-307043.95028225	-390546537.17608589	-542888529.92698562	-636940538.40366900	  -3432.84944188	    -71.71772248	    -52.83635974	   -279.16874193	  -5589.79737275	-255910.07810991	-40145227.12615461	    -48.94929268	-106044.40248541	-128205.20795105	-1478898.27176714	-3464962.05538372	    -62.17828501	-493523332.53731763	  -1718.51921906	-18490885.42053511	-1094016.95962857	      0.00000000	   -564.56532668	-573404.32135251	-1573190.38547673	-3551754.28479742	-2269993.46286265
      1.44000000	    -19.68504744	    -22.07365897	-28406360.59618061	-2072160.59909396	 -64489.34003409	      0.00000000	      0.00000000	-4713176.06952602	   -675.29242977	    -54.86625617	 -99795.45963812	 -86086.09726091	 -55390.78456579	-306209.44710701	-296365900.72144634	-391872150.10902172	-377926341.03127605	  -3240.80886104	    -75.45696774	    -56.58326952	   -261.17570980	  -5487.50458094	-251481.82814706	-54084508.98051022	-396961.44651152	-107637.95185892	-131248.32057315	-1478825.32099650	-6749472.81359608	    -59.27351867	-635494348.32162964	  -1614.68897199	-27702286.24676273	-1094937.98082051	      0.00000000	   -616.30703199	-576536.61942980	      0.00000000	      0.00000000	      0.00000000	 -16671.78989009	    -22.94440486	-55417612.29908050	-5361081.22581846	-7467589.33504654	      0.00000000	     -0.00000000	 -89324.35829069	   -618.65839685	    -49.93394765	 -97722.29388951	 -83346.52486416	 -55570.42496014	-307043.95028225	-399100051.29406118	-553200238.66057181	-647306253.25597930	  -3432.84944188	    -71.71772248	    -52.83635974	   -279.16874193	  -5589.79737275	-255910.07810991	-41002113.70952512	    -48.94929268	-106044.40248541	-128205.20795105	-1478898.27176714	-3214386.23592478	    -62.17828501	-494802097.30769873	  -1718.51921906	-19653646.99258610	-1094016.95962857	      0.00000000	   -564.56532668	-573404.32135251	-1391847.12996535	-3126905.73352546	-1987949.39665169
      1.45000000	   -658.97851667	    -22.07365897	-27490759.71683900	-1923481.70382760	 -65127.86531246	      0.00000000	      0.00000000	-4852110.02667514	   -675.29242977	    -54.86625617	 -99795.45963812	 -86086.09726091	 -55390.78456579	-306209.44710701	-286255004.04661399	-377988222.54769200	-362725151.02976078	  -3240.80886104	    -75.45696774	    -56.58326952	   -261.17570980	  -5487.50458094	-251481.82814706	-54598237.14697453	-516284.40920788	-107637.95185892	-131248.32057315	-1478825.32099650	-7186207.71592932	    -59.27351867	-640862340.45638776	  -1614.68897199	-27378359.48911103	-1094937.98082051	      0.00000000	   -616.30703199	-576536.61942980	      0.00000000	      0.00000000	      0.00000000	   -541.31775439	    -22.94440486	-56067623.35339058	-5507064.24903262	-7336210.48990913	      0.00000000	     -0.00000000	-176779.55959252	   -618.65839685	    -49.93394765	 -97722.29388951	 -83346.52486416	 -55570.42496014	-307043.95028225	-407313489.53344578	-562925843.31732523	-656667133.31051242	  -3432.84944188	    -71.71772248	    -52.83635974	   -279.16874193	  -5589.79737275	-255910.07810991	-42034005.84906183	    -48.94929268	-106044.40248541	-128205.20795105	-1478898.27176714	-2986108.77080715	    -62.17828501	-497015225.43737328	  -1718.51921906	-20964447.06407220	-1094016.95962857	      0.00000000	   -564.56532668	-573404.32135251	-1187802.57324975	-2646506.13048766	-1671457.42393053
      1.46000000	 -24448.76794920	   -421.46817497	-26578168.63312047	-1779433.93388258	 -63685.12073581	      0.00000000	      0.00000000	-4986411.22798623	   -675.29242977	    -54.86625617	 -99795.45963812	 -86086.09726091	 -55390.78456579	-306209.44710701	-276513003.47491336	-364431430.30828053	-347643661.72991574	  -3240.80886104	    -75.45696774	    -56.58326952	   -261.17570980	  -5487.50458094	-251481.82814706	-55092304.43213244	-650199.82580130	-107637.95185892	-131248.32057315	-1478825.32099650	-7630396.85002616	    -59.27351867	-646126667.46915424	  -1614.68897199	-27039127.77140894	-1094937.98082051	      0.00000000	   -616.30703199	-576536.61942980	      0.00000000	      0.00000000	      0.00000000	    -20.12366215	    -22.94440486	-56602816.73710789	-5630771.73848429	-7235370.20058079	      0.00000000	     -0.00000000	-309967.16806071	   -618.65839685	    -49.93394765	 -97722.29388951	 -83346.52486416	 -55570.42496014	-307043.95028225	-413799013.33461654	-570516713.07618439	-663952447.06625533	  -3432.84944188	    -71.71772248	    -52.83635974	   -279.16874193	  -5589.79737275	-255910.07810991	-43267454.28795447	    -48.94929268	-106044.40248541	-128205.20795105	-1478898.27176714	-2807498.40460198	    -62.17828501	-500279076.60325545	  -1718.51921906	-22390881.09507869	-1094016.95962857	      0.00000000	   -564.56532668	-573404.32135251	-970842.07676090	-2133910.72755378	-1336849.38015547
      1.47000000	-105439.57669824	  -4742.35951596	-25698942.37995754	-1642957.03029998	 -61975.81892005	      0.00000000	      0.00000000	-5113951.81540392	   -675.29242977	    -54.86625617	 -99795.45963812	 -86086.09726091	 -55390.78456579	-306209.44710701	-267341411.97216979	-351477935.20980763	-333066017.48818767	  -3240.80886104	    -75.45696774	    -56.58326952	   -261.17570980	  -5487.50458094	-251481.82814706	-55572308.23465254	-795120.09454231	-107637.95185892	-131248.32057315	-1478825.32099650	-8076436.94977083	    -59.27351867	-651201826.89335978	  -1614.68897199	-26693680.37038570	-1094937.98082051	      0.00254693	   -616.30703199	-576536.61942980	      0.00000000	      0.00000000	      0.00000000	    -20.12366215	    -22.94440486	-57012422.82229919	-5732623.74707941	-7141742.18638889	      0.00000000	     -0.00000000	-498013.56507929	   -618.65839685	    -49.93394765	 -97722.29388951	 -83346.52486416	 -55570.42496014	-307043.95028225	-418815203.21840501	-576268186.52809060	-669323477.73564744	  -3432.84944188	    -71.71772248	    -52.83635974	   -279.16874193	  -5589.79737275	-255910.07810991	-44676012.87558367	    -48.94929268	-106044.40248541	-128205.20795105	-1478898.27176714	-2668895.54707127	    -62.17828501	-504488371.70439452	  -1718.51921906	-23936141.09602308	-1094016.95962857	      0.00000000	   -564.56532668	-573404.32135251	-751972.63429953	-1616455.43622870	-1002749.06355743
      1.48000000	-234866.11893648	 -17591.11152525	-24836695.64275145	-1512701.12562087	 -58973.47845189	      0.00000000	      0.00000000	-5234263.84571585	   -675.29242977	    -54.86625617	 -99795.45963812	 -86086.09726091	 -55390.78456579	-306209.44710701	-258627827.15485036	-338977630.36044735	-318792119.36978495	  -3240.80886104	    -75.45696774	    -56.58326952	   -261.17570980	  -5487.50458094	-251481.82814706	-56031639.06509381	-951993.12062870	-107637.95185892	-131248.32057315	-1478825.32099650	-8526385.45651359	    -59.27351867	-656115430.34055424	  -1614.68897199	-26335499.55343675	-1094937.98082051	      0.21284624	   -616.30703199	-576536.61942980	      0.00000000	      0.00000000	      0.00000000	    -20.12366215	    -22.94440486	-57344411.13636108	-5818692.15250166	-7093922.89210507	      0.00000000	     -0.00000000	-746659.98668186	   -618.65839685	    -49.93394765	 -97722.29388951	 -83346.52486416	 -55570.42496014	-307043.95028225	-421994070.98803192	-579837368.22892869	-672827507.84335113	  -3432.84944188	    -71.71772248	    -52.83635974	   -279.16874193	  -5589.79737275	-255910.07810991	-46258939.00071214	    -48.94929268	-106044.40248541	-128205.20795105	-1478898.27176714	-2571842.45318121	    -62.17828501	-509446420.68442518	  -1718.51921906	-25592978.35156772	-1094016.95962857	      0.00000000	   -564.56532668	-573404.32135251	-544000.88962204	-1126909.28847968	-690683.41948545
      1.49000000	-406004.48807474	 -43104.95191510	-23990320.84224832	-1388220.29899460	 -54974.87417450	      0.00000000	      0.00000000	-5345792.95100105	   -675.29242977	    -54.86625617	 -99795.45963812	 -86086.09726091	 -55390.78456579	-306209.44710701	-250366884.22351545	-326910340.20550317	-304801206.04354924	  -3240.80886104	    -75.45696774	    -56.58326952	   -261.17570980	  -5487.50458094	-251481.82814706	-56470242.95990342	-1120676.13643031	-107637.95185892	-131248.32057315	-1478825.32099650	-8982079.73738103	    -59.27351867	-660873330.53430295	  -1614.68897199	-25959742.44779857	-1094937.98082051	     -2.17729717	   -616.30703199	-576536.61942980	      0.00000000	      0.00000000	      0.00000000	    -20.12366215	    -22.94440486	-57532842.75528092	-5880182.25937329	-7039185.22765446	      0.00000000	   -467.93953254	-1059513.06779158	   -618.65839685	    -49.93394765	 -97722.29388951	 -83346.52486416	 -55570.42496014	-307043.95028225	-423756681.71104985	-581652989.22312343	-674442680.79124928	  -3432.84944188	    -71.71772248	    -52.83635974	   -279.16874193	  -5589.79737275	-255910.07810991	-47962965.85925059	    -48.94929268	-106044.40248541	-128205.20795105	-1478898.27176714	-2509502.03192309	    -62.17828501	-515156867.43545783	  -1718.51921906	-27338486.93841181	-1094016.95962857	      0.00000000	   -564.56532668	-573404.32135251	-355866.71494761	-690135.58602589	-416125.22300050
      1.50000000	-611301.50459492	 -81904.76279063	-23207214.47925210	-1274895.16147066	 -52127.83280344	      0.00000000	      0.00000000	-5446653.64236778	   -675.29242977	    -54.86625617	 -99795.45963812	 -86086.09726091	 -55390.78456579	-306209.44710701	-242758427.13447320	-315637538.73877186	-291673563.20506191	  -3240.80886104	    -75.45696774	    -56.58326952	   -261.17570980	  -5487.50458094	-251481.82814706	-56891844.95813896	-1294267.43579560	-107637.95185892	-131248.32057315	-1478825.32099650	-9428629.31148662	    -59.27351867	-665303516.82844198	  -1614.68897199	-25590054.78093105	-1094937.98082051	    -19.66125331	   -616.30703199	-576536.61942980	      0.00000000	      0.00000000	      0.00000000	    -20.12366215	    -22.94440486	-57661774.42832001	-5931884.42510593	-6999393.04955918	      0.00000000	  -4319.78594049	-1435286.48568808	   -618.65839685	    -49.93394765	 -97722.29388951	 -83346.52486416	 -55570.42496014	-307043.95028225	-424464843.48975611	-582203849.26111150	-674898656.62977350	  -3432.84944188	    -71.71772248	    -52.83635974	   -279.16874193	  -5589.79737275	-255910.07810991	-49764666.91625413	    -48.94929268	-106044.40248541	-128205.20795105	-1478898.27176714	-2469017.68218302	    -62.17828501	-521232109.05647123	  -1718.51921906	-29180444.37583936	-1094016.95962857	      0.00000000	   -564.56532668	-573404.32135251	-196841.31187896	-333662.77528209	-195648.71640317
      1.51000000	-851168.07900205	-132071.25676686	-22443867.62136765	-1167910.95966727	 -49012.31050303	      0.00000000	      0.00000000	-5539742.65427875	   -675.29242977	    -54.86625617	 -99795.45963812	 -86086.09726091	 -55390.78456579	-306209.44710701	-235339247.70525756	-304553292.57788140	-278724488.59107155	  -3240.80886104	    -75.45696774	    -56.58326952	   -261.17570980	  -5487.50458094	-251481.82814706	-57298227.26571084	-1480854.51325501	-107637.95185892	-131248.32057315	-1478825.32099650	-9881459.83057196	    -59.27351867	-669562770.22067487	  -1614.68897199	-25209321.29843188	-1094937.98082051	    -59.19826551	   -616.30703199	-576536.61942980	      0.00000000	      0.00000000	      0.00000000	    -20.12366215	    -22.94440486	-57671241.91644973	-5964198.92768615	-6938305.79254559	      0.00000000	 -15122.73216248	-1867250.99833499	   -618.65839685	    -49.93394765	 -97722.29388951	 -83346.52486416	 -55570.42496014	-307043.95028225	-424311726.90932232	-581669682.92544830	-674043329.15704739	  -3432.84944188	    -71.71772248	    -52.83635974	   -279.16874193	  -5589.79737275	-255910.07810991	-51607875.01137025	    -48.94929268	-106044.40248541	-128205.20795105	-1478898.27176714	-2449684.23078410	    -62.17828501	-527638092.11822617	  -1718.51921906	-31066296.23233173	-1094016.95962857	      0.00000000	   -564.56532668	-573404.32135251	 -78360.01562649	-102109.25148735	 -56343.18590430
      1.52000000	-1118735.18023179	-191811.64159167	-21726860.02632699	-1070127.67529156	 -46505.50552775	      0.00000000	      0.00000000	-5622639.86000301	   -675.29242977	    -54.86625617	 -99795.45963812	 -86086.09726091	 -55390.78456579	-306209.44710701	-228260674.65902323	-293918091.67230844	-266329249.58838713	  -3240.80886104	    -75.45696774	    -56.58326952	   -261.17570980	  -5487.50458094	-251481.82814706	-57684592.49511294	-1675265.28293130	-107637.95185892	-131248.32057315	-1478825.32099650	-10329340.09854646	    -59.27351867	-673536538.69508433	  -1614.68897199	-24829931.76262665	-1094937.98082051	   -123.54214498	   -616.30703199	-576536.61942980	      0.00000000	      0.00000000	      0.00000000	    -20.12366215	    -22.94440486	-57589833.91383793	-5982311.41279500	-6848023.70354468	      0.00000000	 -36550.84013377	-2346465.86462183	   -618.65839685	    -49.93394765	 -97722.29388951	 -83346.52486416	 -55570.42496014	-307043.95028225	-423809921.12207806	-580665693.30632246	-672432894.03341210	  -3432.84944188	    -71.71772248	    -52.83635974	   -279.16874193	  -5589.79737275	-255910.07810991	-53462907.78945024	    -48.94929268	-106044.40248541	-128205.20795105	-1478898.27176714	-2440720.44941713	    -62.17828501	-534126572.64751834	  -1718.51921906	-32978156.06579272	-1094016.95962857	      0.00000000	   -564.56532668	-573404.32135251	 -16917.53480474	 -13456.08935602	  -6284.77148620
      1.53000000	-1416764.75962007	-260889.39026797	-21067970.83034950	-982089.11859658	 -45758.17118487	      0.00000000	      0.00000000	-5695102.75325159	   -675.29242977	    -54.86625617	 -99795.45963812	 -86086.09726091	 -55390.78456579	-306209.44710701	-221389108.43654153	-283637793.44466770	-254532206.18709072	  -3240.80886104	    -75.45696774	    -56.58326952	   -261.17570980	  -5487.50458094	-251481.82814706	-58056200.95525275	-1877056.50973575	-107637.95185892	-131248.32057315	-1478825.32099650	-10771466.50004647	    -59.27351867	-677198093.44384313	  -1614.68897199	-24456492.63723688	-1094937.98082051	   -215.17643598	   -616.30703199	-576536.61942980	      0.00000000	      0.00000000	      0.00000000	    -20.12366215	    -22.94440486	-57399872.29758863	-5983428.70739035	-6697702.43516949	      0.00000000	 -73092.33329768	-2858671.79032120	   -618.65839685	    -49.93394765	 -97722.29388951	 -83346.52486416	 -55570.42496014	-307043.95028225	-423536889.32737124	-579843177.11781919	-670436476.31866026	  -3432.84944188	    -71.71772248	    -52.83635974	   -279.16874193	  -5589.79737275	-255910.07810991	-55261477.87240921	    -48.94929268	-106044.40248541	-128205.20795105	-1478898.27176714	-2433197.43820348	    -62.17828501	-540538708.81855845	  -1718.51921906	-34870001.35311545	-1094016.95962857	      0.00000000	   -564.56532668	-573404.32135251	   -699.23172986	      0.00000000	      0.00000000
      1.54000000	-1735579.34245325	-336858.62559516	-20466782.66904128	-903791.56638093	 -46100.30590952	      0.00000000	      0.00000000	-5755223.84778644	   -675.29242977	    -54.86625617	 -99795.45963812	 -86086.09726091	 -55390.78456579	-306209.44710701	-214773551.06094635	-273804323.58973396	-243416991.23549488	  -3240.80886104	    -75.45696774	    -56.58326952	   -261.17570980	  -5487.50458094	-251481.82814706	-58399455.93173869	-2083096.98320607	-107637.95185892	-131248.32057315	-1478825.32099650	-11200804.36572397	    -59.27351867	-680509917.81911385	  -1614.68897199	-24090424.39035425	-1094937.98082051	   -338.87444424	   -616.30703199	-576536.61942980	      0.00000000	      0.00000000	      0.00000000	    -20.12366215	    -22.94440486	-57124796.35227774	-5967886.55877380	-6494173.30117936	      0.00000000	-121677.36207906	-3389265.89155839	   -618.65839685	    -49.93394765	 -97722.29388951	 -83346.52486416	 -55570.42496014	-307043.95028225	-423818773.35600674	-579628878.67047656	-668514819.36195803	  -3432.84944188	    -71.71772248	    -52.83635974	   -279.16874193	  -5589.79737275	-255910.07810991	-56964597.01991574	    -48.94929268	-106044.40248541	-128205.20795105	-1478898.27176714	-2422699.04032580	    -62.17828501	-546729026.83702290	  -1718.51921906	-36703555.60060593	-1094016.95962857	      0.00000000	   -564.56532668	-573404.32135251	      0.00000000	      0.00000000	      0.00000000
      1.55000000	-2097230.66313253	-423748.96733696	-19911939.75390890	-832413.75184240	 -49126.40428107	      0.00000000	      0.00000000	-5807155.42510808	   -675.29242977	    -54.86625617	 -99795.45963812	 -86086.09726091	 -55390.78456579	-306209.44710701	-208004424.06495380	-263915068.07973036	-232578158.12566286	  -3240.80886104	    -75.45696774	    -56.58326952	   -261.17570980	  -5487.50458094	-251481.82814706	-58740811.60449410	-2301839.12599399	-107637.95185892	-131248.32057315	-1478825.32099650	-11635455.82466299	    -59.27351867	-683600704.57168806	  -1614.68897199	-23724924.69447788	-1094937.98082051	   -500.78043877	   -616.30703199	-576536.61942980	      0.00000000	      0.00000000	      0.00000000	    -20.12366215	    -22.94440486	-56690172.21542099	-5920047.63977648	-6209616.30282870	      0.00000000	-178259.69853991	-3923658.92121851	   -618.65839685	    -49.93394765	 -97722.29388951	 -83346.52486416	 -55570.42496014	-307043.95028225	-424730462.07303828	-580067913.45246899	-666398207.17610812	  -3432.84944188	    -71.71772248	    -52.83635974	   -279.16874193	  -5589.79737275	-255910.07810991	-58508905.66518921	    -48.94929268	-106044.40248541	-128205.20795105	-1478898.27176714	-2414096.47646367	    -62.17828501	-552839304.87704599	  -1718.51921906	-38425008.12707479	-1094016.95962857	      0.00000000	   -564.56532668	-573404.32135251	      0.00000000	      0.00000000	      0.00000000
      1.56000000	-2434032.91591072	-506739.85532437	-19419467.17878569	-772385.35788559	 -50493.15565359	      0.00000000	      0.00000000	-5839645.38466606	   -675.29242977	    -54.86625617	 -99795.45963812	 -86086.09726091	 -55390.78456579	-306209.44710701	-201840113.68397537	-254999737.02849931	-222870059.58078265	  -3240.80886104	    -75.45696774	    -56.58326952	   -261.17570980	  -5487.50458094	-251481.82814706	-58999062.44729352	-2510462.83319529	-107637.95185892	-131248.32057315	-1478825.32099650	-12026057.32925419	    -59.27351867	-686170476.66106832	  -1614.68897199	-23375523.49548285	-1094937.98082051	   -700.82882485	   -616.30703199	-576536.61942980	      0.00000000	      0.00000000	      0.00000000	    -20.12366215	    -22.94440486	-56308830.86298095	-5864697.25525731	-5940023.72546659	      0.00000000	-243077.00511327	-4443292.79901993	   -618.65839685	    -49.93394765	 -97722.29388951	 -83346.52486416	 -55570.42496014	-307043.95028225	-427005645.30113769	-582266334.33615649	-665990154.14626873	  -3432.84944188	    -71.71772248	    -52.83635974	   -279.16874193	  -5589.79737275	-255910.07810991	-59911465.54371228	    -48.94929268	-106044.40248541	-128205.20795105	-1478898.27176714	-2392294.63544677	    -62.17828501	-558378541.63805389	  -1718.51921906	-40070764.96333148	-1094016.95962857	      0.00000000	   -564.56532668	-573404.32135251	      0.00000000	      0.00000000	      0.00000000
      1.57000000	-2706116.47431630	-576473.71874744	-19006266.95721847	-724328.62879080	 -49469.95930488	      0.00000000	      0.00000000	-5854324.15563297	   -675.29242977	    -54.86625617	 -99795.45963812	 -86086.09726091	 -55390.78456579	-306209.44710701	-197023320.10459319	-247900155.47894791	-214955968.86976698	  -3240.80886104	    -75.45696774	    -56.58326952	   -261.17570980	  -5487.50458094	-251481.82814706	-59173102.36542223	-2687829.56407719	-107637.95185892	-131248.32057315	-1478825.32099650	-12348424.08082739	    -59.27351867	-688181528.92673767	  -1614.68897199	-23063724.59480822	-1094937.98082051	   -914.38986006	   -616.30703199	-576536.61942980	      0.00000000	      0.00000000	      0.00000000	    -20.12366215	    -22.94440486	-56146501.58559026	-5825300.68549028	-5751641.05231406	      0.00000000	-315713.68882800	-4922524.33886380	   -618.65839685	    -49.93394765	 -97722.29388951	 -83346.52486416	 -55570.42496014	-307043.95028225	-431130871.84179056	-586963183.56948638	-668625356.07259727	  -3432.84944188	    -71.71772248	    -52.83635974	   -279.16874193	  -5589.79737275	-255910.07810991	-61161859.75019123	    -48.94929268	-106044.40248541	-128205.20795105	-1478898.27176714	-2344624.44643242	    -62.17828501	-562841880.94033933	  -1718.51921906	-41634525.89432305	-1094016.95962857	      0.00000000	   -564.56532668	-573404.32135251	      0.00000000	      0.00000000	      0.00000000
      1.58000000	-3235009.93324603	-703327.10387000	-18532452.99027702	-664913.77640086	 -61647.78232426	      0.00000000	      0.00000000	-5864747.03838363	   -675.29242977	    -54.86625617	 -99795.45963812	 -86086.09726091	 -55390.78456579	-306209.44710701	-188922089.19731271	-236752224.11553368	-203866588.54971880	  -3240.80886104	    -75.45696774	    -56.58326952	   -261.17570980	  -5487.50458094	-251481.82814706	-59478371.21722638	-2967738.09587507	-107637.95185892	-131248.32057315	-1478825.32099650	-12837607.36022225	    -59.27351867	-690759604.19034362	  -1614.68897199	-22622453.16652604	-1094937.98082051	  -1231.08767592	   -616.30703199	-576536.61942980	      0.00000000	      0.00000000	      0.00000000	    -20.12366215	    -22.94440486	-55281113.15119807	-5665559.22077412	-5397165.50399397	      0.00000000	-369167.92353578	-5373635.66518775	   -618.65839685	    -49.93394765	 -97722.29388951	 -83346.52486416	 -55570.42496014	-307043.95028225	-431953507.00508827	-587303761.94548738	-665003930.97352576	  -3432.84944188	    -71.71772248	    -52.83635974	   -279.16874193	  -5589.79737275	-255910.07810991	-62128457.17234834	    -48.94929268	-106044.40248541	-128205.20795105	-1478898.27176714	-2393490.35325616	    -62.17828501	-568782507.39617121	  -1718.51921906	-42719314.56957551	-1094016.95962857	      0.00000000	   -564.56532668	-573404.32135251	      0.00000000	      0.00000000	      0.00000000
      1.59000000	-3649954.39785407	-805408.18568970	-18157494.03789537	-620452.83428171	 -69504.44976446	      0.00000000	      0.00000000	-5850646.04704688	   -675.29242977	    -54.86625617	 -99795.45963812	 -86086.09726091	 -55390.78456579	-306209.44710701	-182805737.98665014	-228268440.77814540	-195309488.52497745	  -3240.80886104	    -75.45696774	    -56.58326952	   -261.17570980	  -5487.50458094	-251481.82814706	-59651558.37189312	-3195545.36479185	-107637.95185892	-131248.32057315	-1478825.32099650	-13220918.09227463	    -59.27351867	-692573889.78044498	  -1614.68897199	-22236223.93024563	-1094937.98082051	  -1560.05012452	   -616.30703199	-576536.61942980	      0.00000000	      0.00000000	      0.00000000	    -20.12366215	    -22.94440486	-54923891.76497323	-5573129.11775896	-5225897.09950897	      0.00000000	-424857.55493614	-5734688.55751834	   -618.65839685	    -49.93394765	 -97722.29388951	 -83346.52486416	 -55570.42496014	-307043.95028225	-435172776.76208222	-591024500.52861845	-666343175.33251703	  -3432.84944188	    -71.71772248	    -52.83635974	   -279.16874193	  -5589.79737275	-255910.07810991	-62935094.07896437	    -48.94929268	-106044.40248541	-128205.20795105	-1478898.27176714	-2391571.27467727	    -62.17828501	-572700163.42730570	  -1718.51921906	-43707226.93159876	-1094016.95962857	      0.00000000	   -564.56532668	-573404.32135251	      0.00000000	      0.00000000	      0.00000000
      1.60000000	-4050184.63164938	-903006.40667855	-17859488.97572659	-584474.46881760	 -79955.78775035	      0.00000000	      0.00000000	-5811822.59752905	   -675.29242977	    -54.86625617	 -99795.45963812	 -86086.09726091	 -55390.78456579	-306209.44710701	-177379251.44347095	-220833779.91893262	-188029543.91105539	  -3240.80886104	    -75.45696774	    -56.58326952	   -261.17570980	  -5487.50458094	-251481.82814706	-59759270.60852902	-3402909.56871289	-107637.95185892	-131248.32057315	-1478825.32099650	-13562696.89100815	    -59.27351867	-693905205.32480705	  -1614.68897199	-21852804.23850822	-1094937.98082051	  -1925.68563254	   -616.30703199	-576536.61942980	      0.00000000	      0.00000000	      0.00000000	    -20.12366215	    -22.94440486	-54784144.22980180	-5517140.01351820	-5122499.23626010	      0.00000000	-471777.40998202	-5991414.81817259	   -618.65839685	    -49.93394765	 -97722.29388951	 -83346.52486416	 -55570.42496014	-307043.95028225	-439225950.78617144	-595922531.20643675	-669512160.39919484	  -3432.84944188	    -71.71772248	    -52.83635974	   -279.16874193	  -5589.79737275	-255910.07810991	-63493739.06463393	    -48.94929268	-106044.40248541	-128205.20795105	-1478898.27176714	-2365180.05384607	    -62.17828501	-575159805.87388062	  -1718.51921906	-44458483.10948415	-1094016.95962857	      0.00000000	   -564.56532668	-573404.32135251	      0.00000000	      0.00000000	      0.00000000
      1.61000000	-4544635.69691534	-1017921.31248078	-17646498.93906607	-554346.14643453	-103021.01359718	      0.00000000	      0.00000000	-5746182.55254036	   -675.29242977	    -54.86625617	 -99795.45963812	 -86086.09726091	 -55390.78456579	-306209.44710701	-171508752.81327662	-213159303.93505803	-181225955.16320813	  -3240.80886104	    -75.45696774	    -56.58326952	   -261.17570980	  -5487.50458094	-251481.82814706	-59854001.39713778	-3617676.82338430	-107637.95185892	-131248.32057315	-1478825.32099650	-13911191.16476740	    -59.27351867	-694870327.81840169	  -1614.68897199	-21439543.78522404	-1094937.98082051	  -2330.69229156	   -616.30703199	-576536.61942980	      0.00000000	      0.00000000	      0.00000000	    -20.12366215	    -22.94440486	-54618389.33350461	-5470236.27656490	-4988039.86825206	      0.00000000	-500483.03597388	-6138437.30055911	   -618.65839685	    -49.93394765	 -97722.29388951	 -83346.52486416	 -55570.42496014	-307043.95028225	-443122624.82662147	-600470711.82153773	-672085959.55214882	  -3432.84944188	    -71.71772248	    -52.83635974	   -279.16874193	  -5589.79737275	-255910.07810991	-63737539.87442032	    -48.94929268	-106044.40248541	-128205.20795105	-1478898.27176714	-2333624.96307070	    -62.17828501	-576706962.45888817	  -1718.51921906	-44873597.92546703	-1094016.95962857	      0.00000000	   -564.56532668	-573404.32135251	      0.00000000	      0.00000000	      0.00000000
      1.62000000	-4904466.36411751	-1104271.02224181	-17446498.30281634	-530049.50835073	-116426.55558121	      0.00000000	      0.00000000	-5687703.32275318	   -675.29242977	    -54.86625617	 -99795.45963812	 -86086.09726091	 -55390.78456579	-306209.44710701	-167030884.96390846	-207230672.39564633	-175723217.16472718	  -3240.80886104	    -75.45696774	    -56.58326952	   -261.17570980	  -5487.50458094	-251481.82814706	-59878663.22632179	-3793035.83384437	-107637.95185892	-131248.32057315	-1478825.32099650	-14183629.93332255	    -59.27351867	-695583437.52922404	  -1614.68897199	-21097894.23162584	-1094937.98082051	  -2752.04863058	   -616.30703199	-576536.61942980	      0.00000000	      0.00000000	      0.00000000	    -20.12366215	    -22.94440486	-55228379.42387593	-5569955.21533775	-5046895.20118420	      0.00000000	-524267.49398435	-6112712.62913376	   -618.65839685	    -49.93394765	 -97722.29388951	 -83346.52486416	 -55570.42496014	-307043.95028225	-448884781.30355740	-607630334.19971001	-679858905.22126031	  -3432.84944188	    -71.71772248	    -52.83635974	   -279.16874193	  -5589.79737275	-255910.07810991	-63708157.32946372	    -48.94929268	-106044.40248541	-128205.20795105	-1478898.27176714	-2208559.20249272	    -62.17828501	-574669547.84887028	  -1718.51921906	-45168499.12552571	-1094016.95962857	      0.00000000	   -564.56532668	-573404.32135251	      0.00000000	      0.00000000	      0.00000000
      1.63000000	-5611664.05284723	-1250409.31841235	-17555972.87409449	-521296.30541808	-190927.65507231	      0.00000000	      0.00000000	-5525684.39710964	   -675.29242977	    -54.86625617	 -99795.45963812	 -86086.09726091	 -55390.78456579	-306209.44710701	-161400614.91239429	-200760321.22889826	-172065811.86200622	  -3240.80886104	    -75.45696774	    -56.58326952	   -261.17570980	  -5487.50458094	-251481.82814706	-59873101.13558505	-3961201.81853186	-107637.95185892	-131248.32057315	-1478825.32099650	-14470895.02094835	    -59.27351867	-695055220.90639329	  -1614.68897199	-20614504.36335716	-1094937.98082051	  -3051.56216880	   -616.30703199	-576536.61942980	      0.00000000	      0.00000000	      0.00000000	    -20.12366215	    -22.94440486	-54650544.16598543	-5489396.12377882	-4671816.42820757	      0.00000000	-512670.02153838	-6075759.22021865	   -618.65839685	    -49.93394765	 -97722.29388951	 -83346.52486416	 -55570.42496014	-307043.95028225	-453116324.99002773	-611695423.58759737	-679447324.81497121	  -3432.84944188	    -71.71772248	    -52.83635974	   -279.16874193	  -5589.79737275	-255910.07810991	-63287242.68068150	    -48.94929268	-106044.40248541	-128205.20795105	-1478898.27176714	-2173222.32048657	    -62.17828501	-575569478.78272891	  -1718.51921906	-44911330.84057894	-1094016.95962857	      0.00000000	   -564.56532668	-573404.32135251	      0.00000000	      0.00000000	      0.00000000
      1.64000000	-6232941.94251659	-1376381.59714439	-17670862.24859253	-516665.33696416	-268825.44709566	      0.00000000	      0.00000000	-5361686.94825454	   -675.29242977	    -54.86625617	 -99795.45963812	 -86086.09726091	 -55390.78456579	-306209.44710701	-156454971.44293660	-195268239.00394958	-169151201.36589974	  -3240.80886104	    -75.45696774	    -56.58326952	   -261.17570980	  -5487.50458094	-251481.82814706	-59775060.96991210	-4103301.56145177	-107637.95185892	-131248.32057315	-1478825.32099650	-14699098.48783096	    -59.27351867	-694220123.09604883	  -1614.68897199	-20167037.09888130	-1094937.98082051	  -3354.00854496	   -616.30703199	-576536.61942980	      0.00000000	      0.00000000	      0.00000000	    -20.12366215	    -22.94440486	-54684735.74040593	-5527490.03145726	-4462664.54294850	      0.00000000	-494279.05607578	-5895658.24585358	   -618.65839685	    -49.93394765	 -97722.29388951	 -83346.52486416	 -55570.42496014	-307043.95028225	-458167640.59931493	-617002880.12989473	-682507712.93269312	  -3432.84944188	    -71.71772248	    -52.83635974	   -279.16874193	  -5589.79737275	-255910.07810991	-62637891.76268383	    -48.94929268	-106044.40248541	-128205.20795105	-1478898.27176714	-2073006.07699200	    -62.17828501	-573523833.23371661	  -1718.51921906	-44528536.98296621	-1094016.95962857	      0.00000000	   -564.56532668	-573404.32135251	      0.00000000	      0.00000000	      0.00000000
      1.65000000	-6847762.50221013	-1495233.29315668	-17881653.17252288	-519936.47629844	-368725.71735802	      0.00000000	      0.00000000	-5163230.65512203	   -675.29242977	    -54.86625617	 -99795.45963812	 -86086.09726091	 -55390.78456579	-306209.44710701	-152281441.55143845	-190969064.11902225	-167715854.08595449	  -3240.80886104	    -75.45696774	    -56.58326952	   -261.17570980	  -5487.50458094	-251481.82814706	-59575292.59006019	-4204996.36062922	-107637.95185892	-131248.32057315	-1478825.32099650	-14867189.30763008	    -59.27351867	-692709590.83330989	  -1614.68897199	-19705739.86719027	-1094937.98082051	  -3596.46751860	   -616.30703199	-576536.61942980	      0.00000000	      0.00000000	      0.00000000	    -20.12366215	    -22.94440486	-54819950.38140807	-5592663.66671546	-4266457.75469324	      0.00000000	-465792.93288386	-5638740.31718650	   -618.65839685	    -49.93394765	 -97722.29388951	 -83346.52486416	 -55570.42496014	-307043.95028225	-463368492.75034100	-622414893.41419816	-685909678.62304807	  -3432.84944188	    -71.71772248	    -52.83635974	   -279.16874193	  -5589.79737275	-255910.07810991	-61785864.09787156	    -48.94929268	-106044.40248541	-128205.20795105	-1478898.27176714	-1959044.87257339	    -62.17828501	-570415528.03743565	  -1718.51921906	-43963652.78181379	-1094016.95962857	      0.00000000	   -564.56532668	-573404.32135251	      0.00000000	      0.00000000	      0.00000000
      1.66000000	-7437521.68762417	-1605350.70081528	-18135718.62485648	-527694.04280828	-483420.84998290	      0.00000000	      0.00000000	-4930212.67570344	   -675.29242977	    -54.86625617	 -99795.45963812	 -86086.09726091	 -55390.78456579	-306209.44710701	-148601706.01533931	-187412585.49605671	-167083335.92762178	  -3240.80886104	    -75.45696774	    -56.58326952	   -261.17570980	  -5487.50458094	-251481.82814706	-59248232.98341440	-4281873.40484101	-107637.95185892	-131248.32057315	-1478825.32099650	-14993474.03482047	    -59.27351867	-690612173.09308016	  -1614.68897199	-19203808.63107824	-1094937.98082051	  -3856.62607754	   -616.30703199	-576536.61942980	      0.00000000	      0.00000000	      0.00000000	    -20.12366215	    -22.94440486	-54979772.45031366	-5660350.98741216	-4108157.56014898	      0.00000000	-428858.93539415	-5337597.50639914	   -618.65839685	    -49.93394765	 -97722.29388951	 -83346.52486416	 -55570.42496014	-307043.95028225	-467835616.40408438	-627034884.19440687	-688918960.99985373	  -3432.84944188	    -71.71772248	    -52.83635974	   -279.16874193	  -5589.79737275	-255910.07810991	-60829137.48338860	    -48.94929268	-106044.40248541	-128205.20795105	-1478898.27176714	-1858293.93779889	    -62.17828501	-566873752.02712822	  -1718.51921906	-43237344.38463644	-1094016.95962857	      0.00000000	   -564.56532668	-573404.32135251	      0.00000000	      0.00000000	      0.00000000
      1.67000000	-8000824.43521138	-1701502.39724551	-18520735.39361120	-546427.64833075	-628844.62790292	      0.00000000	      0.00000000	-4659620.37073307	   -675.29242977	    -54.86625617	 -99795.45963812	 -86086.09726091	 -55390.78456579	-306209.44710701	-145891084.87900814	-185381295.05417627	-168398937.57934394	  -3240.80886104	    -75.45696774	    -56.58326952	   -261.17570980	  -5487.50458094	-251481.82814706	-58794272.42874875	-4301441.07700485	-107637.95185892	-131248.32057315	-1478825.32099650	-15036862.48181073	    -59.27351867	-687605085.98633707	  -1614.68897199	-18695221.12276385	-1094937.98082051	  -3991.61258280	   -616.30703199	-576536.61942980	      0.00000000	      0.00000000	      0.00000000	    -20.12366215	    -22.94440486	-55137196.95355079	-5729226.08459898	-3950378.32290057	      0.00000000	-389591.17610843	-5018925.04041422	   -618.65839685	    -49.93394765	 -97722.29388951	 -83346.52486416	 -55570.42496014	-307043.95028225	-472306032.69322270	-631628588.84975040	-691846006.79256284	  -3432.84944188	    -71.71772248	    -52.83635974	   -279.16874193	  -5589.79737275	-255910.07810991	-59796296.60581513	    -48.94929268	-106044.40248541	-128205.20795105	-1478898.27176714	-1759758.53840306	    -62.17828501	-563008359.67570901	  -1718.51921906	-42438577.27233131	-1094016.95962857	      0.00000000	   -564.56532668	-573404.32135251	      0.00000000	      0.00000000	      0.00000000
      1.68000000	-8503835.53299678	-1779032.96011444	-18990662.34804760	-573673.27907977	-795470.19097805	      0.00000000	      0.00000000	-4350285.97606359	   -675.29242977	    -54.86625617	 -99795.45963812	 -86086.09726091	 -55390.78456579	-306209.44710701	-144054766.58890113	-184638234.19014362	-171174223.81244045	  -3240.80886104	    -75.45696774	    -56.58326952	   -261.17570980	  -5487.50458094	-251481.82814706	-58180039.70768137	-4274792.70768412	-107637.95185892	-131248.32057315	-1478825.32099650	-15009658.60441127	    -59.27351867	-683716445.61626506	  -1614.68897199	-18154306.66600316	-1094937.98082051	  -4076.07919186	   -616.30703199	-576536.61942980	      0.00000000	      0.00000000	      0.00000000	    -20.12366215	    -22.94440486	-55216279.63839234	-5776955.44931985	-3804293.90560425	      0.00000000	-348382.22685704	-4702689.73792449	   -618.65839685	    -49.93394765	 -97722.29388951	 -83346.52486416	 -55570.42496014	-307043.95028225	-476129907.31585366	-635522925.67053640	-694070164.51319933	  -3432.84944188	    -71.71772248	    -52.83635974	   -279.16874193	  -5589.79737275	-255910.07810991	-58752752.14920159	    -48.94929268	-106044.40248541	-128205.20795105	-1478898.27176714	-1682371.84516725	    -62.17828501	-559390421.91785777	  -1718.51921906	-41570555.66662232	-1094016.95962857	      0.00000000	   -564.56532668	-573404.32135251	      0.00000000	      0.00000000	      0.00000000
      1.69000000	-8968270.26004095	-1841569.43046564	-19572146.08366297	-611115.70316976	-994566.42829610	      0.00000000	      0.00000000	-4005306.16114477	   -675.29242977	    -54.86625617	 -99795.45963812	 -86086.09726091	 -55390.78456579	-306209.44710701	-143112984.93569624	-185221818.76004618	-175598053.94473577	  -3240.80886104	    -75.45696774	    -56.58326952	   -261.17570980	  -5487.50458094	-251481.82814706	-57423631.63842458	-4200338.56637903	-107637.95185892	-131248.32057315	-1478825.32099650	-14914374.84236206	    -59.27351867	-678871760.84294879	  -1614.68897199	-17587050.68342093	-1094937.98082051	  -4062.64268464	   -616.30703199	-576536.61942980	      0.00000000	      0.00000000	      0.00000000	    -20.12366215	    -22.94440486	-55099373.76750036	-5787999.21983699	-3625324.26920487	      0.00000000	-305875.53272908	-4404369.58630475	   -618.65839685	    -49.93394765	 -97722.29388951	 -83346.52486416	 -55570.42496014	-307043.95028225	-479118296.37733108	-638343665.64003479	-694708212.36723769	  -3432.84944188	    -71.71772248	    -52.83635974	   -279.16874193	  -5589.79737275	-255910.07810991	-57703969.43842555	    -48.94929268	-106044.40248541	-128205.20795105	-1478898.27176714	-1630579.49048096	    -62.17828501	-556392538.24746799	  -1718.51921906	-40644577.06379689	-1094016.95962857	      0.00000000	   -564.56532668	-573404.32135251	      0.00000000	      0.00000000	      0.00000000
      1.70000000	-9349186.74649970	-1877088.36333775	-20318867.39545232	-664641.61412414	-1233656.35413490	      0.00000000	      0.00000000	-3620970.66518348	   -675.29242977	    -54.86625617	 -99795.45963812	 -86086.09726091	 -55390.78456579	-306209.44710701	-143558222.83974966	-187851335.83962655	-182538697.20760584	  -3240.80886104	    -75.45696774	    -56.58326952	   -261.17570980	  -5487.50458094	-251481.82814706	-56491920.29718178	-4055222.24782207	-107637.95185892	-131248.32057315	-1478825.32099650	-14716392.03997323	    -59.27351867	-672746087.60823226	  -1614.68897199	-17008689.95208231	-1094937.98082051	  -3880.51571156	   -616.30703199	-576536.61942980	      0.00000000	      0.00000000	      0.00000000	    -20.12366215	    -22.94440486	-54808140.49981264	-5766579.91966138	-3410660.64162125	      0.00000000	-264871.75851765	-4130472.42120530	   -618.65839685	    -49.93394765	 -97722.29388951	 -83346.52486416	 -55570.42496014	-307043.95028225	-481677758.93955451	-640553022.96570301	-694148767.27579343	  -3432.84944188	    -71.71772248	    -52.83635974	   -279.16874193	  -5589.79737275	-255910.07810991	-56669651.38099951	    -48.94929268	-106044.40248541	-128205.20795105	-1478898.27176714	-1596450.52273684	    -62.17828501	-554009736.69101143	  -1718.51921906	-39704916.53613983	-1094016.95962857	      0.00000000	   -564.56532668	-573404.32135251	      0.00000000	      0.00000000	      0.00000000
      1.71000000	-9701006.79863584	-1901511.06600696	-21167071.45307797	-728675.89120259	-1512636.65443524	      0.00000000	      0.00000000	-3207455.33798923	   -675.29242977	    -54.86625617	 -99795.45963812	 -86086.09726091	 -55390.78456579	-306209.44710701	-144705810.74069166	-191485505.95269701	-190804089.60480502	  -3240.80886104	    -75.45696774	    -56.58326952	   -261.17570980	  -5487.50458094	-251481.82814706	-55417216.43590262	-3880621.31014282	-107637.95185892	-131248.32057315	-1478825.32099650	-14475348.71561282	    -59.27351867	-665616394.88895941	  -1614.68897199	-16385870.77725743	-1094937.98082051	  -3634.61102208	   -616.30703199	-576536.61942980	      0.00000000	      0.00000000	      0.00000000	    -20.12366215	    -22.94440486	-54202411.38366739	-5691355.40025372	-3149446.05657038	      0.00000000	-221205.77389261	-3878509.44051982	   -618.65839685	    -49.93394765	 -97722.29388951	 -83346.52486416	 -55570.42496014	-307043.95028225	-482378588.04185170	-640405475.61237884	-690565814.97135067	  -3432.84944188	    -71.71772248	    -52.83635974	   -279.16874193	  -5589.79737275	-255910.07810991	-55638036.75405368	    -48.94929268	-106044.40248541	-128205.20795105	-1478898.27176714	-1603624.47606561	    -62.17828501	-552648417.71673584	  -1718.51921906	-38671700.97975250	-1094016.95962857	      0.00000000	   -564.56532668	-573404.32135251	      0.00000000	      0.00000000	      0.00000000
