FiberActivePower
version=1
nRows=105
nColumns=81
inDegrees=no

This analysis gathers basic information about muscles during a simulation (e.g., forces, tendon lengths, moment arms, etc).
Units are S.I. units (second, meters, Newtons, ...)
If the header above contains a line with 'inDegrees', this indicates whether rotational values are in degrees (yes) or radians (no).

endheader
time	addbrev_r	addlong_r	addmagDist_r	addmagIsch_r	addmagMid_r	addmagProx_r	bflh_r	bfsh_r	edl_r	ehl_r	fdl_r	fhl_r	gaslat_r	gasmed_r	glmax1_r	glmax2_r	glmax3_r	glmed1_r	glmed2_r	glmed3_r	glmin1_r	glmin2_r	glmin3_r	grac_r	iliacus_r	perbrev_r	perlong_r	piri_r	psoas_r	recfem_r	sart_r	semimem_r	semiten_r	soleus_r	tfl_r	tibant_r	tibpost_r	vasint_r	vaslat_r	vasmed_r	addbrev_l	addlong_l	addmagDist_l	addmagIsch_l	addmagMid_l	addmagProx_l	bflh_l	bfsh_l	edl_l	ehl_l	fdl_l	fhl_l	gaslat_l	gasmed_l	glmax1_l	glmax2_l	glmax3_l	glmed1_l	glmed2_l	glmed3_l	glmin1_l	glmin2_l	glmin3_l	grac_l	iliacus_l	perbrev_l	perlong_l	piri_l	psoas_l	recfem_l	sart_l	semimem_l	semiten_l	soleus_l	tfl_l	tibant_l	tibpost_l	vasint_l	vaslat_l	vasmed_l
      0.63000000	-5883661.40794508	-1283676.70374853	-17954238.37279977	-548871.43730199	-261399.91028914	      0.00000000	      0.00000000	-5548937.61523548	   -675.29242977	    -54.86625617	 -99795.45963812	 -86086.09726091	 -55390.78456579	-306209.44710701	-159694387.85564744	-200424935.39353547	-174921849.43069592	  -3240.80886104	    -75.45696774	    -56.58326952	   -261.17570980	  -5487.50458094	-251481.82814706	-60053336.31831506	-3920682.06057673	-107637.95185892	-131248.32057315	-1478825.32099650	-14390935.74347368	    -59.27351867	-694196498.33160484	  -1614.68897199	-20824089.06336487	-1094937.98082051	  -2517.99204679	   -616.30703199	-576536.61942980	      0.00000000	      0.00000000	      0.00000000	    -20.12366215	    -22.94440486	-60255377.12960619	-6231332.14634801	-7119980.23093040	      0.00000000	-673743.45405142	-6086194.29685257	   -618.65839685	    -49.93394765	 -97722.29388951	 -83346.52486416	 -55570.42496014	-307043.95028225	-461447774.93569642	-628876240.61915064	-721352974.69565642	  -3432.84944188	    -71.71772248	    -52.83635974	   -279.16874193	  -5589.79737275	-255910.07810991	-65254419.89766590	    -48.94929268	-106044.40248541	-128205.20795105	-1478898.27176714	-1850264.10137705	    -62.17828501	-564045274.58191717	  -1308.65708339	-47144821.24525650	-1094016.95962857	      0.00000000	   -564.56532668	-573404.32135251	      0.00000000	      0.00000000	      0.00000000
      0.64000000	-6432570.32156388	-1405953.41688185	-17884719.18692724	-529572.18664445	-317922.56403079	      0.00000000	      0.00000000	-5450927.83692325	   -675.29242977	    -54.86625617	 -99795.45963812	 -86086.09726091	 -55390.78456579	-306209.44710701	-155440695.42786258	-194854417.26577681	-170465910.64042187	  -3240.80886104	    -75.45696774	    -56.58326952	   -261.17570980	  -5487.50458094	-251481.82814706	-60098362.10598166	-4090120.82248188	-107637.95185892	-131248.32057315	-1478825.32099650	-14679247.43569306	    -59.27351867	-694457577.02939582	  -1614.68897199	-20427500.08684880	-1094937.98082051	  -2872.05854052	   -616.30703199	-576536.61942980	      0.00000000	      0.00000000	      0.00000000	    -20.12366215	    -22.94440486	-60674319.14255639	-6293606.75538271	-7168162.52539369	      0.00000000	-679387.04976531	-6006260.77042175	   -618.65839685	    -49.93394765	 -97722.29388951	 -83346.52486416	 -55570.42496014	-307043.95028225	-465778404.36767739	-634308018.92558968	-727110148.54023731	  -3432.84944188	    -71.71772248	    -52.83635974	   -279.16874193	  -5589.79737275	-255910.07810991	-65079144.23114739	    -48.94929268	-106044.40248541	-128205.20795105	-1478898.27176714	-1772032.73163637	    -62.17828501	-562460125.01657367	  -1304.73504626	-47138860.62051643	-1094016.95962857	      0.00000000	   -564.56532668	-573404.32135251	      0.00000000	      0.00000000	      0.00000000
      0.65000000	-7060440.82480006	-1539288.73166876	-17932206.74507833	-518061.86337813	-404199.35295101	      0.00000000	      0.00000000	-5310044.67055036	   -675.29242977	    -54.86625617	 -99795.45963812	 -86086.09726091	 -55390.78456579	-306209.44710701	-151374197.16771328	-189820321.41395241	-167197145.25552514	  -3240.80886104	    -75.45696774	    -56.58326952	   -261.17570980	  -5487.50458094	-251481.82814706	-60077667.25319406	-4238166.50553159	-107637.95185892	-131248.32057315	-1478825.32099650	-14940131.76498706	    -59.27351867	-694070269.27020109	  -1614.68897199	-19990280.44173286	-1094937.98082051	  -3193.40126746	   -616.30703199	-576536.61942980	      0.00000000	      0.00000000	      0.00000000	    -20.12366215	    -22.94440486	-60892325.54023038	-6330355.57518336	-7105545.24995029	      0.00000000	-662450.08775467	-5841806.55022647	   -618.65839685	    -49.93394765	 -97722.29388951	 -83346.52486416	 -55570.42496014	-307043.95028225	-470199831.92786396	-639551823.18235946	-731629103.40069294	  -3432.84944188	    -71.71772248	    -52.83635974	   -279.16874193	  -5589.79737275	-255910.07810991	-64602259.59312624	    -48.94929268	-106044.40248541	-128205.20795105	-1478898.27176714	-1699953.98466181	    -62.17828501	-560729466.08317220	  -1619.72682191	-46792751.42945960	-1094016.95962857	      0.00000000	   -564.56532668	-573404.32135251	      0.00000000	      0.00000000	      0.00000000
      0.66000000	-7808340.45570076	-1678998.07133585	-18232095.54503572	-527174.01497102	-551676.46254296	      0.00000000	      0.00000000	-5092900.32109850	   -675.29242977	    -54.86625617	 -99795.45963812	 -86086.09726091	 -55390.78456579	-306209.44710701	-146379473.84445709	-184967003.15874285	-166029356.01590586	  -3240.80886104	    -75.45696774	    -56.58326952	   -261.17570980	  -5487.50458094	-251481.82814706	-59854904.21771028	-4346609.83437371	-107637.95185892	-131248.32057315	-1478825.32099650	-15104122.76081205	    -59.27351867	-692160207.04213130	  -1614.68897199	-19517081.45471496	-1094937.98082051	  -3356.47438794	   -616.30703199	-576536.61942980	      0.00000000	      0.00000000	      0.00000000	    -20.12366215	    -22.94440486	-61331580.94655886	-6448820.85182767	-7010649.05722484	      0.00000000	-627717.38982170	-5545786.29303814	   -618.65839685	    -49.93394765	 -97722.29388951	 -83346.52486416	 -55570.42496014	-307043.95028225	-475231486.41139597	-644849289.53190243	-736211664.48113966	  -3432.84944188	    -71.71772248	    -52.83635974	   -279.16874193	  -5589.79737275	-255910.07810991	-63739248.93782770	    -48.94929268	-106044.40248541	-128205.20795105	-1478898.27176714	-1586147.80174782	    -62.17828501	-556595555.79258919	  -1718.51921906	-46193254.40033299	-1094016.95962857	      0.00000000	   -564.56532668	-573404.32135251	      0.00000000	      0.00000000	      0.00000000
      0.67000000	-8417467.29339786	-1790881.67318696	-18541873.87950955	-537883.84824186	-699026.63526339	      0.00000000	      0.00000000	-4866592.16844849	   -675.29242977	    -54.86625617	 -99795.45963812	 -86086.09726091	 -55390.78456579	-306209.44710701	-143666667.50410393	-182467092.35410643	-166387780.74145937	  -3240.80886104	    -75.45696774	    -56.58326952	   -261.17570980	  -5487.50458094	-251481.82814706	-59569085.63539077	-4393586.14296138	-107637.95185892	-131248.32057315	-1478825.32099650	-15205726.87766996	    -59.27351867	-689983944.60399294	  -1614.68897199	-19054209.08583732	-1094937.98082051	  -3493.43885740	   -616.30703199	-576536.61942980	      0.00000000	      0.00000000	      0.00000000	    -20.12366215	    -22.94440486	-61725060.51505739	-6548551.55727187	-6934160.81721508	      0.00000000	-588397.73799875	-5239017.95652353	   -618.65839685	    -49.93394765	 -97722.29388951	 -83346.52486416	 -55570.42496014	-307043.95028225	-480057369.28432822	-650059717.40345812	-740735145.67857754	  -3432.84944188	    -71.71772248	    -52.83635974	   -279.16874193	  -5589.79737275	-255910.07810991	-62833912.43231468	    -48.94929268	-106044.40248541	-128205.20795105	-1478898.27176714	-1487677.72956425	    -62.17828501	-552587756.69217813	  -1718.51921906	-45495882.55536558	-1094016.95962857	      0.00000000	   -564.56532668	-573404.32135251	      0.00000000	      0.00000000	      0.00000000
      0.68000000	-8978621.33127198	-1882949.06439817	-18996724.07806687	-561203.33034458	-880936.59041058	      0.00000000	      0.00000000	-4600502.76659802	   -675.29242977	    -54.86625617	 -99795.45963812	 -86086.09726091	 -55390.78456579	-306209.44710701	-142023001.61333349	-181672929.81988588	-168931657.45761243	  -3240.80886104	    -75.45696774	    -56.58326952	   -261.17570980	  -5487.50458094	-251481.82814706	-59142142.12827031	-4374131.39852498	-107637.95185892	-131248.32057315	-1478825.32099650	-15210494.12926977	    -59.27351867	-686815700.69595957	  -1614.68897199	-18589594.81914066	-1094937.98082051	  -3493.77368609	   -616.30703199	-576536.61942980	      0.00000000	      0.00000000	      0.00000000	    -20.12366215	    -22.94440486	-62128807.46525695	-6652336.27867433	-6847697.22985990	      0.00000000	-546077.51569333	-4911355.81840173	   -618.65839685	    -49.93394765	 -97722.29388951	 -83346.52486416	 -55570.42496014	-307043.95028225	-485251814.85689801	-655642506.46080756	-745469896.95035660	  -3432.84944188	    -71.71772248	    -52.83635974	   -279.16874193	  -5589.79737275	-255910.07810991	-61832205.03159706	    -48.94929268	-106044.40248541	-128205.20795105	-1478898.27176714	-1386954.10711221	    -62.17828501	-548171595.61006367	  -1718.51921906	-44722169.49913949	-1094016.95962857	      0.00000000	   -564.56532668	-573404.32135251	      0.00000000	      0.00000000	      0.00000000
      0.69000000	-9609869.60289725	-1984520.96096427	-19532199.66987584	-589731.33166032	-1110451.62521950	      0.00000000	      0.00000000	-4300621.82561301	   -675.29242977	    -54.86625617	 -99795.45963812	 -86086.09726091	 -55390.78456579	-306209.44710701	-140423910.20048839	-181087145.38666198	-172122199.24208561	  -3240.80886104	    -75.45696774	    -56.58326952	   -261.17570980	  -5487.50458094	-251481.82814706	-58630177.56668755	-4342264.94406455	-107637.95185892	-131248.32057315	-1478825.32099650	-15202624.16472541	    -59.27351867	-682997090.02291262	  -1614.68897199	-18070287.50166118	-1094937.98082051	  -3459.29499458	   -616.30703199	-576536.61942980	      0.00000000	      0.00000000	      0.00000000	    -20.12366215	    -22.94440486	-62128998.81776831	-6689804.21546359	-6650337.98265715	      0.00000000	-493374.28702425	-4596970.98323533	   -618.65839685	    -49.93394765	 -97722.29388951	 -83346.52486416	 -55570.42496014	-307043.95028225	-488545497.58529860	-658750873.04927599	-746686706.34145129	  -3432.84944188	    -71.71772248	    -52.83635974	   -279.16874193	  -5589.79737275	-255910.07810991	-60758564.93710268	    -48.94929268	-106044.40248541	-128205.20795105	-1478898.27176714	-1329412.81096818	    -62.17828501	-544768382.02574396	  -1718.51921906	-43781112.25208309	-1094016.95962857	      0.00000000	   -564.56532668	-573404.32135251	      0.00000000	      0.00000000	      0.00000000
      0.70000000	-10175723.24049673	-2060962.90892171	-20245639.12840510	-634339.09880972	-1391495.21413283	      0.00000000	      0.00000000	-3954158.37673041	   -675.29242977	    -54.86625617	 -99795.45963812	 -86086.09726091	 -55390.78456579	-306209.44710701	-140144860.68469679	-182528012.74953711	-177915191.92321712	  -3240.80886104	    -75.45696774	    -56.58326952	   -261.17570980	  -5487.50458094	-251481.82814706	-57940040.06010967	-4234535.41704963	-107637.95185892	-131248.32057315	-1478825.32099650	-15086605.61943082	    -59.27351867	-677893429.55941153	  -1614.68897199	-17536581.26927459	-1094937.98082051	  -3267.49034873	   -616.30703199	-576536.61942980	      0.00000000	      0.00000000	      0.00000000	    -20.12366215	    -22.94440486	-61922414.49593173	-6694562.98085927	-6375911.05887023	      0.00000000	-440994.37931445	-4303999.51786221	   -618.65839685	    -49.93394765	 -97722.29388951	 -83346.52486416	 -55570.42496014	-307043.95028225	-491443300.28030950	-661230249.19880247	-746493176.49784470	  -3432.84944188	    -71.71772248	    -52.83635974	   -279.16874193	  -5589.79737275	-255910.07810991	-59663564.63383452	    -48.94929268	-106044.40248541	-128205.20795105	-1478898.27176714	-1285453.08391561	    -62.17828501	-541878639.00074947	  -1718.51921906	-42814169.27436939	-1094016.95962857	      0.00000000	   -564.56532668	-573404.32135251	      0.00000000	      0.00000000	      0.00000000
      0.71000000	-10695560.50021110	-2118590.18584325	-21114229.93412800	-693428.28546793	-1729411.38218656	      0.00000000	      0.00000000	-3567212.14069412	   -675.29242977	    -54.86625617	 -99795.45963812	 -86086.09726091	 -55390.78456579	-306209.44710701	-140949060.96982697	-185585497.90577459	-185839969.05615509	  -3240.80886104	    -75.45696774	    -56.58326952	   -261.17570980	  -5487.50458094	-251481.82814706	-57085824.22978084	-4070794.06375529	-107637.95185892	-131248.32057315	-1478825.32099650	-14892136.76186686	    -59.27351867	-671582034.46085489	  -1614.68897199	-16971724.91390445	-1094937.98082051	  -2966.79297789	   -616.30703199	-576536.61942980	      0.00000000	      0.00000000	      0.00000000	    -20.12366215	    -22.94440486	-61386708.29905042	-6644932.00442113	-6000154.47640717	      0.00000000	-386601.09541868	-4036882.38026204	   -618.65839685	    -49.93394765	 -97722.29388951	 -83346.52486416	 -55570.42496014	-307043.95028225	-493282395.81156826	-662262206.43490672	-743821173.91736495	  -3432.84944188	    -71.71772248	    -52.83635974	   -279.16874193	  -5589.79737275	-255910.07810991	-58546790.47257596	    -48.94929268	-106044.40248541	-128205.20795105	-1478898.27176714	-1267572.92993933	    -62.17828501	-539933290.00638700	  -1718.51921906	-41782169.45052288	-1094016.95962857	      0.00000000	   -564.56532668	-573404.32135251	      0.00000000	      0.00000000	      0.00000000
      0.72000000	-11107102.16849255	-2142938.47184367	-22178150.88817054	-772880.87965527	-2127333.48838934	      0.00000000	      0.00000000	-3138835.56885199	   -675.29242977	    -54.86625617	 -99795.45963812	 -86086.09726091	 -55390.78456579	-306209.44710701	-143266334.93999189	-190879097.31017068	-196605450.51842389	  -3240.80886104	    -75.45696774	    -56.58326952	   -261.17570980	  -5487.50458094	-251481.82814706	-56026693.31949381	-3836335.87312148	-107637.95185892	-131248.32057315	-1478825.32099650	-14591378.28519952	    -59.27351867	-663759166.92359138	  -1614.68897199	-16385687.95606012	-1094937.98082051	  -2544.96012228	   -616.30703199	-576536.61942980	      0.76550148	      0.00000000	      0.00000000	    -20.12366215	    -22.94440486	-60562691.55798344	-6548938.23993221	-5541421.73880653	      0.00000000	-332980.06605695	-3799909.01010297	   -618.65839685	    -49.93394765	 -97722.29388951	 -83346.52486416	 -55570.42496014	-307043.95028225	-494165157.07794207	-661967729.43322086	-738904160.03469241	  -3432.84944188	    -71.71772248	    -52.83635974	   -279.16874193	  -5589.79737275	-255910.07810991	-57438101.46469484	    -48.94929268	-106044.40248541	-128205.20795105	-1478898.27176714	-1271929.68655468	    -62.17828501	-538881628.78796661	  -1718.51921906	-40725011.23172580	-1094016.95962857	      0.00000000	   -564.56532668	-573404.32135251	      0.00000000	      0.00000000	      0.00000000
      0.73000000	-11484740.47556146	-2153148.99762928	-23400266.38366865	-869050.05336181	-2598058.98082304	      0.00000000	      0.00000000	-2687488.98626173	   -675.29242977	    -54.86625617	 -99795.45963812	 -86086.09726091	 -55390.78456579	-306209.44710701	-146486104.67579362	-197497619.80593854	-209275708.49096689	  -3240.80886104	    -75.45696774	    -56.58326952	   -261.17570980	  -5487.50458094	-251481.82814706	-54827974.73122510	-3569245.78332063	-107637.95185892	-131248.32057315	-1478825.32099650	-14241096.48709441	    -59.27351867	-654729734.28751099	  -1614.68897199	-15762792.67125729	-1094937.98082051	  -2076.38104249	   -616.30703199	-576536.61942980	  -4676.55755314	  -1261.28361777	   -357.14379445	    -20.12366215	    -22.94440486	-59383686.36619531	-6399130.31996215	-4999270.31817912	      0.00000000	-276658.13567634	-3580756.39939427	   -618.65839685	    -49.93394765	 -97722.29388951	 -83346.52486416	 -55570.42496014	-307043.95028225	-493296030.59672314	-659341562.15373814	-730699236.33715379	  -3432.84944188	    -71.71772248	    -52.83635974	   -279.16874193	  -5589.79737275	-255910.07810991	-56298733.21665339	    -48.94929268	-106044.40248541	-128205.20795105	-1478898.27176714	-1309436.02822934	    -62.17828501	-538777278.66354656	  -1718.51921906	-39570264.49154516	-1094016.95962857	      0.00000000	   -564.56532668	-573404.32135251	      0.00000000	      0.00000000	      0.00000000
      0.74000000	-11659131.25059048	-2110892.10643261	-24891666.50071116	-996741.57571212	-3140366.31116525	      0.00000000	      0.00000000	-2217596.99655342	   -675.29242977	    -54.86625617	 -99795.45963812	 -86086.09726091	 -55390.78456579	-306209.44710701	-152125385.59909749	-207493853.51135090	-226046790.96961334	  -3240.80886104	    -75.45696774	    -56.58326952	   -261.17570980	  -5487.50458094	-251481.82814706	-53439612.35902908	-3219198.16144555	-107637.95185892	-131248.32057315	-1478825.32099650	-13759271.06124080	    -59.27351867	-643954656.61296082	  -1614.68897199	-15146745.14526486	-1094937.98082051	  -1526.47006292	   -616.30703199	-576536.61942980	 -33772.45918926	 -34330.91297089	 -17757.05599523	    -20.12366215	    -22.94440486	-57951609.94650903	-6212571.16048647	-4378701.62915340	      0.00000000	-225882.13303286	-3397731.30460138	   -618.65839685	    -49.93394765	 -97722.29388951	 -83346.52486416	 -55570.42496014	-307043.95028225	-492281218.72924674	-656240798.09300971	-720835405.72573590	  -3432.84944188	    -71.71772248	    -52.83635974	   -279.16874193	  -5589.79737275	-255910.07810991	-55185148.50380255	    -48.94929268	-106044.40248541	-128205.20795105	-1478898.27176714	-1358052.75068518	    -62.17828501	-539521812.90251100	  -1718.51921906	-38451466.86424752	-1094016.95962857	      0.00000000	   -564.56532668	-573404.32135251	      0.00000000	      0.00000000	      0.00000000
      0.75000000	-11675897.42524955	-2034656.93481932	-26527052.96779108	-1146235.42332360	-3724209.74175101	      0.00000000	      0.00000000	-1757804.49698911	   -675.29242977	    -54.86625617	 -99795.45963812	 -86086.09726091	 -55390.78456579	-306209.44710701	-159202166.24308789	-219394662.98130926	-245025347.44866407	  -3240.80886104	    -75.45696774	    -56.58326952	   -261.17570980	  -5487.50458094	-251481.82814706	-51925725.31541017	-2846923.44949867	-107637.95185892	-131248.32057315	-1478825.32099650	-13223583.19079069	    -59.27351867	-632095618.69895434	  -1614.68897199	-14518248.72831916	-1094937.98082051	  -1039.11715229	   -616.30703199	-576536.61942980	-117097.78425481	-167958.17963811	 -96056.00132214	    -20.12366215	    -22.94440486	-56282442.78219891	-5990513.40930531	-3748127.36742606	      0.00000000	-177097.98944684	-3237740.15217061	   -618.65839685	    -49.93394765	 -97722.29388951	 -83346.52486416	 -55570.42496014	-307043.95028225	-489519831.62965429	-650907371.58956206	-708285956.33250415	  -3432.84944188	    -71.71772248	    -52.83635974	   -279.16874193	  -5589.79737275	-255910.07810991	-54108776.49056096	    -48.94929268	-106044.40248541	-128205.20795105	-1478898.27176714	-1438423.52334714	    -62.17828501	-541086485.45590925	  -1718.51921906	-37299828.89971354	-1094016.95962857	      0.00000000	   -564.56532668	-573404.32135251	      0.00000000	      0.00000000	      0.00000000
      0.76000000	-11485794.69245794	-1915033.59160716	-28358043.56285064	-1325671.65346093	-4349067.04925782	      0.00000000	      0.00000000	-1325347.32697044	   -675.29242977	    -54.86625617	 -99795.45963812	 -86086.09726091	 -55390.78456579	-306209.44710701	-168154312.04341304	-233843722.30681843	-266987396.62862834	  -3240.80886104	    -75.45696774	    -56.58326952	   -261.17570980	  -5487.50458094	-251481.82814706	-50311005.23180792	-2447147.81241263	-107637.95185892	-131248.32057315	-1478825.32099650	-12612987.78735192	    -59.27351867	-619106405.59455955	  -1614.68897199	-13924067.08763518	-1094937.98082051	   -585.88495940	   -616.30703199	-576536.61942980	-258011.16029933	-468498.29414343	-280032.85384504	    -20.12366215	    -22.94440486	-54410484.60302498	-5738493.16628137	-3110644.13720456	      0.00000000	-133814.17680196	-3110855.87569998	   -618.65839685	    -49.93394765	 -97722.29388951	 -83346.52486416	 -55570.42496014	-307043.95028225	-485771183.64764762	-644199176.24088120	-693727941.05990314	  -3432.84944188	    -71.71772248	    -52.83635974	   -279.16874193	  -5589.79737275	-255910.07810991	-53099522.17362230	    -48.94929268	-106044.40248541	-128205.20795105	-1478898.27176714	-1542453.19353144	    -62.17828501	-543514064.96365499	  -1718.51921906	-36175538.42450633	-1094016.95962857	      0.00000000	   -564.56532668	-573404.32135251	      0.12713500	      0.00000000	      0.00000000
      0.77000000	-11038798.62784489	-1750334.54804175	-30291848.31526171	-1529420.66784410	-4955012.12459868	      0.00000000	      0.00000000	-944032.37672361	   -675.29242977	    -54.86625617	 -99795.45963812	 -86086.09726091	 -55390.78456579	-306209.44710701	-178937530.20579937	-250595985.40138990	-291151378.57298332	  -3240.80886104	    -75.45696774	    -56.58326952	   -261.17570980	  -5487.50458094	-251481.82814706	-48635764.52352367	-2043491.64121969	-107637.95185892	-131248.32057315	-1478825.32099650	-11949826.06589685	    -59.02138837	-605523999.18161178	  -1614.68897199	-13386133.45710595	-1094937.98082051	   -253.61461725	   -616.30703199	-576536.61942980	-444493.02078346	-895238.73018692	-546613.11349581	    -20.12366215	    -22.94440486	-52422576.96534933	-5468005.83859204	-2516394.66091122	      0.00000000	 -96887.06741425	-3017860.02314135	   -618.65839685	    -49.93394765	 -97722.29388951	 -83346.52486416	 -55570.42496014	-307043.95028225	-480753817.40108448	-635910987.06853724	-677490405.59966755	  -3432.84944188	    -71.71772248	    -52.83635974	   -279.16874193	  -5589.79737275	-255910.07810991	-52202799.34533887	    -48.94929268	-106044.40248541	-128205.20795105	-1478898.27176714	-1673710.60751360	    -62.17828501	-546711239.15996003	  -1718.51921906	-35104863.21786094	-1094016.95962857	      0.00000000	   -564.56532668	-573404.32135251	    -17.24413017	      0.00000000	      0.00000000
      0.78000000	-10333346.07287840	-1543179.88151338	-32352301.02589293	-1763296.73356737	-5531387.61215885	      0.00000000	      0.00000000	-624233.91246688	   -675.29242977	    -54.86625617	 -99795.45963812	 -86086.09726091	 -55390.78456579	-306209.44710701	-191579725.75285932	-269771626.37733310	-317713303.94865698	  -3240.80886104	    -75.45696774	    -56.58326952	   -261.17570980	  -5487.50458094	-251481.82814706	-46911242.72042584	-1644785.56145144	-107637.95185892	-131248.32057315	-1478825.32099650	-11228297.41711649	      0.00657095	-591412133.53561044	  -1614.68897199	-12936649.62711741	-1094937.98082051	    -61.63193079	   -616.30703199	-576536.61942980	-669525.49098631	-1423099.92075726	-881534.97138790	    -20.12366215	    -22.94440486	-50406535.67949237	-5190059.45042901	-1991256.06081488	      0.00000000	 -67328.54971338	-2960777.51855115	   -618.65839685	    -49.93394765	 -97722.29388951	 -83346.52486416	 -55570.42496014	-307043.95028225	-474859543.54611266	-626589635.67183077	-660395424.71415913	  -3432.84944188	    -71.71772248	    -52.83635974	   -279.16874193	  -5589.79737275	-255910.07810991	-51452106.65588817	    -48.94929268	-106044.40248541	-128205.20795105	-1478898.27176714	-1827782.76049691	    -62.17828501	-550569943.89405560	  -1718.51921906	-34127785.50999285	-1094016.95962857	      0.00000000	   -564.56532668	-573404.32135251	   -138.95981385	      0.00000000	      0.00000000
      0.79000000	-9414676.69089390	-1311009.93620553	-34415473.36195391	-2014380.76195142	-6026325.99303290	      0.00000000	      0.00000000	-378514.95965308	   -675.29242977	    -54.86625617	 -99795.45963812	 -86086.09726091	 -55390.78456579	-306209.44710701	-205580943.76864555	-290498462.80921078	-345242594.73399937	  -3240.80886104	    -75.45696774	    -56.58326952	   -261.17570980	  -5487.50458094	-251481.82814706	-45220706.41655110	-1278919.81411657	-107637.95185892	-131248.32057315	-1478825.32099650	-10491238.04708496	    -65.98678014	-577529326.03347218	  -1614.68897199	-12584132.02862690	-1094937.98082051	     -0.10218641	   -616.30703199	-576536.61942980	-919024.41495160	-2013330.33529387	-1261575.92689248	    -20.12366215	    -22.94440486	-48370841.21776045	-4904836.23699648	-1543652.73601686	      0.00000000	 -43830.47438810	-2932786.49261422	   -618.65839685	    -49.93394765	 -97722.29388951	 -83346.52486416	 -55570.42496014	-307043.95028225	-467731406.02750140	-615850204.47906923	-642249855.68621087	  -3432.84944188	    -71.71772248	    -52.83635974	   -279.16874193	  -5589.79737275	-255910.07810991	-50840045.70357411	    -48.94929268	-106044.40248541	-128205.20795105	-1478898.27176714	-2012805.33739269	    -62.17828501	-555063001.26147008	  -1718.51921906	-33212756.93789333	-1094016.95962857	      0.00000000	   -564.56532668	-573404.32135251	   -245.75326918	      0.00000000	      0.00000000
      0.80000000	-8295706.70966887	-1059365.72527640	-36498189.27622654	-2287049.23939230	-6425698.74892415	      0.00000000	      0.00000000	-203710.94838266	   -675.29242977	    -54.86625617	 -99795.45963812	 -86086.09726091	 -55390.78456579	-306209.44710701	-221045749.14655292	-312955602.32591242	-373924547.76001436	  -3240.80886104	    -75.45696774	    -56.58326952	   -261.17570980	  -5487.50458094	-251481.82814706	-43597996.35705607	-947799.65902406	-107637.95185892	-131248.32057315	-1478825.32099650	-9727754.43674713	   -247.95377060	-563950347.81693327	  -1614.68897199	-12358720.21182227	-1094937.98082051	      0.00000000	   -616.30703199	-576536.61942980	-1178167.88628317	-2626668.03548381	-1661686.77113477	    -20.12366215	    -22.94440486	-46443444.31917365	-4629533.26123951	-1191960.27603596	      0.00000000	 -28316.65239187	-2935778.51064757	   -618.65839685	    -49.93394765	 -97722.29388951	 -83346.52486416	 -55570.42496014	-307043.95028225	-459886634.66946912	-604436304.79962921	-624234220.96847165	  -3432.84944188	    -71.71772248	    -52.83635974	   -279.16874193	  -5589.79737275	-255910.07810991	-50407237.99332850	    -48.94929268	-106044.40248541	-128205.20795105	-1478898.27176714	-2219869.70813088	    -62.17828501	-559943705.48079884	  -1718.51921906	-32413770.71007582	-1094016.95962857	      0.00000000	   -564.56532668	-573404.32135251	   -232.77332542	      0.00000000	      0.00000000
      0.81000000	-7095510.38925887	-814371.52311155	-38522441.57957989	-2570254.53028156	-6723920.56340664	      0.00000000	      0.00000000	 -92681.40468524	   -675.29242977	    -54.86625617	 -99795.45963812	 -86086.09726091	 -55390.78456579	-306209.44710701	-237146467.81717953	-335975379.91245323	-402403075.04300231	  -3240.80886104	    -75.45696774	    -56.58326952	   -261.17570980	  -5487.50458094	-251481.82814706	-42112385.37300091	-669344.31224341	-107637.95185892	-131248.32057315	-1478825.32099650	-8976917.81912999	   -384.93371282	-551187668.28410029	  -1614.68897199	-12253307.18004641	-1094937.98082051	      0.00000000	   -616.30703199	-576536.61942980	-1426294.41594017	-3211647.65908059	-2047520.77558126	    -20.12366215	    -22.94440486	-44576107.52869319	-4356430.69606137	-921972.87604958	      0.00000000	 -17604.49114481	-2967694.71791478	   -618.65839685	    -49.93394765	 -97722.29388951	 -83346.52486416	 -55570.42496014	-307043.95028225	-450663317.26720023	-591552807.80128706	-605589317.24092698	  -3432.84944188	    -71.71772248	    -52.83635974	   -279.16874193	  -5589.79737275	-255910.07810991	-50149128.63518310	    -48.94929268	-106044.40248541	-128205.20795105	-1478898.27176714	-2464300.67852346	    -62.17828501	-565355354.72817063	  -1718.51921906	-31690138.10198982	-1094016.95962857	      0.00000000	   -564.56532668	-573404.32135251	   -117.47799926	      0.00000000	      0.00000000
      0.82000000	-5840079.80191077	-584114.03524036	-40429390.21470366	-2857070.75514532	-6888281.48727296	      0.00000000	      0.00000000	 -32270.52166253	   -675.29242977	    -54.86625617	 -99795.45963812	 -86086.09726091	 -55390.78456579	-306209.44710701	-253825623.41759995	-359374980.82583112	-430181103.80988848	  -3240.80886104	    -75.45696774	    -56.58326952	   -261.17570980	  -5487.50458094	-251481.82814706	-40792037.01221655	-443437.98944700	-107637.95185892	-131248.32057315	-1478825.32099650	-8243354.44030075	   -370.45091895	-539546893.56911850	  -1614.68897199	-12276989.23635173	-1094937.98082051	      0.00000000	   -616.30703199	-576536.61942980	-1645102.53797018	-3724378.44616986	-2388776.55971663	    -20.12366215	    -22.94440486	-42825945.56780455	-4091844.17417130	-731545.73016316	      0.00000000	 -10293.57875662	-3027392.02269648	   -618.65839685	    -49.93394765	 -97722.29388951	 -83346.52486416	 -55570.42496014	-307043.95028225	-440242022.33853245	-577481118.10747802	-586824394.52021837	  -3432.84944188	    -71.71772248	    -52.83635974	   -279.16874193	  -5589.79737275	-255910.07810991	-50082797.86761129	    -48.94929268	-106044.40248541	-128205.20795105	-1478898.27176714	-2746499.82759293	    -62.17828501	-571186904.02702367	  -1718.51921906	-31052103.76747075	-1094016.95962857	      0.00000000	   -564.56532668	-573404.32135251	     -8.41163012	      0.00000000	      0.00000000
      0.83000000	-4612492.65204978	-380811.37324464	-42368051.45946630	-3162906.96368462	-7003218.45068634	      0.00000000	      0.00000000	  -7781.37573887	   -675.29242977	    -54.86625617	 -99795.45963812	 -86086.09726091	 -55390.78456579	-306209.44710701	-271287396.57936531	-383609317.73751700	-458419755.29611945	  -3240.80886104	    -75.45696774	    -56.58326952	   -261.17570980	  -5487.50458094	-251481.82814706	-39668683.87393437	-262390.10341808	-107637.95185892	-131248.32057315	-1478825.32099650	-7511645.47364659	   -204.92192256	-528672760.05063522	  -1614.68897199	-12453652.03480851	-1094937.98082051	      0.00000000	   -616.30703199	-576536.61942980	-1830187.42117710	-4155225.06973508	-2677712.11122746	    -20.12366215	    -22.94440486	-41292541.49708148	-3855959.95024708	-603818.79577959	      0.00000000	  -5901.75937771	-3100597.56984730	   -618.65839685	    -49.93394765	 -97722.29388951	 -83346.52486416	 -55570.42496014	-307043.95028225	-429687594.14078403	-563506649.99872148	-569245114.45258832	  -3432.84944188	    -71.71772248	    -52.83635974	   -279.16874193	  -5589.79737275	-255910.07810991	-50149515.19904319	    -48.94929268	-106044.40248541	-128205.20795105	-1478898.27176714	-3038411.89500357	    -62.17828501	-576812727.31610179	  -1718.51921906	-30514493.08001203	-1094016.95962857	      0.00000000	   -564.56532668	-573404.32135251	      0.39874633	      0.00000000	      0.00000000
      0.84000000	-3436372.81059334	-214433.95759463	-44051568.76581365	-3453972.86735357	-6941771.75425985	      0.00000000	      0.00000000	  -1675.12773969	   -675.29242977	    -54.86625617	 -99795.45963812	 -86086.09726091	 -55390.78456579	-306209.44710701	-288620784.91920781	-407124673.73937631	-484338826.81519330	  -3240.80886104	    -75.45696774	    -56.58326952	   -261.17570980	  -5487.50458094	-251481.82814706	-38765254.02107912	-135793.57854344	-107637.95185892	-131248.32057315	-1478825.32099650	-6814386.34239636	    -33.78156401	-519576417.11182094	  -1614.68897199	-12765726.57443045	-1094937.98082051	      0.00000000	   -616.30703199	-576536.61942980	-1959899.51118415	-4455417.58408692	-2880221.25558747	    -20.12366215	    -22.94440486	-39886115.11110479	-3624612.46880317	-539787.21688752	      0.00000000	  -3343.56169257	-3207871.21762026	   -618.65839685	    -49.93394765	 -97722.29388951	 -83346.52486416	 -55570.42496014	-307043.95028225	-417777561.82295346	-548199691.58790338	-551554744.56460679	  -3432.84944188	    -71.71772248	    -52.83635974	   -279.16874193	  -5589.79737275	-255910.07810991	-50455733.98050381	    -48.94929268	-106044.40248541	-128205.20795105	-1478898.27176714	-3382383.41752515	    -62.17828501	-583016189.96884716	  -1718.51921906	-30063449.36342011	-1094016.95962857	      0.00000000	   -564.56532668	-573404.32135251	      0.00000000	      0.00000000	      0.00000000
      0.85000000	-2453316.58641493	 -97150.26471399	-45898560.91701145	-3770751.88607746	-6963295.17878419	      0.00000000	      0.00000000	   -243.11377283	   -675.29242977	    -54.86625617	 -99795.45963812	 -86086.09726091	 -55390.78456579	-306209.44710701	-306216583.44829649	-431001069.36455333	-511142412.80924255	  -3240.80886104	    -75.45696774	    -56.58326952	   -261.17570980	  -5487.50458094	-251481.82814706	-38128360.07747833	 -49894.18168234	-107637.95185892	-131248.32057315	-1478825.32099650	-6131477.40703737	     -7.72390699	-511128491.76691353	  -1614.68897199	-13237323.65221285	-1094937.98082051	      0.00000000	   -616.30703199	-576536.61942980	-2051045.08827106	-4665427.21564364	-3022487.50744820	    -20.12366215	    -22.94440486	-38620981.82627024	-3419544.03566368	-491848.43205278	      0.00000000	  -1701.42405038	-3316103.17916309	   -618.65839685	    -49.93394765	 -97722.29388951	 -83346.52486416	 -55570.42496014	-307043.95028225	-406308988.79033905	-533462481.65562046	-534818023.81858712	  -3432.84944188	    -71.71772248	    -52.83635974	   -279.16874193	  -5589.79737275	-255910.07810991	-50788005.52574562	    -48.94929268	-106044.40248541	-128205.20795105	-1478898.27176714	-3720337.79188705	    -62.17828501	-588771954.39239824	  -1718.51921906	-29667678.41805898	-1094016.95962857	      0.00000000	   -564.56532668	-573404.32135251	      0.00000000	      0.00000000	      0.00000000
      0.86000000	-1607086.74310046	 -25909.06082217	-47572664.23938430	-4077006.23242817	-6883412.48712112	      0.00000000	      0.00000000	    -52.85202189	   -675.29242977	    -54.86625617	 -99795.45963812	 -86086.09726091	 -55390.78456579	-306209.44710701	-323504039.70242858	-454060536.92478836	-536059834.51686257	  -3240.80886104	    -75.45696774	    -56.58326952	   -261.17570980	  -5487.50458094	-251481.82814706	-37726026.75443909	 -10780.15478656	-107637.95185892	-131248.32057315	-1478825.32099650	-5489233.30126563	    -59.27351867	-504250904.14307767	  -1614.68897199	-13850379.13997427	-1094937.98082051	      0.00000000	   -616.30703199	-576536.61942980	-2087093.67973517	-4748267.30301632	-3078742.37539102	    -20.12366215	    -22.94440486	-37514926.36111321	-3228969.80563883	-487955.78429534	      0.00000000	   -767.25002469	-3442911.21680731	   -618.65839685	    -49.93394765	 -97722.29388951	 -83346.52486416	 -55570.42496014	-307043.95028225	-394275139.44725060	-518286921.02551967	-518659055.55841309	  -3432.84944188	    -71.71772248	    -52.83635974	   -279.16874193	  -5589.79737275	-255910.07810991	-51282797.86231282	    -48.94929268	-106044.40248541	-128205.20795105	-1478898.27176714	-4088457.78622284	    -62.17828501	-594620052.79236698	  -1718.51921906	-29342487.22732198	-1094016.95962857	      0.00000000	   -564.56532668	-573404.32135251	      0.00000000	      0.00000000	      0.00000000
      0.87000000	-927301.29652925	  -2380.72728423	-49123209.04066075	-4375079.74899829	-6741140.09459135	      0.00000000	      0.00000000	   -114.56353984	   -675.29242977	    -54.86625617	 -99795.45963812	 -86086.09726091	 -55390.78456579	-306209.44710701	-340532061.14760029	-476442944.84508008	-559517896.64243317	  -3240.80886104	    -75.45696774	    -56.58326952	   -261.17570980	  -5487.50458094	-251481.82814706	-37557564.56600174	   -572.42644003	-107637.95185892	-131248.32057315	-1478825.32099650	-4887485.14157157	    -59.27351867	-498774193.02643830	  -1614.68897199	-14608239.43294871	-1094937.98082051	      0.00000000	   -616.30703199	-576536.61942980	-2071865.75835480	-4713288.81260340	-3054979.74783847	    -20.12366215	    -22.94440486	-36549765.13651683	-3053332.70317415	-515157.25842135	      0.00000000	   -282.07601051	-3580114.55347888	   -618.65839685	    -49.93394765	 -97722.29388951	 -83346.52486416	 -55570.42496014	-307043.95028225	-382343608.82858920	-503359253.74420583	-503363810.44904447	  -3432.84944188	    -71.71772248	    -52.83635974	   -279.16874193	  -5589.79737275	-255910.07810991	-51885073.17830720	    -51.73628664	-106044.40248541	-128205.20795105	-1478898.27176714	-4472936.93790939	    -62.17828501	-600389175.74050927	  -1718.51921906	-29071482.90629087	-1094016.95962857	      0.00000000	   -564.56532668	-573404.32135251	      0.00000000	      0.00000000	      0.00000000
      0.88000000	-465098.48448381	    -22.07365897	-50676477.96204457	-4672668.04215514	-6658156.79020477	      0.00000000	      0.00000000	   -669.92980006	   -675.29242977	    -54.86625617	 -99795.45963812	 -86086.09726091	 -55390.78456579	-306209.44710701	-356764159.38886994	-497482908.97503108	-581829228.63725913	  -3240.80886104	    -75.45696774	    -56.58326952	   -261.17570980	  -5487.50458094	-251481.82814706	-37668632.20897701	    -48.53886517	-107637.95185892	-131248.32057315	-1478825.32099650	-4343589.72434343	    -59.27351867	-494485823.75700229	  -1614.68897199	-15512091.30405742	-1094937.98082051	      0.00000000	   -616.30703199	-576536.61942980	-2011050.10497084	-4573371.32095125	-2960065.44949183	    -20.12366215	    -22.94440486	-35637564.38027652	-2889480.04207651	-551747.81844659	      0.00000000	    -47.75727928	-3722678.73378672	   -618.65839685	    -49.93394765	 -97722.29388951	 -83346.52486416	 -55570.42496014	-307043.95028225	-370163851.98575437	-488049713.53355962	-487979658.33027828	  -3432.84944188	    -71.71772248	    -52.83635974	   -279.16874193	  -5589.79737275	-255910.07810991	-52518386.56971266	  -2914.11717538	-106044.40248541	-128205.20795105	-1478898.27176714	-4868745.13206494	    -62.17828501	-606002045.83693862	  -1718.51921906	-28823262.60430214	-1094016.95962857	      0.00000000	   -564.56532668	-573404.32135251	      0.00000000	      0.00000000	      0.00000000
      0.89000000	-169108.60736451	    -22.07365897	-52142228.37564313	-4959695.91902103	-6568204.46639778	      0.00000000	      0.00000000	  -3366.12109065	   -675.29242977	    -54.86625617	 -99795.45963812	 -86086.09726091	 -55390.78456579	-306209.44710701	-372536677.92180794	-517385222.22918069	-602670075.43128693	  -3240.80886104	    -75.45696774	    -56.58326952	   -261.17570980	  -5487.50458094	-251481.82814706	-38016671.49898069	    -48.53886517	-107637.95185892	-131248.32057315	-1478825.32099650	-3850645.53946008	    -59.27351867	-491467525.77331746	  -1614.68897199	-16559303.35377225	-1094937.98082051	      0.00000000	   -616.30703199	-576536.61942980	-1906240.67437062	-4331418.88952623	-2796451.86537454	    -20.12366215	    -22.94440486	-34791408.03151865	-2735000.02962425	-600984.44263439	      0.00000000	      0.60973644	-3868826.23263634	   -618.65839685	    -49.93394765	 -97722.29388951	 -83346.52486416	 -55570.42496014	-307043.95028225	-358341760.96162611	-473005187.30399162	-473069235.40269655	  -3432.84944188	    -71.71772248	    -52.83635974	   -279.16874193	  -5589.79737275	-255910.07810991	-53188161.75632415	 -13625.02816555	-106044.40248541	-128205.20795105	-1478898.27176714	-5271844.29993346	    -62.17828501	-611491367.91319036	  -1718.51921906	-28596172.01520937	-1094016.95962857	      0.00000000	   -564.56532668	-573404.32135251	      0.00000000	      0.00000000	      0.00000000
      0.90000000	 -28933.27283015	    -22.07365897	-53532003.63215349	-5232447.47713407	-6517941.43211864	      0.00000000	      0.00000000	 -13812.37873680	   -675.29242977	    -54.86625617	 -99795.45963812	 -86086.09726091	 -55390.78456579	-306209.44710701	-387054950.45813906	-535361622.72982967	-621612269.19942939	  -3240.80886104	    -75.45696774	    -56.58326952	   -261.17570980	  -5487.50458094	-251481.82814706	-38608213.36241250	    -48.53886517	-107637.95185892	-131248.32057315	-1478825.32099650	-3423435.39198717	    -59.27351867	-489674796.55201739	  -1614.68897199	-17732262.40622938	-1094937.98082051	      0.00000000	   -616.30703199	-576536.61942980	-1764016.22726583	-4001515.35896651	-2574401.04388168	    -20.12366215	    -22.94440486	-33922661.49734249	-2581485.46336702	-647280.53828715	      0.00000000	     -0.00000000	-4017703.68857364	   -618.65839685	    -49.93394765	 -97722.29388951	 -83346.52486416	 -55570.42496014	-307043.95028225	-346465323.44286388	-457598825.00650823	-457650812.58940142	  -3432.84944188	    -71.71772248	    -52.83635974	   -279.16874193	  -5589.79737275	-255910.07810991	-53857630.03666694	 -38861.88525794	-106044.40248541	-128205.20795105	-1478898.27176714	-5690669.27042423	    -62.17828501	-617002921.44540060	  -1718.51921906	-28354729.45458745	-1094016.95962857	      0.00000000	   -564.56532668	-573404.32135251	      0.00000000	      0.00000000	      0.00000000
      0.91000000	   -830.44483509	    -22.07365897	-54613256.12627527	-5449476.85712506	-6480644.34336552	      0.00000000	      0.00000000	 -45423.71344686	   -675.29242977	    -54.86625617	 -99795.45963812	 -86086.09726091	 -55390.78456579	-306209.44710701	-398312936.19668221	-549113073.68005168	-635937447.29758668	  -3240.80886104	    -75.45696774	    -56.58326952	   -261.17570980	  -5487.50458094	-251481.82814706	-39444965.13227423	    -48.53886517	-107637.95185892	-131248.32057315	-1478825.32099650	-3108108.99112844	    -59.27351867	-489809003.21946049	  -1614.68897199	-18955761.53744964	-1094937.98082051	      0.00000000	   -616.30703199	-576536.61942980	-1585811.56013210	-3585782.00359053	-2296254.48767182	    -20.12366215	    -22.94440486	-32800704.45068691	-2399745.39124360	-664816.02072127	      0.00000000	     -0.00000000	-4177155.73918844	   -618.65839685	    -49.93394765	 -97722.29388951	 -83346.52486416	 -55570.42496014	-307043.95028225	-333018467.19940758	-439601711.44791967	-438761311.35888910	  -3432.84944188	    -71.71772248	    -52.83635974	   -279.16874193	  -5589.79737275	-255910.07810991	-54517448.55132892	 -95014.03063719	-106044.40248541	-128205.20795105	-1478898.27176714	-6182420.92875181	    -62.17828501	-623308514.47672880	  -1718.51921906	-27998612.15238198	-1094016.95962857	      0.00000000	   -564.56532668	-573404.32135251	      0.00000000	      0.00000000	      0.00000000
      0.92000000	    -19.68504744	    -22.07365897	-55775139.14676391	-5681675.13899265	-6453841.17610745	      0.00000000	      0.00000000	-109117.92644523	   -675.29242977	    -54.86625617	 -99795.45963812	 -86086.09726091	 -55390.78456579	-306209.44710701	-410448392.21712738	-563815243.92228806	-651115407.06435597	  -3240.80886104	    -75.45696774	    -56.58326952	   -261.17570980	  -5487.50458094	-251481.82814706	-40474233.22125262	    -48.53886517	-107637.95185892	-131248.32057315	-1478825.32099650	-2789693.70503726	    -59.27351867	-490412447.18244606	  -1614.68897199	-20392043.84328355	-1094937.98082051	      0.00000000	   -616.30703199	-576536.61942980	-1381702.37507025	-3106761.35792495	-1978059.41879251	  -9697.12524193	    -22.94440486	-31924729.38941696	-2254099.25173104	-698478.86504444	      0.00000000	     -0.00000000	-4322324.12677323	   -618.65839685	    -49.93394765	 -97722.29388951	 -83346.52486416	 -55570.42496014	-307043.95028225	-321820630.05920047	-424593614.41800535	-423281808.75314873	  -3432.84944188	    -71.71772248	    -52.83635974	   -279.16874193	  -5589.79737275	-255910.07810991	-55148863.84917703	-160982.45001115	-106044.40248541	-128205.20795105	-1478898.27176714	-6611150.38225513	    -62.17828501	-628635438.61395919	  -1718.51921906	-27732006.21484329	-1094016.95962857	      0.00000000	   -564.56532668	-573404.32135251	      0.00000000	      0.00000000	      0.00000000
      0.93000000	    -19.68504744	    -22.07365897	-56583785.61626732	-5848287.56540893	-6437451.48305871	      0.00000000	      0.00000000	-215171.80001589	   -675.29242977	    -54.86625617	 -99795.45963812	 -86086.09726091	 -55390.78456579	-306209.44710701	-418717689.80095142	-573718768.52514672	-661264082.18742073	  -3240.80886104	    -75.45696774	    -56.58326952	   -261.17570980	  -5487.50458094	-251481.82814706	-41717362.39469203	    -48.53886517	-107637.95185892	-131248.32057315	-1478825.32099650	-2579265.50315573	    -59.27351867	-492882885.18797791	  -1614.68897199	-21854668.91734878	-1094937.98082051	      0.00000000	   -616.30703199	-576536.61942980	-1157635.00709070	-2578133.26772289	-1629852.41417669	-100196.34610712	   -693.65073638	-30756229.06585633	-2077720.97261293	-691465.92702901	      0.00000000	     -0.00000000	-4475356.29383145	   -618.65839685	    -49.93394765	 -97722.29388951	 -83346.52486416	 -55570.42496014	-307043.95028225	-308867067.15210032	-406845921.92842865	-403937192.01805574	  -3432.84944188	    -71.71772248	    -52.83635974	   -279.16874193	  -5589.79737275	-255910.07810991	-55745887.38155084	-263963.09390834	-106044.40248541	-128205.20795105	-1478898.27176714	-7121805.06548089	    -62.17828501	-634819406.67495775	  -1718.51921906	-27326613.58545402	-1094016.95962857	      0.00000000	   -564.56532668	-573404.32135251	      0.00000000	      0.00000000	      0.00000000
      0.94000000	    -19.68504744	    -22.07365897	-57339753.06537249	-6002679.16040666	-6449800.46190974	      0.00000000	      0.00000000	-372394.64621453	   -675.29242977	    -54.86625617	 -99795.45963812	 -86086.09726091	 -55390.78456579	-306209.44710701	-425937107.77786779	-582349667.80416703	-670264748.19189620	  -3240.80886104	    -75.45696774	    -56.58326952	   -261.17570980	  -5487.50458094	-251481.82814706	-43148898.36733800	    -48.53886517	-107637.95185892	-131248.32057315	-1478825.32099650	-2400669.97154921	    -59.27351867	-496147345.12120509	  -1614.68897199	-23461885.60957152	-1094937.98082051	      0.00000000	   -616.30703199	-576536.61942980	-926588.55169464	-2031246.03145216	-1273192.81409716	-269443.14437100	  -8167.33118421	-29614789.75141535	-1911816.87556188	-670124.36166582	      0.00000000	     -0.00000000	-4620966.02209694	   -618.65839685	    -49.93394765	 -97722.29388951	 -83346.52486416	 -55570.42496014	-307043.95028225	-296907030.38703078	-390212223.59046090	-385343773.03485751	  -3432.84944188	    -71.71772248	    -52.83635974	   -279.16874193	  -5589.79737275	-255910.07810991	-56290870.12416407	-386027.23587676	-106044.40248541	-128205.20795105	-1478898.27176714	-7621072.29890706	    -62.17828501	-640711094.30675566	  -1718.51921906	-26923115.80521063	-1094016.95962857	      0.00000000	   -564.56532668	-573404.32135251	      0.00000000	      0.00000000	      0.00000000
      0.95000000	    -19.68504744	    -22.07365897	-57890988.13407277	-6117541.38065180	-6481526.91000998	      0.00000000	      0.00000000	-587614.90386528	   -675.29242977	    -54.86625617	 -99795.45963812	 -86086.09726091	 -55390.78456579	-306209.44710701	-430554804.32155806	-587851191.22408080	-676205967.90963495	  -3240.80886104	    -75.45696774	    -56.58326952	   -261.17570980	  -5487.50458094	-251481.82814706	-44747898.62693546	    -48.53886517	-107637.95185892	-131248.32057315	-1478825.32099650	-2284196.42047734	    -59.27351867	-500565602.96034068	  -1614.68897199	-25134406.29970407	-1094937.98082051	      0.00000000	   -616.30703199	-576536.61942980	-701261.35186225	-1498023.06702398	-929470.61459332	-505778.23610907	 -31168.78518685	-28351354.85931567	-1738497.08345516	-620888.65010358	      0.00000000	     -0.00000000	-4761297.61134319	   -618.65839685	    -49.93394765	 -97722.29388951	 -83346.52486416	 -55570.42496014	-307043.95028225	-284741799.46552831	-372963964.07707924	-365364179.93721360	  -3432.84944188	    -71.71772248	    -52.83635974	   -279.16874193	  -5589.79737275	-255910.07810991	-56776820.48521928	-541064.76261565	-106044.40248541	-128205.20795105	-1478898.27176714	-8156487.71014873	    -62.17828501	-646812080.32456708	  -1718.51921906	-26442586.13433633	-1094016.95962857	      0.00000000	   -564.56532668	-573404.32135251	      0.00000000	      0.00000000	      0.00000000
      0.96000000	    -19.68504744	    -22.07365897	-58530162.66429614	-6245771.03659105	-6552018.93404157	      0.00000000	   -212.98836778	-863675.57848565	   -675.29242977	    -54.86625617	 -99795.45963812	 -86086.09726091	 -55390.78456579	-306209.44710701	-435383711.10898197	-593654245.76145232	-682747935.45350754	  -3240.80886104	    -75.45696774	    -56.58326952	   -261.17570980	  -5487.50458094	-251481.82814706	-46489637.14134534	    -48.53886517	-107637.95185892	-131248.32057315	-1478825.32099650	-2165021.31351307	    -59.27351867	-505085385.26147741	  -1614.68897199	-26989178.62637680	-1094937.98082051	      0.00000000	   -616.30703199	-576536.61942980	-493732.04839541	-1010012.71902857	-618998.04530289	-753338.68776090	 -69645.32249780	-27235367.71848940	-1590499.54483091	-568839.04373760	      0.00000000	     -0.00000000	-4885684.40827132	   -618.65839685	    -49.93394765	 -97722.29388951	 -83346.52486416	 -55570.42496014	-307043.95028225	-274578158.97628611	-358282816.57789719	-347937151.47951210	  -3432.84944188	    -71.71772248	    -52.83635974	   -279.16874193	  -5589.79737275	-255910.07810991	-57193290.43289974	-697655.32346569	-106044.40248541	-128205.20795105	-1478898.27176714	-8635972.09763121	    -62.17828501	-652152121.33597779	  -1718.51921906	-26017686.09109719	-1094016.95962857	      0.00000000	   -564.56532668	-573404.32135251	      0.00000000	      0.00000000	      0.00000000
      0.97000000	    -19.68504744	    -22.07365897	-58559911.10365974	-6267652.21237592	-6566051.18912612	      0.00000000	  -2819.03427365	-1204899.78580117	   -675.29242977	    -54.86625617	 -99795.45963812	 -86086.09726091	 -55390.78456579	-306209.44710701	-434496640.36584777	-592498087.83473909	-681811937.17378938	  -3240.80886104	    -75.45696774	    -56.58326952	   -261.17570980	  -5487.50458094	-251481.82814706	-48320573.27796304	    -48.53886517	-107637.95185892	-131248.32057315	-1478825.32099650	-2167728.95440167	    -59.27351867	-511690805.54397374	  -1614.68897199	-28712066.48882737	-1094937.98082051	      0.00000000	   -616.30703199	-576536.61942980	-309589.25988153	-584756.09984426	-352203.93753850	-1114211.46317276	-138625.19758097	-25754843.73614702	-1405419.35575653	-485073.60253306	      0.00000000	     -0.00000000	-5021669.85700939	   -618.65839685	    -49.93394765	 -97722.29388951	 -83346.52486416	 -55570.42496014	-307043.95028225	-261396394.53352988	-339091892.74047709	-324843256.90341735	  -3432.84944188	    -71.71772248	    -52.83635974	   -279.16874193	  -5589.79737275	-255910.07810991	-57619925.98076575	-937013.65989893	-106044.40248541	-128205.20795105	-1478898.27176714	-9274182.71080233	    -62.17828501	-658785035.25937808	  -1718.51921906	-25390120.59194094	-1094016.95962857	      0.00000000	   -564.56532668	-573404.32135251	      0.00000000	      0.00000000	      0.00000000
      0.98000000	    -19.68504744	    -22.07365897	-58713140.80361578	-6312024.94698757	-6603138.72253069	      0.00000000	 -11227.61760049	-1602473.45715616	   -675.29242977	    -54.86625617	 -99795.45963812	 -86086.09726091	 -55390.78456579	-306209.44710701	-434462954.70943242	-592396314.81090188	-682128244.61438096	  -3240.80886104	    -75.45696774	    -56.58326952	   -261.17570980	  -5487.50458094	-251481.82814706	-50213552.80772430	    -48.53886517	-107637.95185892	-131248.32057315	-1478825.32099650	-2150866.74409476	    -59.27351867	-517943944.19661766	  -1614.68897199	-30586463.86615994	-1094937.98082051	      0.00000000	   -616.30703199	-576536.61942980	-160378.93751476	-255537.48422941	-149096.40105377	-1461111.60915561	-214731.57764469	-24485567.81247479	-1252208.45117055	-412137.61987685	      0.00000000	     -0.00000000	-5138102.62537609	   -618.65839685	    -49.93394765	 -97722.29388951	 -83346.52486416	 -55570.42496014	-307043.95028225	-250527147.87712428	-322950084.29649442	-305062810.39464664	  -3432.84944188	    -71.71772248	    -52.83635974	   -279.16874193	  -5589.79737275	-255910.07810991	-57989617.01897901	-1173072.71591821	-106044.40248541	-128205.20795105	-1478898.27176714	-9846027.76796984	    -62.17828501	-664476835.41401517	  -1718.51921906	-24840636.00039316	-1094016.95962857	      0.00000000	   -564.56532668	-573404.32135251	      0.00000000	      0.00000000	      0.00000000
      0.99000000	    -19.68504744	    -22.07365897	-58696496.18478432	-6324352.75202453	-6636862.96386190	      0.00000000	 -28378.29989337	-2045889.45594961	   -675.29242977	    -54.86625617	 -99795.45963812	 -86086.09726091	 -55390.78456579	-306209.44710701	-432642380.63392168	-590167423.61702728	-680277135.45067871	  -3240.80886104	    -75.45696774	    -56.58326952	   -261.17570980	  -5487.50458094	-251481.82814706	-52123838.08849494	    -48.53886517	-107637.95185892	-131248.32057315	-1478825.32099650	-2171805.20202374	    -59.27351867	-524611773.10281938	  -1614.68897199	-32425284.14148826	-1094937.98082051	      0.00000000	   -616.30703199	-576536.61942980	 -56469.40566336	 -68612.23123720	 -37258.46816438	-1843746.98941829	-307544.81420077	-23165094.56770622	-1100821.56177561	-333470.58319689	      0.00000000	     -0.00000000	-5249946.05347036	   -618.65839685	    -49.93394765	 -97722.29388951	 -83346.52486416	 -55570.42496014	-307043.95028225	-239358678.32646972	-306204055.17307562	-284365083.40628630	  -3432.84944188	    -71.71772248	    -52.83635974	   -279.16874193	  -5589.79737275	-255910.07810991	-58333742.76840787	-1452829.02248367	-106044.40248541	-128205.20795105	-1478898.27176714	-10460598.42490146	    -62.17828501	-670238677.03540444	  -1718.51921906	-24243972.79234724	-1094016.95962857	     -0.29400854	   -564.56532668	-573404.32135251	      0.00000000	      0.00000000	      0.00000000
      1.00000000	    -19.68504744	    -22.07365897	-58613429.58739532	-6326380.12650955	-6642039.75322693	      0.00000000	 -57790.00159024	-2523961.68182445	   -675.29242977	    -54.86625617	 -99795.45963812	 -86086.09726091	 -55390.78456579	-306209.44710701	-430720876.00009626	-587769963.06114185	-677993551.89696443	  -3240.80886104	    -75.45696774	    -56.58326952	   -261.17570980	  -5487.50458094	-251481.82814706	-54006967.73511878	    -48.53886517	-107637.95185892	-131248.32057315	-1478825.32099650	-2196991.37132290	    -59.27351867	-531156858.41696006	  -1614.68897199	-34258168.78078877	-1094937.98082051	      0.00000000	   -616.30703199	-576536.61942980	 -10430.95707462	  -6440.19126334	  -2762.85591449	-2236774.38159035	-409756.90620891	-21948759.85590021	-966297.37056860	-266579.99822065	      0.00000000	     -0.00000000	-5349162.66894494	   -618.65839685	    -49.93394765	 -97722.29388951	 -83346.52486416	 -55570.42496014	-307043.95028225	-229089429.42750171	-290604679.83249104	-265015984.36251804	  -3432.84944188	    -71.71772248	    -52.83635974	   -279.16874193	  -5589.79737275	-255910.07810991	-58661546.25899937	-1748832.80924846	-106044.40248541	-128205.20795105	-1478898.27176714	-11066621.55899727	    -62.17828501	-675552389.46217179	  -1718.51921906	-23667742.31601848	-1094016.95962857	    -54.56943365	   -564.56532668	-573404.32135251	      0.00000000	      0.00000000	      0.00000000
      1.01000000	    -19.68504744	    -22.07365897	-59019652.78076784	-6394872.92001168	-6779891.45389700	      0.00000000	-107099.77021742	-3012636.35699158	   -675.29242977	    -54.86625617	 -99795.45963812	 -86086.09726091	 -55390.78456579	-306209.44710701	-432199112.84934795	-589755060.49403393	-681184029.72633362	  -3240.80886104	    -75.45696774	    -56.58326952	   -261.17570980	  -5487.50458094	-251481.82814706	-55895072.14717606	    -48.53886517	-107637.95185892	-131248.32057315	-1478825.32099650	-2156497.42213730	    -59.27351867	-536081129.85982203	  -1614.68897199	-36241287.75776084	-1094937.98082051	      0.00000000	   -616.30703199	-576536.61942980	   -212.45887450	      0.00000000	      0.00000000	-2449140.98869565	-478507.25262094	-20939259.25151980	-865637.04390625	-193753.59274419	      0.00000000	     -0.00000000	-5416605.67786898	   -618.65839685	    -49.93394765	 -97722.29388951	 -83346.52486416	 -55570.42496014	-307043.95028225	-222010625.11405438	-279335996.41929299	-250012318.03857213	  -3432.84944188	    -71.71772248	    -52.83635974	   -279.16874193	  -5589.79737275	-255910.07810991	-58797723.97329087	-1992339.59254540	-106044.40248541	-128205.20795105	-1478898.27176714	-11519816.09621635	    -62.17828501	-679525799.38636506	  -1718.51921906	-23202825.13689273	-1094016.95962857	   -191.57425538	   -564.56532668	-573404.32135251	      0.00000000	      0.00000000	      0.00000000
      1.02000000	    -19.68504744	    -22.07365897	-58330852.08280198	-6306004.49308194	-6555058.74451047	      0.00000000	-150607.95426248	-3525626.10529637	   -675.29242977	    -54.86625617	 -99795.45963812	 -86086.09726091	 -55390.78456579	-306209.44710701	-428189920.86500317	-584437071.59413636	-673983220.08617365	  -3240.80886104	    -75.45696774	    -56.58326952	   -261.17570980	  -5487.50458094	-251481.82814706	-57520301.24467764	    -48.53886517	-107637.95185892	-131248.32057315	-1478825.32099650	-2234421.89278666	    -59.27351867	-543200379.58767724	  -1614.68897199	-37775724.47908060	-1094937.98082051	      0.00000000	   -616.30703199	-576536.61942980	      0.00000000	      0.00000000	      0.00000000	-3031596.88248389	-630445.35094403	-19899018.46529450	-749975.58981123	-172625.38053865	      0.00000000	     -0.00000000	-5499572.21634020	   -618.65839685	    -49.93394765	 -97722.29388951	 -83346.52486416	 -55570.42496014	-307043.95028225	-211483430.10882500	-263400760.20546925	-231386050.72250479	  -3432.84944188	    -71.71772248	    -52.83635974	   -279.16874193	  -5589.79737275	-255910.07810991	-59264536.57751096	-2356659.38825601	-106044.40248541	-128205.20795105	-1478898.27176714	-12217066.33738480	    -62.17828501	-684545619.60856450	  -1718.51921906	-22602416.46385789	-1094016.95962857	   -472.60190688	   -564.56532668	-573404.32135251	      0.00000000	      0.00000000	      0.00000000
      1.03000000	    -19.68504744	    -22.07365897	-58202413.20348948	-6281812.09932979	-6511758.79885960	      0.00000000	-208063.78215176	-4013600.02979398	   -675.29242977	    -54.86625617	 -99795.45963812	 -86086.09726091	 -55390.78456579	-306209.44710701	-427841695.99842954	-583965358.51265740	-673121357.47615623	  -3240.80886104	    -75.45696774	    -56.58326952	   -261.17570980	  -5487.50458094	-251481.82814706	-59086437.06281114	    -48.53886517	-107637.95185892	-131248.32057315	-1478825.32099650	-2246869.30531428	    -59.27351867	-548499958.63687623	  -1614.68897199	-39390788.53998128	-1094937.98082051	      0.00000000	   -616.30703199	-576536.61942980	      0.00000000	      0.00000000	      0.00000000	-3420414.29682234	-744386.86931933	-19030167.66933190	-663111.16328707	-139038.78970200	      0.00000000	     -0.00000000	-5552310.89573942	   -618.65839685	    -49.93394765	 -97722.29388951	 -83346.52486416	 -55570.42496014	-307043.95028225	-203959914.55297980	-251541295.60828918	-216744200.24757779	  -3432.84944188	    -71.71772248	    -52.83635974	   -279.16874193	  -5589.79737275	-255910.07810991	-59533772.93723603	-2663561.85217282	-106044.40248541	-128205.20795105	-1478898.27176714	-12761964.20699066	    -62.17828501	-688325648.91508079	  -1718.51921906	-22106368.50607736	-1094016.95962857	   -869.33152705	   -564.56532668	-573404.32135251	      0.00000000	      0.00000000	      0.00000000
      1.04000000	    -19.68504744	    -22.07365897	-57880957.13201092	-6221161.33625117	-6405194.98123402	      0.00000000	-265544.28286981	-4484120.63444487	   -675.29242977	    -54.86625617	 -99795.45963812	 -86086.09726091	 -55390.78456579	-306209.44710701	-426958367.90821952	-582768960.58051980	-670950901.08450747	  -3240.80886104	    -75.45696774	    -56.58326952	   -261.17570980	  -5487.50458094	-251481.82814706	-60470835.12291934	    -48.53886517	-107637.95185892	-131248.32057315	-1478825.32099650	-2278711.01343684	    -59.27351867	-553779249.24580073	  -1614.68897199	-40822929.27391291	-1094937.98082051	      0.00000000	   -616.30703199	-576536.61942980	      0.00000000	      0.00000000	      0.00000000	-3905246.75877482	-880153.03401188	-18293033.52433489	-587696.56622677	-125640.76301631	      0.00000000	     -0.00000000	-5591051.07038127	   -618.65839685	    -49.93394765	 -97722.29388951	 -83346.52486416	 -55570.42496014	-307043.95028225	-196549134.71441934	-239992384.52066544	-203183890.76062021	  -3432.84944188	    -71.71772248	    -52.83635974	   -279.16874193	  -5589.79737275	-255910.07810991	-59862853.08778369	-2984303.43829465	-106044.40248541	-128205.20795105	-1478898.27176714	-13325013.60337525	    -62.17828501	-691751248.89208555	  -1718.51921906	-21619302.50428268	-1094016.95962857	  -1352.21516614	   -564.56532668	-573404.32135251	      0.00000000	      0.00000000	      0.00000000
      1.05000000	    -19.68504744	    -22.07365897	-57424779.71331834	-6127353.99917128	-6258339.49382186	      0.00000000	-320099.21127770	-4922323.92858580	   -675.29242977	    -54.86625617	 -99795.45963812	 -86086.09726091	 -55390.78456579	-306209.44710701	-426059310.08025199	-581532875.12934744	-668301499.53267074	  -3240.80886104	    -75.45696774	    -56.58326952	   -261.17570980	  -5487.50458094	-251481.82814706	-61649714.15006763	    -48.53886517	-107637.95185892	-131248.32057315	-1478825.32099650	-2323985.14444271	    -59.27351867	-558942858.65029156	  -1614.68897199	-42047636.46212920	-1094937.98082051	      0.00000000	   -616.30703199	-576536.61942980	      0.00000000	      0.00000000	      0.00000000	-4461599.84685480	-1031897.61481000	-17705855.90197595	-524988.75204949	-128696.12042696	      0.00000000	     -0.00000000	-5609933.51450224	   -618.65839685	    -49.93394765	 -97722.29388951	 -83346.52486416	 -55570.42496014	-307043.95028225	-189925765.24590355	-229576821.29450411	-191387895.12803793	  -3432.84944188	    -71.71772248	    -52.83635974	   -279.16874193	  -5589.79737275	-255910.07810991	-60228257.56771141	-3297692.66923151	-106044.40248541	-128205.20795105	-1478898.27176714	-13877229.72641382	    -62.17828501	-694678908.34532797	  -1718.51921906	-21152018.06975998	-1094016.95962857	  -1911.93505696	   -564.56532668	-573404.32135251	      0.00000000	      0.00000000	      0.00000000
      1.06000000	    -19.68504744	    -22.07365897	-57140435.58629674	-6044136.24071097	-6188910.03781440	      0.00000000	-374984.61880692	-5311729.12565627	   -675.29242977	    -54.86625617	 -99795.45963812	 -86086.09726091	 -55390.78456579	-306209.44710701	-426299084.83355260	-581888939.37824738	-667811802.03393435	  -3240.80886104	    -75.45696774	    -56.58326952	   -261.17570980	  -5487.50458094	-251481.82814706	-62679906.72480924	    -48.53886517	-107637.95185892	-131248.32057315	-1478825.32099650	-2355941.25014403	    -59.27351867	-563271273.16616809	  -1614.68897199	-43144190.39987331	-1094937.98082051	      0.00000000	   -616.30703199	-576536.61942980	      0.00000000	      0.00000000	      0.00000000	-4988001.23500510	-1174952.72342346	-17258036.42356085	-476799.08990621	-137853.73859601	      0.00000000	     -0.00000000	-5602940.14228075	   -618.65839685	    -49.93394765	 -97722.29388951	 -83346.52486416	 -55570.42496014	-307043.95028225	-184483052.77117416	-220966004.54730403	-181847011.41822237	  -3432.84944188	    -71.71772248	    -52.83635974	   -279.16874193	  -5589.79737275	-255910.07810991	-60526869.05149884	-3575316.76861763	-106044.40248541	-128205.20795105	-1478898.27176714	-14359401.49313489	    -62.17828501	-696877873.50077569	  -1718.51921906	-20724638.65966055	-1094016.95962857	  -2544.55861054	   -564.56532668	-573404.32135251	      0.00000000	      0.00000000	      0.00000000
      1.07000000	    -19.68504744	    -22.07365897	-56907756.38535655	-5962698.55302146	-6149386.09971499	      0.00000000	-423731.42905774	-5639214.68389418	   -675.29242977	    -54.86625617	 -99795.45963812	 -86086.09726091	 -55390.78456579	-306209.44710701	-426905637.18750083	-582784498.53073740	-668034741.40371668	  -3240.80886104	    -75.45696774	    -56.58326952	   -261.17570980	  -5487.50458094	-251481.82814706	-63516245.71687276	    -48.53886517	-107637.95185892	-131248.32057315	-1478825.32099650	-2385955.87523350	    -59.27351867	-566916923.44007993	  -1614.68897199	-44035669.40035395	-1094937.98082051	      0.00000000	   -616.30703199	-576536.61942980	      0.00000000	      0.00000000	      0.00000000	-5541010.17844293	-1321292.79154386	-16933084.51938893	-438955.91763435	-158707.98764493	      0.00000000	     -0.00000000	-5573749.32576326	   -618.65839685	    -49.93394765	 -97722.29388951	 -83346.52486416	 -55570.42496014	-307043.95028225	-179758644.10836804	-213519838.80706826	-173989174.23993656	  -3432.84944188	    -71.71772248	    -52.83635974	   -279.16874193	  -5589.79737275	-255910.07810991	-60803781.93766729	-3828358.93098847	-106044.40248541	-128205.20795105	-1478898.27176714	-14801352.36936645	    -62.17828501	-698533932.25762463	  -1718.51921906	-20318752.80356735	-1094016.95962857	  -3208.65760286	   -564.56532668	-573404.32135251	      0.00000000	      0.00000000	      0.00000000
      1.08000000	    -19.68504744	    -22.07365897	-56838671.20908137	-5910623.67361647	-6160023.83189857	      0.00000000	-465276.25403945	-5885169.08230269	   -675.29242977	    -54.86625617	 -99795.45963812	 -86086.09726091	 -55390.78456579	-306209.44710701	-428174471.59649187	-584579888.81563950	-669601893.15766871	  -3240.80886104	    -75.45696774	    -56.58326952	   -261.17570980	  -5487.50458094	-251481.82814706	-64149642.49637821	    -48.53886517	-107637.95185892	-131248.32057315	-1478825.32099650	-2397125.11175539	    -59.27351867	-569388920.08603716	  -1614.68897199	-44736552.40531875	-1094937.98082051	      0.00000000	   -616.30703199	-576536.61942980	      0.00000000	      0.00000000	      0.00000000	-6086724.11235658	-1460959.29579502	-16741038.60357941	-412131.40213729	-191636.85159316	      0.00000000	     -0.00000000	-5515255.49888880	   -618.65839685	    -49.93394765	 -97722.29388951	 -83346.52486416	 -55570.42496014	-307043.95028225	-175974546.16351068	-207612215.55032304	-168177148.13773933	  -3432.84944188	    -71.71772248	    -52.83635974	   -279.16874193	  -5589.79737275	-255910.07810991	-61015713.02820966	-4037292.12338301	-106044.40248541	-128205.20795105	-1478898.27176714	-15173699.97203579	    -62.17828501	-699512700.38037956	  -1718.51921906	-19935761.17334937	-1094016.95962857	  -3828.49803130	   -564.56532668	-573404.32135251	      0.00000000	      0.00000000	      0.00000000
      1.09000000	    -19.68504744	    -22.07365897	-56684341.11661214	-5857786.79559542	-6098686.38659057	      0.00000000	-491714.17956816	-6044072.96145994	   -675.29242977	    -54.86625617	 -99795.45963812	 -86086.09726091	 -55390.78456579	-306209.44710701	-429679238.76999182	-586456768.74097168	-670607253.09106743	  -3240.80886104	    -75.45696774	    -56.58326952	   -261.17570980	  -5487.50458094	-251481.82814706	-64490070.20425091	    -48.53886517	-107637.95185892	-131248.32057315	-1478825.32099650	-2400911.24940547	    -59.27351867	-571209507.93468285	  -1614.68897199	-45150045.23915153	-1094937.98082051	      0.00000000	   -616.30703199	-576536.61942980	      0.00000000	      0.00000000	      0.00000000	-6749080.11413048	-1620737.62430235	-16670847.40057526	-392481.66478938	-251571.73288177	      0.00000000	     -0.00000000	-5434024.15440554	   -618.65839685	    -49.93394765	 -97722.29388951	 -83346.52486416	 -55570.42496014	-307043.95028225	-172030205.55576456	-201901575.81200653	-163427223.75545105	  -3432.84944188	    -71.71772248	    -52.83635974	   -279.16874193	  -5589.79737275	-255910.07810991	-61235285.63069117	-4235442.28454275	-106044.40248541	-128205.20795105	-1478898.27176714	-15534149.83082858	    -62.17828501	-700038501.40716410	  -1718.51921906	-19552513.16695631	-1094016.95962857	  -4378.18718301	   -564.56532668	-573404.32135251	      0.00000000	      0.00000000	      0.00000000
      1.10000000	    -19.68504744	    -22.07365897	-56493854.05313812	-5817602.12094808	-5974530.54127263	      0.00000000	-502893.56224294	-6112490.05873397	   -675.29242977	    -54.86625617	 -99795.45963812	 -86086.09726091	 -55390.78456579	-306209.44710701	-431410139.37229413	-588367380.91181910	-671151537.26356936	  -3240.80886104	    -75.45696774	    -56.58326952	   -261.17570980	  -5487.50458094	-251481.82814706	-64551394.91836628	    -48.53886517	-107637.95185892	-131248.32057315	-1478825.32099650	-2390570.25467328	    -59.27351867	-572199253.93787575	  -1614.68897199	-45302043.44517525	-1094937.98082051	      0.00000000	   -616.30703199	-576536.61942980	      0.00000000	      0.00000000	      0.00000000	-7515219.60011104	-1795973.35939314	-16713100.57621481	-379753.33587793	-343122.70908104	      0.00000000	     -0.00000000	-5331919.33398066	   -618.65839685	    -49.93394765	 -97722.29388951	 -83346.52486416	 -55570.42496014	-307043.95028225	-167769728.41751724	-196288095.45411184	-159650911.61812568	  -3432.84944188	    -71.71772248	    -52.83635974	   -279.16874193	  -5589.79737275	-255910.07810991	-61436290.09057807	-4420541.59474858	-106044.40248541	-128205.20795105	-1478898.27176714	-15872637.57594629	    -62.17828501	-700093251.46447527	  -1718.51921906	-19174930.42230494	-1094016.95962857	  -4820.61851765	   -564.56532668	-573404.32135251	      0.00000000	      0.00000000	      0.00000000
      1.11000000	    -19.68504744	    -22.07365897	-56802098.37233264	-5875081.07377549	-5948214.27858544	      0.00000000	-512464.72756764	-6069366.72611908	   -675.29242977	    -54.86625617	 -99795.45963812	 -86086.09726091	 -55390.78456579	-306209.44710701	-435555746.01597655	-593306008.68514073	-675856022.45370615	  -3240.80886104	    -75.45696774	    -56.58326952	   -261.17570980	  -5487.50458094	-251481.82814706	-64412556.38488920	    -48.53886517	-107637.95185892	-131248.32057315	-1478825.32099650	-2303692.01395708	    -59.27351867	-570822090.06908500	  -1614.68897199	-45391858.27439385	-1094937.98082051	      0.00000000	   -616.30703199	-576536.61942980	      0.00000000	      0.00000000	      0.00000000	-8066743.76173062	-1920040.61342468	-16782208.91162782	-373475.45730096	-420998.91414862	      0.00000000	     -0.00000000	-5220969.90871453	   -618.65839685	    -49.93394765	 -97722.29388951	 -83346.52486416	 -55570.42496014	-307043.95028225	-165122972.83562815	-192855663.16404802	-157619083.68204486	  -3432.84944188	    -71.71772248	    -52.83635974	   -279.16874193	  -5589.79737275	-255910.07810991	-61482700.66347450	-4535183.64752986	-106044.40248541	-128205.20795105	-1478898.27176714	-16089600.87123572	    -62.17828501	-699679115.56794369	  -1718.51921906	-18852429.82806670	-1094016.95962857	  -5185.31433479	   -564.56532668	-573404.32135251	      0.00000000	      0.00000000	      0.00000000
      1.12000000	    -19.68504744	    -22.07365897	-56348248.80460373	-5841157.10032462	-5571095.42137770	      0.00000000	-493499.10532823	-5977805.31433903	   -675.29242977	    -54.86625617	 -99795.45963812	 -86086.09726091	 -55390.78456579	-306209.44710701	-438239119.36307484	-595508217.17621017	-674490553.08673441	  -3240.80886104	    -75.45696774	    -56.58326952	   -261.17570980	  -5487.50458094	-251481.82814706	-63870798.22277188	    -48.53886517	-107637.95185892	-131248.32057315	-1478825.32099650	-2258422.85375077	    -59.27351867	-570537379.35096729	  -1614.68897199	-45048455.59468258	-1094937.98082051	      0.00000000	   -616.30703199	-576536.61942980	      0.00000000	      0.00000000	      0.00000000	-9126049.10043120	-2128290.56085253	-17257185.34235360	-385189.94140855	-648333.34646373	      0.00000000	     -0.00000000	-5030345.24750852	   -618.65839685	    -49.93394765	 -97722.29388951	 -83346.52486416	 -55570.42496014	-307043.95028225	-161001408.28239399	-188971810.05814973	-158321847.36388093	  -3432.84944188	    -71.71772248	    -52.83635974	   -279.16874193	  -5589.79737275	-255910.07810991	-61577401.91076658	-4615247.06249767	-106044.40248541	-128205.20795105	-1478898.27176714	-16293565.25650545	    -62.17828501	-697899847.99230015	  -1718.51921906	-18476072.62977956	-1094016.95962857	  -5023.21580574	   -564.56532668	-573404.32135251	      0.00000000	      0.00000000	      0.00000000
      1.13000000	    -19.68504744	    -22.07365897	-56305813.10733365	-5885046.70804489	-5298560.26582465	      0.00000000	-473740.64752230	-5802593.37966581	   -675.29242977	    -54.86625617	 -99795.45963812	 -86086.09726091	 -55390.78456579	-306209.44710701	-442566742.25522631	-599836186.00215197	-676333252.56941843	  -3240.80886104	    -75.45696774	    -56.58326952	   -261.17570980	  -5487.50458094	-251481.82814706	-63193909.95648423	    -48.53886517	-107637.95185892	-131248.32057315	-1478825.32099650	-2159677.11390424	    -59.27351867	-568364062.31653631	  -1614.68897199	-44661501.82365818	-1094937.98082051	      0.00000000	   -616.30703199	-576536.61942980	      0.00000000	      0.00000000	      0.00000000	-9986991.73610954	-2288699.72094763	-17716259.13142123	-400434.95277299	-875379.72362876	      0.00000000	     -0.00000000	-4834734.74848944	   -618.65839685	    -49.93394765	 -97722.29388951	 -83346.52486416	 -55570.42496014	-307043.95028225	-157839543.97308975	-186402849.27108842	-159863604.60005790	  -3432.84944188	    -71.71772248	    -52.83635974	   -279.16874193	  -5589.79737275	-255910.07810991	-61506094.21059527	-4647931.99811269	-106044.40248541	-128205.20795105	-1478898.27176714	-16404884.17381861	    -62.17828501	-695766575.14299083	  -1718.51921906	-18129278.01586416	-1094016.95962857	  -4846.12977332	   -564.56532668	-573404.32135251	      0.00000000	      0.00000000	      0.00000000
      1.14000000	    -19.68504744	    -22.07365897	-56318210.24905735	-5950860.64191613	-5010821.74799430	      0.00000000	-448066.18434340	-5575499.57881351	   -675.29242977	    -54.86625617	 -99795.45963812	 -86086.09726091	 -55390.78456579	-306209.44710701	-447479799.05640024	-604740033.54917169	-678584348.08289468	  -3240.80886104	    -75.45696774	    -56.58326952	   -261.17570980	  -5487.50458094	-251481.82814706	-62358150.11547758	    -48.53886517	-107637.95185892	-131248.32057315	-1478825.32099650	-2043621.99759297	    -59.27351867	-565366916.06973219	  -1614.68897199	-44159496.90144452	-1094937.98082051	      0.00000000	   -616.30703199	-576536.61942980	      0.00000000	      0.00000000	      0.00000000	-10834863.32982150	-2433705.14665471	-18295822.88680721	-424810.28547279	-1154221.22604819	      0.00000000	     -0.00000000	-4608774.79457316	   -618.65839685	    -49.93394765	 -97722.29388951	 -83346.52486416	 -55570.42496014	-307043.95028225	-155069889.30833247	-184820342.60497329	-162996433.93518478	  -3432.84944188	    -71.71772248	    -52.83635974	   -279.16874193	  -5589.79737275	-255910.07810991	-61308613.84622014	-4628861.41944648	-106044.40248541	-128205.20795105	-1478898.27176714	-16435247.77421104	    -62.17828501	-692868688.60496271	  -1718.51921906	-17783801.44255019	-1094016.95962857	  -4500.21503961	   -564.56532668	-573404.32135251	      0.00000000	      0.00000000	      0.00000000
      1.15000000	    -19.68504744	    -22.07365897	-56333120.99737042	-6022458.62977604	-4723618.09808753	      0.00000000	-417329.47117890	-5316533.22236320	   -675.29242977	    -54.86625617	 -99795.45963812	 -86086.09726091	 -55390.78456579	-306209.44710701	-452396006.19859582	-609600865.40824068	-680706726.41676545	  -3240.80886104	    -75.45696774	    -56.58326952	   -261.17570980	  -5487.50458094	-251481.82814706	-61420719.08719065	    -48.53886517	-107637.95185892	-131248.32057315	-1478825.32099650	-1927942.10682562	    -59.27351867	-561944451.33068001	  -1614.68897199	-43553555.43512318	-1094937.98082051	      0.00000000	   -616.30703199	-576536.61942980	      0.00000000	      0.00000000	      0.00000000	-11666563.90229113	-2563899.40607300	-18984534.99241250	-457963.95015446	-1487455.88886652	      0.00000000	     -0.00000000	-4353648.94983175	   -618.65839685	    -49.93394765	 -97722.29388951	 -83346.52486416	 -55570.42496014	-307043.95028225	-152660688.59353432	-184091858.49633276	-167508552.19270104	  -3432.84944188	    -71.71772248	    -52.83635974	   -279.16874193	  -5589.79737275	-255910.07810991	-60985118.42971438	-4566044.30971255	-106044.40248541	-128205.20795105	-1478898.27176714	-16396231.71156161	    -62.17828501	-689217978.55094123	  -1718.51921906	-17429533.88757747	-1094016.95962857	  -4038.82271154	   -564.56532668	-573404.32135251	      0.00000000	      0.00000000	      0.00000000
      1.16000000	    -19.68504744	    -22.07365897	-56291565.50367533	-6083863.20182086	-4440536.02971738	      0.00000000	-382537.53961571	-5043765.68210129	   -675.29242977	    -54.86625617	 -99795.45963812	 -86086.09726091	 -55390.78456579	-306209.44710701	-456850489.68644512	-613910676.44290197	-682193057.17963374	  -3240.80886104	    -75.45696774	    -56.58326952	   -261.17570980	  -5487.50458094	-251481.82814706	-60426555.68314608	    -48.53886517	-107637.95185892	-131248.32057315	-1478825.32099650	-1825857.99857255	    -59.27351867	-558488131.89499259	  -1614.68897199	-42855879.52736942	-1094937.98082051	      0.00000000	   -616.30703199	-576536.61942980	      0.00000000	      0.00000000	      0.00000000	-12440552.01524900	-2672123.28103146	-19761483.88520493	-499726.85560069	-1864751.37242757	      0.00000000	     -0.00000000	-4066308.71126401	   -618.65839685	    -49.93394765	 -97722.29388951	 -83346.52486416	 -55570.42496014	-307043.95028225	-150705152.28484750	-184240064.66312033	-173245563.14607629	  -3432.84944188	    -71.71772248	    -52.83635974	   -279.16874193	  -5589.79737275	-255910.07810991	-60502763.06467422	-4463473.21832719	-106044.40248541	-128205.20795105	-1478898.27176714	-16289733.73114534	    -62.17828501	-684761315.87466979	  -1718.51921906	-17049894.98089661	-1094016.95962857	  -3534.24989238	   -564.56532668	-573404.32135251	      0.00000000	      0.00000000	      0.00000000
      1.17000000	    -19.68504744	    -22.07365897	-56246622.77334665	-6148210.73324561	-4138312.06474566	      0.00000000	-349571.11307111	-4769250.14630374	   -675.29242977	    -54.86625617	 -99795.45963812	 -86086.09726091	 -55390.78456579	-306209.44710701	-462051946.42663479	-619023989.83981740	-684104209.61401737	  -3240.80886104	    -75.45696774	    -56.58326952	   -261.17570980	  -5487.50458094	-251481.82814706	-59386164.92951217	    -48.53886517	-107637.95185892	-131248.32057315	-1478825.32099650	-1715245.02379923	    -59.27351867	-554797242.57934606	  -1614.68897199	-42156657.75108735	-1094937.98082051	      0.00000000	   -616.30703199	-576536.61942980	      0.00000000	      0.00000000	      0.00000000	-13144718.33618245	-2748549.08178325	-20750998.95656722	-559622.83739157	-2325030.70140009	      0.00000000	     -0.00000000	-3748303.20368636	   -618.65839685	    -49.93394765	 -97722.29388951	 -83346.52486416	 -55570.42496014	-307043.95028225	-149887490.82045457	-186376203.26302648	-181825466.14313659	  -3432.84944188	    -71.71772248	    -52.83635974	   -279.16874193	  -5589.79737275	-255910.07810991	-59878504.57228146	-4279623.61333331	-106044.40248541	-128205.20795105	-1478898.27176714	-16061469.82022076	    -62.17828501	-679124841.62756646	  -1718.51921906	-16697324.42833250	-1094016.95962857	  -2839.81590361	   -564.56532668	-573404.32135251	      0.00000000	      0.00000000	      0.00000000
      1.18000000	    -19.68504744	    -22.07365897	-56042040.99325002	-6178452.09866136	-3824022.20842964	      0.00000000	-313815.81237093	-4501997.32727771	   -675.29242977	    -54.86625617	 -99795.45963812	 -86086.09726091	 -55390.78456579	-306209.44710701	-466423870.40802312	-623137792.65729141	-684705494.31021702	  -3240.80886104	    -75.45696774	    -56.58326952	   -261.17570980	  -5487.50458094	-251481.82814706	-58325062.20946562	    -48.53886517	-107637.95185892	-131248.32057315	-1478825.32099650	-1630018.72316179	    -59.27351867	-551627158.02120936	  -1614.68897199	-41378000.85782012	-1094937.98082051	      0.00000000	   -616.30703199	-576536.61942980	      0.00000000	      0.00000000	      0.00000000	-13751599.50948247	-2796613.69134196	-21844564.22221053	-631814.72633679	-2832429.58113060	      0.00000000	     -0.00000000	-3402314.92737843	   -618.65839685	    -49.93394765	 -97722.29388951	 -83346.52486416	 -55570.42496014	-307043.95028225	-149833487.56709254	-189669053.01281357	-191863663.38508499	  -3432.84944188	    -71.71772248	    -52.83635974	   -279.16874193	  -5589.79737275	-255910.07810991	-59092964.64541812	-4059473.33029469	-106044.40248541	-128205.20795105	-1478898.27176714	-15768504.35491720	    -62.17828501	-672549823.49013841	  -1718.51921906	-16319092.01279111	-1094016.95962857	  -2196.56024933	   -564.56532668	-573404.32135251	      0.00000000	      0.00000000	      0.00000000
      1.19000000	    -19.68504744	    -22.07365897	-55651833.32877576	-6172692.25370038	-3469098.21473916	      0.00000000	-277808.70133821	-4250024.54477860	   -675.29242977	    -54.86625617	 -99795.45963812	 -86086.09726091	 -55390.78456579	-306209.44710701	-470534718.20594317	-626827176.07565761	-684195935.83372760	  -3240.80886104	    -75.45696774	    -56.58326952	   -261.17570980	  -5487.50458094	-251481.82814706	-57237693.53362321	    -48.53886517	-107637.95185892	-131248.32057315	-1478825.32099650	-1560361.68621210	    -59.27351867	-549040274.92558372	  -1614.68897199	-40555723.08858458	-1094937.98082051	      0.00000000	   -616.30703199	-576536.61942980	      0.00000000	      0.00000000	      0.00000000	-14241611.86837739	-2810041.45782636	-23113216.41711649	-722912.94453820	-3408102.64055142	      0.00000000	     -0.00000000	-3030567.41480607	   -618.65839685	    -49.93394765	 -97722.29388951	 -83346.52486416	 -55570.42496014	-307043.95028225	-151071712.95998585	-194857720.01450253	-204331068.22306335	  -3432.84944188	    -71.71772248	    -52.83635974	   -279.16874193	  -5589.79737275	-255910.07810991	-58157441.82883817	-3784541.32329373	-106044.40248541	-128205.20795105	-1478898.27176714	-15386805.93749543	    -62.17828501	-664801034.74134791	  -1718.51921906	-15939574.26446439	-1094016.95962857	  -1586.68771864	   -564.56532668	-573404.32135251	     -6.08653210	      0.00000000	      0.00000000
      1.20000000	    -19.68504744	    -22.07365897	-54951299.58757354	-6112511.84483103	-3070227.13556050	      0.00000000	-237517.56093707	-4010015.59861763	   -675.29242977	    -54.86625617	 -99795.45963812	 -86086.09726091	 -55390.78456579	-306209.44710701	-472930067.94556177	-628360050.95362461	-680842464.88831651	  -3240.80886104	    -75.45696774	    -56.58326952	   -261.17570980	  -5487.50458094	-251481.82814706	-56110354.87289033	    -48.53886517	-107637.95185892	-131248.32057315	-1478825.32099650	-1527248.98723246	    -59.27351867	-547359757.70510972	  -1614.68897199	-39613780.82253134	-1094937.98082051	      0.00000000	   -616.30703199	-576536.61942980	      0.00000000	      0.00000000	      0.00000000	-14693274.22112818	-2809954.47953461	-24509729.89324634	-829542.10127102	-4057302.54217700	      0.00000000	     -0.00000000	-2639039.56630049	   -618.65839685	    -49.93394765	 -97722.29388951	 -83346.52486416	 -55570.42496014	-307043.95028225	-152871092.57093436	-200884416.13680869	-218116082.27512226	  -3432.84944188	    -71.71772248	    -52.83635974	   -279.16874193	  -5589.79737275	-255910.07810991	-57096735.31739981	-3496511.01342711	-106044.40248541	-128205.20795105	-1478898.27176714	-14974310.89764733	    -62.17828501	-656059530.55024326	  -1718.51921906	-15520122.53927335	-1094016.95962857	  -1091.27035570	   -564.56532668	-573404.32135251	  -4165.48674454	   -940.04160328	   -213.95983295
      1.21000000	    -19.68504744	    -22.07365897	-53980037.89232854	-6003557.03876448	-2637900.93429448	      0.00000000	-198267.62266561	-3801641.04506529	   -675.29242977	    -54.86625617	 -99795.45963812	 -86086.09726091	 -55390.78456579	-306209.44710701	-474132761.90035206	-628342111.12696695	-675220751.67111480	  -3240.80886104	    -75.45696774	    -56.58326952	   -261.17570980	  -5487.50458094	-251481.82814706	-55008300.11447151	    -48.53886517	-107637.95185892	-131248.32057315	-1478825.32099650	-1521994.00769137	    -59.27351867	-546691446.12626708	  -1614.68897199	-38646181.18430057	-1094937.98082051	      0.00000000	   -616.30703199	-576536.61942980	      0.00000000	      0.00000000	      0.00000000	-14953900.52101524	-2765670.12757180	-26052996.37410575	-957385.19885323	-4745765.60821660	      0.00000000	     -0.00000000	-2232631.42979179	   -618.65839685	    -49.93394765	 -97722.29388951	 -83346.52486416	 -55570.42496014	-307043.95028225	-156200688.36597231	-208947241.19172451	-234194585.02434891	  -3432.84944188	    -71.71772248	    -52.83635974	   -279.16874193	  -5589.79737275	-255910.07810991	-55864331.84545143	-3170355.59492574	-106044.40248541	-128205.20795105	-1478898.27176714	-14486572.85274880	    -62.17828501	-646122344.35830641	  -1718.51921906	-15072905.70153964	-1094016.95962857	   -663.60481075	   -564.56532668	-573404.32135251	 -25977.08466627	 -23932.25549385	 -11940.90507300
      1.22000000	    -19.68504744	    -22.07365897	-52796686.65597170	-5856044.87509763	-2195956.26442277	      0.00000000	-161420.61806172	-3622247.81840755	   -675.29242977	    -54.86625617	 -99795.45963812	 -86086.09726091	 -55390.78456579	-306209.44710701	-474366906.32842052	-627051983.58659017	-667762533.64318132	  -3240.80886104	    -75.45696774	    -56.58326952	   -261.17570980	  -5487.50458094	-251481.82814706	-53944509.05731151	    -48.53886517	-107637.95185892	-131248.32057315	-1478825.32099650	-1539617.18379508	    -59.27351867	-546889028.24202502	  -1614.68897199	-37673414.56516332	-1094937.98082051	      0.00000000	   -616.30703199	-576536.61942980	      0.00000000	      0.00000000	      0.00000000	-15008904.49849034	-2677070.41042725	-27755176.02984696	-1109067.15034438	-5471254.22410425	      0.00000000	     -0.00000000	-1827556.79351975	   -618.65839685	    -49.93394765	 -97722.29388951	 -83346.52486416	 -55570.42496014	-307043.95028225	-161312742.95629776	-219312636.90547386	-252811972.39057788	  -3432.84944188	    -71.71772248	    -52.83635974	   -279.16874193	  -5589.79737275	-255910.07810991	-54505694.64210781	-2811565.07334572	-106044.40248541	-128205.20795105	-1478898.27176714	-13929958.59919588	    -62.17828501	-635096640.79804027	  -1718.51921906	-14620196.55869846	-1094016.95962857	   -324.32104868	   -564.56532668	-573404.32135251	 -86771.88944455	-115502.68452270	 -64212.31845317
      1.23000000	    -19.68504744	    -22.07365897	-51324474.54583376	-5661900.48808468	-1747187.87532087	      0.00000000	-125717.60677427	-3473508.09115482	   -675.29242977	    -54.86625617	 -99795.45963812	 -86086.09726091	 -55390.78456579	-306209.44710701	-472695090.33185661	-623350188.25815976	-657293461.09846687	  -3240.80886104	    -75.45696774	    -56.58326952	   -261.17570980	  -5487.50458094	-251481.82814706	-52923562.93804625	    -48.53886517	-107637.95185892	-131248.32057315	-1478825.32099650	-1593596.14397200	    -59.27351867	-548170179.33309019	  -1614.68897199	-36665970.41092025	-1094937.98082051	      0.00000000	   -616.30703199	-576536.61942980	      0.00000000	      0.00000000	      0.00000000	-14915968.75267641	-2560589.58284004	-29563929.97781220	-1280592.28135315	-6223633.89687820	      0.00000000	     -0.00000000	-1437592.33725703	   -618.65839685	    -49.93394765	 -97722.29388951	 -83346.52486416	 -55570.42496014	-307043.95028225	-167583628.10268369	-231109127.36442125	-272984699.23345482	  -3432.84944188	    -71.71772248	    -52.83635974	   -279.16874193	  -5589.79737275	-255910.07810991	-53053542.91965444	-2452203.79667103	-106044.40248541	-128205.20795105	-1478898.27176714	-13346693.11896797	    -62.17828501	-623269568.23789251	  -1718.51921906	-14149330.93140578	-1094016.95962857	   -115.25904873	   -564.56532668	-573404.32135251	-196040.99715580	-331928.14849513	-194587.40384927
      1.24000000	    -19.68504744	    -22.07365897	-49818409.03374219	-5457468.09465195	-1352054.62982028	      0.00000000	 -96434.43155077	-3361732.21232055	   -675.29242977	    -54.86625617	 -99795.45963812	 -86086.09726091	 -55390.78456579	-306209.44710701	-470409445.30610412	-618919031.43067300	-646192270.73762846	  -3240.80886104	    -75.45696774	    -56.58326952	   -261.17570980	  -5487.50458094	-251481.82814706	-52033108.14051713	    -48.53886517	-107637.95185892	-131248.32057315	-1478825.32099650	-1662170.77798188	    -59.27351867	-550054611.42905581	  -1614.68897199	-35752787.18869096	-1094937.98082051	      0.00000000	   -616.30703199	-576536.61942980	      0.00000000	      0.00000000	      0.00000000	-14440019.09264198	-2372276.24167529	-31493736.41641319	-1480182.60079361	-6921190.12745425	      0.00000000	     -0.00000000	-1075923.92087937	   -618.65839685	    -49.93394765	 -97722.29388951	 -83346.52486416	 -55570.42496014	-307043.95028225	-176395745.74775866	-246096996.86887389	-296111058.31716311	  -3432.84944188	    -71.71772248	    -52.83635974	   -279.16874193	  -5589.79737275	-255910.07810991	-51465851.93407419	-2065412.39011028	-106044.40248541	-128205.20795105	-1478898.27176714	-12674137.13288471	    -62.17828501	-610522053.03798604	  -1718.51921906	-13716934.94433495	-1094016.95962857	    -12.32139820	   -564.56532668	-573404.32135251	-347596.84153674	-671195.29748513	-404315.42910082
      1.25000000	    -19.68504744	    -22.07365897	-47906849.27933101	-5191296.19243389	-963436.09494845	      0.00000000	 -67237.65112332	-3285228.92976044	   -675.29242977	    -54.86625617	 -99795.45963812	 -86086.09726091	 -55390.78456579	-306209.44710701	-464737245.17071682	-610288255.77516294	-630279873.12785196	  -3240.80886104	    -75.45696774	    -56.58326952	   -261.17570980	  -5487.50458094	-251481.82814706	-51201352.36264051	    -48.53886517	-107637.95185892	-131248.32057315	-1478825.32099650	-1793885.98030056	    -59.27351867	-553474455.18786490	  -1614.68897199	-34758322.77900204	-1094937.98082051	      0.00000000	   -616.30703199	-576536.61942980	      0.00000000	      0.00000000	      0.00000000	-13968746.76863992	-2195366.55314515	-33423193.19131592	-1687448.43042913	-7633471.44527773	      0.00000000	     -0.00000000	-764619.83988149	   -618.65839685	    -49.93394765	 -97722.29388951	 -83346.52486416	 -55570.42496014	-307043.95028225	-185234234.82419780	-260893545.30642435	-318903967.08805436	  -3432.84944188	    -71.71772248	    -52.83635974	   -279.16874193	  -5589.79737275	-255910.07810991	-49922084.99105711	-1727195.24272218	-106044.40248541	-128205.20795105	-1478898.27176714	-12051879.63570752	    -46.63627024	-597887009.44998682	  -1718.51921906	-13284752.87073720	-1094016.95962857	      0.07812590	   -564.56532668	-573404.32135251	-531365.47988492	-1097323.03495534	-671962.60996978
      1.26000000	    -19.68504744	    -22.07365897	-46075446.05119618	-4931183.73005100	-659892.87259483	      0.00000000	 -45668.17360286	-3246223.41615629	   -675.29242977	    -54.86625617	 -99795.45963812	 -86086.09726091	 -55390.78456579	-306209.44710701	-458699448.82067674	-601296382.25774276	-614533038.45262122	  -3240.80886104	    -75.45696774	    -56.58326952	   -261.17570980	  -5487.50458094	-251481.82814706	-50543686.71807884	    -48.53886517	-107637.95185892	-131248.32057315	-1478825.32099650	-1939324.08041080	    -59.27351867	-557342024.88103759	  -1614.68897199	-33898207.98879706	-1094937.98082051	      0.00000000	   -616.30703199	-576536.61942980	      0.00000000	      0.00000000	      0.00000000	-13134336.14512499	-1957152.58666545	-35445614.47182595	-1923132.85650101	-8254493.24218593	      0.00000000	     -0.00000000	-504307.04317829	   -618.65839685	    -49.93387253	 -97722.29388951	 -83346.52486416	 -55570.42496014	-307043.95028225	-196373824.77666843	-278586336.23606759	-344236818.92049670	  -3432.84944188	    -71.71772248	    -52.83635974	   -279.16874193	  -5589.79737275	-255910.07810991	-48297754.05789468	-1383682.40802445	-106044.40248541	-128205.20795105	-1478898.27176714	-11354115.13880196	      0.58402170	-584759030.37793458	  -1718.51921906	-12936954.55198758	-1094016.95962857	      0.00000000	   -564.56532668	-573404.32135251	-745773.83610821	-1601817.21993796	-993357.64870698
      1.27000000	    -19.68504744	    -22.07365897	-44305486.35355502	-4674865.28887756	-433374.82935535	      0.00000000	 -30396.91261222	-3233063.35930005	   -675.29242977	    -54.86625617	 -99795.45963812	 -86086.09726091	 -55390.78456579	-306209.44710701	-451658593.98396629	-591234981.89397061	-598422411.00055063	  -3240.80886104	    -75.45696774	    -56.58326952	   -261.17570980	  -5487.50458094	-251481.82814706	-50031773.84629513	    -48.53886517	-107637.95185892	-131248.32057315	-1478825.32099650	-2108925.45496775	    -59.27351867	-561607369.02418721	  -1614.68897199	-33114777.06604121	-1094937.98082051	      0.00000000	   -616.30703199	-576536.61942980	      0.00000000	      0.00000000	      0.00000000	-12011998.56270718	-1682592.12859117	-37412173.00516175	-2170954.74960158	-8721446.88223510	      0.00000000	     -0.00000000	-304768.09351770	   -618.65839685	    -48.85843244	 -97722.29388951	 -83346.52486416	 -55570.42496014	-307043.95028225	-209158441.41218120	-298066073.23161817	-370361749.69061214	  -3432.84944188	    -71.71772248	    -52.83635974	   -279.16874193	  -5589.79737275	-255910.07810991	-46672215.73006458	-1066930.04311080	-106044.40248541	-128205.20795105	-1478898.27176714	-10633315.60491889	    -45.69551882	-571902086.62334812	  -1718.51921906	-12667670.22280022	-1094016.95962857	      0.00000000	   -564.56532668	-573404.32135251	-978061.32006078	-2150983.07163615	-1347938.31512948
      1.28000000	    -19.68504744	    -22.07365897	-42857827.50711138	-4459779.60391833	-296892.36895187	      0.00000000	 -20950.27928066	-3239564.98075724	   -675.29242977	    -54.86625617	 -99795.45963812	 -86086.09726091	 -55390.78456579	-306209.44710701	-444483980.12302005	-581428025.63143051	-584261982.62418175	  -3240.80886104	    -75.45696774	    -56.58326952	   -261.17570980	  -5487.50458094	-251481.82814706	-49718502.48630335	    -48.53886517	-107637.95185892	-131248.32057315	-1478825.32099650	-2280373.10762871	    -59.27351867	-565554334.13094497	  -1614.68897199	-32492532.77298411	-1094937.98082051	      0.00000000	   -616.30703199	-576536.61942980	      0.00000000	      0.00000000	      0.00000000	-10534318.27828657	-1362546.85308382	-39382718.71444806	-2442404.69939585	-9003596.09432714	      0.00000000	     -0.00000000	-161501.18125775	   -618.65839685	    -49.93394765	 -97722.29388951	 -83346.52486416	 -55570.42496014	-307043.95028225	-224395924.67467925	-320457813.13600755	-398424437.83158076	  -3432.84944188	    -71.71772248	    -52.83635974	   -279.16874193	  -5589.79737275	-255910.07810991	-45035086.74561276	-768906.33686328	-106044.40248541	-128205.20795105	-1478898.27176714	-9848870.18391106	   -140.10783500	-559090521.49884880	  -1718.51921906	-12518223.82304952	-1094016.95962857	      0.00000000	   -564.56532668	-573404.32135251	-1218417.91990689	-2718716.07684018	-1718858.20313014
      1.29000000	    -19.68504744	    -22.07365897	-41067559.61459982	-4187752.19248259	-175866.72340881	      0.00000000	 -12375.68476526	-3282075.09877128	   -675.29242977	    -54.86625617	 -99795.45963812	 -86086.09726091	 -55390.78456579	-306209.44710701	-434031106.17629635	-567503317.19164574	-565586738.38150477	  -3240.80886104	    -75.45696774	    -56.58326952	   -261.17570980	  -5487.50458094	-251481.82814706	-49499903.18491624	    -48.53886517	-107637.95185892	-131248.32057315	-1478825.32099650	-2534812.62307162	    -59.27351867	-571149032.59589851	  -1614.68897199	-31788255.94089491	-1094937.98082051	      0.00000000	   -616.30703199	-576536.61942980	      0.00000000	      0.00000000	      0.00000000	-9227990.49287584	-1096035.18343468	-41151341.59316348	-2696895.78960545	-9220111.15494808	      0.00000000	     -0.00000000	 -73826.15399112	   -618.65839685	    -49.93394765	 -97722.29388951	 -83346.52486416	 -55570.42496014	-307043.95028225	-238352475.66876420	-340754120.17280579	-423519568.80756766	  -3432.84944188	    -71.71772248	    -52.83635974	   -279.16874193	  -5589.79737275	-255910.07810991	-43626417.02169191	-546503.47809807	-106044.40248541	-128205.20795105	-1478898.27176714	-9167344.09826579	   -219.93388715	-547824733.44231617	  -1718.51921906	-12425299.20191887	-1094016.95962857	      0.00000000	   -564.56532668	-573404.32135251	-1438483.38784878	-3236376.67595685	-2060435.11326316
      1.30000000	    -19.68504744	    -22.07365897	-39589301.72983339	-3958450.34840002	-108193.52135960	      0.00000000	  -7281.47669160	-3334903.20416586	   -675.29242977	    -54.86625617	 -99795.45963812	 -86086.09726091	 -55390.78456579	-306209.44710701	-424038534.81490159	-554437660.53338063	-549121286.95373917	  -3240.80886104	    -75.45696774	    -56.58326952	   -261.17570980	  -5487.50458094	-251481.82814706	-49426508.13084494	    -48.53886517	-107637.95185892	-131248.32057315	-1478825.32099650	-2784824.05836644	    -59.27351867	-576245422.73519659	  -1614.68897199	-31219654.05095049	-1094937.98082051	      0.00000000	   -616.30703199	-576536.61942980	      0.00000000	      0.00000000	      0.00000000	-7777721.09168143	-824140.65680921	-42972326.42474374	-2975191.89381673	-9335095.46241365	      0.00000000	     -0.00000000	 -24456.09312106	   -618.65839685	    -49.93394765	 -97722.29388951	 -83346.52486416	 -55570.42496014	-307043.95028225	-254077229.02652365	-363163414.03578609	-450196183.16778308	  -3432.84944188	    -71.71772248	    -52.83635974	   -279.16874193	  -5589.79737275	-255910.07810991	-42321459.81347702	-350967.12036235	-106044.40248541	-128205.20795105	-1478898.27176714	-8447584.72807863	   -182.62632351	-536878150.21178150	  -1718.51921906	-12475627.10450852	-1094016.95962857	      0.00000000	   -564.56532668	-573404.32135251	-1639951.51509685	-3707564.75732961	-2373925.03921906
      1.31000000	    -19.68504744	    -22.07365897	-38208385.31923522	-3738365.74579295	 -67567.69665974	      0.00000000	  -4179.31280994	-3406183.51432716	   -675.29242977	    -54.86625617	 -99795.45963812	 -86086.09726091	 -55390.78456579	-306209.44710701	-413275552.17072248	-540587300.26005113	-532653323.43030775	  -3240.80886104	    -75.45696774	    -56.58326952	   -261.17570980	  -5487.50458094	-251481.82814706	-49483442.11909606	    -48.53886517	-107637.95185892	-131248.32057315	-1478825.32099650	-3062676.11197661	    -59.27351867	-581554743.41036105	  -1614.68897199	-30708919.02568115	-1094937.98082051	      0.00000000	   -616.30703199	-576536.61942980	      0.00000000	      0.00000000	      0.00000000	-6331219.51860626	-578075.57747481	-44683119.83346372	-3253316.24133441	-9326680.85076609	      0.00000000	     -0.00000000	  -6117.29352743	   -618.65839685	    -49.93394765	 -97722.29388951	 -83346.52486416	 -55570.42496014	-307043.95028225	-270398172.38170522	-385947854.83831847	-476227095.12242264	  -3432.84944188	    -71.71772248	    -52.83635974	   -279.16874193	  -5589.79737275	-255910.07810991	-41197141.72963462	-200637.19409524	-106044.40248541	-128205.20795105	-1478898.27176714	-7744705.38041065	    -75.85776844	-527059609.69990033	  -1718.51921906	-12647351.76620904	-1094016.95962857	      0.00000000	   -564.56532668	-573404.32135251	-1805649.19071558	-4092732.07421753	-2631987.96307358
      1.32000000	    -19.68504744	    -22.07365897	-36937877.73520679	-3525487.73517205	 -49117.39868789	      0.00000000	  -2197.32336901	-3502633.01698988	   -675.29242977	    -54.86625617	 -99795.45963812	 -86086.09726091	 -55390.78456579	-306209.44710701	-401262046.40417868	-525445659.84708124	-515971857.41913700	  -3240.80886104	    -75.45696774	    -56.58326952	   -261.17570980	  -5487.50458094	-251481.82814706	-49718958.48993976	    -48.53886517	-107637.95185892	-131248.32057315	-1478825.32099650	-3382956.23392997	    -59.27351867	-587225568.46088874	  -1614.68897199	-30263085.13289103	-1094937.98082051	      0.00000000	   -616.30703199	-576536.61942980	      0.00000000	      0.00000000	      0.00000000	-4915145.89943090	-365420.59893391	-46171344.09324276	-3517291.28261352	-9139854.07598717	      0.00000000	     -0.00000000	  -1286.95283106	   -618.65839685	    -49.93394765	 -97722.29388951	 -83346.52486416	 -55570.42496014	-307043.95028225	-287060168.11081553	-408616723.34524542	-500608932.31421524	  -3432.84944188	    -71.71772248	    -52.83635974	   -279.16874193	  -5589.79737275	-255910.07810991	-40248167.50899413	 -95640.71249468	-106044.40248541	-128205.20795105	-1478898.27176714	-7064582.28152191	     -0.84424126	-518696681.46992290	  -1718.51921906	-12929877.97144162	-1094016.95962857	      0.00000000	   -564.56532668	-573404.32135251	-1927183.33118413	-4373732.18587814	-2821295.46303983
      1.33000000	    -19.68504744	    -22.07365897	-35755366.53694364	-3329486.71662381	 -34805.55297969	      0.00000000	   -998.16429437	-3603020.14665375	   -675.29242977	    -54.86625617	 -99795.45963812	 -86086.09726091	 -55390.78456579	-306209.44710701	-390026865.78290665	-511164636.21753806	-500139230.87218982	  -3240.80886104	    -75.45696774	    -56.58326952	   -261.17570980	  -5487.50458094	-251481.82814706	-49977535.71641972	     -2.83472122	-107637.95185892	-131248.32057315	-1478825.32099650	-3697781.92161714	    -59.27351867	-592655716.95560217	  -1614.68897199	-29865882.51256236	-1094937.98082051	      0.00000000	   -616.30703199	-576536.61942980	      0.00000000	      0.00000000	      0.00000000	-3710159.38336940	-204333.26206462	-47810420.87959718	-3804697.36951289	-9046291.85463947	      0.00000000	     -0.00000000	   -157.97510408	   -618.65839685	    -49.93394765	 -97722.29388951	 -83346.52486416	 -55570.42496014	-307043.95028225	-303733806.66399217	-431348408.72915918	-525604016.70772141	  -3432.84944188	    -71.71772248	    -52.83635974	   -279.16874193	  -5589.79737275	-255910.07810991	-39546773.92257045	 -29709.55395437	-106044.40248541	-128205.20795105	-1478898.27176714	-6399541.90083566	    -29.78214903	-510905965.23021358	  -1718.51921906	-13358082.89502378	-1094016.95962857	      0.00000000	   -564.56532668	-573404.32135251	-2013612.93024403	-4572737.23004836	-2955901.91959776
      1.34000000	    -19.68504744	    -22.07365897	-34635336.38885659	-3142671.87834603	 -26950.78200292	      0.00000000	   -352.35971103	-3716127.74057305	   -675.29242977	    -54.86625617	 -99795.45963812	 -86086.09726091	 -55390.78456579	-306209.44710701	-378478611.84910887	-496537302.46920657	-484310730.54928511	  -3240.80886104	    -75.45696774	    -56.58326952	   -261.17570980	  -5487.50458094	-251481.82814706	-50312784.27669820	  -1939.83304292	-107637.95185892	-131248.32057315	-1478825.32099650	-4030885.65155608	    -59.27351867	-598141122.50258863	  -1614.68897199	-29508760.50932928	-1094937.98082051	      0.00000000	   -616.30703199	-576536.61942980	      0.00000000	      0.00000000	      0.00000000	-2689704.42926573	 -91931.06072882	-49436635.60105804	-4095546.90033525	-8960514.48564302	      0.00000000	     -0.00000000	     -7.77232151	   -618.65839685	    -49.93394765	 -97722.29388951	 -83346.52486416	 -55570.42496014	-307043.95028225	-320109366.55189955	-453510172.84339827	-549837135.63804686	  -3432.84944188	    -71.71772248	    -52.83635974	   -279.16874193	  -5589.79737275	-255910.07810991	-39085869.45662338	  -4687.84851448	-106044.40248541	-128205.20795105	-1478898.27176714	-5770705.19196647	    -62.17828501	-504184279.43162882	  -1718.51921906	-13917352.94559310	-1094016.95962857	      0.00000000	   -564.56532668	-573404.32135251	-2057284.77579757	-4673019.39135498	-3023904.22231799
      1.35000000	    -19.68504744	    -22.07365897	-33586006.74964036	-2961072.70247205	 -25335.41038801	      0.00000000	    -55.49283067	-3842979.13200059	   -675.29242977	    -54.86625617	 -99795.45963812	 -86086.09726091	 -55390.78456579	-306209.44710701	-366541779.06268775	-481460775.29944581	-468486045.07936126	  -3240.80886104	    -75.45696774	    -56.58326952	   -261.17570980	  -5487.50458094	-251481.82814706	-50749817.55768411	 -10425.93393500	-107637.95185892	-131248.32057315	-1478825.32099650	-4393307.75178152	    -59.27351867	-603800094.47276127	  -1614.68897199	-29181384.45637214	-1094937.98082051	      0.00000000	   -616.30703199	-576536.61942980	      0.00000000	      0.00000000	      0.00000000	-1819419.05392363	 -24988.46339928	-50869735.23929118	-4367249.36617732	-8780052.17488870	      0.00000000	     -0.00000000	    -10.26112893	   -618.65839685	    -49.93394765	 -97722.29388951	 -83346.52486416	 -55570.42496014	-307043.95028225	-336074319.44101739	-474713311.14916921	-572053636.03068697	  -3432.84944188	    -71.71772248	    -52.83635974	   -279.16874193	  -5589.79737275	-255910.07810991	-38825733.90828259	    -14.30246858	-106044.40248541	-128205.20795105	-1478898.27176714	-5190619.21608939	    -62.17828501	-498919519.36452520	  -1718.51921906	-14582671.14905551	-1094016.95962857	      0.00000000	   -564.56532668	-573404.32135251	-2055254.13936782	-4668360.64578736	-3020742.51081966
      1.36000000	    -19.68504744	    -22.07365897	-32594090.66074242	-2786617.36630093	 -26585.43381684	      0.00000000	      0.72950120	-3977644.27270718	   -675.29242977	    -54.86625617	 -99795.45963812	 -86086.09726091	 -55390.78456579	-306209.44710701	-354701193.64122421	-466442725.94683206	-452869190.47216016	  -3240.80886104	    -75.45696774	    -56.58326952	   -261.17570980	  -5487.50458094	-251481.82814706	-51244389.98776803	 -30978.46602222	-107637.95185892	-131248.32057315	-1478825.32099650	-4772248.95600551	    -59.27351867	-609476266.62577033	  -1614.68897199	-28876246.84349684	-1094937.98082051	      0.00000000	   -616.30703199	-576536.61942980	      0.00000000	      0.00000000	      0.00000000	-1133793.67158332	  -2784.23538218	-52200168.33916567	-4627846.10599425	-8579051.28135382	      0.00000000	     -0.00000000	   -174.53596159	   -618.65839685	    -49.93394765	 -97722.29388951	 -83346.52486416	 -55570.42496014	-307043.95028225	-351396149.84189457	-494815489.44311833	-592699415.88330901	  -3432.84944188	    -71.71772248	    -52.83635974	   -279.16874193	  -5589.79737275	-255910.07810991	-38783485.20529103	    -48.94929268	-106044.40248541	-128205.20795105	-1478898.27176714	-4659380.30915334	    -62.17828501	-494886326.91238165	  -1718.51921906	-15365397.24812973	-1094016.95962857	      0.00000000	   -564.56532668	-573404.32135251	-2010891.39190119	-4566481.71938933	-2951663.83182497
      1.37000000	    -19.68504744	    -22.07365897	-31627475.43405580	-2616703.23677246	 -29364.78487012	      0.00000000	      0.00000000	-4118653.72474517	   -675.29242977	    -54.86625617	 -99795.45963812	 -86086.09726091	 -55390.78456579	-306209.44710701	-342926693.03920287	-451397131.64957619	-437196069.85975027	  -3240.80886104	    -75.45696774	    -56.58326952	   -261.17570980	  -5487.50458094	-251481.82814706	-51776631.99098860	 -70751.31573633	-107637.95185892	-131248.32057315	-1478825.32099650	-5167796.10264957	    -59.27351867	-615187774.74777353	  -1614.68897199	-28579492.83817908	-1094937.98082051	      0.00000000	   -616.30703199	-576536.61942980	      0.00000000	      0.00000000	      0.00000000	-634270.99278792	    -18.91618559	-53435348.04033659	-4874667.32199498	-8384820.50697723	      0.00000000	     -0.00000000	  -1267.66304085	   -618.65839685	    -49.93394765	 -97722.29388951	 -83346.52486416	 -55570.42496014	-307043.95028225	-365938986.75029516	-513500327.38879907	-611658525.89096463	  -3432.84944188	    -71.71772248	    -52.83635974	   -279.16874193	  -5589.79737275	-255910.07810991	-38958322.54850484	    -48.94929268	-106044.40248541	-128205.20795105	-1478898.27176714	-4183531.09980514	    -62.17828501	-492043267.97256112	  -1718.51921906	-16257762.25632285	-1094016.95962857	      0.00000000	   -564.56532668	-573404.32135251	-1928075.01325508	-4375788.88307156	-2822684.30863645
      1.38000000	    -19.68504744	    -22.07365897	-30670231.19620073	-2448544.85792692	 -33952.81401587	      0.00000000	      0.00000000	-4264727.84326948	   -675.29242977	    -54.86625617	 -99795.45963812	 -86086.09726091	 -55390.78456579	-306209.44710701	-331129580.76573908	-436146314.72302943	-421267865.57152003	  -3240.80886104	    -75.45696774	    -56.58326952	   -261.17570980	  -5487.50458094	-251481.82814706	-52344126.12565741	-129269.31257086	-107637.95185892	-131248.32057315	-1478825.32099650	-5585707.30252241	    -59.27351867	-620988274.72402537	  -1614.68897199	-28275991.33528738	-1094937.98082051	      0.00000000	   -616.30703199	-576536.61942980	      0.00000000	      0.00000000	      0.00000000	-305108.30514873	    -22.94440486	-54553898.89730671	-5103482.72350580	-8206134.91627533	      0.00000000	     -0.00000000	  -5881.29733615	   -618.65839685	    -49.93394765	 -97722.29388951	 -83346.52486416	 -55570.42496014	-307043.95028225	-379247423.91373062	-530200297.14046675	-628455562.83412421	  -3432.84944188	    -71.71772248	    -52.83635974	   -279.16874193	  -5589.79737275	-255910.07810991	-39347346.22643682	    -48.94929268	-106044.40248541	-128205.20795105	-1478898.27176714	-3770027.58309311	    -62.17828501	-490409246.47881132	  -1718.51921906	-17252508.40229042	-1094016.95962857	      0.00000000	   -564.56532668	-573404.32135251	-1809319.80512951	-4101238.22557471	-2637705.56362856
      1.39000000	    -19.68504744	    -22.07365897	-29659480.59788815	-2274861.50759087	 -37716.17728820	      0.00000000	      0.00000000	-4413042.14995488	   -675.29242977	    -54.86625617	 -99795.45963812	 -86086.09726091	 -55390.78456579	-306209.44710701	-319264513.44045484	-420392860.16116381	-404525598.53086144	  -3240.80886104	    -75.45696774	    -56.58326952	   -261.17570980	  -5487.50458094	-251481.82814706	-52919754.33947551	-209085.30218345	-107637.95185892	-131248.32057315	-1478825.32099650	-6036673.17787725	    -59.27351867	-627013384.01607144	  -1614.68897199	-27930348.03425528	-1094937.98082051	      0.00000000	   -616.30703199	-576536.61942980	      0.00000000	      0.00000000	      0.00000000	-114140.07636532	    -22.94440486	-55425318.25744836	-5291765.51871465	-8006384.66277897	      0.00000000	     -0.00000000	 -22297.80036693	   -618.65839685	    -49.93394765	 -97722.29388951	 -83346.52486416	 -55570.42496014	-307043.95028225	-390707507.90710616	-544164962.96957135	-641985699.16478193	  -3432.84944188	    -71.71772248	    -52.83635974	   -279.16874193	  -5589.79737275	-255910.07810991	-39958405.10437634	    -48.94929268	-106044.40248541	-128205.20795105	-1478898.27176714	-3435120.54045160	    -62.17828501	-490409527.80857980	  -1718.51921906	-18331388.50554997	-1094016.95962857	      0.00000000	   -564.56532668	-573404.32135251	-1652820.07690419	-3737558.36193449	-2393962.36158667
      1.40000000	    -19.68504744	    -22.07365897	-28872165.86772191	-2134159.25652065	 -47661.81789824	      0.00000000	      0.00000000	-4552096.79048320	   -675.29242977	    -54.86625617	 -99795.45963812	 -86086.09726091	 -55390.78456579	-306209.44710701	-309147520.02594739	-406853911.73018146	-390558598.29990578	  -3240.80886104	    -75.45696774	    -56.58326952	   -261.17570980	  -5487.50458094	-251481.82814706	-53501758.37279364	-292870.88303445	-107637.95185892	-131248.32057315	-1478825.32099650	-6444825.88147575	    -59.27351867	-632201474.03379250	  -1614.68897199	-27670694.69829684	-1094937.98082051	      0.00000000	   -616.30703199	-576536.61942980	      0.00000000	      0.00000000	      0.00000000	 -16025.58583007	    -22.94440486	-56399437.54769533	-5495935.19865413	-7854215.36015707	      0.00000000	     -0.00000000	 -63593.47769738	   -618.65839685	    -49.93394765	 -97722.29388951	 -83346.52486416	 -55570.42496014	-307043.95028225	-402596789.96137208	-558519833.02880573	-656196197.18437338	  -3432.84944188	    -71.71772248	    -52.83635974	   -279.16874193	  -5589.79737275	-255910.07810991	-40755788.15604530	    -48.94929268	-106044.40248541	-128205.20795105	-1478898.27176714	-3104000.05507638	    -62.17828501	-490805338.36541516	  -1718.51921906	-19591602.19309374	-1094016.95962857	      0.00000000	   -564.56532668	-573404.32135251	-1472215.66227485	-3315469.35001809	-2112887.67077714
      1.41000000	    -19.68504744	    -22.07365897	-27890276.13807435	-1967593.73696337	 -54386.45484461	      0.00000000	      0.00000000	-4698763.89877934	   -675.29242977	    -54.86625617	 -99795.45963812	 -86086.09726091	 -55390.78456579	-306209.44710701	-297713868.40019083	-391217415.65387267	-373805526.08247793	  -3240.80886104	    -75.45696774	    -56.58326952	   -261.17570980	  -5487.50458094	-251481.82814706	-54108000.91831671	-409680.50072609	-107637.95185892	-131248.32057315	-1478825.32099650	-6936910.89667784	    -59.27351867	-638202180.33181381	  -1614.68897199	-27294305.60510920	-1094937.98082051	      0.00000000	   -616.30703199	-576536.61942980	      0.00000000	      0.00000000	      0.00000000	   -429.12321545	    -22.94440486	-56973380.74359310	-5632465.56196303	-7683773.36036156	      0.00000000	     -0.00000000	-139888.97442697	   -618.65839685	    -49.93394765	 -97722.29388951	 -83346.52486416	 -55570.42496014	-307043.95028225	-410695255.63042587	-567976029.86091888	-664917025.42948258	  -3432.84944188	    -71.71772248	    -52.83635974	   -279.16874193	  -5589.79737275	-255910.07810991	-41765793.32024043	    -48.94929268	-106044.40248541	-128205.20795105	-1478898.27176714	-2885326.95127117	    -62.17828501	-493174331.56563807	  -1718.51921906	-20872100.45226623	-1094016.95962857	      0.00000000	   -564.56532668	-573404.32135251	-1264725.70365044	-2827859.52357611	-1790620.81768927
      1.42000000	  -1074.32518188	    -22.02226159	-27229154.61783456	-1855598.34470587	 -64177.54871962	      0.00000000	      0.00000000	-4828367.92868782	   -675.29242977	    -54.86625617	 -99795.45963812	 -86086.09726091	 -55390.78456579	-306209.44710701	-288911244.76013643	-379387227.32897055	-361609180.99444121	  -3240.80886104	    -75.45696774	    -56.58326952	   -261.17570980	  -5487.50458094	-251481.82814706	-54639296.41347297	-510774.90043411	-107637.95185892	-131248.32057315	-1478825.32099650	-7309343.31670449	    -59.27351867	-642605335.90583789	  -1614.68897199	-27088671.47545696	-1094937.98082051	      0.00000000	   -616.30703199	-576536.61942980	      0.00000000	      0.00000000	      0.00000000	    -20.12366215	    -22.94440486	-57974299.90752254	-5829378.57981821	-7639984.77850057	      0.00000000	     -0.00000000	-255520.63999785	   -618.65839685	    -49.93394765	 -97722.29388951	 -83346.52486416	 -55570.42496014	-307043.95028225	-421518186.03392106	-581048922.27628505	-678264400.17567718	  -3432.84944188	    -71.71772248	    -52.83635974	   -279.16874193	  -5589.79737275	-255910.07810991	-42965903.21210198	    -48.94929268	-106044.40248541	-128205.20795105	-1478898.27176714	-2611598.31329683	    -62.17828501	-494981938.91686749	  -1718.51921906	-22441644.48377814	-1094016.95962857	      0.00000000	   -564.56532668	-573404.32135251	-1050751.63305506	-2322842.58467017	-1459784.20457522
      1.43000000	 -52046.98336252	  -1755.10984738	-26181996.45998663	-1681767.11401508	 -72090.78325498	      0.00000000	      0.00000000	-4966368.83983617	   -675.29242977	    -54.86625617	 -99795.45963812	 -86086.09726091	 -55390.78456579	-306209.44710701	-277572352.59911495	-363297829.34228754	-343804694.48627585	  -3240.80886104	    -75.45696774	    -56.58326952	   -261.17570980	  -5487.50458094	-251481.82814706	-55269493.42763325	-672497.52185603	-107637.95185892	-131248.32057315	-1478825.32099650	-7879375.21205035	    -59.27351867	-648936760.75874770	  -1614.68897199	-26602797.16674095	-1094937.98082051	      0.00000000	   -616.30703199	-576536.61942980	      0.00000000	      0.00000000	      0.00000000	    -20.12366215	    -22.94440486	-58051440.48463289	-5881573.24809003	-7475695.11557918	      0.00000000	     -0.00000000	-431607.65802429	   -618.65839685	    -49.93394765	 -97722.29388951	 -83346.52486416	 -55570.42496014	-307043.95028225	-424059989.96517563	-583529673.28797829	-679652900.66500187	  -3432.84944188	    -71.71772248	    -52.83635974	   -279.16874193	  -5589.79737275	-255910.07810991	-44360005.26251418	    -48.94929268	-106044.40248541	-128205.20795105	-1478898.27176714	-2535446.42272764	    -62.17828501	-500113690.44659770	  -1718.51921906	-23864759.01181290	-1094016.95962857	      0.00000000	   -564.56532668	-573404.32135251	-821244.38914844	-1780137.98132789	-1107996.44164584
      1.44000000	-182191.78925866	 -11807.72131821	-25341207.84862691	-1547721.45316615	 -80306.15968245	      0.00000000	      0.00000000	-5099135.30031585	   -675.29242977	    -54.86625617	 -99795.45963812	 -86086.09726091	 -55390.78456579	-306209.44710701	-267669714.08495623	-349435150.32811654	-328791556.30437809	  -3240.80886104	    -75.45696774	    -56.58326952	   -261.17570980	  -5487.50458094	-251481.82814706	-55848744.00307323	-830728.68360672	-107637.95185892	-131248.32057315	-1478825.32099650	-8368125.30059563	    -59.27351867	-654154649.91727269	  -1614.68897199	-26251248.87173589	-1094937.98082051	      0.00100943	   -616.30703199	-576536.61942980	      0.00000000	      0.00000000	      0.00000000	    -20.12366215	    -22.94440486	-58399091.93587878	-5968839.78903671	-7385783.33865964	      0.00000000	     -0.00000000	-663239.93390320	   -618.65839685	    -49.93394765	 -97722.29388951	 -83346.52486416	 -55570.42496014	-307043.95028225	-428643723.92601472	-588736147.13967514	-684361009.44271052	  -3432.84944188	    -71.71772248	    -52.83635974	   -279.16874193	  -5589.79737275	-255910.07810991	-45899410.24112664	    -48.94929268	-106044.40248541	-128205.20795105	-1478898.27176714	-2419160.98127390	    -62.17828501	-504951381.39519238	  -1718.51921906	-25523191.99988828	-1094016.95962857	      0.00000000	   -564.56532668	-573404.32135251	-606380.46167921	-1273304.39564911	-783556.32248708
      1.45000000	-373723.28362482	 -36295.97436435	-24560824.53199882	-1424421.15404825	 -88951.69680754	      0.00000000	      0.00000000	-5217270.54538251	   -675.29242977	    -54.86625617	 -99795.45963812	 -86086.09726091	 -55390.78456579	-306209.44710701	-258833054.04701898	-336781513.82806754	-314860051.87855875	  -3240.80886104	    -75.45696774	    -56.58326952	   -261.17570980	  -5487.50458094	-251481.82814706	-56396814.56261265	-993719.09764980	-107637.95185892	-131248.32057315	-1478825.32099650	-8845426.92138067	    -59.27351867	-659017433.18910313	  -1614.68897199	-25894658.40225994	-1094937.98082051	      0.21066396	   -616.30703199	-576536.61942980	      0.00000000	      0.00000000	      0.00000000	    -20.12366215	    -22.94440486	-58725944.22896565	-6049591.30470837	-7361362.06670969	      0.00000000	   -638.54722942	-957933.53261459	   -618.65839685	    -49.93394765	 -97722.29388951	 -83346.52486416	 -55570.42496014	-307043.95028225	-431547148.52792346	-592001413.22341275	-687657214.99474895	  -3432.84944188	    -71.71772248	    -52.83635974	   -279.16874193	  -5589.79737275	-255910.07810991	-47601636.92897166	    -48.94929268	-106044.40248541	-128205.20795105	-1478898.27176714	-2336103.03159414	    -62.17828501	-510286465.02063042	  -1718.51921906	-27301222.36502412	-1094016.95962857	      0.00000000	   -564.56532668	-573404.32135251	-410248.43788363	-815364.79817853	-494425.79587444
      1.46000000	-629478.08144017	 -81724.54272681	-23753870.62930661	-1303192.06154139	 -95004.42428194	      0.00000000	      0.00000000	-5333303.28178641	   -675.29242977	    -54.86625617	 -99795.45963812	 -86086.09726091	 -55390.78456579	-306209.44710701	-249816290.14519137	-323785870.31993729	-300423062.66202128	  -3240.80886104	    -75.45696774	    -56.58326952	   -261.17570980	  -5487.50458094	-251481.82814706	-56934930.38965409	-1179879.66895761	-107637.95185892	-131248.32057315	-1478825.32099650	-9345325.28084748	    -59.27351867	-663873846.57737136	  -1614.68897199	-25513498.98933245	-1094937.98082051	     -1.14419687	   -616.30703199	-576536.61942980	      0.00000000	      0.00000000	      0.00000000	    -20.12366215	    -22.94440486	-58915047.75175162	-6104612.81798142	-7338438.48594710	      0.00000000	  -5023.77098709	-1315307.26690100	   -618.65839685	    -49.93394765	 -97722.29388951	 -83346.52486416	 -55570.42496014	-307043.95028225	-432979372.51727051	-593490674.16946101	-689130839.16822469	  -3432.84944188	    -71.71772248	    -52.83635974	   -279.16874193	  -5589.79737275	-255910.07810991	-49399891.39265209	    -48.94929268	-106044.40248541	-128205.20795105	-1478898.27176714	-2287579.40041413	    -62.17828501	-516266503.73209369	  -1718.51921906	-29144625.80399960	-1094016.95962857	      0.00000000	   -564.56532668	-573404.32135251	-241230.92977178	-431079.47282927	-255468.20260960
      1.47000000	-936919.15488261	-142794.99351030	-23006404.08579882	-1192767.96921424	-102665.64335962	      0.00000000	      0.00000000	-5439311.95457836	   -675.29242977	    -54.86625617	 -99795.45963812	 -86086.09726091	 -55390.78456579	-306209.44710701	-241376859.05213797	-311497787.55818921	-286769701.28717285	  -3240.80886104	    -75.45696774	    -56.58326952	   -261.17570980	  -5487.50458094	-251481.82814706	-57458357.47168670	-1374482.20002429	-107637.95185892	-131248.32057315	-1478825.32099650	-9839297.27713535	    -59.27351867	-668407890.01611686	  -1614.68897199	-25137791.04040974	-1094937.98082051	    -16.54497040	   -616.30703199	-576536.61942980	      0.00000000	      0.00000000	      0.00000000	    -20.12366215	    -22.94440486	-59044545.98391841	-6149735.68328283	-7329053.06375708	      0.00000000	 -17352.41352483	-1732006.14106925	   -618.65839685	    -49.93394765	 -97722.29388951	 -83346.52486416	 -55570.42496014	-307043.95028225	-433381161.85961157	-593745332.48863721	-689475306.81731284	  -3432.84944188	    -71.71772248	    -52.83635974	   -279.16874193	  -5589.79737275	-255910.07810991	-51271348.02109003	    -48.94929268	-106044.40248541	-128205.20795105	-1478898.27176714	-2259348.86761735	    -62.17828501	-522499932.88398933	  -1718.51921906	-31063372.34925158	-1094016.95962857	      0.00000000	   -564.56532668	-573404.32135251	-108982.09638659	-153210.00548410	 -86487.90254635
      1.48000000	-1201379.45618501	-199471.52087726	-22425371.78310319	-1110790.83993583	-106000.87122313	      0.00000000	      0.00000000	-5524038.77969694	   -675.29242977	    -54.86625617	 -99795.45963812	 -86086.09726091	 -55390.78456579	-306209.44710701	-235038982.28772742	-302154607.21739322	-276236893.00509441	  -3240.80886104	    -75.45696774	    -56.58326952	   -261.17570980	  -5487.50458094	-251481.82814706	-57861131.01105876	-1535980.28418987	-107637.95185892	-131248.32057315	-1478825.32099650	-10225524.15373185	    -59.27351867	-671870515.22257757	  -1614.68897199	-24855115.36926027	-1094937.98082051	    -43.49536372	   -616.30703199	-576536.61942980	      0.00000000	      0.00000000	      0.00000000	    -20.12366215	    -22.94440486	-59484475.53275164	-6239324.17927064	-7401159.80606066	      0.00000000	 -45194.59604087	-2191577.70414314	   -618.65839685	    -49.93394765	 -97722.29388951	 -83346.52486416	 -55570.42496014	-307043.95028225	-435927642.65569699	-596807368.71303093	-693305611.67508733	  -3432.84944188	    -71.71772248	    -52.83635974	   -279.16874193	  -5589.79737275	-255910.07810991	-53201290.78527253	    -48.94929268	-106044.40248541	-128205.20795105	-1478898.27176714	-2186978.43438516	    -62.17828501	-527785933.10096967	  -1718.51921906	-33162089.43414422	-1094016.95962857	      0.00000000	   -564.56532668	-573404.32135251	 -29874.15739135	 -28983.61601155	 -14628.00981416
      1.49000000	-1679966.55299447	-305147.21537815	-21623887.14503164	-998662.41286129	-118039.78288704	      0.00000000	      0.00000000	-5625049.42477876	   -675.29242977	    -54.86625617	 -99795.45963812	 -86086.09726091	 -55390.78456579	-306209.44710701	-225238086.72550929	-287941076.35196632	-260741232.28492749	  -3240.80886104	    -75.45696774	    -56.58326952	   -261.17570980	  -5487.50458094	-251481.82814706	-58434294.65376878	-1799690.20604931	-107637.95185892	-131248.32057315	-1478825.32099650	-10818594.28212116	    -59.27351867	-676636759.37978005	  -1614.68897199	-24391392.08736682	-1094937.98082051	   -114.28262949	   -616.30703199	-576536.61942980	      0.00000000	      0.00000000	      0.00000000	    -20.12366215	    -22.94440486	-59082501.81624030	-6204289.87250758	-7244803.95620251	      0.00000000	 -82280.83205914	-2699216.98043473	   -618.65839685	    -49.93394765	 -97722.29388951	 -83346.52486416	 -55570.42496014	-307043.95028225	-433221288.79358292	-592984312.04446185	-688260801.10841012	  -3432.84944188	    -71.71772248	    -52.83635974	   -279.16874193	  -5589.79737275	-255910.07810991	-55035586.97875587	    -48.94929268	-106044.40248541	-128205.20795105	-1478898.27176714	-2230093.40103256	    -62.17828501	-535003739.86106354	  -1718.51921906	-34970659.83170222	-1094016.95962857	      0.00000000	   -564.56532668	-573404.32135251	  -2838.50520428	   -260.42069578	    -13.77388295
      1.50000000	-1931462.53305602	-365715.08462740	-21133350.33088280	-936668.02221860	-115092.36544628	      0.00000000	      0.00000000	-5681346.08063272	   -675.29242977	    -54.86625617	 -99795.45963812	 -86086.09726091	 -55390.78456579	-306209.44710701	-220195236.34503156	-280365309.86032748	-251981881.89321226	  -3240.80886104	    -75.45696774	    -56.58326952	   -261.17570980	  -5487.50458094	-251481.82814706	-58711868.37614708	-1955209.23890538	-107637.95185892	-131248.32057315	-1478825.32099650	-11146040.19469107	    -59.27351867	-679284564.10626221	  -1614.68897199	-24128233.13429450	-1094937.98082051	   -181.40056755	   -616.30703199	-576536.61942980	      0.00000000	      0.00000000	      0.00000000	    -20.12366215	    -22.94440486	-59560466.26148786	-6295073.83059405	-7319463.47496849	      0.00000000	-145029.48519838	-3214288.97076112	   -618.65839685	    -49.93394765	 -97722.29388951	 -83346.52486416	 -55570.42496014	-307043.95028225	-436519198.37911618	-597005436.72434998	-693011462.89903212	  -3432.84944188	    -71.71772248	    -52.83635974	   -279.16874193	  -5589.79737275	-255910.07810991	-56916053.02901511	    -48.94929268	-106044.40248541	-128205.20795105	-1478898.27176714	-2148654.87138845	    -62.17828501	-539522033.76195085	  -1718.51921906	-37094424.52247259	-1094016.95962857	      0.00000000	   -564.56532668	-573404.32135251	      0.00000000	      0.00000000	      0.00000000
      1.51000000	-2448125.53343317	-484051.60177527	-20541058.21709137	-855958.27498057	-133362.75370984	      0.00000000	      0.00000000	-5757807.02187203	   -675.29242977	    -54.86625617	 -99795.45963812	 -86086.09726091	 -55390.78456579	-306209.44710701	-211602128.41777879	-268183912.50472116	-239316210.39952853	  -3240.80886104	    -75.45696774	    -56.58326952	   -261.17570980	  -5487.50458094	-251481.82814706	-59207982.96933822	-2210569.87228294	-107637.95185892	-131248.32057315	-1478825.32099650	-11664960.35011739	    -59.27351867	-682927109.47387683	  -1614.68897199	-23747394.41565510	-1094937.98082051	   -297.03062277	   -616.30703199	-576536.61942980	      0.00000000	      0.00000000	      0.00000000	    -20.12366215	    -22.94440486	-59142249.21524581	-6254380.13722227	-7055776.94555205	      0.00000000	-206978.51823896	-3753221.36947603	   -618.65839685	    -49.93394765	 -97722.29388951	 -83346.52486416	 -55570.42496014	-307043.95028225	-436562953.91225433	-596393434.58113766	-690165604.10055959	  -3432.84944188	    -71.71772248	    -52.83635974	   -279.16874193	  -5589.79737275	-255910.07810991	-58545223.99712013	    -48.94929268	-106044.40248541	-128205.20795105	-1478898.27176714	-2150890.82912456	    -62.17828501	-545748074.20474195	  -1718.51921906	-38868933.79190373	-1094016.95962857	      0.00000000	   -564.56532668	-573404.32135251	      0.00000000	      0.00000000	      0.00000000
      1.52000000	-2975229.71896387	-608562.03308391	-19970120.21567413	-782477.34745362	-148461.63012949	      0.00000000	      0.00000000	-5810709.17705407	   -675.29242977	    -54.86625617	 -99795.45963812	 -86086.09726091	 -55390.78456579	-306209.44710701	-203381972.40074122	-256517626.08044544	-227135895.98045832	  -3240.80886104	    -75.45696774	    -56.58326952	   -261.17570980	  -5487.50458094	-251481.82814706	-59621322.65860865	-2474852.73339555	-107637.95185892	-131248.32057315	-1478825.32099650	-12170848.29349374	    -59.27351867	-686189264.43681490	  -1614.68897199	-23341055.15265937	-1094937.98082051	   -467.35330191	   -616.30703199	-576536.61942980	      0.00000000	      0.00000000	      0.00000000	    -20.12366215	    -22.94440486	-58673853.12907160	-6192077.09312512	-6792147.52054803	      0.00000000	-273753.72517908	-4280284.74053880	   -618.65839685	    -49.93394765	 -97722.29388951	 -83346.52486416	 -55570.42496014	-307043.95028225	-436819760.50951594	-596144500.79171669	-687569385.48568487	  -3432.84944188	    -71.71772248	    -52.83635974	   -279.16874193	  -5589.79737275	-255910.07810991	-60030470.08599500	    -48.94929268	-106044.40248541	-128205.20795105	-1478898.27176714	-2160023.72043129	    -62.17828501	-551655374.26680791	  -1718.51921906	-40515731.40538779	-1094016.95962857	      0.00000000	   -564.56532668	-573404.32135251	      0.00000000	      0.00000000	      0.00000000
      1.53000000	-3318075.49220793	-694299.01162212	-19526649.63245613	-731369.14071686	-148811.12804757	      0.00000000	      0.00000000	-5839933.31809216	   -675.29242977	    -54.86625617	 -99795.45963812	 -86086.09726091	 -55390.78456579	-306209.44710701	-197774390.14398080	-248442566.22425225	-218357760.38021323	  -3240.80886104	    -75.45696774	    -56.58326952	   -261.17570980	  -5487.50458094	-251481.82814706	-59846941.19719622	-2672308.85801814	-107637.95185892	-131248.32057315	-1478825.32099650	-12524456.44112700	    -59.27351867	-688409844.89677930	  -1614.68897199	-23035021.12090302	-1094937.98082051	   -648.11754866	   -616.30703199	-576536.61942980	      0.00000000	      0.00000000	      0.00000000	    -20.12366215	    -22.94440486	-58769109.83359476	-6198531.65142255	-6709523.80895548	      0.00000000	-357404.84261988	-4767669.21134981	   -618.65839685	    -49.93394765	 -97722.29388951	 -83346.52486416	 -55570.42496014	-307043.95028225	-440723926.06469333	-600804499.86742783	-691349694.32577646	  -3432.84944188	    -71.71772248	    -52.83635974	   -279.16874193	  -5589.79737275	-255910.07810991	-61428603.23586618	    -48.94929268	-106044.40248541	-128205.20795105	-1478898.27176714	-2101071.63014553	    -62.17828501	-555585516.93808568	  -1718.51921906	-42238331.81436807	-1094016.95962857	      0.00000000	   -564.56532668	-573404.32135251	      0.00000000	      0.00000000	      0.00000000
      1.54000000	-3815930.99069067	-814819.49872382	-19074683.86499800	-676561.21233805	-162816.70446724	      0.00000000	      0.00000000	-5859472.38387252	   -675.29242977	    -54.86625617	 -99795.45963812	 -86086.09726091	 -55390.78456579	-306209.44710701	-190702758.09314880	-238546341.50782871	-208253874.02916732	  -3240.80886104	    -75.45696774	    -56.58326952	   -261.17570980	  -5487.50458094	-251481.82814706	-60136659.65253371	-2922166.46587321	-107637.95185892	-131248.32057315	-1478825.32099650	-12963498.49679663	    -59.27351867	-690816403.49451327	  -1614.68897199	-22655462.74963257	-1094937.98082051	   -892.99762394	   -616.30703199	-576536.61942980	      0.00000000	      0.00000000	      0.00000000	    -20.12366215	    -22.94440486	-58423815.42775765	-6120895.27451253	-6512688.15835670	      0.00000000	-430895.09604306	-5225077.26043082	   -618.65839685	    -49.93394765	 -97722.29388951	 -83346.52486416	 -55570.42496014	-307043.95028225	-443012824.57362270	-603402327.58853519	-691872397.41426933	  -3432.84944188	    -71.71772248	    -52.83635974	   -279.16874193	  -5589.79737275	-255910.07810991	-62577874.91710874	    -48.94929268	-106044.40248541	-128205.20795105	-1478898.27176714	-2095944.26649363	    -62.17828501	-560272219.16890931	  -1718.51921906	-43612915.76680321	-1094016.95962857	      0.00000000	   -564.56532668	-573404.32135251	      0.00000000	      0.00000000	      0.00000000
      1.55000000	-4268009.84753353	-926751.49031446	-18665680.59820314	-629285.73942833	-172902.61501787	      0.00000000	      0.00000000	-5857191.18651306	   -675.29242977	    -54.86625617	 -99795.45963812	 -86086.09726091	 -55390.78456579	-306209.44710701	-184474977.88482627	-229786175.17696860	-199234013.68481487	  -3240.80886104	    -75.45696774	    -56.58326952	   -261.17570980	  -5487.50458094	-251481.82814706	-60341082.22218401	-3157592.68148443	-107637.95185892	-131248.32057315	-1478825.32099650	-13362111.49004289	    -59.27351867	-692799951.95797610	  -1614.68897199	-22276540.39113033	-1094937.98082051	  -1177.43788991	   -616.30703199	-576536.61942980	      0.00000000	      0.00000000	      0.00000000	    -20.12366215	    -22.94440486	-58272261.11371795	-6059104.96853671	-6423778.69224789	      0.00000000	-501354.78990937	-5613247.35620821	   -618.65839685	    -49.93394765	 -97722.29388951	 -83346.52486416	 -55570.42496014	-307043.95028225	-445927504.99104959	-607095166.45324206	-694326895.91276431	  -3432.84944188	    -71.71772248	    -52.83635974	   -279.16874193	  -5589.79737275	-255910.07810991	-63552429.16937529	    -48.94929268	-106044.40248541	-128205.20795105	-1478898.27176714	-2083354.32463284	    -62.17828501	-563926593.80695319	  -1718.51921906	-44796478.21465032	-1094016.95962857	      0.00000000	   -564.56532668	-573404.32135251	      0.00000000	      0.00000000	      0.00000000
      1.56000000	-4709186.46166892	-1036225.99103854	-18312376.00498861	-588636.69456658	-185029.19170979	      0.00000000	      0.00000000	-5835153.53766482	   -675.29242977	    -54.86625617	 -99795.45963812	 -86086.09726091	 -55390.78456579	-306209.44710701	-178796803.91952926	-221828764.83834800	-191160565.21419331	  -3240.80886104	    -75.45696774	    -56.58326952	   -261.17570980	  -5487.50458094	-251481.82814706	-60494056.14123881	-3382031.23513134	-107637.95185892	-131248.32057315	-1478825.32099650	-13733733.05285488	    -59.27351867	-694418287.98675454	  -1614.68897199	-21896230.23649686	-1094937.98082051	  -1496.94795762	   -616.30703199	-576536.61942980	      0.00000000	      0.00000000	      0.00000000	    -20.12366215	    -22.94440486	-58293226.02841958	-6019602.91212060	-6409026.53689402	      0.00000000	-563236.48766186	-5909329.23058596	   -618.65839685	    -49.93394765	 -97722.29388951	 -83346.52486416	 -55570.42496014	-307043.95028225	-449472656.21491939	-611775904.50032294	-698384788.54539764	  -3432.84944188	    -71.71772248	    -52.83635974	   -279.16874193	  -5589.79737275	-255910.07810991	-64298844.55906875	    -48.94929268	-106044.40248541	-128205.20795105	-1478898.27176714	-2057704.36122909	    -62.17828501	-566417057.87308645	  -1718.51921906	-45738451.50744758	-1094016.95962857	      0.00000000	   -564.56532668	-573404.32135251	      0.00000000	      0.00000000	      0.00000000
      1.57000000	-5191083.97641183	-1153300.41905474	-18005885.93132803	-552760.60783503	-204041.66641180	      0.00000000	      0.00000000	-5792015.52994858	   -675.29242977	    -54.86625617	 -99795.45963812	 -86086.09726091	 -55390.78456579	-306209.44710701	-172870226.35140368	-213790996.58357489	-183410334.08436787	  -3240.80886104	    -75.45696774	    -56.58326952	   -261.17570980	  -5487.50458094	-251481.82814706	-60607465.65435951	-3613865.53835366	-107637.95185892	-131248.32057315	-1478825.32099650	-14103863.06526635	    -59.27351867	-695733876.56674254	  -1614.68897199	-21494222.26606825	-1094937.98082051	  -1881.06102023	   -616.30703199	-576536.61942980	      0.00000000	      0.00000000	      0.00000000	    -20.12366215	    -22.94440486	-58369566.75034864	-5990824.87084666	-6424108.00580427	      0.00000000	-608903.19903699	-6104589.95101346	   -618.65839685	    -49.93394765	 -97722.29388951	 -83346.52486416	 -55570.42496014	-307043.95028225	-452882831.75355422	-616372564.96563876	-702638152.10954034	  -3432.84944188	    -71.71772248	    -52.83635974	   -279.16874193	  -5589.79737275	-255910.07810991	-64792255.79748634	    -48.94929268	-106044.40248541	-128205.20795105	-1478898.27176714	-2031050.38577011	    -62.17828501	-568030183.34696126	  -1718.51921906	-46374552.82404196	-1094016.95962857	      0.00000000	   -564.56532668	-573404.32135251	      0.00000000	      0.00000000	      0.00000000
      1.58000000	-5691619.95817248	-1270976.98243283	-17803262.20603523	-525368.07651732	-235498.78122194	      0.00000000	      0.00000000	-5723153.41648006	   -675.29242977	    -54.86625617	 -99795.45963812	 -86086.09726091	 -55390.78456579	-306209.44710701	-167573689.22786599	-206768794.67513081	-177093742.59364173	  -3240.80886104	    -75.45696774	    -56.58326952	   -261.17570980	  -5487.50458094	-251481.82814706	-60680706.99447908	-3820943.22781900	-107637.95185892	-131248.32057315	-1478825.32099650	-14435648.67863774	    -59.27351867	-696551674.90742934	  -1614.68897199	-21096016.93141028	-1094937.98082051	  -2276.74913663	   -616.30703199	-576536.61942980	      0.00000000	      0.00000000	      0.00000000	    -20.12366215	    -22.94440486	-58569415.88870621	-5997530.81897512	-6432219.97840313	      0.00000000	-638009.29446794	-6180658.35187141	   -618.65839685	    -49.93394765	 -97722.29388951	 -83346.52486416	 -55570.42496014	-307043.95028225	-457037265.89189231	-621728775.59635711	-707708907.11761904	  -3432.84944188	    -71.71772248	    -52.83635974	   -279.16874193	  -5589.79737275	-255910.07810991	-64977103.22919203	    -48.94929268	-106044.40248541	-128205.20795105	-1478898.27176714	-1977310.14572933	    -62.17828501	-568281310.67316353	  -1661.42352268	-46728563.85499389	-1094016.95962857	      0.00000000	   -564.56532668	-573404.32135251	      0.00000000	      0.00000000	      0.00000000
      1.59000000	-6211493.75482109	-1388647.57211385	-17692494.52263374	-505510.30655426	-280200.68322567	      0.00000000	      0.00000000	-5629870.39368435	   -675.29242977	    -54.86625617	 -99795.45963812	 -86086.09726091	 -55390.78456579	-306209.44710701	-162660181.23675546	-200505839.33513600	-171976332.03292274	  -3240.80886104	    -75.45696774	    -56.58326952	   -261.17570980	  -5487.50458094	-251481.82814706	-60703687.94454703	-4005635.17422150	-107637.95185892	-131248.32057315	-1478825.32099650	-14729542.60494871	    -59.27351867	-696886158.77923179	  -1614.68897199	-20699521.20037522	-1094937.98082051	  -2667.84743493	   -616.30703199	-576536.61942980	      0.00000000	      0.00000000	      0.00000000	    -20.12366215	    -22.94440486	-58866551.80248059	-6036177.66921339	-6421704.40855190	      0.00000000	-649562.19951248	-6141788.28342098	   -618.65839685	    -49.93394765	 -97722.29388951	 -83346.52486416	 -55570.42496014	-307043.95028225	-461817300.36252910	-627637382.08555675	-713292628.08828473	  -3432.84944188	    -71.71772248	    -52.83635974	   -279.16874193	  -5589.79737275	-255910.07810991	-64862754.39158829	    -48.94929268	-106044.40248541	-128205.20795105	-1478898.27176714	-1899528.69482195	    -62.17828501	-567299174.28667879	  -1600.75593812	-46806409.45686518	-1094016.95962857	      0.00000000	   -564.56532668	-573404.32135251	      0.00000000	      0.00000000	      0.00000000
      1.60000000	-6748848.61172816	-1507897.40397053	-17656043.47938213	-490542.76943112	-339353.11531992	      0.00000000	      0.00000000	-5523789.99985759	   -675.29242977	    -54.86625617	 -99795.45963812	 -86086.09726091	 -55390.78456579	-306209.44710701	-158564605.30590713	-195282427.91595188	-168037834.99842411	  -3240.80886104	    -75.45696774	    -56.58326952	   -261.17570980	  -5487.50458094	-251481.82814706	-60722158.82120454	-4163507.28322279	-107637.95185892	-131248.32057315	-1478825.32099650	-14994527.04247687	    -59.27351867	-696922969.81084168	  -1614.68897199	-20315215.11764333	-1094937.98082051	  -3023.33087900	   -616.30703199	-576536.61942980	      0.00000000	      0.00000000	      0.00000000	    -20.12366215	    -22.94440486	-59148443.11024081	-6083670.35231250	-6364713.38322786	      0.00000000	-644995.03574173	-6017861.59781083	   -618.65839685	    -49.93394765	 -97722.29388951	 -83346.52486416	 -55570.42496014	-307043.95028225	-466968012.52433056	-633762538.67344666	-718700642.68632448	  -3432.84944188	    -71.71772248	    -52.83635974	   -279.16874193	  -5589.79737275	-255910.07810991	-64498457.66854928	    -48.94929268	-106044.40248541	-128205.20795105	-1478898.27176714	-1811671.20988692	    -62.17828501	-565630327.42556548	  -1689.96100412	-46637476.92706469	-1094016.95962857	      0.00000000	   -564.56532668	-573404.32135251	      0.00000000	      0.00000000	      0.00000000
      1.61000000	-7347406.12335697	-1626363.77746148	-17792820.28353063	-489880.34147553	-433058.60891852	      0.00000000	      0.00000000	-5355219.70737846	   -675.29242977	    -54.86625617	 -99795.45963812	 -86086.09726091	 -55390.78456579	-306209.44710701	-153854233.69331753	-190280832.31375727	-165679718.71315917	  -3240.80886104	    -75.45696774	    -56.58326952	   -261.17570980	  -5487.50458094	-251481.82814706	-60565535.16357311	-4289340.93183983	-107637.95185892	-131248.32057315	-1478825.32099650	-15183907.33501557	    -59.27351867	-695839262.27638853	  -1614.68897199	-19893935.91209137	-1094937.98082051	  -3297.13557355	   -616.30703199	-576536.61942980	      0.00000000	      0.00000000	      0.00000000	    -20.12366215	    -22.94440486	-59600781.78759579	-6190118.09141787	-6282812.33775376	      0.00000000	-622308.78340388	-5766620.54638017	   -618.65839685	    -49.93394765	 -97722.29388951	 -83346.52486416	 -55570.42496014	-307043.95028225	-472765036.29989278	-640219826.79295826	-724457331.47281086	  -3432.84944188	    -71.71772248	    -52.83635974	   -279.16874193	  -5589.79737275	-255910.07810991	-63776865.46199565	    -48.94929268	-106044.40248541	-128205.20795105	-1478898.27176714	-1689523.32747721	    -62.17828501	-562052853.54862225	  -1718.51921906	-46197803.31752657	-1094016.95962857	      0.00000000	   -564.56532668	-573404.32135251	      0.00000000	      0.00000000	      0.00000000
      1.62000000	-7920414.73066713	-1739329.40012475	-17942922.86220915	-490325.46645434	-534187.76943958	      0.00000000	      0.00000000	-5177989.45369516	   -675.29242977	    -54.86625617	 -99795.45963812	 -86086.09726091	 -55390.78456579	-306209.44710701	-149915556.57032445	-186104259.84536400	-163904875.59040028	  -3240.80886104	    -75.45696774	    -56.58326952	   -261.17570980	  -5487.50458094	-251481.82814706	-60373515.71852715	-4395746.36846672	-107637.95185892	-131248.32057315	-1478825.32099650	-15351545.03517116	    -59.27351867	-694570478.92658067	  -1614.68897199	-19468643.93448747	-1094937.98082051	  -3573.94057129	   -616.30703199	-576536.61942980	      0.00000000	      0.00000000	      0.00000000	    -20.12366215	    -22.94440486	-60024771.12144589	-6288636.09373918	-6215752.75572754	      0.00000000	-589693.10351975	-5478172.48057211	   -618.65839685	    -49.93394765	 -97722.29388951	 -83346.52486416	 -55570.42496014	-307043.95028225	-478101744.50148499	-646160236.79868436	-729766691.87521791	  -3432.84944188	    -71.71772248	    -52.83635974	   -279.16874193	  -5589.79737275	-255910.07810991	-62948269.69042071	    -48.94929268	-106044.40248541	-128205.20795105	-1478898.27176714	-1581523.06185690	    -62.17828501	-558280308.02108109	  -1718.51921906	-45594425.10301913	-1094016.95962857	      0.00000000	   -564.56532668	-573404.32135251	      0.00000000	      0.00000000	      0.00000000
      1.63000000	-8487530.42676637	-1844400.05359796	-18193067.60836852	-498483.85820951	-660257.22703111	      0.00000000	      0.00000000	-4968115.19533482	   -675.29242977	    -54.86625617	 -99795.45963812	 -86086.09726091	 -55390.78456579	-306209.44710701	-146642095.63497177	-183014387.88428649	-163571409.64697954	  -3240.80886104	    -75.45696774	    -56.58326952	   -261.17570980	  -5487.50458094	-251481.82814706	-60084969.76582605	-4460274.85398956	-107637.95185892	-131248.32057315	-1478825.32099650	-15459460.02527734	    -59.27351867	-692630059.40351689	  -1614.68897199	-19030558.87908599	-1094937.98082051	  -3770.73135732	   -616.30703199	-576536.61942980	      0.00000000	      0.00000000	      0.00000000	    -20.12366215	    -22.94440486	-60411311.57785141	-6386081.40876681	-6130553.39321625	      0.00000000	-549903.56222032	-5160093.62204621	   -618.65839685	    -49.93394765	 -97722.29388951	 -83346.52486416	 -55570.42496014	-307043.95028225	-483248607.51854700	-651749366.82244432	-734525185.37772596	  -3432.84944188	    -71.71772248	    -52.83635974	   -279.16874193	  -5589.79737275	-255910.07810991	-61997702.98463447	    -48.94929268	-106044.40248541	-128205.20795105	-1478898.27176714	-1479122.61073999	    -62.17828501	-554151026.25327253	  -1718.51921906	-44864175.94490977	-1094016.95962857	      0.00000000	   -564.56532668	-573404.32135251	      0.00000000	      0.00000000	      0.00000000
      1.64000000	-9037255.60567893	-1939515.13880004	-18524342.65121403	-513602.54477159	-809168.58784972	      0.00000000	      0.00000000	-4725348.87122139	   -675.29242977	    -54.86625617	 -99795.45963812	 -86086.09726091	 -55390.78456579	-306209.44710701	-143832068.23296970	-180764687.16541624	-164387833.41843638	  -3240.80886104	    -75.45696774	    -56.58326952	   -261.17570980	  -5487.50458094	-251481.82814706	-59678285.27184627	-4489871.54282734	-107637.95185892	-131248.32057315	-1478825.32099650	-15512328.44911155	    -59.27351867	-690003601.88327408	  -1614.68897199	-18569003.13882789	-1094937.98082051	  -3912.69929244	   -616.30703199	-576536.61942980	      0.00000000	      0.00000000	      0.00000000	    -20.12366215	    -22.94440486	-60710337.42850012	-6468510.21933871	-6033282.08961015	      0.00000000	-505631.65289745	-4835840.08150517	   -618.65839685	    -49.93394765	 -97722.29388951	 -83346.52486416	 -55570.42496014	-307043.95028225	-487782648.04588372	-656569218.51924610	-738353724.21683800	  -3432.84944188	    -71.71772248	    -52.83635974	   -279.16874193	  -5589.79737275	-255910.07810991	-60990920.08780641	    -48.94929268	-106044.40248541	-128205.20795105	-1478898.27176714	-1392410.96432700	    -62.17828501	-550060716.37657237	  -1718.51921906	-44044676.65040404	-1094016.95962857	      0.00000000	   -564.56532668	-573404.32135251	      0.00000000	      0.00000000	      0.00000000
      1.65000000	-9505585.54451078	-2005680.87169613	-19028099.35811772	-543656.21429087	-992947.84456464	      0.00000000	      0.00000000	-4444344.46884167	   -675.29242977	    -54.86625617	 -99795.45963812	 -86086.09726091	 -55390.78456579	-306209.44710701	-142439403.02551934	-180708901.02933788	-167916670.16972211	  -3240.80886104	    -75.45696774	    -56.58326952	   -261.17570980	  -5487.50458094	-251481.82814706	-59122910.47227199	-4434278.12972678	-107637.95185892	-131248.32057315	-1478825.32099650	-15442818.98559391	    -59.27351867	-686275358.23331034	  -1614.68897199	-18124992.61486104	-1094937.98082051	  -3848.78733644	   -616.30703199	-576536.61942980	      0.00000000	      0.00000000	      0.00000000	    -20.12366215	    -22.94440486	-60978041.27881629	-6546648.06486856	-5902999.54272088	      0.00000000	-464930.36278800	-4524611.34442293	   -618.65839685	    -49.93394765	 -97722.29388951	 -83346.52486416	 -55570.42496014	-307043.95028225	-492963361.18003815	-662064072.43212473	-742423626.68193722	  -3432.84944188	    -71.71772248	    -52.83635974	   -279.16874193	  -5589.79737275	-255910.07810991	-59965531.67878950	    -48.94929268	-106044.40248541	-128205.20795105	-1478898.27176714	-1301983.10841020	    -62.17828501	-545932477.79153633	  -1718.51921906	-43249150.32400589	-1094016.95962857	      0.00000000	   -564.56532668	-573404.32135251	      0.00000000	      0.00000000	      0.00000000
      1.66000000	-10011961.07101589	-2074627.47022735	-19604386.52401741	-579637.58912652	-1215034.58570981	      0.00000000	      0.00000000	-4129084.20050256	   -675.29242977	    -54.86625617	 -99795.45963812	 -86086.09726091	 -55390.78456579	-306209.44710701	-141033556.93875334	-180839659.63917932	-172040142.74330169	  -3240.80886104	    -75.45696774	    -56.58326952	   -261.17570980	  -5487.50458094	-251481.82814706	-58454444.11371218	-4367043.84080274	-107637.95185892	-131248.32057315	-1478825.32099650	-15353203.16173773	    -59.27351867	-681831261.42136610	  -1614.68897199	-17625124.20839370	-1094937.98082051	  -3765.11135767	   -616.30703199	-576536.61942980	      0.00000000	      0.00000000	      0.00000000	    -20.12366215	    -22.94440486	-60899652.01156583	-6564427.79599871	-5699958.16689922	      0.00000000	-417746.41654179	-4235943.17398349	   -618.65839685	    -49.93394765	 -97722.29388951	 -83346.52486416	 -55570.42496014	-307043.95028225	-496223883.99177521	-665164212.53620410	-743374310.92043853	  -3432.84944188	    -71.71772248	    -52.83635974	   -279.16874193	  -5589.79737275	-255910.07810991	-58926998.65070896	    -48.94929268	-106044.40248541	-128205.20795105	-1478898.27176714	-1252573.13664742	    -62.17828501	-542852922.68354285	  -1718.51921906	-42340131.71352348	-1094016.95962857	      0.00000000	   -564.56532668	-573404.32135251	      0.00000000	      0.00000000	      0.00000000
      1.67000000	-10417660.36643699	-2109264.50514027	-20393524.71164264	-635350.98602514	-1488564.70336037	      0.00000000	      0.00000000	-3770833.78797128	   -675.29242977	    -54.86625617	 -99795.45963812	 -86086.09726091	 -55390.78456579	-306209.44710701	-141298778.59811997	-183499057.09436366	-179347882.35857630	  -3240.80886104	    -75.45696774	    -56.58326952	   -261.17570980	  -5487.50458094	-251481.82814706	-57607233.68706490	-4207503.10708304	-107637.95185892	-131248.32057315	-1478825.32099650	-15130902.74802672	    -59.27351867	-675975610.90447807	  -1614.68897199	-17134746.88855638	-1094937.98082051	  -3457.71844686	   -616.30703199	-576536.61942980	      0.00000000	      0.00000000	      0.00000000	    -20.12366215	    -22.94440486	-60649951.43507402	-6554920.96785003	-5420444.50266719	      0.00000000	-374471.26794898	-3977826.05784824	   -618.65839685	    -49.93394765	 -97722.29388951	 -83346.52486416	 -55570.42496014	-307043.95028225	-499742263.49352539	-668388072.36747038	-743554652.47396600	  -3432.84944188	    -71.71772248	    -52.83635974	   -279.16874193	  -5589.79737275	-255910.07810991	-57898356.32247496	    -48.94929268	-106044.40248541	-128205.20795105	-1478898.27176714	-1207613.49298318	    -62.17828501	-540305515.22381723	  -1718.51921906	-41465078.42345041	-1094016.95962857	      0.00000000	   -564.56532668	-573404.32135251	      0.00000000	      0.00000000	      0.00000000
