TendonPower
version=1
nRows=117
nColumns=81
inDegrees=no

This analysis gathers basic information about muscles during a simulation (e.g., forces, tendon lengths, moment arms, etc).
Units are S.I. units (second, meters, Newtons, ...)
If the header above contains a line with 'inDegrees', this indicates whether rotational values are in degrees (yes) or radians (no).

endheader
time	addbrev_r	addlong_r	addmagDist_r	addmagIsch_r	addmagMid_r	addmagProx_r	bflh_r	bfsh_r	edl_r	ehl_r	fdl_r	fhl_r	gaslat_r	gasmed_r	glmax1_r	glmax2_r	glmax3_r	glmed1_r	glmed2_r	glmed3_r	glmin1_r	glmin2_r	glmin3_r	grac_r	iliacus_r	perbrev_r	perlong_r	piri_r	psoas_r	recfem_r	sart_r	semimem_r	semiten_r	soleus_r	tfl_r	tibant_r	tibpost_r	vasint_r	vaslat_r	vasmed_r	addbrev_l	addlong_l	addmagDist_l	addmagIsch_l	addmagMid_l	addmagProx_l	bflh_l	bfsh_l	edl_l	ehl_l	fdl_l	fhl_l	gaslat_l	gasmed_l	glmax1_l	glmax2_l	glmax3_l	glmed1_l	glmed2_l	glmed3_l	glmin1_l	glmin2_l	glmin3_l	grac_l	iliacus_l	perbrev_l	perlong_l	piri_l	psoas_l	recfem_l	sart_l	semimem_l	semiten_l	soleus_l	tfl_l	tibant_l	tibpost_l	vasint_l	vaslat_l	vasmed_l
      0.21000000	  79184.50013106	     -0.00000000	62120779.90335473	6711489.32280219	10025770.79560960	     -0.00000000	 650062.69183446	6906712.14142998	     -0.00000000	     -0.00000000	     -0.00000000	     -0.00000000	     -0.00000000	     -0.00000000	374217083.25998199	524945874.75915587	638023218.38724649	     -0.00000000	     -0.00000000	     -0.00000000	     -0.00000000	     -0.00000000	     -0.00000000	70871954.72781283	     -0.00000000	     -0.00000000	     -0.00000000	     -0.00000000	1563908.00002595	     -0.00000000	564744021.45284879	   -360.37740617	49602421.52050823	     -0.00000000	     -0.00000000	     -0.00000000	     -0.00000000	     -0.00000000	     -0.00000000	     -0.00000000	5851932.39687318	1501481.25813833	19891126.15195952	 569925.52084948	 786401.52779187	     -0.00000000	     -0.00000000	6583017.56969441	     -0.00000000	     -0.00000000	     -0.00000000	     -0.00000000	     -0.00000000	     -0.00000000	182265007.67334008	219512804.76941013	191707215.55849147	     -0.00000000	     -0.00000000	     -0.00000000	     -0.00000000	     -0.00000000	     -0.00000000	66548281.63929717	2255913.08204803	     -0.00000000	     -0.00000000	     -0.00000000	11936982.67680301	     -0.00000000	703516908.64084744	     -0.00000000	23695366.32072160	     -0.00000000	    432.40949925	     -0.00000000	     -0.00000000	     -0.00000000	     -0.00000000	     -0.00000000
      0.22000000	  43008.21024684	     -0.00000000	62299920.55695954	6756276.53475928	9909594.90890349	     -0.00000000	 686731.91998938	7007953.01964356	     -0.00000000	     -0.00000000	     -0.00000000	     -0.00000000	     -0.00000000	     -0.00000000	377953916.23377788	529325378.36682832	641701797.70239902	     -0.00000000	     -0.00000000	     -0.00000000	     -0.00000000	     -0.00000000	     -0.00000000	71038675.24744885	     -0.00000000	     -0.00000000	     -0.00000000	     -0.00000000	1497811.25669717	     -0.00000000	564260529.17288041	   -231.78935053	50106484.78923680	     -0.00000000	     -0.00000000	     -0.00000000	     -0.00000000	     -0.00000000	     -0.00000000	     -0.00000000	6428656.04775427	1633492.50226647	20054446.69298460	 566515.16132844	 936411.09026171	     -0.00000000	     -0.00000000	6547445.16636365	     -0.00000000	     -0.00000000	     -0.00000000	     -0.00000000	     -0.00000000	     -0.00000000	180105384.44194418	216798463.30016428	190757512.49924392	     -0.00000000	     -0.00000000	     -0.00000000	     -0.00000000	     -0.00000000	     -0.00000000	66901076.30975845	2321663.37175869	     -0.00000000	     -0.00000000	     -0.00000000	12115856.96622762	     -0.00000000	703690250.44014120	     -0.00000000	23544537.33560489	     -0.00000000	    437.22559201	     -0.00000000	     -0.00000000	     -0.00000000	     -0.00000000	     -0.00000000
      0.23000000	  12255.70331971	     -0.00000000	62042000.12194724	6746280.70988387	9533685.37679706	     -0.00000000	 697614.41080828	7037111.04982216	     -0.00000000	     -0.00000000	     -0.00000000	     -0.00000000	     -0.00000000	     -0.00000000	381128287.60319436	532629396.13194233	642481152.41239977	     -0.00000000	     -0.00000000	     -0.00000000	     -0.00000000	     -0.00000000	     -0.00000000	70851757.65697831	     -0.00000000	     -0.00000000	     -0.00000000	     -0.00000000	1445842.27952345	     -0.00000000	564247746.36914742	   -149.69075199	50230948.89889991	     -0.00000000	     -0.00000000	     -0.00000000	     -0.00000000	     -0.00000000	     -0.00000000	     -0.00000000	7183210.80531321	1798913.70717421	20333291.50099851	 568252.76143083	1158045.62267380	     -0.00000000	     -0.00000000	6473781.71266620	     -0.00000000	     -0.00000000	     -0.00000000	     -0.00000000	     -0.00000000	     -0.00000000	177196679.47006688	213534599.32242709	190271565.15026513	     -0.00000000	     -0.00000000	     -0.00000000	     -0.00000000	     -0.00000000	     -0.00000000	67264421.05991204	2391101.84743553	     -0.00000000	     -0.00000000	     -0.00000000	12310976.87344962	     -0.00000000	703481863.96137798	     -0.00000000	23338122.96148340	     -0.00000000	    429.94381413	     -0.00000000	     -0.00000000	     -0.00000000	     -0.00000000	     -0.00000000
      0.24000000	    451.72709793	     -0.00000000	61927805.79079898	6764186.76990527	9144882.34480008	     -0.00000000	 700980.43568430	6983870.02432499	     -0.00000000	     -0.00000000	     -0.00000000	     -0.00000000	     -0.00000000	     -0.00000000	386211338.70559365	538201354.73861587	645393018.84281564	     -0.00000000	     -0.00000000	     -0.00000000	     -0.00000000	     -0.00000000	     -0.00000000	70453105.64257742	     -0.00000000	     -0.00000000	     -0.00000000	     -0.00000000	1362899.49738379	     -0.00000000	563363516.17764771	   -137.14540939	50204414.19904812	     -0.00000000	     -0.00000000	     -0.00000000	     -0.00000000	     -0.00000000	     -0.00000000	     -0.00000000	7863139.39731458	1939971.19536427	20676877.41740426	 577265.78832497	1393268.21629813	     -0.00000000	     -0.00000000	6376626.31449144	     -0.00000000	     -0.00000000	     -0.00000000	     -0.00000000	     -0.00000000	     -0.00000000	174853204.57126585	211312755.51462862	191024351.36191317	     -0.00000000	     -0.00000000	     -0.00000000	     -0.00000000	     -0.00000000	     -0.00000000	67504481.95544903	2427989.46070502	     -0.00000000	     -0.00000000	     -0.00000000	12439825.70377641	     -0.00000000	702793416.57390118	     -0.00000000	23145137.96878261	     -0.00000000	    403.16957888	     -0.00000000	     -0.00000000	     -0.00000000	     -0.00000000	     -0.00000000
      0.25000000	     -0.00000000	     -0.00000000	61501147.75358536	6751207.22316931	8566408.48641268	     -0.00000000	 686031.62036936	6880090.74882191	     -0.00000000	     -0.00000000	     -0.00000000	     -0.00000000	     -0.00000000	     -0.00000000	391000238.52954650	543044547.33494842	646085277.98897958	     -0.00000000	     -0.00000000	     -0.00000000	     -0.00000000	     -0.00000000	     -0.00000000	69804244.36705710	     -0.00000000	     -0.00000000	     -0.00000000	     -0.00000000	1286860.45992674	     -0.00000000	562663662.01518214	   -242.53910810	49923656.28092260	     -0.00000000	     -0.00000000	     -0.00000000	     -0.00000000	     -0.00000000	     -0.00000000	     -0.00000000	8680597.54311750	2101271.94998718	21135410.09661783	 592847.71346061	1705278.83096800	     -0.00000000	     -0.00000000	6249344.45243336	     -0.00000000	     -0.00000000	     -0.00000000	     -0.00000000	     -0.00000000	     -0.00000000	171720741.79628578	208601680.86175314	192318934.80333400	     -0.00000000	     -0.00000000	     -0.00000000	     -0.00000000	     -0.00000000	     -0.00000000	67717270.85675639	2461250.20335917	     -0.00000000	     -0.00000000	     -0.00000000	12564446.97452273	     -0.00000000	701666210.40094495	     -0.00000000	22923799.97561647	     -0.00000000	    356.97157520	     -0.00000000	     -0.00000000	     -0.00000000	     -0.00000000	     -0.00000000
      0.26000000	     -0.00000000	     -0.00000000	60999676.23442949	6728285.66705250	7947267.35136606	     -0.00000000	 659533.92547426	6723675.45652585	     -0.00000000	     -0.00000000	     -0.00000000	     -0.00000000	     -0.00000000	     -0.00000000	396037938.66294539	548083070.98469591	646511914.27582395	     -0.00000000	     -0.00000000	     -0.00000000	     -0.00000000	     -0.00000000	     -0.00000000	68979410.34634556	     -0.00000000	     -0.00000000	     -0.00000000	     -0.00000000	1210657.27488327	     -0.00000000	561816873.06742311	   -337.75724748	49455186.23121683	     -0.00000000	     -0.00000000	     -0.00000000	     -0.00000000	     -0.00000000	     -0.00000000	     -0.00000000	9477251.87856324	2251632.80416817	21634918.84744877	 612788.20821884	2043841.64614102	     -0.00000000	     -0.00000000	6088339.84471054	     -0.00000000	     -0.00000000	     -0.00000000	     -0.00000000	     -0.00000000	     -0.00000000	168718212.64323983	206264571.89941457	194182081.19501191	     -0.00000000	     -0.00000000	     -0.00000000	     -0.00000000	     -0.00000000	     -0.00000000	67806245.07880290	2478854.80171963	     -0.00000000	     -0.00000000	     -0.00000000	12655702.70699226	     -0.00000000	700101886.26840186	     -0.00000000	22662161.27200965	     -0.00000000	    314.05084437	     -0.00000000	     -0.00000000	     -0.00000000	     -0.00000000	     -0.00000000
      0.27000000	     -0.00000000	     -0.00000000	60406505.97791945	6696588.68999802	7282065.51401184	     -0.00000000	 624304.73609039	6529111.43828836	     -0.00000000	     -0.00000000	     -0.00000000	     -0.00000000	     -0.00000000	     -0.00000000	401232579.55081475	553164818.83188379	646416973.24992275	     -0.00000000	     -0.00000000	     -0.00000000	     -0.00000000	     -0.00000000	     -0.00000000	68006447.79367082	     -0.00000000	     -0.00000000	     -0.00000000	     -0.00000000	1134810.82386418	     -0.00000000	560827785.57711971	   -291.41207623	48840626.78792740	     -0.00000000	     -0.00000000	     -0.00000000	     -0.00000000	     -0.00000000	     -0.00000000	     -0.00000000	10260967.32751981	2390038.62075961	22187679.38944262	 638246.52658209	2414137.66336318	     -0.00000000	     -0.00000000	5891884.08320525	     -0.00000000	     -0.00000000	     -0.00000000	     -0.00000000	     -0.00000000	     -0.00000000	165503920.01890606	203999737.82906008	196534876.84624839	     -0.00000000	     -0.00000000	     -0.00000000	     -0.00000000	     -0.00000000	     -0.00000000	67751972.51676473	2482585.47223903	     -0.00000000	     -0.00000000	     -0.00000000	12712880.87213933	     -0.00000000	698018071.83979702	     -0.00000000	22358311.48870344	     -0.00000000	    270.91998473	     -0.00000000	     -0.00000000	     -0.00000000	     -0.00000000	     -0.00000000
      0.28000000	     -0.00000000	     -0.00000000	59685099.75243567	6642416.61053208	6600903.56299741	     -0.00000000	 581020.86125450	6312133.96255409	     -0.00000000	     -0.00000000	     -0.00000000	     -0.00000000	     -0.00000000	     -0.00000000	405880203.17035538	557512531.58843315	645227520.72814655	     -0.00000000	     -0.00000000	     -0.00000000	     -0.00000000	     -0.00000000	     -0.00000000	66930301.72390164	     -0.00000000	     -0.00000000	     -0.00000000	     -0.00000000	1071394.52932166	     -0.00000000	560002662.67008102	    -50.12045955	48084898.96609567	     -0.00000000	     -0.00000000	     -0.00000000	     -0.00000000	     -0.00000000	     -0.00000000	     -0.00000000	10968246.10373330	2503090.46632041	22793364.93800971	 670387.26691553	2800600.85630367	     -0.00000000	     -0.00000000	5643286.98929323	     -0.00000000	     -0.00000000	     -0.00000000	     -0.00000000	     -0.00000000	     -0.00000000	162540341.32223508	202332353.82000169	199709265.96042556	     -0.00000000	     -0.00000000	     -0.00000000	     -0.00000000	     -0.00000000	     -0.00000000	67484931.77471173	2462319.09117273	     -0.00000000	     -0.00000000	     -0.00000000	12717761.69779248	     -0.00000000	695207635.17229080	     -0.00000000	21984144.93246276	     -0.00000000	    232.64957275	     -0.00000000	     -0.00000000	     -0.00000000	     -0.00000000	     -0.00000000
      0.29000000	     -0.00000000	     -0.00000000	58829609.82718796	6561663.25225713	5920567.11066637	     -0.00000000	 531386.07461975	6082084.85642406	     -0.00000000	     -0.00000000	     -0.00000000	     -0.00000000	     -0.00000000	     -0.00000000	409730299.87917531	560856162.42325556	642783495.29624856	     -0.00000000	     -0.00000000	     -0.00000000	     -0.00000000	     -0.00000000	     -0.00000000	65779550.42209004	     -0.00000000	     -0.00000000	     -0.00000000	     -0.00000000	1023800.55311842	     -0.00000000	559455358.92880952	     -0.00000000	47205077.61547848	     -0.00000000	     -0.00000000	     -0.00000000	     -0.00000000	     -0.00000000	     -0.00000000	     -0.00000000	11567862.74536979	2588737.04535057	23404239.12485524	 706133.56197323	3176654.82289446	     -0.00000000	     -0.00000000	5347995.19706238	     -0.00000000	     -0.00000000	     -0.00000000	     -0.00000000	     -0.00000000	     -0.00000000	159995800.97508803	201254746.67418548	203328891.13371298	     -0.00000000	     -0.00000000	     -0.00000000	     -0.00000000	     -0.00000000	     -0.00000000	67001786.12947573	2425319.33574480	     -0.00000000	     -0.00000000	     -0.00000000	12682595.92656385	     -0.00000000	691757242.02158630	     -0.00000000	21526461.93361730	     -0.00000000	    209.82534915	     -0.00000000	     -0.00000000	     -0.00000000	     -0.00000000	     -0.00000000
      0.30000000	     -0.00000000	     -0.00000000	57881923.06804253	6467631.00469335	5232059.04293572	     -0.00000000	 480827.20231651	5850137.54651907	     -0.00000000	     -0.00000000	     -0.00000000	     -0.00000000	     -0.00000000	     -0.00000000	413401934.70204669	563883750.75133431	639626799.19702530	     -0.00000000	     -0.00000000	     -0.00000000	     -0.00000000	     -0.00000000	     -0.00000000	64579590.42690010	     -0.00000000	     -0.00000000	     -0.00000000	     -0.00000000	 980954.83278942	     -0.00000000	558996051.89506757	     -0.00000000	46278007.05761943	     -0.00000000	     -0.00000000	     -0.00000000	     -0.00000000	     -0.00000000	     -0.00000000	     -0.00000000	12126203.44291713	2644925.99650632	24194415.85395502	 759288.05735317	3619070.81376369	     -0.00000000	     -0.00000000	4993474.01693521	     -0.00000000	     -0.00000000	     -0.00000000	     -0.00000000	     -0.00000000	     -0.00000000	157130611.01718104	200599717.56785160	208594362.72290173	     -0.00000000	     -0.00000000	     -0.00000000	     -0.00000000	     -0.00000000	     -0.00000000	66257324.56028923	2352028.29935146	     -0.00000000	     -0.00000000	     -0.00000000	12565313.13670343	     -0.00000000	687011452.61236811	     -0.00000000	21023772.21812787	     -0.00000000	    163.98771021	     -0.00000000	     -0.00000000	     -0.00000000	     -0.00000000	     -0.00000000
      0.31000000	     -0.00000000	     -0.00000000	56791494.03671558	6335848.76246152	4611058.11281035	     -0.00000000	 424348.43499593	5618089.17560726	     -0.00000000	     -0.00000000	     -0.00000000	     -0.00000000	     -0.00000000	     -0.00000000	414964753.35869169	564478497.22539401	634381830.94573641	     -0.00000000	     -0.00000000	     -0.00000000	     -0.00000000	     -0.00000000	     -0.00000000	63386270.86165985	     -0.00000000	     -0.00000000	     -0.00000000	     -0.00000000	 971414.44204248	     -0.00000000	559163169.47637224	     -0.00000000	45223492.52624636	     -0.00000000	     -0.00000000	     -0.00000000	     -0.00000000	     -0.00000000	     -0.00000000	     -0.00000000	12460142.10971494	2657365.93277285	24926155.70301517	 813561.64564956	3990648.73261214	     -0.00000000	     -0.00000000	4585190.56610211	     -0.00000000	     -0.00000000	     -0.00000000	     -0.00000000	     -0.00000000	     -0.00000000	155566583.27000758	201263601.05398467	214286429.89166960	     -0.00000000	     -0.00000000	     -0.00000000	     -0.00000000	     -0.00000000	     -0.00000000	65224418.88072607	2260639.05896918	     -0.00000000	     -0.00000000	     -0.00000000	12404680.73132792	     -0.00000000	681471531.11330342	     -0.00000000	20394680.75018012	     -0.00000000	    147.47485517	     -0.00000000	     -0.00000000	     -0.00000000	     -0.00000000	     -0.00000000
      0.32000000	     -0.00000000	     -0.00000000	55581344.88321190	6191682.14582254	3917364.46341640	     -0.00000000	 372919.72667799	5393623.28643090	     -0.00000000	     -0.00000000	     -0.00000000	     -0.00000000	     -0.00000000	     -0.00000000	417963345.51043296	566481115.69905460	629320298.66062176	     -0.00000000	     -0.00000000	     -0.00000000	     -0.00000000	     -0.00000000	     -0.00000000	62101883.34300711	     -0.00000000	     -0.00000000	     -0.00000000	     -0.00000000	 946896.57807900	     -0.00000000	559372098.91387200	     -0.00000000	44185680.86436849	     -0.00000000	     -0.00000000	     -0.00000000	     -0.00000000	     -0.00000000	     -0.00000000	     -0.00000000	12782874.29242799	2643942.63847371	26004420.19820128	 898828.46184443	4508227.34743702	     -0.00000000	     -0.00000000	4131071.85924201	     -0.00000000	     -0.00000000	     -0.00000000	     -0.00000000	     -0.00000000	     -0.00000000	154710299.37790021	203759082.17302349	223556283.48349687	     -0.00000000	     -0.00000000	     -0.00000000	     -0.00000000	     -0.00000000	     -0.00000000	64015611.65201561	2108318.91726365	     -0.00000000	     -0.00000000	     -0.00000000	12131318.30882372	     -0.00000000	674164414.98493218	     -0.00000000	19790533.69019676	     -0.00000000	     91.05900804	     -0.00000000	     -0.00000000	     -0.00000000	     -0.00000000	     -0.00000000
      0.33000000	     -0.00000000	     -0.00000000	54225832.26276663	6014383.25293780	3296289.53692240	     -0.00000000	 318289.54220252	5176847.68853386	     -0.00000000	     -0.00000000	     -0.00000000	     -0.00000000	     -0.00000000	     -0.00000000	418742391.80505437	565877603.11191356	621955154.85130501	     -0.00000000	     -0.00000000	     -0.00000000	     -0.00000000	     -0.00000000	     -0.00000000	60854812.88996037	     -0.00000000	     -0.00000000	     -0.00000000	     -0.00000000	 955217.68827004	     -0.00000000	560220298.61142850	     -0.00000000	43053114.56052694	     -0.00000000	     -0.00000000	     -0.00000000	     -0.00000000	     -0.00000000	     -0.00000000	     -0.00000000	12906628.57911470	2592290.21347376	27087783.80917666	 991576.23824615	4983366.11796875	     -0.00000000	     -0.00000000	3637248.26157660	     -0.00000000	     -0.00000000	     -0.00000000	     -0.00000000	     -0.00000000	     -0.00000000	155244202.59480372	207772102.19038934	233782007.30037233	     -0.00000000	     -0.00000000	     -0.00000000	     -0.00000000	     -0.00000000	     -0.00000000	62551985.47930732	1939785.03497595	     -0.00000000	     -0.00000000	     -0.00000000	11815772.87244920	     -0.00000000	665818043.67455649	     -0.00000000	19086186.59685106	     -0.00000000	     55.30563440	     -0.00000000	     -0.00000000	     -0.00000000	     -0.00000000	     -0.00000000
      0.34000000	     -0.00000000	     -0.00000000	52815335.80700856	5824743.09515867	2716165.17500759	     -0.00000000	 267684.23039292	4974260.69736092	     -0.00000000	     -0.00000000	     -0.00000000	     -0.00000000	     -0.00000000	     -0.00000000	419224947.64599025	564837239.30262744	614004475.93233871	     -0.00000000	     -0.00000000	     -0.00000000	     -0.00000000	     -0.00000000	     -0.00000000	59636654.43980969	     -0.00000000	     -0.00000000	     -0.00000000	     -0.00000000	 971253.90469270	     -0.00000000	561339964.24897933	     -0.00000000	41930578.84329713	     -0.00000000	     -0.00000000	     -0.00000000	     -0.00000000	     -0.00000000	     -0.00000000	     -0.00000000	12820603.40953775	2493518.73468108	28331403.51280263	1105621.29895103	5472445.24538947	     -0.00000000	     -0.00000000	3118646.04213963	     -0.00000000	     -0.00000000	     -0.00000000	     -0.00000000	     -0.00000000	     -0.00000000	157780605.50578463	214433493.62446806	246791986.73314252	     -0.00000000	     -0.00000000	     -0.00000000	     -0.00000000	     -0.00000000	     -0.00000000	60885801.27902884	1730457.17686225	     -0.00000000	     -0.00000000	     -0.00000000	11414472.36585985	     -0.00000000	656067146.08070648	     -0.00000000	18366059.43976133	     -0.00000000	     22.20633711	     -0.00000000	     -0.00000000	   1766.35821921	    -14.93215088	     -7.33621292
      0.35000000	     -0.00000000	     -0.00000000	51173425.79510519	5598945.13948044	2156928.22142847	     -0.00000000	 216565.16880912	4788275.85357667	     -0.00000000	     -0.00000000	     -0.00000000	     -0.00000000	     -0.00000000	     -0.00000000	417816050.04711831	561407659.66936839	603320183.34040976	     -0.00000000	     -0.00000000	     -0.00000000	     -0.00000000	     -0.00000000	     -0.00000000	58434516.37751628	     -0.00000000	     -0.00000000	     -0.00000000	     -0.00000000	1015854.13723129	     -0.00000000	563217570.09270442	     -0.00000000	40737115.44008163	     -0.00000000	     -0.00000000	     -0.00000000	     -0.00000000	     -0.00000000	     -0.00000000	     -0.00000000	12676856.65641909	2386271.66019609	29648831.55783804	1231028.17065103	5987001.88469805	     -0.00000000	     -0.00000000	2604924.74640713	     -0.00000000	     -0.00000000	     -0.00000000	     -0.00000000	     -0.00000000	     -0.00000000	161256326.21466547	222170257.51084584	260878501.16342080	     -0.00000000	     -0.00000000	     -0.00000000	     -0.00000000	     -0.00000000	     -0.00000000	59142637.39910965	1521369.67473943	     -0.00000000	     -0.00000000	     -0.00000000	11002947.16527066	     -0.00000000	645543034.69051325	     -0.00000000	17610156.62973664	     -0.00000000	      3.39650306	     -0.00000000	     -0.00000000	  21683.57937956	  17526.83421269	  11357.86267917
      0.36000000	     -0.00000000	     -0.00000000	49482009.59880894	5364957.33118480	1654028.73540081	     -0.00000000	 171227.17461271	4625395.46734204	     -0.00000000	     -0.00000000	     -0.00000000	     -0.00000000	     -0.00000000	     -0.00000000	415841815.00239664	557217492.61344504	591806154.70733488	     -0.00000000	     -0.00000000	     -0.00000000	     -0.00000000	     -0.00000000	     -0.00000000	57302489.40727248	     -0.00000000	     -0.00000000	     -0.00000000	     -0.00000000	1071560.83815707	     -0.00000000	565441783.97412562	     -0.00000000	39585705.81472557	     -0.00000000	     -0.00000000	     -0.00000000	     -0.00000000	     -0.00000000	     -0.00000000	     -0.00000000	12322480.59481817	2239170.51658977	31073357.42895932	1374880.25909468	6486462.57288488	     -0.00000000	     -0.00000000	2108865.68261793	     -0.00000000	     -0.00000000	     -0.00000000	     -0.00000000	     -0.00000000	     -0.00000000	166657415.67338583	232305176.89968598	277225533.16916388	     -0.00000000	     -0.00000000	     -0.00000000	     -0.00000000	     -0.00000000	     -0.00000000	57299524.82429377	1294155.47074805	     -0.00000000	     -0.00000000	     -0.00000000	10534940.64358549	     -0.00000000	634125768.90011811	     -0.00000000	16859039.85970867	     -0.00000000	     -0.09132932	     -0.00000000	     -0.00000000	  87212.65356468	 111698.49472610	  73427.93566829
      0.37000000	     -0.00000000	     -0.00000000	48034593.41196138	5164957.17551553	1270769.47030326	     -0.00000000	 135678.95440552	4480470.55668566	     -0.00000000	     -0.00000000	     -0.00000000	     -0.00000000	     -0.00000000	     -0.00000000	414227735.93308532	553632871.92487788	581849037.72996914	     -0.00000000	     -0.00000000	     -0.00000000	     -0.00000000	     -0.00000000	     -0.00000000	56319358.96943007	     -0.00000000	     -0.00000000	     -0.00000000	     -0.00000000	1121521.28030203	     -0.00000000	567298992.96929204	     -0.00000000	38581115.82642811	     -0.00000000	     -0.00000000	     -0.00000000	     -0.00000000	     -0.00000000	     -0.00000000	     -0.00000000	11566793.63839882	2017742.88302391	32571301.18836416	1541112.98112490	6872396.22411114	     -0.00000000	     -0.00000000	1643713.62701142	     -0.00000000	     -0.00000000	     -0.00000000	     -0.00000000	     -0.00000000	     -0.00000000	174883841.34502456	245942360.27295566	296442486.59804845	     -0.00000000	     -0.00000000	     -0.00000000	     -0.00000000	     -0.00000000	     -0.00000000	55299967.84802741	1044057.36016759	     -0.00000000	     -0.00000000	     -0.00000000	9972765.56391128	     -0.00000000	621808237.16338170	     -0.00000000	16153025.50171903	     -0.00000000	     -0.00000000	     -0.00000000	     -0.00000000	 209088.46226350	 350886.14569876	 231443.67214403
      0.38000000	     -0.00000000	     -0.00000000	46080798.19746665	4889470.51936686	 882495.76210533	     -0.00000000	  97544.08769161	4371093.89363151	     -0.00000000	     -0.00000000	     -0.00000000	     -0.00000000	     -0.00000000	     -0.00000000	408664949.90546465	545054550.33043337	566077220.17934906	     -0.00000000	     -0.00000000	     -0.00000000	     -0.00000000	     -0.00000000	     -0.00000000	55362658.76943178	     -0.00000000	     -0.00000000	     -0.00000000	     -0.00000000	1235115.50500107	     -0.00000000	570910426.81438029	     -0.00000000	37431356.11896858	     -0.00000000	     -0.00000000	     -0.00000000	     -0.00000000	     -0.00000000	     -0.00000000	     -0.00000000	11010759.91373835	1849825.17225798	33956307.34484590	1695693.03797762	7280931.23281269	     -0.00000000	     -0.00000000	1249496.80390195	     -0.00000000	     -0.00000000	     -0.00000000	     -0.00000000	     -0.00000000	     -0.00000000	181923967.49664649	257670838.35061961	313442575.68177897	     -0.00000000	     -0.00000000	     -0.00000000	     -0.00000000	     -0.00000000	     -0.00000000	53489694.00832915	 853277.54732867	     -0.00000000	     -0.00000000	     -0.00000000	9515548.34738442	     -0.00000000	610319139.77116549	     -0.00000000	15445811.14399683	     -0.00000000	     -0.00000000	     -0.00000000	     -0.00000000	 363346.63965532	 694886.99978854	 455454.86170565
      0.39000000	     -0.00000000	     -0.00000000	44242392.52731591	4628576.06473967	 591339.24580592	     -0.00000000	  67435.03370531	4288944.67221413	     -0.00000000	     -0.00000000	     -0.00000000	     -0.00000000	     -0.00000000	     -0.00000000	402389674.67663819	535750587.88057852	550371238.63052094	     -0.00000000	     -0.00000000	     -0.00000000	     -0.00000000	     -0.00000000	     -0.00000000	54563339.13039464	     -0.00000000	     -0.00000000	     -0.00000000	     -0.00000000	1363195.85872581	     -0.00000000	574661247.12039065	     -0.00000000	36389496.68300147	     -0.00000000	     -0.00000000	     -0.00000000	     -0.00000000	     -0.00000000	     -0.00000000	     -0.00000000	10227207.87712768	1646537.36310031	35330926.78181332	1860943.51646913	7585028.87683543	     -0.00000000	     -0.00000000	 912780.41754418	     -0.00000000	     -0.62758919	     -0.00000000	     -0.00000000	     -0.00000000	     -0.00000000	190466097.40175864	271145401.69929373	331541361.46767235	     -0.00000000	     -0.00000000	     -0.00000000	     -0.00000000	     -0.00000000	     -0.00000000	51664883.42931092	 668665.61166517	     -0.00000000	     -0.00000000	     -0.00000000	9021724.50035091	     -0.00000000	598780548.57771897	     -0.00000000	14816031.97122840	     -0.00000000	     -0.00000000	     -0.00000000	     -0.00000000	 543668.50287500	1111591.35945633	 727631.66865290
      0.40000000	     -0.00000000	     -0.00000000	42534211.19486354	4384590.41318257	 381945.34282410	     -0.00000000	  44693.50000109	4233456.48324245	     -0.00000000	     -0.00000000	     -0.00000000	     -0.00000000	     -0.00000000	     -0.00000000	395462912.97330248	525824023.70183122	534894722.10523397	     -0.00000000	     -0.00000000	     -0.00000000	     -0.00000000	     -0.00000000	     -0.00000000	53922647.16601431	     -0.00000000	     -0.00000000	     -0.00000000	     -0.00000000	1505052.89909984	     -0.00000000	578514128.29118884	     -0.00000000	35460212.31632126	     -0.00000000	     -0.00000000	     -0.00000000	     -0.00000000	     -0.00000000	     -0.00000000	     -0.00000000	9278988.86311351	1421882.38081264	36680569.80601002	2035299.02060862	7788279.79700520	     -0.00000000	     -0.00000000	 639294.87573048	     -0.00000000	     -0.54971154	     -0.00000000	     -0.00000000	     -0.00000000	     -0.00000000	200118062.18924627	285860794.44421470	350267895.40449476	     -0.00000000	     -0.00000000	     -0.00000000	     -0.00000000	     -0.00000000	     -0.00000000	49867565.36410239	 499904.25573228	     -0.00000000	     -0.00000000	     -0.00000000	8505959.10510004	     -0.00000000	587466335.50049770	     -0.00000000	14283645.27106643	     -0.00000000	     -0.00000000	     -0.00000000	     -0.00000000	 739388.46204720	1570747.81432654	1029271.62958001
      0.41000000	     -0.00000000	     -0.00000000	40877820.52315453	4143610.67878640	 234387.82815095	     -0.00000000	  28567.74057528	4201717.04638631	     -0.00000000	     -0.00000000	     -0.00000000	     -0.00000000	     -0.00000000	     -0.00000000	387303706.23597884	514538080.56028211	518803198.45143360	     -0.00000000	     -0.00000000	     -0.00000000	     -0.00000000	     -0.00000000	     -0.00000000	53421262.32411148	     -0.00000000	     -0.00000000	     -0.00000000	     -0.00000000	1674088.49539819	     -0.00000000	582722556.99237692	     -0.00000000	34588096.60127617	     -0.00000000	     -0.00000000	     -0.00000000	     -0.00000000	     -0.00000000	     -0.00000000	     -0.00000000	8241507.81888129	1194820.32195280	37920863.35935958	2207186.70618674	7875343.76695972	     -0.00000000	     -0.00000000	 428413.83819688	     -0.00000000	     19.25538069	     -0.00000000	     -0.00000000	     -0.00000000	     -0.00000000	210434133.65437770	301078614.38887197	368573614.63925916	     -0.00000000	     -0.00000000	     -0.00000000	     -0.00000000	     -0.00000000	     -0.00000000	48155139.91365182	 357180.90751165	     -0.00000000	     -0.00000000	     -0.00000000	7999273.43549219	    -14.56129683	576838442.89517498	     -0.00000000	13836634.68885347	     -0.00000000	     -0.00000000	     -0.00000000	     -0.00000000	 940567.31636644	2045385.35348184	1343409.10950824
      0.42000000	     -0.00000000	     -0.00000000	39271062.43502808	3906462.49499209	 134202.36785355	     -0.00000000	  17469.42554962	4198133.34520106	     -0.00000000	     -0.00000000	     -0.00000000	     -0.00000000	     -0.00000000	     -0.00000000	378011208.28274965	501991769.17647880	502125647.32496738	     -0.00000000	     -0.00000000	     -0.00000000	     -0.00000000	     -0.00000000	     -0.00000000	53067126.66295555	     -0.00000000	     -0.00000000	     -0.00000000	     -0.00000000	1870911.79298970	     -0.00000000	587313639.26625216	     -0.00000000	33787815.58948246	     -0.00000000	     -0.00000000	     -0.00000000	     -0.00000000	     -0.00000000	     -0.00000000	     -0.00000000	7188036.38777902	 976702.03641685	39101757.71191869	2381015.82968475	7891113.80439355	     -0.00000000	     -0.00000000	 273388.59677692	     -0.00000000	     28.45266410	     -0.00000000	     -0.00000000	     -0.00000000	     -0.00000000	221015825.55215394	316419450.58204675	386472394.67104024	     -0.00000000	     -0.00000000	     -0.00000000	     -0.00000000	     -0.00000000	     -0.00000000	46569063.61547197	 240493.06687399	     -0.00000000	     -0.00000000	     -0.00000000	7503262.65090609	     -8.02928120	566895113.38282323	     -0.00000000	13492488.09211671	     -0.00000000	     -0.00000000	     -0.00000000	     -0.00000000	1137709.48768661	2510873.42605264	1653798.65150002
      0.43000000	     -0.00000000	     -0.00000000	37868765.93273059	3682709.43852329	  95627.86741367	     -0.00000000	   9404.82363510	4209189.86456555	     -0.00000000	     -0.00000000	     -0.00000000	     -0.00000000	     -0.00000000	     -0.00000000	365662044.24973351	486333612.83639973	484726213.06303960	     -0.00000000	     -0.00000000	     -0.00000000	     -0.00000000	     -0.00000000	     -0.00000000	52957323.12932763	     -0.00000000	     -0.00000000	     -0.00000000	     -0.00000000	2130468.98034627	     -0.00000000	592167045.46643090	     -0.00000000	33015154.41565247	     -0.00000000	     -0.00000000	     -0.00000000	     -0.00000000	     -0.00000000	     -0.00000000	     -0.00000000	5973550.59753534	 756008.67282391	39717806.36519655	2507204.16478564	7523541.62157422	     -0.00000000	     -0.00000000	 169833.87808509	     -0.00000000	     23.48707796	     -0.00000000	     -0.00000000	     -0.00000000	     -0.00000000	231654124.44698712	330698322.13395917	400116012.35069895	     -0.00000000	     -0.00000000	     -0.00000000	     -0.00000000	     -0.00000000	     -0.00000000	45013898.39696626	 159298.63593079	     -0.00000000	     -0.00000000	     -0.00000000	7052686.41691288	     41.83135028	558885834.39380443	     -0.00000000	13177360.66884324	     -0.00000000	     -0.00000000	     -0.00000000	     -0.00000000	1312355.88448832	2922478.59278257	1930089.85953099
      0.44000000	     -0.00000000	     -0.00000000	36265775.55691947	3448951.42818030	  35302.07322906	     -0.00000000	   5128.66394141	4265427.91871543	     -0.00000000	     -0.00000000	     -0.00000000	     -0.00000000	     -0.00000000	     -0.00000000	356606226.40406054	473768970.25425935	467710279.30140692	     -0.00000000	     -0.00000000	     -0.00000000	     -0.00000000	     -0.00000000	     -0.00000000	52788823.32890367	     -0.00000000	     -0.00000000	     -0.00000000	     -0.00000000	2353332.42942908	     -0.00000000	597477334.30374801	     -0.00000000	32382023.19920644	     -0.00000000	     -0.00000000	     -0.00000000	     -0.00000000	     -0.00000000	     -0.00000000	     -0.00000000	5092233.68551728	 582648.29704566	41179068.61462528	2719811.40776567	7668099.24613777	     -0.00000000	     -0.00000000	  94805.45088046	     -0.00000000	      0.60649442	     -0.00000000	     -0.00000000	     -0.00000000	     -0.00000000	242941906.07474324	347192946.78336233	420206631.26567149	     -0.00000000	     -0.00000000	     -0.00000000	     -0.00000000	     -0.00000000	     -0.00000000	43827959.19227223	  81218.70681319	     -0.00000000	     -0.00000000	     -0.00000000	6554854.28745023	     54.95609288	549602089.24245346	     -0.00000000	13106564.06218902	     -0.00000000	     -0.00000000	     -0.00000000	     -0.00000000	1482464.09898326	3322069.44118985	2199886.74699791
      0.45000000	     -0.00000000	     -0.00000000	34968382.25250905	3245885.10086223	  18571.35138155	     -0.00000000	   2567.81002130	4326715.50007816	     -0.00000000	     -0.00000000	     -0.00000000	     -0.00000000	     -0.00000000	     -0.00000000	345622826.07355839	459488106.21045834	451381476.12460071	     -0.00000000	     -0.00000000	     -0.00000000	     -0.00000000	     -0.00000000	     -0.00000000	52837697.29834091	     -0.00000000	     -0.00000000	     -0.00000000	     -0.00000000	2617561.71155032	     -0.00000000	602552916.89012015	     -0.00000000	31808469.90282560	     -0.00000000	     -0.00000000	     -0.00000000	     -0.00000000	     -0.00000000	     -0.00000000	     -0.00000000	4095703.56726530	 412709.13683061	42207176.33857853	2899418.74090056	7497464.49413737	     -0.00000000	     -0.00000000	  50590.35120559	     -0.00000000	     -1.76429923	     -0.00000000	     -0.00000000	     -0.00000000	     -0.00000000	254574378.46226770	363200014.91339684	437194287.99095953	     -0.00000000	     -0.00000000	     -0.00000000	     -0.00000000	     -0.00000000	     -0.00000000	42691096.40173576	  33177.98803666	     -0.00000000	     -0.00000000	     -0.00000000	6078489.88412048	     39.55607605	541922911.01936316	     -0.00000000	13090476.07405634	     -0.00000000	     -0.00000000	     -0.00000000	     -0.00000000	1620953.29349327	3646100.64468122	2419750.37448252
      0.46000000	     -0.00000000	     -0.00000000	33720237.72860395	3047829.77539173	   9836.88525412	     -0.00000000	   1032.10777454	4408146.59480789	     -0.00000000	     -0.00000000	     -0.00000000	     -0.00000000	     -0.00000000	     -0.00000000	334475292.87570137	444956304.43797731	435029163.87955230	     -0.00000000	     -0.00000000	     -0.00000000	     -0.00000000	     -0.00000000	     -0.00000000	52984766.79387687	     -0.00000000	     -0.00000000	     -0.00000000	     -0.00000000	2902783.15513341	     -0.00000000	607851986.95076859	     -0.00000000	31288739.51208944	     -0.00000000	     -0.00000000	     -0.00000000	     -0.00000000	     -0.00000000	     -0.00000000	     -0.00000000	3200412.74754862	 271676.02865499	43245440.58182278	3084675.63006616	7328072.72015957	     -0.00000000	     -0.00000000	  25366.60184648	     -0.00000000	     -0.00000000	     -0.00000000	     -0.00000000	     -0.00000000	     -0.00000000	266285435.01050931	379187847.41452867	454055971.29914761	     -0.00000000	     -0.00000000	     -0.00000000	     -0.00000000	     -0.00000000	     -0.00000000	41740581.61095268	   9637.45456773	     -0.00000000	     -0.00000000	     -0.00000000	5613182.94591605	      3.31355421	534956141.26387966	     -0.00000000	13185653.65859053	     -0.00000000	     -0.00000000	     -0.00000000	     -0.00000000	1732005.03724291	3904943.49113083	2596101.65790099
      0.47000000	     -0.00000000	     -0.00000000	32537790.76967658	2858174.10226531	   5291.87376557	     -0.00000000	    286.99205586	4502838.11804219	     -0.00000000	     -0.00000000	     -0.00000000	     -0.00000000	     -0.00000000	     -0.00000000	323431279.64209849	430497313.77878016	418943070.77666301	     -0.00000000	     -0.00000000	     -0.00000000	     -0.00000000	     -0.00000000	     -0.00000000	53206436.81972489	    123.66731711	     -0.00000000	     -0.00000000	     -0.00000000	3202966.59904823	     -0.00000000	613215882.48653960	     -0.00000000	30814308.39088136	     -0.00000000	     -0.00000000	     -0.00000000	     -0.00000000	     -0.00000000	     -0.00000000	     -0.00000000	2434199.74515589	 162472.10607226	44316539.56755184	3277142.13619780	7187917.05245728	     -0.00000000	     -0.00000000	  13441.87429588	     -0.00000000	     -0.00000000	     -0.00000000	     -0.00000000	     -0.00000000	     -0.00000000	277794641.11197209	394850751.85290945	470704450.69521469	     -0.00000000	     -0.00000000	     -0.00000000	     -0.00000000	     -0.00000000	     -0.00000000	40989655.97500160	   1305.36853832	     -0.00000000	     -0.00000000	     -0.00000000	5165927.98997097	    -11.86388795	528691770.34079909	     -0.00000000	13391586.96590512	     -0.00000000	     -0.00000000	     -0.00000000	     -0.00000000	1814097.83950671	4095670.03203010	2726446.46950860
      0.48000000	     -0.00000000	     -0.00000000	31430754.14781921	2677639.36908640	   3362.23394082	     -0.00000000	     16.61096821	4610277.63019726	     -0.00000000	     -0.00000000	     -0.00000000	     -0.00000000	     -0.00000000	     -0.00000000	312471585.55870569	416091916.55298787	403181891.46267301	     -0.00000000	     -0.00000000	     -0.00000000	     -0.00000000	     -0.00000000	     -0.00000000	53507794.58496077	   3525.78536753	     -0.00000000	     -0.00000000	     -0.00000000	3518935.30431646	     -0.00000000	618620478.94453621	     -0.00000000	30384284.30569071	     -0.00000000	     -0.00000000	     -0.00000000	     -0.00000000	     -0.00000000	     -0.00000000	     -0.00000000	1775018.92846677	  82070.48327208	45365647.43209037	3470620.75782646	7042069.07036848	     -0.00000000	     -0.00000000	   8526.66315312	     -0.00000000	     -0.00000000	     -0.00000000	     -0.00000000	     -0.00000000	     -0.00000000	289207765.27307129	410225242.74532264	486855306.98668909	     -0.00000000	     -0.00000000	     -0.00000000	     -0.00000000	     -0.00000000	     -0.00000000	40427453.73119301	    -13.30549027	     -0.00000000	     -0.00000000	     -0.00000000	4738718.23376794	     -2.10276871	523271328.26381570	     -0.00000000	13704592.71739626	     -0.00000000	     -0.00000000	     -0.00000000	     -0.00000000	1864640.12692907	4212819.28537021	2806677.63774938
      0.49000000	     -0.00000000	     -0.00000000	30483333.89222791	2517905.65691528	   3088.89371366	     -0.00000000	     -0.05890890	4723594.21689884	     -0.00000000	     -0.00000000	     -0.00000000	     -0.00000000	     -0.00000000	     -0.00000000	301962881.63554174	402308528.80584925	388685192.86231583	     -0.00000000	     -0.00000000	     -0.00000000	     -0.00000000	     -0.00000000	     -0.00000000	53886716.80772641	  14580.24799735	     -0.00000000	     -0.00000000	     -0.00000000	3835327.08089035	     -0.00000000	623720788.88549709	     -0.00000000	30023480.94041062	     -0.00000000	     -0.00000000	     -0.00000000	     -0.00000000	     -0.00000000	     -0.00000000	     -0.00000000	1196606.02090188	  28096.22894859	46416228.56402232	3669882.70857295	6874958.44421838	     -0.00000000	     -0.00000000	   6788.60991648	     -0.00000000	     -0.00000000	     -0.00000000	     -0.00000000	     -0.00000000	     -0.00000000	301089331.50039041	426032597.34858912	503133848.93300426	     -0.00000000	     -0.00000000	     -0.00000000	     -0.00000000	     -0.00000000	     -0.00000000	40017699.91769721	     -0.00000000	     -0.00000000	     -0.00000000	     -0.00000000	4315914.34574462	     -0.00000000	518482560.46659815	     -0.00000000	14129893.93411395	     -0.00000000	     -0.00000000	     -0.00000000	     -0.00000000	1886894.66760585	4264335.63640243	2841987.41549300
      0.50000000	     -0.00000000	     -0.00000000	29494405.20326072	2353370.33486619	   2513.74709981	     -0.00000000	     -0.00000000	4843852.21978436	     -0.00000000	     -0.00000000	     -0.00000000	     -0.00000000	     -0.00000000	     -0.00000000	291669110.54718798	388549341.60699958	373827429.34551924	     -0.00000000	     -0.00000000	     -0.00000000	     -0.00000000	     -0.00000000	     -0.00000000	54277488.47383767	  38530.32053621	     -0.00000000	     -0.00000000	     -0.00000000	4170412.70659121	     -0.00000000	629057382.51914787	     -0.00000000	29648341.28663894	     -0.00000000	     -0.00000000	     -0.00000000	     -0.00000000	     -0.00000000	     -0.00000000	     -0.00000000	 801111.03677810	   7240.66232935	47527800.72498022	3873528.54233270	6821346.66164039	     -0.00000000	     -0.00000000	   7315.16952735	     -0.00000000	     -0.00000000	     -0.00000000	     -0.00000000	     -0.00000000	     -0.00000000	311471264.58479726	440007835.49594635	518355398.10995317	     -0.00000000	     -0.00000000	     -0.00000000	     -0.00000000	     -0.00000000	     -0.00000000	39849000.87421831	     -0.00000000	     -0.00000000	     -0.00000000	     -0.00000000	3943994.85037763	     -0.00000000	514470950.17260504	     -0.00000000	14649467.85195129	     -0.00000000	     -0.00000000	     -0.00000000	     -0.00000000	1879867.92229554	4248081.64077458	2830805.93390653
      0.51000000	     -0.00000000	     -0.00000000	28581566.68615832	2199673.88207757	   2502.50129192	     -0.00000000	     -0.00000000	4966556.39867004	     -0.00000000	     -0.00000000	     -0.00000000	     -0.00000000	     -0.00000000	     -0.00000000	281594106.77303737	375084817.27946520	359529210.68647677	     -0.00000000	     -0.00000000	     -0.00000000	     -0.00000000	     -0.00000000	     -0.00000000	54708390.48222933	  79589.46606038	     -0.00000000	     -0.00000000	     -0.00000000	4515016.40808006	     -0.00000000	634249449.81318092	     -0.00000000	29297982.77980120	     -0.00000000	     -0.00000000	     -0.00000000	     -0.00000000	     -0.00000000	     -0.00000000	     -0.00000000	 492662.79072857	    730.32478932	48596656.52948786	4073232.70542835	6764527.77355702	     -0.00000000	     -0.00000000	  10349.39278561	     -0.00000000	     -0.00000000	     -0.00000000	     -0.00000000	     -0.00000000	     -0.00000000	321575741.36842012	453474389.77919352	532857728.86007464	     -0.00000000	     -0.00000000	     -0.00000000	     -0.00000000	     -0.00000000	     -0.00000000	39850237.17792384	     -0.00000000	     -0.00000000	     -0.00000000	     -0.00000000	3598297.05258818	     -0.00000000	511290373.63699299	     -0.00000000	15265221.81101859	     -0.00000000	     -0.00000000	     -0.00000000	     -0.00000000	1844329.40502977	4165787.10863304	2774353.17032219
      0.52000000	     -0.00000000	     -0.00000000	27745833.69654695	2057895.24738508	   2815.65398983	     -0.00000000	     -0.00000000	5087321.27100902	     -0.00000000	     -0.00000000	     -0.00000000	     -0.00000000	     -0.00000000	     -0.00000000	272130260.36957407	362360677.56664145	346089206.03743827	     -0.00000000	     -0.00000000	     -0.00000000	     -0.00000000	     -0.00000000	     -0.00000000	55154040.40740284	 132429.92893951	     -0.00000000	     -0.00000000	     -0.00000000	4858862.88981593	     -0.00000000	639197347.64311206	     -0.00000000	28971774.98972208	     -0.00000000	     -0.00000000	     -0.00000000	     -0.00000000	     -0.00000000	     -0.00000000	     -0.00000000	 274721.70211280	     -0.00000000	49683931.59597214	4275156.46080315	6748664.23784210	     -0.00000000	     -0.00000000	  17270.64838993	     -0.00000000	     -0.00000000	     -0.00000000	     -0.00000000	     -0.00000000	     -0.00000000	331160350.49265015	466246693.02081406	546871144.06910145	     -0.00000000	     -0.00000000	     -0.00000000	     -0.00000000	     -0.00000000	     -0.00000000	40031074.32450484	     -0.00000000	     -0.00000000	     -0.00000000	     -0.00000000	3279685.25165584	     -0.00000000	508776648.23778385	     -0.00000000	15982991.69346121	     -0.00000000	     -0.00000000	     -0.00000000	     -0.00000000	1783124.25485759	4023802.32872528	2677140.60626172
      0.53000000	     -0.00000000	     -0.00000000	27055966.72676913	1938998.60990464	   3671.38830537	     -0.00000000	     -0.00000000	5204191.13046511	     -0.00000000	     -0.00000000	     -0.00000000	     -0.00000000	     -0.00000000	     -0.00000000	263770922.67905650	351136744.83864945	334460228.37676656	     -0.00000000	     -0.00000000	     -0.00000000	     -0.00000000	     -0.00000000	     -0.00000000	55605855.15190126	 190355.20717945	     -0.00000000	     -0.00000000	     -0.00000000	5175347.83134477	     -0.00000000	643570263.60004175	     -0.00000000	28715828.25478343	     -0.00000000	     -0.00000000	     -0.00000000	     -0.00000000	     -0.00000000	     -0.00000000	     -0.00000000	 114126.75823350	     -0.00000000	50848872.94722562	4489516.42475294	6748611.98344994	     -0.00000000	     -0.00000000	  31886.02044328	     -0.00000000	     -0.00000000	     -0.00000000	     -0.00000000	     -0.00000000	     -0.00000000	341497598.97937787	479957380.75652015	561841785.45541322	     -0.00000000	     -0.00000000	     -0.00000000	     -0.00000000	     -0.00000000	     -0.00000000	40360196.94985686	     -0.00000000	     -0.00000000	     -0.00000000	     -0.00000000	2959180.10892428	     -0.00000000	506638752.97333431	     -0.00000000	16835128.56824405	     -0.00000000	     -0.00000000	     -0.00000000	     -0.00000000	1699596.02593511	3829540.25656360	2544459.23427619
      0.54000000	     -0.00000000	     -0.00000000	26176597.58719714	1794457.68374959	   3991.54215982	     -0.00000000	     -0.00000000	5327814.84127892	     -0.00000000	     -0.00000000	     -0.00000000	     -0.00000000	     -0.00000000	     -0.00000000	254085705.34233919	337849796.41076368	320187933.93511420	     -0.00000000	     -0.00000000	     -0.00000000	     -0.00000000	     -0.00000000	     -0.00000000	56079278.38504007	 274330.88979851	     -0.00000000	     -0.00000000	     -0.00000000	5567806.59472274	     -0.00000000	648762244.69961238	     -0.00000000	28340083.18582401	     -0.00000000	     -0.00006223	     -0.00000000	     -0.00000000	     -0.00000000	     -0.00000000	     -0.00000000	  50200.63522528	     -0.00000000	51782363.72204050	4663557.98774742	6810519.97816439	     -0.00000000	     -0.00000000	  59627.36820947	     -0.00000000	     -0.00000000	     -0.00000000	     -0.00000000	     -0.00000000	     -0.00000000	348102006.78756309	488797595.30114877	572208660.12319589	     -0.00000000	     -0.00000000	     -0.00000000	     -0.00000000	     -0.00000000	     -0.00000000	40914583.91100322	     -0.00000000	     -0.00000000	     -0.00000000	     -0.00000000	2741155.68737367	     -0.00000000	506049177.15914118	     -0.00000000	17695804.03310485	     -0.00000000	     -0.00000000	     -0.00000000	     -0.00000000	1589122.92915084	3571789.72255188	2368994.19111956
      0.55000000	     -0.00000000	     -0.00000000	25565254.23065833	1692864.01095504	   4764.94707497	     -0.00000000	     -0.00000000	5435814.03500453	     -0.00000000	     -0.00000000	     -0.00000000	     -0.00000000	     -0.00000000	     -0.00000000	247031948.75710919	328141254.64392871	309891043.52598512	     -0.00000000	     -0.00000000	     -0.00000000	     -0.00000000	     -0.00000000	     -0.00000000	56497367.38677447	 345968.64221801	     -0.00000000	     -0.00000000	     -0.00000000	5868408.78192147	     -0.00000000	652659981.38944018	     -0.00000000	28109863.03817414	     -0.00000000	     -0.08799226	     -0.00000000	     -0.00000000	     -0.00000000	     -0.00000000	     -0.00000000	   8537.88303005	     -0.00000000	53036893.03356464	4884877.30837236	6941804.03971980	     -0.00000000	     -0.00000000	 101862.04364121	     -0.00000000	     -0.00000000	     -0.00000000	     -0.00000000	     -0.00000000	     -0.00000000	357078815.28071761	500870324.79029304	586409791.49075580	     -0.00000000	     -0.00000000	     -0.00000000	     -0.00000000	     -0.00000000	     -0.00000000	41607506.82163750	     -0.00000000	     -0.00000000	     -0.00000000	     -0.00000000	2475765.39037657	     -0.00000000	505042198.71965617	     -0.00000000	18768447.15210680	     -0.00000000	     -0.00000000	     -0.00000000	     -0.00000000	1464477.55645515	3279952.70975756	2171084.00069587
      0.56000000	      0.26074197	    341.86409744	24809828.04943650	1572551.10297146	   4939.60177756	     -0.00000000	     -0.00000000	5550152.12203437	     -0.00000000	     -0.00000000	     -0.00000000	     -0.00000000	     -0.00000000	     -0.00000000	239157236.90569854	317016146.27831310	297644798.63022274	     -0.00000000	     -0.00000000	     -0.00000000	     -0.00000000	     -0.00000000	     -0.00000000	56938674.12025516	 440582.55287809	     -0.00000000	     -0.00000000	     -0.00000000	6230874.78418272	     -0.00000000	657200830.75817645	     -0.00000000	27789398.81052679	     -0.00000000	     -0.28598709	     -0.00000000	     -0.00000000	     -0.00000000	     -0.00000000	     -0.00000000	   1280.60424075	     -0.00000000	54048566.39299968	5064962.91027096	7100403.60187705	     -0.00000000	     -0.00000000	 167499.64896636	     -0.00000000	     -0.00000000	     -0.00000000	     -0.00000000	     -0.00000000	     -0.00000000	363053781.60978484	508931352.62514663	596592036.67057753	     -0.00000000	     -0.00000000	     -0.00000000	     -0.00000000	     -0.00000000	     -0.00000000	42501432.54338413	     -0.00000000	     -0.00000000	     -0.00000000	     -0.00000000	2292525.29615839	     -0.00000000	505504275.08681917	     -0.00000000	19868636.83889449	     -0.00000000	     -0.00000000	     -0.00000000	     -0.00000000	1317596.60940510	2934875.58668169	1938113.35089854
      0.57000000	   5242.03716082	   2790.64369875	24181376.78719045	1476622.98627136	   4806.27937999	     -0.00000000	     -0.00000000	5655060.86980002	     -0.00000000	     -0.00000000	     -0.00000000	     -0.00000000	     -0.00000000	     -0.00000000	232583305.52809802	307725973.82559222	287387427.30428517	     -0.00000000	     -0.00000000	     -0.00000000	     -0.00000000	     -0.00000000	     -0.00000000	57322107.03947680	 529687.95482310	     -0.00000000	     -0.00000000	     -0.00000000	6537051.47305351	     -0.00000000	660966570.63410366	     -0.00000000	27548225.29798023	     -0.00000000	      0.79770041	     -0.00000000	     -0.00000000	     -0.00000000	     -0.00000000	     -0.00000000	     -0.30786812	     -0.00000000	55246725.14917738	5269614.44671629	7316470.21595032	     -0.00000000	     -0.00000000	 258762.63087745	     -0.00000000	     -0.00000000	     -0.00000000	     -0.00000000	     -0.00000000	     -0.00000000	370356759.13471627	518739055.89961326	608927074.42819691	     -0.00000000	     -0.00000000	     -0.00000000	     -0.00000000	     -0.00000000	     -0.00000000	43545135.54534885	     -0.00000000	     -0.00000000	     -0.00000000	     -0.00000000	2091640.30028673	     -0.00000000	505971629.37798601	     -0.00000000	21148076.54597039	     -0.00000000	     -0.00000000	     -0.00000000	     -0.00000000	1160367.94719528	2564400.91926913	1689290.27981957
      0.58000000	  36174.64771846	  10020.43342427	23470676.11284905	1369975.96838972	   4363.12443800	     -0.00000000	     -0.00000000	5760291.43184984	     -0.00000000	     -0.00000000	     -0.00000000	     -0.00000000	     -0.00000000	     -0.00000000	225783966.53989044	297792666.87066060	276064042.92821473	     -0.00000000	     -0.00000000	     -0.00000000	     -0.00000000	     -0.00000000	     -0.00000000	57723335.33212934	 636909.74724279	     -0.00000000	     -0.00000000	     -0.00000000	6888695.12346925	     -0.00000000	665126776.77271068	     -0.00000000	27238632.77273225	     -0.00000000	     10.89409598	     -0.00000000	     -0.00000000	     -0.00000000	     -0.00000000	     -0.00000000	     -0.00000000	     -0.00000000	56220071.27484063	5436191.74754053	7547257.62655426	     -0.00000000	     -0.00000000	 385710.27868099	     -0.00000000	     -0.00000000	     -0.00000000	     -0.00000000	     -0.00000000	     -0.00000000	375083397.84265512	525158267.31678563	617806059.91177905	     -0.00000000	     -0.00000000	     -0.00000000	     -0.00000000	     -0.00000000	     -0.00000000	44768762.97545725	     -0.00000000	     -0.00000000	     -0.00000000	     -0.00000000	1954908.35579976	     -0.00000000	507730380.30867976	     -0.00000000	22473089.10626394	     -0.00000000	     -0.00000000	     -0.00000000	     -0.00000000	 990251.99302900	2162802.70253137	1421122.74500082
      0.59000000	 106789.84580397	  25484.41051021	22714283.38435690	1261927.15032117	   3602.19333484	     -0.00000000	     -0.00000000	5866622.74268400	     -0.00000000	     -0.00000000	     -0.00000000	     -0.00000000	     -0.00000000	     -0.00000000	218542774.15234631	287203625.68929774	263945442.71897089	     -0.00000000	     -0.00000000	     -0.00000000	     -0.00000000	     -0.00000000	     -0.00000000	58124436.95710881	 764418.50533402	     -0.00000000	     -0.00000000	     -0.00000000	7268016.21548282	     -0.00000000	669400996.88723135	     -0.00000000	26898177.05455612	     -0.00000000	     39.19049364	     -0.00000000	     -0.00000000	     -0.00000000	     -0.00000000	     -0.00000000	     -0.00000000	     -0.00000000	57056129.65421151	5576865.27858783	7793854.18768465	     -0.00000000	     -0.00000000	 552913.62457693	     -0.00000000	     -0.00000000	     -0.00000000	     -0.00000000	     -0.00000000	     -0.00000000	378282198.59902877	529616921.11841834	624700340.37740493	     -0.00000000	     -0.00000000	     -0.00000000	     -0.00000000	     -0.00000000	     -0.00000000	46148045.11601073	     -0.00000000	     -0.00000000	     -0.00000000	     -0.00000000	1857085.12031929	     -0.00000000	510425704.79749882	     -0.00000000	23870682.40838497	     -0.00000000	     -0.00000000	     -0.00000000	     -0.00000000	 815669.92727508	1750628.49533262	1147667.27177488
      0.60000000	 208817.84054816	  52075.08046480	21974189.96851579	1161288.52721923	   2759.05119956	     -0.00000000	     -0.00000000	5972320.15158349	     -0.00000000	     -0.00000000	     -0.00000000	     -0.00000000	     -0.00000000	     -0.00000000	211294635.51193526	276657349.22822797	251922028.38019609	     -0.00000000	     -0.00000000	     -0.00000000	     -0.00000000	     -0.00000000	     -0.00000000	58511582.66819835	 905102.38663541	     -0.00000000	     -0.00000000	     -0.00000000	7648004.16825535	     -0.00000000	673494686.50183427	     -0.00000000	26569327.34762741	     -0.00000000	     90.16625530	     -0.00000000	     -0.00000000	     -0.00000000	     -0.00000000	     -0.00000000	     -0.00000000	     -0.00000000	57841231.40641931	5704552.62844895	8055621.19727983	     -0.00000000	     -0.00000000	 766424.90504547	     -0.00000000	     -0.00000000	     -0.00000000	     -0.00000000	     -0.00000000	     -0.00000000	380998324.08487767	533486716.15583128	631006331.21657372	     -0.00000000	     -0.00000000	     -0.00000000	     -0.00000000	     -0.00000000	     -0.00000000	47676799.75194605	     -0.00000000	     -0.00000000	     -0.00000000	     -0.00000000	1775882.84552775	     -0.00000000	513781070.62267864	     -0.00000000	25387162.42585795	     -0.00000000	     -0.00000000	     -0.00000000	     -0.00000000	 642147.89800739	1342172.33266147	 878496.69581106
      0.61000000	 313763.85628123	  82245.58319995	21312340.42000364	1074575.05820589	   1791.40594407	     -0.00000000	     -0.00000000	6066420.23716697	     -0.00000000	     -0.00000000	     -0.00000000	     -0.00000000	     -0.00000000	     -0.00000000	205496595.03845912	267888917.08643210	241520236.52830446	     -0.00000000	     -0.00000000	     -0.00000000	     -0.00000000	     -0.00000000	     -0.00000000	58844924.39389950	1035828.63919761	     -0.00000000	     -0.00000000	     -0.00000000	7985853.06890008	     -0.00000000	677091145.44764137	     -0.00000000	26279544.09864978	     -0.00000000	    158.21115446	     -0.00000000	     -0.00000000	     -0.00000000	     -0.00000000	     -0.00000000	     -0.00000000	     -0.00000000	58700147.18833828	5840235.40677645	8355201.45020711	     -0.00000000	     -3.23965109	1027473.51605060	     -0.00000000	     -0.00000000	     -0.00000000	     -0.00000000	     -0.00000000	     -0.00000000	384065929.61635250	537862003.77665043	638055728.45494032	     -0.00000000	     -0.00000000	     -0.00000000	     -0.00000000	     -0.00000000	     -0.00000000	49334792.62133200	     -0.00000000	     -0.00000000	     -0.00000000	     -0.00000000	1691356.34734448	     -0.00000000	517303694.54901260	     -0.00000000	27059554.59851364	     -0.00000000	     -0.00000000	     -0.00000000	     -0.00000000	 476811.85961113	 956113.52537623	 625601.12994020
      0.62000000	 408406.65581551	 111534.85822795	20709767.40591466	1000501.60016458	    839.67883315	     -0.00000000	     -0.00000000	6153766.93149939	     -0.00000000	     -0.00000000	     -0.00000000	     -0.00000000	     -0.00000000	     -0.00000000	200610305.95539215	260354817.76457053	232311683.51134333	     -0.00000000	     -0.00000000	     -0.00000000	     -0.00000000	     -0.00000000	     -0.00000000	59121661.99529701	1158598.19470908	     -0.00000000	     -0.00000000	     -0.00000000	8282189.86733437	     -0.00000000	680232509.93082118	     -0.00000000	26034632.83340628	     -0.00000000	    244.97791529	     -0.00000000	     -0.00000000	     -0.00000000	     -0.00000000	     -0.00000000	     -0.00000000	     -0.00000000	59632070.45667518	5982801.08610790	8685682.21059091	     -0.00000000	   1409.10741572	1338451.04350518	     -0.00000000	     -0.00000000	     -0.00000000	     -0.00000000	     -0.00000000	     -0.00000000	387712310.09164435	543029876.25722313	646065826.47467446	     -0.00000000	     -0.00000000	     -0.00000000	     -0.00000000	     -0.00000000	     -0.00000000	51107777.63816291	     -0.00000000	     -0.00000000	     -0.00000000	     -0.00000000	1601111.49464637	     -0.00000000	520951956.16415352	     -0.00000000	28891103.40357041	     -0.00000000	     -0.00000000	     -0.00000000	     -0.00000000	 324488.54969235	 606716.24278057	 397721.92047802
      0.63000000	 540485.61572614	 152162.32232047	20052033.59465727	 921321.38536724	    317.39268371	     -0.00000000	     -0.00000000	6242527.63053021	     -0.00000000	     -0.00000000	     -0.00000000	     -0.00000000	     -0.00000000	     -0.00000000	194719342.59394062	251470516.98488763	221800329.95985499	     -0.00000000	     -0.00000000	     -0.00000000	     -0.00000000	     -0.00000000	     -0.00000000	59427107.78471636	1312425.18024465	     -0.00000000	     -0.00000000	     -0.00000000	8631559.23381459	     -0.00000000	683638482.97995675	     -0.00000000	25735950.16720593	     -0.00000000	    381.58517488	     -0.00000000	     -0.00000000	     -0.00000000	     -0.00000000	     -0.00000000	     -0.00000000	     -0.00000000	60224480.51581408	6070943.68127932	8937009.37699394	     -0.00000000	   7526.29815200	1708167.73716287	     -0.00000000	     -0.00000000	     -0.00000000	     -0.00000000	     -0.00000000	     -0.00000000	389320429.17956656	545492680.74697793	650606820.79758990	     -0.00000000	     -0.00000000	     -0.00000000	     -0.00000000	     -0.00000000	     -0.00000000	52958920.32744110	     -0.00000000	     -0.00000000	     -0.00000000	     -0.00000000	1556668.06656458	     -0.00000000	525817346.09706223	     -0.00000000	30737206.94424931	     -0.00000000	     -0.00000000	     -0.00000000	     -0.00000000	 189138.50065920	 308144.26177601	 203384.79899670
      0.64000000	 708825.05288039	 204193.15444427	19358216.33611869	 840935.37974127	     57.43094737	     -0.00000000	     -0.00000000	6327997.88102975	     -0.00000000	     -0.00000000	     -0.00000000	     -0.00000000	     -0.00000000	     -0.00000000	187943621.41349417	241478122.44126081	210299203.98741642	     -0.00000000	     -0.00000000	     -0.00000000	     -0.00000000	     -0.00000000	     -0.00000000	59735859.84390333	1497720.13955636	     -0.00000000	     -0.00000000	     -0.00000000	9022289.48557383	     -0.00000000	687142472.33968985	     -0.00000000	25392975.17972706	     -0.00000000	    594.49767191	     -0.00000000	     -0.00000000	     -0.00000000	     -0.00000000	     -0.00000000	     -0.00000000	     -0.00000000	60512796.55086115	6109169.63414324	9101805.83142509	     -0.00000000	  22091.85328600	2132943.14008526	     -0.00000000	     -0.00000000	     -0.00000000	     -0.00000000	     -0.00000000	     -0.00000000	389440928.23929107	545964641.85294461	652382780.96478117	     -0.00000000	     -0.00000000	     -0.00000000	     -0.00000000	     -0.00000000	     -0.00000000	54856911.51170390	     -0.00000000	     -0.00000000	     -0.00000000	     -0.00000000	1547105.15757091	     -0.00000000	531649740.02695781	     -0.00000000	32580430.44454864	     -0.00000000	     -0.00000000	     -0.00000000	     -0.00000000	  82838.05815948	 105122.37315136	  68911.30819617
      0.65000000	 786378.11118219	 234198.40285421	18817999.67062544	 784427.36664690	     -0.00000000	     -0.00000000	     -0.00000000	6391351.31589606	     -0.00000000	     -0.00000000	     -0.00000000	     -0.00000000	     -0.00000000	     -0.00000000	184155050.88667482	235361500.63305324	202386048.30627832	     -0.00000000	     -0.00000000	     -0.00000000	     -0.00000000	     -0.00000000	     -0.00000000	59898848.18216243	1626300.26600798	     -0.00000000	     -0.00000000	     -0.00000000	9280694.08056864	     -0.00000000	689608621.20402277	     -0.00000000	25159769.77146205	     -0.00000000	    805.21074459	     -0.00000000	     -0.00000000	     -0.00000000	     -0.00000000	     -0.00000000	     -0.00000000	     -0.00000000	61204533.07399406	6205629.87430462	9403289.58374924	     -0.00000000	  53814.78858986	2599184.40170397	     -0.00000000	     -0.00000000	     -0.00000000	     -0.00000000	     -0.00000000	     -0.00000000	391627276.38710475	549298468.32290936	658116871.96162856	     -0.00000000	     -0.00000000	     -0.00000000	     -0.00000000	     -0.00000000	     -0.00000000	56866478.35371563	     -0.00000000	     -0.00000000	     -0.00000000	     -0.00000000	1495584.67724775	     -0.00000000	536419860.53604370	     -0.00000000	34654462.55623136	     -0.00000000	     -0.00000000	     -0.00000000	     -0.00000000	  22353.77193814	  18443.29204232	  11885.10858890
      0.66000000	 867262.91896610	 266030.86779728	18289675.76112986	 730591.29178144	     -0.00000000	     -0.00000000	     -0.00000000	6444187.08956798	     -0.00000000	     -0.00000000	     -0.00000000	     -0.00000000	     -0.00000000	     -0.00000000	180376856.04693022	229258761.86005032	194542388.87293231	     -0.00000000	     -0.00000000	     -0.00000000	     -0.00000000	     -0.00000000	     -0.00000000	60042236.07126350	1761504.64264871	     -0.00000000	     -0.00000000	     -0.00000000	9543545.27348807	     -0.00000000	691961056.27591193	     -0.00000000	24907190.33258624	     -0.00000000	   1060.86661805	     -0.00000000	     -0.00000000	     -0.00000000	     -0.00000000	     -0.00000000	     -0.00000000	     -0.00000000	61666805.49286230	6264203.15115416	9630425.58015304	     -0.00000000	 103825.47248507	3110651.48570567	     -0.00000000	     -0.00000000	     -0.00000000	     -0.00000000	     -0.00000000	     -0.00000000	392902281.91602194	551400251.99936247	661971491.18220246	     -0.00000000	     -0.00000000	     -0.00000000	     -0.00000000	     -0.00000000	     -0.00000000	58887723.82821297	     -0.00000000	     -0.00000000	     -0.00000000	     -0.00000000	1467136.18315519	     -0.00000000	541740472.00268579	     -0.00000000	36713222.37982769	     -0.00000000	     -0.00000000	     -0.00000000	     -0.00000000	   1967.58057769	     18.40884683	     10.57063674
      0.67000000	1080746.53059897	 332843.98780266	17711693.63759540	 666813.24453907	     -0.00000000	     -0.00000000	     -0.00000000	6503295.23837375	     -0.00000000	     -0.00000000	     -0.00000000	     -0.00000000	     -0.00000000	     -0.00000000	173879915.13166574	219788287.81859952	184126097.67848188	     -0.00000000	     -0.00000000	     -0.00000000	     -0.00000000	     -0.00000000	     -0.00000000	60329942.44037531	1970553.33721758	     -0.00000000	     -0.00000000	     -0.00000000	9941085.88218769	     -0.00000000	694903122.75427926	     -0.00000000	24556375.60534576	     -0.00000000	   1416.37865104	     -0.00000000	     -0.00000000	     -0.00000000	     -0.00000000	     -0.00000000	     -0.00000000	     -0.00000000	61417243.83281587	6220595.45885410	9608191.93586591	     -0.00000000	 157140.55203140	3661011.33561498	     -0.00000000	     -0.00000000	     -0.00000000	     -0.00000000	     -0.00000000	     -0.00000000	390685667.31576389	548619967.85502505	658947174.36075950	     -0.00000000	     -0.00000000	     -0.00000000	     -0.00000000	     -0.00000000	     -0.00000000	60790012.03092648	     -0.00000000	     -0.00000000	     -0.00000000	     -0.00000000	1509742.73542273	     -0.00000000	548547472.38541758	     -0.00000000	38514929.78683093	     -0.00000000	     -0.00000000	     -0.00000000	     -0.00000000	     -0.00000000	     -0.00000000	     -0.00000000
      0.68000000	1202150.00819045	 376743.35403375	17229550.23178910	 618803.36146477	     -0.00000000	     -0.00000000	     -0.00000000	6540256.15465061	     -0.00000000	     -0.00000000	     -0.00000000	     -0.00000000	     -0.00000000	     -0.00000000	169724367.39811301	213313820.21648785	176339375.47405338	     -0.00000000	     -0.00000000	     -0.00000000	     -0.00000000	     -0.00000000	     -0.00000000	60480160.25854485	2129931.73900080	     -0.00000000	     -0.00000000	     -0.00000000	10231102.39963916	     -0.00000000	697070382.73050940	     -0.00000000	24274278.48558132	     -0.00000000	   1796.38322253	     -0.00000000	     -0.00000000	     -0.00000000	     -0.00000000	     -0.00000000	     -0.00000000	     -0.00000000	61478569.99613321	6218077.90405422	9701481.42326167	     -0.00000000	 225968.18858730	4219691.04781823	     -0.00000000	     -0.00000000	     -0.00000000	     -0.00000000	     -0.00000000	     -0.00000000	390050966.87744385	548095512.85670233	659082062.45239747	     -0.00000000	     -0.00000000	     -0.00000000	     -0.00000000	     -0.00000000	     -0.00000000	62683431.50755937	     -0.00000000	     -0.00000000	     -0.00000000	     -0.00000000	1522344.00367365	     -0.00000000	554163071.36876309	     -0.00000000	40410284.68901211	     -0.00000000	     -0.00000000	     -0.00000000	     -0.00000000	     -0.00000000	     -0.00000000	     -0.00000000
      0.69000000	1316868.88149652	 419232.59938925	16785507.27750532	 575969.89970835	     -0.00000000	     -0.00000000	     -0.00000000	6563802.63588835	     -0.00000000	     -0.00000000	     -0.00000000	     -0.00000000	     -0.00000000	     -0.00000000	165891029.97784886	207315363.96649912	169132296.75942114	     -0.00000000	     -0.00000000	     -0.00000000	     -0.00000000	     -0.00000000	     -0.00000000	60597629.66117810	2285779.78938525	     -0.00000000	     -0.00000000	     -0.00000000	10506436.53698301	     -0.00000000	698991406.01687825	     -0.00000000	23991179.70388015	     -0.00000000	   2253.92894981	     -0.00000000	     -0.00000000	     -0.00000000	     -0.00000000	     -0.00000000	     -6.13773721	     -0.00000000	61484771.76623026	6206037.99547036	9777702.78067595	     -0.00000000	 301556.79675578	4773002.82502859	     -0.00000000	     -0.00000000	     -0.00000000	     -0.00000000	     -0.00000000	     -0.00000000	389193783.99410462	547277691.55595529	658775466.18852067	     -0.00000000	     -0.00000000	     -0.00000000	     -0.00000000	     -0.00000000	     -0.00000000	64455055.50880930	     -0.00000000	     -0.00000000	     -0.00000000	     -0.00000000	1540745.17185773	     -0.00000000	559322870.98343241	     -0.00000000	42216878.70276948	     -0.00000000	     -0.00000000	     -0.00000000	     -0.00000000	     -0.00000000	     -0.00000000	     -0.00000000
      0.70000000	1344203.71154006	 439227.30907834	16399834.97772030	 543098.39187249	     -0.00000000	     -0.00000000	     -0.00000000	6565749.17969089	     -0.00000000	     -0.00000000	     -0.00000000	     -0.00000000	     -0.00000000	     -0.00000000	163752083.97301754	203480154.40320235	163755073.30194908	     -0.00000000	     -0.00000000	     -0.00000000	     -0.00000000	     -0.00000000	     -0.00000000	60592958.74647220	2398366.48795148	     -0.00000000	     -0.00000000	     -0.00000000	10696377.06287329	     -0.00000000	700346575.99986684	     -0.00000000	23744523.42311609	     -0.00000000	   2759.25043148	     -0.00000000	     -0.00000000	     -0.00000000	     -0.00000000	     -0.00000000	     15.35139070	     -0.00000000	61777331.84965798	6232768.75892858	9970891.75151085	     -0.00000000	 387863.16033965	5294758.08451349	     -0.00000000	     -0.00000000	     -0.00000000	     -0.00000000	     -0.00000000	     -0.00000000	389532300.49243838	548218252.04465711	661140757.27390134	     -0.00000000	     -0.00000000	     -0.00000000	     -0.00000000	     -0.00000000	     -0.00000000	66117810.32349145	     -0.00000000	     -0.00000000	     -0.00000000	     -0.00000000	1534070.90980182	     -0.00000000	563071315.43150616	     -0.00000000	44007809.45179228	     -0.00000000	     -0.00000000	     -0.00000000	     -0.00000000	     -0.00000000	     -0.00000000	     -0.00000000
      0.71000000	1459025.48211852	 480912.79730997	16035231.91711204	 509235.88571616	     -0.00000000	     -0.00000000	     -0.00000000	6559827.27143268	     -0.00000000	     -0.00000000	     -0.00000000	     -0.00000000	     -0.00000000	     -0.00000000	160170186.04190826	198043162.89453170	157508331.45253953	     -0.00000000	     -0.00000000	     -0.00000000	     -0.00000000	     -0.00000000	     -0.00000000	60651926.66791271	2548589.02998235	     -0.00000000	     -0.00000000	     -0.00000000	10948495.74994614	     -0.00000000	701798804.03248036	     -0.00000000	23449192.94033771	     -0.00000000	   3366.58162957	     -0.00000000	     -0.00000000	     -0.00000000	     -0.00000000	     -0.00000000	    161.39506690	     -0.00000000	61708608.97554389	6209466.84472089	10007462.18599273	     -0.00000000	 465160.29354068	5778695.99165780	     -0.00000000	     -0.00000000	     -0.00000000	     -0.00000000	     -0.00000000	     -0.00000000	388641624.13859332	547302872.38311112	660420901.56544197	     -0.00000000	     -0.00000000	     -0.00000000	     -0.00000000	     -0.00000000	     -0.00000000	67498466.12023781	     -0.00000000	     -0.00000000	     -0.00000000	     -0.00000000	1555770.21077583	     -0.00000000	566898414.29941380	     -0.00000000	45495228.47817202	     -0.00000000	     -0.00000000	     -0.00000000	     -0.00000000	     -0.00000000	     -0.00000000	     -0.00000000
      0.72000000	1612770.97277359	 531077.15095556	15740118.63618588	 479813.42844659	     -0.00000000	     -0.00000000	     -0.00000000	6540025.55382845	     -0.00000000	     -0.00000000	     -0.00000000	     -0.00000000	     -0.00000000	     -0.00000000	156550204.06134391	192715153.82996953	151821277.92935160	     -0.00000000	     -0.00000000	     -0.00000000	     -0.00000000	     -0.00000000	     -0.00000000	60728590.99691993	2698381.26047769	     -0.00000000	     -0.00000000	     -0.00000000	11202866.63523871	     -0.00000000	703049442.71373093	     -0.00000000	23147709.92075098	     -0.00000000	   3984.81864547	     -0.00000000	     -0.00000000	     -0.00000000	     -0.00000000	     -0.00000000	    207.64408684	     -0.00000000	61501983.02087844	6170163.43308316	9946380.33874342	     -0.00000000	 534311.52245494	6205861.11780748	     -0.00000000	     -0.00000000	     -0.00000000	     -0.00000000	     -0.00000000	     -0.00000000	387917554.54157495	546391153.08632386	658971580.82428789	     -0.00000000	     -0.00000000	     -0.00000000	     -0.00000000	     -0.00000000	     -0.00000000	68593473.86284524	     -0.00000000	     -0.00000000	     -0.00000000	     -0.00000000	1577985.27638754	     -0.00000000	570195750.29362905	     -0.00000000	46735687.06864034	     -0.00000000	     -0.00000000	     -0.00000000	     -0.00000000	     -0.00000000	     -0.00000000	     -0.00000000
      0.73000000	1793764.76238437	 585966.62379533	15516992.21335099	 455696.46141186	     -0.00000000	     -0.00000000	     -0.00000000	6502011.15881120	     -0.00000000	     -0.00000000	     -0.00000000	     -0.00000000	     -0.00000000	     -0.00000000	153021741.07294175	187713477.22193038	146877442.05297768	     -0.00000000	     -0.00000000	     -0.00000000	     -0.00000000	     -0.00000000	     -0.00000000	60793459.08129261	2840337.81504823	     -0.00000000	     -0.00000000	     -0.00000000	11443864.66099827	     -0.00000000	704006804.41923738	     -0.00000000	22842669.23574009	     -0.00000000	   4592.88610230	     -0.00000000	     -0.00000000	     -0.00000000	     -0.00000000	     -0.00000000	     67.50576140	     -0.00000000	61263680.01254426	6133785.33339733	9821560.81538681	     -0.00000000	 592743.84792161	6553610.87319403	     -0.00000000	     -0.00000000	     -0.00000000	     -0.00000000	     -0.00000000	     -0.00000000	387767452.78559023	546019594.78952837	657612382.55075240	     -0.00000000	     -0.00000000	     -0.00000000	     -0.00000000	     -0.00000000	     -0.00000000	69387547.74283531	     -0.00000000	     -0.00000000	     -0.00000000	     -0.00000000	1589445.41143618	     -0.00000000	572653912.51747215	     -0.00000000	47721319.84094064	     -0.00000000	     -0.00000000	     -0.00000000	     -0.00000000	     -0.00000000	     -0.00000000	     -0.00000000
      0.74000000	2000223.16477433	 643340.03680492	15406978.69570032	 439379.10662301	     -0.00000000	     -0.00000000	     -0.00000000	6441604.75524146	     -0.00000000	     -0.00000000	     -0.00000000	     -0.00000000	     -0.00000000	     -0.00000000	150072142.47184446	183682993.98047134	143367276.56751615	     -0.00000000	     -0.00000000	     -0.00000000	     -0.00000000	     -0.00000000	     -0.00000000	60843938.48680377	2954249.59899709	     -0.00000000	     -0.00000000	     -0.00000000	11646719.18925484	     -0.00000000	704527351.56417191	     -0.00000000	22550731.12295448	     -0.00000000	   5077.39568161	     -0.00000000	     -0.00000000	     -0.00000000	     -0.00000000	     -0.00000000	     -0.14085628	     -0.00000000	60981149.76734737	6100333.74887102	9599997.59032885	     -0.00000000	 639572.72746985	6819987.35725916	     -0.00000000	     -0.00000000	     -0.00000000	     -0.00000000	     -0.00000000	     -0.00000000	388654102.02857143	546701941.84806263	656612023.97702694	     -0.00000000	     -0.00000000	     -0.00000000	     -0.00000000	     -0.00000000	     -0.00000000	69877951.14084516	     -0.00000000	     -0.00000000	     -0.00000000	     -0.00000000	1582760.97814318	     -0.00000000	574376301.45820713	   -102.86453825	48466462.58743922	     -0.00000000	     -0.00000000	     -0.00000000	     -0.00000000	     -0.00000000	     -0.00000000	     -0.00000000
      0.75000000	2153250.25963329	 686406.16445520	15307198.99387197	 426573.43087664	     -0.00000000	     -0.00000000	     -0.00000000	6384089.82931786	     -0.00000000	     -0.00000000	     -0.00000000	     -0.00000000	     -0.00000000	     -0.00000000	147767218.30468675	180531523.29566318	140541707.85828817	     -0.00000000	     -0.00000000	     -0.00000000	     -0.00000000	     -0.00000000	     -0.00000000	60842287.39717159	3046095.38960915	     -0.00000000	     -0.00000000	     -0.00000000	11803455.19547619	     -0.00000000	704856906.36075318	     -0.00000000	22301365.05922138	     -0.00000000	   5547.64259238	     -0.00000000	     -0.00000000	     -0.00000000	     -0.00000000	     -0.00000000	     -0.00000000	     -0.00000000	61079075.61431064	6138494.76304848	9496490.17938661	     -0.00000000	 679722.87410763	6974389.67615621	     -0.00000000	     -0.00000000	     -0.00000000	     -0.00000000	     -0.00000000	     -0.00000000	390773156.00091887	548955851.96398401	658226850.80591404	     -0.00000000	     -0.00000000	     -0.00000000	     -0.00000000	     -0.00000000	     -0.00000000	70165331.95793231	     -0.00000000	     -0.00000000	     -0.00000000	     -0.00000000	1536803.64900608	     -0.00000000	574259566.14819026	   -313.82452348	49069833.50557341	     -0.00000000	     -0.00000000	     -0.00000000	     -0.00000000	     -0.00000000	     -0.00000000	     -0.00000000
      0.76000000	2545030.88235557	 776733.71535418	15497883.39332620	 425985.74129030	     -0.00000000	     -0.00000000	     -0.00000000	6249922.53047235	     -0.00000000	     -0.00000000	     -0.00000000	     -0.00000000	     -0.00000000	     -0.00000000	144992579.52541339	177466227.20715833	139770741.87777907	     -0.00000000	     -0.00000000	     -0.00000000	     -0.00000000	     -0.00000000	     -0.00000000	60902703.80664884	3115588.24165146	     -0.00000000	     -0.00000000	     -0.00000000	11967729.65362378	     -0.00000000	704353134.85317314	     -0.00000000	21965142.74169235	     -0.00000000	   5651.63552819	     -0.00000000	     -0.00000000	     -0.00000000	     -0.00000000	     -0.00000000	     -0.00000000	     -0.00000000	60132314.49940657	6020857.69361713	8836197.88408376	     -0.00000000	 687427.16391814	7103618.01973131	     -0.00000000	     -0.00000000	     -0.00000000	     -0.00000000	     -0.00000000	     -0.00000000	392627818.91078115	549964131.28547299	654043817.89856255	     -0.00000000	     -0.00000000	     -0.00000000	     -0.00000000	     -0.00000000	     -0.00000000	69997698.72265245	     -0.00000000	     -0.00000000	     -0.00000000	     -0.00000000	1533718.46565678	     -0.00000000	576445890.08913827	   -336.59501976	49176504.96160125	     -0.00000000	     -0.00000000	     -0.00000000	     -0.00000000	     -0.00000000	     -0.00000000	     -0.00000000
      0.77000000	2833734.66140159	 842653.37437598	15655302.29019805	 426195.63022880	     62.61620252	     -0.00000000	     -0.00000000	6117402.44428987	     -0.00000000	     -0.00000000	     -0.00000000	     -0.00000000	     -0.00000000	     -0.00000000	143784637.90216780	176038102.60975945	139767184.43359235	     -0.00000000	     -0.00000000	     -0.00000000	     -0.00000000	     -0.00000000	     -0.00000000	60880364.53562184	3148811.25095696	     -0.00000000	     -0.00000000	     -0.00000000	12074318.17276484	     -0.00000000	703713527.73753142	     -0.00000000	21657687.96929937	     -0.00000000	   5789.52255214	     -0.00000000	     -0.00000000	     -0.00000000	     -0.00000000	     -0.00000000	     -0.00000000	     -0.00000000	59650342.33897215	5983457.60368665	8370065.27560361	     -0.00000000	 689388.92768037	7128010.95068969	     -0.00000000	     -0.00000000	     -0.00000000	     -0.00000000	     -0.00000000	     -0.00000000	395434832.12289089	552330695.47286189	652775240.09868383	     -0.00000000	     -0.00000000	     -0.00000000	     -0.00000000	     -0.00000000	     -0.00000000	69716721.09107040	     -0.00000000	     -0.00000000	     -0.00000000	     -0.00000000	1494519.46927869	     -0.00000000	576843710.05328810	   -340.69833033	49188471.99477685	     -0.00000000	     -0.00000000	     -0.00000000	     -0.00000000	     -0.00000000	     -0.00000000	     -0.00000000
      0.78000000	3355145.42589960	 950116.74145774	16035682.83850199	 437804.83537964	   5461.75096965	     -0.00000000	     -0.00000000	5940758.39238798	     -0.00000000	     -0.00000000	     -0.00000000	     -0.00000000	     -0.00000000	     -0.00000000	140695098.71263731	173361146.64504358	140667328.11027378	     -0.00000000	     -0.00000000	     -0.00000000	     -0.00000000	     -0.00000000	     -0.00000000	60878442.63469388	3187075.02831520	     -0.00000000	     -0.00000000	     -0.00000000	12187207.96045721	     -0.00000000	702333043.78546262	     -0.00000000	21318219.70189924	     -0.00000000	   5618.33237610	     -0.00000000	     -0.00000000	     -0.00000000	     -0.00000000	     -0.00000000	     -0.00000000	     -0.00000000	58604278.87184183	5875960.87418234	7594553.09123692	     -0.00000000	 668114.13082874	7108859.82712247	     -0.00000000	     -0.00000000	     -0.00000000	     -0.00000000	     -0.00000000	     -0.00000000	398152888.54907417	553832980.11915255	647923117.41941261	     -0.00000000	     -0.00000000	     -0.00000000	     -0.00000000	     -0.00000000	     -0.00000000	69103900.89346610	     -0.00000000	     -0.00000000	     -0.00000000	     -0.00000000	1470672.75082550	     -0.00000000	578122455.59365916	   -288.93797392	48866742.15035639	     -0.00000000	     -0.00000000	     -0.00000000	     -0.00000000	     -0.00000000	     -0.00000000	     -0.00000000
      0.79000000	3847252.81786831	1046742.82436741	16469089.99117901	 453761.28213026	  30042.51229208	     -0.00000000	     -0.00000000	5735856.22474561	     -0.00000000	     -0.00000000	     -0.00000000	     -0.00000000	     -0.00000000	     -0.00000000	139064345.75641197	172342428.78094223	142912658.92323974	     -0.00000000	     -0.00000000	     -0.00000000	     -0.00000000	     -0.00000000	     -0.00000000	60788333.78478340	3181719.16802187	     -0.00000000	     -0.00000000	     -0.00000000	12245822.82964549	     -0.00000000	700482918.16058862	     -0.00000000	20960513.72188133	     -0.00000000	   5398.92185854	     -0.00000000	     -0.00000000	     -0.00000000	     -0.00000000	     -0.00000000	     -0.00000000	     -0.00000000	57651777.18280665	5783217.77770717	6876961.67005906	     -0.00000000	 637901.33899707	7025434.62622430	     -0.00000000	     -0.00000000	     -0.00000000	     -0.00000000	     -0.00000000	     -0.00000000	401250263.70063692	555835028.15772963	643806423.23845720	     -0.00000000	     -0.00000000	     -0.00000000	     -0.00000000	     -0.00000000	     -0.00000000	68368263.67829339	     -0.00000000	     -0.00000000	     -0.00000000	     -0.00000000	1438114.41793779	     -0.00000000	578883314.36406851	   -148.11219869	48395841.00715522	     -0.00000000	     -0.00000000	     -0.00000000	     -0.00000000	     -0.00000000	     -0.00000000	     -0.00000000
      0.80000000	4358296.06172423	1139591.94243717	17008076.65209056	 477873.16017049	  94325.55547173	     -0.00000000	     -0.00000000	5492906.76691755	     -0.00000000	     -0.00000000	     -0.00000000	     -0.00000000	     -0.00000000	     -0.00000000	137900547.71115091	172217572.00968775	146485646.37900236	     -0.00000000	     -0.00000000	     -0.00000000	     -0.00000000	     -0.00000000	     -0.00000000	60589292.56152864	3142301.95010036	     -0.00000000	     -0.00000000	     -0.00000000	12251299.33462772	     -0.00000000	697908695.15667236	     -0.00000000	20578051.78734064	     -0.00000000	   5081.46873828	     -0.00000000	     -0.00000000	     -0.00000000	     -0.00000000	     -0.00000000	     -0.00000000	     -0.00000000	56643923.78511536	5685435.63827805	6154862.37824766	     -0.00000000	 599291.34090134	6901574.73065440	     -0.00000000	     -0.00000000	     -0.00000000	     -0.00000000	     -0.00000000	     -0.00000000	404326994.98850441	557688445.65417266	639215613.66168058	     -0.00000000	     -0.00000000	     -0.00000000	     -0.00000000	     -0.00000000	     -0.00000000	67514152.82382414	     -0.00000000	     -0.00000000	     -0.00000000	     -0.00000000	1406622.28042251	     -0.00000000	579525599.17794287	     -0.50074555	47784753.13337061	     -0.00000000	     -0.00000000	     -0.00000000	     -0.00000000	     -0.00000000	     -0.00000000	     -0.00000000
      0.81000000	4915399.14103195	1234410.91317129	17661481.72727416	 510373.96044856	 207364.23099498	     -0.00000000	     -0.00000000	5208631.40689184	     -0.00000000	     -0.00000000	     -0.00000000	     -0.00000000	     -0.00000000	     -0.00000000	136971643.96424222	172704611.59797555	151241108.78243622	     -0.00000000	     -0.00000000	     -0.00000000	     -0.00000000	     -0.00000000	     -0.00000000	60283055.50091819	3077080.96543689	     -0.00000000	     -0.00000000	     -0.00000000	12217665.15541040	     -0.00000000	694553872.96785653	     -0.00000000	20153914.37236375	     -0.00000000	   4681.44026108	     -0.00000000	     -0.00000000	     -0.00000000	     -0.00000000	     -0.00000000	     -0.00000000	     -0.00000000	55525173.79260053	5573263.72522038	5422146.77161449	     -0.00000000	 552025.19536936	6744100.24610993	     -0.00000000	     -0.00000000	     -0.00000000	     -0.00000000	     -0.00000000	     -0.00000000	407057504.06276751	558970016.93852079	633605546.75285316	     -0.00000000	     -0.00000000	     -0.00000000	     -0.00000000	     -0.00000000	     -0.00000000	66544513.15966688	     -0.00000000	     -0.00000000	     -0.00000000	     -0.00000000	1382977.79248586	     -0.00000000	580219841.00948608	     -0.00000000	47022671.83104462	     -0.00000000	     -0.00000000	     -0.00000000	     -0.00000000	     -0.00000000	     -0.00000000	     -0.00000000
      0.82000000	5489141.52793402	1323709.61833807	18432471.52103717	 553090.58394405	 375786.86823369	     -0.00000000	     -0.00000000	4883627.76104311	     -0.00000000	     -0.00000000	     -0.00000000	     -0.00000000	     -0.00000000	     -0.00000000	136343209.84749764	173929076.19818863	157291061.85037822	     -0.00000000	     -0.00000000	     -0.00000000	     -0.00000000	     -0.00000000	     -0.00000000	59836581.97677552	2983076.02025362	     -0.00000000	     -0.00000000	     -0.00000000	12133011.06033645	     -0.00000000	690289204.36883080	     -0.00000000	19693232.71679290	     -0.00000000	   4212.15584594	     -0.00000000	     -0.00000000	     -0.00000000	     -0.00000000	     -0.00000000	     -0.00000000	     -0.00000000	54354500.65191191	5453156.89572343	4716051.23200704	     -0.00000000	 499992.70397483	6561594.12283945	     -0.00000000	     -0.00000000	     -0.00000000	     -0.00000000	     -0.00000000	     -0.00000000	409449968.84251910	559783467.53032959	627376092.82199943	     -0.00000000	     -0.00000000	     -0.00000000	     -0.00000000	     -0.00000000	     -0.00000000	65501627.40785300	     -0.00000000	     -0.00000000	     -0.00000000	     -0.00000000	1366039.76204579	     -0.00000000	580889967.84490287	     -0.00000000	46154465.77295730	     -0.00000000	     -0.00000000	     -0.00000000	     -0.00000000	     -0.00000000	     -0.00000000	     -0.00000000
      0.83000000	6058270.57332324	1402705.46460095	19336145.69417945	 608013.11469594	 607023.92717186	     -0.00000000	     -0.00000000	4515531.03952509	     -0.00000000	     -0.00000000	     -0.00000000	     -0.00000000	     -0.00000000	     -0.00000000	136335700.19330895	176233167.87670356	164929359.90226918	     -0.00000000	     -0.00000000	     -0.00000000	     -0.00000000	     -0.00000000	     -0.00000000	59231482.59358782	2854605.36510446	     -0.00000000	     -0.00000000	     -0.00000000	11990160.55779070	     -0.00000000	684970595.11980629	     -0.00000000	19192366.13578124	     -0.00000000	   3678.13167587	     -0.00000000	     -0.00000000	     -0.00000000	     -0.00000000	     -0.00000000	     -0.00000000	     -0.00000000	53123853.13976289	5324727.11165765	4041388.99954474	     -0.00000000	 445244.87500019	6365274.45866031	     -0.00000000	     -0.00000000	     -0.00000000	     -0.00000000	     -0.00000000	     -0.00000000	411277617.60243976	559852112.79542994	620291207.58785546	     -0.00000000	     -0.00000000	     -0.00000000	     -0.00000000	     -0.00000000	     -0.00000000	64411199.04074577	     -0.00000000	     -0.00000000	     -0.00000000	     -0.00000000	1358259.64987017	     -0.00000000	581585705.72711039	     -0.00000000	45207067.11167064	     -0.00000000	     -0.00000000	     -0.00000000	     -0.00000000	     -0.00000000	     -0.00000000	     -0.00000000
      0.84000000	6602382.70169026	1467462.32852656	20369418.52244331	 676532.47821171	 903567.26087287	     -0.00000000	     -0.00000000	4107015.46474383	     -0.00000000	     -0.00000000	     -0.00000000	     -0.00000000	     -0.00000000	     -0.00000000	136913552.00102028	179568061.14162576	174093042.56498173	     -0.00000000	     -0.00000000	     -0.00000000	     -0.00000000	     -0.00000000	     -0.00000000	58448574.36197861	2696737.97366813	     -0.00000000	     -0.00000000	     -0.00000000	11790693.06688090	     -0.00000000	678514398.38531721	     -0.00000000	18648190.33925494	     -0.00000000	   3115.09120189	     -0.00000000	     -0.00000000	     -0.00000000	     -0.00000000	     -0.00000000	     -0.00000000	     -0.00000000	51852817.58725958	5188135.77185867	3420351.03559911	     -0.00000000	 389462.92675197	6161679.37386391	     -0.00000000	     -0.00000000	     -0.00000000	     -0.00000000	     -0.00000000	     -0.00000000	412305005.08765608	558967389.38558698	612364800.47006714	     -0.00000000	     -0.00000000	     -0.00000000	     -0.00000000	     -0.00000000	     -0.00000000	63307002.25929337	     -0.00000000	     -0.00000000	     -0.00000000	     -0.00000000	1363378.70763310	     -0.00000000	582357265.93577313	     -0.00000000	44198371.64654759	     -0.00000000	     -0.00000000	     -0.00000000	     -0.00000000	     -0.00000000	     -0.00000000	     -0.00000000
      0.85000000	7102354.56498728	1514546.71744988	21547873.81751268	 761041.85389012	1270354.58708198	     -0.00000000	     -0.00000000	3663883.82199604	     -0.00000000	     -0.00000000	     -0.00000000	     -0.00000000	     -0.00000000	     -0.00000000	138347402.50512543	184214157.96952069	185039095.04548606	     -0.00000000	     -0.00000000	     -0.00000000	     -0.00000000	     -0.00000000	     -0.00000000	57492587.42672500	2507972.97509432	     -0.00000000	     -0.00000000	     -0.00000000	11532776.99026703	     -0.00000000	670845008.80521560	     -0.00000000	18068467.87266257	     -0.00000000	   2530.30806972	     -0.00000000	     -0.00000000	     -0.00000000	     -0.00000000	     -0.00000000	     -0.00000000	     -0.00000000	50555466.74981740	5045871.12526037	2852128.69460589	     -0.00000000	 334265.45159381	5952407.60367762	     -0.00000000	     -0.00000000	     -0.00000000	     -0.00000000	     -0.00000000	     -0.00000000	412694128.39196277	557329854.29960716	603798019.50872815	     -0.00000000	     -0.00000000	     -0.00000000	     -0.00000000	     -0.00000000	     -0.00000000	62191662.09139469	     -0.00000000	     -0.00000000	     -0.00000000	     -0.00000000	1378636.39417855	     -0.00000000	583159446.18846440	     -0.00000000	43143667.38892698	     -0.00000000	     -0.00000000	     -0.00000000	     -0.00000000	     -0.00000000	     -0.00000000	     -0.00000000
      0.86000000	7539938.96063071	1539403.04821604	22922739.80434790	 867116.31649008	1722196.62301867	     -0.00000000	     -0.00000000	3195936.31233517	     -0.00000000	     -0.00000000	     -0.00000000	     -0.00000000	     -0.00000000	     -0.00000000	141067613.15931588	190720838.18090296	198444415.40250462	     -0.00000000	     -0.00000000	     -0.00000000	     -0.00000000	     -0.00000000	     -0.00000000	56387653.27689859	2280780.23403667	     -0.00000000	     -0.00000000	     -0.00000000	11205131.90002409	     -0.00000000	661842266.43359578	     -0.00000000	17481744.49066931	     -0.00000000	   1912.02776840	     -0.00000000	     -0.00000000	    909.56275855	     -0.05116359	     -0.01407833	     -0.00000000	     -0.00000000	49268895.53547319	4905331.23692699	2329775.21348226	     -0.00000000	 282480.26823433	5738952.02365369	     -0.00000000	     -0.00000000	     -0.00000000	     -0.00000000	     -0.00000000	     -0.00000000	413107476.52783632	555715089.03691804	595252298.67519009	     -0.00000000	     -0.00000000	     -0.00000000	     -0.00000000	     -0.00000000	     -0.00000000	61059530.82026264	     -0.00000000	     -0.00000000	     -0.00000000	     -0.00000000	1393325.75502873	     -0.00000000	583837000.92152381	     -0.00000000	42079469.95355278	     -0.00000000	     -0.00000000	     -0.00000000	     -0.00000000	     -0.00000000	     -0.00000000	     -0.00000000
      0.87000000	7871445.76609805	1537701.89953451	24430533.37092917	 992239.47931007	2235064.25333248	     -0.00000000	     -0.00000000	2716353.30527474	     -0.00000000	     -0.00000000	     -0.00000000	     -0.00000000	     -0.00000000	     -0.00000000	144944325.92869440	198780208.18491161	213675122.23152921	     -0.00000000	     -0.00000000	     -0.00000000	     -0.00000000	     -0.00000000	     -0.00000000	55127411.69463675	2033896.84712340	     -0.00000000	     -0.00000000	     -0.00000000	10827046.43744025	     -0.00000000	651697429.51423109	     -0.00000000	16870334.73009212	     -0.00000000	   1377.29880599	     -0.00000000	     -0.00000000	  14337.57665807	   9675.60740412	   6305.50791043	     -0.00000000	     -0.00000000	47975801.82830567	4759144.51661347	1874213.51320131	     -0.00000000	 233786.55102659	5532137.83242414	     -0.00000000	     -0.00000000	     -0.00000000	     -0.00000000	     -0.00000000	     -0.00000000	412732857.56014806	553229589.42472970	586140428.94633555	     -0.00000000	     -0.00000000	     -0.00000000	     -0.00000000	     -0.00000000	     -0.00000000	59965804.39266071	     -0.00000000	     -0.00000000	     -0.00000000	     -0.00000000	1421532.36577014	     -0.00000000	584648389.05535531	     -0.00000000	41007074.33451618	     -0.00000000	     -0.00000000	     -0.00000000	     -0.00000000	     -0.00000000	     -0.00000000	     -0.00000000
      0.88000000	7867660.03786507	1465401.96414012	26077776.94462622	1144566.09289054	2740126.39987506	     -0.00000000	     -0.00000000	2233641.37395659	     -0.00000000	     -0.00000000	     -0.00000000	     -0.00000000	     -0.00000000	     -0.00000000	151634475.17606270	210393719.95149601	232190126.86812720	     -0.00000000	     -0.00000000	     -0.00000000	     -0.00000000	     -0.00000000	     -0.00000000	53633250.46482113	1739042.43581963	     -0.00000000	     -0.00000000	     -0.00000000	10333572.22602999	     -0.00000000	640149588.92163372	     -0.00000000	16266030.24316981	     -0.00000000	    907.02850894	     -0.00000000	     -0.00000000	  64181.95854158	  76763.25431802	  50428.74330526	     -0.00000000	     -0.00000000	46987845.92276268	4652152.39693893	1535299.65292811	     -0.00000000	 194837.83159141	5324230.44242033	     -0.00000000	     -0.00000000	     -0.00000000	     -0.00000000	     -0.00000000	     -0.00000000	413132482.29427266	552042901.14161015	579521132.71106827	     -0.00000000	     -0.00000000	     -0.00000000	     -0.00000000	     -0.00000000	     -0.00000000	58961609.66300231	     -0.00000000	     -0.00000000	     -0.00000000	     -0.00000000	1431718.36045507	     -0.00000000	584721251.07489002	     -0.00000000	40055384.15468695	     -0.00000000	     -0.00000000	     -0.00000000	     -0.00000000	     -0.00000000	     -0.00000000	     -0.00000000
      0.89000000	8050240.38700348	1433753.57235614	27766810.11661554	1299442.86061835	3359108.78718343	     -0.00000000	     -0.00000000	1790677.02476990	     -0.00000000	     -0.00000000	     -0.00000000	     -0.00000000	     -0.00000000	     -0.00000000	157332351.86202991	220605850.29268506	249814961.54288137	     -0.00000000	     -0.00000000	     -0.00000000	     -0.00000000	     -0.00000000	     -0.00000000	52257054.59579475	1497729.83987308	     -0.00000000	     -0.00000000	     -0.00000000	9931715.81750259	     -0.00000000	628715245.81171131	     -0.00000000	15620541.93474373	     -0.00000000	    528.16726202	     -0.00000000	     -0.00000000	 164176.58355373	 255435.51894373	 169276.05037052	     -0.00000000	     -0.00000000	45433599.46130195	4461707.50122026	1146885.17399144	     -0.00000000	 150540.50702872	5152070.93933391	     -0.00000000	     -0.00000000	     -0.00000000	     -0.00000000	     -0.00000000	     -0.00000000	410326396.07689846	546494920.86367857	567064645.86833239	     -0.00000000	     -0.00000000	     -0.00000000	     -0.00000000	     -0.00000000	     -0.00000000	57936187.74237188	     -0.00000000	     -0.00000000	     -0.00000000	     -0.00000000	1507594.99269850	     -0.00000000	586597410.77973568	     -0.00000000	38926081.82390284	     -0.00000000	     -0.00000000	     -0.00000000	     -0.00000000	     -0.00000000	     -0.00000000	     -0.00000000
      0.90000000	7646252.34646673	1287449.69203574	29613069.31080399	1495454.56506015	3866323.45203678	     -0.00000000	     -0.00000000	1371461.54584565	     -0.00000000	     -0.00000000	     -0.00000000	     -0.00000000	     -0.00000000	     -0.00000000	167366269.08095616	236369814.24543503	272271585.52512974	     -0.00000000	     -0.00000000	     -0.00000000	     -0.00000000	     -0.00000000	     -0.00000000	50596476.98433451	1196093.75115539	     -0.00000000	     -0.00000000	     -0.00000000	9344760.21916616	     -0.00000000	615725886.26567292	     -0.00000000	15075626.63352290	     -0.00000000	    234.45465499	     -0.00000000	     -0.00000000	 309966.09003633	 573880.35530899	 376629.73120933	     -0.00000000	     -0.00000000	44560033.53193220	4360621.98331153	 921611.39486905	     -0.00000000	 122803.44188357	4980979.64354518	     -0.00000000	     -0.00000000	     -0.00000000	     -0.00000000	     -0.00000000	     -0.00000000	410262004.22146326	544980661.44092596	560929376.08896446	     -0.00000000	     -0.00000000	     -0.00000000	     -0.00000000	     -0.00000000	     -0.00000000	57099482.20687687	     -0.00000000	     -0.00000000	     -0.00000000	     -0.00000000	1528343.14911795	     -0.00000000	586837573.62081182	     -0.00000000	38100433.92418347	     -0.00000000	     -0.00000000	     -0.00000000	     -0.00000000	     -0.00000000	     -0.00000000	     -0.00000000
      0.91000000	7293381.37996807	1160244.00284327	31437583.73909337	1694247.96864196	4402141.16825535	     -0.00000000	     -0.00000000	1014624.22374017	     -0.00000000	     -0.00000000	     -0.00000000	     -0.00000000	     -0.00000000	     -0.00000000	177002390.46938348	251419221.03000683	293940941.28220737	     -0.00000000	     -0.00000000	     -0.00000000	     -0.00000000	     -0.00000000	     -0.00000000	49046363.20573630	 945764.24106310	     -0.00000000	     -0.00000000	     -0.00000000	8820894.22624343	     -0.00000000	603170848.82584500	     -0.00000000	14550337.00198715	     -0.00000000	     71.44912482	     -0.00000000	     -0.00000000	 483380.89427202	 971268.86831909	 635834.85474369	     -0.00000000	     -0.00000000	43331562.31274243	4205788.56930151	 690105.68264755	     -0.00000000	  94193.47503582	4849940.68500778	     -0.00000000	     -0.00000000	     -0.00000000	     -0.00000000	     -0.00000000	     -0.00000000	407492513.00644702	539954022.50899982	550646119.60933077	     -0.00000000	     -0.00000000	     -0.00000000	     -0.00000000	     -0.00000000	     -0.00000000	56325238.08670086	     -0.00000000	     -0.00000000	     -0.00000000	     -0.00000000	1602487.96202065	     -0.00000000	588467641.60661530	     -0.00000000	37202910.74384430	     -0.00000000	     -0.00000000	     -0.00000000	     -0.00000000	     -0.00000000	     -0.00000000	     -0.00000000
      0.92000000	7010112.29378216	1055205.48094352	33193064.35083551	1889348.41237628	4955979.71314766	     -0.00000000	     -0.00000000	 724251.56169783	     -0.00000000	     -0.00000000	     -0.00000000	     -0.00000000	     -0.00000000	     -0.00000000	185803578.28308356	265198749.01457241	314163777.79200673	     -0.00000000	     -0.00000000	     -0.00000000	     -0.00000000	     -0.00000000	     -0.00000000	47623206.20489813	 745416.83393990	     -0.00000000	     -0.00000000	     -0.00000000	8365762.95981042	     -0.00000000	591373287.56171536	     -0.00000000	14058905.13245793	     -0.00000000	      5.69001655	     -0.00000000	     -0.00000000	 672434.98132804	1413209.51881108	 925549.61411207	     -0.00000000	     -0.00000000	41772847.32013112	4000246.99245050	 469630.15372306	     -0.00000000	  66295.36686428	4760050.92706325	     -0.00000000	     -0.00000000	     -0.00000000	     -0.00000000	     -0.00000000	     -0.00000000	402017219.08355188	531417168.93949097	536313898.97343534	     -0.00000000	     -0.00000000	     -0.00000000	     -0.00000000	     -0.00000000	     -0.00000000	55631394.76486573	     -0.00000000	     -0.00000000	     -0.00000000	     -0.00000000	1733939.03642753	     -0.00000000	591507422.89911509	     -0.00000000	36243445.56486715	     -0.00000000	     -0.00000000	     -0.00000000	     -0.00000000	     -0.00000000	     -0.00000000	     -0.00000000
      0.93000000	6436608.15673560	 903827.11767291	35016432.89482005	2110570.49792989	5419335.56957079	     -0.00000000	     -0.00000000	 488830.17687295	     -0.00000000	     -0.00000000	     -0.00000000	     -0.00000000	     -0.00000000	     -0.00000000	196879954.87139806	281807836.10860962	336666912.59143507	     -0.00000000	     -0.00000000	     -0.00000000	     -0.00000000	     -0.00000000	     -0.00000000	46162289.13642923	 546177.59535701	     -0.00000000	     -0.00000000	     -0.00000000	7836811.75951602	     -4.90759968	579318713.58062923	     -0.00000000	13692852.04102542	     -0.00000000	     -0.00288466	     -0.00000000	     -0.00000000	 876812.18819720	1894822.47818690	1243503.19300419	     -0.00000000	     -0.00000000	40497571.87096506	3829751.79822961	 323700.72431881	     -0.00000000	  47197.96666745	4695786.73015704	     -0.00000000	     -0.00000000	     -0.00000000	     -0.00000000	     -0.00000000	     -0.00000000	397245862.52319831	524064200.68229383	524308968.00117320	     -0.00000000	     -0.00000000	     -0.00000000	     -0.00000000	     -0.00000000	     -0.00000000	55108091.21261440	     -0.00000000	     -0.00000000	     -0.00000000	     -0.00000000	1853503.28303243	     -0.00000000	594193769.13827169	     -0.00000000	35472780.33342712	     -0.00000000	     -0.00000000	     -0.00000000	     -0.00000000	     -0.00000000	     -0.00000000	     -0.00000000
      0.94000000	5801236.75761008	 754150.86327142	36727719.55695498	2330105.24907369	5801527.34325900	     -0.00000000	     -0.00000000	 313482.00546381	     -0.00000000	     -0.00000000	     -0.00000000	     -0.00000000	     -0.00000000	     -0.00000000	208082887.89691383	298290994.40995133	358270762.53485513	     -0.00000000	     -0.00000000	     -0.00000000	     -0.00000000	     -0.00000000	     -0.00000000	44803024.12702327	 384205.60160028	     -0.00000000	     -0.00000000	     -0.00000000	7332674.56912894	    -15.66368738	568096556.27508914	     -0.00000000	13405143.00865453	     -0.00000000	     -0.00000000	     -0.00000000	     -0.00000000	1081065.68113579	2377155.28164654	1564423.87715265	     -0.00000000	     -0.00000000	39165279.02913548	3645076.20274244	 214625.75590243	     -0.00000000	  32512.39451084	4669332.79183217	     -0.00000000	     -0.00000000	     -0.00000000	     -0.00000000	     -0.00000000	     -0.00000000	390677399.39766061	514614112.50444138	510682533.90652007	     -0.00000000	     -0.00000000	     -0.00000000	     -0.00000000	     -0.00000000	     -0.00000000	54739522.95194767	     -0.00000000	     -0.00000000	     -0.00000000	     -0.00000000	2013068.93492552	     -0.00000000	597651133.06289113	     -0.00000000	34744774.39889691	     -0.00000000	     -0.00000000	     -0.00000000	     -0.00000000	     -0.00000000	     -0.00000000	     -0.00000000
      0.95000000	5065278.59201322	 597485.79321008	38476169.66537322	2567745.42698321	6128094.98827217	     -0.00000000	     -0.00000000	 187420.08148716	     -0.00000000	     -0.00000000	     -0.00000000	     -0.00000000	     -0.00000000	     -0.00000000	220387277.75937304	316083559.21216005	380835880.60044104	     -0.00000000	     -0.00000000	     -0.00000000	     -0.00000000	     -0.00000000	     -0.00000000	43540531.40009065	 245306.87362113	     -0.00000000	     -0.00000000	     -0.00000000	6807031.42131237	     -9.44462163	557203565.80146110	     -0.00000000	13245091.87028181	     -0.00000000	     -0.00000000	     -0.00000000	     -0.00000000	1279062.13068451	2844078.52535156	1877352.40662238	     -0.00000000	     -0.00000000	37961954.33527102	3475476.31796277	 141561.54478624	     -0.00000000	  22888.49294409	4672866.82551352	     -0.00000000	     -0.00000000	     -0.00000000	     -0.00000000	     -0.00000000	     -0.00000000	383863979.74274319	505060120.81729215	497699087.66368192	     -0.00000000	     -0.00000000	     -0.00000000	     -0.00000000	     -0.00000000	     -0.00000000	54520244.15090978	     -0.00000000	     -0.00000000	     -0.00000000	     -0.00000000	2180497.28430827	     -0.00000000	601192211.67828608	     -0.00000000	34142010.93504836	     -0.00000000	     -0.00000000	     -0.00000000	     -0.00000000	     -0.00000000	     -0.00000000	     -0.00000000
      0.96000000	4332499.98645199	 457337.47400924	39995880.62639616	2787274.56629932	6334026.94432180	     -0.00000000	     -0.00000000	 106358.82336476	     -0.00000000	     -0.00000000	     -0.00000000	     -0.00000000	     -0.00000000	     -0.00000000	232249795.63964346	332869293.11093181	401210683.24889636	     -0.00000000	     -0.00000000	     -0.00000000	     -0.00000000	     -0.00000000	     -0.00000000	42440069.39018166	 145682.65843320	     -0.00000000	     -0.00000000	     -0.00000000	6330166.90995180	     -5.07374251	547749769.50902820	     -0.00000000	13160958.93282595	     -0.00000000	     -0.00000000	     -0.00000000	     -0.00000000	1452469.71289949	3251707.60051289	2152273.70970935	     -0.00000000	     -0.00000000	36672332.92996604	3286025.18613133	  91518.83019934	     -0.00000000	  15012.51647543	4714148.19023849	     -0.00000000	     -0.00000000	     -0.00000000	     -0.00000000	     -0.00000000	     -0.00000000	374849549.83066994	492880830.66033787	482564335.55283326	     -0.00000000	     -0.00000000	     -0.00000000	     -0.00000000	     -0.00000000	     -0.00000000	54465372.66877271	     -0.00000000	     -0.00000000	     -0.00000000	     -0.00000000	2404727.53689589	     -0.00000000	605678085.82555282	     -0.00000000	33550152.12522936	     -0.00000000	     -0.00000000	     -0.00000000	     -0.00000000	     -0.00000000	     -0.00000000	     -0.00000000
      0.97000000	3597148.72183449	 329076.80742994	41481297.21817587	3012185.15352471	6484368.29063850	     -0.00000000	     -0.00000000	  55904.25376072	     -0.00000000	     -0.00000000	     -0.00000000	     -0.00000000	     -0.00000000	     -0.00000000	244507324.71176055	349979489.09265387	421440160.70207632	     -0.00000000	     -0.00000000	     -0.00000000	     -0.00000000	     -0.00000000	     -0.00000000	41488925.96573644	  72200.79841183	     -0.00000000	     -0.00000000	     -0.00000000	5857853.14965893	     -8.49250878	539053251.06057954	     -0.00000000	13190309.30774593	     -0.00000000	     -0.00000000	     -0.00000000	     -0.00000000	1601685.60142794	3601076.60374455	2389152.34243903	     -0.00000000	     -0.00000000	35446793.10193568	3102478.89795492	  59885.73199995	     -0.00000000	   9484.13662407	4783236.09451419	     -0.00000000	     -0.00000000	     -0.00000000	     -0.00000000	     -0.00000000	     -0.00000000	365172499.79807848	479996242.46950233	467279531.01232153	     -0.00000000	     -0.00000000	     -0.00000000	     -0.00000000	     -0.00000000	     -0.00000000	54545465.50766847	     -0.00000000	     -0.00000000	     -0.00000000	     -0.00000000	2652878.87965748	     -0.00000000	610432365.37195969	     -0.00000000	33034514.39807882	     -0.00000000	     -0.00000000	     -0.00000000	     -0.00000000	     -0.00000000	     -0.00000000	     -0.00000000
      0.98000000	2872686.67261449	 216537.55586847	42878415.46510371	3235505.96118034	6555481.34580477	     -0.00000000	     -0.00000000	  27767.15403352	     -0.00000000	     -0.00000000	     -0.00000000	     -0.00000000	     -0.00000000	     -0.00000000	257067082.83125174	367211217.79922050	441075178.32488298	     -0.00000000	     -0.00000000	     -0.00000000	     -0.00000000	     -0.00000000	     -0.00000000	40698244.16280258	  25975.85806183	     -0.00000000	     -0.00000000	     -0.00000000	5393322.72278641	    -13.53744692	531339042.25468856	     -0.00000000	13332477.20469966	     -0.00000000	     -0.00000000	     -0.00000000	     -0.00000000	1719507.69006786	3875842.07771731	2576246.96233023	     -0.00000000	     -0.00000000	34302678.21057952	2926220.39705116	  42578.26275615	     -0.00000000	   5875.74553404	4876655.18302133	     -0.00000000	     -0.00000000	     -0.00000000	     -0.00000000	     -0.00000000	     -0.00000000	354863270.91029388	466462198.73473257	451980088.75294054	     -0.00000000	     -0.00000000	     -0.00000000	     -0.00000000	     -0.00000000	     -0.00000000	54760068.41919079	     -0.00000000	     -0.00000000	     -0.00000000	     -0.00000000	2926661.28870499	     -0.00000000	615396219.33214831	     -0.00000000	32586720.49778204	     -0.00000000	     -0.00000000	     -0.00000000	     -0.00000000	     -0.00000000	     -0.00000000	     -0.00000000
      0.99000000	2221858.41973107	 127217.12758175	44277789.37490878	3464756.51471604	6618113.89391287	     -0.00000000	     -0.00000000	  14153.42101812	     -0.00000000	     -0.00000000	     -0.00000000	     -0.00000000	     -0.00000000	     -0.00000000	269673245.57198030	384390571.33205807	460505771.31427693	     -0.00000000	     -0.00000000	     -0.00000000	     -0.00000000	     -0.00000000	     -0.00000000	40085992.88175341	   5843.50515263	     -0.00000000	     -0.00000000	     -0.00000000	4941766.80070740	     -1.37824380	524383736.12492126	     -0.00000000	13586130.89717236	     -0.00000000	     -0.00000000	     -0.00000000	     -0.00000000	1807935.97269463	4081353.63562169	2716658.52603799	     -0.00000000	     -0.00000000	33211454.50266039	2755539.47638717	  31975.63232300	     -0.00000000	   3582.40695684	4986713.43133813	     -0.00000000	     -0.00000000	     -0.00000000	     -0.00000000	     -0.00000000	     -0.00000000	344486096.81154448	452771312.61744112	436798226.36670148	     -0.00000000	     -0.00000000	     -0.00000000	     -0.00000000	     -0.00000000	     -0.00000000	55058571.62413526	     -0.00000000	     -0.00000000	     -0.00000000	     -0.00000000	3218239.84387593	     -0.00000000	620488112.59038866	     -0.00000000	32184190.64462608	     -0.00000000	     -0.00000000	     -0.00000000	     -0.00000000	     -0.00000000	     -0.00000000	     -0.00000000
      1.00000000	1652450.10504590	  61941.38631527	45648495.56343970	3694986.12808413	6665431.19227999	     -0.00000000	     -0.00000000	   8529.68347269	     -0.00000000	     -0.00000000	     -0.00000000	     -0.00000000	     -0.00000000	     -0.00000000	282182684.61061108	401300180.72965002	479417947.80164629	     -0.00000000	     -0.00000000	     -0.00000000	     -0.00000000	     -0.00000000	     -0.00000000	39655402.29091772	    304.59977190	     -0.00000000	     -0.00000000	     -0.00000000	4510450.13792818	     -0.00000000	518305724.25180018	     -0.00000000	13947105.42702779	     -0.00000000	     -0.00000000	     -0.00000000	     -0.00000000	1864704.98784260	4212950.81357303	2806772.99632503	     -0.00000000	     -0.00000000	32165252.84743055	2589741.36519000	  26224.39146792	     -0.00000000	   1979.69583825	5111541.93968220	     -0.00000000	     -0.00000000	     -0.00000000	     -0.00000000	     -0.00000000	     -0.00000000	334038719.92840189	438861214.02035618	421662527.34882742	     -0.00000000	     -0.00000000	     -0.00000000	     -0.00000000	     -0.00000000	     -0.00000000	55432822.38815416	    -14.69519006	     -0.00000000	     -0.00000000	     -0.00000000	3528586.27267827	     -0.00000000	625695899.53741658	     -0.00000000	31816896.50413494	     -0.00000000	     -0.00000000	     -0.00000000	     -0.00000000	     -0.00000000	     -0.00000000	     -0.00000000
      1.01000000	1144400.70115037	  20760.09298244	46880639.02136207	3914305.41108866	6631140.22752206	     -0.00000000	     -0.00000000	   6831.34823349	     -0.00000000	     -0.00000000	     -0.00000000	     -0.00000000	     -0.00000000	     -0.00000000	294597010.04368538	417786039.02779800	497095219.27844304	     -0.00000000	     -0.00000000	     -0.00000000	     -0.00000000	     -0.00000000	     -0.00000000	39380585.85589242	     -0.00000000	     -0.00000000	     -0.00000000	     -0.00000000	4102253.29843418	     -0.00000000	513338173.74028695	     -0.00000000	14407588.15675709	     -0.00000000	     -0.00000000	     -0.00000000	     -0.00000000	1886417.15822936	4263213.26452147	2841217.45393861	     -0.00000000	     -0.00000000	31247831.40790812	2436771.69528692	  27938.99080460	     -0.00000000	    976.20497506	5245777.45904985	     -0.00000000	     -0.00000000	     -0.00000000	     -0.00000000	     -0.00000000	     -0.00000000	323365132.73243344	424790355.98903799	407161899.38032746	     -0.00000000	     -0.00000000	     -0.00000000	     -0.00000000	     -0.00000000	     -0.00000000	55911008.55289131	   1026.93987926	     -0.00000000	     -0.00000000	     -0.00000000	3857896.58297163	     -0.00000000	630817802.23437750	     -0.00000000	31495024.21135458	     -0.00000000	     -0.00000000	     -0.00000000	     -0.00000000	     -0.00000000	     -0.00000000	     -0.00000000
      1.02000000	 729581.84256743	   3990.25694156	48064628.48734581	4130743.48493682	6578369.49342890	     -0.00000000	     -0.00000000	   7639.14278632	     -0.00000000	     -0.00000000	     -0.00000000	     -0.00000000	     -0.00000000	     -0.00000000	306820407.42561692	433875205.56923157	514081930.08676225	     -0.00000000	     -0.00000000	     -0.00000000	     -0.00000000	     -0.00000000	     -0.00000000	39281312.94935457	     -0.00000000	     -0.00000000	     -0.00000000	     -0.00000000	3717178.95864720	     -0.00000000	509272191.03635895	     -0.00000000	14977406.43519062	     -0.00000000	     -0.00000000	     -0.00000000	     -0.00000000	1875790.58237724	4238627.94599822	2824317.16968769	     -0.00000000	     -0.00000000	30427558.15581783	2296332.24245784	  33969.91315916	     -0.00000000	    413.27895714	5383322.67105979	     -0.00000000	     -0.00000000	     -0.00000000	     -0.00000000	     -0.00000000	     -0.00000000	312921515.28363431	411095204.66656590	393419558.47813249	     -0.00000000	     -0.00000000	     -0.00000000	     -0.00000000	     -0.00000000	     -0.00000000	56437757.12756246	   6942.90377141	     -0.00000000	     -0.00000000	     -0.00000000	4192087.96751386	     -0.00000000	635741721.72073865	     -0.00000000	31209215.94386081	     -0.00000000	     -0.00000000	     -0.00000000	     -0.00000000	     -0.00000000	     -0.00000000	     -0.00000000
      1.03000000	 468958.59907928	    318.86292755	49042008.65869833	4313607.46006975	6547124.80918699	     -0.00000000	     -0.00000000	  11463.10499295	     -0.00000000	     -0.00000000	     -0.00000000	     -0.00000000	     -0.00000000	     -0.00000000	316414996.48058808	446473901.39390576	527473469.50227982	     -0.00000000	     -0.00000000	     -0.00000000	     -0.00000000	     -0.00000000	     -0.00000000	39394161.02420962	     -0.00000000	     -0.00000000	     -0.00000000	     -0.00000000	3418334.30664699	     -0.00000000	506712875.24963814	     -0.00000000	15578607.03881310	     -0.00000000	     -0.00000000	     -0.00000000	     -0.00000000	1833037.03732120	4139596.62428922	2756406.21181913	     -0.00000000	     -0.00000000	29441768.23399672	2132556.79794908	  38094.52372861	     -0.00000000	     61.24583970	5533167.05876471	     -0.00000000	     -0.00000000	     -0.00000000	     -0.00000000	     -0.00000000	     -0.00000000	301519121.60926026	395810881.86389613	377483920.38652897	     -0.00000000	     -0.00000000	     -0.00000000	     -0.00000000	     -0.00000000	     -0.00000000	57002493.09809046	  25849.17207510	     -0.00000000	     -0.00000000	     -0.00000000	4587369.46643046	     -0.00000000	641422550.08365679	     -0.00000000	30831973.25463185	     -0.00000000	     -0.00000000	     -0.00000000	     -0.00000000	     -0.00000000	     -0.00000000	     -0.00000000
      1.04000000	 234941.89251583	     -0.00000000	50149698.45539091	4523682.88357456	6496736.66381462	     -0.00000000	     -0.00000000	  19936.94581518	     -0.00000000	     -0.00000000	     -0.00000000	     -0.00000000	     -0.00000000	     -0.00000000	327670857.26710862	461129954.48725754	542799991.25183392	     -0.00000000	     -0.00000000	     -0.00000000	     -0.00000000	     -0.00000000	     -0.00000000	39633296.20574486	     -0.00000000	     -0.00000000	     -0.00000000	     -0.00000000	3086481.58119046	     -0.00000000	504278015.73835254	     -0.00000000	16356145.74054150	     -0.00000000	     -0.00000000	     -0.00000000	     -0.00000000	1764619.46801894	3980795.63984110	2647734.22811623	     -0.00000000	     -0.00000000	28826737.33467542	2017739.80887807	  54891.33346038	     -0.00000000	      0.57900441	5660863.63206043	     -0.00000000	     -0.00000000	     -0.00000000	     -0.00000000	     -0.00000000	     -0.00000000	292457978.69794345	383898710.58988386	365987027.30195552	     -0.00000000	     -0.00000000	     -0.00000000	     -0.00000000	     -0.00000000	     -0.00000000	57575496.94850586	  54406.64534629	     -0.00000000	     -0.00000000	     -0.00000000	4917392.95614491	     -0.00000000	645753642.78166151	     -0.00000000	30592163.00999859	     -0.00000000	     -0.00000000	     -0.00000000	     -0.00000000	     -0.00000000	     -0.00000000	     -0.00000000
      1.05000000	 102474.82277703	     -0.00000000	51144996.82897356	4714540.49240235	6479068.21619228	     -0.00000000	     -0.00000000	  38684.71827012	     -0.00000000	     -0.00000000	     -0.00000000	     -0.00000000	     -0.00000000	     -0.00000000	337081215.91443944	473378327.07647961	555807113.78580797	     -0.00000000	     -0.00000000	     -0.00000000	     -0.00000000	     -0.00000000	     -0.00000000	40065475.69102350	     -0.00000000	     -0.00000000	     -0.00000000	     -0.00000000	2813408.18673455	     -0.00000000	502952781.39430857	     -0.00000000	17200890.52799873	     -0.00000000	     -0.00000000	     -0.00000000	     -0.00000000	1669090.77563450	3758439.20629062	2495990.81860113	     -0.00000000	     -0.00000000	28174349.87752720	1898860.30394607	  73866.04569032	     -0.00000000	     -0.00000000	5785656.10949834	     -0.00000000	     -0.00000000	     -0.00000000	     -0.00000000	     -0.00000000	     -0.00000000	283327332.83694392	371719226.77463406	353980813.26395172	     -0.00000000	     -0.00000000	     -0.00000000	     -0.00000000	     -0.00000000	     -0.00000000	58151465.73083643	  97302.72127769	     -0.00000000	     -0.00000000	     -0.00000000	5271862.98326284	     -0.00000000	650213934.90827584	     -0.00000000	30308762.28114964	     -0.00000000	     -0.00000000	     -0.00000000	     -0.00000000	     -0.00000000	     -0.00000000	     -0.00000000
      1.06000000	  31643.28862410	     -0.00000000	52038954.21961936	4889052.54569562	6470487.24146997	     -0.00000000	     -0.00000000	  72223.67103241	     -0.00000000	     -0.00000000	     -0.00000000	     -0.00000000	     -0.00000000	     -0.00000000	345252726.65870005	483975015.97060996	567100051.90229845	     -0.00000000	     -0.00000000	     -0.00000000	     -0.00000000	     -0.00000000	     -0.00000000	40672354.81527279	     -0.00000000	     -0.00000000	     -0.00000000	     -0.00000000	2581559.97864735	     -0.00000000	502619330.98669988	     -0.00000000	18131820.92761531	     -0.00000000	     -0.00000000	     -0.00000000	     -0.00000000	1548196.61156246	3476061.64501784	2303985.47752140	     -0.00000000	     -0.00000000	27557543.18500454	1785186.20396616	  96566.89839249	     -0.00000000	     -0.00000000	5901228.24219972	     -0.00000000	     -0.00000000	     -0.00000000	     -0.00000000	     -0.00000000	     -0.00000000	274939122.24369216	360337740.31960380	342613829.72096175	     -0.00000000	     -0.00000000	     -0.00000000	     -0.00000000	     -0.00000000	     -0.00000000	58720711.34098376	 149642.46734043	     -0.00000000	     -0.00000000	     -0.00000000	5628479.88482924	     -0.00000000	654511498.93857503	     -0.00000000	30012984.35073220	     -0.00000000	     -0.00000000	     -0.00000000	     -0.00000000	     -0.00000000	     -0.00000000	     -0.00000000
      1.07000000	   5510.77254286	     -0.00000000	52903931.59932944	5057297.10909086	6497666.56563114	     -0.00000000	     -0.00000000	 124866.16442188	     -0.00000000	     -0.00000000	     -0.00000000	     -0.00000000	     -0.00000000	     -0.00000000	352459163.15777898	493305465.96652198	577334712.63266540	     -0.00000000	     -0.00000000	     -0.00000000	     -0.00000000	     -0.00000000	     -0.00000000	41442819.22696932	     -0.00000000	     -0.00000000	     -0.00000000	     -0.00000000	2380207.20663894	     -0.00000000	502982040.01309812	     -0.00000000	19157959.54774049	     -0.00000000	     -0.00000000	     -0.00000000	     -0.00000000	1408400.65690632	3148325.58946688	2082080.10238087	    223.82439226	    196.83206975	26997548.16782985	1680515.30486045	 125146.00542813	     -0.00000000	     -0.00000000	6008894.52218707	     -0.00000000	     -0.00000000	     -0.00000000	     -0.00000000	     -0.00000000	     -0.00000000	267024340.97560909	349541640.58724749	331912867.52414280	     -0.00000000	     -0.00000000	     -0.00000000	     -0.00000000	     -0.00000000	     -0.00000000	59288942.85023505	 210336.05147092	     -0.00000000	     -0.00000000	     -0.00000000	5983141.01665524	     -0.00000000	658553990.35471833	     -0.00000000	29722284.45976477	     -0.00000000	     -0.00000000	     -0.00000000	     -0.00000000	     -0.00000000	     -0.00000000	     -0.00000000
      1.08000000	    864.47240261	     -0.00000000	53570700.58716032	5190413.98291966	6547793.31369880	     -0.00000000	     -0.00000000	 204529.98708876	     -0.00000000	     -0.00000000	     -0.00000000	     -0.00000000	     -0.00000000	     -0.00000000	357165753.64456457	499374928.59445894	584348748.07525158	     -0.00000000	     -0.00000000	     -0.00000000	     -0.00000000	     -0.00000000	     -0.00000000	42399492.12717170	     -0.00000000	     -0.00000000	     -0.00000000	     -0.00000000	2242761.20072303	     -0.00000000	504629835.83314544	     -0.00000000	20229633.04412166	     -0.00000000	     -0.00000000	     -0.00000000	     -0.00000000	1249019.32800970	2773384.09589511	1829484.25736515	  24698.31937538	   4463.51786499	26353169.59107006	1567863.68974192	 151428.62067001	     -0.00000000	     -0.00000000	6111055.45743446	     -0.00000000	     -0.00000000	     -0.00000000	     -0.00000000	     -0.00000000	     -0.00000000	258943382.22735220	338236231.36464942	320217345.26438206	     -0.00000000	     -0.00000000	     -0.00000000	     -0.00000000	     -0.00000000	     -0.00000000	59845457.88886492	 287285.70210902	     -0.00000000	     -0.00000000	     -0.00000000	6371199.27106262	     -0.00000000	662824847.83108163	     -0.00000000	29361271.72073593	     -0.00000000	     -0.00000000	     -0.00000000	     -0.00000000	     -0.00000000	     -0.00000000	     -0.00000000
      1.09000000	     -2.62944425	     -0.00000000	54522771.06185687	5364014.04522457	6693034.45124370	     -0.00000000	     -0.00000000	 312466.62338063	     -0.00000000	     -0.00000000	     -0.00000000	     -0.00000000	     -0.00000000	     -0.00000000	363303767.10550398	507384174.55796289	594114284.54585266	     -0.00000000	     -0.00000000	     -0.00000000	     -0.00000000	     -0.00000000	     -0.00000000	43512590.61011526	     -0.00000000	     -0.00000000	     -0.00000000	     -0.00000000	2077826.99462075	     -0.00000000	505962034.89792532	     -0.00000000	21501717.19410464	     -0.00000000	     -0.00000000	     -0.00000000	     -0.00000000	1083217.00967664	2382308.80875472	1567493.77520443	  97136.88505133	  15180.93473746	25908130.74627773	1486139.81318559	 179222.16411746	     -0.00000000	     -0.00000000	6190783.92684161	     -0.00000000	     -0.00000000	     -0.00000000	     -0.00000000	     -0.00000000	     -0.00000000	253332623.29599243	330216523.19582349	311909576.63229746	     -0.00000000	     -0.00000000	     -0.00000000	     -0.00000000	     -0.00000000	     -0.00000000	60315254.10091252	 350848.57224818	     -0.00000000	     -0.00000000	     -0.00000000	6673691.98804381	     -0.00000000	666041739.98336887	     -0.00000000	29100327.16418181	     -0.00000000	     -0.00000000	     -0.00000000	     -0.00000000	     -0.00000000	     -0.00000000	     -0.00000000
      1.10000000	     -0.00000000	     -0.00000000	55125415.66384005	5478327.92443480	6849087.49199836	     -0.00000000	     -0.00000000	 459983.16632696	     -0.00000000	     -0.00000000	     -0.00000000	     -0.00000000	     -0.00000000	     -0.00000000	365421221.11248374	510279093.87554610	598669672.12142587	     -0.00000000	     -0.00000000	     -0.00000000	     -0.00000000	     -0.00000000	     -0.00000000	44805097.15189520	     -0.00000000	     -0.00000000	     -0.00000000	     -0.00000000	2001662.64612777	     -0.00000000	508945554.00358331	     -0.00000000	22759805.74605567	     -0.00000000	     -0.00000000	     -0.00000000	     -0.00000000	 907339.94211422	1966974.85849757	1290979.34230096	 240873.61384118	  42032.44844728	25277350.20521157	1382566.10451772	 203006.07463347	     -0.00000000	     -0.00000000	6278548.22869796	     -0.00000000	     -0.00000000	     -0.00000000	     -0.00000000	     -0.00000000	     -0.00000000	246273024.43101624	319937271.50132614	300785609.20862108	     -0.00000000	     -0.00000000	     -0.00000000	     -0.00000000	     -0.00000000	     -0.00000000	60831289.20974502	 443884.44723802	     -0.00000000	     -0.00000000	     -0.00000000	7060706.32706171	     -0.00000000	670025830.90950012	     -0.00000000	28721546.27272459	     -0.00000000	     -0.00000000	     -0.00000000	     -0.00000000	     -0.00000000	     -0.00000000	     -0.00000000
      1.11000000	     -0.00000000	     -0.00000000	55853456.25223102	5607714.28681025	7065525.46745946	     -0.00000000	     -0.00000000	 646883.18214258	     -0.00000000	     -0.00000000	     -0.00000000	     -0.00000000	     -0.00000000	     -0.00000000	367982573.98832726	513823616.20040435	604319884.44028270	     -0.00000000	     -0.00000000	     -0.00000000	     -0.00000000	     -0.00000000	     -0.00000000	46240276.25970705	     -0.00000000	     -0.00000000	     -0.00000000	     -0.00000000	1919317.40397597	     -0.00000000	512013345.66203922	     -0.00000000	24171071.90598849	     -0.00000000	     -0.00000000	     -0.00000000	     -0.00000000	 733966.44518781	1558035.70606669	1020530.67529854	 409237.77901327	  79924.01357764	24731696.41435510	1295409.41223639	 222339.21409725	     -0.00000000	     -0.00000000	6353619.53867410	     -0.00000000	     -0.00000000	     -0.00000000	     -0.00000000	     -0.00000000	     -0.00000000	240610768.23119342	311446797.41145307	291331711.67620552	     -0.00000000	     -0.00000000	     -0.00000000	     -0.00000000	     -0.00000000	     -0.00000000	61282476.49433441	 532072.13666227	     -0.00000000	     -0.00000000	     -0.00000000	7400763.88763256	     -0.00000000	673438418.27371705	     -0.00000000	28391760.13876337	     -0.00000000	     -0.00000000	     -0.00000000	     -0.00000000	     -0.00000000	     -0.00000000	     -0.00000000
      1.12000000	     -3.14487635	     -0.00000000	56557750.10864396	5728827.98511451	7331502.84524335	     -0.00000000	     -0.00000000	 879126.60102398	     -0.00000000	     -0.00000000	     -0.00000000	     -0.00000000	     -0.00000000	     -0.00000000	369478403.20400369	516104564.68704331	609007467.26550508	     -0.00000000	     -0.00000000	     -0.00000000	     -0.00000000	     -0.00000000	     -0.00000000	47825110.08251796	     -0.00000000	     -0.00000000	     -0.00000000	     -0.00000000	1859977.63050413	     -0.00000000	515597106.97284907	     -0.00000000	25682362.38955304	     -0.00000000	     -0.00000000	     -0.00000000	     -0.00000000	 565664.33127165	1163004.79547158	 760983.62057053	 604267.89532870	 127026.75260864	24180400.94219837	1211689.27411403	 236252.95364186	     -0.00000000	     -0.00000000	6425005.48342946	     -0.00000000	     -0.00000000	     -0.00000000	     -0.00000000	     -0.00000000	     -0.00000000	235382121.57252806	303376020.32259697	282038190.39850670	     -0.00000000	     -0.00000000	     -0.00000000	     -0.00000000	     -0.00000000	     -0.00000000	61711316.97093868	 626491.52128622	     -0.00000000	     -0.00000000	     -0.00000000	7737956.45292287	     -0.00000000	676745125.05457616	     -0.00000000	28060135.32663080	     -0.00000000	     -0.00000000	     -0.00000000	     -0.00000000	     -0.00000000	     -0.00000000	     -0.00000000
      1.13000000	    488.06747456	     -0.00000000	58504229.77534597	6005443.90843177	8221977.25516516	     -0.00000000	     -3.24555761	1130123.87424801	     -0.00000000	     -0.00000000	     -0.00000000	     -0.00000000	     -0.00000000	     -0.00000000	373903692.75232261	523218311.20550144	623361651.83478224	     -0.00000000	     -0.00000000	     -0.00000000	     -0.00000000	     -0.00000000	     -0.00000000	49739562.50490496	     -0.00000000	     -0.00000000	     -0.00000000	     -0.00000000	1735334.40112441	     -0.00000000	516592467.56871945	     -0.00000000	27552416.52337354	     -0.00000000	     -0.00000000	     -0.00000000	     -0.00000000	 421994.51210261	 829381.16627650	 542859.30267957	 588506.18355294	 131833.00586232	23550192.52233531	1154963.01320403	 169534.48373374	     -0.00000000	     -0.00000000	6444663.08434510	     -0.00000000	     -0.00000000	     -0.00000000	     -0.00000000	     -0.00000000	     -0.00000000	232519696.10420510	298514107.62760884	274490653.73265469	     -0.00000000	     -0.00000000	     -0.00000000	     -0.00000000	     -0.00000000	     -0.00000000	61575419.83952693	 690167.91925872	     -0.00000000	     -0.00000000	     -0.00000000	7876773.96250313	     -0.00000000	678517826.28111506	     -0.00000000	27786563.58809631	     -0.00000000	     -0.00000000	     -0.00000000	     -0.00000000	     -0.00000000	     -0.00000000	     -0.00000000
      1.14000000	   1489.84819076	     -0.00000000	57858048.22266527	5946821.46644387	7962850.85163034	     -0.00000000	    609.60121921	1486582.19527829	     -0.00000000	     -0.00000000	     -0.00000000	     -0.00000000	     -0.00000000	     -0.00000000	369852962.29970050	517517961.19739461	615684664.89208436	     -0.00000000	     -0.00000000	     -0.00000000	     -0.00000000	     -0.00000000	     -0.00000000	51355305.56765668	     -0.00000000	     -0.00000000	     -0.00000000	     -0.00000000	1796088.14064295	     -0.00000000	524007380.67261761	     -0.00000000	28980622.13785644	     -0.00000000	     -0.00000000	     -0.00000000	     -0.00000000	 265003.79704781	 473422.24855669	 310947.97730639	1051153.78919817	 243306.16752591	23077713.36188824	1055589.03793628	 250231.64866623	     -0.00000000	     -0.00000000	6558724.60143731	     -0.00000000	     -0.00000000	     -0.00000000	     -0.00000000	     -0.00000000	     -0.00000000	226002648.99111602	288287066.91223109	263930358.83273467	     -0.00000000	     -0.00000000	     -0.00000000	     -0.00000000	     -0.00000000	     -0.00000000	62517190.53036629	 833716.16997876	     -0.00000000	     -0.00000000	     -0.00000000	8404845.21397100	     -0.00000000	683041069.96098006	     -0.00000000	27400876.41586810	     -0.00000000	     -0.00000000	     -0.00000000	     -0.00000000	     -0.00000000	     -0.00000000	     -0.00000000
      1.15000000	   4798.09856168	     -0.00000000	58752033.32931834	6089201.60421816	8390681.83799081	     -0.00000000	   5008.75875598	1858724.90285109	     -0.00000000	     -0.00000000	     -0.00000000	     -0.00000000	     -0.00000000	     -0.00000000	371011436.26473302	519576682.92045581	621117007.92033041	     -0.00000000	     -0.00000000	     -0.00000000	     -0.00000000	     -0.00000000	     -0.00000000	53289098.18226144	     -0.00000000	     -0.00000000	     -0.00000000	     -0.00000000	1746093.16801251	     -0.00000000	527838420.71178365	     -0.00000000	30868842.25080330	     -0.00000000	     -0.00000000	     -0.00000000	     -0.00000000	 145903.52885312	 217771.36896654	 144497.60254586	1217607.44444671	 291971.49283134	22619210.78968569	 996299.37261234	 243499.21031044	     -0.00000000	     -0.00000000	6611791.59500086	     -0.00000000	     -0.00000000	     -0.00000000	     -0.00000000	     -0.00000000	     -0.00000000	223210979.45265034	283206551.11378485	257084607.09421492	     -0.00000000	     -0.00000000	     -0.00000000	     -0.00000000	     -0.00000000	     -0.00000000	62808831.26452202	 918274.99602890	     -0.00000000	     -0.00000000	     -0.00000000	8658610.61269448	     -0.00000000	685470174.00644529	     -0.00000000	27147415.65878891	     -0.00000000	     -0.00000000	     -0.00000000	     -0.00000000	     -0.00000000	     -0.00000000	     -0.00000000
      1.16000000	  23822.94608392	     -0.00000000	58988181.11797927	6135211.55259388	8669216.05398772	     -0.00000000	  14619.15024741	2284174.14887524	     -0.00000000	     -0.00000000	     -0.00000000	     -0.00000000	     -0.00000000	     -0.00000000	367504201.25081420	515543704.18105376	619097402.18299353	     -0.00000000	     -0.00000000	     -0.00000000	     -0.00000000	     -0.00000000	     -0.00000000	55246904.61622667	     -0.00000000	     -0.00000000	     -0.00000000	     -0.00000000	1787443.38058559	     -0.00000000	533472221.16017479	     -0.00000000	32594988.54781225	     -0.00000000	     -0.00000000	     -0.00000000	     -0.00000000	  56427.58391016	  65581.40929716	  42988.70781789	1543346.22359377	 381716.92918694	22024318.42767025	 917662.02882961	 252019.91106507	     -0.00000000	     -0.00000000	6677348.34684739	     -0.00000000	     -0.00000000	     -0.00000000	     -0.00000000	     -0.00000000	     -0.00000000	217990109.74756402	274674148.22433007	246888760.58032063	     -0.00000000	     -0.00000000	     -0.00000000	     -0.00000000	     -0.00000000	     -0.00000000	63264311.06456023	1060206.69999309	     -0.00000000	     -0.00000000	     -0.00000000	9054038.89915820	     -0.00000000	688783560.55317605	     -0.00000000	26762343.93341196	     -0.00000000	     -0.06251849	     -0.00000000	     -0.00000000	     -0.00000000	     -0.00000000	     -0.00000000
      1.17000000	  52940.72585582	     -0.00000000	59532730.36777043	6229067.25249720	9019385.17200039	     -0.00000000	  35238.65719417	2745561.73743146	     -0.00000000	     -0.00000000	     -0.00000000	     -0.00000000	     -0.00000000	     -0.00000000	366341150.48757613	514504711.60843253	620580775.26454759	     -0.00000000	     -0.00000000	     -0.00000000	     -0.00000000	     -0.00000000	     -0.00000000	57275718.78630968	     -0.00000000	     -0.00000000	     -0.00000000	     -0.00000000	1784333.30427967	     -0.00000000	538144776.89551735	     -0.00000000	34513049.85879736	     -0.00000000	     -0.00000000	     -0.00000000	     -0.00000000	  12913.75665810	   8328.78103392	   5390.55349816	1781672.15359274	 451856.75568965	21566858.17524181	 860171.61941216	 251501.90306725	     -0.00000000	     -0.00000000	6727902.23195711	     -0.00000000	     -0.00000000	     -0.00000000	     -0.00000000	     -0.00000000	     -0.00000000	214793110.41289705	268953629.21753758	239512034.87817261	     -0.00000000	     -0.00000000	     -0.00000000	     -0.00000000	     -0.00000000	     -0.00000000	63602829.17645813	1169255.29985666	     -0.00000000	     -0.00000000	     -0.00000000	9347518.86461634	     -0.00000000	691249205.30485022	     -0.00000000	26479792.63278428	     -0.00000000	     -0.28160613	     -0.00000000	     -0.00000000	     -0.00000000	     -0.00000000	     -0.00000000
      1.18000000	  83941.98645702	     -0.00000000	60193237.83632260	6339163.31312139	9392546.87734802	     -0.00000000	  73495.25313739	3234043.14743252	     -0.00000000	     -0.00000000	     -0.00000000	     -0.00000000	     -0.00000000	     -0.00000000	366362295.93073720	514954111.42872137	623661043.03603864	     -0.00000000	     -0.00000000	     -0.00000000	     -0.00000000	     -0.00000000	     -0.00000000	59320106.17282395	     -0.00000000	     -0.00000000	     -0.00000000	     -0.00000000	1761679.82015340	     -0.00000000	542288799.41239464	     -0.00000000	36512868.38566802	     -0.00000000	     -0.00000000	     -0.00000000	     -0.00000000	    661.95848847	     -0.00000000	     -0.00000000	1954324.46959219	 507692.64574877	21150380.35138118	 812146.95750878	 239990.50314102	     -0.00000000	     -0.00000000	6765616.82628578	     -0.00000000	     -0.00000000	     -0.00000000	     -0.00000000	     -0.00000000	     -0.00000000	212622316.08255011	264599523.41755873	233323869.30939922	     -0.00000000	     -0.00000000	     -0.00000000	     -0.00000000	     -0.00000000	     -0.00000000	63846981.64609214	1262547.23453071	     -0.00000000	     -0.00000000	     -0.00000000	9587247.72826824	     -0.00000000	693289080.20385492	     -0.00000000	26231142.85057704	     -0.00000000	      2.86707179	     -0.00000000	     -0.00000000	     -0.00000000	     -0.00000000	     -0.00000000
      1.19000000	 138892.28526734	     -0.00000000	60230161.40066967	6363634.64850689	9548117.88350158	     -0.00000000	 117192.64790633	3754506.03803786	     -0.00000000	     -0.00000000	     -0.00000000	     -0.00000000	     -0.00000000	     -0.00000000	363069463.78011376	510929529.13655967	620537194.31892860	     -0.00000000	     -0.00000000	     -0.00000000	     -0.00000000	     -0.00000000	     -0.00000000	61265316.79859338	     -0.00000000	     -0.00000000	     -0.00000000	     -0.00000000	1804465.26850319	     -0.00000000	547629570.76693523	     -0.00000000	38292212.16629873	     -0.00000000	     -0.00000000	     -0.00000000	     -0.00000000	     -0.00000000	     -0.00000000	     -0.00000000	2314187.61402945	 610301.34313086	20704644.38331959	 754971.78823510	 255393.07531780	     -0.00000000	     -0.00000000	6811553.83717705	     -0.00000000	     -0.00000000	     -0.00000000	     -0.00000000	     -0.00000000	     -0.00000000	208470569.73463282	257600676.91173264	225078744.06552085	     -0.00000000	     -0.00000000	     -0.00000000	     -0.00000000	     -0.00000000	     -0.00000000	64272713.51693635	1405901.28561845	     -0.00000000	     -0.00000000	     -0.00000000	9945086.13836653	     -0.00000000	695858322.31031275	     -0.00000000	25900749.20252501	     -0.00000000	     23.28741239	     -0.00000000	     -0.00000000	     -0.00000000	     -0.00000000	     -0.00000000
      1.20000000	 177674.95518273	     -0.00000000	60589395.96384149	6433677.52957720	9772233.18125341	     -0.00000000	 176695.19020105	4277520.87245365	     -0.00000000	     -0.00000000	     -0.00000000	     -0.00000000	     -0.00000000	     -0.00000000	362475609.59949625	510363054.19276929	621411458.31971872	     -0.00000000	     -0.00000000	     -0.00000000	     -0.00000000	     -0.00000000	     -0.00000000	63172508.69787310	     -0.00000000	     -0.00000000	     -0.00000000	     -0.00000000	1798698.32966309	     -0.00000000	551666928.62578857	     -0.00000000	40194186.24737903	     -0.00000000	     -0.00000000	     -0.00000000	     -0.00000000	     -0.00000000	     -0.00000000	     -0.00000000	2535372.10037510	 679866.73678319	20339761.98886200	 713136.76697569	 252549.58853950	     -0.00000000	     -0.00000000	6835936.98624105	     -0.00000000	     -0.00000000	     -0.00000000	     -0.00000000	     -0.00000000	     -0.00000000	206180975.81988943	253165305.74585459	219149554.83705556	     -0.00000000	     -0.00000000	     -0.00000000	     -0.00000000	     -0.00000000	     -0.00000000	64527550.18923393	1510691.17323211	     -0.00000000	     -0.00000000	     -0.00000000	10195877.75510417	     -0.00000000	697683164.20819664	     -0.00000000	25639829.21686409	     -0.00000000	     57.93939028	     -0.00000000	     -0.00000000	     -0.00000000	     -0.00000000	     -0.00000000
      1.21000000	 203549.88513300	     -0.00000000	61029861.14793528	6511632.26945124	9999708.94754226	     -0.00000000	 247669.43090238	4789757.12541893	     -0.00000000	     -0.00000000	     -0.00000000	     -0.00000000	     -0.00000000	     -0.00000000	363012721.57606936	511222709.53939456	623759166.24039125	     -0.00000000	     -0.00000000	     -0.00000000	     -0.00000000	     -0.00000000	     -0.00000000	64966056.78670724	     -0.00000000	     -0.00000000	     -0.00000000	     -0.00000000	1775562.24210733	     -0.00000000	554953549.04947996	     -0.00000000	42078485.80061197	     -0.00000000	     -0.00000000	     -0.00000000	     -0.00000000	     -0.00000000	     -0.00000000	     -0.00000000	2715882.29927649	 738638.81296458	20038584.77586184	 679529.34016989	 248662.94970251	     -0.00000000	     -0.00000000	6845744.44905210	     -0.00000000	     -0.00000000	     -0.00000000	     -0.00000000	     -0.00000000	     -0.00000000	204557942.93945467	249748165.85709089	214367954.04535297	     -0.00000000	     -0.00000000	     -0.00000000	     -0.00000000	     -0.00000000	     -0.00000000	64721016.85098276	1598761.81212806	     -0.00000000	     -0.00000000	     -0.00000000	10403191.96762433	     -0.00000000	699123161.89819753	     -0.00000000	25404726.90683213	     -0.00000000	    103.08279858	     -0.00000000	     -0.00000000	     -0.00000000	     -0.00000000	     -0.00000000
      1.22000000	 224396.54485066	     -0.00000000	61054541.95139435	6529042.03203645	10034220.22461078	     -0.00000000	 316545.88630975	5287198.01054200	     -0.00000000	     -0.00000000	     -0.00000000	     -0.00000000	     -0.00000000	     -0.00000000	362226877.31750774	510203404.39901960	622869186.19303834	     -0.00000000	     -0.00000000	     -0.00000000	     -0.00000000	     -0.00000000	     -0.00000000	66519183.13737936	     -0.00000000	     -0.00000000	     -0.00000000	     -0.00000000	1782297.92607793	     -0.00000000	558603165.42243409	     -0.00000000	43723242.29731510	     -0.00000000	     -0.00000000	     -0.00000000	     -0.00000000	     -0.00000000	     -0.00000000	     -0.00000000	3035347.80270580	 831105.84756650	19753575.21034451	 643432.92112476	 266420.05975530	     -0.00000000	     -0.00000000	6854875.13367831	     -0.00000000	     -0.00000000	     -0.00000000	     -0.00000000	     -0.00000000	     -0.00000000	201700668.03723532	244800131.35860822	208646673.73120594	     -0.00000000	     -0.00000000	     -0.00000000	     -0.00000000	     -0.00000000	     -0.00000000	65024439.16659276	1717730.93791041	     -0.00000000	     -0.00000000	     -0.00000000	10678588.26472751	     -0.00000000	700749797.41675055	     -0.00000000	25125760.14987495	     -0.00000000	    168.11056942	     -0.00000000	     -0.00000000	     -0.00000000	     -0.00000000	     -0.00000000
      1.23000000	 234022.15457663	     -0.00000000	61117331.30808994	6544068.44438475	10072369.47597988	     -0.00000000	 387534.50257782	5744657.77815957	     -0.00000000	     -0.00000000	     -0.00000000	     -0.00000000	     -0.00000000	     -0.00000000	362085292.84311509	510035754.97758049	622916658.27544093	     -0.00000000	     -0.00000000	     -0.00000000	     -0.00000000	     -0.00000000	     -0.00000000	67879403.93826689	     -0.00000000	     -0.00000000	     -0.00000000	     -0.00000000	1781131.29068866	     -0.00000000	561566665.17152643	     -0.00000000	45232511.35623431	     -0.00000000	     -0.00000000	     -0.00000000	     -0.00000000	     -0.00000000	     -0.00000000	     -0.00000000	3340836.01270734	 919711.67562582	19511037.02677722	 612670.74834807	 284956.25775105	     -0.00000000	     -0.00000000	6847579.58183429	     -0.00000000	     -0.00000000	     -0.00000000	     -0.00000000	     -0.00000000	     -0.00000000	199199005.91145995	240428488.70861059	203628557.97505167	     -0.00000000	     -0.00000000	     -0.00000000	     -0.00000000	     -0.00000000	     -0.00000000	65277698.55183393	1828411.62018597	     -0.00000000	     -0.00000000	     -0.00000000	10929213.90132287	     -0.00000000	702088750.19033098	     -0.00000000	24848519.54428282	     -0.00000000	    249.85622287	     -0.00000000	     -0.00000000	     -0.00000000	     -0.00000000	     -0.00000000
      1.24000000	 225470.53527747	     -0.00000000	61474158.73361264	6595128.85833511	10208909.72836979	     -0.00000000	 464373.61100727	6141745.76028788	     -0.00000000	     -0.00000000	     -0.00000000	     -0.00000000	     -0.00000000	     -0.00000000	363846286.99746150	512388392.56156468	626254271.73246598	     -0.00000000	     -0.00000000	     -0.00000000	     -0.00000000	     -0.00000000	     -0.00000000	69064756.86876446	     -0.00000000	     -0.00000000	     -0.00000000	     -0.00000000	1746484.78394505	     -0.00000000	563196359.21196604	     -0.00000000	46668045.44067866	     -0.00000000	     -0.00000000	     -0.00000000	     -0.00000000	     -0.00000000	     -0.00000000	     -0.00000000	3551097.92619911	 982950.41661467	19336598.15565125	 591185.86053535	 296177.28704713	     -0.00000000	     -0.00000000	6822053.01851534	     -0.00000000	     -0.00000000	     -0.00000000	     -0.00000000	     -0.00000000	     -0.00000000	197815163.81361032	237698883.21471786	200242175.67394900	     -0.00000000	     -0.00000000	     -0.00000000	     -0.00000000	     -0.00000000	     -0.00000000	65420182.77608820	1905881.32672479	     -0.00000000	     -0.00000000	     -0.00000000	11104896.56636967	     -0.00000000	702931957.77439749	     -0.00000000	24611752.12308337	     -0.00000000	    333.48481947	     -0.00000000	     -0.00000000	     -0.00000000	     -0.00000000	     -0.00000000
      1.25000000	 208607.16681920	     -0.00000000	61451901.41821161	6590461.18438164	10162129.68665749	     -0.00000000	 525528.67096499	6480637.08333147	     -0.00000000	     -0.00000000	     -0.00000000	     -0.00000000	     -0.00000000	     -0.00000000	364479912.26457441	513134426.12369293	626738939.43786848	     -0.00000000	     -0.00000000	     -0.00000000	     -0.00000000	     -0.00000000	     -0.00000000	69922871.56730048	     -0.00000000	     -0.00000000	     -0.00000000	     -0.00000000	1737225.78595777	     -0.00000000	565094013.69528997	     -0.00000000	47748902.75492308	     -0.00000000	     -0.00000000	     -0.00000000	     -0.00000000	     -0.00000000	     -0.00000000	     -0.00000000	3940670.62907171	1087047.83422686	19211634.77743534	 569067.85560863	 339804.46820069	     -0.00000000	     -0.00000000	6793148.31651559	     -0.00000000	     -0.00000000	     -0.00000000	     -0.00000000	     -0.00000000	     -0.00000000	194971001.68924057	233321400.21350652	196121383.79202744	     -0.00000000	     -0.00000000	     -0.00000000	     -0.00000000	     -0.00000000	     -0.00000000	65681119.51566421	2014344.86135260	     -0.00000000	     -0.00000000	     -0.00000000	11347916.84584083	     -0.00000000	703867989.52824771	     -0.00000000	24338842.38736900	     -0.00000000	    432.07812253	     -0.00000000	     -0.00000000	     -0.00000000	     -0.00000000	     -0.00000000
      1.26000000	 170604.77165276	     -0.00000000	61738719.20364619	6636934.69865520	10181971.29513224	     -0.00000000	 586288.36007933	6731042.63186602	     -0.00000000	     -0.00000000	     -0.00000000	     -0.00000000	     -0.00000000	     -0.00000000	367371643.52744907	516730775.41125011	630595154.06341457	     -0.00000000	     -0.00000000	     -0.00000000	     -0.00000000	     -0.00000000	     -0.00000000	70565123.31113988	     -0.00000000	     -0.00000000	     -0.00000000	     -0.00000000	1684105.70315956	     -0.00000000	565480522.71673667	   -163.60809621	48715875.92059018	     -0.00000000	     -0.00000000	     -0.00000000	     -0.00000000	     -0.00000000	     -0.00000000	     -0.00000000	4242440.51810406	1165538.34394145	19190834.11308695	 557618.01880139	 385057.94421475	     -0.00000000	     -0.00000000	6741937.96750214	     -0.00000000	     -0.00000000	     -0.00000000	     -0.00000000	     -0.00000000	     -0.00000000	193472259.54422837	230947736.62225029	194125341.27156731	     -0.00000000	     -0.00000000	     -0.00000000	     -0.00000000	     -0.00000000	     -0.00000000	65840618.04211578	2078471.40093584	     -0.00000000	     -0.00000000	     -0.00000000	11504505.67119307	     -0.00000000	704224485.69460869	     -0.00000000	24113105.36800885	     -0.00000000	    506.92631449	     -0.00000000	     -0.00000000	     -0.00000000	     -0.00000000	     -0.00000000
      1.27000000	 125549.49030103	     -0.00000000	61618966.09924292	6624919.04558547	9992614.90135173	     -0.00000000	 624462.22958147	6911266.79214084	     -0.00000000	     -0.00000000	     -0.00000000	     -0.00000000	     -0.00000000	     -0.00000000	369272522.71627146	518848620.18824065	631545485.89182663	     -0.00000000	     -0.00000000	     -0.00000000	     -0.00000000	     -0.00000000	     -0.00000000	70867906.54548153	     -0.00000000	     -0.00000000	     -0.00000000	     -0.00000000	1654299.36493191	     -0.00000000	566335995.75770378	   -338.33598629	49295115.55907688	     -0.00000000	     -0.00000000	     -0.00000000	     -0.00000000	     -0.00000000	     -0.00000000	     -0.00000000	4741152.69982798	1287203.18622933	19224040.20200782	 545905.44759527	 471237.35360823	     -0.00000000	     -0.00000000	6687937.93280782	     -0.00000000	     -0.00000000	     -0.00000000	     -0.00000000	     -0.00000000	     -0.00000000	190397907.34597459	226850804.38264969	191401936.37619323	     -0.00000000	     -0.00000000	     -0.00000000	     -0.00000000	     -0.00000000	     -0.00000000	66111462.72861869	2173566.61858106	     -0.00000000	     -0.00000000	     -0.00000000	11725728.41087668	     -0.00000000	704641580.58208179	     -0.00000000	23856858.12374467	     -0.00000000	    582.68484334	     -0.00000000	     -0.00000000	     -0.00000000	     -0.00000000	     -0.00000000
      1.28000000	  73749.04569496	     -0.00000000	61753208.93998916	6665989.13290631	9832724.63334474	     -0.00000000	 656469.39883851	6994680.48393798	     -0.00000000	     -0.00000000	     -0.00000000	     -0.00000000	     -0.00000000	     -0.00000000	373180988.60244298	523385662.04549491	635111448.75941098	     -0.00000000	     -0.00000000	     -0.00000000	     -0.00000000	     -0.00000000	     -0.00000000	70961438.39775889	     -0.00000000	     -0.00000000	     -0.00000000	     -0.00000000	1583402.92986169	     -0.00000000	565805176.19542110	   -341.03017853	49736453.68067457	     -0.00000000	     -0.00000000	     -0.00000000	     -0.00000000	     -0.00000000	     -0.00000000	     -0.00000000	5190117.92939373	1391291.97732084	19338466.01923603	 542101.54039558	 566968.40504312	     -0.00000000	     -0.00000000	6622174.01737480	     -0.00000000	     -0.00000000	     -0.00000000	     -0.00000000	     -0.00000000	     -0.00000000	188005752.25423968	223946921.00816432	190128565.06628072	     -0.00000000	     -0.00000000	     -0.00000000	     -0.00000000	     -0.00000000	     -0.00000000	66310205.08587541	2236920.39353551	     -0.00000000	     -0.00000000	     -0.00000000	11883855.35467971	     -0.00000000	704636012.18000209	     -0.00000000	23645059.28270070	     -0.00000000	    623.95961145	     -0.00000000	     -0.00000000	     -0.00000000	     -0.00000000	     -0.00000000
      1.29000000	  21607.52470651	     -0.00000000	61434872.88928517	6645368.51169059	9387826.97610936	     -0.00000000	 667454.07263401	7020725.20296000	     -0.00000000	     -0.00000000	     -0.00000000	     -0.00000000	     -0.00000000	     -0.00000000	377009380.73662472	527442177.20443594	636222642.55708289	     -0.00000000	     -0.00000000	     -0.00000000	     -0.00000000	     -0.00000000	     -0.00000000	70705948.71583600	     -0.00000000	     -0.00000000	     -0.00000000	     -0.00000000	1521807.58993339	     -0.00000000	565901454.96165884	   -305.65705036	49843351.57673902	     -0.00000000	     -0.00000000	     -0.00000000	     -0.00000000	     -0.00000000	     -0.00000000	     -0.00000000	5823853.72312522	1530015.11231378	19629413.77810304	 546464.68398952	 736532.02294657	     -0.00000000	     -0.00000000	6531015.52104363	     -0.00000000	     -0.00000000	     -0.00000000	     -0.00000000	     -0.00000000	     -0.00000000	185394902.31152803	221210467.91447222	190195901.82553560	     -0.00000000	     -0.00000000	     -0.00000000	     -0.00000000	     -0.00000000	     -0.00000000	66592789.60938301	2289110.76927936	     -0.00000000	     -0.00000000	     -0.00000000	12044707.51007230	     -0.00000000	704223586.06497705	     -0.00000000	23428919.72577465	     -0.00000000	    612.28801677	     -0.00000000	     -0.00000000	     -0.00000000	     -0.00000000	     -0.00000000
      1.30000000	   2019.94906825	     -0.00000000	60953225.74553207	6612000.10908859	8850381.93434509	     -0.00000000	 658692.51348454	6971904.97868362	     -0.00000000	     -0.00000000	     -0.00000000	     -0.00000000	     -0.00000000	     -0.00000000	380508841.90983099	530877820.31370378	635929254.75143993	     -0.00000000	     -0.00000000	     -0.00000000	     -0.00000000	     -0.00000000	     -0.00000000	70213033.88311011	     -0.00000000	     -0.00000000	     -0.00000000	     -0.00000000	1465275.85053044	     -0.00000000	565848996.67485499	   -329.88512988	49667416.71921191	     -0.00000000	     -0.00000000	     -0.00000000	     -0.00000000	     -0.00000000	     -0.00000000	     -0.00000000	6572305.57772759	1689005.79660348	19956242.44901886	 552363.76952884	 949657.91487563	     -0.00000000	     -0.00000000	6422086.02061724	     -0.00000000	     -0.00000000	     -0.00000000	     -0.00000000	     -0.00000000	     -0.00000000	181690637.79800484	217414391.06975225	189890453.64724079	     -0.00000000	     -0.00000000	     -0.00000000	     -0.00000000	     -0.00000000	     -0.00000000	66853712.16396353	2355102.78113128	     -0.00000000	     -0.00000000	     -0.00000000	12225040.21195736	     -0.00000000	703634005.98990357	     -0.00000000	23175707.61929110	     -0.00000000	    599.95294334	     -0.00000000	     -0.00000000	     -0.00000000	     -0.00000000	     -0.00000000
      1.31000000	     -0.00000000	     -0.00000000	60679093.46822915	6603391.39324317	8404715.50816355	     -0.00000000	 644451.76986223	6855580.48229254	     -0.00000000	     -0.00000000	     -0.00000000	     -0.00000000	     -0.00000000	     -0.00000000	385135835.44652736	535810586.14031559	637701114.77053833	     -0.00000000	     -0.00000000	     -0.00000000	     -0.00000000	     -0.00000000	     -0.00000000	69604310.84566633	     -0.00000000	     -0.00000000	     -0.00000000	     -0.00000000	1392292.49222714	     -0.00000000	565093070.23738670	   -346.09728046	49369825.50406577	     -0.00000000	     -0.00000000	     -0.00000000	     -0.00000000	     -0.00000000	     -0.00000000	     -0.00000000	7183844.78559822	1815611.91424225	20282837.49409514	 561460.58931495	1151632.30505923	     -0.00000000	     -0.00000000	6292749.61855686	     -0.00000000	     -0.00000000	     -0.00000000	     -0.00000000	     -0.00000000	     -0.00000000	179374807.14447343	215278397.21736890	190657834.46331725	     -0.00000000	     -0.00000000	     -0.00000000	     -0.00000000	     -0.00000000	     -0.00000000	66980599.73239788	2387772.63299295	     -0.00000000	     -0.00000000	     -0.00000000	12340511.60853124	     -0.00000000	702713603.93696856	     -0.00000000	22920502.35211115	     -0.00000000	    592.28202927	     -0.00000000	     -0.00000000	     -0.00000000	     -0.00000000	     -0.00000000
      1.32000000	     -0.00000000	     -0.00000000	59949411.73467036	6564733.56902606	7635182.15993337	     -0.00000000	 614355.46105430	6702181.39166089	     -0.00000000	     -0.00000000	     -0.00000000	     -0.00000000	     -0.00000000	     -0.00000000	389987478.37512094	540346531.30667400	636473982.56938386	     -0.00000000	     -0.00000000	     -0.00000000	     -0.00000000	     -0.00000000	     -0.00000000	68688046.29039347	     -0.00000000	     -0.00000000	     -0.00000000	     -0.00000000	1312952.53642388	     -0.00000000	564432320.30881572	   -281.29131247	48858761.42706669	     -0.00000000	     -0.00000000	     -0.00000000	     -0.00000000	     -0.00000000	     -0.00000000	     -0.00000000	8077705.03838089	1985141.65762652	20839242.77345128	 583020.18505901	1487015.13535518	     -0.00000000	     -0.00000000	6136491.39541263	     -0.00000000	     -0.00000000	     -0.00000000	     -0.00000000	     -0.00000000	     -0.00000000	175065297.26258102	211725793.01761809	192283532.37169215	     -0.00000000	     -0.00000000	     -0.00000000	     -0.00000000	     -0.00000000	     -0.00000000	67141598.20230915	2420012.04009755	     -0.00000000	     -0.00000000	     -0.00000000	12460298.41614957	     -0.00000000	701157989.33607757	     -0.00000000	22670427.80388031	     -0.00000000	    507.38928359	     -0.00000000	     -0.00000000	     -0.00000000	     -0.00000000	     -0.00000000
      1.33000000	     -0.00000000	     -0.00000000	59294953.67438833	6524250.10006297	6972128.72555870	     -0.00000000	 577148.29681839	6506712.22551008	     -0.00000000	     -0.00000000	     -0.00000000	     -0.00000000	     -0.00000000	     -0.00000000	394512431.64865166	544635858.54317629	635575129.02747142	     -0.00000000	     -0.00000000	     -0.00000000	     -0.00000000	     -0.00000000	     -0.00000000	67707927.59012432	     -0.00000000	     -0.00000000	     -0.00000000	     -0.00000000	1243423.74924997	     -0.00000000	563593861.55234861	    -70.97098638	48208614.43762089	     -0.00000000	     -0.00000000	     -0.00000000	     -0.00000000	     -0.00000000	     -0.00000000	     -0.00000000	8853741.45768670	2126443.85061794	21370423.32140370	 606028.19650105	1814598.05356276	     -0.00000000	     -0.00000000	5944408.89568121	     -0.00000000	     -0.00000000	     -0.00000000	     -0.00000000	     -0.00000000	     -0.00000000	171581112.35673711	209112549.56129056	194327966.85082200	     -0.00000000	     -0.00000000	     -0.00000000	     -0.00000000	     -0.00000000	     -0.00000000	67120917.77921346	2432740.32950749	     -0.00000000	     -0.00000000	     -0.00000000	12535718.91702958	     -0.00000000	699214238.73057294	     -0.00000000	22361918.37474707	     -0.00000000	    452.65279705	     -0.00000000	     -0.00000000	     -0.00000000	     -0.00000000	     -0.00000000
      1.34000000	     -0.00000000	     -0.00000000	58556282.85750949	6471128.67679740	6308362.75544754	     -0.00000000	 534153.93376593	6291625.64584336	     -0.00000000	     -0.00000000	     -0.00000000	     -0.00000000	     -0.00000000	     -0.00000000	398584502.40268505	548319283.47031367	633824714.74229360	     -0.00000000	     -0.00000000	     -0.00000000	     -0.00000000	     -0.00000000	     -0.00000000	66648577.74122617	     -0.00000000	     -0.00000000	     -0.00000000	     -0.00000000	1183066.86287160	     -0.00000000	562779046.27979791	     -0.00000000	47450308.45476605	     -0.00000000	     -0.00000000	     -0.00000000	     -0.00000000	     -0.00000000	     -0.00000000	     -0.00000000	9581106.33197835	2247512.88682494	21959193.16342244	 635614.31182985	2167680.98074526	     -0.00000000	     -0.00000000	5708117.12356146	     -0.00000000	     -0.00000000	     -0.00000000	     -0.00000000	     -0.00000000	     -0.00000000	168177306.24023324	206929730.40268758	197126762.31853056	     -0.00000000	     -0.00000000	     -0.00000000	     -0.00000000	     -0.00000000	     -0.00000000	66914478.75674659	2424042.30730967	     -0.00000000	     -0.00000000	     -0.00000000	12562920.59762457	     -0.00000000	696607585.98534286	     -0.00000000	22000138.28151225	     -0.00000000	    398.83363155	     -0.00000000	     -0.00000000	     -0.00000000	     -0.00000000	     -0.00000000
      1.35000000	     -0.00000000	     -0.00000000	57734014.45068996	6400165.99211219	5668003.08383042	     -0.00000000	 486556.21245789	6064613.71873626	     -0.00000000	     -0.00000000	     -0.00000000	     -0.00000000	     -0.00000000	     -0.00000000	401884134.16842449	551069578.77565324	631090233.00584579	     -0.00000000	     -0.00000000	     -0.00000000	     -0.00000000	     -0.00000000	     -0.00000000	65539440.14106791	     -0.00000000	     -0.00000000	     -0.00000000	     -0.00000000	1137165.24891264	     -0.00000000	562122663.67587125	     -0.00000000	46592718.77259571	     -0.00000000	     -0.00000000	     -0.00000000	     -0.00000000	     -0.00000000	     -0.00000000	     -0.00000000	10213571.73327572	2340005.81358594	22582207.54307581	 671197.91674174	2526056.99519635	     -0.00000000	     -0.00000000	5422761.78712205	     -0.00000000	     -0.00000000	     -0.00000000	     -0.00000000	     -0.00000000	     -0.00000000	165015649.53892031	205287158.63931122	200576313.85017341	     -0.00000000	     -0.00000000	     -0.00000000	     -0.00000000	     -0.00000000	     -0.00000000	66479189.62307218	2394061.30612584	     -0.00000000	     -0.00000000	     -0.00000000	12538843.21916105	     -0.00000000	693264504.50352788	     -0.00000000	21566075.66797135	     -0.00000000	    354.14882062	     -0.00000000	     -0.00000000	     -0.00000000	     -0.00000000	     -0.00000000
      1.36000000	     -0.00000000	     -0.00000000	56813725.11216352	6299504.41931412	5078122.79502815	     -0.00000000	 435037.71465168	5834741.66697292	     -0.00000000	     -0.00000000	     -0.00000000	     -0.00000000	     -0.00000000	     -0.00000000	403908252.82583767	552354230.94085312	627096826.10603535	     -0.00000000	     -0.00000000	     -0.00000000	     -0.00000000	     -0.00000000	     -0.00000000	64416152.18906064	     -0.00000000	     -0.00000000	     -0.00000000	     -0.00000000	1115166.70747774	     -0.00000000	561906151.42043161	     -0.00000000	45633322.64594182	     -0.00000000	     -0.00000000	     -0.00000000	     -0.00000000	     -0.00000000	     -0.00000000	     -0.00000000	10687816.24100062	2397110.41076733	23211231.94796312	 710919.83673403	2862544.15790145	     -0.00000000	     -0.00000000	5089522.19060943	     -0.00000000	     -0.00000000	     -0.00000000	     -0.00000000	     -0.00000000	     -0.00000000	163056379.87456715	205056872.66349882	204968601.90311867	     -0.00000000	     -0.00000000	     -0.00000000	     -0.00000000	     -0.00000000	     -0.00000000	65819870.60763738	2336046.79937409	     -0.00000000	     -0.00000000	     -0.00000000	12460315.36074228	     -0.00000000	689193808.63952482	     -0.00000000	21050941.59503557	     -0.00000000	    329.28379495	     -0.00000000	     -0.00000000	     -0.00000000	     -0.00000000	     -0.00000000
      1.37000000	     -0.00000000	     -0.00000000	55699071.49387684	6183402.86959701	4387327.22148221	     -0.00000000	 385915.54693769	5617808.77542553	     -0.00000000	     -0.00000000	     -0.00000000	     -0.00000000	     -0.00000000	     -0.00000000	406459100.64251542	553967538.87196612	622153818.66166306	     -0.00000000	     -0.00000000	     -0.00000000	     -0.00000000	     -0.00000000	     -0.00000000	63210891.25644284	     -0.00000000	     -0.00000000	     -0.00000000	     -0.00000000	1085591.63221196	     -0.00000000	561826851.87073886	     -0.00000000	44677447.72831010	     -0.00000000	     -0.00000000	     -0.00000000	     -0.00000000	     -0.00000000	     -0.00000000	     -0.00000000	11197180.80617080	2432415.66093580	24135484.87858488	 776777.25269550	3323131.92031735	     -0.00000000	     -0.00000000	4694798.87849515	     -0.00000000	     -0.00000000	     -0.00000000	     -0.00000000	     -0.00000000	     -0.00000000	160237069.17311642	205030265.87319410	211709338.68438542	     -0.00000000	     -0.00000000	     -0.00000000	     -0.00000000	     -0.00000000	     -0.00000000	64904493.18526649	2235025.22287765	     -0.00000000	     -0.00000000	     -0.00000000	12284120.63024344	     -0.00000000	683442190.41074061	     -0.00000000	20519980.30475527	     -0.00000000	    246.27373063	     -0.00000000	     -0.00000000	     -0.00000000	     -0.00000000	     -0.00000000
