Joint Reaction Loads
version=1
nRows=115
nColumns=199
inDegrees=no

This file contains the reaction forces and moments
applied to the specified body of a joint pair and expressed  in the specified reference frame.

Units are S.I. units (seconds, meters, Newtons, ...)
endheader
time	ground_pelvis_on_pelvis_in_pelvis_fx	ground_pelvis_on_pelvis_in_pelvis_fy	ground_pelvis_on_pelvis_in_pelvis_fz	ground_pelvis_on_pelvis_in_pelvis_mx	ground_pelvis_on_pelvis_in_pelvis_my	ground_pelvis_on_pelvis_in_pelvis_mz	ground_pelvis_on_pelvis_in_pelvis_px	ground_pelvis_on_pelvis_in_pelvis_py	ground_pelvis_on_pelvis_in_pelvis_pz	hip_r_on_femur_r_in_femur_r_fx	hip_r_on_femur_r_in_femur_r_fy	hip_r_on_femur_r_in_femur_r_fz	hip_r_on_femur_r_in_femur_r_mx	hip_r_on_femur_r_in_femur_r_my	hip_r_on_femur_r_in_femur_r_mz	hip_r_on_femur_r_in_femur_r_px	hip_r_on_femur_r_in_femur_r_py	hip_r_on_femur_r_in_femur_r_pz	walker_knee_r_on_tibia_r_in_tibia_r_fx	walker_knee_r_on_tibia_r_in_tibia_r_fy	walker_knee_r_on_tibia_r_in_tibia_r_fz	walker_knee_r_on_tibia_r_in_tibia_r_mx	walker_knee_r_on_tibia_r_in_tibia_r_my	walker_knee_r_on_tibia_r_in_tibia_r_mz	walker_knee_r_on_tibia_r_in_tibia_r_px	walker_knee_r_on_tibia_r_in_tibia_r_py	walker_knee_r_on_tibia_r_in_tibia_r_pz	patellofemoral_r_on_patella_r_in_patella_r_fx	patellofemoral_r_on_patella_r_in_patella_r_fy	patellofemoral_r_on_patella_r_in_patella_r_fz	patellofemoral_r_on_patella_r_in_patella_r_mx	patellofemoral_r_on_patella_r_in_patella_r_my	patellofemoral_r_on_patella_r_in_patella_r_mz	patellofemoral_r_on_patella_r_in_patella_r_px	patellofemoral_r_on_patella_r_in_patella_r_py	patellofemoral_r_on_patella_r_in_patella_r_pz	ankle_r_on_talus_r_in_talus_r_fx	ankle_r_on_talus_r_in_talus_r_fy	ankle_r_on_talus_r_in_talus_r_fz	ankle_r_on_talus_r_in_talus_r_mx	ankle_r_on_talus_r_in_talus_r_my	ankle_r_on_talus_r_in_talus_r_mz	ankle_r_on_talus_r_in_talus_r_px	ankle_r_on_talus_r_in_talus_r_py	ankle_r_on_talus_r_in_talus_r_pz	subtalar_r_on_calcn_r_in_calcn_r_fx	subtalar_r_on_calcn_r_in_calcn_r_fy	subtalar_r_on_calcn_r_in_calcn_r_fz	subtalar_r_on_calcn_r_in_calcn_r_mx	subtalar_r_on_calcn_r_in_calcn_r_my	subtalar_r_on_calcn_r_in_calcn_r_mz	subtalar_r_on_calcn_r_in_calcn_r_px	subtalar_r_on_calcn_r_in_calcn_r_py	subtalar_r_on_calcn_r_in_calcn_r_pz	mtp_r_on_toes_r_in_toes_r_fx	mtp_r_on_toes_r_in_toes_r_fy	mtp_r_on_toes_r_in_toes_r_fz	mtp_r_on_toes_r_in_toes_r_mx	mtp_r_on_toes_r_in_toes_r_my	mtp_r_on_toes_r_in_toes_r_mz	mtp_r_on_toes_r_in_toes_r_px	mtp_r_on_toes_r_in_toes_r_py	mtp_r_on_toes_r_in_toes_r_pz	hip_l_on_femur_l_in_femur_l_fx	hip_l_on_femur_l_in_femur_l_fy	hip_l_on_femur_l_in_femur_l_fz	hip_l_on_femur_l_in_femur_l_mx	hip_l_on_femur_l_in_femur_l_my	hip_l_on_femur_l_in_femur_l_mz	hip_l_on_femur_l_in_femur_l_px	hip_l_on_femur_l_in_femur_l_py	hip_l_on_femur_l_in_femur_l_pz	walker_knee_l_on_tibia_l_in_tibia_l_fx	walker_knee_l_on_tibia_l_in_tibia_l_fy	walker_knee_l_on_tibia_l_in_tibia_l_fz	walker_knee_l_on_tibia_l_in_tibia_l_mx	walker_knee_l_on_tibia_l_in_tibia_l_my	walker_knee_l_on_tibia_l_in_tibia_l_mz	walker_knee_l_on_tibia_l_in_tibia_l_px	walker_knee_l_on_tibia_l_in_tibia_l_py	walker_knee_l_on_tibia_l_in_tibia_l_pz	patellofemoral_l_on_patella_l_in_patella_l_fx	patellofemoral_l_on_patella_l_in_patella_l_fy	patellofemoral_l_on_patella_l_in_patella_l_fz	patellofemoral_l_on_patella_l_in_patella_l_mx	patellofemoral_l_on_patella_l_in_patella_l_my	patellofemoral_l_on_patella_l_in_patella_l_mz	patellofemoral_l_on_patella_l_in_patella_l_px	patellofemoral_l_on_patella_l_in_patella_l_py	patellofemoral_l_on_patella_l_in_patella_l_pz	ankle_l_on_talus_l_in_talus_l_fx	ankle_l_on_talus_l_in_talus_l_fy	ankle_l_on_talus_l_in_talus_l_fz	ankle_l_on_talus_l_in_talus_l_mx	ankle_l_on_talus_l_in_talus_l_my	ankle_l_on_talus_l_in_talus_l_mz	ankle_l_on_talus_l_in_talus_l_px	ankle_l_on_talus_l_in_talus_l_py	ankle_l_on_talus_l_in_talus_l_pz	subtalar_l_on_calcn_l_in_calcn_l_fx	subtalar_l_on_calcn_l_in_calcn_l_fy	subtalar_l_on_calcn_l_in_calcn_l_fz	subtalar_l_on_calcn_l_in_calcn_l_mx	subtalar_l_on_calcn_l_in_calcn_l_my	subtalar_l_on_calcn_l_in_calcn_l_mz	subtalar_l_on_calcn_l_in_calcn_l_px	subtalar_l_on_calcn_l_in_calcn_l_py	subtalar_l_on_calcn_l_in_calcn_l_pz	mtp_l_on_toes_l_in_toes_l_fx	mtp_l_on_toes_l_in_toes_l_fy	mtp_l_on_toes_l_in_toes_l_fz	mtp_l_on_toes_l_in_toes_l_mx	mtp_l_on_toes_l_in_toes_l_my	mtp_l_on_toes_l_in_toes_l_mz	mtp_l_on_toes_l_in_toes_l_px	mtp_l_on_toes_l_in_toes_l_py	mtp_l_on_toes_l_in_toes_l_pz	back_on_torso_in_torso_fx	back_on_torso_in_torso_fy	back_on_torso_in_torso_fz	back_on_torso_in_torso_mx	back_on_torso_in_torso_my	back_on_torso_in_torso_mz	back_on_torso_in_torso_px	back_on_torso_in_torso_py	back_on_torso_in_torso_pz	acromial_r_on_humerus_r_in_humerus_r_fx	acromial_r_on_humerus_r_in_humerus_r_fy	acromial_r_on_humerus_r_in_humerus_r_fz	acromial_r_on_humerus_r_in_humerus_r_mx	acromial_r_on_humerus_r_in_humerus_r_my	acromial_r_on_humerus_r_in_humerus_r_mz	acromial_r_on_humerus_r_in_humerus_r_px	acromial_r_on_humerus_r_in_humerus_r_py	acromial_r_on_humerus_r_in_humerus_r_pz	elbow_r_on_ulna_r_in_ulna_r_fx	elbow_r_on_ulna_r_in_ulna_r_fy	elbow_r_on_ulna_r_in_ulna_r_fz	elbow_r_on_ulna_r_in_ulna_r_mx	elbow_r_on_ulna_r_in_ulna_r_my	elbow_r_on_ulna_r_in_ulna_r_mz	elbow_r_on_ulna_r_in_ulna_r_px	elbow_r_on_ulna_r_in_ulna_r_py	elbow_r_on_ulna_r_in_ulna_r_pz	radioulnar_r_on_radius_r_in_radius_r_fx	radioulnar_r_on_radius_r_in_radius_r_fy	radioulnar_r_on_radius_r_in_radius_r_fz	radioulnar_r_on_radius_r_in_radius_r_mx	radioulnar_r_on_radius_r_in_radius_r_my	radioulnar_r_on_radius_r_in_radius_r_mz	radioulnar_r_on_radius_r_in_radius_r_px	radioulnar_r_on_radius_r_in_radius_r_py	radioulnar_r_on_radius_r_in_radius_r_pz	radius_hand_r_on_hand_r_in_hand_r_fx	radius_hand_r_on_hand_r_in_hand_r_fy	radius_hand_r_on_hand_r_in_hand_r_fz	radius_hand_r_on_hand_r_in_hand_r_mx	radius_hand_r_on_hand_r_in_hand_r_my	radius_hand_r_on_hand_r_in_hand_r_mz	radius_hand_r_on_hand_r_in_hand_r_px	radius_hand_r_on_hand_r_in_hand_r_py	radius_hand_r_on_hand_r_in_hand_r_pz	acromial_l_on_humerus_l_in_humerus_l_fx	acromial_l_on_humerus_l_in_humerus_l_fy	acromial_l_on_humerus_l_in_humerus_l_fz	acromial_l_on_humerus_l_in_humerus_l_mx	acromial_l_on_humerus_l_in_humerus_l_my	acromial_l_on_humerus_l_in_humerus_l_mz	acromial_l_on_humerus_l_in_humerus_l_px	acromial_l_on_humerus_l_in_humerus_l_py	acromial_l_on_humerus_l_in_humerus_l_pz	elbow_l_on_ulna_l_in_ulna_l_fx	elbow_l_on_ulna_l_in_ulna_l_fy	elbow_l_on_ulna_l_in_ulna_l_fz	elbow_l_on_ulna_l_in_ulna_l_mx	elbow_l_on_ulna_l_in_ulna_l_my	elbow_l_on_ulna_l_in_ulna_l_mz	elbow_l_on_ulna_l_in_ulna_l_px	elbow_l_on_ulna_l_in_ulna_l_py	elbow_l_on_ulna_l_in_ulna_l_pz	radioulnar_l_on_radius_l_in_radius_l_fx	radioulnar_l_on_radius_l_in_radius_l_fy	radioulnar_l_on_radius_l_in_radius_l_fz	radioulnar_l_on_radius_l_in_radius_l_mx	radioulnar_l_on_radius_l_in_radius_l_my	radioulnar_l_on_radius_l_in_radius_l_mz	radioulnar_l_on_radius_l_in_radius_l_px	radioulnar_l_on_radius_l_in_radius_l_py	radioulnar_l_on_radius_l_in_radius_l_pz	radius_hand_l_on_hand_l_in_hand_l_fx	radius_hand_l_on_hand_l_in_hand_l_fy	radius_hand_l_on_hand_l_in_hand_l_fz	radius_hand_l_on_hand_l_in_hand_l_mx	radius_hand_l_on_hand_l_in_hand_l_my	radius_hand_l_on_hand_l_in_hand_l_mz	radius_hand_l_on_hand_l_in_hand_l_px	radius_hand_l_on_hand_l_in_hand_l_py	radius_hand_l_on_hand_l_in_hand_l_pz
      1.11000000	      0.00000000	     -0.00000000	     -0.00000000	      0.00000000	      0.00000000	      0.00000000	      0.00000000	      0.00000000	      0.00000000	   -895.84681294	  -1849.19126104	   1130.90075683	     -0.01752524	     -0.05658413	      0.04688464	      0.00000000	      0.00000000	      0.00000000	   -137.00101147	   -852.52279251	    -16.81186609	      4.31640009	      1.40378505	     -7.02209944	     -0.00824526	     -0.00360284	     -0.00125501	    179.50318238	     -1.88550242	    -63.23248760	     -3.09371432	      1.53631669	     -4.35868754	      0.00000000	      0.00000000	      0.00000000	    164.75781603	   -639.31361858	    -35.22937222	     -3.89640458	      0.27082244	     -0.36719404	      0.00000000	      0.00000000	      0.00000000	    164.58479490	   -639.49996712	    -35.36531249	     -9.72018045	      1.08583479	    -42.48385743	      0.00000000	      0.00000000	      0.00000000	    118.68203558	    -21.25223729	     16.05032363	      0.04413406	      0.23850824	     -0.52366274	      0.00000000	      0.00000000	      0.00000000	     -2.37635199	   -137.77517675	      8.93460899	     -0.00000000	     -0.00000000	      0.00000000	      0.00000000	      0.00000000	      0.00000000	    -26.81042823	   -175.92397282	     -7.08442769	      5.60175708	     10.64144794	     -4.17366466	     -0.00824526	     -0.00360284	      0.00125501	      0.86220974	     -0.50212674	      2.06524318	      0.05438979	     -0.00758177	     -0.02177439	      0.00000000	      0.00000000	      0.00000000	     34.93785146	   -198.87522228	    -85.99657642	    -10.41248890	     15.01561139	     -1.55198244	      0.00000000	      0.00000000	      0.00000000	     42.16505841	   -200.64763596	    -88.78453381	    -13.84816879	     19.61190467	    -18.81055240	      0.00000000	      0.00000000	      0.00000000	     28.07915108	    176.03232667	    -15.41779561	     -2.74487509	      1.10244871	     10.90214423	      0.00000000	      0.00000000	      0.00000000	     69.61049064	    116.88961845	     26.09891686	      0.00000000	      0.00000000	     -0.00000000	      0.00000000	      0.00000000	      0.00000000	     15.29535927	     16.60409568	      5.14167589	     -1.92049927	      0.08479922	      5.82274134	      0.00000000	      0.00000000	      0.00000000	     10.33203823	      7.57959485	      3.29569489	     -0.82191960	      0.19674151	      2.21219340	      0.00000000	      0.00000000	      0.00000000	      7.04230524	      4.80418328	      2.22802777	     -0.54761830	      0.04656386	      1.67399782	      0.00000000	      0.00000000	      0.00000000	      3.65117000	      2.04358933	      1.13336863	     -0.08030322	     -0.00029431	      0.26517193	      0.00000000	      0.00000000	      0.00000000	     15.99073278	     11.86981348	      5.24959632	     -1.85151710	     -0.11650808	      6.01430819	      0.00000000	      0.00000000	      0.00000000	     10.65332722	      5.39217647	      3.34555823	     -0.64231306	     -0.14867337	      2.29281572	      0.00000000	      0.00000000	      0.00000000	      7.25602406	      3.34913043	      2.26119646	     -0.52061110	     -0.02679751	      1.72669543	      0.00000000	      0.00000000	      0.00000000	      3.74560453	      1.40065472	      1.14802466	     -0.08130122	     -0.00029431	      0.27160245	      0.00000000	      0.00000000	      0.00000000
      1.12000000	     -0.00000000	      0.00000000	      0.00000000	     -0.00000000	      0.00000000	     -0.00000000	      0.00000000	      0.00000000	      0.00000000	   -569.29726987	  -1498.33760319	    892.81327040	      0.01000061	     -0.03933260	      0.01505992	      0.00000000	      0.00000000	      0.00000000	   -120.58793878	   -695.19635415	     -5.54649707	      3.30452286	      0.70543131	     -5.18362103	     -0.00824526	     -0.00360284	     -0.00125501	    108.02066395	     -1.63202027	    -37.74982144	     -1.93357261	      0.82441218	     -2.58210302	      0.00000000	      0.00000000	      0.00000000	    161.62340990	   -655.05984495	    -36.28590675	     -3.96278182	      0.13070674	     -0.40618775	      0.00000000	      0.00000000	      0.00000000	    162.10797556	   -655.11367997	    -36.40420520	     -9.93282679	      1.02287715	    -43.27548873	      0.00000000	      0.00000000	      0.00000000	    121.31119810	    -20.98525535	     16.67675064	      0.08095220	      0.32841464	     -0.50650422	      0.00000000	      0.00000000	      0.00000000	     17.99163655	   -105.66950393	     16.46198927	      0.00000000	      0.00000000	      0.00000000	      0.00000000	      0.00000000	      0.00000000	    -30.17712063	   -155.65218809	     -8.01915990	      6.58219025	     11.14802118	     -4.29226023	     -0.00824526	     -0.00360284	      0.00125501	      0.86824026	     -0.44186464	      2.18580253	      0.05757238	     -0.00795188	     -0.02225525	      0.00000000	      0.00000000	      0.00000000	     40.11138121	   -185.39814489	    -89.12680688	    -10.19221732	     15.66623955	     -1.69124446	      0.00000000	      0.00000000	      0.00000000	     47.67067333	   -187.48542268	    -91.91627632	    -13.89719513	     20.43506098	    -18.74367423	      0.00000000	      0.00000000	      0.00000000	     29.54925360	    185.49680864	    -16.93907184	     -2.89733925	      1.18938017	     11.47610835	      0.00000000	      0.00000000	      0.00000000	     17.15586232	     80.78427185	     22.49841911	      0.00000000	      0.00000000	     -0.00000000	      0.00000000	      0.00000000	      0.00000000	      4.04185280	     11.31418353	      4.45728713	     -1.65083808	      0.01555721	      1.61295379	      0.00000000	      0.00000000	      0.00000000	      2.87253751	      5.15333476	      2.84797938	     -0.69002050	      0.07053892	      0.59957972	      0.00000000	      0.00000000	      0.00000000	      1.96846896	      3.29298206	      1.92490301	     -0.46934153	      0.01917321	      0.46445392	      0.00000000	      0.00000000	      0.00000000	      1.03662492	      1.41446881	      0.97810925	     -0.06928727	     -0.00025462	      0.07567031	      0.00000000	      0.00000000	      0.00000000	      4.64193908	      7.17662627	      4.47866690	     -1.59114290	     -0.04285832	      1.77817486	      0.00000000	      0.00000000	      0.00000000	      3.14980019	      3.24162600	      2.85785764	     -0.56824640	     -0.02928410	      0.66933992	      0.00000000	      0.00000000	      0.00000000	      2.15290183	      2.02132900	      1.93147395	     -0.44824379	     -0.00221073	      0.50999832	      0.00000000	      0.00000000	      0.00000000	      1.11811905	      0.85257185	      0.98101271	     -0.06948498	     -0.00025462	      0.08121965	      0.00000000	      0.00000000	      0.00000000
      1.13000000	     -0.00000000	      0.00000000	     -0.00000000	      0.00000000	     -0.00000000	     -0.00000000	      0.00000000	      0.00000000	      0.00000000	   -421.91324797	  -1392.35473703	    751.73470204	      0.02514644	     -0.05345966	      0.00796399	      0.00000000	      0.00000000	      0.00000000	   -112.31965980	   -704.85853378	      3.93055247	      3.14028477	      0.47864929	     -4.57861695	     -0.00824526	     -0.00360284	     -0.00125501	     73.83853846	     -1.58244814	    -25.26410219	     -1.32281616	      0.53156357	     -1.74615290	      0.00000000	      0.00000000	      0.00000000	    152.05723185	   -626.99993891	    -33.61833456	     -3.96124194	      0.01588342	     -0.41152665	      0.00000000	      0.00000000	      0.00000000	    153.15301482	   -626.94047633	    -33.73225298	     -9.61656508	      0.82898867	    -41.38121106	      0.00000000	      0.00000000	      0.00000000	    115.89017481	    -18.74089467	     16.33403926	      0.10339214	      0.33760423	     -0.37159520	      0.00000000	      0.00000000	      0.00000000	     36.88514066	    -71.32730571	     24.44926431	     -0.00000000	      0.00000000	      0.00000000	      0.00000000	      0.00000000	      0.00000000	    -33.52291961	   -132.67897869	     -8.78627577	      7.65728908	     11.54214383	     -4.36208185	     -0.00824526	     -0.00360284	      0.00125501	      0.90873253	     -0.39486982	      2.29542886	      0.06046184	     -0.00822778	     -0.02373616	      0.00000000	      0.00000000	      0.00000000	     47.33714328	   -169.49778901	    -91.99269513	     -9.88088850	     16.13245002	     -1.80749573	      0.00000000	      0.00000000	      0.00000000	     55.33532636	   -171.89335555	    -94.75934663	    -13.85771179	     21.07184357	    -18.61208466	      0.00000000	      0.00000000	      0.00000000	     30.59074721	    194.20291597	    -18.56690687	     -3.03881991	      1.27404149	     12.00528007	      0.00000000	      0.00000000	      0.00000000	    -32.56545820	     44.50217022	     18.92855839	      0.00000000	      0.00000000	      0.00000000	      0.00000000	      0.00000000	      0.00000000	     -6.64521982	      6.03745303	      3.73334770	     -1.37134896	     -0.05003329	     -2.38603217	      0.00000000	      0.00000000	      0.00000000	     -4.21268696	      2.73383628	      2.38589113	     -0.55555537	     -0.04960351	     -0.93130820	      0.00000000	      0.00000000	      0.00000000	     -2.85050783	      1.78413640	      1.61250023	     -0.38922079	     -0.00694321	     -0.68406909	      0.00000000	      0.00000000	      0.00000000	     -1.44651734	      0.78525300	      0.81941097	     -0.05804839	     -0.00021402	     -0.10433381	      0.00000000	      0.00000000	      0.00000000	     -6.13884114	      2.52569955	      3.77255659	     -1.35088422	      0.02708786	     -2.24664873	      0.00000000	      0.00000000	      0.00000000	     -3.97872076	      1.11127265	      2.40400713	     -0.50088203	      0.08420769	     -0.87236909	      0.00000000	      0.00000000	      0.00000000	     -2.69487542	      0.70482032	      1.62455085	     -0.38097623	      0.02117300	     -0.64561023	      0.00000000	      0.00000000	      0.00000000	     -1.37774907	      0.30834271	      0.82473570	     -0.05841098	     -0.00021402	     -0.09965103	      0.00000000	      0.00000000	      0.00000000
      1.14000000	      0.00000000	      0.00000000	      0.00000000	     -0.00000000	      0.00000000	      0.00000000	      0.00000000	      0.00000000	      0.00000000	   -338.97252136	  -1388.63216103	    668.15828703	      0.02810073	     -0.01275223	      0.01809079	      0.00000000	      0.00000000	      0.00000000	   -109.81049648	   -780.24786708	     13.12781788	      3.58183447	      0.50076363	     -4.54006035	     -0.00824526	     -0.00360284	     -0.00125501	     58.72895922	     -1.70856499	    -20.15525880	     -1.08871662	      0.39152734	     -1.35901117	      0.00000000	      0.00000000	      0.00000000	    152.71128998	   -623.02333658	    -32.44602328	     -4.14391142	     -0.16853708	     -0.44924297	      0.00000000	      0.00000000	      0.00000000	    154.35405864	   -622.85299657	    -32.56952382	     -9.71131138	      0.58117516	    -41.30331474	      0.00000000	      0.00000000	      0.00000000	    114.10903965	    -16.74854066	     16.57922952	      0.12888660	      0.33488172	     -0.22390450	      0.00000000	      0.00000000	      0.00000000	     53.91706516	    -37.24371474	     32.27343010	      0.00000000	      0.00000000	     -0.00000000	      0.00000000	      0.00000000	      0.00000000	    -36.88882489	   -110.21787769	     -9.16560722	      8.79932635	     11.85173883	     -4.41290205	     -0.00824526	     -0.00360284	      0.00125501	      0.95064259	     -0.34330119	      2.39295688	      0.06303060	     -0.00842207	     -0.02524891	      0.00000000	      0.00000000	      0.00000000	     55.34758975	   -154.08653143	    -94.54067482	     -9.43526721	     16.42669542	     -1.90758660	      0.00000000	      0.00000000	      0.00000000	     63.80753999	   -156.76288281	    -97.28345345	    -13.66297787	     21.52803146	    -18.49106326	      0.00000000	      0.00000000	      0.00000000	     31.19083302	    201.36059487	    -20.06144056	     -3.15593247	      1.34624948	     12.44056616	      0.00000000	      0.00000000	      0.00000000	    -78.01352368	      9.77834117	     16.15537687	      0.00000000	      0.00000000	      0.00000000	      0.00000000	      0.00000000	      0.00000000	    -16.42534848	      1.08249880	      3.17779327	     -1.15431751	     -0.11044206	     -6.04747675	      0.00000000	      0.00000000	      0.00000000	    -10.70012960	      0.46929546	      2.03268491	     -0.44683811	     -0.15907759	     -2.33293476	      0.00000000	      0.00000000	      0.00000000	     -7.26337595	      0.37258112	      1.37376947	     -0.32696368	     -0.03065301	     -1.73583344	      0.00000000	      0.00000000	      0.00000000	     -3.72088286	      0.19754072	      0.69827237	     -0.04947042	     -0.00018859	     -0.26921784	      0.00000000	      0.00000000	      0.00000000	    -16.00319709	     -1.90975529	      3.23301278	     -1.17059292	      0.09080708	     -5.93139573	      0.00000000	      0.00000000	      0.00000000	    -10.50507960	     -0.91323969	      2.05819843	     -0.45533407	      0.18867593	     -2.28356860	      0.00000000	      0.00000000	      0.00000000	     -7.13363029	     -0.54706998	      1.39074085	     -0.33076926	      0.04279891	     -1.70368711	      0.00000000	      0.00000000	      0.00000000	     -3.66355300	     -0.20881945	      0.70577140	     -0.04998107	     -0.00018859	     -0.26531397	      0.00000000	      0.00000000	      0.00000000
      1.15000000	     -0.00000000	      0.00000000	     -0.00000000	      0.00000000	     -0.00000000	     -0.00000000	      0.00000000	      0.00000000	      0.00000000	   -281.75080229	  -1403.75082673	    606.78657083	      0.03286583	      0.05112710	      0.01686668	      0.00000000	      0.00000000	      0.00000000	   -108.79835751	   -861.17428142	     19.99447694	      3.57251198	      0.56069369	     -4.74189869	     -0.00824526	     -0.00360284	     -0.00125501	     54.05434827	     -1.80842065	    -19.01919377	     -1.03199246	      0.36059658	     -1.23446275	      0.00000000	      0.00000000	      0.00000000	    163.32190545	   -637.61912886	    -32.11620782	     -4.54705624	     -0.41135741	     -0.52196234	      0.00000000	      0.00000000	      0.00000000	    165.43583304	   -637.33344165	    -32.26278619	    -10.18522494	      0.25887827	    -42.74291594	      0.00000000	      0.00000000	      0.00000000	    116.30598185	    -14.80433228	     17.42782567	      0.16629076	      0.32799220	     -0.06581375	      0.00000000	      0.00000000	      0.00000000	     68.37725112	     -4.12613405	     39.47402784	     -0.00000000	      0.00000000	     -0.00000000	      0.00000000	      0.00000000	      0.00000000	    -40.19720423	    -87.58939050	     -8.90300421	      9.89958383	     12.12894554	     -4.45221210	     -0.00824526	     -0.00360284	      0.00125501	      1.00749012	     -0.29876787	      2.46537147	      0.06493734	     -0.00852335	     -0.02728947	      0.00000000	      0.00000000	      0.00000000	     63.83813847	   -138.61943067	    -96.08610560	     -8.73202048	     16.58276454	     -2.01075020	      0.00000000	      0.00000000	      0.00000000	     72.76051943	   -141.57865725	    -98.80509039	    -13.15674772	     21.80130452	    -18.33892967	      0.00000000	      0.00000000	      0.00000000	     31.22687433	    206.37056167	    -21.29349483	     -3.23898233	      1.39881288	     12.74302263	      0.00000000	      0.00000000	      0.00000000	   -117.14119040	    -22.76381632	     14.75065735	      0.00000000	      0.00000000	      0.00000000	      0.00000000	      0.00000000	      0.00000000	    -24.88949531	     -3.39040762	      2.89800177	     -1.03756596	     -0.16324938	     -9.21699237	      0.00000000	      0.00000000	      0.00000000	    -16.31545205	     -1.57914169	      1.85336634	     -0.37857434	     -0.25281859	     -3.54554020	      0.00000000	      0.00000000	      0.00000000	    -11.08321360	     -0.90495888	      1.25253386	     -0.29297343	     -0.05077527	     -2.64603721	      0.00000000	      0.00000000	      0.00000000	     -5.68966191	     -0.33585965	      0.63660694	     -0.04510166	     -0.00017188	     -0.41195147	      0.00000000	      0.00000000	      0.00000000	    -24.50307410	     -6.13449889	      2.95051807	     -1.08307873	      0.14533284	     -9.11074560	      0.00000000	      0.00000000	      0.00000000	    -16.13691076	     -2.84701619	      1.87763087	     -0.44429500	      0.27980053	     -3.50033412	      0.00000000	      0.00000000	      0.00000000	    -10.96444940	     -1.74833865	      1.26867443	     -0.30686420	      0.06184918	     -2.61660503	      0.00000000	      0.00000000	      0.00000000	     -5.63718436	     -0.70851831	      0.64373887	     -0.04558731	     -0.00017188	     -0.40837801	      0.00000000	      0.00000000	      0.00000000
      1.16000000	      0.00000000	     -0.00000000	      0.00000000	     -0.00000000	      0.00000000	      0.00000000	      0.00000000	      0.00000000	      0.00000000	   -219.37441588	  -1410.20921088	    552.24341185	      0.04075113	      0.12726722	      0.00683779	      0.00000000	      0.00000000	      0.00000000	   -104.18733157	   -942.07622025	     24.83456493	      3.61839415	      1.30140990	     -4.83111173	     -0.00824526	     -0.00360284	     -0.00125501	     55.81681425	     -2.09853035	    -19.43085730	     -1.05177688	      0.38715175	     -1.26216719	      0.00000000	      0.00000000	      0.00000000	    180.91103103	   -687.42362269	    -31.42920484	     -4.80394464	      0.02964670	     -0.45589491	      0.00000000	      0.00000000	      0.00000000	    183.28598900	   -687.10250069	    -31.50754990	    -10.73210865	      0.55616666	    -46.18728668	      0.00000000	      0.00000000	      0.00000000	    119.55654748	    -15.63624122	     18.27606384	      0.17157850	      0.34337597	     -0.08783158	      0.00000000	      0.00000000	      0.00000000	     79.77601291	     24.98593793	     47.39103303	     -0.00000000	     -0.00000000	      0.00000000	      0.00000000	      0.00000000	      0.00000000	    -43.33255465	    -67.51369337	     -8.71791230	     10.94192053	     12.31340577	     -4.47312440	     -0.00824526	     -0.00360284	      0.00125501	      1.06212595	     -0.25567263	      2.51441642	      0.06623066	     -0.00849785	     -0.02927795	      0.00000000	      0.00000000	      0.00000000	     71.88995501	   -124.77320918	    -96.84883122	     -8.04764483	     16.57955213	     -2.08358044	      0.00000000	      0.00000000	      0.00000000	     81.24991127	   -127.95606346	    -99.50405901	    -12.61379252	     21.87319079	    -18.15302101	      0.00000000	      0.00000000	      0.00000000	     30.63247473	    208.76502684	    -22.36957208	     -3.28141512	      1.43472973	     12.88657494	      0.00000000	      0.00000000	      0.00000000	   -151.77324233	    -40.60629884	     10.61482031	     -0.00000000	     -0.00000000	     -0.00000000	      0.00000000	      0.00000000	      0.00000000	    -32.23987716	     -6.41001374	      2.06989332	     -0.72833027	     -0.20728657	    -11.96160567	      0.00000000	      0.00000000	      0.00000000	    -21.17769415	     -2.97105036	      1.32492388	     -0.24473055	     -0.33690754	     -4.59746794	      0.00000000	      0.00000000	      0.00000000	    -14.38897609	     -1.77179523	      0.89536473	     -0.20494019	     -0.06933426	     -3.43425402	      0.00000000	      0.00000000	      0.00000000	     -7.39178571	     -0.69612123	      0.45519697	     -0.03225305	     -0.00012413	     -0.53532035	      0.00000000	      0.00000000	      0.00000000	    -31.96177595	     -8.40442215	      2.13123824	     -0.79435604	      0.19440422	    -11.88517734	      0.00000000	      0.00000000	      0.00000000	    -21.04920081	     -3.89254287	      1.35326756	     -0.34603671	      0.35626151	     -4.56486417	      0.00000000	      0.00000000	      0.00000000	    -14.30350337	     -2.38476452	      0.91421872	     -0.22556969	      0.07727620	     -3.41304663	      0.00000000	      0.00000000	      0.00000000	     -7.35401845	     -0.96696993	      0.46352786	     -0.03282034	     -0.00012413	     -0.53274859	      0.00000000	      0.00000000	      0.00000000
      1.17000000	      0.00000000	     -0.00000000	     -0.00000000	     -0.00000000	      0.00000000	      0.00000000	      0.00000000	      0.00000000	      0.00000000	   -150.04544251	  -1382.34702163	    482.33268910	      0.03849161	      0.15882456	     -0.00618204	      0.00000000	      0.00000000	      0.00000000	    -92.97203374	  -1017.69005021	     27.84143601	      3.62803957	      1.93485804	     -4.95036602	     -0.00824526	     -0.00360284	     -0.00125501	     61.81604900	     -2.35693821	    -20.85577668	     -1.11223200	      0.46366686	     -1.39342367	      0.00000000	      0.00000000	      0.00000000	    194.85822303	   -775.77771198	    -30.84228158	     -4.81068221	      0.39168412	     -0.37946578	      0.00000000	      0.00000000	      0.00000000	    196.45124560	   -775.57600008	    -30.89353026	    -11.29235396	      0.80604799	    -51.45395353	      0.00000000	      0.00000000	      0.00000000	    123.67763087	    -16.75030165	     18.72742614	      0.16764240	      0.32970460	     -0.15844628	      0.00000000	      0.00000000	      0.00000000	     87.82487151	     48.65713791	     57.13309884	     -0.00000000	     -0.00000000	      0.00000000	      0.00000000	      0.00000000	      0.00000000	    -46.41000651	    -50.83995620	     -8.57818587	     12.06302636	     12.38868588	     -4.49190549	     -0.00824526	     -0.00360284	      0.00125501	      1.10370835	     -0.22665916	      2.53640072	      0.06681673	     -0.00833866	     -0.03086418	      0.00000000	      0.00000000	      0.00000000	     80.18547716	   -112.36908694	    -96.80950813	     -7.27295721	     16.35255406	     -2.12632308	      0.00000000	      0.00000000	      0.00000000	     90.01502187	   -115.65943432	    -99.37151764	    -11.92615736	     21.68580233	    -17.94986387	      0.00000000	      0.00000000	      0.00000000	     29.17323021	    208.12023021	    -23.18392812	     -3.27586763	      1.44585738	     12.84889653	      0.00000000	      0.00000000	      0.00000000	   -183.43833327	    -36.91305625	      1.14870494	      0.00000000	     -0.00000000	      0.00000000	      0.00000000	      0.00000000	      0.00000000	    -38.68783708	     -7.50072398	      0.20117502	     -0.04971303	     -0.24243349	    -14.35617580	      0.00000000	      0.00000000	      0.00000000	    -25.41975338	     -3.49193298	      0.13107977	      0.01975886	     -0.41603536	     -5.51892741	      0.00000000	      0.00000000	      0.00000000	    -17.27013053	     -2.09362815	      0.08847346	     -0.01280163	     -0.08777370	     -4.12226519	      0.00000000	      0.00000000	      0.00000000	     -8.87259270	     -0.82559590	      0.04519014	     -0.00320832	     -0.00002074	     -0.64259749	      0.00000000	      0.00000000	      0.00000000	    -38.66910996	     -7.73686705	      0.24868638	     -0.11234086	      0.24099532	    -14.35121581	      0.00000000	      0.00000000	      0.00000000	    -25.41110074	     -3.60104005	      0.15303182	     -0.08244661	      0.41811977	     -5.51636855	      0.00000000	      0.00000000	      0.00000000	    -17.26437486	     -2.16620528	      0.10307579	     -0.03270626	      0.08859852	     -4.12070404	      0.00000000	      0.00000000	      0.00000000	     -8.87004948	     -0.85766508	      0.05164237	     -0.00364769	     -0.00002074	     -0.64242431	      0.00000000	      0.00000000	      0.00000000
      1.18000000	     -0.00000000	      0.00000000	      0.00000000	      0.00000000	      0.00000000	      0.00000000	      0.00000000	      0.00000000	      0.00000000	   -118.97658864	  -1417.97542789	    452.80560508	      0.02790041	      0.16064963	     -0.01626366	      0.00000000	      0.00000000	      0.00000000	    -79.52602787	  -1140.70677507	     28.21931862	      3.62028878	      2.29044948	     -5.56894543	     -0.00824526	     -0.00360284	     -0.00125501	     83.22869729	     -3.17865991	    -26.82787725	     -1.44130217	      0.64080727	     -1.86284356	      0.00000000	      0.00000000	      0.00000000	    206.90450268	   -903.02603758	    -30.06736279	     -4.42220157	      0.37056115	     -0.33365827	      0.00000000	      0.00000000	      0.00000000	    206.75415440	   -903.13125354	    -30.19302527	    -11.70896741	      0.67126202	    -58.69836489	      0.00000000	      0.00000000	      0.00000000	    130.65529027	    -18.24355219	     18.92369088	      0.15618585	      0.30057969	     -0.27164805	      0.00000000	      0.00000000	      0.00000000	     91.66585785	     68.79469597	     67.82113720	     -0.00000000	     -0.00000000	      0.00000000	      0.00000000	      0.00000000	      0.00000000	    -49.24491206	    -33.70755041	     -8.37906308	     12.93465967	     12.32005017	     -4.46059814	     -0.00824526	     -0.00360284	      0.00125501	      1.15557495	     -0.20011667	      2.48867089	      0.06557205	     -0.00795585	     -0.03293627	      0.00000000	      0.00000000	      0.00000000	     87.85307791	    -99.25491974	    -95.12823384	     -6.41321918	     15.87878809	     -2.13432912	      0.00000000	      0.00000000	      0.00000000	     98.07446287	   -102.64425282	    -97.58727766	    -11.06799438	     21.16396556	    -17.54908851	      0.00000000	      0.00000000	      0.00000000	     27.10932990	    203.94696039	    -23.72209931	     -3.21592116	      1.43635961	     12.59217343	      0.00000000	      0.00000000	      0.00000000	   -210.74162830	    -13.30022133	    -14.07918847	     -0.00000000	      0.00000000	     -0.00000000	      0.00000000	      0.00000000	      0.00000000	    -43.96544151	     -6.80390562	     -2.84887062	      1.04825525	     -0.26672107	    -16.30290919	      0.00000000	      0.00000000	      0.00000000	    -28.86919415	     -3.20327842	     -1.81508357	      0.43441560	     -0.48808062	     -6.27187587	      0.00000000	      0.00000000	      0.00000000	    -19.60930297	     -1.91038173	     -1.22711891	      0.29745233	     -0.10577649	     -4.68186491	      0.00000000	      0.00000000	      0.00000000	    -10.07192795	     -0.74172625	     -0.62308814	      0.04412285	      0.00014014	     -0.72941874	      0.00000000	      0.00000000	      0.00000000	    -44.37048477	     -4.27705217	     -2.75920239	      0.98925226	      0.28369639	    -16.41491657	      0.00000000	      0.00000000	      0.00000000	    -29.05633954	     -2.03577605	     -1.77365344	      0.35689338	      0.46220739	     -6.31801361	      0.00000000	      0.00000000	      0.00000000	    -19.73379055	     -1.13376869	     -1.19955992	      0.28012342	      0.09505848	     -4.71225883	      0.00000000	      0.00000000	      0.00000000	    -10.12693446	     -0.39856936	     -0.61091084	      0.04329363	      0.00014014	     -0.73316441	      0.00000000	      0.00000000	      0.00000000
      1.19000000	      0.00000000	     -0.00000000	     -0.00000000	     -0.00000000	     -0.00000000	      0.00000000	      0.00000000	      0.00000000	      0.00000000	   -114.14005985	  -1481.34250266	    452.07740536	      0.00969121	      0.14109602	     -0.01853396	      0.00000000	      0.00000000	      0.00000000	    -72.23429187	  -1282.66802163	     25.43968412	      4.19395933	      3.35759615	     -6.25840444	     -0.00824526	     -0.00360284	     -0.00125501	    118.63051512	     -5.24740617	    -35.81168424	     -1.98671338	      0.89269371	     -2.61352451	      0.00000000	      0.00000000	      0.00000000	    237.55749064	  -1044.01282044	    -29.97885295	     -3.82942658	      1.01819251	     -0.14934117	      0.00000000	      0.00000000	      0.00000000	    236.84715211	  -1044.49146242	    -30.14716862	    -12.05277296	      1.09757012	    -67.37170775	      0.00000000	      0.00000000	      0.00000000	    136.04291517	    -24.32687529	     18.66169911	      0.08253089	      0.35773226	     -0.64916477	      0.00000000	      0.00000000	      0.00000000	     91.78531953	     83.19136166	     76.83260685	     -0.00000000	      0.00000000	      0.00000000	      0.00000000	      0.00000000	      0.00000000	    -51.25845717	    -20.85687086	     -7.50946212	     13.57207134	     12.12664216	     -4.39740575	     -0.00824526	     -0.00360284	      0.00125501	      1.15904308	     -0.16647064	      2.38796256	      0.06293459	     -0.00737980	     -0.03349572	      0.00000000	      0.00000000	      0.00000000	     93.65038071	    -87.65801159	    -91.40391795	     -5.26084985	     15.20325027	     -2.13785941	      0.00000000	      0.00000000	      0.00000000	    104.14216996	    -90.99187154	    -93.73422212	     -9.79604852	     20.32411520	    -17.03190772	      0.00000000	      0.00000000	      0.00000000	     24.23524861	    196.15272334	    -23.88646856	     -3.09876231	      1.39811259	     12.11784955	      0.00000000	      0.00000000	      0.00000000	   -231.68685786	     23.69374750	    -31.26688394	     -0.00000000	     -0.00000000	      0.00000000	      0.00000000	      0.00000000	      0.00000000	    -47.75522850	     -4.72368837	     -6.25254944	      2.27038404	     -0.28041173	    -17.68707804	      0.00000000	      0.00000000	      0.00000000	    -31.32125843	     -2.29136231	     -3.98992675	      0.88940698	     -0.54550733	     -6.81082067	      0.00000000	      0.00000000	      0.00000000	    -21.26897317	     -1.33846186	     -2.69715842	      0.64271434	     -0.12099243	     -5.07992239	      0.00000000	      0.00000000	      0.00000000	    -10.91995153	     -0.49518046	     -1.37012065	      0.09704132	      0.00032700	     -0.79076237	      0.00000000	      0.00000000	      0.00000000	    -48.63157453	      0.96790096	     -6.17727569	      2.24234673	      0.31817950	    -17.92900421	      0.00000000	      0.00000000	      0.00000000	    -31.72616362	      0.33836836	     -3.95514742	      0.86268142	      0.48819123	     -6.91144472	      0.00000000	      0.00000000	      0.00000000	    -21.53831280	      0.41081351	     -2.67402349	      0.63551894	      0.09731352	     -5.14597562	      0.00000000	      0.00000000	      0.00000000	    -11.03896286	      0.27776032	     -1.35989817	      0.09634522	      0.00032700	     -0.79886644	      0.00000000	      0.00000000	      0.00000000
      1.20000000	      0.00000000	     -0.00000000	      0.00000000	      0.00000000	      0.00000000	     -0.00000000	      0.00000000	      0.00000000	      0.00000000	   -124.17104128	  -1535.68437508	    467.35420973	     -0.00932225	      0.10667456	     -0.01703815	      0.00000000	      0.00000000	      0.00000000	    -73.18004127	  -1395.56697076	     19.36575046	      4.78627481	      4.60980492	     -6.93560829	     -0.00824526	     -0.00360284	     -0.00125501	    166.77254533	     -8.93312052	    -46.11393003	     -2.67456294	      1.20719736	     -3.62723339	      0.00000000	      0.00000000	      0.00000000	    284.13063243	  -1139.39045919	    -31.24220622	     -3.43388018	      1.78636612	      0.03034297	      0.00000000	      0.00000000	      0.00000000	    284.35777581	  -1140.04460297	    -31.53034828	    -12.35564952	      1.60833738	    -74.43701515	      0.00000000	      0.00000000	      0.00000000	    139.62523924	    -30.34543506	     18.84850285	      0.01647978	      0.45879761	     -0.98965039	      0.00000000	      0.00000000	      0.00000000	     87.98327384	     98.24648372	     78.64463774	      0.00000000	     -0.00000000	     -0.00000000	      0.00000000	      0.00000000	      0.00000000	    -52.77272810	     -6.86873959	     -5.68412983	     13.24393923	     11.59009256	     -4.16073434	     -0.00824526	     -0.00360284	      0.00125501	      1.11238946	     -0.08691261	      2.18469920	      0.05759197	     -0.00656473	     -0.03262504	      0.00000000	      0.00000000	      0.00000000	     98.18147204	    -74.09683506	    -84.37332680	     -4.18716616	     14.12027899	     -2.06053659	      0.00000000	      0.00000000	      0.00000000	    108.76823021	    -77.27326650	    -86.57435153	     -8.43963019	     18.90312865	    -16.14311315	      0.00000000	      0.00000000	      0.00000000	     20.83915131	    183.87142335	    -23.41492083	     -2.91005745	      1.32528371	     11.36840546	      0.00000000	      0.00000000	      0.00000000	   -240.62665140	     49.15277979	    -41.95419455	     -0.00000000	      0.00000000	     -0.00000000	      0.00000000	      0.00000000	      0.00000000	    -49.23843432	     -3.10129986	     -8.36409863	      3.02754237	     -0.28336400	    -18.22134893	      0.00000000	      0.00000000	      0.00000000	    -32.26722238	     -1.57979705	     -5.33922346	      1.16962464	     -0.57166088	     -7.02051334	      0.00000000	      0.00000000	      0.00000000	    -21.90739347	     -0.89463341	     -3.60905903	      0.85653243	     -0.12841545	     -5.23350009	      0.00000000	      0.00000000	      0.00000000	    -11.24449137	     -0.30682090	     -1.83348304	      0.12986598	      0.00045046	     -0.81421492	      0.00000000	      0.00000000	      0.00000000	    -50.39607960	      4.56634935	     -8.30745449	      3.02364314	      0.33411294	    -18.54065797	      0.00000000	      0.00000000	      0.00000000	    -32.80209851	      1.96294841	     -5.31305172	      1.17948721	      0.49476341	     -7.15396879	      0.00000000	      0.00000000	      0.00000000	    -22.26318871	      1.46197194	     -3.59164980	      0.85699330	      0.09669573	     -5.32095064	      0.00000000	      0.00000000	      0.00000000	    -11.40170427	      0.73447678	     -1.82579053	      0.12934216	      0.00045046	     -0.82492034	      0.00000000	      0.00000000	      0.00000000
      1.21000000	      0.00000000	     -0.00000000	     -0.00000000	      0.00000000	      0.00000000	     -0.00000000	      0.00000000	      0.00000000	      0.00000000	   -145.61065539	  -1569.60923803	    484.10437865	     -0.02042967	      0.07808179	     -0.01452141	      0.00000000	      0.00000000	      0.00000000	    -75.79492937	  -1486.19657577	     10.04553511	      4.31686138	      5.88838598	     -7.67135537	     -0.00824526	     -0.00360284	     -0.00125501	    225.29234878	    -13.80025757	    -56.62837155	     -3.45036875	      1.56640089	     -4.86989146	      0.00000000	      0.00000000	      0.00000000	    323.31449760	  -1200.87719386	    -27.36768261	     -2.98769806	      2.56097193	      0.21349294	      0.00000000	      0.00000000	      0.00000000	    324.12216414	  -1201.64868696	    -27.64884319	    -12.12976205	      1.91033854	    -79.40985483	      0.00000000	      0.00000000	      0.00000000	    144.60134819	    -32.63315852	     19.45579167	      0.00788469	      0.52337402	     -1.10915490	      0.00000000	      0.00000000	      0.00000000	     81.53047681	    110.80389893	     76.45040657	      0.00000000	      0.00000000	     -0.00000000	      0.00000000	      0.00000000	      0.00000000	    -52.97235377	      6.33624643	     -3.37097557	     12.20952841	     10.69618423	     -3.75859442	     -0.00824526	     -0.00360284	      0.00125501	      0.95173936	      0.05022925	      1.88647224	      0.04974584	     -0.00549187	     -0.02845359	      0.00000000	      0.00000000	      0.00000000	     98.04316917	    -60.25843433	    -74.38136478	     -2.99701482	     12.66557947	     -1.92963735	      0.00000000	      0.00000000	      0.00000000	    108.26706912	    -63.24046968	    -76.42024256	     -6.80364624	     16.92609274	    -14.81633559	      0.00000000	      0.00000000	      0.00000000	     17.31506284	    167.13636242	    -22.41029678	     -2.65182260	      1.22801367	     10.33826164	      0.00000000	      0.00000000	      0.00000000	   -240.04026423	     72.01900546	    -48.47971179	     -0.00000000	      0.00000000	      0.00000000	      0.00000000	      0.00000000	      0.00000000	    -48.81462920	     -1.14935967	     -9.68416351	      3.49630580	     -0.27671377	    -18.04796993	      0.00000000	      0.00000000	      0.00000000	    -31.96044433	     -0.69909007	     -6.17987620	      1.33770314	     -0.57323577	     -6.95826122	      0.00000000	      0.00000000	      0.00000000	    -21.69509386	     -0.34295873	     -4.17734827	      0.98852909	     -0.12992930	     -5.18400267	      0.00000000	      0.00000000	      0.00000000	    -11.13192989	     -0.07242335	     -2.12198414	      0.15029520	      0.00051684	     -0.80598247	      0.00000000	      0.00000000	      0.00000000	    -50.15783722	      7.69478639	     -9.58518792	      3.49846847	      0.33533819	    -18.41855842	      0.00000000	      0.00000000	      0.00000000	    -32.58105751	      3.38724166	     -6.13414572	      1.37783044	      0.48435294	     -7.11292110	      0.00000000	      0.00000000	      0.00000000	    -22.10792068	      2.37523577	     -4.14692873	      0.99240463	      0.09325054	     -5.28540226	      0.00000000	      0.00000000	      0.00000000	    -11.31434295	      1.12864735	     -2.10854286	      0.14937992	      0.00051684	     -0.81840389	      0.00000000	      0.00000000	      0.00000000
      1.22000000	      0.00000000	     -0.00000000	     -0.00000000	     -0.00000000	      0.00000000	      0.00000000	      0.00000000	      0.00000000	      0.00000000	   -169.32623935	  -1591.18492335	    497.02759755	     -0.02677310	      0.05425360	     -0.01150441	      0.00000000	      0.00000000	      0.00000000	    -77.25699733	  -1571.96963543	     -2.61697696	      2.47353939	      6.96858527	     -8.59191909	     -0.00824526	     -0.00360284	     -0.00125501	    292.58346352	    -19.41560962	    -66.38987789	     -4.26397696	      1.96191826	     -6.33302199	      0.00000000	      0.00000000	      0.00000000	    347.17809097	  -1249.62018628	    -16.35354591	     -2.46534624	      3.15470071	      0.37098618	      0.00000000	      0.00000000	      0.00000000	    347.57282497	  -1250.58520371	    -16.42424047	    -11.39466860	      1.76284835	    -83.04093030	      0.00000000	      0.00000000	      0.00000000	    151.29488215	    -31.27129280	     20.22451998	      0.05137000	      0.53053382	     -1.03135479	      0.00000000	      0.00000000	      0.00000000	     73.67799167	    116.77199429	     71.85866656	      0.00000000	      0.00000000	     -0.00000000	      0.00000000	      0.00000000	      0.00000000	    -51.35633352	     13.88322563	     -1.43016539	     10.68769826	      9.30673998	     -3.21628216	     -0.00824526	     -0.00360284	      0.00125501	      0.73861879	      0.14221818	      1.51713018	      0.04002442	     -0.00424241	     -0.02249907	      0.00000000	      0.00000000	      0.00000000	     94.29816537	    -46.51338139	    -62.22992190	     -1.93889627	     10.72817330	     -1.69878493	      0.00000000	      0.00000000	      0.00000000	    103.84914142	    -49.01928779	    -64.04714019	     -5.17737969	     14.33861755	    -13.07827289	      0.00000000	      0.00000000	      0.00000000	     13.18279065	    145.70583518	    -20.69304439	     -2.31782486	      1.09048146	      9.02774612	      0.00000000	      0.00000000	      0.00000000	   -235.51683504	    100.17020493	    -52.31089530	      0.00000000	     -0.00000000	     -0.00000000	      0.00000000	      0.00000000	      0.00000000	    -47.55031057	      1.67593864	    -10.43332668	      3.75745740	     -0.26610830	    -17.55411741	      0.00000000	      0.00000000	      0.00000000	    -31.08394181	      0.57547154	     -6.65968647	      1.42241904	     -0.56251727	     -6.77388297	      0.00000000	      0.00000000	      0.00000000	    -21.09477660	      0.45894656	     -4.50164983	      1.06189287	     -0.12830571	     -5.04219959	      0.00000000	      0.00000000	      0.00000000	    -10.81811500	      0.26772628	     -2.28689997	      0.16198038	      0.00056029	     -0.78314535	      0.00000000	      0.00000000	      0.00000000	    -48.99583789	     11.23218000	    -10.35478138	      3.78809111	      0.32937706	    -17.95286523	      0.00000000	      0.00000000	      0.00000000	    -31.75183039	      4.99081838	     -6.62339555	      1.50685088	      0.46663380	     -6.94046108	      0.00000000	      0.00000000	      0.00000000	    -21.53905063	      3.39599922	     -4.47750941	      1.07485611	      0.08874870	     -5.15137348	      0.00000000	      0.00000000	      0.00000000	    -11.01442344	      1.56550240	     -2.27623321	      0.16125403	      0.00056029	     -0.79651298	      0.00000000	      0.00000000	      0.00000000
      1.23000000	      0.00000000	     -0.00000000	     -0.00000000	      0.00000000	      0.00000000	     -0.00000000	      0.00000000	      0.00000000	      0.00000000	   -194.22467159	  -1596.89384377	    507.81181547	     -0.02973241	      0.03387877	     -0.00761818	      0.00000000	      0.00000000	      0.00000000	    -83.68784772	  -1642.06707360	    -18.03606209	      0.14779835	      7.80457161	     -9.59850496	     -0.00824526	     -0.00360284	     -0.00125501	    366.81201921	    -25.54497528	    -74.90950966	     -5.09493529	      2.37185312	     -7.99490940	      0.00000000	      0.00000000	      0.00000000	    367.14176022	  -1269.30959826	     -3.81420073	     -2.02741092	      3.50693369	      0.47500078	      0.00000000	      0.00000000	      0.00000000	    367.36190188	  -1270.34192065	     -3.69241872	    -10.48194435	      1.31225135	    -84.97954600	      0.00000000	      0.00000000	      0.00000000	    155.86949232	    -30.18175701	     20.66488289	      0.08377879	      0.54311802	     -0.96779058	      0.00000000	      0.00000000	      0.00000000	     64.02788499	    123.15905149	     63.19207132	     -0.00000000	      0.00000000	      0.00000000	      0.00000000	      0.00000000	      0.00000000	    -48.23393119	     21.92387629	      0.06692640	      8.51239719	      7.43606850	     -2.50499126	     -0.00824526	     -0.00360284	      0.00125501	      0.45242847	      0.28271381	      1.09036496	      0.02878190	     -0.00290424	     -0.01429729	      0.00000000	      0.00000000	      0.00000000	     85.17813922	    -32.51357451	    -48.33354509	     -1.15385029	      8.35909689	     -1.36192321	      0.00000000	      0.00000000	      0.00000000	     93.52657558	    -34.57652350	    -49.87557493	     -3.71973357	     11.20304681	    -10.81889078	      0.00000000	      0.00000000	      0.00000000	      9.53283076	    119.97088138	    -18.14568270	     -1.91506605	      0.92529893	      7.44068677	      0.00000000	      0.00000000	      0.00000000	   -225.54966367	    122.84278541	    -52.84184833	      0.00000000	      0.00000000	     -0.00000000	      0.00000000	      0.00000000	      0.00000000	    -45.24949511	      4.29794653	    -10.53900276	      3.78580775	     -0.25086896	    -16.67827626	      0.00000000	      0.00000000	      0.00000000	    -29.53066582	      1.76199747	     -6.72558544	      1.41918971	     -0.53740161	     -6.44154804	      0.00000000	      0.00000000	      0.00000000	    -20.03557105	      1.20496113	     -4.54602593	      1.06920568	     -0.12304475	     -4.79053036	      0.00000000	      0.00000000	      0.00000000	    -10.26906195	      0.58261056	     -2.30922912	      0.16356000	      0.00057043	     -0.74327240	      0.00000000	      0.00000000	      0.00000000	    -46.70302864	     13.97005156	    -10.45463909	      3.83354189	      0.31480201	    -17.07911726	      0.00000000	      0.00000000	      0.00000000	    -30.20225358	      6.23087774	     -6.68660622	      1.53859509	      0.44057287	     -6.60927330	      0.00000000	      0.00000000	      0.00000000	    -20.48230574	      4.17762380	     -4.52009727	      1.08819416	      0.08311609	     -4.90039116	      0.00000000	      0.00000000	      0.00000000	    -10.46645766	      1.89612143	     -2.29777220	      0.16277984	      0.00057043	     -0.75671406	      0.00000000	      0.00000000	      0.00000000
      1.24000000	      0.00000000	     -0.00000000	     -0.00000000	     -0.00000000	     -0.00000000	      0.00000000	      0.00000000	      0.00000000	      0.00000000	   -225.34436912	  -1605.09298521	    524.00696131	     -0.03244684	      0.01413857	     -0.00484591	      0.00000000	      0.00000000	      0.00000000	    -95.82936181	  -1708.68197643	    -35.36461228	     -1.71135980	      8.67893650	    -10.58278846	     -0.00824526	     -0.00360284	     -0.00125501	    447.25574155	    -31.78638079	    -82.20039640	     -5.91108985	      2.82211154	     -9.86419075	      0.00000000	      0.00000000	      0.00000000	    384.70594273	  -1266.79869919	      6.88658984	     -1.46639508	      3.90413451	      0.60232496	      0.00000000	      0.00000000	      0.00000000	    385.14972097	  -1267.78245952	      7.08528817	     -9.39091335	      1.02148442	    -85.59730473	      0.00000000	      0.00000000	      0.00000000	    157.89598523	    -29.22761382	     21.04105550	      0.10768328	      0.55196522	     -0.90437974	      0.00000000	      0.00000000	      0.00000000	     53.63454613	    128.66968182	     51.16369416	     -0.00000000	      0.00000000	      0.00000000	      0.00000000	      0.00000000	      0.00000000	    -42.34042413	     28.92282088	      0.74847841	      6.06435261	      5.14407251	     -1.70188413	     -0.00824526	     -0.00360284	      0.00125501	      0.05520722	      0.45971145	      0.65804746	      0.01738419	     -0.00158311	     -0.00264105	      0.00000000	      0.00000000	      0.00000000	     67.76253464	    -17.94433092	    -33.99743618	     -0.65561839	      5.62236070	     -0.92895507	      0.00000000	      0.00000000	      0.00000000	     74.13060419	    -19.57785615	    -35.18029689	     -2.51083314	      7.63372944	     -7.87175429	      0.00000000	      0.00000000	      0.00000000	      6.54342059	     89.94786482	    -14.69502294	     -1.44212732	      0.73144039	      5.57573310	      0.00000000	      0.00000000	      0.00000000	   -211.88373003	    141.20670357	    -50.40850174	     -0.00000000	     -0.00000000	      0.00000000	      0.00000000	      0.00000000	      0.00000000	    -42.25186861	      6.81404360	    -10.04594452	      3.59986627	     -0.23301094	    -15.54574982	      0.00000000	      0.00000000	      0.00000000	    -27.52260954	      2.91081077	     -6.41304994	      1.33516697	     -0.50184040	     -6.01003447	      0.00000000	      0.00000000	      0.00000000	    -18.66811287	      1.92918708	     -4.33488279	      1.01630250	     -0.11504805	     -4.46516706	      0.00000000	      0.00000000	      0.00000000	     -9.56203960	      0.88889071	     -2.20223170	      0.15598534	      0.00054276	     -0.69196806	      0.00000000	      0.00000000	      0.00000000	    -43.64045342	     16.03172225	     -9.98388236	      3.67002675	      0.29399514	    -15.92872067	      0.00000000	      0.00000000	      0.00000000	    -28.16418851	      7.16972876	     -6.38437486	      1.48701466	      0.40945145	     -6.17018585	      0.00000000	      0.00000000	      0.00000000	    -19.09488597	      4.76218456	     -4.31580836	      1.04225650	      0.07694452	     -4.57008985	      0.00000000	      0.00000000	      0.00000000	     -9.75061501	      2.14068864	     -2.19380340	      0.15541141	      0.00054276	     -0.70480910	      0.00000000	      0.00000000	      0.00000000
      1.25000000	     -0.00000000	      0.00000000	     -0.00000000	     -0.00000000	     -0.00000000	      0.00000000	      0.00000000	      0.00000000	      0.00000000	   -262.78480221	  -1635.87140180	    548.12788426	     -0.03209193	     -0.00016672	     -0.00439123	      0.00000000	      0.00000000	      0.00000000	   -107.12177899	  -1795.28139463	    -53.11541385	     -3.04327647	      9.75671771	    -11.54935371	     -0.00824526	     -0.00360284	     -0.00125501	    532.17615609	    -37.79698614	    -87.70911584	     -6.70296847	      3.27609619	    -11.90297100	      0.00000000	      0.00000000	      0.00000000	    394.63849406	  -1266.33945261	     17.42375566	     -0.53303976	      4.49610197	      0.80261114	      0.00000000	      0.00000000	      0.00000000	    395.11164039	  -1267.30990773	     17.63860588	     -7.95117510	      0.98848245	    -85.88420974	      0.00000000	      0.00000000	      0.00000000	    158.14586500	    -27.69859167	     21.26048301	      0.13123497	      0.53562264	     -0.81469849	      0.00000000	      0.00000000	      0.00000000	     43.84417602	    130.41757471	     38.39755438	     -0.00000000	     -0.00000000	     -0.00000000	      0.00000000	      0.00000000	      0.00000000	    -34.35822272	     33.25655582	      0.42475347	      3.63044266	      2.70400866	     -0.91895456	     -0.00824526	     -0.00360284	      0.00125501	     -0.37144714	      0.62297144	      0.26046904	      0.00689365	     -0.00042868	      0.00982123	      0.00000000	      0.00000000	      0.00000000	     45.23854700	     -3.24019092	    -20.62209813	     -0.45633681	      2.81679057	     -0.45168971	      0.00000000	      0.00000000	      0.00000000	     49.21323321	     -4.44350850	    -21.40141588	     -1.63887629	      4.02996601	     -4.54082944	      0.00000000	      0.00000000	      0.00000000	      3.81845320	     57.69648242	    -10.32974000	     -0.93046967	      0.50206301	      3.56681683	      0.00000000	      0.00000000	      0.00000000	   -199.03861449	    165.29702855	    -48.33333106	      0.00000000	      0.00000000	     -0.00000000	      0.00000000	      0.00000000	      0.00000000	    -39.37271666	      9.91169517	     -9.64729905	      3.44434526	     -0.21548840	    -14.45092871	      0.00000000	      0.00000000	      0.00000000	    -25.58080427	      4.32037621	     -6.15695911	      1.25926498	     -0.46776684	     -5.59419778	      0.00000000	      0.00000000	      0.00000000	    -17.34441274	      2.81899927	     -4.16177442	      0.97156168	     -0.10743125	     -4.15053446	      0.00000000	      0.00000000	      0.00000000	     -8.87605995	      1.26602089	     -2.11410727	      0.14973923	      0.00052044	     -0.64215038	      0.00000000	      0.00000000	      0.00000000	    -40.70359653	     18.73724950	     -9.56295276	      3.52846250	      0.27397146	    -14.81800119	      0.00000000	      0.00000000	      0.00000000	    -26.19572138	      8.39811786	     -6.11798791	      1.44763235	      0.37913851	     -5.74766145	      0.00000000	      0.00000000	      0.00000000	    -17.75345057	      5.53147972	     -4.13585110	      1.00299113	      0.07087929	     -4.25108516	      0.00000000	      0.00000000	      0.00000000	     -9.05679880	      2.46456676	     -2.10265271	      0.14895923	      0.00052044	     -0.65445779	      0.00000000	      0.00000000	      0.00000000
      1.26000000	      0.00000000	     -0.00000000	      0.00000000	     -0.00000000	      0.00000000	     -0.00000000	      0.00000000	      0.00000000	      0.00000000	   -298.05602149	  -1684.99317250	    576.10724045	     -0.02820287	     -0.00638404	     -0.00540574	      0.00000000	      0.00000000	      0.00000000	   -116.33748069	  -1903.19035710	    -70.31414782	     -3.87600336	     10.86632499	    -12.52440490	     -0.00824526	     -0.00360284	     -0.00125501	    617.99339540	    -43.07203436	    -91.87659203	     -7.43313236	      3.75170131	    -14.03280693	      0.00000000	      0.00000000	      0.00000000	    395.93791212	  -1271.30131083	     27.24109018	      0.63935334	      5.09318278	      1.02652798	      0.00000000	      0.00000000	      0.00000000	    396.28013164	  -1272.28862405	     27.40517569	     -6.34518127	      1.06089269	    -86.01885031	      0.00000000	      0.00000000	      0.00000000	    156.22958323	    -25.76833725	     21.33567970	      0.15101914	      0.49219188	     -0.71042872	      0.00000000	      0.00000000	      0.00000000	     36.55924385	    130.52431218	     28.34572721	     -0.00000000	      0.00000000	      0.00000000	      0.00000000	      0.00000000	      0.00000000	    -28.11079639	     33.86804238	     -0.12768997	      1.86638795	      0.81384196	     -0.37313673	     -0.00824526	     -0.00360284	      0.00125501	     -0.67343491	      0.72763217	     -0.01442059	     -0.00036201	      0.00033150	      0.01862398	      0.00000000	      0.00000000	      0.00000000	     27.89077447	      5.56161275	    -10.57133136	     -0.27165120	      0.69372579	     -0.09416175	      0.00000000	      0.00000000	      0.00000000	     30.08998046	      4.65180993	    -11.00182291	     -0.91835757	      1.33040901	     -2.02323914	      0.00000000	      0.00000000	      0.00000000	      0.65600929	     28.89702888	     -5.92951191	     -0.47006368	      0.26497024	      1.77392411	      0.00000000	      0.00000000	      0.00000000	   -189.48290045	    192.69659323	    -47.47921961	      0.00000000	      0.00000000	      0.00000000	      0.00000000	      0.00000000	      0.00000000	    -37.12914035	     13.17383559	     -9.46729638	      3.36776185	     -0.20124785	    -13.58967488	      0.00000000	      0.00000000	      0.00000000	    -24.05250004	      5.79896749	     -6.04174057	      1.21271748	     -0.44158220	     -5.26884183	      0.00000000	      0.00000000	      0.00000000	    -16.30126538	      3.75282839	     -4.08377415	      0.94917023	     -0.10167729	     -3.90307162	      0.00000000	      0.00000000	      0.00000000	     -8.33382755	      1.66235906	     -2.07442340	      0.14692940	      0.00051330	     -0.60273579	      0.00000000	      0.00000000	      0.00000000	    -38.43404161	     21.86798393	     -9.39472902	      3.47779851	      0.25869618	    -13.94950726	      0.00000000	      0.00000000	      0.00000000	    -24.65541403	      9.81599458	     -6.00821169	      1.44466253	      0.35458617	     -5.41945571	      0.00000000	      0.00000000	      0.00000000	    -16.70231884	      6.42492201	     -4.06147101	      0.98908710	      0.06580639	     -4.00171298	      0.00000000	      0.00000000	      0.00000000	     -8.51103841	      2.84305947	     -2.06456846	      0.14625832	      0.00051330	     -0.61480297	      0.00000000	      0.00000000	      0.00000000
      1.27000000	      0.00000000	     -0.00000000	     -0.00000000	      0.00000000	     -0.00000000	      0.00000000	      0.00000000	      0.00000000	      0.00000000	   -330.57588102	  -1748.21075977	    603.13298867	     -0.02255617	     -0.00722546	     -0.00724277	      0.00000000	      0.00000000	      0.00000000	   -122.35556748	  -2028.08904706	    -86.30014960	     -4.78930262	     11.82410491	    -13.57095020	     -0.00824526	     -0.00360284	     -0.00125501	    701.29065462	    -47.47875387	    -94.92916822	     -8.08640079	      4.23370670	    -16.15843039	      0.00000000	      0.00000000	      0.00000000	    390.33820580	  -1281.15256910	     38.67462804	      1.82301101	      5.42010986	      1.20128027	      0.00000000	      0.00000000	      0.00000000	    390.53586544	  -1282.19142874	     38.84782395	     -4.68278849	      0.81517329	    -86.12640357	      0.00000000	      0.00000000	      0.00000000	    151.63783169	    -23.72189205	     20.80380598	      0.15996078	      0.44613289	     -0.60814811	      0.00000000	      0.00000000	      0.00000000	     32.52550181	    129.54515855	     22.36366721	      0.00000000	     -0.00000000	     -0.00000000	      0.00000000	      0.00000000	      0.00000000	    -24.72483333	     30.64795789	     -0.11643573	      0.94760939	     -0.17936410	     -0.11786624	     -0.00824526	     -0.00360284	      0.00125501	     -0.81549439	      0.78249920	     -0.15702471	     -0.00412888	      0.00069089	      0.02280750	      0.00000000	      0.00000000	      0.00000000	     19.05893094	      6.63604442	     -5.13245408	      0.00198912	     -0.37918361	      0.06717963	      0.00000000	      0.00000000	      0.00000000	     20.36386338	      5.87714403	     -5.38657327	     -0.32224123	     -0.03253319	     -0.85503445	      0.00000000	      0.00000000	      0.00000000	     -1.71736886	     10.67917394	     -2.77710818	     -0.17703146	      0.09405978	      0.64143930	      0.00000000	      0.00000000	      0.00000000	   -183.02981640	    221.55605722	    -47.25968004	      0.00000000	     -0.00000000	     -0.00000000	      0.00000000	      0.00000000	      0.00000000	    -35.51622729	     16.49638211	     -9.44134163	      3.34540578	     -0.19050311	    -12.96053312	      0.00000000	      0.00000000	      0.00000000	    -22.93517291	      7.30406857	     -6.02228430	      1.18623221	     -0.42289114	     -5.03306431	      0.00000000	      0.00000000	      0.00000000	    -15.53668718	      4.70516369	     -4.07054249	      0.94191498	     -0.09764198	     -3.72217526	      0.00000000	      0.00000000	      0.00000000	     -7.93417930	      2.06788552	     -2.06736536	      0.14642320	      0.00051159	     -0.57363744	      0.00000000	      0.00000000	      0.00000000	    -36.81386320	     25.14716128	     -9.33500778	      3.46912192	      0.24769345	    -13.31835282	      0.00000000	      0.00000000	      0.00000000	    -23.53473003	     11.30105745	     -5.97315402	      1.45910223	      0.33628142	     -5.18285759	      0.00000000	      0.00000000	      0.00000000	    -15.93550768	      7.36392806	     -4.03786143	      0.98757426	      0.06193334	     -3.82027399	      0.00000000	      0.00000000	      0.00000000	     -8.11040349	      3.24269622	     -2.05292479	      0.14543986	      0.00051159	     -0.58563743	      0.00000000	      0.00000000	      0.00000000
      1.28000000	      0.00000000	     -0.00000000	      0.00000000	      0.00000000	      0.00000000	      0.00000000	      0.00000000	      0.00000000	      0.00000000	   -356.51566845	  -1821.74958119	    628.05610667	     -0.01629136	     -0.00416120	     -0.00963235	      0.00000000	      0.00000000	      0.00000000	   -124.56579667	  -2162.06517532	   -100.29556383	     -5.66850493	     12.66726102	    -14.61022170	     -0.00824526	     -0.00360284	     -0.00125501	    778.29889532	    -50.94606145	    -96.91200195	     -8.63454342	      4.70910773	    -18.17416772	      0.00000000	      0.00000000	      0.00000000	    378.01089291	  -1294.57977381	     50.48472958	      2.94181294	      5.54333366	      1.33161823	      0.00000000	      0.00000000	      0.00000000	    378.10362350	  -1295.67206397	     50.72564257	     -3.09112258	      0.38597266	    -86.13691109	      0.00000000	      0.00000000	      0.00000000	    144.44079339	    -21.81867053	     19.80795682	      0.15603901	      0.39559724	     -0.52097997	      0.00000000	      0.00000000	      0.00000000	     30.76789747	    129.27966442	     20.86135003	     -0.00000000	      0.00000000	      0.00000000	      0.00000000	      0.00000000	      0.00000000	    -21.71518269	     26.37942128	      0.05916264	      0.86449044	     -0.21970088	     -0.11208911	     -0.00824526	     -0.00360284	      0.00125501	     -0.88167151	      0.81675194	     -0.17078418	     -0.00449525	      0.00071442	      0.02488665	      0.00000000	      0.00000000	      0.00000000	     11.85433749	      4.83020234	     -3.13208772	      0.24689426	     -0.40289503	      0.04512714	      0.00000000	      0.00000000	      0.00000000	     12.43623816	      4.15076027	     -3.26738236	      0.06365382	     -0.18047772	     -0.35082617	      0.00000000	      0.00000000	      0.00000000	     -2.06160023	      1.67601179	     -1.10712399	     -0.03173785	      0.01733030	      0.07763979	      0.00000000	      0.00000000	      0.00000000	   -180.15915048	    248.02385522	    -48.17638026	     -0.00000000	     -0.00000000	      0.00000000	      0.00000000	      0.00000000	      0.00000000	    -34.65491789	     19.36806089	     -9.62031470	      3.39951935	     -0.18394538	    -12.61379414	      0.00000000	      0.00000000	      0.00000000	    -22.31828531	      8.60116979	     -6.13574773	      1.19150918	     -0.41349102	     -4.90527894	      0.00000000	      0.00000000	      0.00000000	    -15.11267948	      5.52608232	     -4.14712753	      0.95652379	     -0.09576603	     -3.62244387	      0.00000000	      0.00000000	      0.00000000	     -7.71033785	      2.41786535	     -2.10616138	      0.14917066	      0.00052365	     -0.55729753	      0.00000000	      0.00000000	      0.00000000	    -35.97483032	     28.20389665	     -9.51439512	      3.54443430	      0.24224980	    -12.97768954	      0.00000000	      0.00000000	      0.00000000	    -22.92813503	     12.68366186	     -6.08680886	      1.50397278	      0.32524223	     -5.05777412	      0.00000000	      0.00000000	      0.00000000	    -15.51834653	      8.24172271	     -4.11457379	      1.00941608	      0.05939014	     -3.72227442	      0.00000000	      0.00000000	      0.00000000	     -7.88958729	      3.61780747	     -2.09177707	      0.14819116	      0.00052365	     -0.56950352	      0.00000000	      0.00000000	      0.00000000
      1.29000000	     -0.00000000	      0.00000000	      0.00000000	     -0.00000000	     -0.00000000	     -0.00000000	      0.00000000	      0.00000000	      0.00000000	   -378.76325230	  -1898.00810370	    650.92185595	     -0.00974927	      0.00252569	     -0.01283979	      0.00000000	      0.00000000	      0.00000000	   -123.42386577	  -2292.13530794	   -110.97721965	     -5.99654984	     13.48877222	    -15.48095627	     -0.00824526	     -0.00360284	     -0.00125501	    844.55331839	    -53.49169464	    -98.11988526	     -9.06193318	      5.15245624	    -19.94525467	      0.00000000	      0.00000000	      0.00000000	    361.43632416	  -1307.71361086	     59.47615167	      4.15347099	      5.65191750	      1.46881044	      0.00000000	      0.00000000	      0.00000000	    361.45550462	  -1308.84397292	     59.67399949	     -1.54084284	      0.12332010	    -85.92034620	      0.00000000	      0.00000000	      0.00000000	    135.47294757	    -19.75888464	     18.71776297	      0.14771998	      0.33096594	     -0.42710798	      0.00000000	      0.00000000	      0.00000000	     30.70451624	    129.28287069	     21.95183112	     -0.00000000	      0.00000000	     -0.00000000	      0.00000000	      0.00000000	      0.00000000	    -17.83799844	     23.04355418	     -0.24194432	      1.18380384	      0.45465203	     -0.22335583	     -0.00824526	     -0.00360284	      0.00125501	     -0.97745252	      0.84131120	     -0.07697849	     -0.00201997	      0.00045880	      0.02779248	      0.00000000	      0.00000000	      0.00000000	      2.70036118	      4.84624180	     -2.79669537	      0.10499337	      0.29544074	     -0.06377003	      0.00000000	      0.00000000	      0.00000000	      2.38983715	      4.22998144	     -2.74763115	     -0.05267330	      0.43979337	      0.09459692	      0.00000000	      0.00000000	      0.00000000	     -0.33504504	     -0.50276799	     -0.79111740	      0.00295249	      0.02856390	     -0.06747586	      0.00000000	      0.00000000	      0.00000000	   -179.41208303	    271.20244364	    -49.49171677	     -0.00000000	     -0.00000000	     -0.00000000	      0.00000000	      0.00000000	      0.00000000	    -34.25546767	     21.80630657	     -9.84552952	      3.47446961	     -0.18024015	    -12.44278581	      0.00000000	      0.00000000	      0.00000000	    -22.01322732	      9.70244741	     -6.28512186	      1.20766698	     -0.40953842	     -4.84458130	      0.00000000	      0.00000000	      0.00000000	    -14.90148443	      6.22378890	     -4.24821011	      0.97765111	     -0.09510826	     -3.57342451	      0.00000000	      0.00000000	      0.00000000	     -7.59695155	      2.71605590	     -2.15815242	      0.15286575	      0.00053839	     -0.54898260	      0.00000000	      0.00000000	      0.00000000	    -35.61108645	     30.89376649	     -9.80771468	      3.65732140	      0.24013246	    -12.81650225	      0.00000000	      0.00000000	      0.00000000	    -22.63957474	     13.90119940	     -6.26764997	      1.56068533	      0.31891158	     -5.00124673	      0.00000000	      0.00000000	      0.00000000	    -15.31812562	      9.01676444	     -4.23658795	      1.04136462	      0.05775365	     -3.67597214	      0.00000000	      0.00000000	      0.00000000	     -7.78105005	      3.95016961	     -2.15301701	      0.15251605	      0.00053839	     -0.56151879	      0.00000000	      0.00000000	      0.00000000
      1.30000000	      0.00000000	     -0.00000000	      0.00000000	     -0.00000000	     -0.00000000	     -0.00000000	      0.00000000	      0.00000000	      0.00000000	   -392.93205612	  -1974.37151141	    673.09811791	     -0.00356348	      0.01211318	     -0.01524456	      0.00000000	      0.00000000	      0.00000000	   -119.39674607	  -2409.48080867	   -118.63510665	     -5.93148827	     14.26036525	    -16.14079837	     -0.00824526	     -0.00360284	     -0.00125501	    896.46545692	    -55.21047648	    -98.33519822	     -9.34699360	      5.52694997	    -21.36331907	      0.00000000	      0.00000000	      0.00000000	    340.52526097	  -1322.82304078	     65.22284885	      5.14455547	      5.76693188	      1.58159881	      0.00000000	      0.00000000	      0.00000000	    340.47248656	  -1323.99578505	     65.33726553	     -0.38103077	      0.07215739	    -85.61966886	      0.00000000	      0.00000000	      0.00000000	    125.81106504	    -17.94091635	     17.64489487	      0.13341188	      0.25725478	     -0.34927493	      0.00000000	      0.00000000	      0.00000000	     33.12225138	    130.92608729	     20.57979947	     -0.00000000	      0.00000000	     -0.00000000	      0.00000000	      0.00000000	      0.00000000	    -18.15468023	     19.69906304	      0.13615581	      1.04918881	      0.47799222	     -0.20995894	     -0.00824526	     -0.00360284	      0.00125501	     -1.00409772	      0.83143918	     -0.07625795	     -0.00200296	      0.00042941	      0.02851094	      0.00000000	      0.00000000	      0.00000000	      2.96635221	      3.57075229	     -2.56195065	      0.08142373	      0.33710574	     -0.06864731	      0.00000000	      0.00000000	      0.00000000	      2.63422816	      3.04125429	     -2.50627942	     -0.05759264	      0.47287188	      0.00560894	      0.00000000	      0.00000000	      0.00000000	      0.03837416	     -0.43325427	     -0.71778967	      0.00172717	      0.03119836	     -0.05922009	      0.00000000	      0.00000000	      0.00000000	   -180.75942558	    287.74534686	    -50.74283838	     -0.00000000	     -0.00000000	     -0.00000000	      0.00000000	      0.00000000	      0.00000000	    -34.37358580	     23.48573681	    -10.13365200	      3.56947029	     -0.17978340	    -12.46933543	      0.00000000	      0.00000000	      0.00000000	    -22.05876094	     10.45948333	     -6.46177183	      1.23418301	     -0.41156669	     -4.85820926	      0.00000000	      0.00000000	      0.00000000	    -14.92893470	      6.70408405	     -4.36738002	      1.00354927	     -0.09575301	     -3.58084489	      0.00000000	      0.00000000	      0.00000000	     -7.60710144	      2.92180514	     -2.21784625	      0.15707892	      0.00055283	     -0.54962519	      0.00000000	      0.00000000	      0.00000000	    -35.76225484	     32.80723404	    -10.01508541	      3.74195185	      0.24119333	    -12.85214028	      0.00000000	      0.00000000	      0.00000000	    -22.70037884	     14.76636946	     -6.40698956	      1.60386865	      0.31865670	     -5.01873876	      0.00000000	      0.00000000	      0.00000000	    -15.35573369	      9.56898953	     -4.33093930	      1.06626641	      0.05746074	     -3.68590896	      0.00000000	      0.00000000	      0.00000000	     -7.79568829	      4.18770205	     -2.20174443	      0.15598247	      0.00055283	     -0.56246701	      0.00000000	      0.00000000	      0.00000000
      1.31000000	     -0.00000000	      0.00000000	      0.00000000	     -0.00000000	     -0.00000000	      0.00000000	      0.00000000	      0.00000000	      0.00000000	   -404.40498079	  -2043.75632386	    691.75374131	      0.00150903	      0.02349889	     -0.01761306	      0.00000000	      0.00000000	      0.00000000	   -113.77948020	  -2502.99260611	   -123.05850561	     -6.18302919	     14.68318429	    -16.66977402	     -0.00824526	     -0.00360284	     -0.00125501	    930.93830365	    -56.12041089	    -97.87687784	     -9.49255405	      5.80148437	    -22.33248354	      0.00000000	      0.00000000	      0.00000000	    319.93032608	  -1346.11577572	     70.23001233	      5.82960286	      5.60693747	      1.61909808	      0.00000000	      0.00000000	      0.00000000	    319.79281454	  -1347.33234848	     70.30565769	      0.38566983	     -0.22539622	    -85.83367225	      0.00000000	      0.00000000	      0.00000000	    117.47366387	    -16.97459778	     16.37407489	      0.10879327	      0.20045165	     -0.31737969	      0.00000000	      0.00000000	      0.00000000	     36.55559144	    131.33434396	     19.34024005	     -0.00000000	      0.00000000	      0.00000000	      0.00000000	      0.00000000	      0.00000000	    -18.66005873	     16.67890916	      0.40796928	      0.89875332	      0.40453831	     -0.18611853	     -0.00824526	     -0.00360284	      0.00125501	     -1.04770347	      0.80858708	     -0.08698392	     -0.00228793	      0.00043624	      0.02963398	      0.00000000	      0.00000000	      0.00000000	      3.60863789	      3.03747654	     -2.35460222	      0.06342488	      0.27201622	     -0.05514841	      0.00000000	      0.00000000	      0.00000000	      3.29359577	      2.60359307	     -2.30425840	     -0.06353682	      0.40268756	     -0.04512026	      0.00000000	      0.00000000	      0.00000000	      0.25669597	     -0.37555455	     -0.66890843	      0.00072008	      0.03257356	     -0.05061719	      0.00000000	      0.00000000	      0.00000000	   -181.72550564	    300.63521288	    -51.66858074	     -0.00000000	     -0.00000000	     -0.00000000	      0.00000000	      0.00000000	      0.00000000	    -34.43803249	     24.79869767	    -10.30800005	      3.62856046	     -0.17937865	    -12.48028290	      0.00000000	      0.00000000	      0.00000000	    -22.07676284	     11.05059731	     -6.57510098	      1.24993393	     -0.41268547	     -4.86517443	      0.00000000	      0.00000000	      0.00000000	    -14.93879596	      7.07918048	     -4.44405328	      1.02015155	     -0.09613110	     -3.58395689	      0.00000000	      0.00000000	      0.00000000	     -7.60932534	      3.08241819	     -2.25703426	      0.15985872	      0.00056267	     -0.54973141	      0.00000000	      0.00000000	      0.00000000	    -35.85230868	     34.28651501	    -10.20968770	      3.81687010	      0.24190962	    -12.87015690	      0.00000000	      0.00000000	      0.00000000	    -22.73021222	     15.43432966	     -6.52967693	      1.64015255	      0.31806989	     -5.02864423	      0.00000000	      0.00000000	      0.00000000	    -15.37346515	      9.99520344	     -4.41383757	      1.08763994	      0.05713494	     -3.69095108	      0.00000000	      0.00000000	      0.00000000	     -7.80138975	      4.37090204	     -2.24368305	      0.15894957	      0.00056267	     -0.56281004	      0.00000000	      0.00000000	      0.00000000
      1.32000000	      0.00000000	     -0.00000000	     -0.00000000	      0.00000000	     -0.00000000	     -0.00000000	      0.00000000	      0.00000000	      0.00000000	   -406.45485472	  -2101.80248782	    705.48200883	      0.00452084	      0.03376893	     -0.02045818	      0.00000000	      0.00000000	      0.00000000	   -109.25807312	  -2565.94555064	   -124.09240375	     -6.71936832	     14.72879455	    -17.05171527	     -0.00824526	     -0.00360284	     -0.00125501	    946.45550197	    -56.62261173	    -97.00367391	     -9.50145039	      5.95521148	    -22.78394999	      0.00000000	      0.00000000	      0.00000000	    297.71687407	  -1371.90075624	     73.82644412	      6.26215267	      5.21038873	      1.59350638	      0.00000000	      0.00000000	      0.00000000	    297.53272562	  -1373.13352421	     73.93023138	      0.81913142	     -0.67459283	    -86.16374153	      0.00000000	      0.00000000	      0.00000000	    111.40795316	    -16.74561926	     15.34922038	      0.08127305	      0.15232635	     -0.31757232	      0.00000000	      0.00000000	      0.00000000	     41.56626694	    129.18758806	     18.05765227	      0.00000000	     -0.00000000	     -0.00000000	      0.00000000	      0.00000000	      0.00000000	    -18.50470645	     12.88878196	      0.58524071	      0.78293811	      0.36297250	     -0.17144099	     -0.00824526	     -0.00360284	      0.00125501	     -1.06450464	      0.75502619	     -0.09045601	     -0.00238144	      0.00042183	      0.02998492	      0.00000000	      0.00000000	      0.00000000	      3.94419966	      2.15327581	     -2.15435201	      0.05490416	      0.24387135	     -0.04923230	      0.00000000	      0.00000000	      0.00000000	      3.63196025	      1.81925721	     -2.10532801	     -0.05781415	      0.36802018	     -0.10455332	      0.00000000	      0.00000000	      0.00000000	      0.39207882	     -0.35903166	     -0.60238461	      0.00081350	      0.03173379	     -0.04445518	      0.00000000	      0.00000000	      0.00000000	   -184.19776545	    307.08048062	    -50.25069469	      0.00000000	     -0.00000000	      0.00000000	      0.00000000	      0.00000000	      0.00000000	    -34.90957607	     25.58219280	     -9.99946116	      3.51573751	     -0.18293161	    -12.64620316	      0.00000000	      0.00000000	      0.00000000	    -22.36918387	     11.40479137	     -6.38152911	      1.20306506	     -0.41588296	     -4.93072875	      0.00000000	      0.00000000	      0.00000000	    -15.13625160	      7.30768701	     -4.31323780	      0.98834056	     -0.09651438	     -3.63157938	      0.00000000	      0.00000000	      0.00000000	     -7.70883815	      3.18185014	     -2.19095364	      0.15518630	      0.00054878	     -0.55689529	      0.00000000	      0.00000000	      0.00000000	    -36.28305395	     34.82516417	     -9.94976154	      3.72285766	      0.24374791	    -13.02477739	      0.00000000	      0.00000000	      0.00000000	    -23.00378287	     15.67539557	     -6.35856599	      1.60665505	      0.32390354	     -5.08958580	      0.00000000	      0.00000000	      0.00000000	    -15.55838167	     10.14845805	     -4.29796292	      1.06072625	      0.05861082	     -3.73552475	      0.00000000	      0.00000000	      0.00000000	     -7.89536199	      4.43708293	     -2.18420424	      0.15472670	      0.00054878	     -0.56959663	      0.00000000	      0.00000000	      0.00000000
      1.33000000	     -0.00000000	      0.00000000	      0.00000000	      0.00000000	     -0.00000000	     -0.00000000	      0.00000000	      0.00000000	      0.00000000	   -401.22760647	  -2143.83556369	    714.28571287	      0.00704390	      0.04392910	     -0.02368325	      0.00000000	      0.00000000	      0.00000000	   -105.11932973	  -2597.43608189	   -121.63897522	     -7.00689414	     14.57362062	    -17.18648382	     -0.00824526	     -0.00360284	     -0.00125501	    944.51442378	    -56.88307287	    -95.48682882	     -9.38305615	      5.98370080	    -22.75610246	      0.00000000	      0.00000000	      0.00000000	    273.51804513	  -1387.06057364	     74.66554411	      6.67055191	      4.78670476	      1.56154811	      0.00000000	      0.00000000	      0.00000000	    273.30253486	  -1388.25180403	     74.75548312	      1.16386852	     -0.98955251	    -85.82021618	      0.00000000	      0.00000000	      0.00000000	    106.43836695	    -17.43714693	     14.50730799	      0.04640283	      0.11633706	     -0.36713552	      0.00000000	      0.00000000	      0.00000000	     46.73113336	    127.82529075	     16.42448747	      0.00000000	     -0.00000000	     -0.00000000	      0.00000000	      0.00000000	      0.00000000	    -18.63043978	     10.08347113	      0.83749706	      0.67391945	      0.31820241	     -0.15520036	     -0.00824526	     -0.00360284	      0.00125501	     -1.09307825	      0.71432883	     -0.08854171	     -0.00233279	      0.00039382	      0.03067678	      0.00000000	      0.00000000	      0.00000000	      4.25055529	      1.55950492	     -1.96357226	      0.04818507	      0.21129775	     -0.04272230	      0.00000000	      0.00000000	      0.00000000	      3.93257657	      1.29389104	     -1.91190452	     -0.05230754	      0.32925151	     -0.14560946	      0.00000000	      0.00000000	      0.00000000	      0.47653744	     -0.34037547	     -0.52536719	      0.00107298	      0.02945834	     -0.03988067	      0.00000000	      0.00000000	      0.00000000	   -185.47669455	    305.65715709	    -48.04357111	      0.00000000	     -0.00000000	     -0.00000000	      0.00000000	      0.00000000	      0.00000000	    -35.22378281	     25.59520462	     -9.57294984	      3.36013181	     -0.18603320	    -12.76084088	      0.00000000	      0.00000000	      0.00000000	    -22.57138030	     11.41237971	     -6.10549770	      1.14325796	     -0.41697569	     -4.97470224	      0.00000000	      0.00000000	      0.00000000	    -15.27344923	      7.31608462	     -4.12648403	      0.94400623	     -0.09634185	     -3.66427763	      0.00000000	      0.00000000	      0.00000000	     -7.77877434	      3.18682394	     -2.09563426	      0.14842798	      0.00052565	     -0.56194677	      0.00000000	      0.00000000	      0.00000000	    -36.53607257	     34.45182882	     -9.49276622	      3.55723579	      0.24417196	    -13.12250312	      0.00000000	      0.00000000	      0.00000000	    -23.17770806	     15.50447682	     -6.06844982	      1.54169007	      0.32909436	     -5.12657296	      0.00000000	      0.00000000	      0.00000000	    -15.67677351	     10.03811421	     -4.10184008	      1.01393040	      0.06013053	     -3.76362548	      0.00000000	      0.00000000	      0.00000000	     -7.95698858	      4.38958922	     -2.08474500	      0.14768648	      0.00052565	     -0.57408227	      0.00000000	      0.00000000	      0.00000000
      1.34000000	      0.00000000	     -0.00000000	     -0.00000000	      0.00000000	     -0.00000000	     -0.00000000	      0.00000000	      0.00000000	      0.00000000	   -391.58113779	  -2168.12745159	    717.41195176	      0.00924012	      0.05456961	     -0.02647030	      0.00000000	      0.00000000	      0.00000000	   -100.82316758	  -2596.38309315	   -116.35065805	     -7.36924065	     14.12134258	    -17.12846519	     -0.00824526	     -0.00360284	     -0.00125501	    925.42483671	    -56.86818065	    -93.23221680	     -9.13895786	      5.88307346	    -22.25815244	      0.00000000	      0.00000000	      0.00000000	    248.44412156	  -1386.83776155	     74.44129607	      6.84283189	      4.25982008	      1.48391307	      0.00000000	      0.00000000	      0.00000000	    248.16080684	  -1387.97647708	     74.50499277	      1.32275829	     -1.34632699	    -84.65283077	      0.00000000	      0.00000000	      0.00000000	    101.47399461	    -18.17491862	     13.61782615	      0.01240883	      0.09161956	     -0.42325871	      0.00000000	      0.00000000	      0.00000000	     51.55688417	    124.20620639	     14.69231812	     -0.00000000	      0.00000000	      0.00000000	      0.00000000	      0.00000000	      0.00000000	    -18.38098415	      7.49856992	      1.02409217	      0.57962228	      0.27442174	     -0.14018148	     -0.00824526	     -0.00360284	      0.00125501	     -1.10065792	      0.65510907	     -0.08350045	     -0.00220131	      0.00035986	      0.03077171	      0.00000000	      0.00000000	      0.00000000	      4.34655066	      1.12774649	     -1.77664079	      0.04230679	      0.17900905	     -0.03635311	      0.00000000	      0.00000000	      0.00000000	      4.02200697	      0.91760656	     -1.72207529	     -0.04703448	      0.28937358	     -0.16746676	      0.00000000	      0.00000000	      0.00000000	      0.48145128	     -0.30779427	     -0.44883423	      0.00125812	      0.02588140	     -0.03505356	      0.00000000	      0.00000000	      0.00000000	   -184.67233037	    301.01403321	    -44.80268369	     -0.00000000	     -0.00000000	     -0.00000000	      0.00000000	      0.00000000	      0.00000000	    -35.14125793	     25.39973063	     -8.92402513	      3.12714104	     -0.18734758	    -12.73133807	      0.00000000	      0.00000000	      0.00000000	    -22.51853017	     11.32684154	     -5.69274202	      1.05563674	     -0.41283145	     -4.96275108	      0.00000000	      0.00000000	      0.00000000	    -15.23823922	      7.26525844	     -3.84758081	      0.87830611	     -0.09487958	     -3.65570933	      0.00000000	      0.00000000	      0.00000000	     -7.76091524	      3.16587173	     -1.95412926	      0.13840748	      0.00048953	     -0.56065643	      0.00000000	      0.00000000	      0.00000000	    -36.36586792	     33.65206014	     -8.85797189	      3.32471395	      0.24156405	    -13.06885908	      0.00000000	      0.00000000	      0.00000000	    -23.08434654	     15.13973153	     -5.66222291	      1.44865917	      0.33086065	     -5.10442990	      0.00000000	      0.00000000	      0.00000000	    -15.61461565	      9.80156173	     -3.82727975	      0.94794353	      0.06110108	     -3.74840292	      0.00000000	      0.00000000	      0.00000000	     -7.92722221	      4.28657135	     -1.94515896	      0.13779665	      0.00048953	     -0.57198110	      0.00000000	      0.00000000	      0.00000000
      1.35000000	     -0.00000000	      0.00000000	      0.00000000	      0.00000000	      0.00000000	      0.00000000	      0.00000000	      0.00000000	      0.00000000	   -376.52812468	  -2172.57076119	    714.28849147	      0.01143023	      0.06670268	     -0.02900795	      0.00000000	      0.00000000	      0.00000000	    -96.66140598	  -2562.50126133	   -108.66841681	     -7.74807391	     13.41562930	    -16.87072621	     -0.00824526	     -0.00360284	     -0.00125501	    890.71662516	    -56.44642827	    -90.14738756	     -8.77967051	      5.65962095	    -21.33911974	      0.00000000	      0.00000000	      0.00000000	    222.06096863	  -1374.28451797	     73.41104568	      6.89703687	      3.67701487	      1.38550637	      0.00000000	      0.00000000	      0.00000000	    221.73251623	  -1375.38144686	     73.46912030	      1.40804454	     -1.70590368	    -82.80017417	      0.00000000	      0.00000000	      0.00000000	     96.40933464	    -18.26628495	     12.77759223	     -0.01063901	      0.06954324	     -0.44559380	      0.00000000	      0.00000000	      0.00000000	     55.43488313	    118.55498562	     12.88361742	     -0.00000000	      0.00000000	      0.00000000	      0.00000000	      0.00000000	      0.00000000	    -17.72975473	      5.34698679	      1.13833224	      0.49610630	      0.22923390	     -0.12511980	     -0.00824526	     -0.00360284	      0.00125501	     -1.08580753	      0.57929890	     -0.07577157	     -0.00199839	      0.00032018	      0.03023417	      0.00000000	      0.00000000	      0.00000000	      4.22096180	      0.91453218	     -1.57302047	      0.03678949	      0.14487383	     -0.02969445	      0.00000000	      0.00000000	      0.00000000	      3.89241944	      0.74005496	     -1.51511525	     -0.04174977	      0.24521716	     -0.16633684	      0.00000000	      0.00000000	      0.00000000	      0.41691662	     -0.26445138	     -0.36492216	      0.00130348	      0.02081066	     -0.03047739	      0.00000000	      0.00000000	      0.00000000	   -182.02203132	    294.31297929	    -40.99767036	      0.00000000	      0.00000000	     -0.00000000	      0.00000000	      0.00000000	      0.00000000	    -34.70268722	     25.05866645	     -8.16614550	      2.85438974	     -0.18677459	    -12.57140078	      0.00000000	      0.00000000	      0.00000000	    -22.23474267	     11.17866241	     -5.20806370	      0.95336413	     -0.40432591	     -4.90012986	      0.00000000	      0.00000000	      0.00000000	    -15.04642752	      7.17416649	     -3.51991058	      0.80117288	     -0.09239101	     -3.60960937	      0.00000000	      0.00000000	      0.00000000	     -7.66291600	      3.12743197	     -1.78756208	      0.12660823	      0.00044832	     -0.55356819	      0.00000000	      0.00000000	      0.00000000	    -35.82324872	     32.62507646	     -8.09994593	      3.04697512	      0.23637876	    -12.88021653	      0.00000000	      0.00000000	      0.00000000	    -22.75248468	     14.67463152	     -5.17747698	      1.33719930	      0.32936393	     -5.02982536	      0.00000000	      0.00000000	      0.00000000	    -15.39082528	      9.49965659	     -3.49956454	      0.86911090	      0.06150177	     -3.69444720	      0.00000000	      0.00000000	      0.00000000	     -7.81509277	      4.15498097	     -1.77857191	      0.12599604	      0.00044832	     -0.56393066	      0.00000000	      0.00000000	      0.00000000
      1.36000000	     -0.00000000	      0.00000000	      0.00000000	      0.00000000	      0.00000000	     -0.00000000	      0.00000000	      0.00000000	      0.00000000	   -357.34208067	  -2150.18721655	    703.78258302	      0.01377494	      0.08008286	     -0.03148942	      0.00000000	      0.00000000	      0.00000000	    -94.30624486	  -2494.10526396	    -99.02075246	     -8.01159075	     12.58192865	    -16.38697527	     -0.00824526	     -0.00360284	     -0.00125501	    842.22253705	    -55.46409624	    -86.54550334	     -8.32556317	      5.33530982	    -20.05395616	      0.00000000	      0.00000000	      0.00000000	    195.72711890	  -1348.60853572	     71.44896363	      6.95736478	      3.15710903	      1.30087990	      0.00000000	      0.00000000	      0.00000000	    195.40564435	  -1349.66063687	     71.50696214	      1.54257585	     -1.95019335	    -80.25109359	      0.00000000	      0.00000000	      0.00000000	     91.14914346	    -17.70341187	     12.03867444	     -0.02194636	      0.04857922	     -0.43407918	      0.00000000	      0.00000000	      0.00000000	     57.91779640	    112.64781258	     10.94146320	      0.00000000	     -0.00000000	     -0.00000000	      0.00000000	      0.00000000	      0.00000000	    -17.07535001	      4.08927400	      1.26082380	      0.41014415	      0.17901087	     -0.10709432	     -0.00824526	     -0.00360284	      0.00125501	     -1.07098496	      0.51203633	     -0.06668451	     -0.00176018	      0.00027557	      0.02971479	      0.00000000	      0.00000000	      0.00000000	      3.97061533	      0.97310935	     -1.34282931	      0.03170587	      0.10569567	     -0.02218602	      0.00000000	      0.00000000	      0.00000000	      3.63322663	      0.80765533	     -1.28068554	     -0.03608523	      0.19401370	     -0.14308399	      0.00000000	      0.00000000	      0.00000000	      0.28986385	     -0.21321296	     -0.26830819	      0.00153682	      0.01421349	     -0.02684153	      0.00000000	      0.00000000	      0.00000000	   -176.68938243	    284.66280884	    -37.06516777	     -0.00000000	     -0.00000000	      0.00000000	      0.00000000	      0.00000000	      0.00000000	    -33.73591820	     24.45934668	     -7.38451053	      2.57377189	     -0.18304729	    -12.21901005	      0.00000000	      0.00000000	      0.00000000	    -21.61064722	     10.91677306	     -4.70764486	      0.84940062	     -0.39013032	     -4.76279619	      0.00000000	      0.00000000	      0.00000000	    -14.62404901	      7.00929374	     -3.18155746	      0.72181545	     -0.08868116	     -3.50827006	      0.00000000	      0.00000000	      0.00000000	     -7.44724365	      3.05661795	     -1.61549290	      0.11441830	      0.00040688	     -0.53796987	      0.00000000	      0.00000000	      0.00000000	    -34.74716441	     31.31982778	     -7.31421653	      2.75826690	      0.22789164	    -12.49764056	      0.00000000	      0.00000000	      0.00000000	    -22.07788141	     14.08657616	     -4.67516635	      1.22008900	      0.32241290	     -4.87995427	      0.00000000	      0.00000000	      0.00000000	    -14.93484938	      9.11782088	     -3.15995303	      0.78711959	      0.06078314	     -3.58487369	      0.00000000	      0.00000000	      0.00000000	     -7.58457497	      3.98829895	     -1.60594669	      0.11376825	      0.00040688	     -0.54732145	      0.00000000	      0.00000000	      0.00000000
      1.37000000	     -0.00000000	      0.00000000	      0.00000000	      0.00000000	     -0.00000000	     -0.00000000	      0.00000000	      0.00000000	      0.00000000	   -335.18020526	  -2098.26888964	    686.59325476	      0.01587711	      0.09350366	     -0.03380990	      0.00000000	      0.00000000	      0.00000000	    -93.99434313	  -2393.23779558	    -88.16657443	     -8.20947923	     11.57131069	    -15.73060762	     -0.00824526	     -0.00360284	     -0.00125501	    782.79319865	    -53.74839933	    -82.53247459	     -7.79632632	      4.93620694	    -18.49088242	      0.00000000	      0.00000000	      0.00000000	    172.15363951	  -1310.55553819	     69.40256091	      7.01867140	      2.62745120	      1.21558988	      0.00000000	      0.00000000	      0.00000000	    171.89701933	  -1311.57707755	     69.47410321	      1.75680998	     -2.21695927	    -77.18959247	      0.00000000	      0.00000000	      0.00000000	     85.44092796	    -16.38649107	     11.29323105	     -0.02140998	      0.03183490	     -0.38453971	      0.00000000	      0.00000000	      0.00000000	     58.69495128	    105.11785072	      9.05619693	     -0.00000000	      0.00000000	     -0.00000000	      0.00000000	      0.00000000	      0.00000000	    -16.09934007	      3.39795403	      1.32108836	      0.33657376	      0.13163237	     -0.08944223	     -0.00824526	     -0.00360284	      0.00125501	     -1.03889751	      0.43600725	     -0.05636580	     -0.00148880	      0.00023138	      0.02871440	      0.00000000	      0.00000000	      0.00000000	      3.55722570	      1.24474724	     -1.11155699	      0.02727614	      0.06804748	     -0.01501964	      0.00000000	      0.00000000	      0.00000000	      3.21452173	      1.06678747	     -1.04577026	     -0.03083334	      0.14300509	     -0.10071144	      0.00000000	      0.00000000	      0.00000000	      0.11780020	     -0.15932665	     -0.17340145	      0.00161063	      0.00699186	     -0.02405181	      0.00000000	      0.00000000	      0.00000000	   -168.40050586	    273.99154889	    -33.01374007	      0.00000000	      0.00000000	     -0.00000000	      0.00000000	      0.00000000	      0.00000000	    -32.15696980	     23.81908335	     -6.57737060	      2.28508339	     -0.17562779	    -11.64129561	      0.00000000	      0.00000000	      0.00000000	    -20.58768671	     10.63520214	     -4.19321999	      0.74288533	     -0.36930522	     -4.53853124	      0.00000000	      0.00000000	      0.00000000	    -13.93107482	      6.82985717	     -2.83392121	      0.64041355	     -0.08355965	     -3.34227620	      0.00000000	      0.00000000	      0.00000000	     -7.09299328	      2.97798395	     -1.43899789	      0.10191808	      0.00036113	     -0.51235053	      0.00000000	      0.00000000	      0.00000000	    -33.05974161	     29.92826082	     -6.51470082	      2.46424159	      0.21556120	    -11.89006619	      0.00000000	      0.00000000	      0.00000000	    -21.00480161	     13.45787441	     -4.16426417	      1.10046399	      0.30899506	     -4.64306708	      0.00000000	      0.00000000	      0.00000000	    -14.20853625	      8.70747571	     -2.81466004	      0.70365098	      0.05870787	     -3.41064260	      0.00000000	      0.00000000	      0.00000000	     -7.21559334	      3.80763489	     -1.43048708	      0.10133853	      0.00036113	     -0.52069898	      0.00000000	      0.00000000	      0.00000000
      1.38000000	     -0.00000000	      0.00000000	      0.00000000	      0.00000000	     -0.00000000	      0.00000000	      0.00000000	      0.00000000	      0.00000000	   -310.90113857	  -2022.25906928	    662.39806576	      0.01748138	      0.10621930	     -0.03556313	      0.00000000	      0.00000000	      0.00000000	    -94.92105095	  -2266.56638207	    -76.63394392	     -8.34458308	     10.49687419	    -14.93068482	     -0.00824526	     -0.00360284	     -0.00125501	    716.17193133	    -51.25021277	    -78.00143060	     -7.21243904	      4.48842396	    -16.76318102	      0.00000000	      0.00000000	      0.00000000	    148.66374616	  -1263.07275039	     67.07773881	      7.09262366	      2.13965694	      1.13963958	      0.00000000	      0.00000000	      0.00000000	    148.52200628	  -1264.07055521	     67.17116993	      2.03277753	     -2.42772623	    -73.62276158	      0.00000000	      0.00000000	      0.00000000	     79.01730722	    -14.83110807	     10.47105546	     -0.01768604	      0.02090223	     -0.32840913	      0.00000000	      0.00000000	      0.00000000	     57.69080327	     97.56237076	      7.18806270	      0.00000000	     -0.00000000	      0.00000000	      0.00000000	      0.00000000	      0.00000000	    -15.07360240	      3.57702818	      1.38400947	      0.26395692	      0.08436225	     -0.06946758	     -0.00824526	     -0.00360284	      0.00125501	     -1.00506806	      0.36417869	     -0.04535205	     -0.00119819	      0.00018746	      0.02767302	      0.00000000	      0.00000000	      0.00000000	      3.08704938	      1.78442767	     -0.86552416	      0.02354755	      0.02917790	     -0.00771138	      0.00000000	      0.00000000	      0.00000000	      2.74092669	      1.56389628	     -0.79612478	     -0.02566097	      0.08955993	     -0.04094329	      0.00000000	      0.00000000	      0.00000000	     -0.06751262	     -0.11397170	     -0.07334770	      0.00153225	     -0.00066418	     -0.02327390	      0.00000000	      0.00000000	      0.00000000	   -157.90688154	    263.28918025	    -29.10691131	     -0.00000000	     -0.00000000	     -0.00000000	      0.00000000	      0.00000000	      0.00000000	    -30.11727787	     23.20946287	     -5.79147481	      2.00454348	     -0.16527258	    -10.89336603	      0.00000000	      0.00000000	      0.00000000	    -19.26355988	     10.36994730	     -3.69374990	      0.63944689	     -0.34366179	     -4.24877904	      0.00000000	      0.00000000	      0.00000000	    -13.03367552	      6.65928099	     -2.49641216	      0.56141908	     -0.07744134	     -3.12747262	      0.00000000	      0.00000000	      0.00000000	     -6.63392828	      2.90246949	     -1.26779800	      0.08979582	      0.00031863	     -0.47913958	      0.00000000	      0.00000000	      0.00000000	    -30.91271306	     28.59274681	     -5.75254630	      2.18328259	      0.20048430	    -11.11255774	      0.00000000	      0.00000000	      0.00000000	    -19.63108118	     12.85722916	     -3.67576345	      0.98597547	      0.29047698	     -4.34088758	      0.00000000	      0.00000000	      0.00000000	    -13.27814769	      8.31380057	     -2.48444772	      0.62376414	      0.05552677	     -3.18771109	      0.00000000	      0.00000000	      0.00000000	     -6.74195158	      3.63354116	     -1.26251135	      0.08943583	      0.00031863	     -0.48649542	      0.00000000	      0.00000000	      0.00000000
      1.39000000	      0.00000000	     -0.00000000	      0.00000000	      0.00000000	      0.00000000	      0.00000000	      0.00000000	      0.00000000	      0.00000000	   -285.52523276	  -1924.27940525	    633.88002829	      0.01823893	      0.11735747	     -0.03673613	      0.00000000	      0.00000000	      0.00000000	    -97.35781943	  -2120.10161342	    -65.23298537	     -8.44158055	      9.39315840	    -14.03404672	     -0.00824526	     -0.00360284	     -0.00125501	    645.04100711	    -48.05523166	    -73.25593998	     -6.59863107	      4.01338946	    -14.93677317	      0.00000000	      0.00000000	      0.00000000	    126.92107473	  -1208.95423413	     64.67941632	      7.00511646	      1.72774485	      1.06008793	      0.00000000	      0.00000000	      0.00000000	    126.87594812	  -1209.95568527	     64.82313322	      2.18774162	     -2.56781628	    -69.79897238	      0.00000000	      0.00000000	      0.00000000	     72.15801486	    -12.63872310	      9.64285934	     -0.00494359	      0.00618013	     -0.24153648	      0.00000000	      0.00000000	      0.00000000	     55.04857942	     90.36846527	      5.28355847	      0.00000000	      0.00000000	     -0.00000000	      0.00000000	      0.00000000	      0.00000000	    -14.02708274	      4.32839533	      1.44522044	      0.19545007	      0.03522852	     -0.04893500	     -0.00824526	     -0.00360284	      0.00125501	     -0.96964288	      0.30572230	     -0.03365948	     -0.00089008	      0.00014283	      0.02661602	      0.00000000	      0.00000000	      0.00000000	      2.52859513	      2.44899909	     -0.61774827	      0.01989950	     -0.01204127	      0.00000584	      0.00000000	      0.00000000	      0.00000000	      2.16987076	      2.17602950	     -0.54319682	     -0.02071815	      0.03305432	      0.03101678	      0.00000000	      0.00000000	      0.00000000	     -0.31585491	     -0.05461392	      0.03248602	      0.00165681	     -0.00965645	     -0.02227774	      0.00000000	      0.00000000	      0.00000000	   -144.82211782	    251.31133913	    -25.27279877	      0.00000000	     -0.00000000	      0.00000000	      0.00000000	      0.00000000	      0.00000000	    -27.55088501	     22.49986415	     -5.02767895	      1.73115280	     -0.15160425	     -9.95170632	      0.00000000	      0.00000000	      0.00000000	    -17.59657397	     10.06347897	     -3.20542948	      0.53892982	     -0.31248211	     -3.88408125	      0.00000000	      0.00000000	      0.00000000	    -11.90350408	      6.46089593	     -2.16627870	      0.48419916	     -0.07016703	     -2.85697020	      0.00000000	      0.00000000	      0.00000000	     -6.05557999	      2.81445618	     -1.09999096	      0.07790896	      0.00027783	     -0.43729654	      0.00000000	      0.00000000	      0.00000000	    -28.24022353	     27.19036363	     -4.98979583	      1.90233090	      0.18217532	    -10.14161555	      0.00000000	      0.00000000	      0.00000000	    -17.91507458	     12.23066807	     -3.18792603	      0.87125911	      0.26634858	     -3.96399426	      0.00000000	      0.00000000	      0.00000000	    -12.11536808	      7.90249242	     -2.15463555	      0.54393004	      0.05116235	     -2.90920694	      0.00000000	      0.00000000	      0.00000000	     -6.14919494	      3.45144493	     -1.09484628	      0.07755863	      0.00027783	     -0.44367125	      0.00000000	      0.00000000	      0.00000000
      1.40000000	      0.00000000	     -0.00000000	     -0.00000000	      0.00000000	      0.00000000	     -0.00000000	      0.00000000	      0.00000000	      0.00000000	   -260.40745926	  -1819.15971081	    603.60801440	      0.01762455	      0.12554056	     -0.03692515	      0.00000000	      0.00000000	      0.00000000	    -99.33818736	  -1966.97348442	    -54.04783737	     -8.41681817	      8.24405595	    -13.09527798	     -0.00824526	     -0.00360284	     -0.00125501	    573.38063138	    -44.37843781	    -68.09344873	     -5.97555254	      3.53151861	    -13.12520033	      0.00000000	      0.00000000	      0.00000000	    106.71693736	  -1154.23030622	     62.31080260	      7.02722539	      1.29292158	      0.98820335	      0.00000000	      0.00000000	      0.00000000	    106.75551339	  -1155.20656848	     62.47201062	      2.45915410	     -2.74299149	    -66.00709325	      0.00000000	      0.00000000	      0.00000000	     64.97020946	    -10.40044965	      8.77131213	      0.00765583	     -0.00793794	     -0.15382835	      0.00000000	      0.00000000	      0.00000000	     50.85507890	     83.13206826	      4.54255680	      0.00000000	      0.00000000	      0.00000000	      0.00000000	      0.00000000	      0.00000000	    -13.05529292	      6.12431272	      1.37080677	      0.17073219	      0.01738694	     -0.03382443	     -0.00824526	     -0.00360284	      0.00125501	     -0.93736897	      0.23665619	     -0.02865833	     -0.00075822	      0.00012692	      0.02561125	      0.00000000	      0.00000000	      0.00000000	      2.15860918	      3.45507330	     -0.48136836	      0.02155432	     -0.02783185	      0.00263484	      0.00000000	      0.00000000	      0.00000000	      1.81137015	      3.07391411	     -0.40913854	     -0.01808787	      0.00866494	      0.10584313	      0.00000000	      0.00000000	      0.00000000	     -0.41386869	     -0.06599074	      0.07377325	      0.00182493	     -0.01263292	     -0.02828087	      0.00000000	      0.00000000	      0.00000000	   -131.52908142	    244.05427324	    -23.73447582	      0.00000000	      0.00000000	      0.00000000	      0.00000000	      0.00000000	      0.00000000	    -24.86480795	     22.08533754	     -4.77027887	      1.63597754	     -0.13577799	     -8.96298299	      0.00000000	      0.00000000	      0.00000000	    -15.84609978	      9.88200961	     -3.03150161	      0.50397823	     -0.28241554	     -3.50169120	      0.00000000	      0.00000000	      0.00000000	    -10.71548473	      6.33808477	     -2.04844532	      0.45659741	     -0.06357115	     -2.57275324	      0.00000000	      0.00000000	      0.00000000	     -5.44676024	      2.75674107	     -1.03903523	      0.07357189	      0.00025824	     -0.39324670	      0.00000000	      0.00000000	      0.00000000	    -25.51727924	     26.50672936	     -4.62981290	      1.77321214	      0.16445483	     -9.14276893	      0.00000000	      0.00000000	      0.00000000	    -16.14756632	     11.92486073	     -2.96660099	      0.81914278	      0.23916652	     -3.57726519	      0.00000000	      0.00000000	      0.00000000	    -10.91601781	      7.69697265	     -2.00527396	      0.50795656	      0.04574272	     -2.62217240	      0.00000000	      0.00000000	      0.00000000	     -5.53536847	      3.35718391	     -1.01995938	      0.07227292	      0.00025824	     -0.39928048	      0.00000000	      0.00000000	      0.00000000
      1.41000000	     -0.00000000	      0.00000000	      0.00000000	     -0.00000000	     -0.00000000	     -0.00000000	      0.00000000	      0.00000000	      0.00000000	   -240.91368274	  -1708.02580180	    573.55075790	      0.01421767	      0.12727953	     -0.03401015	      0.00000000	      0.00000000	      0.00000000	    -97.75747624	  -1809.00499468	    -44.00246324	     -8.20113227	      7.29921114	    -12.06238340	     -0.00824526	     -0.00360284	     -0.00125501	    508.57382978	    -40.39534734	    -60.79406952	     -5.34495147	      3.06223358	    -11.55463949	      0.00000000	      0.00000000	      0.00000000	     87.15958611	  -1104.26742171	     59.22952070	      7.12939639	      0.93739649	      0.93975056	      0.00000000	      0.00000000	      0.00000000	     87.35798753	  -1105.31461750	     59.37228847	      2.74052730	     -2.80856751	    -62.47718570	      0.00000000	      0.00000000	      0.00000000	     58.16116785	     -8.43423017	      7.81519858	      0.01684519	     -0.01403702	     -0.08341624	      0.00000000	      0.00000000	      0.00000000	     45.97535688	     77.51586822	      2.82332895	      0.00000000	     -0.00000000	     -0.00000000	      0.00000000	      0.00000000	      0.00000000	    -12.11915381	      7.75746254	      1.43880166	      0.11530493	     -0.02297695	     -0.01405652	     -0.00824526	     -0.00360284	      0.00125501	     -0.90088776	      0.20466054	     -0.01712456	     -0.00045416	      0.00008674	      0.02457424	      0.00000000	      0.00000000	      0.00000000	      1.63345817	      4.24444815	     -0.27689149	      0.01928045	     -0.06249993	      0.00904034	      0.00000000	      0.00000000	      0.00000000	      1.27208639	      3.79425419	     -0.19970697	     -0.01436622	     -0.03909451	      0.18182536	      0.00000000	      0.00000000	      0.00000000	     -0.65448499	     -0.01710746	      0.16345817	      0.00208257	     -0.02072348	     -0.02885568	      0.00000000	      0.00000000	      0.00000000	   -116.44673451	    233.38514358	    -21.35636153	     -0.00000000	      0.00000000	      0.00000000	      0.00000000	      0.00000000	      0.00000000	    -21.84561684	     21.42803679	     -4.26468838	      1.45783260	     -0.11857887	     -7.85474583	      0.00000000	      0.00000000	      0.00000000	    -13.88485320	      9.60079024	     -2.71328024	      0.44002333	     -0.24778288	     -3.07315798	      0.00000000	      0.00000000	      0.00000000	     -9.38564379	      6.15277325	     -1.83342434	      0.40672841	     -0.05581724	     -2.25466804	      0.00000000	      0.00000000	      0.00000000	     -4.76629882	      2.67332574	     -0.93031453	      0.06588154	      0.00023305	     -0.34401437	      0.00000000	      0.00000000	      0.00000000	    -22.43238032	     25.42744762	     -4.18557632	      1.60620188	      0.14437273	     -8.01638357	      0.00000000	      0.00000000	      0.00000000	    -14.15596023	     11.44867010	     -2.67672746	      0.74905572	      0.20893240	     -3.14120426	      0.00000000	      0.00000000	      0.00000000	     -9.56598198	      7.38196785	     -1.80910973	      0.45996411	      0.03980420	     -2.29914081	      0.00000000	      0.00000000	      0.00000000	     -4.84598367	      3.21646186	     -0.91957080	      0.06514994	      0.00023305	     -0.34944051	      0.00000000	      0.00000000	      0.00000000
      1.42000000	     -0.00000000	      0.00000000	      0.00000000	     -0.00000000	      0.00000000	     -0.00000000	      0.00000000	      0.00000000	      0.00000000	   -217.61596031	  -1618.76891116	    553.34621808	      0.00673194	      0.11777760	     -0.02633173	      0.00000000	      0.00000000	      0.00000000	   -105.24842636	  -1671.36034553	    -33.81116710	     -7.63246895	      6.05464801	    -11.25553138	     -0.00824526	     -0.00360284	     -0.00125501	    440.08057855	    -36.41584524	    -57.36771862	     -4.80257877	      2.61205136	     -9.80514855	      0.00000000	      0.00000000	      0.00000000	     75.31772351	  -1070.51884429	     55.47583828	      7.20984112	      0.50113169	      0.87574606	      0.00000000	      0.00000000	      0.00000000	     75.36633006	  -1071.53966515	     55.60777597	      2.86211734	     -2.96332908	    -60.16469625	      0.00000000	      0.00000000	      0.00000000	     53.70250845	     -7.52712431	      7.21581510	      0.01643393	     -0.03404500	     -0.06562959	      0.00000000	      0.00000000	      0.00000000	     40.55457465	     73.53536637	      2.21907920	      0.00000000	     -0.00000000	      0.00000000	      0.00000000	      0.00000000	      0.00000000	    -11.50437994	     10.07691588	      1.44922212	      0.04802301	     -0.06188000	      0.01021094	     -0.00824526	     -0.00360284	      0.00125501	     -0.88393896	      0.18472584	     -0.01714424	     -0.00045289	      0.00007652	      0.02408378	      0.00000000	      0.00000000	      0.00000000	      1.23051789	      5.22094167	     -0.00827613	      0.01596562	     -0.10201321	      0.01641863	      0.00000000	      0.00000000	      0.00000000	      0.84352294	      4.68030744	      0.07132169	     -0.00981313	     -0.09474280	      0.26350158	      0.00000000	      0.00000000	      0.00000000	     -0.88691281	      0.02003038	      0.26701105	      0.00167744	     -0.02951239	     -0.03130844	      0.00000000	      0.00000000	      0.00000000	   -102.17831035	    225.49160278	    -20.83579921	      0.00000000	      0.00000000	     -0.00000000	      0.00000000	      0.00000000	      0.00000000	    -18.94065128	     20.91135410	     -4.13576230	      1.41670770	     -0.10105486	     -6.78831347	      0.00000000	      0.00000000	      0.00000000	    -11.99796826	      9.37754321	     -2.63934020	      0.42802897	     -0.21633392	     -2.66120029	      0.00000000	      0.00000000	      0.00000000	     -8.10605324	      6.00246235	     -1.78386084	      0.39596240	     -0.04909375	     -1.94873551	      0.00000000	      0.00000000	      0.00000000	     -4.11160647	      2.60398519	     -0.90612724	      0.06418280	      0.00022580	     -0.29665328	      0.00000000	      0.00000000	      0.00000000	    -19.51395618	     24.76740098	     -4.12588361	      1.58041324	      0.12624049	     -6.94633835	      0.00000000	      0.00000000	      0.00000000	    -12.26285691	     11.15918347	     -2.63477587	      0.73527093	      0.17828888	     -2.72750160	      0.00000000	      0.00000000	      0.00000000	     -8.28225501	      7.18759490	     -1.78082468	      0.45225740	      0.03340759	     -1.99212075	      0.00000000	      0.00000000	      0.00000000	     -4.18946359	      3.12765191	     -0.90478567	      0.06409145	      0.00022580	     -0.30195496	      0.00000000	      0.00000000	      0.00000000
      1.43000000	     -0.00000000	      0.00000000	     -0.00000000	     -0.00000000	      0.00000000	     -0.00000000	      0.00000000	      0.00000000	      0.00000000	   -213.56698312	  -1549.18037119	    537.86905914	     -0.00196880	      0.10127597	     -0.01742256	      0.00000000	      0.00000000	      0.00000000	   -106.26543345	  -1554.28606155	    -26.09295566	     -7.24990962	      5.26836266	    -10.47046450	     -0.00824526	     -0.00360284	     -0.00125501	    386.98473510	    -32.70738595	    -52.25140911	     -4.31128778	      2.24902177	     -8.52974503	      0.00000000	      0.00000000	      0.00000000	     60.40875873	  -1054.35054552	     50.92324234	      7.10432955	      0.16206792	      0.80703520	      0.00000000	      0.00000000	      0.00000000	     60.47231220	  -1055.36714338	     50.99915083	      2.64535811	     -2.96413028	    -58.66202183	      0.00000000	      0.00000000	      0.00000000	     50.64823910	     -6.99064209	      6.68311777	      0.01589312	     -0.03374468	     -0.05851850	      0.00000000	      0.00000000	      0.00000000	     34.53346235	     69.35885794	      2.23194470	     -0.00000000	      0.00000000	     -0.00000000	      0.00000000	      0.00000000	      0.00000000	    -10.90276938	     13.04930414	      1.35285444	      0.05746237	     -0.05282036	      0.02142320	     -0.00824526	     -0.00360284	      0.00125501	     -0.85973313	      0.14511762	     -0.01587558	     -0.00041929	      0.00008064	      0.02334526	      0.00000000	      0.00000000	      0.00000000	      1.08421991	      6.42138344	      0.01160158	      0.02198735	     -0.09801068	      0.01506141	      0.00000000	      0.00000000	      0.00000000	      0.70842111	      5.73975671	      0.08600781	     -0.00957616	     -0.09247639	      0.33412056	      0.00000000	      0.00000000	      0.00000000	     -0.90320067	     -0.03268188	      0.25695056	      0.00217590	     -0.02867982	     -0.04170607	      0.00000000	      0.00000000	      0.00000000	    -88.49972671	    223.34028810	    -21.59390959	     -0.00000000	      0.00000000	      0.00000000	      0.00000000	      0.00000000	      0.00000000	    -16.09600900	     20.85355249	     -4.30011998	      1.47436130	     -0.08296599	     -5.73862118	      0.00000000	      0.00000000	      0.00000000	    -10.14002203	      9.35843545	     -2.73903774	      0.44984221	     -0.18666771	     -2.25633398	      0.00000000	      0.00000000	      0.00000000	     -6.84454418	      5.97990647	     -1.85097286	      0.41182023	     -0.04296815	     -1.64724769	      0.00000000	      0.00000000	      0.00000000	     -3.46471525	      2.58870343	     -0.93959971	      0.06654499	      0.00023506	     -0.24983112	      0.00000000	      0.00000000	      0.00000000	    -16.68974070	     24.88366236	     -4.24930351	      1.62607806	      0.10905200	     -5.90220927	      0.00000000	      0.00000000	      0.00000000	    -10.41434865	     11.22049943	     -2.71555861	      0.75342307	      0.14734346	     -2.32512843	      0.00000000	      0.00000000	      0.00000000	     -7.02702401	      7.21853623	     -1.83535473	      0.46530818	      0.02675782	     -1.69222666	      0.00000000	      0.00000000	      0.00000000	     -3.54534641	      3.13600860	     -0.93269863	      0.06607506	      0.00023506	     -0.25532170	      0.00000000	      0.00000000	      0.00000000
      1.44000000	     -0.00000000	      0.00000000	     -0.00000000	      0.00000000	     -0.00000000	     -0.00000000	      0.00000000	      0.00000000	      0.00000000	   -209.34158490	  -1490.96849494	    531.29965684	     -0.00987693	      0.07907458	     -0.00783318	      0.00000000	      0.00000000	      0.00000000	   -111.93173153	  -1455.10649613	    -19.23472672	     -6.64532100	      4.45820197	     -9.84829268	     -0.00824526	     -0.00360284	     -0.00125501	    338.85275159	    -28.66745475	    -49.66202710	     -3.91653506	      1.96574613	     -7.38031687	      0.00000000	      0.00000000	      0.00000000	     54.57749946	  -1055.41823662	     47.21907336	      7.15469280	     -0.14623338	      0.75977851	      0.00000000	      0.00000000	      0.00000000	     54.55736725	  -1056.43865657	     47.28380191	      2.51164832	     -3.03442473	    -58.47972228	      0.00000000	      0.00000000	      0.00000000	     49.40284394	     -7.03387748	      6.47508880	      0.01241072	     -0.04013628	     -0.07762221	      0.00000000	      0.00000000	      0.00000000	     29.22145104	     67.57512337	      2.16300713	      0.00000000	     -0.00000000	      0.00000000	      0.00000000	      0.00000000	      0.00000000	    -10.54868294	     15.74154153	      1.29303713	      0.05494173	     -0.06204143	      0.03316488	     -0.00824526	     -0.00360284	      0.00125501	     -0.84179286	      0.14482848	     -0.01435976	     -0.00037904	      0.00007710	      0.02286261	      0.00000000	      0.00000000	      0.00000000	      0.82810904	      7.34313782	      0.08949062	      0.02336966	     -0.11126939	      0.01726964	      0.00000000	      0.00000000	      0.00000000	      0.43456512	      6.56631105	      0.16638379	     -0.00896213	     -0.11148555	      0.40025788	      0.00000000	      0.00000000	      0.00000000	     -1.05517142	     -0.02532060	      0.29299766	      0.00250358	     -0.03287914	     -0.04636717	      0.00000000	      0.00000000	      0.00000000	    -76.20577453	    218.53245948	    -22.29378173	      0.00000000	      0.00000000	     -0.00000000	      0.00000000	      0.00000000	      0.00000000	    -13.55712117	     20.50091265	     -4.44828855	      1.52962330	     -0.06692784	     -4.80543595	      0.00000000	      0.00000000	      0.00000000	     -8.48864336	      9.20122238	     -2.83435868	      0.47300932	     -0.16040362	     -1.89588930	      0.00000000	      0.00000000	      0.00000000	     -5.72412754	      5.87048928	     -1.91554929	      0.42763489	     -0.03757295	     -1.37937820	      0.00000000	      0.00000000	      0.00000000	     -2.89110823	      2.53612585	     -0.97251603	      0.06887618	      0.00024021	     -0.20834086	      0.00000000	      0.00000000	      0.00000000	    -14.17303706	     24.63143001	     -4.38902477	      1.67626635	      0.09386129	     -4.97522829	      0.00000000	      0.00000000	      0.00000000	     -8.77321993	     11.10967845	     -2.80697657	      0.77132675	      0.11972306	     -1.96707518	      0.00000000	      0.00000000	      0.00000000	     -5.91342555	      7.13997867	     -1.89733493	      0.47964839	      0.02079404	     -1.42597221	      0.00000000	      0.00000000	      0.00000000	     -2.97475209	      3.09706676	     -0.96446777	      0.06832813	      0.00024021	     -0.21403659	      0.00000000	      0.00000000	      0.00000000
      1.45000000	     -0.00000000	      0.00000000	     -0.00000000	      0.00000000	     -0.00000000	      0.00000000	      0.00000000	      0.00000000	      0.00000000	   -220.56016336	  -1471.44366248	    534.69683241	     -0.01871637	      0.04574583	      0.00945595	      0.00000000	      0.00000000	      0.00000000	   -113.67832205	  -1391.79583346	    -14.26009489	     -6.02185505	      3.98325540	     -9.34907976	     -0.00824526	     -0.00360284	     -0.00125501	    304.05112164	    -25.75977957	    -46.42876344	     -3.58574290	      1.75016069	     -6.57458545	      0.00000000	      0.00000000	      0.00000000	     43.48393266	  -1069.80914003	     43.28327155	      7.26334481	     -0.44292084	      0.72113460	      0.00000000	      0.00000000	      0.00000000	     43.46407177	  -1070.82995383	     43.32006321	      2.33897608	     -3.05301992	    -58.76179334	      0.00000000	      0.00000000	      0.00000000	     49.21482693	     -7.15839112	      6.20491793	      0.00849587	     -0.03648201	     -0.08767170	      0.00000000	      0.00000000	      0.00000000	     24.12523703	     66.13392974	      2.50998103	      0.00000000	     -0.00000000	     -0.00000000	      0.00000000	      0.00000000	      0.00000000	    -10.33664873	     18.94587103	      1.23492021	      0.04215699	     -0.05832002	      0.04892454	     -0.00824526	     -0.00360284	      0.00125501	     -0.82752122	      0.13646942	     -0.01858677	     -0.00048942	      0.00009061	      0.02245624	      0.00000000	      0.00000000	      0.00000000	      0.75185404	      8.46435465	      0.16550122	      0.02721191	     -0.11527215	      0.01756897	      0.00000000	      0.00000000	      0.00000000	      0.35298594	      7.55946667	      0.23740979	     -0.00776336	     -0.11996911	      0.46567344	      0.00000000	      0.00000000	      0.00000000	     -1.10055990	     -0.06419518	      0.30320699	      0.00262841	     -0.03374335	     -0.05539177	      0.00000000	      0.00000000	      0.00000000	    -64.56558499	    217.92642156	    -24.08498804	     -0.00000000	     -0.00000000	      0.00000000	      0.00000000	      0.00000000	      0.00000000	    -11.10816076	     20.50100093	     -4.78920105	      1.65372922	     -0.05079935	     -3.90230059	      0.00000000	      0.00000000	      0.00000000	     -6.89075047	      9.20949165	     -3.05406270	      0.52055328	     -0.13597513	     -1.54794805	      0.00000000	      0.00000000	      0.00000000	     -4.63930597	      5.86598428	     -2.06407624	      0.46289373	     -0.03273348	     -1.12023983	      0.00000000	      0.00000000	      0.00000000	     -2.33508140	      2.52958569	     -1.04820312	      0.07424212	      0.00026018	     -0.16809379	      0.00000000	      0.00000000	      0.00000000	    -11.77263250	     24.96828105	     -4.75652216	      1.80896492	      0.07989865	     -4.08545814	      0.00000000	      0.00000000	      0.00000000	     -7.19776168	     11.27354492	     -3.03896381	      0.82343122	      0.09203714	     -1.62478561	      0.00000000	      0.00000000	      0.00000000	     -4.84352732	      7.23897565	     -2.05403258	      0.51700991	      0.01461373	     -1.17052163	      0.00000000	      0.00000000	      0.00000000	     -2.42531934	      3.13626035	     -1.04376520	      0.07393992	      0.00026018	     -0.17423854	      0.00000000	      0.00000000	      0.00000000
      1.46000000	     -0.00000000	      0.00000000	      0.00000000	     -0.00000000	      0.00000000	     -0.00000000	      0.00000000	      0.00000000	      0.00000000	   -231.46638696	  -1481.82963503	    548.11423505	     -0.02483032	      0.01690772	      0.02256708	      0.00000000	      0.00000000	      0.00000000	   -119.41601712	  -1358.42731780	    -10.13229721	     -5.55252470	      3.42546809	     -9.12627330	     -0.00824526	     -0.00360284	     -0.00125501	    275.61021604	    -22.86009712	    -45.37788593	     -3.35205175	      1.60276697	     -5.92097994	      0.00000000	      0.00000000	      0.00000000	     41.13401849	  -1097.17849761	     41.17712442	      7.24226364	     -0.74334691	      0.66650613	      0.00000000	      0.00000000	      0.00000000	     41.02654873	  -1098.23133773	     41.24916367	      2.03796543	     -3.22593926	    -60.15353024	      0.00000000	      0.00000000	      0.00000000	     49.87046392	     -7.85246383	      6.16066153	     -0.00116859	     -0.04147532	     -0.12714481	      0.00000000	      0.00000000	      0.00000000	     20.07279767	     65.78192052	      2.95871827	      0.00000000	     -0.00000000	      0.00000000	      0.00000000	      0.00000000	      0.00000000	    -10.14541620	     21.91456611	      1.11381673	      0.09110311	     -0.03212670	      0.05071006	     -0.00824526	     -0.00360284	      0.00125501	     -0.80626728	      0.13795103	     -0.01628051	     -0.00042856	      0.00009645	      0.02187917	      0.00000000	      0.00000000	      0.00000000	      0.62995664	      9.42230687	      0.07803498	      0.03335891	     -0.09978096	      0.01415641	      0.00000000	      0.00000000	      0.00000000	      0.22755276	      8.40559512	      0.14836612	     -0.01063712	     -0.10156167	      0.52095652	      0.00000000	      0.00000000	      0.00000000	     -1.15257342	     -0.09873237	      0.26662919	      0.00318611	     -0.03275716	     -0.06346033	      0.00000000	      0.00000000	      0.00000000	    -55.69747239	    215.25464777	    -25.04190821	     -0.00000000	     -0.00000000	     -0.00000000	      0.00000000	      0.00000000	      0.00000000	     -9.27730285	     20.29863936	     -4.97636476	      1.72094556	     -0.03893466	     -3.22827662	      0.00000000	      0.00000000	      0.00000000	     -5.69813087	      9.13307971	     -3.17078729	      0.54684117	     -0.11734880	     -1.28773350	      0.00000000	      0.00000000	      0.00000000	     -3.82965225	      5.81145167	     -2.14270635	      0.48165286	     -0.02896244	     -0.92667253	      0.00000000	      0.00000000	      0.00000000	     -1.92019155	      2.50437047	     -1.08779060	      0.07704307	      0.00027457	     -0.13806673	      0.00000000	      0.00000000	      0.00000000	     -9.96291532	     24.98191351	     -4.93525776	      1.87309741	      0.06919491	     -3.41712611	      0.00000000	      0.00000000	      0.00000000	     -6.01490991	     11.29693043	     -3.15179429	      0.84792420	      0.07176211	     -1.36727923	      0.00000000	      0.00000000	      0.00000000	     -4.04037108	      7.25082750	     -2.13007236	      0.53499565	      0.01017872	     -0.97865060	      0.00000000	      0.00000000	      0.00000000	     -2.01330049	      3.14037799	     -1.08220810	      0.07666293	      0.00027457	     -0.14440698	      0.00000000	      0.00000000	      0.00000000
      1.47000000	     -0.00000000	      0.00000000	     -0.00000000	      0.00000000	     -0.00000000	      0.00000000	      0.00000000	      0.00000000	      0.00000000	   -244.33230028	  -1505.81603208	    563.92025546	     -0.02634243	      0.00297413	      0.02721740	      0.00000000	      0.00000000	      0.00000000	   -124.12981736	  -1343.47455046	     -6.92063316	     -5.17092946	      3.02463006	     -8.98089899	     -0.00824526	     -0.00360284	     -0.00125501	    253.47994172	    -20.46994090	    -44.40499820	     -3.15826619	      1.49629756	     -5.43285165	      0.00000000	      0.00000000	      0.00000000	     35.60071486	  -1132.88635030	     39.47908158	      7.31087609	     -1.03534254	      0.62089089	      0.00000000	      0.00000000	      0.00000000	     35.48615080	  -1133.91528000	     39.58584373	      1.79418017	     -3.39515536	    -61.84096056	      0.00000000	      0.00000000	      0.00000000	     50.73026353	     -8.44162101	      6.05265021	     -0.01017830	     -0.04257021	     -0.15244498	      0.00000000	      0.00000000	      0.00000000	     16.82599839	     66.61670329	      4.18409817	     -0.00000000	      0.00000000	     -0.00000000	      0.00000000	      0.00000000	      0.00000000	    -10.22542384	     25.22946388	      0.94865228	      0.10177860	     -0.02612444	      0.06091875	     -0.00824526	     -0.00360284	      0.00125501	     -0.82109615	      0.16728346	     -0.02571564	     -0.00067582	      0.00012238	      0.02232313	      0.00000000	      0.00000000	      0.00000000	      0.50183739	     10.40849129	      0.13890352	      0.03603662	     -0.10438025	      0.01468666	      0.00000000	      0.00000000	      0.00000000	      0.08142331	      9.28428406	      0.20688907	     -0.01031322	     -0.11068459	      0.58263633	      0.00000000	      0.00000000	      0.00000000	     -1.25696558	     -0.11410329	      0.28009266	      0.00311879	     -0.03505468	     -0.07011984	      0.00000000	      0.00000000	      0.00000000	    -48.71350255	    217.07919724	    -27.88866281	     -0.00000000	     -0.00000000	      0.00000000	      0.00000000	      0.00000000	      0.00000000	     -7.75132435	     20.37142285	     -5.54518876	      1.92848727	     -0.02794161	     -2.66608013	      0.00000000	      0.00000000	      0.00000000	     -4.70372802	      9.15204744	     -3.53927399	      0.62643261	     -0.10402771	     -1.07137290	      0.00000000	      0.00000000	      0.00000000	     -3.15473053	      5.81356201	     -2.39218930	      0.54087055	     -0.02669216	     -0.76553739	      0.00000000	      0.00000000	      0.00000000	     -1.57458810	      2.49879003	     -1.21519090	      0.08607369	      0.00030320	     -0.11306471	      0.00000000	      0.00000000	      0.00000000	     -8.51605278	     25.50605695	     -5.52392330	      2.08787376	      0.06167957	     -2.87688506	      0.00000000	      0.00000000	      0.00000000	     -5.05706163	     11.52444362	     -3.52944854	      0.93255455	      0.05300724	     -1.15978002	      0.00000000	      0.00000000	      0.00000000	     -3.38976516	      7.39166058	     -2.38565349	      0.59603870	      0.00566126	     -0.82339708	      0.00000000	      0.00000000	      0.00000000	     -1.67844131	      3.19609405	     -1.21230297	      0.08587704	      0.00030320	     -0.12013659	      0.00000000	      0.00000000	      0.00000000
      1.48000000	      0.00000000	      0.00000000	      0.00000000	      0.00000000	      0.00000000	      0.00000000	      0.00000000	      0.00000000	      0.00000000	   -257.04599142	  -1525.34692020	    576.50555436	     -0.02599107	     -0.00476754	      0.02782788	      0.00000000	      0.00000000	      0.00000000	   -128.59456894	  -1333.22673395	     -4.11110099	     -4.96823033	      2.71336265	     -8.87004869	     -0.00824526	     -0.00360284	     -0.00125501	    235.13800721	    -18.38738765	    -43.30381135	     -2.98736241	      1.40738735	     -5.03912467	      0.00000000	      0.00000000	      0.00000000	     27.40329158	  -1171.53663644	     38.01069159	      7.36891108	     -1.31533578	      0.57504242	      0.00000000	      0.00000000	      0.00000000	     27.30290615	  -1172.59257478	     38.13523170	      1.53044508	     -3.54798301	    -63.56737124	      0.00000000	      0.00000000	      0.00000000	     51.37095104	     -8.75866818	      5.90059132	     -0.01601211	     -0.04406623	     -0.16373299	      0.00000000	      0.00000000	      0.00000000	     14.27154095	     66.72945909	      5.07283897	     -0.00000000	      0.00000000	      0.00000000	      0.00000000	      0.00000000	      0.00000000	    -10.12511286	     28.26473572	      0.76452520	      0.16118482	      0.00715167	      0.05956358	     -0.00824526	     -0.00360284	      0.00125501	     -0.82201551	      0.18761087	     -0.02510221	     -0.00065907	      0.00012950	      0.02236210	      0.00000000	      0.00000000	      0.00000000	      0.42968691	     11.31387854	      0.03450406	      0.04247351	     -0.08410685	      0.01039306	      0.00000000	      0.00000000	      0.00000000	      0.01156513	     10.08048531	      0.09939506	     -0.01350825	     -0.08654796	      0.63138017	      0.00000000	      0.00000000	      0.00000000	     -1.26941957	     -0.15934269	      0.23214382	      0.00358408	     -0.03295391	     -0.07866179	      0.00000000	      0.00000000	      0.00000000	    -42.06417824	    218.74816439	    -29.49433366	     -0.00000000	     -0.00000000	     -0.00000000	      0.00000000	      0.00000000	      0.00000000	     -6.32106191	     20.52887356	     -5.87135371	      2.04349942	     -0.01817973	     -2.13683607	      0.00000000	      0.00000000	      0.00000000	     -3.76699449	      9.23440726	     -3.74194550	      0.66876854	     -0.09028043	     -0.86775108	      0.00000000	      0.00000000	      0.00000000	     -2.51800958	      5.86037854	     -2.52893753	      0.57286375	     -0.02407978	     -0.61353598	      0.00000000	      0.00000000	      0.00000000	     -1.24765525	      2.51731452	     -1.28404446	      0.09094243	      0.00031399	     -0.08940788	      0.00000000	      0.00000000	      0.00000000	     -7.14298293	     26.01341456	     -5.81076649	      2.19398376	      0.05376739	     -2.36346920	      0.00000000	      0.00000000	      0.00000000	     -4.14675325	     11.76847373	     -3.71395190	      0.97595815	      0.03655778	     -0.96264832	      0.00000000	      0.00000000	      0.00000000	     -2.77062200	      7.54601886	     -2.51031642	      0.62624211	      0.00190467	     -0.67567832	      0.00000000	      0.00000000	      0.00000000	     -1.35927544	      3.26213731	     -1.27581647	      0.09038215	      0.00031399	     -0.09700866	      0.00000000	      0.00000000	      0.00000000
      1.49000000	      0.00000000	     -0.00000000	     -0.00000000	     -0.00000000	      0.00000000	      0.00000000	      0.00000000	      0.00000000	      0.00000000	   -260.39014153	  -1545.22560251	    586.46752062	     -0.02517201	     -0.01040883	      0.02715781	      0.00000000	      0.00000000	      0.00000000	   -135.52601629	  -1330.18306888	     -1.03012988	     -4.82866766	      2.24288409	     -8.87478510	     -0.00824526	     -0.00360284	     -0.00125501	    217.85369832	    -16.09226930	    -42.93272013	     -2.84525166	      1.33203586	     -4.68132956	      0.00000000	      0.00000000	      0.00000000	     23.00714286	  -1213.54575289	     37.85713601	      7.58085551	     -1.68054280	      0.53005133	      0.00000000	      0.00000000	      0.00000000	     22.87557275	  -1214.61781091	     38.02034887	      1.46173970	     -3.87716219	    -65.65204859	      0.00000000	      0.00000000	      0.00000000	     51.80303757	     -8.95357954	      5.85253949	     -0.02030607	     -0.05496426	     -0.16974905	      0.00000000	      0.00000000	      0.00000000	     13.07718171	     68.24011052	      6.06063837	     -0.00000000	      0.00000000	      0.00000000	      0.00000000	      0.00000000	      0.00000000	    -10.13667453	     31.31611890	      0.55954458	      0.24370206	      0.04740590	      0.05188311	     -0.00824526	     -0.00360284	      0.00125501	     -0.83248646	      0.23319380	     -0.02333540	     -0.00061177	      0.00013715	      0.02270450	      0.00000000	      0.00000000	      0.00000000	      0.27277104	     12.11513657	     -0.12338294	      0.04902541	     -0.05783990	      0.00502187	      0.00000000	      0.00000000	      0.00000000	     -0.14748262	     10.78721412	     -0.06019388	     -0.01836408	     -0.05446632	      0.67792871	      0.00000000	      0.00000000	      0.00000000	     -1.32671631	     -0.18962503	      0.16993992	      0.00391630	     -0.03090685	     -0.08554831	      0.00000000	      0.00000000	      0.00000000	    -38.61978044	    219.53478885	    -30.86231336	      0.00000000	      0.00000000	     -0.00000000	      0.00000000	      0.00000000	      0.00000000	     -5.58067536	     20.55741626	     -6.13955833	      2.14104287	     -0.01280979	     -1.86367331	      0.00000000	      0.00000000	      0.00000000	     -3.28389102	      9.24449438	     -3.91495125	      0.70606087	     -0.08373641	     -0.76256714	      0.00000000	      0.00000000	      0.00000000	     -2.19001027	      5.86226494	     -2.64589729	      0.60058934	     -0.02294219	     -0.53518009	      0.00000000	      0.00000000	      0.00000000	     -1.07956684	      2.51559413	     -1.34363976	      0.09516663	      0.00033416	     -0.07723383	      0.00000000	      0.00000000	      0.00000000	     -6.43071657	     26.27857360	     -6.09384746	      2.29666010	      0.05010592	     -2.09797043	      0.00000000	      0.00000000	      0.00000000	     -3.67664237	     11.88788659	     -3.89383108	      1.01635581	      0.02741779	     -0.86088581	      0.00000000	      0.00000000	      0.00000000	     -2.45126526	      7.62062786	     -2.63184833	      0.65524787	     -0.00027984	     -0.59951249	      0.00000000	      0.00000000	      0.00000000	     -1.19500586	      3.29255037	     -1.33743204	      0.09474392	      0.00033416	     -0.08509466	      0.00000000	      0.00000000	      0.00000000
      1.50000000	      0.00000000	     -0.00000000	     -0.00000000	     -0.00000000	     -0.00000000	      0.00000000	      0.00000000	      0.00000000	      0.00000000	   -264.12340816	  -1567.73056499	    596.14438527	     -0.02485941	     -0.01408405	      0.02608740	      0.00000000	      0.00000000	      0.00000000	   -141.95364852	  -1332.93297097	      1.94795136	     -4.81986797	      1.81430911	     -8.91150244	     -0.00824526	     -0.00360284	     -0.00125501	    202.78970641	    -14.01679464	    -42.52823569	     -2.72019953	      1.26722807	     -4.38023625	      0.00000000	      0.00000000	      0.00000000	     15.98551928	  -1257.28845190	     37.96174107	      7.80134057	     -2.06457024	      0.48295093	      0.00000000	      0.00000000	      0.00000000	     15.85602042	  -1258.37576430	     38.15518169	      1.40283894	     -4.22283240	    -67.71279369	      0.00000000	      0.00000000	      0.00000000	     51.82452670	     -8.93815704	      5.73985723	     -0.02285434	     -0.06411692	     -0.16447019	      0.00000000	      0.00000000	      0.00000000	     12.36844654	     70.45332757	      7.39987110	      0.00000000	      0.00000000	      0.00000000	      0.00000000	      0.00000000	      0.00000000	    -10.18935025	     34.71546724	      0.26692634	      0.40060002	      0.10780058	      0.03090731	     -0.00824526	     -0.00360284	      0.00125501	     -0.81703732	      0.26054007	     -0.01610340	     -0.00041985	      0.00014303	      0.02232701	      0.00000000	      0.00000000	      0.00000000	      0.09046814	     12.95979065	     -0.44900758	      0.05927938	     -0.01347959	     -0.00396213	      0.00000000	      0.00000000	      0.00000000	     -0.33012986	     11.52916898	     -0.38258266	     -0.02756551	      0.00385334	      0.72459007	      0.00000000	      0.00000000	      0.00000000	     -1.38675276	     -0.22943527	      0.06479189	      0.00440619	     -0.02684755	     -0.09343921	      0.00000000	      0.00000000	      0.00000000	    -35.62531695	    222.09654259	    -32.74012698	      0.00000000	      0.00000000	     -0.00000000	      0.00000000	      0.00000000	      0.00000000	     -4.90397548	     20.73684265	     -6.50056092	      2.27317657	     -0.00757475	     -1.61327155	      0.00000000	      0.00000000	      0.00000000	     -2.84117408	      9.32090988	     -4.15119809	      0.75617964	     -0.07837292	     -0.66663250	      0.00000000	      0.00000000	      0.00000000	     -1.88937379	      5.90602962	     -2.80585600	      0.63843531	     -0.02215171	     -0.46351828	      0.00000000	      0.00000000	      0.00000000	     -0.92545017	      2.53164608	     -1.42557047	      0.10097930	      0.00035689	     -0.06607277	      0.00000000	      0.00000000	      0.00000000	     -5.79990651	     26.75812896	     -6.49711304	      2.44310182	      0.04719406	     -1.86023329	      0.00000000	      0.00000000	      0.00000000	     -3.25512828	     12.10297309	     -4.14960504	      1.07449564	      0.01844744	     -0.77022781	      0.00000000	      0.00000000	      0.00000000	     -2.16473274	      7.75663535	     -2.80479632	      0.69664475	     -0.00254560	     -0.53131228	      0.00000000	      0.00000000	      0.00000000	     -1.04712121	      3.34936104	     -1.42510224	      0.10094742	      0.00035689	     -0.07435796	      0.00000000	      0.00000000	      0.00000000
      1.51000000	      0.00000000	     -0.00000000	     -0.00000000	      0.00000000	      0.00000000	      0.00000000	      0.00000000	      0.00000000	      0.00000000	   -267.39935176	  -1594.86161690	    608.57780958	     -0.02668871	     -0.01588829	      0.02501237	      0.00000000	      0.00000000	      0.00000000	   -148.50867967	  -1339.50012994	      5.10366820	     -4.79090880	      1.38157928	     -8.96996556	     -0.00824526	     -0.00360284	     -0.00125501	    188.85087742	    -12.08146859	    -41.96622244	     -2.60069019	      1.20385004	     -4.10774529	      0.00000000	      0.00000000	      0.00000000	      7.18326011	  -1300.65740997	     38.08606222	      8.13869056	     -2.48762625	      0.44282730	      0.00000000	      0.00000000	      0.00000000	      7.08825078	  -1301.75876532	     38.28659932	      1.46445446	     -4.59588943	    -69.67346358	      0.00000000	      0.00000000	      0.00000000	     51.47042200	     -8.46592102	      5.64325467	     -0.01996428	     -0.07687186	     -0.13195610	      0.00000000	      0.00000000	      0.00000000	     12.19506323	     72.86875894	      7.41551499	     -0.00000000	     -0.00000000	     -0.00000000	      0.00000000	      0.00000000	      0.00000000	     -9.97150368	     37.33597018	      0.21307092	      0.23260642	      0.05445385	      0.07454691	     -0.00824526	     -0.00360284	      0.00125501	     -0.78106214	      0.29099402	     -0.03333306	     -0.00087347	      0.00014279	      0.02141967	      0.00000000	      0.00000000	      0.00000000	     -0.12523642	     13.51229337	      0.05297973	      0.04928828	     -0.06765265	      0.00673772	      0.00000000	      0.00000000	      0.00000000	     -0.55441725	     12.03410197	      0.10592506	     -0.01631609	     -0.07675177	      0.77593804	      0.00000000	      0.00000000	      0.00000000	     -1.49426939	     -0.19803417	      0.19741688	      0.00403062	     -0.03469563	     -0.09392978	      0.00000000	      0.00000000	      0.00000000	    -33.13380713	    225.06831357	    -34.22803050	     -0.00000000	      0.00000000	      0.00000000	      0.00000000	      0.00000000	      0.00000000	     -4.33590332	     20.97118094	     -6.81824045	      2.38536610	     -0.00313159	     -1.40129415	      0.00000000	      0.00000000	      0.00000000	     -2.46578427	      9.42641928	     -4.34981477	      0.79729522	     -0.07378247	     -0.58534317	      0.00000000	      0.00000000	      0.00000000	     -1.63374164	      5.96948588	     -2.93998057	      0.66976372	     -0.02146063	     -0.40255523	      0.00000000	      0.00000000	      0.00000000	     -0.79376425	      2.55725572	     -1.49322790	      0.10576306	      0.00037246	     -0.05653836	      0.00000000	      0.00000000	      0.00000000	     -5.27379216	     27.27020311	     -6.76822670	      2.54446860	      0.04454324	     -1.65982928	      0.00000000	      0.00000000	      0.00000000	     -2.89912457	     12.33680701	     -4.32670651	      1.11626972	      0.01115256	     -0.69377484	      0.00000000	      0.00000000	      0.00000000	     -1.92199607	      7.90545204	     -2.92460915	      0.72574226	     -0.00435420	     -0.47351857	      0.00000000	      0.00000000	      0.00000000	     -0.92113333	      3.41268834	     -1.48643583	      0.10530056	      0.00037246	     -0.06521156	      0.00000000	      0.00000000	      0.00000000
      1.52000000	     -0.00000000	      0.00000000	      0.00000000	      0.00000000	      0.00000000	     -0.00000000	      0.00000000	      0.00000000	      0.00000000	   -274.21244990	  -1635.58649671	    626.02932560	     -0.03215876	     -0.01787304	      0.02584722	      0.00000000	      0.00000000	      0.00000000	   -154.13494039	  -1352.14533837	      8.43875152	     -4.84731087	      1.02230796	     -9.03202604	     -0.00824526	     -0.00360284	     -0.00125501	    176.15927126	    -10.57639508	    -40.53429753	     -2.46658781	      1.12832593	     -3.85480071	      0.00000000	      0.00000000	      0.00000000	     -6.72060918	  -1343.85149887	     38.03951388	      8.51255530	     -2.91581767	      0.40846715	      0.00000000	      0.00000000	      0.00000000	     -6.74196887	  -1344.99857529	     38.22100008	      1.55577730	     -4.93212763	    -71.38996180	      0.00000000	      0.00000000	      0.00000000	     50.86392746	     -7.52892310	      5.52417282	     -0.01230163	     -0.09486676	     -0.07011281	      0.00000000	      0.00000000	      0.00000000	     11.95587314	     75.80575796	      8.66766637	     -0.00000000	      0.00000000	     -0.00000000	      0.00000000	      0.00000000	      0.00000000	     -9.85478229	     40.76889875	     -0.14355951	      0.44625063	      0.13512154	      0.04308856	     -0.00824526	     -0.00360284	      0.00125501	     -0.73668352	      0.31161175	     -0.01629463	     -0.00042302	      0.00012697	      0.02023943	      0.00000000	      0.00000000	      0.00000000	     -0.23476222	     14.19576084	     -0.42790805	      0.06238678	     -0.00306498	     -0.00614641	      0.00000000	      0.00000000	      0.00000000	     -0.64610865	     12.62358273	     -0.37001843	     -0.02903899	      0.01014707	      0.80540076	      0.00000000	      0.00000000	      0.00000000	     -1.46636335	     -0.26269776	      0.04281056	      0.00484890	     -0.02675606	     -0.10278329	      0.00000000	      0.00000000	      0.00000000	    -29.62101500	    229.87000601	    -36.15866071	     -0.00000000	     -0.00000000	      0.00000000	      0.00000000	      0.00000000	      0.00000000	     -3.52846295	     21.39273555	     -7.18284981	      2.51694304	      0.00297322	     -1.10010992	      0.00000000	      0.00000000	      0.00000000	     -1.93294299	      9.61804987	     -4.58590687	      0.84556675	     -0.06691948	     -0.47035471	      0.00000000	      0.00000000	      0.00000000	     -1.27131500	      6.08655134	     -3.09965560	      0.70715595	     -0.02034834	     -0.31627381	      0.00000000	      0.00000000	      0.00000000	     -0.60733515	      2.60547135	     -1.57473245	      0.11154327	      0.00039296	     -0.04302796	      0.00000000	      0.00000000	      0.00000000	     -4.52012345	     28.04752863	     -7.16954882	      2.69082114	      0.04076979	     -1.37347739	      0.00000000	      0.00000000	      0.00000000	     -2.39112784	     12.69281729	     -4.57976131	      1.17588551	      0.00076262	     -0.58498390	      0.00000000	      0.00000000	      0.00000000	     -1.57609582	      8.13186152	     -3.09556762	      0.76702848	     -0.00692244	     -0.39129865	      0.00000000	      0.00000000	      0.00000000	     -0.74200664	      3.50921909	     -1.57292612	      0.11142027	      0.00039296	     -0.05219842	      0.00000000	      0.00000000	      0.00000000
      1.53000000	     -0.00000000	      0.00000000	      0.00000000	     -0.00000000	      0.00000000	     -0.00000000	      0.00000000	      0.00000000	      0.00000000	   -278.33537215	  -1702.47418633	    649.10277798	     -0.03978319	     -0.02039802	      0.02989034	      0.00000000	      0.00000000	      0.00000000	   -161.85844261	  -1375.88676075	     12.15572838	     -5.14203819	      0.53756189	     -9.21764885	     -0.00824526	     -0.00360284	     -0.00125501	    164.19557734	     -9.07903145	    -38.98428298	     -2.33246262	      1.04858686	     -3.62792005	      0.00000000	      0.00000000	      0.00000000	    -16.88245498	  -1387.30506361	     39.23406642	      8.81009408	     -3.36958390	      0.36483161	      0.00000000	      0.00000000	      0.00000000	    -16.86399202	  -1388.47833838	     39.42696583	      1.62913234	     -5.37721454	    -73.30612880	      0.00000000	      0.00000000	      0.00000000	     50.33117539	     -6.51761680	      5.68675908	     -0.00320973	     -0.13242733	      0.00042013	      0.00000000	      0.00000000	      0.00000000	     12.44720936	     79.77147057	      8.80476839	      0.00000000	      0.00000000	      0.00000000	      0.00000000	      0.00000000	      0.00000000	     -9.42720107	     43.27952057	     -0.36740018	      0.49841966	      0.14917604	      0.04176775	     -0.00824526	     -0.00360284	      0.00125501	     -0.65983367	      0.38098801	     -0.00787429	     -0.00020036	      0.00009801	      0.01800610	      0.00000000	      0.00000000	      0.00000000	     -0.51249730	     14.45148156	     -0.48860432	      0.06328201	      0.00799289	     -0.00820776	      0.00000000	      0.00000000	      0.00000000	     -0.90179244	     12.84889035	     -0.43126803	     -0.03150042	      0.02239393	      0.82976165	      0.00000000	      0.00000000	      0.00000000	     -1.49013980	     -0.26740340	      0.01890428	      0.00524719	     -0.02576331	     -0.10441566	      0.00000000	      0.00000000	      0.00000000	    -28.08304641	    233.55666226	    -36.39568494	      0.00000000	      0.00000000	     -0.00000000	      0.00000000	      0.00000000	      0.00000000	     -3.17002697	     21.80963382	     -7.23091548	      2.53313231	      0.00543529	     -0.96371568	      0.00000000	      0.00000000	      0.00000000	     -1.69114069	      9.80595322	     -4.61733642	      0.84962284	     -0.06318137	     -0.41864726	      0.00000000	      0.00000000	      0.00000000	     -1.10644769	      6.20452123	     -3.12094218	      0.71171719	     -0.01959698	     -0.27711255	      0.00000000	      0.00000000	      0.00000000	     -0.52190611	      2.65512068	     -1.58562958	      0.11231600	      0.00039661	     -0.03682284	      0.00000000	      0.00000000	      0.00000000	     -4.16594902	     28.49653552	     -7.22057013	      2.71087937	      0.03861146	     -1.23825149	      0.00000000	      0.00000000	      0.00000000	     -2.15129454	     12.89555604	     -4.61255647	      1.18592372	     -0.00345642	     -0.53378158	      0.00000000	      0.00000000	      0.00000000	     -1.41253827	      8.25969981	     -3.11776260	      0.77281748	     -0.00786702	     -0.35246439	      0.00000000	      0.00000000	      0.00000000	     -0.65715634	      3.56322890	     -1.58422464	      0.11222033	      0.00039661	     -0.04603271	      0.00000000	      0.00000000	      0.00000000
      1.54000000	     -0.00000000	      0.00000000	     -0.00000000	      0.00000000	     -0.00000000	     -0.00000000	      0.00000000	      0.00000000	      0.00000000	   -295.41803226	  -1791.69783863	    683.45919587	     -0.04767775	     -0.02155643	      0.03501267	      0.00000000	      0.00000000	      0.00000000	   -168.61436892	  -1406.44685475	     15.97193328	     -5.49713064	      0.16843003	     -9.39502440	     -0.00824526	     -0.00360284	     -0.00125501	    153.81777336	     -8.02143416	    -36.91786547	     -2.19217534	      0.97050804	     -3.42843319	      0.00000000	      0.00000000	      0.00000000	    -33.29427219	  -1432.55573369	     40.38491325	      9.20818457	     -3.84754044	      0.33005498	      0.00000000	      0.00000000	      0.00000000	    -33.19491791	  -1433.75248800	     40.58223732	      1.78976181	     -5.80768684	    -75.02199275	      0.00000000	      0.00000000	      0.00000000	     49.96384459	     -5.30831874	      5.72550289	      0.00708568	     -0.16687194	      0.08841480	      0.00000000	      0.00000000	      0.00000000	     11.97328462	     83.42516507	      8.48794308	     -0.00000000	      0.00000000	      0.00000000	      0.00000000	      0.00000000	      0.00000000	     -8.64900249	     44.89361666	     -0.51992226	      0.45193514	      0.13402528	      0.05676318	     -0.00824526	     -0.00360284	      0.00125501	     -0.56558019	      0.45215587	     -0.01068630	     -0.00027414	      0.00008431	      0.01534937	      0.00000000	      0.00000000	      0.00000000	     -0.75166331	     14.38405713	     -0.33277677	      0.05870909	     -0.00400318	     -0.00558522	      0.00000000	      0.00000000	      0.00000000	     -1.12211796	     12.79318349	     -0.28376015	     -0.02784588	      0.00154400	      0.83917604	      0.00000000	      0.00000000	      0.00000000	     -1.51490094	     -0.24804870	      0.04607552	      0.00531343	     -0.02693683	     -0.10231407	      0.00000000	      0.00000000	      0.00000000	    -23.52748621	    240.00334010	    -36.90029376	      0.00000000	      0.00000000	     -0.00000000	      0.00000000	      0.00000000	      0.00000000	     -2.15178732	     22.56277192	     -7.34167126	      2.56981920	      0.01223755	     -0.58025626	      0.00000000	      0.00000000	      0.00000000	     -1.01158470	     10.14875198	     -4.68642103	      0.85945163	     -0.05254304	     -0.27234823	      0.00000000	      0.00000000	      0.00000000	     -0.64362301	      6.41873054	     -3.16759874	      0.72180355	     -0.01743572	     -0.16693525	      0.00000000	      0.00000000	      0.00000000	     -0.28284194	      2.74501663	     -1.60914525	      0.11397807	      0.00040223	     -0.01948376	      0.00000000	      0.00000000	      0.00000000	     -3.16121358	     29.33970578	     -7.31128418	      2.74737494	      0.03242279	     -0.85851580	      0.00000000	      0.00000000	      0.00000000	     -1.47797801	     13.27995309	     -4.67238104	      1.20450956	     -0.01502860	     -0.38904143	      0.00000000	      0.00000000	      0.00000000	     -0.95386403	      8.50157995	     -3.15825946	      0.78347140	     -0.01041255	     -0.24330799	      0.00000000	      0.00000000	      0.00000000	     -0.41992609	      3.66535158	     -1.60501857	      0.11369707	      0.00040223	     -0.02881851	      0.00000000	      0.00000000	      0.00000000
      1.55000000	     -0.00000000	      0.00000000	     -0.00000000	     -0.00000000	     -0.00000000	     -0.00000000	      0.00000000	      0.00000000	      0.00000000	   -315.37517487	  -1904.11762166	    726.09089762	     -0.05403014	     -0.02315517	      0.04000772	      0.00000000	      0.00000000	      0.00000000	   -177.62156102	  -1441.80775982	     20.35337848	     -6.06922238	     -0.29741008	     -9.64411353	     -0.00824526	     -0.00360284	     -0.00125501	    143.57435917	     -6.92576831	    -34.75835149	     -2.04646837	      0.89288074	     -3.24205775	      0.00000000	      0.00000000	      0.00000000	    -48.79125246	  -1484.62624114	     42.22106446	      9.64681412	     -4.40143695	      0.28668246	      0.00000000	      0.00000000	      0.00000000	    -48.60650361	  -1485.83632351	     42.43457364	      1.97924840	     -6.35327125	    -77.15277108	      0.00000000	      0.00000000	      0.00000000	     50.04483803	     -4.29545859	      5.95760613	      0.01612317	     -0.20979929	      0.16981865	      0.00000000	      0.00000000	      0.00000000	     11.36664122	     87.57646700	      7.57585345	     -0.00000000	      0.00000000	     -0.00000000	      0.00000000	      0.00000000	      0.00000000	     -7.64567412	     45.56778999	     -0.60705990	      0.38769286	      0.10831097	      0.07235306	     -0.00824526	     -0.00360284	      0.00125501	     -0.44493638	      0.51461886	     -0.01109046	     -0.00028482	      0.00006318	      0.01203794	      0.00000000	      0.00000000	      0.00000000	     -0.95678824	     13.90768132	     -0.15661519	      0.05224666	     -0.01975792	     -0.00209199	      0.00000000	      0.00000000	      0.00000000	     -1.28992233	     12.37207925	     -0.11531913	     -0.02306272	     -0.02332684	      0.82426792	      0.00000000	      0.00000000	      0.00000000	     -1.46673342	     -0.22779174	      0.08257668	      0.00538935	     -0.02734599	     -0.09769024	      0.00000000	      0.00000000	      0.00000000	    -19.29609471	    247.34877731	    -36.13638071	      0.00000000	      0.00000000	     -0.00000000	      0.00000000	      0.00000000	      0.00000000	     -1.20966666	     23.52981442	     -7.18782183	      2.51128791	      0.01789312	     -0.22264232	      0.00000000	      0.00000000	      0.00000000	     -0.37747478	     10.58951743	     -4.58926610	      0.83210817	     -0.04131632	     -0.13648535	      0.00000000	      0.00000000	      0.00000000	     -0.21153482	      6.69705188	     -3.10199118	      0.70514861	     -0.01491084	     -0.06422412	      0.00000000	      0.00000000	      0.00000000	     -0.05909477	      2.86302139	     -1.57594181	      0.11162786	      0.00039379	     -0.00323500	      0.00000000	      0.00000000	      0.00000000	     -2.19805128	     30.15752627	     -7.16524528	      2.69736136	      0.02584814	     -0.49511608	      0.00000000	      0.00000000	      0.00000000	     -0.83414605	     13.65177229	     -4.57883487	      1.18975311	     -0.02488547	     -0.25071768	      0.00000000	      0.00000000	      0.00000000	     -0.51530882	      8.73403881	     -3.09505242	      0.76948277	     -0.01237306	     -0.13899447	      0.00000000	      0.00000000	      0.00000000	     -0.19332139	      3.76309139	     -1.57287583	      0.11141908	      0.00039379	     -0.01237516	      0.00000000	      0.00000000	      0.00000000
      1.56000000	     -0.00000000	      0.00000000	     -0.00000000	      0.00000000	     -0.00000000	      0.00000000	      0.00000000	      0.00000000	      0.00000000	   -351.12999391	  -2034.89722782	    779.03765148	     -0.05774989	     -0.02708636	      0.04436890	      0.00000000	      0.00000000	      0.00000000	   -185.39930864	  -1477.98636666	     25.08111291	     -6.70401882	     -0.59724874	     -9.82523507	     -0.00824526	     -0.00360284	     -0.00125501	    134.05450982	     -6.28126232	    -31.96855998	     -1.88618834	      0.81284979	     -3.05596056	      0.00000000	      0.00000000	      0.00000000	    -70.83624451	  -1546.00420152	     43.77357614	     10.26983344	     -4.96693914	      0.25949309	      0.00000000	      0.00000000	      0.00000000	    -70.52513587	  -1547.22171040	     43.98900161	      2.27937335	     -6.85763983	    -79.46693484	      0.00000000	      0.00000000	      0.00000000	     50.74553520	     -3.09092477	      6.08600637	      0.02793819	     -0.24664644	      0.26926143	      0.00000000	      0.00000000	      0.00000000	      9.11877201	     91.79472597	      6.81023585	      0.00000000	     -0.00000000	     -0.00000000	      0.00000000	      0.00000000	      0.00000000	     -6.44630611	     45.53310381	     -0.70810386	      0.37893670	      0.09058565	      0.07888871	     -0.00824526	     -0.00360284	      0.00125501	     -0.30978309	      0.54700745	     -0.00730656	     -0.00018489	      0.00004459	      0.00841573	      0.00000000	      0.00000000	      0.00000000	     -1.09062384	     13.18283306	     -0.12585969	      0.04905758	     -0.02357237	     -0.00107200	      0.00000000	      0.00000000	      0.00000000	     -1.38498367	     11.72761411	     -0.08569175	     -0.02108141	     -0.02825172	      0.78984882	      0.00000000	      0.00000000	      0.00000000	     -1.38951174	     -0.21248338	      0.08966939	      0.00548825	     -0.02598189	     -0.09201086	      0.00000000	      0.00000000	      0.00000000	    -10.48551516	    258.70803054	    -36.09051416	     -0.00000000	      0.00000000	      0.00000000	      0.00000000	      0.00000000	      0.00000000	      0.73619232	     24.96693556	     -7.17895093	      2.50338068	      0.03029447	      0.51010273	      0.00000000	      0.00000000	      0.00000000	      0.92110843	     11.24677821	     -4.58447131	      0.82153469	     -0.01990367	      0.14300445	      0.00000000	      0.00000000	      0.00000000	      0.67260905	      7.10929969	     -3.09880423	      0.70269361	     -0.01035906	      0.14622442	      0.00000000	      0.00000000	      0.00000000	      0.39751488	      3.03678005	     -1.57442358	      0.11152143	      0.00039383	      0.02988723	      0.00000000	      0.00000000	      0.00000000	     -0.24960307	     31.57484002	     -7.16061849	      2.70068833	      0.01340383	      0.23833828	      0.00000000	      0.00000000	      0.00000000	      0.46563347	     14.29988131	     -4.57600103	      1.19858096	     -0.04625664	      0.02908009	      0.00000000	      0.00000000	      0.00000000	      0.36963083	      9.14019894	     -3.09316986	      0.77073822	     -0.01690506	      0.07165314	      0.00000000	      0.00000000	      0.00000000	      0.26363989	      3.93416012	     -1.57193396	      0.11135190	      0.00039383	      0.02077101	      0.00000000	      0.00000000	      0.00000000
      1.57000000	      0.00000000	     -0.00000000	     -0.00000000	     -0.00000000	     -0.00000000	      0.00000000	      0.00000000	      0.00000000	      0.00000000	   -385.40328545	  -2177.96631008	    834.23387672	     -0.05875576	     -0.03299219	      0.04797837	      0.00000000	      0.00000000	      0.00000000	   -196.20546842	  -1512.94608194	     30.07610413	     -7.79828077	     -1.00151019	    -10.06123249	     -0.00824526	     -0.00360284	     -0.00125501	    123.71856891	     -5.43068737	    -29.09538796	     -1.71479909	      0.73006068	     -2.86529985	      0.00000000	      0.00000000	      0.00000000	    -92.33659264	  -1623.22028923	     45.58332002	     10.65940618	     -5.55481573	      0.20048948	      0.00000000	      0.00000000	      0.00000000	    -91.97077577	  -1624.43362264	     45.80705596	      2.25449750	     -7.39641511	    -82.66220547	      0.00000000	      0.00000000	      0.00000000	     52.05811597	     -2.89300352	      6.46549844	      0.02806752	     -0.29350437	      0.31042197	      0.00000000	      0.00000000	      0.00000000	      6.85038093	     97.75256669	      6.13455129	      0.00000000	      0.00000000	     -0.00000000	      0.00000000	      0.00000000	      0.00000000	     -5.29856038	     45.90517834	     -0.86552205	      0.52477805	      0.10130511	      0.06590125	     -0.00824526	     -0.00360284	      0.00125501	     -0.18314139	      0.58404340	      0.01756038	      0.00046965	     -0.00000895	      0.00503006	      0.00000000	      0.00000000	      0.00000000	     -1.20220415	     12.50760713	     -0.44555842	      0.05350950	      0.00246246	     -0.00617670	      0.00000000	      0.00000000	      0.00000000	     -1.43846091	     11.11565673	     -0.38849870	     -0.02804200	      0.01454374	      0.74996383	      0.00000000	      0.00000000	      0.00000000	     -1.23822266	     -0.23463424	      0.03166040	      0.00617810	     -0.02068814	     -0.08927502	      0.00000000	      0.00000000	      0.00000000	     -2.16795421	    270.37608310	    -34.64391633	     -0.00000000	     -0.00000000	     -0.00000000	      0.00000000	      0.00000000	      0.00000000	      2.56641893	     26.53228373	     -6.88485787	      2.39163570	      0.04123035	      1.20187873	      0.00000000	      0.00000000	      0.00000000	      2.14773684	     11.95864223	     -4.39641746	      0.77061658	      0.00180364	      0.40655194	      0.00000000	      0.00000000	      0.00000000	      1.50791648	      7.55757281	     -2.97162275	      0.67073115	     -0.00547766	      0.34496671	      0.00000000	      0.00000000	      0.00000000	      0.82942981	      3.22586395	     -1.50976804	      0.10694225	      0.00037857	      0.06123142	      0.00000000	      0.00000000	      0.00000000	      1.62037537	     32.89211492	     -6.87357596	      2.60099255	      0.00070857	      0.94110677	      0.00000000	      0.00000000	      0.00000000	      1.71062874	     14.89712604	     -4.39120479	      1.16735399	     -0.06525996	      0.29715594	      0.00000000	      0.00000000	      0.00000000	      1.21715575	      9.51222825	     -2.96815533	      0.74267047	     -0.02067047	      0.27337847	      0.00000000	      0.00000000	      0.00000000	      0.70095328	      4.08955467	     -1.50823591	      0.10683792	      0.00037857	      0.05248281	      0.00000000	      0.00000000	      0.00000000
      1.58000000	     -0.00000000	      0.00000000	     -0.00000000	      0.00000000	      0.00000000	     -0.00000000	      0.00000000	      0.00000000	      0.00000000	   -430.56885526	  -2325.33836370	    892.40381185	     -0.05857041	     -0.03982909	      0.05097763	      0.00000000	      0.00000000	      0.00000000	   -205.79078741	  -1544.91092293	     34.89092079	     -8.83741442	     -1.25422320	    -10.20357004	     -0.00824526	     -0.00360284	     -0.00125501	    113.58314961	     -4.96758292	    -25.72810206	     -1.53237509	      0.64373711	     -2.66008047	      0.00000000	      0.00000000	      0.00000000	   -121.07735443	  -1716.45315058	     46.02740693	     11.06329160	     -6.13543055	      0.14156665	      0.00000000	      0.00000000	      0.00000000	   -120.68418104	  -1717.62217054	     46.23215511	      2.06980209	     -7.81619235	    -86.34633413	      0.00000000	      0.00000000	      0.00000000	     53.71355278	     -3.83204428	      6.50080448	      0.01023472	     -0.32625627	      0.28678779	      0.00000000	      0.00000000	      0.00000000	      2.84466517	    102.10827546	      4.35113243	      0.00000000	     -0.00000000	     -0.00000000	      0.00000000	      0.00000000	      0.00000000	     -3.81635265	     44.20426016	     -0.69369362	      0.34208225	      0.03470177	      0.09703956	     -0.00824526	     -0.00360284	      0.00125501	     -0.10720757	      0.61200367	      0.00279254	      0.00007910	      0.00001311	      0.00329060	      0.00000000	      0.00000000	      0.00000000	     -1.30372418	     11.29934768	     -0.05523932	      0.04202932	     -0.03983996	      0.00257306	      0.00000000	      0.00000000	      0.00000000	     -1.49463323	     10.05032449	     -0.01114799	     -0.01571348	     -0.04599441	      0.69451723	      0.00000000	      0.00000000	      0.00000000	     -1.13027605	     -0.18854598	      0.12796626	      0.00565286	     -0.02291953	     -0.07836611	      0.00000000	      0.00000000	      0.00000000	      9.54940307	    288.79265866	    -33.96674900	     -0.00000000	     -0.00000000	      0.00000000	      0.00000000	      0.00000000	      0.00000000	      5.17415058	     28.87470392	     -6.75701852	      2.33747773	      0.05763030	      2.18834744	      0.00000000	      0.00000000	      0.00000000	      3.89648787	     13.03032826	     -4.31558587	      0.73755100	      0.03126083	      0.78201076	      0.00000000	      0.00000000	      0.00000000	      2.69933724	      8.23249662	     -2.91708606	      0.65501193	      0.00089710	      0.62835205	      0.00000000	      0.00000000	      0.00000000	      1.44575560	      3.51184121	     -1.48215953	      0.10498674	      0.00037147	      0.10596473	      0.00000000	      0.00000000	      0.00000000	      4.24803795	     35.08555646	     -6.74231930	      2.56186397	     -0.01649096	      1.93304186	      0.00000000	      0.00000000	      0.00000000	      3.46858862	     15.89997828	     -4.30879427	      1.16429226	     -0.09356195	      0.67497296	      0.00000000	      0.00000000	      0.00000000	      2.41470215	     10.14136437	     -2.91256834	      0.73220518	     -0.02656710	      0.55829159	      0.00000000	      0.00000000	      0.00000000	      1.31998577	      4.35530003	     -1.48016332	      0.10485081	      0.00037147	      0.09740044	      0.00000000	      0.00000000	      0.00000000
      1.59000000	      0.00000000	      0.00000000	      0.00000000	     -0.00000000	     -0.00000000	      0.00000000	      0.00000000	      0.00000000	      0.00000000	   -480.54324602	  -2467.15130453	    946.70469639	     -0.05840836	     -0.04695033	      0.05385524	      0.00000000	      0.00000000	      0.00000000	   -215.67455373	  -1572.31792365	     39.67261798	     -9.90970422	     -1.39880329	    -10.29284093	     -0.00824526	     -0.00360284	     -0.00125501	    103.90283001	     -4.66890147	    -22.25592257	     -1.35102107	      0.55956826	     -2.45598427	      0.00000000	      0.00000000	      0.00000000	   -155.57468483	  -1826.35909253	     46.12911137	     11.66139710	     -6.71272327	      0.10229164	      0.00000000	      0.00000000	      0.00000000	   -155.25463447	  -1827.46623236	     46.28890785	      1.95377573	     -8.17619782	    -90.61843214	      0.00000000	      0.00000000	      0.00000000	     55.80869039	     -5.20286047	      6.54680677	     -0.01447329	     -0.36998289	      0.23987887	      0.00000000	      0.00000000	      0.00000000	     -2.00872054	    108.44480320	      2.90150329	     -0.00000000	     -0.00000000	     -0.00000000	      0.00000000	      0.00000000	      0.00000000	     -2.50576850	     43.86875718	     -0.59515925	      0.31546238	      0.00264447	      0.11027178	     -0.00824526	     -0.00360284	      0.00125501	     -0.03870249	      0.65037815	      0.00625773	      0.00016796	      0.00000735	      0.00169378	      0.00000000	      0.00000000	      0.00000000	     -1.36499258	     10.51952666	     -0.01391241	      0.03898965	     -0.05153816	      0.00497822	      0.00000000	      0.00000000	      0.00000000	     -1.50424676	      9.35357873	      0.03477182	     -0.01304975	     -0.05837874	      0.65394255	      0.00000000	      0.00000000	      0.00000000	     -0.98471054	     -0.18757598	      0.15756180	      0.00590239	     -0.02174734	     -0.07323762	      0.00000000	      0.00000000	      0.00000000	     24.26167836	    308.24842514	    -33.44521825	     -0.00000000	     -0.00000000	      0.00000000	      0.00000000	      0.00000000	      0.00000000	      8.42374359	     31.34341493	     -6.65165305	      2.29066422	      0.07812042	      3.41296557	      0.00000000	      0.00000000	      0.00000000	      6.06709459	     14.15432966	     -4.24790189	      0.70658368	      0.06754047	      1.24907920	      0.00000000	      0.00000000	      0.00000000	      4.17721493	      8.93740438	     -2.87126545	      0.64121558	      0.00869967	      0.98012018	      0.00000000	      0.00000000	      0.00000000	      2.20916701	      3.80827020	     -1.45881561	      0.10333295	      0.00036811	      0.16134695	      0.00000000	      0.00000000	      0.00000000	      7.51544729	     37.46680256	     -6.63834030	      2.53233863	     -0.03759958	      3.16263018	      0.00000000	      0.00000000	      0.00000000	      5.64742716	     16.98356756	     -4.24175090	      1.16556186	     -0.12887718	      1.14398633	      0.00000000	      0.00000000	      0.00000000	      3.89805559	     10.81939033	     -2.86717386	      0.72427482	     -0.03396255	      0.91136570	      0.00000000	      0.00000000	      0.00000000	      2.08581671	      4.63985093	     -1.45700769	      0.10320984	      0.00036811	      0.15294741	      0.00000000	      0.00000000	      0.00000000
      1.60000000	      0.00000000	     -0.00000000	     -0.00000000	     -0.00000000	     -0.00000000	      0.00000000	      0.00000000	      0.00000000	      0.00000000	   -538.28647666	  -2608.66108215	    996.13235841	     -0.05879970	     -0.05281661	      0.05728493	      0.00000000	      0.00000000	      0.00000000	   -226.36760028	  -1607.03755936	     43.33176433	    -11.05589343	     -1.41514564	    -10.41739844	     -0.00824526	     -0.00360284	     -0.00125501	     96.66806727	     -4.61115315	    -19.47090397	     -1.21367547	      0.49111315	     -2.29334544	      0.00000000	      0.00000000	      0.00000000	   -196.48741404	  -1957.45752805	     45.55060889	     12.12658194	     -7.26902868	      0.05193794	      0.00000000	      0.00000000	      0.00000000	   -196.26853640	  -1958.49447143	     45.66697518	      1.53173516	     -8.44199845	    -95.71817491	      0.00000000	      0.00000000	      0.00000000	     58.08093321	     -7.20609277	      6.35697868	     -0.05130440	     -0.41500124	      0.15973084	      0.00000000	      0.00000000	      0.00000000	     -7.84703765	    114.83565570	      1.47736744	     -0.00000000	     -0.00000000	      0.00000000	      0.00000000	      0.00000000	      0.00000000	     -1.17162621	     43.41469211	     -0.40312801	      0.16483516	     -0.05329294	      0.13834334	     -0.00824526	     -0.00360284	      0.00125501	      0.00311227	      0.69247379	     -0.00845311	     -0.00022101	      0.00004110	      0.00092508	      0.00000000	      0.00000000	      0.00000000	     -1.46408518	      9.78890010	      0.30728885	      0.03065619	     -0.08776873	      0.01231133	      0.00000000	      0.00000000	      0.00000000	     -1.56123850	      8.70907462	      0.34708155	     -0.00316735	     -0.10971162	      0.62329565	      0.00000000	      0.00000000	      0.00000000	     -0.88469067	     -0.16355368	      0.24296105	      0.00560168	     -0.02376473	     -0.06674321	      0.00000000	      0.00000000	      0.00000000	     41.30065893	    331.98796222	    -33.97715259	     -0.00000000	      0.00000000	      0.00000000	      0.00000000	      0.00000000	      0.00000000	     12.20948554	     34.25695702	     -6.76071569	      2.31984594	      0.10263889	      4.83974210	      0.00000000	      0.00000000	      0.00000000	      8.59570581	     15.48641898	     -4.31769300	      0.70220050	      0.10862116	      1.79306462	      0.00000000	      0.00000000	      0.00000000	      5.89915206	      9.77268279	     -2.91843199	      0.64886929	      0.01732616	      1.38992844	      0.00000000	      0.00000000	      0.00000000	      3.09872927	      4.16050811	     -1.48278067	      0.10503024	      0.00037690	      0.22588103	      0.00000000	      0.00000000	      0.00000000	     11.29198503	     40.46829888	     -6.74565473	      2.58181572	     -0.06144317	      4.58691741	      0.00000000	      0.00000000	      0.00000000	      8.17178568	     18.35629508	     -4.31073426	      1.20046649	     -0.17098845	      1.68681438	      0.00000000	      0.00000000	      0.00000000	      5.61716386	     11.68170094	     -2.91380309	      0.73893073	     -0.04300067	      1.32044338	      0.00000000	      0.00000000	      0.00000000	      2.97412900	      5.00403338	     -1.48073533	      0.10489096	      0.00037690	      0.21739638	      0.00000000	      0.00000000	      0.00000000
      1.61000000	     -0.00000000	      0.00000000	     -0.00000000	      0.00000000	      0.00000000	     -0.00000000	      0.00000000	      0.00000000	      0.00000000	   -609.15469359	  -2764.55441795	   1041.40696989	     -0.05963653	     -0.05573557	      0.06170544	      0.00000000	      0.00000000	      0.00000000	   -239.22331953	  -1663.78006009	     45.69025518	    -11.97893834	     -1.20293310	    -10.66564924	     -0.00824526	     -0.00360284	     -0.00125501	     95.28232225	     -4.90618080	    -18.11567019	     -1.16108089	      0.46031327	     -2.25809896	      0.00000000	      0.00000000	      0.00000000	   -244.40679061	  -2105.55735868	     43.97781708	     12.67131628	     -7.75510607	      0.02250608	      0.00000000	      0.00000000	      0.00000000	   -244.29546826	  -2106.52108924	     44.02760148	      1.02997372	     -8.54143320	   -101.36835112	      0.00000000	      0.00000000	      0.00000000	     60.43002338	     -9.54480980	      6.04715037	     -0.09663847	     -0.46875295	      0.06752065	      0.00000000	      0.00000000	      0.00000000	    -14.41204098	    122.18525133	      0.69861352	     -0.00000000	     -0.00000000	     -0.00000000	      0.00000000	      0.00000000	      0.00000000	      0.05428814	     44.03836006	     -0.32718147	      0.11559002	     -0.09218861	      0.15844297	     -0.00824526	     -0.00360284	      0.00125501	      0.04675290	      0.73441247	     -0.01411862	     -0.00037165	      0.00006040	      0.00003629	      0.00000000	      0.00000000	      0.00000000	     -1.56046992	      9.46312791	      0.43882386	      0.02697903	     -0.11030051	      0.01671033	      0.00000000	      0.00000000	      0.00000000	     -1.61542232	      8.41827196	      0.48213026	      0.00085837	     -0.13789905	      0.61171058	      0.00000000	      0.00000000	      0.00000000	     -0.78289508	     -0.16593342	      0.30153611	      0.00572730	     -0.02471288	     -0.06446273	      0.00000000	      0.00000000	      0.00000000	     61.13393634	    357.56369459	    -35.64297518	     -0.00000000	     -0.00000000	      0.00000000	      0.00000000	      0.00000000	      0.00000000	     16.61748332	     37.29648159	     -7.08954109	      2.42790213	      0.13162394	      6.49675884	      0.00000000	      0.00000000	      0.00000000	     11.53161464	     16.86878549	     -4.52728009	      0.72728838	      0.15525884	      2.42547180	      0.00000000	      0.00000000	      0.00000000	      7.89772188	     10.63547096	     -3.06004403	      0.67876010	      0.02692385	      1.86574037	      0.00000000	      0.00000000	      0.00000000	      4.13016280	      4.52166908	     -1.55467568	      0.11012263	      0.00039579	      0.30068601	      0.00000000	      0.00000000	      0.00000000	     15.65527064	     43.82316568	     -7.07494375	      2.71224944	     -0.08841298	      6.23163652	      0.00000000	      0.00000000	      0.00000000	     11.08703580	     19.88436169	     -4.52053556	      1.26790779	     -0.22065084	      2.31399860	      0.00000000	      0.00000000	      0.00000000	      7.60199166	     12.64140763	     -3.05555762	      0.77645587	     -0.05384213	      1.79285260	      0.00000000	      0.00000000	      0.00000000	      3.99949044	      5.40801910	     -1.55269330	      0.10998764	      0.00039579	      0.29178788	      0.00000000	      0.00000000	      0.00000000
      1.62000000	      0.00000000	     -0.00000000	      0.00000000	     -0.00000000	     -0.00000000	      0.00000000	      0.00000000	      0.00000000	      0.00000000	   -685.41375110	  -2936.90562708	   1080.22074752	     -0.06011012	     -0.05420885	      0.06590790	      0.00000000	      0.00000000	      0.00000000	   -255.12276046	  -1748.85871640	     46.51248735	    -12.58836301	     -0.78540406	    -11.09103797	     -0.00824526	     -0.00360284	     -0.00125501	    101.15557305	     -5.66005441	    -18.13400524	     -1.19369917	      0.47328359	     -2.39066395	      0.00000000	      0.00000000	      0.00000000	   -295.81568529	  -2266.93564445	     42.15346815	     13.37663200	     -8.16130429	      0.02420341	      0.00000000	      0.00000000	      0.00000000	   -295.79787577	  -2267.84205754	     42.14418777	      0.59134533	     -8.52053708	   -107.54264355	      0.00000000	      0.00000000	      0.00000000	     62.69066335	    -11.52471119	      5.88020714	     -0.13962967	     -0.54555382	      0.00458361	      0.00000000	      0.00000000	      0.00000000	    -20.95186951	    129.35904444	     -0.08642227	     -0.00000000	     -0.00000000	      0.00000000	      0.00000000	      0.00000000	      0.00000000	      1.20497637	     44.93828800	     -0.21834416	      0.02624366	     -0.13605640	      0.18304154	     -0.00824526	     -0.00360284	      0.00125501	      0.08353453	      0.77450686	     -0.02513452	     -0.00066265	      0.00009148	     -0.00068566	      0.00000000	      0.00000000	      0.00000000	     -1.71147606	      9.31370504	      0.66861843	      0.02099092	     -0.14083060	      0.02277873	      0.00000000	      0.00000000	      0.00000000	     -1.72649718	      8.28672874	      0.71108046	      0.00655366	     -0.17961065	      0.61418369	      0.00000000	      0.00000000	      0.00000000	     -0.70713246	     -0.16390364	      0.38077351	      0.00559693	     -0.02699539	     -0.06285509	      0.00000000	      0.00000000	      0.00000000	     80.86757565	    383.77178327	    -37.72647420	      0.00000000	      0.00000000	      0.00000000	      0.00000000	      0.00000000	      0.00000000	     21.01570990	     40.37321102	     -7.50864399	      2.56822725	      0.16080662	      8.15051153	      0.00000000	      0.00000000	      0.00000000	     14.46178915	     18.26883308	     -4.79412273	      0.76442567	      0.20134948	      3.05654249	      0.00000000	      0.00000000	      0.00000000	      9.89255616	     11.50931323	     -3.24037523	      0.71774348	      0.03632510	      2.34063227	      0.00000000	      0.00000000	      0.00000000	      5.15978276	      4.88771791	     -1.64619844	      0.11660380	      0.00041968	      0.37535765	      0.00000000	      0.00000000	      0.00000000	     19.99853107	     47.28081327	     -7.48438921	      2.87257534	     -0.11506327	      7.87025899	      0.00000000	      0.00000000	      0.00000000	     13.99181386	     21.46040795	     -4.78291610	      1.34746140	     -0.27057198	      2.93867256	      0.00000000	      0.00000000	      0.00000000	      9.57993244	     13.63232278	     -3.23292067	      0.82258225	     -0.06481693	      2.26357025	      0.00000000	      0.00000000	      0.00000000	      5.02164578	      5.82579816	     -1.64290455	      0.11637950	      0.00041968	      0.36595121	      0.00000000	      0.00000000	      0.00000000
      1.63000000	     -0.00000000	     -0.00000000	      0.00000000	      0.00000000	      0.00000000	     -0.00000000	      0.00000000	      0.00000000	      0.00000000	   -756.20802020	  -3103.72622379	   1109.19022804	     -0.06024380	     -0.05092090	      0.06889528	      0.00000000	      0.00000000	      0.00000000	   -272.60296601	  -1849.22926969	     45.70039614	    -12.91543248	     -0.12343110	    -11.58018637	     -0.00824526	     -0.00360284	     -0.00125501	    112.25675749	     -7.06098195	    -18.33845894	     -1.26293220	      0.50300904	     -2.63112286	      0.00000000	      0.00000000	      0.00000000	   -349.34678293	  -2439.67230558	     40.11322415	     14.25769192	     -8.45498580	      0.06369301	      0.00000000	      0.00000000	      0.00000000	   -349.35723902	  -2440.53269093	     40.06850731	      0.24683942	     -8.35979895	   -114.21044741	      0.00000000	      0.00000000	      0.00000000	     65.17974855	    -12.77698096	      5.82817745	     -0.17380469	     -0.63998424	     -0.00654426	      0.00000000	      0.00000000	      0.00000000	    -27.64061508	    135.77066219	     -0.43353167	      0.00000000	     -0.00000000	      0.00000000	      0.00000000	      0.00000000	      0.00000000	      2.28047821	     45.91881902	     -0.14606477	     -0.07343616	     -0.18080711	      0.20846116	     -0.00824526	     -0.00360284	      0.00125501	      0.11071442	      0.81228597	     -0.03936861	     -0.00103726	      0.00013054	     -0.00114429	      0.00000000	      0.00000000	      0.00000000	     -1.95037439	      9.28409077	      0.93199230	      0.01614415	     -0.17321528	      0.02905435	      0.00000000	      0.00000000	      0.00000000	     -1.93820348	      8.26702737	      0.97004735	      0.01386449	     -0.22558707	      0.62862529	      0.00000000	      0.00000000	      0.00000000	     -0.70573217	     -0.14592248	      0.46047801	      0.00558288	     -0.03047924	     -0.06086260	      0.00000000	      0.00000000	      0.00000000	    101.22001404	    410.22983405	    -40.82849983	     -0.00000000	     -0.00000000	     -0.00000000	      0.00000000	      0.00000000	      0.00000000	     25.55460227	     43.40333500	     -8.11972846	      2.77842945	      0.19139568	      9.85541589	      0.00000000	      0.00000000	      0.00000000	     17.48201596	     19.65181930	     -5.18454314	      0.82848878	      0.24793196	      3.70731219	      0.00000000	      0.00000000	      0.00000000	     11.94856597	     12.37112547	     -3.50420612	      0.77655673	      0.04565373	      2.83014452	      0.00000000	      0.00000000	      0.00000000	      6.22060171	      5.24878396	     -1.78024377	      0.12609977	      0.00045632	      0.45228952	      0.00000000	      0.00000000	      0.00000000	     24.45692457	     50.88911440	     -8.10301388	      3.10820104	     -0.14188142	      9.55304210	      0.00000000	      0.00000000	      0.00000000	     16.97484713	     23.11053399	     -5.17682037	      1.45638054	     -0.32282885	      3.58000168	      0.00000000	      0.00000000	      0.00000000	     11.61120141	     14.67183424	     -3.49906900	      0.88985598	     -0.07647241	      2.74694268	      0.00000000	      0.00000000	      0.00000000	      6.07153265	      6.26538299	     -1.77797386	      0.12594520	      0.00045632	      0.44213866	      0.00000000	      0.00000000	      0.00000000
      1.64000000	      0.00000000	     -0.00000000	     -0.00000000	     -0.00000000	      0.00000000	      0.00000000	      0.00000000	      0.00000000	      0.00000000	   -810.25501931	  -3248.26203526	   1125.73943001	     -0.06044181	     -0.05329108	      0.07260919	      0.00000000	      0.00000000	      0.00000000	   -290.46813090	  -1951.40481057	     42.88808209	    -12.99710575	      0.73906348	    -12.03862193	     -0.00824526	     -0.00360284	     -0.00125501	    126.54255464	     -9.30415677	    -17.16962391	     -1.30581147	      0.51320421	     -2.92758031	      0.00000000	      0.00000000	      0.00000000	   -395.98516678	  -2620.62359842	     37.71266982	     15.23007918	     -8.54285538	      0.14825163	      0.00000000	      0.00000000	      0.00000000	   -396.06158615	  -2621.46308454	     37.65086607	     -0.07701584	     -8.01988363	   -121.60041100	      0.00000000	      0.00000000	      0.00000000	     69.07850435	    -14.21009727	      5.85657069	     -0.20862890	     -0.74072584	     -0.02229230	      0.00000000	      0.00000000	      0.00000000	    -34.22802148	    141.22301657	      0.06595549	      0.00000000	      0.00000000	      0.00000000	      0.00000000	      0.00000000	      0.00000000	      3.16266085	     47.14350428	     -0.22423740	     -0.10252774	     -0.21513862	      0.22775638	     -0.00824526	     -0.00360284	      0.00125501	      0.14089051	      0.83966564	     -0.04868054	     -0.00128088	      0.00015872	     -0.00177245	      0.00000000	      0.00000000	      0.00000000	     -2.15685579	      9.43261365	      1.08894343	      0.01255381	     -0.19919297	      0.03405648	      0.00000000	      0.00000000	      0.00000000	     -2.12223105	      8.40350137	      1.13114733	      0.01702972	     -0.25983288	      0.65023334	      0.00000000	      0.00000000	      0.00000000	     -0.70786180	     -0.13863336	      0.53114082	      0.00538985	     -0.03378595	     -0.06070987	      0.00000000	      0.00000000	      0.00000000	    122.17607888	    433.55229287	    -45.04906514	      0.00000000	      0.00000000	      0.00000000	      0.00000000	      0.00000000	      0.00000000	     30.20590592	     45.98261376	     -8.95691360	      3.07106915	      0.22318169	     11.59680716	      0.00000000	      0.00000000	      0.00000000	     20.56596358	     20.82764544	     -5.71714229	      0.92620152	      0.29439565	      4.37300625	      0.00000000	      0.00000000	      0.00000000	     14.04704573	     13.09894782	     -3.86401253	      0.85858223	      0.05474691	      3.33003851	      0.00000000	      0.00000000	      0.00000000	      7.30202937	      5.55124409	     -1.96278901	      0.13902775	      0.00050534	      0.53069050	      0.00000000	      0.00000000	      0.00000000	     28.99673863	     54.27076672	     -8.93240857	      3.41933864	     -0.16855471	     11.26379875	      0.00000000	      0.00000000	      0.00000000	     20.00728231	     24.65708723	     -5.70582003	      1.59289088	     -0.37695376	      4.23261495	      0.00000000	      0.00000000	      0.00000000	     13.67541551	     15.64626123	     -3.85648106	      0.97845434	     -0.08871107	      3.23833104	      0.00000000	      0.00000000	      0.00000000	      7.13781958	      6.67680868	     -1.95946113	      0.13880113	      0.00050534	      0.51950863	      0.00000000	      0.00000000	      0.00000000
      1.65000000	      0.00000000	     -0.00000000	     -0.00000000	      0.00000000	     -0.00000000	     -0.00000000	      0.00000000	      0.00000000	      0.00000000	   -842.25182266	  -3370.74900198	   1122.89979713	     -0.06013781	     -0.05729905	      0.07482421	      0.00000000	      0.00000000	      0.00000000	   -305.19475387	  -2051.66869540	     38.69488861	    -12.90904573	      1.66721443	    -12.48235830	     -0.00824526	     -0.00360284	     -0.00125501	    145.92677501	    -13.03944228	    -14.09304410	     -1.32455514	      0.50195943	     -3.29917135	      0.00000000	      0.00000000	      0.00000000	   -451.85284590	  -2789.59736591	     34.18518313	     16.15242329	     -8.71977382	      0.21295961	      0.00000000	      0.00000000	      0.00000000	   -451.93563283	  -2790.45477872	     34.14849325	     -0.42235873	     -7.64439947	   -127.95599314	      0.00000000	      0.00000000	      0.00000000	     73.36217029	    -14.87401601	      6.10902371	     -0.23037710	     -0.85276238	      0.00944258	      0.00000000	      0.00000000	      0.00000000	    -40.50822165	    145.13329663	      0.42100193	     -0.00000000	      0.00000000	      0.00000000	      0.00000000	      0.00000000	      0.00000000	      3.96371582	     48.29077178	     -0.27862328	     -0.12926531	     -0.24552909	      0.24567135	     -0.00824526	     -0.00360284	      0.00125501	      0.17012297	      0.85635496	     -0.05644555	     -0.00148375	      0.00018211	     -0.00242376	      0.00000000	      0.00000000	      0.00000000	     -2.47208661	      9.67777029	      1.23584215	      0.00983894	     -0.22306650	      0.03859074	      0.00000000	      0.00000000	      0.00000000	     -2.41906494	      8.62924069	      1.28143235	      0.02000965	     -0.29238599	      0.68241507	      0.00000000	      0.00000000	      0.00000000	     -0.76154326	     -0.12051293	      0.59644059	      0.00524556	     -0.03770652	     -0.06041305	      0.00000000	      0.00000000	      0.00000000	    140.86645588	    453.27138063	    -48.32839823	      0.00000000	      0.00000000	      0.00000000	      0.00000000	      0.00000000	      0.00000000	     34.35038965	     48.22020637	     -9.62494699	      3.30465030	      0.25122127	     13.14788121	      0.00000000	      0.00000000	      0.00000000	     23.31344934	     21.84307566	     -6.14382819	      1.00353209	      0.33614133	      4.96619485	      0.00000000	      0.00000000	      0.00000000	     15.91646960	     13.72740308	     -4.15259930	      0.92424652	      0.06297714	      3.77538408	      0.00000000	      0.00000000	      0.00000000	      8.26533834	      5.81155691	     -2.10946122	      0.14941484	      0.00053692	      0.60049948	      0.00000000	      0.00000000	      0.00000000	     33.04598869	     57.07425912	     -9.57905684	      3.66414248	     -0.19263255	     12.78848595	      0.00000000	      0.00000000	      0.00000000	     22.71076650	     25.93398466	     -6.12262520	      1.70144752	     -0.42479348	      4.81505632	      0.00000000	      0.00000000	      0.00000000	     15.51556989	     16.44864235	     -4.13849524	      1.04862542	     -0.09946935	      3.67656726	      0.00000000	      0.00000000	      0.00000000	      8.08819543	      7.01397298	     -2.10322915	      0.14899047	      0.00053692	      0.58843693	      0.00000000	      0.00000000	      0.00000000
      1.66000000	     -0.00000000	      0.00000000	      0.00000000	      0.00000000	      0.00000000	     -0.00000000	      0.00000000	      0.00000000	      0.00000000	   -857.83228519	  -3469.76856476	   1112.18306171	     -0.05854569	     -0.05682895	      0.07388943	      0.00000000	      0.00000000	      0.00000000	   -315.24507883	  -2149.82848413	     31.89840703	    -12.48856586	      2.69443399	    -12.88883124	     -0.00824526	     -0.00360284	     -0.00125501	    170.97678660	    -18.04098443	     -9.72940925	     -1.34346505	      0.48510817	     -3.76863054	      0.00000000	      0.00000000	      0.00000000	   -492.92147452	  -2946.73588230	     29.86268833	     16.69913256	     -8.71623509	      0.26840061	      0.00000000	      0.00000000	      0.00000000	   -493.00112400	  -2947.60369980	     29.87975463	     -1.10241137	     -7.14446063	   -134.39218658	      0.00000000	      0.00000000	      0.00000000	     78.24870120	    -15.43899591	      6.38893453	     -0.24614516	     -0.94418205	      0.04564947	      0.00000000	      0.00000000	      0.00000000	    -46.38074433	    146.20293284	      1.40980724	     -0.00000000	     -0.00000000	      0.00000000	      0.00000000	      0.00000000	      0.00000000	      4.62941134	     48.87805239	     -0.43560128	     -0.11803039	     -0.26561984	      0.25680264	     -0.00824526	     -0.00360284	      0.00125501	      0.19768444	      0.85482902	     -0.06182879	     -0.00162329	      0.00019881	     -0.00309978	      0.00000000	      0.00000000	      0.00000000	     -2.77564172	      9.87132528	      1.30467670	      0.00955061	     -0.23734501	      0.04115941	      0.00000000	      0.00000000	      0.00000000	     -2.70895158	      8.80831198	      1.35428280	      0.02171630	     -0.31144583	      0.70962693	      0.00000000	      0.00000000	      0.00000000	     -0.82686275	     -0.10288614	      0.63553015	      0.00527299	     -0.04058022	     -0.05989272	      0.00000000	      0.00000000	      0.00000000	    156.75615884	    468.17651538	    -52.10252996	     -0.00000000	     -0.00000000	     -0.00000000	      0.00000000	      0.00000000	      0.00000000	     37.86067349	     49.82336077	    -10.36750749	      3.56780629	      0.27541824	     14.45831302	      0.00000000	      0.00000000	      0.00000000	     25.63362806	     22.57360233	     -6.61911841	      1.09553472	      0.37046972	      5.46779219	      0.00000000	      0.00000000	      0.00000000	     17.49468923	     14.17617471	     -4.47387999	      0.99843044	      0.06956704	      4.15151126	      0.00000000	      0.00000000	      0.00000000	      9.07782478	      5.99632247	     -2.27281952	      0.16098861	      0.00057819	      0.65938180	      0.00000000	      0.00000000	      0.00000000	     36.45315206	     59.37275246	    -10.33437820	      3.94445743	     -0.21226228	     14.07049700	      0.00000000	      0.00000000	      0.00000000	     24.98329964	     26.98578437	     -6.60381143	      1.82039280	     -0.46602665	      5.30472179	      0.00000000	      0.00000000	      0.00000000	     17.06209608	     17.11112218	     -4.46369791	      1.12827330	     -0.10890446	      4.04488844	      0.00000000	      0.00000000	      0.00000000	      8.88667769	      7.29316838	     -2.26832042	      0.16068224	      0.00057819	      0.64636564	      0.00000000	      0.00000000	      0.00000000
      1.67000000	     -0.00000000	      0.00000000	      0.00000000	     -0.00000000	      0.00000000	      0.00000000	      0.00000000	      0.00000000	      0.00000000	   -853.87689833	  -3525.68370794	   1086.98855120	     -0.05556801	     -0.04730240	      0.06890157	      0.00000000	      0.00000000	      0.00000000	   -319.60492518	  -2234.48639793	     23.42592056	    -11.52921266	      3.79278422	    -13.17912823	     -0.00824526	     -0.00360284	     -0.00125501	    200.63671732	    -24.01148462	     -4.32895658	     -1.36656470	      0.46414641	     -4.33095653	      0.00000000	      0.00000000	      0.00000000	   -521.55235072	  -3074.72741660	     24.94098371	     17.21831910	     -8.57565636	      0.34307962	      0.00000000	      0.00000000	      0.00000000	   -521.66259655	  -3075.63951800	     25.01169006	     -1.64845541	     -6.55446804	   -139.83831986	      0.00000000	      0.00000000	      0.00000000	     82.75981170	    -15.72880660	      6.72780366	     -0.25361745	     -1.01448837	      0.08223862	      0.00000000	      0.00000000	      0.00000000	    -51.63869256	    145.30356033	      2.85515817	      0.00000000	     -0.00000000	      0.00000000	      0.00000000	      0.00000000	      0.00000000	      5.08384544	     49.31284298	     -0.67235290	     -0.09506880	     -0.28024139	      0.26459221	     -0.00824526	     -0.00360284	      0.00125501	      0.22274581	      0.83966000	     -0.06764629	     -0.00177339	      0.00021393	     -0.00379430	      0.00000000	      0.00000000	      0.00000000	     -3.09308337	     10.13393436	      1.37183848	      0.00837698	     -0.25050290	      0.04362386	      0.00000000	      0.00000000	      0.00000000	     -3.02206810	      9.05043475	      1.42549651	      0.02247496	     -0.32982556	      0.74169936	      0.00000000	      0.00000000	      0.00000000	     -0.92695879	     -0.08016484	      0.67332009	      0.00502563	     -0.04402835	     -0.05937239	      0.00000000	      0.00000000	      0.00000000	    170.21754564	    475.81023425	    -56.37019066	      0.00000000	      0.00000000	     -0.00000000	      0.00000000	      0.00000000	      0.00000000	     40.79674191	     50.53624736	    -11.21423866	      3.87057954	      0.29614951	     15.54781084	      0.00000000	      0.00000000	      0.00000000	     27.56161693	     22.90443308	     -7.15824060	      1.20701732	      0.39781993	      5.88599313	      0.00000000	      0.00000000	      0.00000000	     18.80508557	     14.37242710	     -4.83809876	      1.08373912	      0.07458550	      4.46412371	      0.00000000	      0.00000000	      0.00000000	      9.75095769	      6.07443005	     -2.45764519	      0.17407867	      0.00062972	      0.70813769	      0.00000000	      0.00000000	      0.00000000	     39.28000154	     60.89059266	    -11.17619675	      4.25351457	     -0.22780337	     15.13001881	      0.00000000	      0.00000000	      0.00000000	     26.86082522	     27.68853428	     -7.14066379	      1.94625007	     -0.50116062	      5.71004084	      0.00000000	      0.00000000	      0.00000000	     18.33892464	     17.55477216	     -4.82640681	      1.21589199	     -0.11711015	      4.34914376	      0.00000000	      0.00000000	      0.00000000	      9.54497823	      7.48059190	     -2.45247895	      0.17372688	      0.00062972	      0.69411152	      0.00000000	      0.00000000	      0.00000000
      1.68000000	      0.00000000	     -0.00000000	     -0.00000000	      0.00000000	     -0.00000000	      0.00000000	      0.00000000	      0.00000000	      0.00000000	   -827.57862316	  -3537.22936589	   1051.00855512	     -0.05103885	     -0.02862917	      0.06072742	      0.00000000	      0.00000000	      0.00000000	   -314.96461623	  -2299.31901661	     12.59233011	     -9.94292331	      4.82389988	    -13.32181463	     -0.00824526	     -0.00360284	     -0.00125501	    234.84742865	    -30.79705511	      1.84911328	     -1.40655201	      0.44646075	     -4.99832351	      0.00000000	      0.00000000	      0.00000000	   -533.58506068	  -3162.08429251	     19.08547786	     17.51659183	     -8.31278269	      0.41447480	      0.00000000	      0.00000000	      0.00000000	   -533.73871517	  -3163.05124076	     19.20019247	     -2.19397106	     -5.89757564	   -143.90616798	      0.00000000	      0.00000000	      0.00000000	     86.12569290	    -15.31929884	      7.09666702	     -0.24735523	     -1.06027294	      0.13923182	      0.00000000	      0.00000000	      0.00000000	    -56.00658216	    141.21019044	      4.88288670	      0.00000000	     -0.00000000	      0.00000000	      0.00000000	      0.00000000	      0.00000000	      5.32288799	     48.97852100	     -1.01571699	      0.00805353	     -0.27595179	      0.25904015	     -0.00824526	     -0.00360284	      0.00125501	      0.24464397	      0.80567350	     -0.06603280	     -0.00172761	      0.00021091	     -0.00447766	      0.00000000	      0.00000000	      0.00000000	     -3.38215578	     10.28009326	      1.26368530	      0.01133488	     -0.24607541	      0.04251971	      0.00000000	      0.00000000	      0.00000000	     -3.31041337	      9.18716905	      1.32706629	      0.01937525	     -0.32183823	      0.76296749	      0.00000000	      0.00000000	      0.00000000	     -1.02790351	     -0.06050818	      0.66843967	      0.00487938	     -0.04565109	     -0.05859542	      0.00000000	      0.00000000	      0.00000000	    178.79902323	    478.10556165	    -61.28628184	      0.00000000	      0.00000000	     -0.00000000	      0.00000000	      0.00000000	      0.00000000	     42.68271452	     50.49432891	    -12.18452193	      4.22175119	      0.31045494	     16.24148735	      0.00000000	      0.00000000	      0.00000000	     28.78798248	     22.88225421	     -7.77877812	      1.34135947	      0.41294257	      6.15314667	      0.00000000	      0.00000000	      0.00000000	     19.63786732	     14.34581686	     -5.25760881	      1.18316166	      0.07687747	      4.66301778	      0.00000000	      0.00000000	      0.00000000	     10.17733680	      6.05718577	     -2.67091829	      0.18918770	      0.00067907	      0.73898153	      0.00000000	      0.00000000	      0.00000000	     41.02432496	     61.75485586	    -12.15490410	      4.60970169	     -0.23619531	     15.78456604	      0.00000000	      0.00000000	      0.00000000	     28.02174345	     28.08504579	     -7.76509356	      2.08653487	     -0.52524074	      5.96097907	      0.00000000	      0.00000000	      0.00000000	     19.12817137	     17.80667133	     -5.24850595	      1.31675817	     -0.12311196	      4.53737925	      0.00000000	      0.00000000	      0.00000000	      9.95212081	      7.58641074	     -2.66689607	      0.18891381	      0.00067907	      0.72364545	      0.00000000	      0.00000000	      0.00000000
      1.69000000	     -0.00000000	      0.00000000	     -0.00000000	      0.00000000	     -0.00000000	      0.00000000	      0.00000000	      0.00000000	      0.00000000	   -778.95550236	  -3492.68963439	   1000.46505225	     -0.04517810	     -0.00498056	      0.05041087	      0.00000000	      0.00000000	      0.00000000	   -299.66363335	  -2331.31030981	      0.20010438	     -8.05957759	      5.68333273	    -13.25201353	     -0.00824526	     -0.00360284	     -0.00125501	    271.57618572	    -37.99666102	      9.07937600	     -1.44252590	      0.42126768	     -5.75509270	      0.00000000	      0.00000000	      0.00000000	   -519.98044053	  -3203.91621101	     14.19624560	     17.64371823	     -7.93698848	      0.48509714	      0.00000000	      0.00000000	      0.00000000	   -520.16309229	  -3205.03244029	     14.36656564	     -2.56743849	     -5.34428308	   -146.76320202	      0.00000000	      0.00000000	      0.00000000	     88.95192211	    -14.20153733	      7.55702798	     -0.22590904	     -1.08200875	      0.21575859	      0.00000000	      0.00000000	      0.00000000	    -59.94322759	    134.32476293	      8.17281911	     -0.00000000	      0.00000000	     -0.00000000	      0.00000000	      0.00000000	      0.00000000	      5.43905431	     47.72399759	     -1.59390089	      0.28197962	     -0.24557917	      0.23130758	     -0.00824526	     -0.00360284	      0.00125501	      0.26416178	      0.75594527	     -0.04896259	     -0.00127415	      0.00017833	     -0.00512728	      0.00000000	      0.00000000	      0.00000000	     -3.60171834	     10.18849092	      0.81327664	      0.02232932	     -0.21337476	      0.03552859	      0.00000000	      0.00000000	      0.00000000	     -3.52366901	      9.10637546	      0.90315284	      0.00873691	     -0.26786540	      0.76199418	      0.00000000	      0.00000000	      0.00000000	     -1.08452299	     -0.05778628	      0.59858175	      0.00501141	     -0.04394775	     -0.05780622	      0.00000000	      0.00000000	      0.00000000	    183.20557051	    473.51480751	    -66.68593167	     -0.00000000	      0.00000000	     -0.00000000	      0.00000000	      0.00000000	      0.00000000	     43.63466022	     49.57936635	    -13.25138846	      4.61099856	      0.31905225	     16.58179970	      0.00000000	      0.00000000	      0.00000000	     29.38802617	     22.46572528	     -8.46146584	      1.49485108	      0.41725909	      6.28591363	      0.00000000	      0.00000000	      0.00000000	     20.04406008	     14.07130764	     -5.71912054	      1.29356309	      0.07678816	      4.76047196	      0.00000000	      0.00000000	      0.00000000	     10.38311000	      5.93574808	     -2.90556834	      0.20581153	      0.00073685	      0.75381073	      0.00000000	      0.00000000	      0.00000000	     41.82692888	     61.82731640	    -13.23341318	      4.99914286	     -0.23826304	     16.08368280	      0.00000000	      0.00000000	      0.00000000	     28.55278556	     28.12474387	     -8.45316057	      2.23533651	     -0.53945076	      6.07653585	      0.00000000	      0.00000000	      0.00000000	     19.48846484	     17.83564060	     -5.71359595	      1.42685739	     -0.12710452	      4.62355416	      0.00000000	      0.00000000	      0.00000000	     10.13761279	      7.59906909	     -2.90312722	      0.20564530	      0.00073685	      0.73709360	      0.00000000	      0.00000000	      0.00000000
      1.70000000	     -0.00000000	      0.00000000	      0.00000000	      0.00000000	      0.00000000	     -0.00000000	      0.00000000	      0.00000000	      0.00000000	   -716.58789425	  -3389.00112708	    940.91023311	     -0.03799509	      0.02537326	      0.03723441	      0.00000000	      0.00000000	      0.00000000	   -270.31780390	  -2316.86020129	    -13.61031220	     -5.79495233	      6.52533309	    -12.80383792	     -0.00824526	     -0.00360284	     -0.00125501	    311.18977243	    -45.40354783	     17.70993911	     -1.47379243	      0.39051562	     -6.65467324	      0.00000000	      0.00000000	      0.00000000	   -498.19977530	  -3180.19157382	      8.70906299	     17.39709060	     -7.45232319	      0.53517707	      0.00000000	      0.00000000	      0.00000000	   -498.25231867	  -3181.49910453	      8.97737608	     -2.91118571	     -4.70455981	   -146.56106899	      0.00000000	      0.00000000	      0.00000000	     89.87597931	    -11.12646861	      7.86179884	     -0.17249410	     -1.06490172	      0.38467687	      0.00000000	      0.00000000	      0.00000000	    -63.32332122	    125.47817174	     10.89166104	      0.00000000	      0.00000000	     -0.00000000	      0.00000000	      0.00000000	      0.00000000	      5.49483638	     46.14364444	     -2.04563001	      0.44063249	     -0.22089252	      0.20886720	     -0.00824526	     -0.00360284	      0.00125501	      0.27970064	      0.69342481	     -0.04499897	     -0.00116599	      0.00017045	     -0.00573315	      0.00000000	      0.00000000	      0.00000000	     -3.80922530	     10.11755271	      0.57588923	      0.02721011	     -0.19167638	      0.03114862	      0.00000000	      0.00000000	      0.00000000	     -3.73290495	      9.04696054	      0.67676098	      0.00246105	     -0.23611929	      0.76441005	      0.00000000	      0.00000000	      0.00000000	     -1.16153251	     -0.04462560	      0.55154389	      0.00456557	     -0.04332688	     -0.05632124	      0.00000000	      0.00000000	      0.00000000	    184.64958619	    461.69866825	    -71.76821969	     -0.00000000	     -0.00000000	     -0.00000000	      0.00000000	      0.00000000	      0.00000000	     43.89371069	     47.83902971	    -14.26133461	      4.98180422	      0.32299697	     16.65811745	      0.00000000	      0.00000000	      0.00000000	     29.51987748	     21.67569789	     -9.10589540	      1.64547587	      0.41416022	      6.31859600	      0.00000000	      0.00000000	      0.00000000	     20.13084945	     13.56187716	     -6.15466165	      1.39874602	      0.07517772	      4.78206580	      0.00000000	      0.00000000	      0.00000000	     10.42323948	      5.71506079	     -3.12678855	      0.22148073	      0.00079294	      0.75661400	      0.00000000	      0.00000000	      0.00000000	     41.94787340	     61.02601081	    -14.23970519	      5.35977326	     -0.23605524	     16.12195181	      0.00000000	      0.00000000	      0.00000000	     28.62082668	     27.76858453	     -9.09590178	      2.36860065	     -0.54564506	      6.09321046	      0.00000000	      0.00000000	      0.00000000	     19.53280820	     17.61481560	     -6.14801398	      1.52867715	     -0.12932134	      4.63468350	      0.00000000	      0.00000000	      0.00000000	     10.15898693	      7.50590600	     -3.12385119	      0.22128071	      0.00079294	      0.73861972	      0.00000000	      0.00000000	      0.00000000
      1.71000000	     -0.00000000	      0.00000000	      0.00000000	     -0.00000000	      0.00000000	     -0.00000000	      0.00000000	      0.00000000	      0.00000000	   -636.21369687	  -3230.24129759	    873.79280725	     -0.02944565	      0.07078334	      0.02009082	      0.00000000	      0.00000000	      0.00000000	   -231.16053057	  -2257.73834765	    -27.69514112	     -3.45210702	      7.02817952	    -12.09178474	     -0.00824526	     -0.00360284	     -0.00125501	    349.09738257	    -51.28436243	     26.24521947	     -1.49697832	      0.36343937	     -7.64028753	      0.00000000	      0.00000000	      0.00000000	   -439.36135419	  -3095.67469647	      5.86187740	     16.95133842	     -6.79222577	      0.59408667	      0.00000000	      0.00000000	      0.00000000	   -439.37575080	  -3097.11680108	      6.21423445	     -2.93245597	     -4.26785918	   -144.83063544	      0.00000000	      0.00000000	      0.00000000	     88.76272461	     -7.98506712	      8.16383833	     -0.11517909	     -1.01350179	      0.52685277	      0.00000000	      0.00000000	      0.00000000	    -66.00401293	    113.65019760	     14.23289762	      0.00000000	     -0.00000000	      0.00000000	      0.00000000	      0.00000000	      0.00000000	      5.47232909	     43.61087880	     -2.61363988	      0.70629171	     -0.17262147	      0.16676748	     -0.00824526	     -0.00360284	      0.00125501	      0.29112506	      0.61452895	     -0.03150089	     -0.00080676	      0.00014676	     -0.00626269	      0.00000000	      0.00000000	      0.00000000	     -3.98682684	      9.82702864	      0.09872356	      0.03735092	     -0.14617307	      0.02197361	      0.00000000	      0.00000000	      0.00000000	     -3.91048886	      8.78868378	      0.21904674	     -0.00912981	     -0.16856753	      0.74879426	      0.00000000	      0.00000000	      0.00000000	     -1.22009032	     -0.03877163	      0.44775436	      0.00420649	     -0.04000198	     -0.05423044	      0.00000000	      0.00000000	      0.00000000	    180.39263278	    442.97152880	    -76.16192746	     -0.00000000	     -0.00000000	     -0.00000000	      0.00000000	      0.00000000	      0.00000000	     42.88703501	     45.28319710	    -15.13644305	      5.30630344	      0.31850275	     16.25910776	      0.00000000	      0.00000000	      0.00000000	     28.80941781	     20.51288782	     -9.66305351	      1.78266112	      0.39789841	      6.16972449	      0.00000000	      0.00000000	      0.00000000	     19.64428628	     12.81991339	     -6.53117134	      1.49090304	      0.07089861	      4.66713539	      0.00000000	      0.00000000	      0.00000000	     10.16754400	      5.39685803	     -3.31788930	      0.23501463	      0.00083983	      0.73797183	      0.00000000	      0.00000000	      0.00000000	     40.81872073	     59.29319111	    -15.10255101	      5.66549802	     -0.22626299	     15.68918134	      0.00000000	      0.00000000	      0.00000000	     27.85377798	     26.98603772	     -9.64739410	      2.47600587	     -0.53736700	      5.93017753	      0.00000000	      0.00000000	      0.00000000	     19.00860246	     17.12579985	     -6.52075483	      1.61480058	     -0.12833742	      4.51048556	      0.00000000	      0.00000000	      0.00000000	      9.88665858	      7.29947172	     -3.31328662	      0.23470121	      0.00083983	      0.71884493	      0.00000000	      0.00000000	      0.00000000
      1.72000000	      0.00000000	     -0.00000000	     -0.00000000	      0.00000000	     -0.00000000	      0.00000000	      0.00000000	      0.00000000	      0.00000000	   -551.82338036	  -3032.73181014	    801.23456571	     -0.02015956	      0.11906080	      0.00286884	      0.00000000	      0.00000000	      0.00000000	   -181.92642391	  -2149.38270716	    -41.27690245	     -1.16809226	      7.26114211	    -11.06898081	     -0.00824526	     -0.00360284	     -0.00125501	    385.88496273	    -55.27884866	     35.29781045	     -1.50864039	      0.32587989	     -8.76486270	      0.00000000	      0.00000000	      0.00000000	   -368.17441589	  -2948.14920844	      3.21581242	     16.15122969	     -6.13073023	      0.61490147	      0.00000000	      0.00000000	      0.00000000	   -368.11474835	  -2949.81817842	      3.61698779	     -2.88892531	     -3.92045028	   -140.35791946	      0.00000000	      0.00000000	      0.00000000	     87.50212708	     -4.37237811	      8.54584261	     -0.04589774	     -0.94075864	      0.67901444	      0.00000000	      0.00000000	      0.00000000	    -68.56031326	    100.68403597	     17.16999573	      0.00000000	      0.00000000	     -0.00000000	      0.00000000	      0.00000000	      0.00000000	      5.50430166	     40.19895666	     -3.12886141	      0.98932815	     -0.11921750	      0.11579532	     -0.00824526	     -0.00360284	      0.00125501	      0.30237148	      0.53085037	     -0.01325662	     -0.00032344	      0.00011853	     -0.00675650	      0.00000000	      0.00000000	      0.00000000	     -3.99550285	      9.19633720	     -0.45765046	      0.04835792	     -0.09235745	      0.01122833	      0.00000000	      0.00000000	      0.00000000	     -3.90714367	      8.22124387	     -0.31548820	     -0.02197904	     -0.08748723	      0.70404154	      0.00000000	      0.00000000	      0.00000000	     -1.17712553	     -0.04969045	      0.32357924	      0.00397394	     -0.03420098	     -0.05149749	      0.00000000	      0.00000000	      0.00000000	    174.99236143	    416.41878385	    -78.35211207	      0.00000000	     -0.00000000	      0.00000000	      0.00000000	      0.00000000	      0.00000000	     41.53993903	     42.05892135	    -15.56903794	      5.47445908	      0.31055118	     15.72874959	      0.00000000	      0.00000000	      0.00000000	     27.86675059	     19.05077834	     -9.94047149	      1.86405703	      0.38002348	      5.97181293	      0.00000000	      0.00000000	      0.00000000	     18.99878589	     11.89177181	     -6.71874052	      1.53923765	      0.06666937	      4.51463384	      0.00000000	      0.00000000	      0.00000000	      9.82915878	      5.00053500	     -3.41332292	      0.24177645	      0.00086410	      0.71330552	      0.00000000	      0.00000000	      0.00000000	     39.41272238	     56.46216325	    -15.54338268	      5.81453950	     -0.21565094	     15.14258205	      0.00000000	      0.00000000	      0.00000000	     26.88389562	     25.70562372	     -9.92861778	      2.51776141	     -0.52353611	      5.72546450	      0.00000000	      0.00000000	      0.00000000	     18.34499879	     16.31852061	     -6.71085553	      1.65634023	     -0.12577281	      4.35353036	      0.00000000	      0.00000000	      0.00000000	      9.54027418	      6.95655333	     -3.40983883	      0.24153920	      0.00086410	      0.69363392	      0.00000000	      0.00000000	      0.00000000
      1.73000000	      0.00000000	      0.00000000	     -0.00000000	     -0.00000000	     -0.00000000	     -0.00000000	      0.00000000	      0.00000000	      0.00000000	   -467.84007130	  -2809.55028987	    728.96331160	     -0.01001183	      0.16122940	     -0.01205516	      0.00000000	      0.00000000	      0.00000000	   -127.08595162	  -2002.89070600	    -54.45008463	      1.20812074	      7.38995059	     -9.78265397	     -0.00824526	     -0.00360284	     -0.00125501	    419.79568346	    -56.25439163	     44.51876207	     -1.50190258	      0.27577367	    -10.01359376	      0.00000000	      0.00000000	      0.00000000	   -286.25780319	  -2747.42868565	      0.23602656	     14.98464372	     -5.31016067	      0.62599149	      0.00000000	      0.00000000	      0.00000000	   -285.96287451	  -2749.28889795	      0.67304462	     -2.88116911	     -3.47002027	   -133.55392115	      0.00000000	      0.00000000	      0.00000000	     86.37098097	     -0.98844119	      8.89265542	      0.02372609	     -0.84269708	      0.82085215	      0.00000000	      0.00000000	      0.00000000	    -70.76043218	     87.45530080	     19.02977244	     -0.00000000	     -0.00000000	     -0.00000000	      0.00000000	      0.00000000	      0.00000000	      5.58960337	     36.86207704	     -3.43992536	      1.12454862	     -0.08064124	      0.07861398	     -0.00824526	     -0.00360284	      0.00125501	      0.31137865	      0.44590894	     -0.00953789	     -0.00022354	      0.00011830	     -0.00720456	      0.00000000	      0.00000000	      0.00000000	     -4.00053460	      8.63377507	     -0.74033550	      0.05257522	     -0.05703889	      0.00449878	      0.00000000	      0.00000000	      0.00000000	     -3.90663736	      7.71835081	     -0.59330631	     -0.02861034	     -0.03894815	      0.66696449	      0.00000000	      0.00000000	      0.00000000	     -1.15376718	     -0.04789963	      0.23937117	      0.00336900	     -0.03021610	     -0.04821036	      0.00000000	      0.00000000	      0.00000000	    168.46151162	    384.31103504	    -79.42836004	      0.00000000	     -0.00000000	      0.00000000	      0.00000000	      0.00000000	      0.00000000	     39.88965964	     38.28914186	    -15.77902460	      5.56374169	      0.29994636	     15.08117754	      0.00000000	      0.00000000	      0.00000000	     26.71597209	     17.33932878	    -10.07454716	      1.91820199	      0.35984125	      5.72987194	      0.00000000	      0.00000000	      0.00000000	     18.21093855	     10.80671024	     -6.80937657	      1.56528263	      0.06214652	      4.32845752	      0.00000000	      0.00000000	      0.00000000	      9.41659396	      4.53717870	     -3.45938560	      0.24503973	      0.00087290	      0.68325390	      0.00000000	      0.00000000	      0.00000000	     37.72776309	     52.89919800	    -15.75587359	      5.87843761	     -0.20377378	     14.48540242	      0.00000000	      0.00000000	      0.00000000	     25.71709369	     24.08973019	    -10.06385051	      2.52308881	     -0.50527056	      5.47960721	      0.00000000	      0.00000000	      0.00000000	     17.54649279	     15.29702215	     -6.80226124	      1.67362299	     -0.12205275	      4.16476416	      0.00000000	      0.00000000	      0.00000000	      9.12299969	      6.52128324	     -3.45624160	      0.24482564	      0.00087290	      0.66326160	      0.00000000	      0.00000000	      0.00000000
      1.74000000	      0.00000000	     -0.00000000	      0.00000000	      0.00000000	     -0.00000000	     -0.00000000	      0.00000000	      0.00000000	      0.00000000	   -390.89852590	  -2573.82946175	    660.98022431	      0.00141129	      0.18354049	     -0.02038715	      0.00000000	      0.00000000	      0.00000000	    -72.56826509	  -1827.82724389	    -66.77606430	      3.35625888	      7.40542105	     -8.40038273	     -0.00824526	     -0.00360284	     -0.00125501	    449.23503027	    -53.07419487	     52.30164225	     -1.49977530	      0.25347544	    -11.33146245	      0.00000000	      0.00000000	      0.00000000	   -193.49749122	  -2501.47871226	     -2.15174401	     13.39787111	     -4.29293368	      0.62996536	      0.00000000	      0.00000000	      0.00000000	   -192.83408273	  -2503.56431549	     -1.72246930	     -2.97503295	     -2.92697969	   -124.81410967	      0.00000000	      0.00000000	      0.00000000	     85.48469446	      0.81676503	      9.30017253	      0.07168438	     -0.73821723	      0.87130438	      0.00000000	      0.00000000	      0.00000000	    -72.81698286	     73.99371767	     20.24402871	     -0.00000000	     -0.00000000	     -0.00000000	      0.00000000	      0.00000000	      0.00000000	      5.78471098	     33.02183283	     -3.67751443	      1.27769951	     -0.03765620	      0.03586004	     -0.00824526	     -0.00360284	      0.00125501	      0.32337002	      0.36239611	      0.00075312	      0.00004822	      0.00010830	     -0.00770186	      0.00000000	      0.00000000	      0.00000000	     -3.94950949	      7.84282818	     -1.10580493	      0.05796096	     -0.01411103	     -0.00370850	      0.00000000	      0.00000000	      0.00000000	     -3.84602672	      7.00973727	     -0.95080415	     -0.03676413	      0.02186801	      0.61301761	      0.00000000	      0.00000000	      0.00000000	     -1.09713454	     -0.04847722	      0.13561532	      0.00304880	     -0.02483931	     -0.04386493	      0.00000000	      0.00000000	      0.00000000	    161.56657333	    347.08840910	    -78.13340327	     -0.00000000	     -0.00000000	      0.00000000	      0.00000000	      0.00000000	      0.00000000	     38.08210089	     34.17440728	    -15.51940827	      5.48472222	      0.28701442	     14.37305670	      0.00000000	      0.00000000	      0.00000000	     25.45840818	     15.47590392	     -9.90903795	      1.91000256	      0.34028455	      5.46546709	      0.00000000	      0.00000000	      0.00000000	     17.34982206	      9.62865476	     -6.69752383	      1.54382640	      0.05818277	      4.12500776	      0.00000000	      0.00000000	      0.00000000	      8.96595263	      4.03540854	     -3.40259554	      0.24101775	      0.00085760	      0.65043376	      0.00000000	      0.00000000	      0.00000000	     35.95359292	     48.54853578	    -15.50000134	      5.77040251	     -0.19241998	     13.78646394	      0.00000000	      0.00000000	      0.00000000	     24.47495657	     22.11729779	     -9.90007121	      2.45869118	     -0.48332676	      5.21910418	      0.00000000	      0.00000000	      0.00000000	     16.69563808	     14.04645574	     -6.69155923	      1.64212654	     -0.11711032	      3.96385595	      0.00000000	      0.00000000	      0.00000000	      8.67689266	      5.98747316	     -3.39996000	      0.24083829	      0.00085760	      0.63075023	      0.00000000	      0.00000000	      0.00000000
      1.75000000	      0.00000000	      0.00000000	     -0.00000000	     -0.00000000	     -0.00000000	     -0.00000000	      0.00000000	      0.00000000	      0.00000000	   -325.40862134	  -2341.75020046	    602.10615390	      0.01438598	      0.16831044	     -0.01860547	      0.00000000	      0.00000000	      0.00000000	    -20.73816240	  -1637.97177893	    -77.68847233	      5.46875852	      7.49634496	     -6.82925892	     -0.00824526	     -0.00360284	     -0.00125501	    473.24445214	    -45.55523879	     58.74907742	     -1.49616660	      0.24918880	    -12.64831344	      0.00000000	      0.00000000	      0.00000000	   -106.39006376	  -2217.75180587	     -5.52766231	     11.50902733	     -3.04826427	      0.64417191	      0.00000000	      0.00000000	      0.00000000	   -105.50886455	  -2219.90221336	     -5.17073641	     -3.17684193	     -2.07045160	   -113.71125250	      0.00000000	      0.00000000	      0.00000000	     85.08766520	      0.49834648	      9.54671860	      0.08735613	     -0.63350138	      0.80750620	      0.00000000	      0.00000000	      0.00000000	    -74.61558830	     61.73571039	     20.13696152	      0.00000000	     -0.00000000	     -0.00000000	      0.00000000	      0.00000000	      0.00000000	      6.01975563	     29.61998550	     -3.66892791	      1.23745652	     -0.02706842	      0.02032595	     -0.00824526	     -0.00360284	      0.00125501	      0.33345909	      0.28671359	     -0.00604833	     -0.00013117	      0.00012606	     -0.00812625	      0.00000000	      0.00000000	      0.00000000	     -3.81591831	      7.15244017	     -1.08145560	      0.05440437	     -0.00482143	     -0.00497810	      0.00000000	      0.00000000	      0.00000000	     -3.70175726	      6.39319204	     -0.93681709	     -0.03563817	      0.03020563	      0.56691035	      0.00000000	      0.00000000	      0.00000000	     -1.00858799	     -0.04460714	      0.10928514	      0.00242024	     -0.02214612	     -0.03971807	      0.00000000	      0.00000000	      0.00000000	    155.91765875	    306.95237374	    -75.32453543	     -0.00000000	      0.00000000	     -0.00000000	      0.00000000	      0.00000000	      0.00000000	     36.48847129	     29.90194499	    -14.96338533	      5.29919769	      0.27453941	     13.74264785	      0.00000000	      0.00000000	      0.00000000	     24.33849158	     13.54142859	     -9.55412970	      1.86205690	      0.32447883	      5.23140207	      0.00000000	      0.00000000	      0.00000000	     16.58168065	      8.40628813	     -6.45769651	      1.49229139	      0.05527763	      3.94388144	      0.00000000	      0.00000000	      0.00000000	      8.56269514	      3.51440006	     -3.28078462	      0.23238930	      0.00082425	      0.62104115	      0.00000000	      0.00000000	      0.00000000	     34.43248434	     43.75432832	    -14.94174467	      5.55190255	     -0.18336226	     13.17598242	      0.00000000	      0.00000000	      0.00000000	     23.38854744	     19.94175636	     -9.54413089	      2.34987076	     -0.46237545	      4.99354723	      0.00000000	      0.00000000	      0.00000000	     15.94978556	     12.66373391	     -6.45104539	      1.57938342	     -0.11209600	      3.78826209	      0.00000000	      0.00000000	      0.00000000	      8.28348382	      5.39560958	     -3.27784573	      0.23218918	      0.00082425	      0.60202826	      0.00000000	      0.00000000	      0.00000000
      1.76000000	     -0.00000000	      0.00000000	      0.00000000	      0.00000000	     -0.00000000	     -0.00000000	      0.00000000	      0.00000000	      0.00000000	   -268.55729710	  -2128.47633367	    554.50304002	      0.02794241	      0.08513549	     -0.00195365	      0.00000000	      0.00000000	      0.00000000	     24.75704940	  -1446.58383532	    -86.30044420	      7.44660912	      7.70811881	     -5.27347012	     -0.00824526	     -0.00360284	     -0.00125501	    489.29232397	    -34.91245790	     63.29231864	     -1.49070245	      0.25512648	    -13.76445803	      0.00000000	      0.00000000	      0.00000000	    -25.51417078	  -1908.80858543	     -9.41077711	      9.36008173	     -1.46828737	      0.69517058	      0.00000000	      0.00000000	      0.00000000	    -24.84775186	  -1910.91395482	     -9.20707099	     -3.50825184	     -0.80907713	   -100.82451541	      0.00000000	      0.00000000	      0.00000000	     85.30837007	     -2.96675770	      9.68078687	      0.05445291	     -0.55179995	      0.55810466	      0.00000000	      0.00000000	      0.00000000	    -75.61262479	     49.90245086	     18.57706520	     -0.00000000	      0.00000000	      0.00000000	      0.00000000	      0.00000000	      0.00000000	      6.29832896	     25.96965121	     -3.45915632	      1.14900498	     -0.02497443	      0.01169338	     -0.00824526	     -0.00360284	      0.00125501	      0.34555763	      0.21662863	     -0.00810985	     -0.00018787	      0.00013059	     -0.00858709	      0.00000000	      0.00000000	      0.00000000	     -3.63804120	      6.33144190	     -1.01579672	      0.04908610	     -0.00072424	     -0.00513590	      0.00000000	      0.00000000	      0.00000000	     -3.51647243	      5.66101975	     -0.88284410	     -0.03324361	      0.03186739	      0.51272246	      0.00000000	      0.00000000	      0.00000000	     -0.91749767	     -0.03240812	      0.09232329	      0.00220355	     -0.01974847	     -0.03431198	      0.00000000	      0.00000000	      0.00000000	    150.11549463	    265.84474292	    -69.90491985	     -0.00000000	     -0.00000000	     -0.00000000	      0.00000000	      0.00000000	      0.00000000	     34.81477231	     25.76095322	    -13.88866222	      4.92553393	      0.26020746	     13.08519842	      0.00000000	      0.00000000	      0.00000000	     23.17163201	     11.67115901	     -8.86726124	      1.74154523	      0.31057592	      4.98684360	      0.00000000	      0.00000000	      0.00000000	     15.78179119	      7.22840706	     -5.99340669	      1.38744149	      0.05325887	      3.75516363	      0.00000000	      0.00000000	      0.00000000	      8.14379224	      3.01394364	     -3.04482861	      0.21567460	      0.00076492	      0.59053296	      0.00000000	      0.00000000	      0.00000000	     32.90651407	     38.62064880	    -13.86320415	      5.14413303	     -0.17559364	     12.55925443	      0.00000000	      0.00000000	      0.00000000	     22.28994415	     17.61282730	     -8.85549864	      2.16705002	     -0.43853722	      4.76606989	      0.00000000	      0.00000000	      0.00000000	     15.19529963	     11.18075629	     -5.98558231	      1.46299240	     -0.10598379	      3.61072253	      0.00000000	      0.00000000	      0.00000000	      7.88464307	      4.76034216	     -3.04137131	      0.21543917	      0.00076492	      0.57288620	      0.00000000	      0.00000000	      0.00000000
      1.77000000	      0.00000000	     -0.00000000	      0.00000000	     -0.00000000	      0.00000000	      0.00000000	      0.00000000	      0.00000000	      0.00000000	   -233.90867891	  -1963.23282902	    523.99374728	      0.03716706	      0.01489382	      0.01526124	      0.00000000	      0.00000000	      0.00000000	     65.39314383	  -1275.36400169	    -92.57559081	      9.08308120	      8.30070587	     -3.92498852	     -0.00824526	     -0.00360284	     -0.00125501	    506.03696664	    -21.79234139	     67.94163012	     -1.48161636	      0.26318412	    -14.91944353	      0.00000000	      0.00000000	      0.00000000	     27.00345880	  -1591.76612399	    -15.36893275	      6.95492420	      0.23549030	      0.74306417	      0.00000000	      0.00000000	      0.00000000	     26.85589965	  -1593.68600270	    -15.42607592	     -4.15219599	      0.86826083	    -86.05687427	      0.00000000	      0.00000000	      0.00000000	     86.27832216	     -9.53062470	      9.46758781	     -0.02659811	     -0.47017651	      0.12546139	      0.00000000	      0.00000000	      0.00000000	    -76.47118922	     40.46799564	     16.20705841	      0.00000000	      0.00000000	     -0.00000000	      0.00000000	      0.00000000	      0.00000000	      6.55631618	     23.12695458	     -3.09708546	      0.94200532	     -0.04779786	      0.02537868	     -0.00824526	     -0.00360284	      0.00125501	      0.35716213	      0.16191884	     -0.01956303	     -0.00049247	      0.00014596	     -0.00900925	      0.00000000	      0.00000000	      0.00000000	     -3.41855176	      5.68955850	     -0.69650439	      0.03867798	     -0.02135077	     -0.00035361	      0.00000000	      0.00000000	      0.00000000	     -3.28917860	      5.08998636	     -0.58499053	     -0.02475882	     -0.00330950	      0.47086190	      0.00000000	      0.00000000	      0.00000000	     -0.81241285	     -0.01963728	      0.13330242	      0.00191859	     -0.01955631	     -0.02983348	      0.00000000	      0.00000000	      0.00000000	    147.93468913	    224.70010683	    -63.31663385	      0.00000000	      0.00000000	      0.00000000	      0.00000000	      0.00000000	      0.00000000	     33.88030675	     21.79478448	    -12.58922139	      4.46967197	      0.24987930	     12.70279097	      0.00000000	      0.00000000	      0.00000000	     22.49202230	      9.88285810	     -8.03576873	      1.58866510	      0.30582476	      4.84802247	      0.00000000	      0.00000000	      0.00000000	     15.31293155	      6.10161046	     -5.43134519	      1.25922406	      0.05338314	      3.64547433	      0.00000000	      0.00000000	      0.00000000	      7.89514394	      2.53437274	     -2.75907227	      0.19542981	      0.00069237	      0.57236376	      0.00000000	      0.00000000	      0.00000000	     32.15105556	     33.44483073	    -12.54601651	      4.65051311	     -0.17324533	     12.22617785	      0.00000000	      0.00000000	      0.00000000	     21.69304251	     15.26562240	     -8.01580643	      1.95138229	     -0.42171475	      4.64797063	      0.00000000	      0.00000000	      0.00000000	     14.78145671	      9.68218133	     -5.41806644	      1.32242443	     -0.10113622	      3.51458709	      0.00000000	      0.00000000	      0.00000000	      7.66030465	      4.11649601	     -2.75320487	      0.19503027	      0.00069237	      0.55637238	      0.00000000	      0.00000000	      0.00000000
      1.78000000	      0.00000000	      0.00000000	     -0.00000000	      0.00000000	     -0.00000000	     -0.00000000	      0.00000000	      0.00000000	      0.00000000	   -206.59866620	  -1788.76919239	    504.16859444	      0.03789433	     -0.00028887	      0.02591394	      0.00000000	      0.00000000	      0.00000000	     87.59533252	  -1094.88329732	    -96.49978526	      9.97194878	      8.64428718	     -2.88826719	     -0.00824526	     -0.00360284	     -0.00125501	    505.68757848	     -7.82048584	     69.00949718	     -1.46078724	      0.27766442	    -15.44898076	      0.00000000	      0.00000000	      0.00000000	     66.65935334	  -1280.56158137	    -20.63759473	      4.19078312	      1.74846060	      0.72292660	      0.00000000	      0.00000000	      0.00000000	     65.40038857	  -1282.14081626	    -20.91543994	     -5.16884265	      2.38843773	    -70.95163150	      0.00000000	      0.00000000	      0.00000000	     85.26889627	    -19.51472625	      8.34741135	     -0.16151592	     -0.34185343	     -0.53332438	      0.00000000	      0.00000000	      0.00000000	    -76.72347382	     31.81784034	     13.37366372	      0.00000000	     -0.00000000	     -0.00000000	      0.00000000	      0.00000000	      0.00000000	      6.80321719	     20.51144980	     -2.66514951	      0.70728834	     -0.07966034	      0.04670448	     -0.00824526	     -0.00360284	      0.00125501	      0.36677811	      0.11374314	     -0.03030031	     -0.00077875	      0.00015544	     -0.00936295	      0.00000000	      0.00000000	      0.00000000	     -3.20263373	      5.10420290	     -0.32430706	      0.02735408	     -0.04956467	      0.00587542	      0.00000000	      0.00000000	      0.00000000	     -3.07065378	      4.57128264	     -0.23462162	     -0.01490880	     -0.04855873	      0.43394943	      0.00000000	      0.00000000	      0.00000000	     -0.72775006	     -0.00033798	      0.19167712	      0.00178845	     -0.02047718	     -0.02522195	      0.00000000	      0.00000000	      0.00000000	    145.45238681	    188.45410100	    -55.91730660	      0.00000000	      0.00000000	     -0.00000000	      0.00000000	      0.00000000	      0.00000000	     32.92127348	     18.44084891	    -11.11951140	      3.95118590	      0.23907950	     12.31754501	      0.00000000	      0.00000000	      0.00000000	     21.80828913	      8.37162186	     -7.09815984	      1.40891709	      0.30188447	      4.70685084	      0.00000000	      0.00000000	      0.00000000	     14.84218904	      5.15219545	     -4.79768286	      1.11339769	      0.05383798	      3.53498437	      0.00000000	      0.00000000	      0.00000000	      7.64688720	      2.13122260	     -2.43724896	      0.17263497	      0.00061014	      0.55425061	      0.00000000	      0.00000000	      0.00000000	     31.39227761	     28.72006736	    -11.08147348	      4.10467427	     -0.17140497	     11.89608613	      0.00000000	      0.00000000	      0.00000000	     21.10183490	     13.12101160	     -7.08058487	      1.71806075	     -0.40425229	      4.53004336	      0.00000000	      0.00000000	      0.00000000	     14.37226146	      8.31145073	     -4.78599213	      1.16708147	     -0.09602448	      3.41928283	      0.00000000	      0.00000000	      0.00000000	      7.43924339	      3.52718192	     -2.43208326	      0.17228321	      0.00061014	      0.54011111	      0.00000000	      0.00000000	      0.00000000
      1.79000000	     -0.00000000	     -0.00000000	      0.00000000	      0.00000000	      0.00000000	      0.00000000	      0.00000000	      0.00000000	      0.00000000	   -212.65883223	  -1647.55099933	    497.30973447	      0.03691023	      0.03061042	      0.03425271	      0.00000000	      0.00000000	      0.00000000	     97.54388510	   -933.39973228	    -98.68681701	      9.98620135	      8.66755577	     -2.29773974	     -0.00824526	     -0.00360284	     -0.00125501	    500.52654377	      6.41210492	     68.98672651	     -1.43665365	      0.29261711	    -15.74948029	      0.00000000	      0.00000000	      0.00000000	     89.51851080	   -993.75902936	    -24.17044802	      1.33476371	      2.63314112	      0.58825723	      0.00000000	      0.00000000	      0.00000000	     87.61047222	   -995.10079823	    -24.49898873	     -6.35014444	      3.28376938	    -56.49988486	      0.00000000	      0.00000000	      0.00000000	     82.82853498	    -29.33459301	      6.80072186	     -0.29292245	     -0.15988265	     -1.19025605	      0.00000000	      0.00000000	      0.00000000	    -77.04110538	     24.87233675	     10.43025185	     -0.00000000	      0.00000000	      0.00000000	      0.00000000	      0.00000000	      0.00000000	      7.06377862	     18.21887778	     -2.23149592	      0.48765808	     -0.11303885	      0.06933507	     -0.00824526	     -0.00360284	      0.00125501	      0.37962808	      0.07699900	     -0.03782515	     -0.00098072	      0.00015748	     -0.00977867	      0.00000000	      0.00000000	      0.00000000	     -3.00119225	      4.53751034	      0.01969269	      0.01634386	     -0.07757785	      0.01203512	      0.00000000	      0.00000000	      0.00000000	     -2.86561138	      4.06892048	      0.09072357	     -0.00597817	     -0.09206150	      0.39862308	      0.00000000	      0.00000000	      0.00000000	     -0.64644720	      0.01889234	      0.25059751	      0.00179034	     -0.02144530	     -0.02069900	      0.00000000	      0.00000000	      0.00000000	    145.67578925	    154.32221364	    -46.99824689	     -0.00000000	     -0.00000000	     -0.00000000	      0.00000000	      0.00000000	      0.00000000	     32.52471722	     15.51078876	     -9.35197379	      3.32316617	      0.23106427	     12.14487005	      0.00000000	      0.00000000	      0.00000000	     21.50169116	      7.05555579	     -5.96918131	      1.18502053	      0.30568699	      4.64687343	      0.00000000	      0.00000000	      0.00000000	     14.62817658	      4.32694420	     -4.03460727	      0.93640132	      0.05621248	      3.48564711	      0.00000000	      0.00000000	      0.00000000	      7.53142538	      1.78090829	     -2.04953154	      0.14517047	      0.00051214	      0.54577800	      0.00000000	      0.00000000	      0.00000000	     31.23865908	     24.14557015	     -9.30946573	      3.44851548	     -0.17418609	     11.79035503	      0.00000000	      0.00000000	      0.00000000	     20.90748341	     11.04515310	     -5.94954097	      1.44351595	     -0.39173757	      4.49819834	      0.00000000	      0.00000000	      0.00000000	     14.23291443	      6.98079175	     -4.02154268	      0.98060474	     -0.09167727	      3.38834369	      0.00000000	      0.00000000	      0.00000000	      7.35677349	      2.95354642	     -2.04375877	      0.14477737	      0.00051214	      0.53388508	      0.00000000	      0.00000000	      0.00000000
      1.80000000	     -0.00000000	      0.00000000	      0.00000000	      0.00000000	      0.00000000	     -0.00000000	      0.00000000	      0.00000000	      0.00000000	   -187.82973056	  -1536.26423973	    496.38647730	      0.00091867	      0.10918229	      0.06575657	      0.00000000	      0.00000000	      0.00000000	     92.35210245	   -803.48406217	   -100.32418539	      9.49674777	      8.27608938	     -2.13261656	     -0.00824526	     -0.00360284	     -0.00125501	    492.17113514	     19.87078686	     68.12836978	     -1.41245223	      0.30639547	    -15.85794845	      0.00000000	      0.00000000	      0.00000000	    112.42701227	   -767.19542538	    -25.23679099	     -1.18848610	      2.70132508	      0.36374624	      0.00000000	      0.00000000	      0.00000000	    110.71155888	   -768.36672592	    -25.44210536	     -7.45262359	      3.23804015	    -45.55686289	      0.00000000	      0.00000000	      0.00000000	     79.60635699	    -33.29907123	      5.81970153	     -0.33568157	      0.00558933	     -1.48009408	      0.00000000	      0.00000000	      0.00000000	    -77.39645964	     19.08774340	      7.72580410	      0.00000000	      0.00000000	     -0.00000000	      0.00000000	      0.00000000	      0.00000000	      7.33397975	     16.31664127	     -1.81730778	      0.26280275	     -0.15055513	      0.09619618	     -0.00824526	     -0.00360284	      0.00125501	      0.39281253	      0.04659264	     -0.04717096	     -0.00122996	      0.00016094	     -0.01019381	      0.00000000	      0.00000000	      0.00000000	     -2.84267969	      4.08488934	      0.39504868	      0.00576040	     -0.10967761	      0.01887537	      0.00000000	      0.00000000	      0.00000000	     -2.70671541	      3.67016155	      0.44691362	      0.00397376	     -0.14151098	      0.37250783	      0.00000000	      0.00000000	      0.00000000	     -0.59135011	      0.04166239	      0.31921246	      0.00177471	     -0.02333443	     -0.01653770	      0.00000000	      0.00000000	      0.00000000	    146.46642774	    126.20377421	    -38.33259872	      0.00000000	      0.00000000	      0.00000000	      0.00000000	      0.00000000	      0.00000000	     32.30387600	     13.23024491	     -7.64876586	      2.71502916	      0.22447432	     12.04377882	      0.00000000	      0.00000000	      0.00000000	     21.32251812	      6.03310046	     -4.87878171	      0.96499057	      0.31131979	      4.61321264	      0.00000000	      0.00000000	      0.00000000	     14.50200103	      3.68756233	     -3.29753073	      0.76468308	      0.05893236	      3.45696747	      0.00000000	      0.00000000	      0.00000000	      7.46256282	      1.50990196	     -1.67473237	      0.11861578	      0.00041733	      0.54071209	      0.00000000	      0.00000000	      0.00000000	     31.25450999	     20.26745012	     -7.57381605	      2.80897959	     -0.17808264	     11.75449502	      0.00000000	      0.00000000	      0.00000000	     20.83767112	      9.28455683	     -4.84415205	      1.17926723	     -0.38151945	      4.49193034	      0.00000000	      0.00000000	      0.00000000	     14.17948477	      5.85040455	     -3.27449536	      0.79917459	     -0.08786584	      3.37758319	      0.00000000	      0.00000000	      0.00000000	      7.32005468	      2.46558281	     -1.66455388	      0.11792268	      0.00041733	      0.53100800	      0.00000000	      0.00000000	      0.00000000
      1.81000000	     -0.00000000	     -0.00000000	      0.00000000	     -0.00000000	      0.00000000	     -0.00000000	      0.00000000	      0.00000000	      0.00000000	   -298.33095129	  -1521.65177467	    519.85610560	      0.02162383	      0.13064799	      0.05467107	      0.00000000	      0.00000000	      0.00000000	     94.85716935	   -725.16379493	    -97.62313859	      8.67470589	      7.47164900	     -2.07768215	     -0.00824526	     -0.00360284	     -0.00125501	    494.08993425	     33.09758353	     68.79239371	     -1.41126241	      0.31452087	    -16.23763297	      0.00000000	      0.00000000	      0.00000000	    139.89398573	   -645.28173273	    -28.98741660	     -3.11187207	      1.95253662	      0.06163245	      0.00000000	      0.00000000	      0.00000000	    138.53062482	   -646.27354000	    -29.04832005	     -8.73550604	      2.52439004	    -40.76728226	      0.00000000	      0.00000000	      0.00000000	     83.89575570	    -29.10705028	      7.33566358	     -0.24020956	      0.07443863	     -1.21699529	      0.00000000	      0.00000000	      0.00000000	    -77.56304129	     15.13185919	      5.84218292	      0.00000000	      0.00000000	     -0.00000000	      0.00000000	      0.00000000	      0.00000000	      7.48579694	     15.15845317	     -1.53973263	      0.11707448	     -0.17615533	      0.11426590	     -0.00824526	     -0.00360284	      0.00125501	      0.40094647	      0.02798218	     -0.05202877	     -0.00136027	      0.00015983	     -0.01045268	      0.00000000	      0.00000000	      0.00000000	     -2.71683222	      3.80340553	      0.63751287	     -0.00155381	     -0.13127204	      0.02349786	      0.00000000	      0.00000000	      0.00000000	     -2.57959705	      3.42125398	      0.67785242	      0.01010022	     -0.17406782	      0.35518701	      0.00000000	      0.00000000	      0.00000000	     -0.54454754	      0.05348122	      0.36638172	      0.00181211	     -0.02447316	     -0.01413832	      0.00000000	      0.00000000	      0.00000000	    148.20987556	    102.73195430	    -30.35815924	      0.00000000	      0.00000000	      0.00000000	      0.00000000	      0.00000000	      0.00000000	     32.34071248	     11.42014058	     -6.05607067	      2.14728797	      0.21990201	     12.04177932	      0.00000000	      0.00000000	      0.00000000	     21.31899321	      5.22397202	     -3.86418748	      0.75839248	      0.31924097	      4.61660039	      0.00000000	      0.00000000	      0.00000000	     14.49567083	      3.18241793	     -2.61186696	      0.60472820	      0.06202842	      3.45658224	      0.00000000	      0.00000000	      0.00000000	      7.45591457	      1.29595797	     -1.32666321	      0.09396510	      0.00032952	      0.54016456	      0.00000000	      0.00000000	      0.00000000	     31.50849001	     16.98063302	     -6.00429028	      2.22964427	     -0.18316010	     11.81231893	      0.00000000	      0.00000000	      0.00000000	     20.93447478	      7.79313094	     -3.84026297	      0.94066462	     -0.37487169	      4.52048803	      0.00000000	      0.00000000	      0.00000000	     14.23989232	      4.89140147	     -2.59595257	      0.63452468	     -0.08496095	      3.39365162	      0.00000000	      0.00000000	      0.00000000	      7.34289540	      2.05109527	     -1.31963122	      0.09348626	      0.00032952	      0.53246852	      0.00000000	      0.00000000	      0.00000000
      1.82000000	      0.00000000	     -0.00000000	     -0.00000000	     -0.00000000	     -0.00000000	      0.00000000	      0.00000000	      0.00000000	      0.00000000	   -207.58306613	  -1446.43444561	    529.48590656	     -0.02599285	      0.28190131	      0.07637505	      0.00000000	      0.00000000	      0.00000000	     79.36747152	   -646.34617820	    -96.10263968	      8.07802887	      6.15597909	     -1.95854331	     -0.00824526	     -0.00360284	     -0.00125501	    482.67547185	     44.02013335	     67.11329385	     -1.38523178	      0.32383736	    -16.09676549	      0.00000000	      0.00000000	      0.00000000	    176.91713656	   -620.47908658	    -33.84710581	     -4.18188675	      0.59270446	     -0.26002286	      0.00000000	      0.00000000	      0.00000000	    175.46746805	   -621.20068490	    -33.94248669	     -9.83268697	      1.23619901	    -41.82058908	      0.00000000	      0.00000000	      0.00000000	     88.48716550	    -16.78010664	      9.97765013	     -0.02282416	      0.03569011	     -0.45764992	      0.00000000	      0.00000000	      0.00000000	    -77.10275018	     11.20226444	      4.16842817	      0.00000000	      0.00000000	     -0.00000000	      0.00000000	      0.00000000	      0.00000000	      7.59390064	     13.91479777	     -1.26858739	     -0.02359862	     -0.19967410	      0.13129710	     -0.00824526	     -0.00360284	      0.00125501	      0.40713060	      0.01143363	     -0.05747791	     -0.00150548	      0.00015945	     -0.01065289	      0.00000000	      0.00000000	      0.00000000	     -2.56956807	      3.49410526	      0.86768003	     -0.00765444	     -0.15081256	      0.02762514	      0.00000000	      0.00000000	      0.00000000	     -2.43317871	      3.14766816	      0.89586310	      0.01654136	     -0.20390033	      0.33496906	      0.00000000	      0.00000000	      0.00000000	     -0.49656681	      0.06405950	      0.40712454	      0.00180213	     -0.02535563	     -0.01167464	      0.00000000	      0.00000000	      0.00000000	    148.41768525	     85.70146948	    -22.62897443	     -0.00000000	     -0.00000000	      0.00000000	      0.00000000	      0.00000000	      0.00000000	     32.11433228	     10.27929125	     -4.54485687	      1.60467288	      0.21406618	     11.94964039	      0.00000000	      0.00000000	      0.00000000	     21.15653334	      4.71769317	     -2.89718621	      0.55733068	      0.32422943	      4.58392399	      0.00000000	      0.00000000	      0.00000000	     14.38294835	      2.87071635	     -1.95830993	      0.45138665	      0.06445157	      3.43045356	      0.00000000	      0.00000000	      0.00000000	      7.39639150	      1.16565218	     -0.99440454	      0.07042391	      0.00024379	      0.53582900	      0.00000000	      0.00000000	      0.00000000	     31.49219706	     14.39162200	     -4.45690014	      1.66331415	     -0.18667004	     11.77802378	      0.00000000	      0.00000000	      0.00000000	     20.86908322	      6.61774633	     -2.85654686	      0.71139494	     -0.36579097	      4.51223299	      0.00000000	      0.00000000	      0.00000000	     14.19173887	      4.13461620	     -1.93127696	      0.47421938	     -0.08159108	      3.38346732	      0.00000000	      0.00000000	      0.00000000	      7.31190303	      1.72412328	     -0.98245966	      0.06961052	      0.00024379	      0.53007575	      0.00000000	      0.00000000	      0.00000000
      1.83000000	      0.00000000	     -0.00000000	      0.00000000	      0.00000000	     -0.00000000	      0.00000000	      0.00000000	      0.00000000	      0.00000000	   -391.54793919	  -1512.49168005	    565.61845790	      0.01755622	      0.10165725	      0.06048187	      0.00000000	      0.00000000	      0.00000000	     89.26899941	   -628.83332598	    -89.68472658	      7.43337371	      5.50367500	     -1.82003188	     -0.00824526	     -0.00360284	     -0.00125501	    495.80534677	     56.27496616	     69.46449428	     -1.40527532	      0.32279736	    -16.74370555	      0.00000000	      0.00000000	      0.00000000	    215.52719265	   -642.72931298	    -39.66052031	     -5.27065612	     -0.37869777	     -0.54333938	      0.00000000	      0.00000000	      0.00000000	    214.74232175	   -643.31750216	    -39.57828547	    -11.30612942	      0.35649569	    -45.39063246	      0.00000000	      0.00000000	      0.00000000	     90.02543754	     -7.87956700	     11.84458431	      0.11450759	     -0.04246181	      0.11392629	      0.00000000	      0.00000000	      0.00000000	    -76.04680821	      8.79863804	      1.89493959	     -0.00000000	     -0.00000000	      0.00000000	      0.00000000	      0.00000000	      0.00000000	      7.62702536	     12.81515376	     -0.90434607	     -0.19200729	     -0.22923079	      0.15334356	     -0.00824526	     -0.00360284	      0.00125501	      0.40903091	      0.00290400	     -0.06182985	     -0.00162274	      0.00015429	     -0.01072334	      0.00000000	      0.00000000	      0.00000000	     -2.43378296	      3.20305710	      1.14166390	     -0.01558127	     -0.17559126	      0.03287928	      0.00000000	      0.00000000	      0.00000000	     -2.30156120	      2.89181119	      1.15687710	      0.02358932	     -0.24117240	      0.31757547	      0.00000000	      0.00000000	      0.00000000	     -0.46485950	      0.08180776	      0.46051803	      0.00188405	     -0.02702538	     -0.00883324	      0.00000000	      0.00000000	      0.00000000	    148.79204647	     70.51718147	    -15.74200665	     -0.00000000	     -0.00000000	      0.00000000	      0.00000000	      0.00000000	      0.00000000	     31.95154877	      9.24711801	     -3.19858794	      1.12055987	      0.20912265	     11.88199960	      0.00000000	      0.00000000	      0.00000000	     21.03751735	      4.25702511	     -2.03367163	      0.37783869	      0.32912144	      4.56050611	      0.00000000	      0.00000000	      0.00000000	     14.29999275	      2.58627344	     -1.37453090	      0.31438406	      0.06671285	      3.41138956	      0.00000000	      0.00000000	      0.00000000	      7.35235107	      1.04609612	     -0.69736242	      0.04937519	      0.00016926	      0.53261704	      0.00000000	      0.00000000	      0.00000000	     31.51875430	     12.09358527	     -3.06902931	      1.15527893	     -0.19005668	     11.76258658	      0.00000000	      0.00000000	      0.00000000	     20.83754985	      5.57220121	     -1.97381062	      0.50576270	     -0.35807940	      4.51068464	      0.00000000	      0.00000000	      0.00000000	     14.16697601	      3.46111784	     -1.33471184	      0.33034978	     -0.07865569	      3.37872182	      0.00000000	      0.00000000	      0.00000000	      7.29357584	      1.43265786	     -0.67976783	      0.04817708	      0.00016926	      0.52861474	      0.00000000	      0.00000000	      0.00000000
      1.84000000	     -0.00000000	     -0.00000000	     -0.00000000	      0.00000000	      0.00000000	      0.00000000	      0.00000000	      0.00000000	      0.00000000	   -271.61486729	  -1452.60574715	    582.21859525	     -0.03317798	      0.26064283	      0.08454195	      0.00000000	      0.00000000	      0.00000000	     75.43006629	   -579.60728253	    -87.87948407	      7.12810638	      4.96405754	     -1.67906342	     -0.00824526	     -0.00360284	     -0.00125501	    482.84451578	     64.46043155	     67.62775125	     -1.36835910	      0.32668606	    -16.44638383	      0.00000000	      0.00000000	      0.00000000	    239.29691472	   -651.09746580	    -41.66202360	     -5.88219744	     -0.80692814	     -0.68534019	      0.00000000	      0.00000000	      0.00000000	    239.00511489	   -651.54749491	    -41.41771902	    -12.04439097	     -0.10105541	    -47.27182397	      0.00000000	      0.00000000	      0.00000000	     91.55937999	     -2.20308165	     13.00067235	      0.21942663	     -0.01674224	      0.47942567	      0.00000000	      0.00000000	      0.00000000	    -74.29304651	      7.16652537	      0.02291019	      0.00000000	     -0.00000000	      0.00000000	      0.00000000	      0.00000000	      0.00000000	      7.51278123	     12.22463736	     -0.58781798	     -0.32669591	     -0.25200861	      0.17156612	     -0.00824526	     -0.00360284	      0.00125501	      0.40112309	     -0.00237622	     -0.06482804	     -0.00170373	      0.00014935	     -0.01052821	      0.00000000	      0.00000000	      0.00000000	     -2.29182007	      3.08655945	      1.35896078	     -0.02108603	     -0.19538497	      0.03698765	      0.00000000	      0.00000000	      0.00000000	     -2.16540236	      2.78937705	      1.36386216	      0.02926406	     -0.27063681	      0.30841195	      0.00000000	      0.00000000	      0.00000000	     -0.43616147	      0.08908449	      0.50271368	      0.00203354	     -0.02826920	     -0.00775282	      0.00000000	      0.00000000	      0.00000000	    146.77872848	     61.09541878	    -11.43529602	     -0.00000000	     -0.00000000	     -0.00000000	      0.00000000	      0.00000000	      0.00000000	     31.38602517	      8.58618349	     -2.32780897	      0.81022737	      0.20307607	     11.66785493	      0.00000000	      0.00000000	      0.00000000	     20.65883285	      3.96486450	     -1.48225506	      0.26343836	      0.32726606	      4.47947697	      0.00000000	      0.00000000	      0.00000000	     14.04128944	      2.40810559	     -1.00203575	      0.22716366	      0.06709728	      3.34997283	      0.00000000	      0.00000000	      0.00000000	      7.21851262	      0.97291142	     -0.50865783	      0.03601672	      0.00012169	      0.52290446	      0.00000000	      0.00000000	      0.00000000	     31.07093117	     10.61739658	     -2.23891475	      0.84916982	     -0.18921002	     11.58084144	      0.00000000	      0.00000000	      0.00000000	     20.51324744	      4.90336218	     -1.44118256	      0.38097685	     -0.34841418	      4.44335147	      0.00000000	      0.00000000	      0.00000000	     13.94444722	      3.03238658	     -0.97471466	      0.24329466	     -0.07582330	      3.32624300	      0.00000000	      0.00000000	      0.00000000	      7.17572159	      1.24875835	     -0.49658564	      0.03519466	      0.00012169	      0.51999060	      0.00000000	      0.00000000	      0.00000000
      1.85000000	     -0.00000000	     -0.00000000	      0.00000000	      0.00000000	      0.00000000	      0.00000000	      0.00000000	      0.00000000	      0.00000000	   -416.76220899	  -1505.29803819	    608.11489809	      0.00172152	      0.09119740	      0.06994841	      0.00000000	      0.00000000	      0.00000000	     90.89717524	   -581.02190177	    -80.76140139	      6.88939325	      4.83305981	     -1.63572668	     -0.00824526	     -0.00360284	     -0.00125501	    493.80770189	     74.22491912	     69.46994365	     -1.38765550	      0.32157663	    -16.93695172	      0.00000000	      0.00000000	      0.00000000	    244.50342746	   -645.34944293	    -43.31772773	     -6.13778789	     -1.08631387	     -0.75870421	      0.00000000	      0.00000000	      0.00000000	    244.44893948	   -645.75170914	    -42.97609353	    -12.33193346	     -0.31680241	    -47.35357514	      0.00000000	      0.00000000	      0.00000000	     87.43785945	      0.84119262	     12.96288876	      0.24853689	     -0.05608232	      0.65451887	      0.00000000	      0.00000000	      0.00000000	    -71.81084891	      6.07901874	     -1.72651441	      0.00000000	     -0.00000000	     -0.00000000	      0.00000000	      0.00000000	      0.00000000	      7.30283309	     11.51713369	     -0.28899264	     -0.44970895	     -0.27047503	      0.18633824	     -0.00824526	     -0.00360284	      0.00125501	      0.39125129	      0.00089306	     -0.06724784	     -0.00177000	      0.00014321	     -0.01026428	      0.00000000	      0.00000000	      0.00000000	     -2.12575324	      2.87130210	      1.54623325	     -0.02725966	     -0.21142601	      0.04050079	      0.00000000	      0.00000000	      0.00000000	     -2.00653557	      2.59870833	      1.54156918	      0.03372080	     -0.29487057	      0.29220627	      0.00000000	      0.00000000	      0.00000000	     -0.40259266	      0.09868674	      0.53682007	      0.00210783	     -0.02910025	     -0.00602779	      0.00000000	      0.00000000	      0.00000000	    143.15897676	     52.89220837	     -7.83212058	      0.00000000	     -0.00000000	     -0.00000000	      0.00000000	      0.00000000	      0.00000000	     30.50158968	      7.94558750	     -1.62344246	      0.55733798	      0.19549075	     11.33622141	      0.00000000	      0.00000000	      0.00000000	     20.07189307	      3.67621456	     -1.03069379	      0.17022312	      0.32121278	      4.35316938	      0.00000000	      0.00000000	      0.00000000	     13.64147325	      2.23157315	     -0.69679283	      0.15564114	      0.06645758	      3.25488313	      0.00000000	      0.00000000	      0.00000000	      7.01241175	      0.89993818	     -0.35337848	      0.02501374	      0.00008126	      0.50797106	      0.00000000	      0.00000000	      0.00000000	     30.28326972	      9.31199428	     -1.51317434	      0.58326136	     -0.18599264	     11.27585708	      0.00000000	      0.00000000	      0.00000000	     19.97102094	      4.30754644	     -0.97974572	      0.27284031	     -0.33576393	      4.32828517	      0.00000000	      0.00000000	      0.00000000	     13.57437394	      2.65152996	     -0.66290259	      0.16799505	     -0.07246959	      3.23849491	      0.00000000	      0.00000000	      0.00000000	      6.98276302	      1.08550173	     -0.33840363	      0.02399403	      0.00008126	      0.50595213	      0.00000000	      0.00000000	      0.00000000
      1.86000000	     -0.00000000	      0.00000000	     -0.00000000	      0.00000000	     -0.00000000	      0.00000000	      0.00000000	      0.00000000	      0.00000000	   -320.80146124	  -1464.23082563	    621.63082106	     -0.02718025	      0.20175419	      0.08038800	      0.00000000	      0.00000000	      0.00000000	     88.55905604	   -554.32139591	    -76.93949209	      6.77536500	      4.62632703	     -1.61563971	     -0.00824526	     -0.00360284	     -0.00125501	    481.35683074	     79.11848011	     68.01044288	     -1.34040403	      0.30566175	    -16.59546133	      0.00000000	      0.00000000	      0.00000000	    238.15725235	   -632.22788665	    -42.83604066	     -5.98536645	     -1.01973853	     -0.73139050	      0.00000000	      0.00000000	      0.00000000	    238.16148744	   -632.61250194	    -42.45535362	    -12.07196916	     -0.23497564	    -46.31999455	      0.00000000	      0.00000000	      0.00000000	     89.01890649	      0.37075241	     13.19980361	      0.25311308	     -0.02070509	      0.63331105	      0.00000000	      0.00000000	      0.00000000	    -68.48822627	      3.89708341	     -2.63092988	     -0.00000000	     -0.00000000	      0.00000000	      0.00000000	      0.00000000	      0.00000000	      7.12296028	     10.42627493	     -0.09007513	     -0.49898668	     -0.27142539	      0.18801056	     -0.00824526	     -0.00360284	      0.00125501	      0.37494782	     -0.01602174	     -0.06549708	     -0.00172326	      0.00013602	     -0.00986182	      0.00000000	      0.00000000	      0.00000000	     -2.02623036	      2.70243912	      1.58945601	     -0.02738008	     -0.21208968	      0.04063166	      0.00000000	      0.00000000	      0.00000000	     -1.91562658	      2.44930398	      1.57943970	      0.03585476	     -0.29726341	      0.27870131	      0.00000000	      0.00000000	      0.00000000	     -0.39519639	      0.10130510	      0.53311919	      0.00188508	     -0.02881622	     -0.00487488	      0.00000000	      0.00000000	      0.00000000	    136.43015405	     49.76140893	     -6.51329263	      0.00000000	      0.00000000	      0.00000000	      0.00000000	      0.00000000	      0.00000000	     29.03776303	      7.64842963	     -1.40805138	      0.47948412	      0.18582121	     10.79479526	      0.00000000	      0.00000000	      0.00000000	     19.11459194	      3.54845492	     -0.89138809	      0.14177661	      0.30664969	      4.14547106	      0.00000000	      0.00000000	      0.00000000	     12.99158446	      2.15854490	     -0.60274442	      0.13357476	      0.06359041	      3.09986331	      0.00000000	      0.00000000	      0.00000000	      6.67924940	      0.87364722	     -0.30537491	      0.02160466	      0.00007427	      0.48383069	      0.00000000	      0.00000000	      0.00000000	     28.87092439	      8.69123984	     -1.24013194	      0.48596386	     -0.17780117	     10.74866270	      0.00000000	      0.00000000	      0.00000000	     19.03750615	      4.03027288	     -0.81380292	      0.23347528	     -0.31911783	      4.12645967	      0.00000000	      0.00000000	      0.00000000	     12.94030762	      2.47904628	     -0.55113540	      0.14111331	     -0.06870958	      3.08734135	      0.00000000	      0.00000000	      0.00000000	      6.65659204	      1.01526505	     -0.28257077	      0.02005181	      0.00007427	      0.48228783	      0.00000000	      0.00000000	      0.00000000
      1.87000000	      0.00000000	     -0.00000000	      0.00000000	     -0.00000000	     -0.00000000	      0.00000000	      0.00000000	      0.00000000	      0.00000000	   -406.13207937	  -1492.33915769	    641.66389002	     -0.00036419	      0.09553916	      0.06625060	      0.00000000	      0.00000000	      0.00000000	    102.94669246	   -568.54821920	    -71.63956704	      6.92664905	      4.90567193	     -1.70561644	     -0.00824526	     -0.00360284	     -0.00125501	    489.35985798	     85.67900941	     67.63975243	     -1.42085862	      0.40039796	    -16.86792757	      0.00000000	      0.00000000	      0.00000000	    219.61431991	   -597.03650839	    -40.88205583	     -5.56443301	     -0.82457077	     -0.65206250	      0.00000000	      0.00000000	      0.00000000	    219.51547848	   -597.46107857	    -40.49498384	    -11.33807301	     -0.03055153	    -43.41641438	      0.00000000	      0.00000000	      0.00000000	     83.58215483	     -0.79560675	     12.22842099	      0.22154689	      0.00904055	      0.52295633	      0.00000000	      0.00000000	      0.00000000	    -65.00180765	      2.21323680	     -3.37479659	      0.00000000	     -0.00000000	      0.00000000	      0.00000000	      0.00000000	      0.00000000	      6.79944245	      9.60006907	      0.04155305	     -0.53851869	     -0.27034553	      0.18777425	     -0.00824526	     -0.00360284	      0.00125501	      0.36032481	     -0.01552497	     -0.06462466	     -0.00170240	      0.00012871	     -0.00948240	      0.00000000	      0.00000000	      0.00000000	     -1.86663326	      2.45703153	      1.61827711	     -0.02981676	     -0.21162915	      0.04081115	      0.00000000	      0.00000000	      0.00000000	     -1.76038897	      2.22891180	      1.60399701	      0.03654323	     -0.29737806	      0.25790148	      0.00000000	      0.00000000	      0.00000000	     -0.35201371	      0.10231583	      0.52919276	      0.00203375	     -0.02791161	     -0.00369240	      0.00000000	      0.00000000	      0.00000000	    127.62060953	     46.36909312	     -6.34702862	     -0.00000000	     -0.00000000	      0.00000000	      0.00000000	      0.00000000	      0.00000000	     27.16756495	      7.09829492	     -1.35959052	      0.46415313	      0.17388810	     10.09810707	      0.00000000	      0.00000000	      0.00000000	     17.88007891	      3.29058427	     -0.86093473	      0.13893412	      0.28660230	      3.87782623	      0.00000000	      0.00000000	      0.00000000	     12.15224317	      1.99989576	     -0.58217436	      0.12939091	      0.05938269	      2.89958799	      0.00000000	      0.00000000	      0.00000000	      6.24729289	      0.80820274	     -0.29501249	      0.02087340	      0.00006584	      0.45254850	      0.00000000	      0.00000000	      0.00000000	     26.99316651	      8.13939180	     -1.20831817	      0.47163241	     -0.16614328	     10.04979441	      0.00000000	      0.00000000	      0.00000000	     17.79950020	      3.77161061	     -0.79104115	      0.22480288	     -0.29861653	      3.85812809	      0.00000000	      0.00000000	      0.00000000	     12.09864287	      2.31987055	     -0.53568172	      0.13673998	     -0.06434406	      2.88656262	      0.00000000	      0.00000000	      0.00000000	      6.22360888	      0.94958790	     -0.27446909	      0.01947449	      0.00006584	      0.45093574	      0.00000000	      0.00000000	      0.00000000
      1.88000000	      0.00000000	      0.00000000	     -0.00000000	     -0.00000000	     -0.00000000	     -0.00000000	      0.00000000	      0.00000000	      0.00000000	   -354.60380301	  -1466.80505378	    654.76038993	     -0.00914123	      0.13496346	      0.06677670	      0.00000000	      0.00000000	      0.00000000	    106.63488960	   -556.65953443	    -67.16883622	      6.82825562	      4.96850637	     -1.78352091	     -0.00824526	     -0.00360284	     -0.00125501	    479.50394921	     89.02984532	     64.81289658	     -1.45567781	      0.45493512	    -16.52845398	      0.00000000	      0.00000000	      0.00000000	    195.71925318	   -570.75031307	    -39.04162206	     -4.97152613	     -0.45878730	     -0.52251805	      0.00000000	      0.00000000	      0.00000000	    195.41718131	   -571.24384016	    -38.70743088	    -10.49998356	      0.38328217	    -40.65811436	      0.00000000	      0.00000000	      0.00000000	     87.05614178	     -4.75851355	     12.24996339	      0.17663931	      0.05904509	      0.28530319	      0.00000000	      0.00000000	      0.00000000	    -59.35339830	      2.86429853	     -3.45347735	     -0.00000000	      0.00000000	      0.00000000	      0.00000000	      0.00000000	      0.00000000	      6.06647471	      9.44999268	      0.10915840	     -0.58553345	     -0.26311110	      0.18704153	     -0.00824526	     -0.00360284	      0.00125501	      0.32850349	      0.01271236	     -0.07125330	     -0.00188020	      0.00013661	     -0.00860893	      0.00000000	      0.00000000	      0.00000000	     -1.62549930	      2.30190674	      1.67774904	     -0.03483837	     -0.21062689	      0.04117160	      0.00000000	      0.00000000	      0.00000000	     -1.53442904	      2.08801454	      1.65604605	      0.03644816	     -0.29849936	      0.23879850	      0.00000000	      0.00000000	      0.00000000	     -0.31422566	      0.10117961	      0.52521165	      0.00185676	     -0.02703010	     -0.00333573	      0.00000000	      0.00000000	      0.00000000	    118.64136374	     38.47942142	     -5.92275827	     -0.00000000	     -0.00000000	      0.00000000	      0.00000000	      0.00000000	      0.00000000	     25.21536904	      6.06464260	     -1.25755064	      0.43082570	      0.16121307	      9.36659192	      0.00000000	      0.00000000	      0.00000000	     16.58368214	      2.81412370	     -0.79532372	      0.13169774	      0.26580228	      3.59782558	      0.00000000	      0.00000000	      0.00000000	     11.26998186	      1.70267532	     -0.53771009	      0.12011302	      0.05506450	      2.68933842	      0.00000000	      0.00000000	      0.00000000	      5.79230766	      0.68351384	     -0.27237261	      0.01927161	      0.00005821	      0.41957473	      0.00000000	      0.00000000	      0.00000000	     25.04585750	      7.07268012	     -1.12291187	      0.43573367	     -0.15403827	      9.31962593	      0.00000000	      0.00000000	      0.00000000	     16.50536136	      3.27987536	     -0.73311549	      0.20505424	     -0.27686506	      3.57869327	      0.00000000	      0.00000000	      0.00000000	     11.21788352	      2.01248953	     -0.49632969	      0.12605197	     -0.05964814	      2.67668312	      0.00000000	      0.00000000	      0.00000000	      5.76928731	      0.82040940	     -0.25408812	      0.01802653	      0.00005821	      0.41800716	      0.00000000	      0.00000000	      0.00000000
      1.89000000	     -0.00000000	     -0.00000000	      0.00000000	     -0.00000000	      0.00000000	      0.00000000	      0.00000000	      0.00000000	      0.00000000	   -399.39227519	  -1476.23960515	    672.16413790	      0.00822301	      0.08058739	      0.05724079	      0.00000000	      0.00000000	      0.00000000	    120.07357436	   -569.59428437	    -62.54953171	      6.88820208	      5.28123796	     -1.97600774	     -0.00824526	     -0.00360284	     -0.00125501	    482.01907442	     93.01167222	     61.63775941	     -1.60708965	      0.64978326	    -16.52147459	      0.00000000	      0.00000000	      0.00000000	    169.28390355	   -536.38148146	    -36.31834791	     -4.35270571	     -0.10992493	     -0.39831121	      0.00000000	      0.00000000	      0.00000000	    168.81076927	   -536.97054698	    -36.03603668	     -9.54227309	      0.74643767	    -37.34095672	      0.00000000	      0.00000000	      0.00000000	     85.10964722	     -8.03074788	     11.53235978	      0.12793243	      0.11475195	      0.06178184	      0.00000000	      0.00000000	      0.00000000	    -53.95949645	     -2.84665458	     -2.71142003	     -0.00000000	      0.00000000	      0.00000000	      0.00000000	      0.00000000	      0.00000000	      5.99709643	      6.44691202	      0.06458901	     -0.42884422	     -0.21846926	      0.14917247	     -0.00824526	     -0.00360284	      0.00125501	      0.30482010	     -0.05120667	     -0.05176178	     -0.00136090	      0.00010860	     -0.00806509	      0.00000000	      0.00000000	      0.00000000	     -1.60203877	      1.82601068	      1.27917527	     -0.02178073	     -0.16714957	      0.03204383	      0.00000000	      0.00000000	      0.00000000	     -1.51361202	      1.66194724	      1.26778247	      0.03020846	     -0.23565734	      0.20318366	      0.00000000	      0.00000000	      0.00000000	     -0.30864262	      0.08895468	      0.41528635	      0.00128020	     -0.02245861	     -0.00121505	      0.00000000	      0.00000000	      0.00000000	    105.82250563	     40.21437628	     -6.56183921	      0.00000000	      0.00000000	     -0.00000000	      0.00000000	      0.00000000	      0.00000000	     22.54152277	      6.05081780	     -1.48235130	      0.50914784	      0.14540802	      8.38244790	      0.00000000	      0.00000000	      0.00000000	     14.84396868	      2.81648895	     -0.93363136	      0.16080008	      0.23626142	      3.21920720	      0.00000000	      0.00000000	      0.00000000	     10.09026928	      1.71568671	     -0.63129407	      0.14188114	      0.04865898	      2.40762606	      0.00000000	      0.00000000	      0.00000000	      5.18865205	      0.69729186	     -0.31925813	      0.02257222	      0.00008274	      0.37584292	      0.00000000	      0.00000000	      0.00000000	     22.38955726	      7.02427192	     -1.21939487	      0.47770271	     -0.13720893	      8.34047117	      0.00000000	      0.00000000	      0.00000000	     14.77375483	      3.26626177	     -0.81213549	      0.22291648	     -0.24914441	      3.20180639	      0.00000000	      0.00000000	      0.00000000	     10.04356360	      2.01487191	     -0.55047601	      0.13946437	     -0.05391252	      2.39618955	      0.00000000	      0.00000000	      0.00000000	      5.16801452	      0.82949086	     -0.28354759	      0.02014051	      0.00008274	      0.37443760	      0.00000000	      0.00000000	      0.00000000
      1.90000000	     -0.00000000	      0.00000000	      0.00000000	     -0.00000000	      0.00000000	     -0.00000000	      0.00000000	      0.00000000	      0.00000000	   -381.74639891	  -1462.65605472	    689.80745320	      0.00983200	      0.04651398	      0.05469291	      0.00000000	      0.00000000	      0.00000000	    126.15728288	   -569.38666805	    -58.61474336	      6.93500115	      5.44954559	     -2.05765124	     -0.00824526	     -0.00360284	     -0.00125501	    471.72112044	     92.57557739	     57.18829866	     -1.70305411	      0.78456251	    -16.06730285	      0.00000000	      0.00000000	      0.00000000	    150.12155766	   -524.09882253	    -34.84619002	     -3.82716245	      0.27175354	     -0.28157501	      0.00000000	      0.00000000	      0.00000000	    149.43174072	   -524.75084277	    -34.63028603	     -8.88106710	      1.16219648	    -35.55910591	      0.00000000	      0.00000000	      0.00000000	     88.22823331	    -12.34337494	     11.37832449	      0.07310953	      0.15779427	     -0.19288877	      0.00000000	      0.00000000	      0.00000000	    -48.25076925	     -2.96397937	     -1.93969664	     -0.00000000	      0.00000000	     -0.00000000	      0.00000000	      0.00000000	      0.00000000	      5.19873226	      6.38441372	     -0.04524986	     -0.39007084	     -0.19522863	      0.13492073	     -0.00824526	     -0.00360284	      0.00125501	      0.27787654	     -0.02098768	     -0.05300742	     -0.00139704	      0.00010892	     -0.00733708	      0.00000000	      0.00000000	      0.00000000	     -1.36356877	      1.63900681	      1.17980596	     -0.02378633	     -0.15209827	      0.02958384	      0.00000000	      0.00000000	      0.00000000	     -1.28387794	      1.48968126	      1.16815569	      0.02592730	     -0.21484060	      0.17956617	      0.00000000	      0.00000000	      0.00000000	     -0.24883266	      0.08034272	      0.38172408	      0.00130617	     -0.02001287	     -0.00146529	      0.00000000	      0.00000000	      0.00000000	     93.69947962	     35.32480400	     -8.64587596	      0.00000000	     -0.00000000	     -0.00000000	      0.00000000	      0.00000000	      0.00000000	     20.00609734	      5.03484200	     -1.81990208	      0.63779348	      0.13022893	      7.43317321	      0.00000000	      0.00000000	      0.00000000	     13.16022191	      2.34055110	     -1.15637318	      0.21606621	      0.20675883	      2.85460005	      0.00000000	      0.00000000	      0.00000000	      8.94466992	      1.41688774	     -0.78199327	      0.17904433	      0.04206608	      2.13427592	      0.00000000	      0.00000000	      0.00000000	      4.59775291	      0.57141001	     -0.39671480	      0.02807881	      0.00009103	      0.33303510	      0.00000000	      0.00000000	      0.00000000	     19.77004744	      6.47185083	     -1.67126829	      0.63381185	     -0.11968177	      7.36783267	      0.00000000	      0.00000000	      0.00000000	     13.05115788	      3.00450381	     -1.08769872	      0.27811669	     -0.22307202	      2.82783898	      0.00000000	      0.00000000	      0.00000000	      8.87212142	      1.85854367	     -0.73631158	      0.18239810	     -0.04879769	      2.11660953	      0.00000000	      0.00000000	      0.00000000	      4.56569638	      0.76656160	     -0.37652973	      0.02670430	      0.00009103	      0.33085221	      0.00000000	      0.00000000	      0.00000000
      1.91000000	      0.00000000	     -0.00000000	      0.00000000	     -0.00000000	      0.00000000	      0.00000000	      0.00000000	      0.00000000	      0.00000000	   -393.48277481	  -1441.43665366	    695.68875259	      0.01777305	      0.01326727	      0.04908509	      0.00000000	      0.00000000	      0.00000000	    131.43997858	   -567.29310362	    -54.06415847	      6.79519272	      5.53965615	     -2.14038007	     -0.00824526	     -0.00360284	     -0.00125501	    458.60498209	     90.43287698	     51.94505942	     -1.80349845	      0.96727450	    -15.50001423	      0.00000000	      0.00000000	      0.00000000	    131.67709325	   -521.59227109	    -34.37395544	     -3.45977135	      0.54071897	     -0.20484257	      0.00000000	      0.00000000	      0.00000000	    130.84282152	   -522.32290282	    -34.21590924	     -8.48600524	      1.51716295	    -34.39802494	      0.00000000	      0.00000000	      0.00000000	     89.30031331	    -15.39724574	     11.12707481	      0.03322884	      0.19637656	     -0.38015904	      0.00000000	      0.00000000	      0.00000000	    -41.66993204	     -6.09957935	     -0.40816345	      0.00000000	     -0.00000000	     -0.00000000	      0.00000000	      0.00000000	      0.00000000	      4.70492581	      4.40093095	     -0.23212812	     -0.20954991	     -0.14230645	      0.09387799	     -0.00824526	     -0.00360284	      0.00125501	      0.24628600	     -0.04444921	     -0.03782047	     -0.00099409	      0.00008794	     -0.00653289	      0.00000000	      0.00000000	      0.00000000	     -1.25215420	      1.21383790	      0.75635958	     -0.01347335	     -0.10554887	      0.02020444	      0.00000000	      0.00000000	      0.00000000	     -1.17805720	      1.10575497	      0.75615404	      0.01701750	     -0.14739515	      0.14241871	      0.00000000	      0.00000000	      0.00000000	     -0.22054877	      0.06456426	      0.26908436	      0.00089717	     -0.01492742	     -0.00032875	      0.00000000	      0.00000000	      0.00000000	     80.80312513	     32.15827303	     -9.28478322	     -0.00000000	      0.00000000	     -0.00000000	      0.00000000	      0.00000000	      0.00000000	     17.28987957	      4.35956774	     -1.96346270	      0.69035359	      0.11359503	      6.42371463	      0.00000000	      0.00000000	      0.00000000	     11.37253878	      2.02203699	     -1.24417878	      0.23931828	      0.17672276	      2.46690854	      0.00000000	      0.00000000	      0.00000000	      7.72999753	      1.22151856	     -0.84120493	      0.19371919	      0.03559040	      1.84446068	      0.00000000	      0.00000000	      0.00000000	      3.97338791	      0.49140871	     -0.42635209	      0.03017072	      0.00009738	      0.28780935	      0.00000000	      0.00000000	      0.00000000	     17.03487522	      5.92558657	     -1.77655151	      0.67122864	     -0.10228800	      6.35315230	      0.00000000	      0.00000000	      0.00000000	     11.25471708	      2.74559723	     -1.15781870	      0.28975863	     -0.19416180	      2.43795001	      0.00000000	      0.00000000	      0.00000000	      7.65162350	      1.70282493	     -0.78375891	      0.19309682	     -0.04278905	      1.82535791	      0.00000000	      0.00000000	      0.00000000	      3.93875729	      0.70408038	     -0.40096879	      0.02844224	      0.00009738	      0.28545118	      0.00000000	      0.00000000	      0.00000000
      1.92000000	     -0.00000000	      0.00000000	      0.00000000	      0.00000000	      0.00000000	     -0.00000000	      0.00000000	      0.00000000	      0.00000000	   -384.02942898	  -1408.24770695	    696.93044585	      0.01895132	     -0.02628457	      0.04589196	      0.00000000	      0.00000000	      0.00000000	    132.49414708	   -557.80938233	    -49.11781718	      6.56930297	      5.48720560	     -2.11625234	     -0.00824526	     -0.00360284	     -0.00125501	    436.09502593	     84.26492643	     46.43221956	     -1.83209194	      1.06116619	    -14.62539251	      0.00000000	      0.00000000	      0.00000000	    122.84977374	   -534.72763092	    -34.75611049	     -3.27264482	      0.71209125	     -0.17003777	      0.00000000	      0.00000000	      0.00000000	    121.96300565	   -535.51846590	    -34.63932418	     -8.40972271	      1.75920082	    -34.59569156	      0.00000000	      0.00000000	      0.00000000	     91.95070663	    -18.12086697	     11.16125667	      0.00052388	      0.21158454	     -0.53682145	      0.00000000	      0.00000000	      0.00000000	    -35.45764412	     -7.81751756	      1.01408521	     -0.00000000	      0.00000000	      0.00000000	      0.00000000	      0.00000000	      0.00000000	      4.05683728	      3.39382673	     -0.41363463	     -0.05785447	     -0.09773193	      0.06068976	     -0.00824526	     -0.00360284	      0.00125501	      0.21378362	     -0.04599732	     -0.02556735	     -0.00066944	      0.00006913	     -0.00569096	      0.00000000	      0.00000000	      0.00000000	     -1.10971005	      0.96072882	      0.41449626	     -0.00600297	     -0.06847356	      0.01281376	      0.00000000	      0.00000000	      0.00000000	     -1.04522387	      0.87510902	      0.42434657	      0.00893109	     -0.09320119	      0.11524281	      0.00000000	      0.00000000	      0.00000000	     -0.19629963	      0.04797613	      0.18107447	      0.00045085	     -0.01089513	     -0.00031096	      0.00000000	      0.00000000	      0.00000000	     68.38067403	     27.40910984	    -10.48275269	     -0.00000000	     -0.00000000	      0.00000000	      0.00000000	      0.00000000	      0.00000000	     14.65524338	      3.55011825	     -2.24696824	      0.79468724	      0.09787799	      5.44378113	      0.00000000	      0.00000000	      0.00000000	      9.63753397	      1.65866437	     -1.42411782	      0.28309928	      0.14682184	      2.09096252	      0.00000000	      0.00000000	      0.00000000	      6.55138534	      0.99961205	     -0.96300828	      0.22334428	      0.02901307	      1.56332312	      0.00000000	      0.00000000	      0.00000000	      3.36763677	      0.40281799	     -0.48810806	      0.03453732	      0.00011558	      0.24390875	      0.00000000	      0.00000000	      0.00000000	     14.37935258	      5.24952283	     -2.00509838	      0.75507006	     -0.08501716	      5.36744869	      0.00000000	      0.00000000	      0.00000000	      9.51006193	      2.44385389	     -1.31236474	      0.31925069	     -0.16678640	      2.05961383	      0.00000000	      0.00000000	      0.00000000	      6.46659198	      1.52191372	     -0.88867104	      0.21746519	     -0.03722757	      1.54264903	      0.00000000	      0.00000000	      0.00000000	      3.33016968	      0.63360398	     -0.45526115	      0.03230061	      0.00011558	      0.24135743	      0.00000000	      0.00000000	      0.00000000
      1.93000000	     -0.00000000	     -0.00000000	     -0.00000000	     -0.00000000	     -0.00000000	     -0.00000000	      0.00000000	      0.00000000	      0.00000000	   -380.90100548	  -1381.22481564	    698.58180704	      0.02321048	     -0.06047447	      0.03856524	      0.00000000	      0.00000000	      0.00000000	    132.30780100	   -546.15359654	    -43.59129860	      6.32682749	      5.39075178	     -2.06784894	     -0.00824526	     -0.00360284	     -0.00125501	    410.23529267	     76.68988754	     40.65279384	     -1.83919385	      1.13408190	    -13.64090777	      0.00000000	      0.00000000	      0.00000000	    115.57712056	   -549.43369321	    -36.00128934	     -3.19767017	      0.81847440	     -0.15830786	      0.00000000	      0.00000000	      0.00000000	    114.67699475	   -550.25810344	    -35.90462817	     -8.49333289	      1.97611885	    -35.00240728	      0.00000000	      0.00000000	      0.00000000	     94.11109696	    -19.63325949	     11.28800404	     -0.01451529	      0.23209432	     -0.61834169	      0.00000000	      0.00000000	      0.00000000	    -29.42095292	     -8.25757243	      1.85865907	      0.00000000	      0.00000000	     -0.00000000	      0.00000000	      0.00000000	      0.00000000	      3.29898594	      3.14406643	     -0.50450001	     -0.08588214	     -0.08520319	      0.05644379	     -0.00824526	     -0.00360284	      0.00125501	      0.18212108	     -0.02845246	     -0.03658288	     -0.00096285	      0.00008433	     -0.00486690	      0.00000000	      0.00000000	      0.00000000	     -0.89290459	      0.82933746	      0.46874061	     -0.00989017	     -0.06476412	      0.01257139	      0.00000000	      0.00000000	      0.00000000	     -0.84005932	      0.75459165	      0.46919239	      0.00932101	     -0.09156279	      0.09786387	      0.00000000	      0.00000000	      0.00000000	     -0.15442057	      0.04413586	      0.16905160	      0.00045572	     -0.00957567	     -0.00028726	      0.00000000	      0.00000000	      0.00000000	     57.06983408	     21.40119125	    -11.11638555	     -0.00000000	     -0.00000000	     -0.00000000	      0.00000000	      0.00000000	      0.00000000	     12.25368815	      2.57677096	     -2.31218799	      0.82416148	      0.08292611	      4.54635999	      0.00000000	      0.00000000	      0.00000000	      8.04743833	      1.20909900	     -1.47170588	      0.30009674	      0.12030255	      1.74673697	      0.00000000	      0.00000000	      0.00000000	      5.46968047	      0.71998702	     -0.99516700	      0.23231521	      0.02332332	      1.30530370	      0.00000000	      0.00000000	      0.00000000	      2.81026301	      0.28656265	     -0.50511884	      0.03575858	      0.00012111	      0.20351318	      0.00000000	      0.00000000	      0.00000000	     11.95588497	      4.45178030	     -2.16758012	      0.80649622	     -0.06935229	      4.46403937	      0.00000000	      0.00000000	      0.00000000	      7.90984194	      2.07542461	     -1.40489155	      0.33346625	     -0.14121753	      1.71275348	      0.00000000	      0.00000000	      0.00000000	      5.37815248	      1.29625974	     -0.95072266	      0.23086825	     -0.03193749	      1.28293450	      0.00000000	      0.00000000	      0.00000000	      2.76982014	      0.54119648	     -0.48548051	      0.03442131	      0.00012111	      0.20075922	      0.00000000	      0.00000000	      0.00000000
      1.94000000	     -0.00000000	      0.00000000	      0.00000000	     -0.00000000	     -0.00000000	     -0.00000000	      0.00000000	      0.00000000	      0.00000000	   -376.00063930	  -1355.88537943	    699.86910052	      0.02826364	     -0.09348511	      0.02899558	      0.00000000	      0.00000000	      0.00000000	    129.58620044	   -529.29252989	    -37.24977002	      5.89717590	      5.16607531	     -1.99690644	     -0.00824526	     -0.00360284	     -0.00125501	    378.75129619	     66.84359619	     35.06159902	     -1.79021693	      1.11990387	    -12.48595220	      0.00000000	      0.00000000	      0.00000000	    112.64903087	   -561.59738661	    -37.05654507	     -3.21724892	      0.82126514	     -0.17166830	      0.00000000	      0.00000000	      0.00000000	    111.84836166	   -562.50740512	    -36.96528727	     -8.64239020	      2.05371168	    -35.53112345	      0.00000000	      0.00000000	      0.00000000	     96.88852229	    -20.43384115	     11.68604154	     -0.01555918	      0.24076483	     -0.65702638	      0.00000000	      0.00000000	      0.00000000	    -23.69410307	    -11.78777585	      3.32852150	      0.00000000	     -0.00000000	      0.00000000	      0.00000000	      0.00000000	      0.00000000	      2.94608398	      0.68094169	     -0.70858323	      0.16527958	     -0.02923419	      0.00798332	     -0.00824526	     -0.00360284	      0.00125501	      0.15044033	     -0.06827919	     -0.00867908	     -0.00022283	      0.00004027	     -0.00405830	      0.00000000	      0.00000000	      0.00000000	     -0.83477286	      0.35164356	     -0.09782553	      0.00446486	     -0.01136718	      0.00154144	      0.00000000	      0.00000000	      0.00000000	     -0.78368111	      0.32448961	     -0.07474896	     -0.00269657	     -0.01007044	      0.05873097	      0.00000000	      0.00000000	      0.00000000	     -0.13395974	      0.02697240	      0.04355089	     -0.00007621	     -0.00421374	      0.00117864	      0.00000000	      0.00000000	      0.00000000	     46.73400161	     16.98120832	    -10.31396021	      0.00000000	      0.00000000	      0.00000000	      0.00000000	      0.00000000	      0.00000000	     10.03568052	      1.97413400	     -2.19846243	      0.78275242	      0.06872913	      3.72281300	      0.00000000	      0.00000000	      0.00000000	      6.58983996	      0.93021519	     -1.39357613	      0.28692046	      0.09702269	      1.43084005	      0.00000000	      0.00000000	      0.00000000	      4.47945161	      0.55082004	     -0.94226533	      0.22029144	      0.01852008	      1.06914606	      0.00000000	      0.00000000	      0.00000000	      2.30162472	      0.21820146	     -0.47759902	      0.03379563	      0.00011536	      0.16666484	      0.00000000	      0.00000000	      0.00000000	      9.76605867	      3.66954951	     -1.97666453	      0.73818159	     -0.05607908	      3.64827848	      0.00000000	      0.00000000	      0.00000000	      6.46526442	      1.71356162	     -1.29109707	      0.30412004	     -0.11660035	      1.40008015	      0.00000000	      0.00000000	      0.00000000	      4.39658497	      1.07189569	     -0.87409710	      0.21208043	     -0.02656915	      1.04889650	      0.00000000	      0.00000000	      0.00000000	      2.26500898	      0.44844573	     -0.44747798	      0.03174453	      0.00011536	      0.16417149	      0.00000000	      0.00000000	      0.00000000
      1.95000000	      0.00000000	     -0.00000000	      0.00000000	      0.00000000	      0.00000000	      0.00000000	      0.00000000	      0.00000000	      0.00000000	   -371.50337871	  -1334.21974455	    700.43714998	      0.03365890	     -0.11305448	      0.01651045	      0.00000000	      0.00000000	      0.00000000	    125.67995946	   -510.05378712	    -30.34424023	      5.44031637	      4.89297098	     -1.91393720	     -0.00824526	     -0.00360284	     -0.00125501	    343.73530098	     55.84027318	     29.87766747	     -1.69552176	      1.04117545	    -11.23314879	      0.00000000	      0.00000000	      0.00000000	    111.65994152	   -566.87133275	    -37.93682151	     -3.28173980	      0.78023139	     -0.19352438	      0.00000000	      0.00000000	      0.00000000	    111.00322528	   -567.84294510	    -37.83689476	     -8.78104912	      2.06785097	    -35.81198429	      0.00000000	      0.00000000	      0.00000000	     99.16897229	    -20.33442367	     12.14111017	     -0.00372706	      0.25415973	     -0.64228717	      0.00000000	      0.00000000	      0.00000000	    -18.75712686	    -11.15265452	      3.98208275	      0.00000000	      0.00000000	     -0.00000000	      0.00000000	      0.00000000	      0.00000000	      2.27008103	      0.81986824	     -0.77863506	      0.20651761	     -0.00830713	     -0.00343418	     -0.00824526	     -0.00360284	      0.00125501	      0.12431138	     -0.04741371	     -0.00672541	     -0.00017209	      0.00003322	     -0.00336980	      0.00000000	      0.00000000	      0.00000000	     -0.66743734	      0.30381909	     -0.19827328	      0.00589131	      0.00271703	     -0.00111476	      0.00000000	      0.00000000	      0.00000000	     -0.62712850	      0.27771493	     -0.17492418	     -0.00555777	      0.00950356	      0.04603357	      0.00000000	      0.00000000	      0.00000000	     -0.10725269	      0.01518431	      0.00915124	     -0.00014720	     -0.00230944	      0.00028279	      0.00000000	      0.00000000	      0.00000000	     38.77223029	      9.45151588	     -9.82146713	     -0.00000000	     -0.00000000	     -0.00000000	      0.00000000	      0.00000000	      0.00000000	      8.29444595	      1.04388719	     -2.09254816	      0.74840924	      0.05742074	      3.07082197	      0.00000000	      0.00000000	      0.00000000	      5.43485715	      0.50805594	     -1.32773441	      0.27888819	      0.07855877	      1.18139753	      0.00000000	      0.00000000	      0.00000000	      3.69363093	      0.28889195	     -0.89781965	      0.21091561	      0.01470005	      0.88189003	      0.00000000	      0.00000000	      0.00000000	      1.89660174	      0.10967744	     -0.45522260	      0.03221411	      0.00011052	      0.13730245	      0.00000000	      0.00000000	      0.00000000	      8.03934681	      2.64419298	     -1.88907603	      0.70242182	     -0.04535917	      3.00029518	      0.00000000	      0.00000000	      0.00000000	      5.31699165	      1.24745806	     -1.23372255	      0.28494918	     -0.09725440	      1.15230798	      0.00000000	      0.00000000	      0.00000000	      3.61522776	      0.78073620	     -0.83528373	      0.20164520	     -0.02238322	      0.86273613	      0.00000000	      0.00000000	      0.00000000	      1.86195825	      0.32700542	     -0.42759026	      0.03033248	      0.00011052	      0.13494340	      0.00000000	      0.00000000	      0.00000000
      1.96000000	     -0.00000000	     -0.00000000	      0.00000000	     -0.00000000	      0.00000000	      0.00000000	      0.00000000	      0.00000000	      0.00000000	   -368.15092092	  -1313.54663525	    699.04047133	      0.03571116	     -0.12011361	      0.00482852	      0.00000000	      0.00000000	      0.00000000	    120.33209268	   -488.91424024	    -23.00423187	      4.90739759	      4.56985084	     -1.85562628	     -0.00824526	     -0.00360284	     -0.00125501	    306.76047276	     44.49262175	     25.17867869	     -1.56918410	      0.90773236	     -9.93125727	      0.00000000	      0.00000000	      0.00000000	    112.41086188	   -566.44529708	    -38.54802845	     -3.38264464	      0.70043045	     -0.22168450	      0.00000000	      0.00000000	      0.00000000	    111.95065219	   -567.51467702	    -38.43138055	     -8.90441244	      2.01899852	    -35.89223462	      0.00000000	      0.00000000	      0.00000000	    101.29287502	    -19.65469095	     12.66534373	      0.01735582	      0.26506422	     -0.59477398	      0.00000000	      0.00000000	      0.00000000	    -14.40053968	    -11.80273034	      4.22154853	      0.00000000	     -0.00000000	      0.00000000	      0.00000000	      0.00000000	      0.00000000	      1.82985177	     -0.04601581	     -0.78855277	      0.26846440	      0.01081528	     -0.01833930	     -0.00824526	     -0.00360284	      0.00125501	      0.09745466	     -0.05395105	      0.00230343	      0.00006653	      0.00001515	     -0.00266536	      0.00000000	      0.00000000	      0.00000000	     -0.55359703	      0.12011298	     -0.35816269	      0.00984623	      0.01922541	     -0.00447300	      0.00000000	      0.00000000	      0.00000000	     -0.51968496	      0.11150704	     -0.32994182	     -0.00878909	      0.03443781	      0.02764170	      0.00000000	      0.00000000	      0.00000000	     -0.08605904	      0.00708473	     -0.03162786	     -0.00025863	     -0.00031360	      0.00060941	      0.00000000	      0.00000000	      0.00000000	     32.47415423	      2.52992895	     -8.03738581	      0.00000000	      0.00000000	      0.00000000	      0.00000000	      0.00000000	      0.00000000	      6.89029024	      0.30553575	     -1.74545239	      0.62466127	      0.04758203	      2.54590372	      0.00000000	      0.00000000	      0.00000000	      4.50553500	      0.16784615	     -1.10363607	      0.23540886	      0.06507721	      0.98077599	      0.00000000	      0.00000000	      0.00000000	      3.06132913	      0.07848293	     -0.74622937	      0.17586024	      0.01216658	      0.73128910	      0.00000000	      0.00000000	      0.00000000	      1.57093515	      0.02178403	     -0.37791585	      0.02673394	      0.00009124	      0.11369755	      0.00000000	      0.00000000	      0.00000000	      6.68372918	      1.59236559	     -1.52221613	      0.56665378	     -0.03768862	      2.48877970	      0.00000000	      0.00000000	      0.00000000	      4.41009594	      0.76241046	     -1.00049243	      0.22763974	     -0.08045957	      0.95725341	      0.00000000	      0.00000000	      0.00000000	      2.99784385	      0.47398226	     -0.67761906	      0.16309800	     -0.01848402	      0.71579138	      0.00000000	      0.00000000	      0.00000000	      1.54288333	      0.19654071	     -0.34759947	      0.02466954	      0.00009124	      0.11178736	      0.00000000	      0.00000000	      0.00000000
      1.97000000	      0.00000000	      0.00000000	      0.00000000	     -0.00000000	      0.00000000	     -0.00000000	      0.00000000	      0.00000000	      0.00000000	   -372.10753274	  -1306.98158614	    697.29475009	      0.03275300	     -0.11742997	      0.00089463	      0.00000000	      0.00000000	      0.00000000	    119.62673208	   -481.39975125	    -16.01482838	      4.48399815	      4.37529121	     -1.87339796	     -0.00824526	     -0.00360284	     -0.00125501	    277.64819648	     34.65619209	     21.57316046	     -1.45984402	      0.81775035	     -8.89366594	      0.00000000	      0.00000000	      0.00000000	    114.34646269	   -561.33163001	    -38.79873519	     -3.49756340	      0.58963970	     -0.25470622	      0.00000000	      0.00000000	      0.00000000	    114.11974627	   -562.50951112	    -38.65835302	     -8.99375296	      1.91335720	    -35.79129917	      0.00000000	      0.00000000	      0.00000000	    103.00577830	    -18.58664970	     13.21275796	      0.04344051	      0.27535619	     -0.52650046	      0.00000000	      0.00000000	      0.00000000	    -10.83106929	    -10.64533280	      3.96544165	     -0.00000000	      0.00000000	     -0.00000000	      0.00000000	      0.00000000	      0.00000000	      1.33798695	      0.20309500	     -0.72201259	      0.24747132	      0.01573777	     -0.01848457	     -0.00824526	     -0.00360284	      0.00125501	      0.07690380	     -0.03771095	      0.00239904	      0.00006797	      0.00001032	     -0.00211897	      0.00000000	      0.00000000	      0.00000000	     -0.42191707	      0.13299228	     -0.33899891	      0.00890032	      0.02047689	     -0.00459398	      0.00000000	      0.00000000	      0.00000000	     -0.39730438	      0.12097495	     -0.31426210	     -0.00861771	      0.03527994	      0.02229600	      0.00000000	      0.00000000	      0.00000000	     -0.06925710	      0.00156097	     -0.03644534	     -0.00025812	      0.00021670	     -0.00008069	      0.00000000	      0.00000000	      0.00000000	     27.91284067	     -5.33437769	     -6.08630453	      0.00000000	      0.00000000	     -0.00000000	      0.00000000	      0.00000000	      0.00000000	      5.83728258	     -0.46799318	     -1.34844873	      0.48458143	      0.03978112	      2.14999620	      0.00000000	      0.00000000	      0.00000000	      3.80434969	     -0.18160957	     -0.85160857	      0.18622625	      0.05554685	      0.82982008	      0.00000000	      0.00000000	      0.00000000	      2.58371249	     -0.13794249	     -0.57591150	      0.13652399	      0.01050278	      0.61761787	      0.00000000	      0.00000000	      0.00000000	      1.32441073	     -0.06827607	     -0.29155276	      0.02061978	      0.00007016	      0.09582120	      0.00000000	      0.00000000	      0.00000000	      5.68432825	      0.46247658	     -1.14376190	      0.42526985	     -0.03224902	      2.10765595	      0.00000000	      0.00000000	      0.00000000	      3.73367897	      0.24830284	     -0.75703548	      0.16755742	     -0.06735128	      0.81248200	      0.00000000	      0.00000000	      0.00000000	      2.53670291	      0.14803173	     -0.51300225	      0.12273171	     -0.01534493	      0.60617138	      0.00000000	      0.00000000	      0.00000000	      1.30363891	      0.05808548	     -0.26375546	      0.01872692	      0.00007016	      0.09440674	      0.00000000	      0.00000000	      0.00000000
      1.98000000	     -0.00000000	      0.00000000	     -0.00000000	     -0.00000000	     -0.00000000	     -0.00000000	      0.00000000	      0.00000000	      0.00000000	   -377.08747358	  -1298.08947156	    694.47281410	      0.02742831	     -0.11358453	      0.00221580	      0.00000000	      0.00000000	      0.00000000	    117.03455129	   -474.77302835	     -9.32163631	      4.12688440	      4.18023848	     -1.84612670	     -0.00824526	     -0.00360284	     -0.00125501	    247.99494365	     25.32091309	     17.98458871	     -1.34468244	      0.72757722	     -7.83497935	      0.00000000	      0.00000000	      0.00000000	    116.51349237	   -551.11650491	    -38.69363473	     -3.60281789	      0.47619693	     -0.28617953	      0.00000000	      0.00000000	      0.00000000	    116.52210943	   -552.40911361	    -38.52444849	     -9.02350342	      1.78464458	    -35.42751249	      0.00000000	      0.00000000	      0.00000000	    103.58347777	    -17.21622098	     13.62220303	      0.07151923	      0.28999266	     -0.44688718	      0.00000000	      0.00000000	      0.00000000	     -7.98461460	     -8.95075716	      3.37485162	     -0.00000000	     -0.00000000	      0.00000000	      0.00000000	      0.00000000	      0.00000000	      0.92261293	      0.71116060	     -0.60186927	      0.22079406	      0.01773404	     -0.01629344	     -0.00824526	     -0.00360284	      0.00125501	      0.05954021	     -0.01975345	      0.00419573	      0.00011463	      0.00000298	     -0.00164796	      0.00000000	      0.00000000	      0.00000000	     -0.31237449	      0.21006444	     -0.31373676	      0.00878787	      0.01993418	     -0.00448546	      0.00000000	      0.00000000	      0.00000000	     -0.29646226	      0.18789015	     -0.29186895	     -0.00793282	      0.03400591	      0.02171551	      0.00000000	      0.00000000	      0.00000000	     -0.05899631	     -0.00530394	     -0.03740843	     -0.00019529	      0.00045298	     -0.00116076	      0.00000000	      0.00000000	      0.00000000	     24.67580942	    -13.23591971	     -3.74820585	     -0.00000000	     -0.00000000	     -0.00000000	      0.00000000	      0.00000000	      0.00000000	      5.05351812	     -1.17499620	     -0.87989604	      0.31834572	      0.03348060	      1.85444339	      0.00000000	      0.00000000	      0.00000000	      3.28106990	     -0.49790599	     -0.55377481	      0.12668197	      0.04930633	      0.71746351	      0.00000000	      0.00000000	      0.00000000	      2.22703523	     -0.33334464	     -0.37464776	      0.08977180	      0.00960204	      0.53281894	      0.00000000	      0.00000000	      0.00000000	      1.14016123	     -0.14930451	     -0.18945058	      0.01338987	      0.00004593	      0.08245607	      0.00000000	      0.00000000	      0.00000000	      4.96693775	     -0.68238711	     -0.68774517	      0.25619399	     -0.02876209	      1.83041406	      0.00000000	      0.00000000	      0.00000000	      3.24106647	     -0.27030186	     -0.46499381	      0.09695550	     -0.05686764	      0.70777084	      0.00000000	      0.00000000	      0.00000000	      2.20042528	     -0.18194423	     -0.31559135	      0.07461675	     -0.01268982	      0.52638415	      0.00000000	      0.00000000	      0.00000000	      1.12840326	     -0.08240621	     -0.16335572	      0.01161294	      0.00004593	      0.08165542	      0.00000000	      0.00000000	      0.00000000
      1.99000000	     -0.00000000	      0.00000000	      0.00000000	      0.00000000	     -0.00000000	     -0.00000000	      0.00000000	      0.00000000	      0.00000000	   -380.88319510	  -1284.84120889	    690.61367038	      0.01969629	     -0.10554786	      0.00553727	      0.00000000	      0.00000000	      0.00000000	    111.22575448	   -466.67206875	     -3.02336678	      3.78306819	      3.93413554	     -1.74879357	     -0.00824526	     -0.00360284	     -0.00125501	    216.99205661	     16.87409344	     14.27293636	     -1.22517850	      0.63227354	     -6.73383777	      0.00000000	      0.00000000	      0.00000000	    118.15408491	   -538.59760958	    -38.26473161	     -3.70026576	      0.35774622	     -0.31488981	      0.00000000	      0.00000000	      0.00000000	    118.39064917	   -540.01008412	    -38.06374125	     -9.01597920	      1.63715460	    -34.90852388	      0.00000000	      0.00000000	      0.00000000	    103.06893246	    -15.75551740	     13.89353659	      0.09741401	      0.30163501	     -0.36778524	      0.00000000	      0.00000000	      0.00000000	     -5.74284961	     -7.35179543	      2.42887126	     -0.00000000	     -0.00000000	      0.00000000	      0.00000000	      0.00000000	      0.00000000	      0.61339145	      1.07778803	     -0.42901036	      0.16667728	      0.01338509	     -0.01024555	     -0.00824526	     -0.00360284	      0.00125501	      0.04525521	     -0.00685988	      0.00451353	      0.00012204	     -0.00000126	     -0.00125882	      0.00000000	      0.00000000	      0.00000000	     -0.22254332	      0.27182534	     -0.23722854	      0.00737477	      0.01443588	     -0.00335668	      0.00000000	      0.00000000	      0.00000000	     -0.21364386	      0.24224057	     -0.22024106	     -0.00597025	      0.02519083	      0.02213133	      0.00000000	      0.00000000	      0.00000000	     -0.05075396	     -0.00805264	     -0.02702388	     -0.00012170	      0.00019918	     -0.00182122	      0.00000000	      0.00000000	      0.00000000	     22.13298165	    -20.31091615	     -1.13314670	      0.00000000	      0.00000000	      0.00000000	      0.00000000	      0.00000000	      0.00000000	      4.42083056	     -1.77007554	     -0.36910541	      0.13529073	      0.02796411	      1.61553640	      0.00000000	      0.00000000	      0.00000000	      2.85780672	     -0.76908744	     -0.22584385	      0.05990896	      0.04493936	      0.62669128	      0.00000000	      0.00000000	      0.00000000	      1.93842386	     -0.50121713	     -0.15299877	      0.03800205	      0.00913615	      0.46424816	      0.00000000	      0.00000000	      0.00000000	      0.99098678	     -0.21990763	     -0.07666469	      0.00539723	      0.00001275	      0.07164479	      0.00000000	      0.00000000	      0.00000000	      4.39789111	     -1.75435671	     -0.15672017	      0.06133898	     -0.02645060	      1.60895945	      0.00000000	      0.00000000	      0.00000000	      2.84720782	     -0.76182474	     -0.12771379	      0.01709605	     -0.04766345	      0.62453278	      0.00000000	      0.00000000	      0.00000000	      1.93137356	     -0.49638604	     -0.08772346	      0.01944683	     -0.01025043	      0.46269326	      0.00000000	      0.00000000	      0.00000000	      0.98787151	     -0.21777295	     -0.04782192	      0.00343319	      0.00001275	      0.07143266	      0.00000000	      0.00000000	      0.00000000
      2.00000000	     -0.00000000	     -0.00000000	     -0.00000000	     -0.00000000	     -0.00000000	      0.00000000	      0.00000000	      0.00000000	      0.00000000	   -385.19785488	  -1269.54220379	    686.37161651	      0.00966613	     -0.09349974	      0.01042385	      0.00000000	      0.00000000	      0.00000000	    103.49021941	   -460.74563591	      2.62183602	      3.50462965	      3.71982779	     -1.60460219	     -0.00824526	     -0.00360284	     -0.00125501	    187.08439706	      9.74744482	     10.71853985	     -1.11051352	      0.54225491	     -5.67583628	      0.00000000	      0.00000000	      0.00000000	    119.69734264	   -527.26183485	    -37.74898614	     -3.78080083	      0.28051890	     -0.33135637	      0.00000000	      0.00000000	      0.00000000	    120.13370853	   -528.80360945	    -37.53004933	     -8.99629486	      1.52466342	    -34.42672813	      0.00000000	      0.00000000	      0.00000000	    101.86447948	    -14.45502005	     13.95016098	      0.11725303	      0.31126467	     -0.30022946	      0.00000000	      0.00000000	      0.00000000	     -3.52075115	     -6.43760824	      0.97891167	      0.00000000	     -0.00000000	      0.00000000	      0.00000000	      0.00000000	      0.00000000	      0.38293380	      0.76131136	     -0.18117141	      0.03905268	     -0.00275171	      0.00264461	     -0.00824526	     -0.00360284	      0.00125501	      0.02665153	     -0.00861594	     -0.00299385	     -0.00007822	      0.00000863	     -0.00075429	      0.00000000	      0.00000000	      0.00000000	     -0.11822115	      0.22586924	     -0.01856697	      0.00154883	     -0.00203556	      0.00019567	      0.00000000	      0.00000000	      0.00000000	     -0.11351037	      0.20197780	     -0.01435980	     -0.00063731	     -0.00158626	      0.01805960	      0.00000000	      0.00000000	      0.00000000	     -0.02796249	     -0.00184308	      0.00763216	      0.00005816	     -0.00078827	     -0.00126510	      0.00000000	      0.00000000	      0.00000000	     19.57405834	    -26.72290929	      1.80746443	      0.00000000	      0.00000000	      0.00000000	      0.00000000	      0.00000000	      0.00000000	      3.79261979	     -2.30816945	      0.23676866	     -0.08196748	      0.02232102	      1.37945779	      0.00000000	      0.00000000	      0.00000000	      2.44059056	     -1.01953164	      0.16232706	     -0.02012119	      0.04118178	      0.53712588	      0.00000000	      0.00000000	      0.00000000	      1.65382233	     -0.65641538	      0.10966105	     -0.02349354	      0.00889971	      0.39662518	      0.00000000	      0.00000000	      0.00000000	      0.84407522	     -0.28588343	      0.05697489	     -0.00406753	     -0.00001596	      0.06098518	      0.00000000	      0.00000000	      0.00000000	      3.85328452	     -2.77020465	      0.42814767	     -0.15555813	     -0.02438462	      1.39608035	      0.00000000	      0.00000000	      0.00000000	      2.46861997	     -1.23300946	      0.25075144	     -0.07167232	     -0.03833848	      0.54433428	      0.00000000	      0.00000000	      0.00000000	      1.67246726	     -0.79841909	      0.16848022	     -0.04259964	     -0.00770740	      0.40128659	      0.00000000	      0.00000000	      0.00000000	      0.85231374	     -0.34862967	      0.08296493	     -0.00583733	     -0.00001596	      0.06154618	      0.00000000	      0.00000000	      0.00000000
      2.01000000	      0.00000000	     -0.00000000	      0.00000000	     -0.00000000	     -0.00000000	      0.00000000	      0.00000000	      0.00000000	      0.00000000	   -390.17094494	  -1254.38960802	    681.17420051	     -0.00112437	     -0.08133973	      0.01587941	      0.00000000	      0.00000000	      0.00000000	     94.57839711	   -459.31747993	      7.69280066	      3.19116248	      3.51225171	     -1.49564967	     -0.00824526	     -0.00360284	     -0.00125501	    159.43449752	      4.17244502	      7.35136352	     -1.00790306	      0.46528210	     -4.70419275	      0.00000000	      0.00000000	      0.00000000	    120.01934074	   -518.14121421	    -36.93735547	     -3.84056527	      0.20715695	     -0.34386722	      0.00000000	      0.00000000	      0.00000000	    120.64671267	   -519.78043149	    -36.72214588	     -8.95793680	      1.40729728	    -33.99204785	      0.00000000	      0.00000000	      0.00000000	    100.02098001	    -13.39900314	     13.88697080	      0.12993276	      0.31552188	     -0.24791649	      0.00000000	      0.00000000	      0.00000000	     -1.36482421	     -3.57635651	      0.03874232	     -0.00000000	      0.00000000	     -0.00000000	      0.00000000	      0.00000000	      0.00000000	      0.03061338	      1.77567952	     -0.01269614	     -0.03080520	     -0.00788067	      0.01090660	     -0.00824526	     -0.00360284	      0.00125501	      0.01378405	      0.01602332	     -0.00581784	     -0.00015396	      0.00001108	     -0.00039488	      0.00000000	      0.00000000	      0.00000000	     -0.02120264	      0.40767401	      0.09691488	     -0.00049799	     -0.00997351	      0.00182602	      0.00000000	      0.00000000	      0.00000000	     -0.02504129	      0.36263611	      0.09372096	      0.00207656	     -0.01482862	      0.02522680	      0.00000000	      0.00000000	      0.00000000	     -0.02204625	     -0.00749798	      0.02345686	      0.00021060	     -0.00127356	     -0.00285737	      0.00000000	      0.00000000	      0.00000000	     16.79308394	    -33.43099517	      4.02508536	      0.00000000	     -0.00000000	      0.00000000	      0.00000000	      0.00000000	      0.00000000	      3.12498103	     -2.92768848	      0.71616727	     -0.25148472	      0.01671106	      1.12688760	      0.00000000	      0.00000000	      0.00000000	      1.99308105	     -1.30312866	      0.46529249	     -0.08110523	      0.03621515	      0.44101846	      0.00000000	      0.00000000	      0.00000000	      1.34835370	     -0.83286074	      0.31447957	     -0.07107655	      0.00827180	      0.32397468	      0.00000000	      0.00000000	      0.00000000	      0.68591853	     -0.36040071	      0.16067777	     -0.01140360	     -0.00004174	      0.04951614	      0.00000000	      0.00000000	      0.00000000	      3.24188409	     -3.75119395	      0.84808292	     -0.31369472	     -0.02150459	      1.15904238	      0.00000000	      0.00000000	      0.00000000	      2.04709471	     -1.68361950	      0.52624253	     -0.13801143	     -0.02914440	      0.45467079	      0.00000000	      0.00000000	      0.00000000	      1.38428314	     -1.08596014	      0.35502305	     -0.08817406	     -0.00534567	      0.33287003	      0.00000000	      0.00000000	      0.00000000	      0.70179444	     -0.47223608	      0.17859245	     -0.01262350	     -0.00004174	      0.05059721	      0.00000000	      0.00000000	      0.00000000
      2.02000000	      0.00000000	      0.00000000	     -0.00000000	      0.00000000	     -0.00000000	      0.00000000	      0.00000000	      0.00000000	      0.00000000	   -389.54339341	  -1241.19243680	    675.29936696	     -0.01209862	     -0.06757522	      0.02133804	      0.00000000	      0.00000000	      0.00000000	     83.87347493	   -463.87763404	     11.68772847	      3.08526821	      3.30654324	     -1.44970123	     -0.00824526	     -0.00360284	     -0.00125501	    134.49649131	     -0.07695019	      4.20745562	     -0.91862909	      0.40237260	     -3.82997941	      0.00000000	      0.00000000	      0.00000000	    119.66355434	   -510.93188714	    -36.10334224	     -3.86686219	      0.15237043	     -0.35028753	      0.00000000	      0.00000000	      0.00000000	    120.46370382	   -512.64911065	    -35.88062877	     -8.89876929	      1.31088118	    -33.60938160	      0.00000000	      0.00000000	      0.00000000	     97.52853594	    -12.66875436	     13.67939663	      0.13504652	      0.31691735	     -0.21733701	      0.00000000	      0.00000000	      0.00000000	      0.63613223	     -0.33277068	     -0.92826858	     -0.00000000	     -0.00000000	      0.00000000	      0.00000000	      0.00000000	      0.00000000	     -0.29665593	      2.94158965	      0.15732808	     -0.10313753	     -0.01319639	      0.01951147	     -0.00824526	     -0.00360284	      0.00125501	      0.00232497	      0.04227972	     -0.00908320	     -0.00024132	      0.00001496	     -0.00007067	      0.00000000	      0.00000000	      0.00000000	      0.06643532	      0.62169973	      0.21809587	     -0.00257702	     -0.01820901	      0.00351271	      0.00000000	      0.00000000	      0.00000000	      0.05403648	      0.55202308	      0.20711966	      0.00487476	     -0.02872854	      0.03466498	      0.00000000	      0.00000000	      0.00000000	     -0.01949187	     -0.01348286	      0.04003542	      0.00035865	     -0.00183025	     -0.00464711	      0.00000000	      0.00000000	      0.00000000	     12.91209861	    -39.67406914	      5.86251755	     -0.00000000	     -0.00000000	     -0.00000000	      0.00000000	      0.00000000	      0.00000000	      2.22928889	     -3.51390332	      1.07947713	     -0.38050256	      0.01000291	      0.79086001	      0.00000000	      0.00000000	      0.00000000	      1.39789895	     -1.56773113	      0.69685391	     -0.12716304	      0.02826729	      0.31273954	      0.00000000	      0.00000000	      0.00000000	      0.94310752	     -0.99595014	      0.47093437	     -0.10739289	      0.00691407	      0.22750014	      0.00000000	      0.00000000	      0.00000000	      0.47692942	     -0.42794480	      0.24010411	     -0.01702936	     -0.00006321	      0.03436977	      0.00000000	      0.00000000	      0.00000000	      2.39439730	     -4.68386258	      1.21150653	     -0.44804235	     -0.01702541	      0.83626131	      0.00000000	      0.00000000	      0.00000000	      1.47418531	     -2.10829679	      0.75785652	     -0.19412915	     -0.01785054	      0.33204599	      0.00000000	      0.00000000	      0.00000000	      0.99385259	     -1.35553000	      0.51151280	     -0.12630793	     -0.00261482	      0.24007250	      0.00000000	      0.00000000	      0.00000000	      0.49935180	     -0.58682998	      0.25803424	     -0.01825031	     -0.00006321	      0.03589663	      0.00000000	      0.00000000	      0.00000000
      2.03000000	     -0.00000000	      0.00000000	      0.00000000	     -0.00000000	      0.00000000	      0.00000000	      0.00000000	      0.00000000	      0.00000000	   -384.84279971	  -1232.62442469	    668.34082428	     -0.02211573	     -0.05754180	      0.02627175	      0.00000000	      0.00000000	      0.00000000	     71.87737187	   -477.48926473	     14.81964473	      3.05210547	      3.10202619	     -1.49124124	     -0.00824526	     -0.00360284	     -0.00125501	    113.42825662	     -3.09716905	      1.39978201	     -0.84711904	      0.35445886	     -3.08974242	      0.00000000	      0.00000000	      0.00000000	    118.05291143	   -506.02777035	    -35.04366807	     -3.86525464	      0.09951058	     -0.35415984	      0.00000000	      0.00000000	      0.00000000	    118.99852286	   -507.76690190	    -34.82090025	     -8.81712024	      1.21242813	    -33.27673894	      0.00000000	      0.00000000	      0.00000000	     94.52009163	    -12.24605968	     13.40449931	      0.13317831	      0.31543719	     -0.20463364	      0.00000000	      0.00000000	      0.00000000	      2.71677088	      4.04829076	     -1.32874762	     -0.00000000	      0.00000000	     -0.00000000	      0.00000000	      0.00000000	      0.00000000	     -0.66011401	      4.67978580	      0.23451879	     -0.09685906	     -0.00604694	      0.02017475	     -0.00824526	     -0.00360284	      0.00125501	     -0.00598594	      0.07919085	     -0.00485445	     -0.00012976	      0.00000576	      0.00017347	      0.00000000	      0.00000000	      0.00000000	      0.13796709	      0.93055711	      0.18923164	      0.00022523	     -0.01483691	      0.00261283	      0.00000000	      0.00000000	      0.00000000	      0.11549031	      0.82429222	      0.17867050	      0.00435131	     -0.02363311	      0.04773569	      0.00000000	      0.00000000	      0.00000000	     -0.02744945	     -0.02926724	      0.03064037	      0.00047016	     -0.00154954	     -0.00763510	      0.00000000	      0.00000000	      0.00000000	      7.76565947	    -46.00061358	      7.02159748	     -0.00000000	     -0.00000000	      0.00000000	      0.00000000	      0.00000000	      0.00000000	      1.07026593	     -4.17365294	      1.25598416	     -0.44438827	      0.00216728	      0.35768824	      0.00000000	      0.00000000	      0.00000000	      0.63110060	     -1.86491855	      0.81509014	     -0.14863245	      0.01661943	      0.14740235	      0.00000000	      0.00000000	      0.00000000	      0.42181188	     -1.17914414	      0.55085953	     -0.12573899	      0.00461958	      0.10341295	      0.00000000	      0.00000000	      0.00000000	      0.20868130	     -0.50340621	      0.28133584	     -0.01996477	     -0.00007495	      0.01492349	      0.00000000	      0.00000000	      0.00000000	      1.27046254	     -5.60574930	      1.47549122	     -0.54255064	     -0.01054986	      0.41271330	      0.00000000	      0.00000000	      0.00000000	      0.72359905	     -2.52660152	      0.91651075	     -0.23398125	     -0.00425270	      0.17085990	      0.00000000	      0.00000000	      0.00000000	      0.48334109	     -1.61929025	      0.61832369	     -0.15235868	      0.00048885	      0.11867478	      0.00000000	      0.00000000	      0.00000000	      0.23586881	     -0.69789067	      0.31114578	     -0.02199467	     -0.00007495	      0.01677482	      0.00000000	      0.00000000	      0.00000000
      2.04000000	      0.00000000	      0.00000000	     -0.00000000	      0.00000000	     -0.00000000	     -0.00000000	      0.00000000	      0.00000000	      0.00000000	   -375.58768460	  -1232.94862741	    661.76764032	     -0.03003808	     -0.05626991	      0.03030637	      0.00000000	      0.00000000	      0.00000000	     58.61281677	   -502.44602853	     16.94827878	      3.28839962	      2.94691284	     -1.58574871	     -0.00824526	     -0.00360284	     -0.00125501	     96.56555348	     -5.10577511	     -1.05928140	     -0.79510337	      0.32145860	     -2.49160222	      0.00000000	      0.00000000	      0.00000000	    115.31426079	   -503.21196627	    -34.21290267	     -3.82923007	      0.09130339	     -0.34705350	      0.00000000	      0.00000000	      0.00000000	    116.37453230	   -504.89492396	    -33.98160972	     -8.72479334	      1.17661000	    -32.98203535	      0.00000000	      0.00000000	      0.00000000	     91.19789871	    -12.08208844	     12.99631452	      0.12590713	      0.31592530	     -0.20474175	      0.00000000	      0.00000000	      0.00000000	      5.20083979	      7.21800268	     -1.98109510	     -0.00000000	     -0.00000000	      0.00000000	      0.00000000	      0.00000000	      0.00000000	     -0.97644235	      5.41983645	      0.34045173	     -0.16262714	     -0.00978925	      0.02567029	     -0.00824526	     -0.00360284	      0.00125501	     -0.02264226	      0.09626833	     -0.01003060	     -0.00026765	      0.00001407	      0.00063682	      0.00000000	      0.00000000	      0.00000000	      0.23470820	      1.07352818	      0.30713111	     -0.00239068	     -0.02208974	      0.00418246	      0.00000000	      0.00000000	      0.00000000	      0.20541993	      0.95008689	      0.28840808	      0.00698894	     -0.03638434	      0.05263678	      0.00000000	      0.00000000	      0.00000000	     -0.01514324	     -0.03408323	      0.04514046	      0.00065681	     -0.00187826	     -0.00897715	      0.00000000	      0.00000000	      0.00000000	      0.11378904	    -49.81094249	      7.73591205	      0.00000000	      0.00000000	      0.00000000	      0.00000000	      0.00000000	      0.00000000	     -0.56130045	     -4.73711962	      1.47359668	     -0.51835044	     -0.00869511	     -0.25129125	      0.00000000	      0.00000000	      0.00000000	     -0.44791319	     -2.13099086	      0.94812449	     -0.17317818	     -0.00006053	     -0.08645459	      0.00000000	      0.00000000	      0.00000000	     -0.31252824	     -1.34390225	      0.64087896	     -0.14612483	      0.00127236	     -0.07181602	      0.00000000	      0.00000000	      0.00000000	     -0.16972309	     -0.57236356	      0.32640562	     -0.02313882	     -0.00008531	     -0.01248732	      0.00000000	      0.00000000	      0.00000000	     -0.34939244	     -6.20802098	      1.57900471	     -0.58778891	     -0.00063937	     -0.19296484	      0.00000000	      0.00000000	      0.00000000	     -0.35000364	     -2.81060322	      0.99682701	     -0.25599499	      0.01406595	     -0.06178523	      0.00000000	      0.00000000	      0.00000000	     -0.24739960	     -1.79597484	      0.67327548	     -0.16653555	      0.00449722	     -0.05572014	      0.00000000	      0.00000000	      0.00000000	     -0.14094513	     -0.77211789	      0.34072046	     -0.02411359	     -0.00008531	     -0.01052768	      0.00000000	      0.00000000	      0.00000000
      2.05000000	      0.00000000	     -0.00000000	      0.00000000	     -0.00000000	      0.00000000	      0.00000000	      0.00000000	      0.00000000	      0.00000000	   -367.95577607	  -1236.95940893	    653.81212795	     -0.03574482	     -0.05968277	      0.03302430	      0.00000000	      0.00000000	      0.00000000	     44.44173669	   -536.13339847	     18.64006703	      3.58366707	      2.84651448	     -1.73277740	     -0.00824526	     -0.00360284	     -0.00125501	     83.30131615	     -6.14664322	     -3.28635746	     -0.76232913	      0.30165917	     -2.02688485	      0.00000000	      0.00000000	      0.00000000	    111.18874269	   -501.54657867	    -33.41526312	     -3.76927242	      0.12844084	     -0.33043621	      0.00000000	      0.00000000	      0.00000000	    112.35156576	   -503.13550551	    -33.20419292	     -8.61756999	      1.19404477	    -32.66785557	      0.00000000	      0.00000000	      0.00000000	     87.85935262	    -12.14834764	     12.46946179	      0.11436555	      0.31754009	     -0.21701353	      0.00000000	      0.00000000	      0.00000000	      8.58257223	     11.56250950	     -2.11694090	     -0.00000000	     -0.00000000	     -0.00000000	      0.00000000	      0.00000000	      0.00000000	     -1.43448654	      6.63388356	      0.35508077	     -0.17465467	     -0.00396847	      0.02545439	     -0.00824526	     -0.00360284	      0.00125501	     -0.04321476	      0.12366574	     -0.01079620	     -0.00028870	      0.00001385	      0.00120697	      0.00000000	      0.00000000	      0.00000000	      0.35772021	      1.29572524	      0.32813740	     -0.00254421	     -0.02154033	      0.00410127	      0.00000000	      0.00000000	      0.00000000	      0.31766217	      1.14472970	      0.30648208	      0.00700595	     -0.03641683	      0.05924289	      0.00000000	      0.00000000	      0.00000000	     -0.00637958	     -0.04668504	      0.04270238	      0.00079642	     -0.00158974	     -0.01136914	      0.00000000	      0.00000000	      0.00000000	     -9.38461884	    -53.93779934	      7.95417873	      0.00000000	      0.00000000	      0.00000000	      0.00000000	      0.00000000	      0.00000000	     -2.58253292	     -5.38130997	      1.54196796	     -0.54020929	     -0.02155362	     -1.00387472	      0.00000000	      0.00000000	      0.00000000	     -1.78050229	     -2.43001352	      0.99039060	     -0.17796532	     -0.02160097	     -0.37522345	      0.00000000	      0.00000000	      0.00000000	     -1.21851971	     -1.52779574	      0.66954546	     -0.15210098	     -0.00322351	     -0.28794397	      0.00000000	      0.00000000	      0.00000000	     -0.63581620	     -0.64790899	      0.34082997	     -0.02415518	     -0.00008659	     -0.04626198	      0.00000000	      0.00000000	      0.00000000	     -2.36424271	     -6.85517129	      1.61142376	     -0.60368879	      0.01193707	     -0.94371588	      0.00000000	      0.00000000	      0.00000000	     -1.67964391	     -3.11099348	      1.02248182	     -0.26601394	      0.03612191	     -0.34995860	      0.00000000	      0.00000000	      0.00000000	     -1.15142954	     -1.98077806	      0.69089227	     -0.17161234	      0.00920898	     -0.27141734	      0.00000000	      0.00000000	      0.00000000	     -0.60617151	     -0.84806530	      0.35026234	     -0.02479748	     -0.00008659	     -0.04424332	      0.00000000	      0.00000000	      0.00000000
      2.06000000	     -0.00000000	     -0.00000000	      0.00000000	      0.00000000	     -0.00000000	      0.00000000	      0.00000000	      0.00000000	      0.00000000	   -353.79350151	  -1245.53725194	    643.98819600	     -0.03929056	     -0.06250574	      0.03458670	      0.00000000	      0.00000000	      0.00000000	     27.61265113	   -577.58689648	     19.90653839	      3.68282398	      2.59995457	     -1.98199865	     -0.00824526	     -0.00360284	     -0.00125501	     72.49980124	     -6.41585470	     -5.47341795	     -0.74615358	      0.29188863	     -1.66240597	      0.00000000	      0.00000000	      0.00000000	    107.08482000	   -501.47435171	    -31.77305653	     -3.71135878	      0.07891814	     -0.33092002	      0.00000000	      0.00000000	      0.00000000	    108.33722604	   -502.91489004	    -31.60061115	     -8.48395910	      1.08399372	    -32.45121154	      0.00000000	      0.00000000	      0.00000000	     84.67936179	    -12.47113158	     12.17051839	      0.09922592	      0.30789822	     -0.24136873	      0.00000000	      0.00000000	      0.00000000	     12.03442694	     17.84761769	     -1.06742554	     -0.00000000	      0.00000000	     -0.00000000	      0.00000000	      0.00000000	      0.00000000	     -1.95305773	      9.15947258	      0.17689125	     -0.05122741	      0.02058746	      0.01523435	     -0.00824526	     -0.00360284	      0.00125501	     -0.05381720	      0.17464457	      0.00045067	      0.00000944	     -0.00000917	      0.00150888	      0.00000000	      0.00000000	      0.00000000	      0.46048225	      1.73233369	      0.10556014	      0.00606503	     -0.00354802	     -0.00001990	      0.00000000	      0.00000000	      0.00000000	      0.40642546	      1.52770130	      0.09501506	      0.00193961	     -0.00680172	      0.07497030	      0.00000000	      0.00000000	      0.00000000	     -0.01622930	     -0.07714933	      0.00098308	      0.00098622	     -0.00007902	     -0.01620842	      0.00000000	      0.00000000	      0.00000000	    -20.62300199	    -58.71437556	      7.40368785	     -0.00000000	     -0.00000000	      0.00000000	      0.00000000	      0.00000000	      0.00000000	     -4.97115391	     -6.17308338	      1.41576040	     -0.49301904	     -0.03622625	     -1.89351835	      0.00000000	      0.00000000	      0.00000000	     -3.35624851	     -2.79505380	      0.91233180	     -0.15606450	     -0.04809408	     -0.71652726	      0.00000000	      0.00000000	      0.00000000	     -2.28946254	     -1.75292431	      0.61683291	     -0.13880033	     -0.00894028	     -0.54336869	      0.00000000	      0.00000000	      0.00000000	     -1.18669025	     -0.74030504	      0.31433653	     -0.02228425	     -0.00008091	     -0.08617362	      0.00000000	      0.00000000	      0.00000000	     -4.76826227	     -7.55119011	      1.51707506	     -0.57066537	      0.02727718	     -1.83761827	      0.00000000	      0.00000000	      0.00000000	     -3.26250486	     -3.43179150	      0.95914302	     -0.25675433	      0.06159163	     -0.69301532	      0.00000000	      0.00000000	      0.00000000	     -2.22710502	     -2.17647703	      0.64797135	     -0.16214972	      0.01450277	     -0.52799714	      0.00000000	      0.00000000	      0.00000000	     -1.15913674	     -0.92745749	      0.32809547	     -0.02322116	     -0.00008091	     -0.08429737	      0.00000000	      0.00000000	      0.00000000
      2.07000000	      0.00000000	      0.00000000	      0.00000000	      0.00000000	      0.00000000	     -0.00000000	      0.00000000	      0.00000000	      0.00000000	   -337.00968861	  -1257.90995538	    634.47941522	     -0.04201041	     -0.06161926	      0.03527158	      0.00000000	      0.00000000	      0.00000000	      8.52290401	   -624.90377718	     20.58434918	      4.04039573	      2.37273349	     -2.26459258	     -0.00824526	     -0.00360284	     -0.00125501	     63.99283700	     -6.02389544	     -7.65816203	     -0.74613170	      0.29344053	     -1.39884069	      0.00000000	      0.00000000	      0.00000000	    102.90540506	   -504.25602489	    -30.75418101	     -3.64424579	      0.07874573	     -0.32366491	      0.00000000	      0.00000000	      0.00000000	    104.23095371	   -505.46941209	    -30.60568406	     -8.38663100	      1.05512700	    -32.37501683	      0.00000000	      0.00000000	      0.00000000	     81.90498464	    -12.90007334	     11.81417323	      0.08366406	      0.30116798	     -0.26618105	      0.00000000	      0.00000000	      0.00000000	     15.99417553	     23.86227082	     -0.14081742	      0.00000000	      0.00000000	     -0.00000000	      0.00000000	      0.00000000	      0.00000000	     -2.47159519	     11.12689022	      0.00066560	      0.02975592	      0.03868949	      0.00813568	     -0.00824526	     -0.00360284	      0.00125501	     -0.07178983	      0.21487859	      0.00617921	      0.00016101	     -0.00002259	      0.00200653	      0.00000000	      0.00000000	      0.00000000	      0.59080469	      2.07820801	     -0.02712670	      0.01058217	      0.00776349	     -0.00251478	      0.00000000	      0.00000000	      0.00000000	      0.52341927	      1.83037897	     -0.03134295	     -0.00171043	      0.01172515	      0.08585841	      0.00000000	      0.00000000	      0.00000000	     -0.01370897	     -0.10097826	     -0.02456281	      0.00116656	      0.00099362	     -0.02012761	      0.00000000	      0.00000000	      0.00000000	    -34.01654486	    -62.18668894	      6.44476999	      0.00000000	      0.00000000	      0.00000000	      0.00000000	      0.00000000	      0.00000000	     -7.78811924	     -6.91222034	      1.23228246	     -0.42423901	     -0.05337268	     -2.94113258	      0.00000000	      0.00000000	      0.00000000	     -5.21163566	     -3.13845619	      0.79508153	     -0.12595349	     -0.07948340	     -1.11891823	      0.00000000	      0.00000000	      0.00000000	     -3.55031347	     -1.96353181	      0.53762768	     -0.11921176	     -0.01574721	     -0.84423990	      0.00000000	      0.00000000	      0.00000000	     -1.83500130	     -0.82590803	      0.27409136	     -0.01943242	     -0.00007029	     -0.13314085	      0.00000000	      0.00000000	      0.00000000	     -7.61172899	     -8.09993549	      1.32531461	     -0.50372299	      0.04557522	     -2.89251505	      0.00000000	      0.00000000	      0.00000000	     -5.13013666	     -3.68722575	      0.83806592	     -0.23423583	      0.09127160	     -1.09851444	      0.00000000	      0.00000000	      0.00000000	     -3.49610100	     -2.32856883	      0.56622055	     -0.14345151	      0.02060544	     -0.83088973	      0.00000000	      0.00000000	      0.00000000	     -1.81104679	     -0.98720453	      0.28672550	     -0.02029274	     -0.00007029	     -0.13150967	      0.00000000	      0.00000000	      0.00000000
      2.08000000	     -0.00000000	      0.00000000	     -0.00000000	      0.00000000	     -0.00000000	     -0.00000000	      0.00000000	      0.00000000	      0.00000000	   -313.29980059	  -1273.08265390	    620.98665542	     -0.05101976	     -0.05185212	      0.03856361	      0.00000000	      0.00000000	      0.00000000	    -10.95094256	   -677.75974595	     21.37351742	      4.29332248	      2.11394519	     -2.63582244	     -0.00824526	     -0.00360284	     -0.00125501	     57.69781356	     -5.46224509	     -9.16685579	     -0.74433927	      0.28683250	     -1.21986565	      0.00000000	      0.00000000	      0.00000000	     99.23962711	   -513.76273258	    -30.07790276	     -3.60943440	      0.05576646	     -0.32044395	      0.00000000	      0.00000000	      0.00000000	    100.63324192	   -514.71022735	    -29.97218810	     -8.38080355	      1.01904673	    -32.68881720	      0.00000000	      0.00000000	      0.00000000	     79.72692160	    -13.37674938	     11.59396989	      0.06968789	      0.29979314	     -0.28701113	      0.00000000	      0.00000000	      0.00000000	     20.29361527	     29.90601749	      1.26160351	     -0.00000000	     -0.00000000	      0.00000000	      0.00000000	      0.00000000	      0.00000000	     -3.00635225	     12.93716412	     -0.25944880	      0.17382139	      0.06348530	     -0.00424833	     -0.00824526	     -0.00360284	      0.00125501	     -0.09412704	      0.25070023	      0.01837328	      0.00048393	     -0.00004891	      0.00262488	      0.00000000	      0.00000000	      0.00000000	      0.72948056	      2.41264461	     -0.27724442	      0.01837076	      0.02646397	     -0.00667380	      0.00000000	      0.00000000	      0.00000000	      0.64773724	      2.12205367	     -0.26751020	     -0.00798445	      0.04371995	      0.09421555	      0.00000000	      0.00000000	      0.00000000	     -0.01238853	     -0.12961300	     -0.06602663	      0.00133079	      0.00263511	     -0.02430723	      0.00000000	      0.00000000	      0.00000000	    -48.62448496	    -65.30739313	      5.56350903	      0.00000000	     -0.00000000	      0.00000000	      0.00000000	      0.00000000	      0.00000000	    -10.85875917	     -7.63623205	      1.06167567	     -0.36106448	     -0.07211507	     -4.08198173	      0.00000000	      0.00000000	      0.00000000	     -7.23197445	     -3.47440654	      0.68823118	     -0.09831879	     -0.11348190	     -1.55723481	      0.00000000	      0.00000000	      0.00000000	     -4.92301485	     -2.16845872	      0.46559311	     -0.10141789	     -0.02308562	     -1.17182208	      0.00000000	      0.00000000	      0.00000000	     -2.54053436	     -0.90838399	      0.23775311	     -0.01686054	     -0.00005978	     -0.18424643	      0.00000000	      0.00000000	      0.00000000	    -10.70633834	     -8.62658181	      1.15954981	     -0.44596175	      0.06536584	     -4.03990485	      0.00000000	      0.00000000	      0.00000000	     -7.16155024	     -3.93198578	      0.73345275	     -0.21506776	      0.12376838	     -1.53973199	      0.00000000	      0.00000000	      0.00000000	     -4.87616923	     -2.47283670	      0.49567413	     -0.12735431	      0.02732758	     -1.16033304	      0.00000000	      0.00000000	      0.00000000	     -2.51983499	     -1.04287748	      0.25104482	     -0.01776564	     -0.00005978	     -0.18283691	      0.00000000	      0.00000000	      0.00000000
      2.09000000	     -0.00000000	      0.00000000	     -0.00000000	     -0.00000000	     -0.00000000	      0.00000000	      0.00000000	      0.00000000	      0.00000000	   -287.60730681	  -1284.32937142	    605.69842840	     -0.05954469	     -0.04127917	      0.04043152	      0.00000000	      0.00000000	      0.00000000	    -31.60979654	   -727.56684843	     22.34145410	      4.45425586	      1.86401859	     -3.02548777	     -0.00824526	     -0.00360284	     -0.00125501	     52.46058551	     -4.63710599	    -10.48781490	     -0.74416297	      0.28289453	     -1.09510093	      0.00000000	      0.00000000	      0.00000000	     96.61283959	   -530.27553344	    -29.83927095	     -3.62533327	      0.01772398	     -0.31449868	      0.00000000	      0.00000000	      0.00000000	     98.08124195	   -531.00859562	    -29.79416319	     -8.49306082	      0.98464329	    -33.42812676	      0.00000000	      0.00000000	      0.00000000	     78.02459918	    -13.84882816	     11.42894908	      0.05701438	      0.29574949	     -0.30857601	      0.00000000	      0.00000000	      0.00000000	     24.85843453	     36.90968836	      2.66105302	      0.00000000	      0.00000000	     -0.00000000	      0.00000000	      0.00000000	      0.00000000	     -3.59588617	     15.32503116	     -0.52587926	      0.30321674	      0.08662328	     -0.01343511	     -0.00824526	     -0.00360284	      0.00125501	     -0.11377275	      0.29759627	      0.02847337	      0.00075137	     -0.00007183	      0.00316584	      0.00000000	      0.00000000	      0.00000000	      0.89954703	      2.83553537	     -0.49012343	      0.02527049	      0.04209619	     -0.01019216	      0.00000000	      0.00000000	      0.00000000	      0.80049914	      2.49190628	     -0.46826883	     -0.01361808	      0.07094234	      0.10662472	      0.00000000	      0.00000000	      0.00000000	     -0.00986458	     -0.16060115	     -0.10045539	      0.00156653	      0.00401867	     -0.02922482	      0.00000000	      0.00000000	      0.00000000	    -63.73062445	    -69.30265958	      4.85316598	     -0.00000000	      0.00000000	     -0.00000000	      0.00000000	      0.00000000	      0.00000000	    -14.03722134	     -8.43651672	      0.94518096	     -0.31480627	     -0.09170310	     -5.26383845	      0.00000000	      0.00000000	      0.00000000	     -9.32494350	     -3.84404130	      0.61010194	     -0.07613230	     -0.14846718	     -2.01131636	      0.00000000	      0.00000000	      0.00000000	     -6.34540637	     -2.39386946	      0.41268747	     -0.08787789	     -0.03060157	     -1.51130287	      0.00000000	      0.00000000	      0.00000000	     -3.27190048	     -0.99913181	      0.21043788	     -0.01491734	     -0.00005322	     -0.23723592	      0.00000000	      0.00000000	      0.00000000	    -13.90650275	     -9.28862903	      0.99755260	     -0.39133700	      0.08579844	     -5.22775771	      0.00000000	      0.00000000	      0.00000000	     -9.26454654	     -4.23774959	      0.63429963	     -0.19810425	      0.15748844	     -1.99629576	      0.00000000	      0.00000000	      0.00000000	     -6.30523080	     -2.65576100	      0.42878358	     -0.11238774	      0.03431676	     -1.50144606	      0.00000000	      0.00000000	      0.00000000	     -3.25414837	     -1.11485210	      0.21755016	     -0.01540165	     -0.00005322	     -0.23602709	      0.00000000	      0.00000000	      0.00000000
      2.10000000	      0.00000000	     -0.00000000	      0.00000000	     -0.00000000	      0.00000000	      0.00000000	      0.00000000	      0.00000000	      0.00000000	   -260.35947624	  -1294.75107451	    591.44895489	     -0.06560269	     -0.03296340	      0.04057514	      0.00000000	      0.00000000	      0.00000000	    -53.85584396	   -774.84923529	     23.26821255	      4.57621349	      1.57726301	     -3.44040745	     -0.00824526	     -0.00360284	     -0.00125501	     48.21258391	     -3.67399198	    -11.77032509	     -0.75057412	      0.28251693	     -1.01415157	      0.00000000	      0.00000000	      0.00000000	     96.63106456	   -552.25466039	    -29.77985734	     -3.68159067	     -0.05120940	     -0.31793887	      0.00000000	      0.00000000	      0.00000000	     98.17323267	   -552.76699302	    -29.78931884	     -8.68918025	      0.91331643	    -34.59749764	      0.00000000	      0.00000000	      0.00000000	     77.08349878	    -14.39260000	     11.40863871	      0.04599625	      0.28807269	     -0.33149165	      0.00000000	      0.00000000	      0.00000000	     29.06447597	     44.61805388	      4.27357754	     -0.00000000	     -0.00000000	      0.00000000	      0.00000000	      0.00000000	      0.00000000	     -4.12136658	     18.05118663	     -0.82199389	      0.46545761	      0.11208382	     -0.02302523	     -0.00824526	     -0.00360284	      0.00125501	     -0.12785181	      0.35002357	      0.04233402	      0.00111898	     -0.00010240	      0.00356076	      0.00000000	      0.00000000	      0.00000000	      1.05610003	      3.30992519	     -0.76273927	      0.03504478	      0.06081012	     -0.01456654	      0.00000000	      0.00000000	      0.00000000	      0.93898314	      2.90762949	     -0.72464838	     -0.02008477	      0.10434199	      0.12176693	      0.00000000	      0.00000000	      0.00000000	     -0.01580516	     -0.19538098	     -0.14237069	      0.00181000	      0.00554948	     -0.03464508	      0.00000000	      0.00000000	      0.00000000	    -78.57466793	    -73.89725954	      4.08617542	      0.00000000	      0.00000000	      0.00000000	      0.00000000	      0.00000000	      0.00000000	    -17.16800241	     -9.29735562	      0.79873849	     -0.25808127	     -0.11093919	     -6.42865662	      0.00000000	      0.00000000	      0.00000000	    -11.38787923	     -4.24388291	      0.51421217	     -0.04971804	     -0.18310642	     -2.45866628	      0.00000000	      0.00000000	      0.00000000	     -7.74747785	     -2.63901643	      0.34774171	     -0.07145041	     -0.03807071	     -1.84586870	      0.00000000	      0.00000000	      0.00000000	     -3.99295895	     -1.09899345	      0.17715600	     -0.01255593	     -0.00004572	     -0.28947867	      0.00000000	      0.00000000	      0.00000000	    -17.05906098	    -10.02482835	      0.83342073	     -0.33482556	      0.10596766	     -6.39861852	      0.00000000	      0.00000000	      0.00000000	    -11.33754415	     -4.58000297	      0.53023669	     -0.18049285	      0.19067550	     -2.44608626	      0.00000000	      0.00000000	      0.00000000	     -7.71399537	     -2.86260075	      0.35840109	     -0.09659353	      0.04118433	     -1.83763137	      0.00000000	      0.00000000	      0.00000000	     -3.97816427	     -1.19778718	      0.18186599	     -0.01287666	     -0.00004572	     -0.28847123	      0.00000000	      0.00000000	      0.00000000
      2.11000000	     -0.00000000	      0.00000000	     -0.00000000	      0.00000000	     -0.00000000	      0.00000000	      0.00000000	      0.00000000	      0.00000000	   -237.66110348	  -1307.88015064	    580.69088607	     -0.07016240	     -0.02944099	      0.04061210	      0.00000000	      0.00000000	      0.00000000	    -74.71094105	   -819.01035376	     24.20125894	      4.84749421	      1.35218209	     -3.82356076	     -0.00824526	     -0.00360284	     -0.00125501	     45.44860487	     -2.79784900	    -12.95387403	     -0.76753841	      0.28464047	     -0.97730897	      0.00000000	      0.00000000	      0.00000000	     96.87254429	   -574.59891625	    -30.37461590	     -3.74340534	     -0.08319661	     -0.32132125	      0.00000000	      0.00000000	      0.00000000	     98.47184259	   -574.92993314	    -30.41973598	     -8.92358179	      0.91138667	    -35.80084153	      0.00000000	      0.00000000	      0.00000000	     76.80414846	    -14.85553902	     11.39998228	      0.03818813	      0.28453100	     -0.34722628	      0.00000000	      0.00000000	      0.00000000	     33.11548418	     51.09795425	      5.22137581	      0.00000000	     -0.00000000	     -0.00000000	      0.00000000	      0.00000000	      0.00000000	     -4.60967450	     20.01973156	     -1.03728214	      0.54929391	      0.12620131	     -0.02709779	     -0.00824526	     -0.00360284	      0.00125501	     -0.14969459	      0.38390176	      0.04832579	      0.00127669	     -0.00011688	      0.00415854	      0.00000000	      0.00000000	      0.00000000	      1.24375143	      3.70684910	     -0.88863953	      0.03769060	      0.06846245	     -0.01621037	      0.00000000	      0.00000000	      0.00000000	      1.10962423	      3.25472719	     -0.84155597	     -0.02474133	      0.11933760	      0.13359454	      0.00000000	      0.00000000	      0.00000000	     -0.00643517	     -0.22068148	     -0.15627981	      0.00206148	      0.00621732	     -0.03905318	      0.00000000	      0.00000000	      0.00000000	    -92.63960852	    -77.64472899	      3.83692625	     -0.00000000	      0.00000000	      0.00000000	      0.00000000	      0.00000000	      0.00000000	    -20.13871018	    -10.00864028	      0.74890638	     -0.23801530	     -0.12940118	     -7.53237950	      0.00000000	      0.00000000	      0.00000000	    -13.34234040	     -4.57323853	      0.48304974	     -0.03842708	     -0.21542824	     -2.88268095	      0.00000000	      0.00000000	      0.00000000	     -9.07550320	     -2.83913912	      0.32671893	     -0.06569978	     -0.04494991	     -2.16278344	      0.00000000	      0.00000000	      0.00000000	     -4.67552348	     -1.17934735	      0.16655260	     -0.01180576	     -0.00004317	     -0.33892172	      0.00000000	      0.00000000	      0.00000000	    -20.03716461	    -10.68283324	      0.78730545	     -0.32029344	      0.12472450	     -7.50437350	      0.00000000	      0.00000000	      0.00000000	    -13.29542248	     -4.88474131	      0.50079157	     -0.17837803	      0.22256747	     -2.87096885	      0.00000000	      0.00000000	      0.00000000	     -9.04429378	     -3.04634823	      0.33852065	     -0.09261657	      0.04788537	     -2.15511041	      0.00000000	      0.00000000	      0.00000000	     -4.66173318	     -1.27090547	      0.17176735	     -0.01216086	     -0.00004317	     -0.33798267	      0.00000000	      0.00000000	      0.00000000
      2.12000000	     -0.00000000	     -0.00000000	     -0.00000000	      0.00000000	     -0.00000000	     -0.00000000	      0.00000000	      0.00000000	      0.00000000	   -221.70126538	  -1324.00516134	    572.79190384	     -0.07292439	     -0.03032535	      0.04080465	      0.00000000	      0.00000000	      0.00000000	    -93.08642181	   -859.43858406	     25.50727395	      4.79051788	      1.15800818	     -4.20190184	     -0.00824526	     -0.00360284	     -0.00125501	     43.96207866	     -2.06826606	    -14.09250577	     -0.79390153	      0.28935908	     -0.97165624	      0.00000000	      0.00000000	      0.00000000	     97.55144930	   -596.95500570	    -30.59021347	     -3.82075940	     -0.12729071	     -0.33117920	      0.00000000	      0.00000000	      0.00000000	     99.21362978	   -597.09984287	    -30.71266512	     -9.15615840	      0.87440567	    -37.03745811	      0.00000000	      0.00000000	      0.00000000	     77.70174742	    -15.34085049	     11.56159643	      0.03088349	      0.27390029	     -0.35444260	      0.00000000	      0.00000000	      0.00000000	     36.73244758	     56.68880878	      6.60121512	      0.00000000	      0.00000000	     -0.00000000	      0.00000000	      0.00000000	      0.00000000	     -5.06956240	     21.50343743	     -1.22712786	      0.68676045	      0.14988624	     -0.03800211	     -0.00824526	     -0.00360284	      0.00125501	     -0.16695359	      0.41307219	      0.06192914	      0.00163992	     -0.00014732	      0.00462151	      0.00000000	      0.00000000	      0.00000000	      1.40698015	      3.99559750	     -1.13839406	      0.04967024	      0.08653878	     -0.02070796	      0.00000000	      0.00000000	      0.00000000	      1.25310350	      3.50785517	     -1.07861906	     -0.02843347	      0.15115672	      0.13832380	      0.00000000	      0.00000000	      0.00000000	     -0.01632777	     -0.24989831	     -0.20321153	      0.00213243	      0.00791909	     -0.04289165	      0.00000000	      0.00000000	      0.00000000	   -104.97056604	    -80.83197463	      3.97636295	      0.00000000	      0.00000000	      0.00000000	      0.00000000	      0.00000000	      0.00000000	    -22.74772730	    -10.56373920	      0.79160653	     -0.25031887	     -0.14583871	     -8.50125000	      0.00000000	      0.00000000	      0.00000000	    -15.05811734	     -4.82377873	      0.50687961	     -0.03997575	     -0.24340033	     -3.25518582	      0.00000000	      0.00000000	      0.00000000	    -10.24133779	     -2.98881701	      0.34268135	     -0.06878645	     -0.05083468	     -2.44108451	      0.00000000	      0.00000000	      0.00000000	     -5.27465020	     -1.23733559	      0.17425533	     -0.01234478	     -0.00004589	     -0.38231521	      0.00000000	      0.00000000	      0.00000000	    -22.64397971	    -11.27308194	      0.79674588	     -0.32655911	      0.14099060	     -8.47267432	      0.00000000	      0.00000000	      0.00000000	    -15.01018201	     -5.15152205	      0.50925419	     -0.18398500	      0.25077234	     -3.24314650	      0.00000000	      0.00000000	      0.00000000	    -10.20945160	     -3.20682919	      0.34426090	     -0.09467849	      0.05386132	     -2.43321826	      0.00000000	      0.00000000	      0.00000000	     -5.26056086	     -1.33366720	      0.17495328	     -0.01239230	     -0.00004589	     -0.38135579	      0.00000000	      0.00000000	      0.00000000
      2.13000000	      0.00000000	     -0.00000000	      0.00000000	     -0.00000000	     -0.00000000	      0.00000000	      0.00000000	      0.00000000	      0.00000000	   -213.17328595	  -1340.42369580	    570.02802884	     -0.07313015	     -0.03261054	      0.04126313	      0.00000000	      0.00000000	      0.00000000	   -105.66351360	   -891.35754538	     26.28043010	      5.02119721	      1.08998128	     -4.45245281	     -0.00824526	     -0.00360284	     -0.00125501	     43.62345700	     -1.64330534	    -14.96283717	     -0.82193499	      0.29444996	     -0.98368044	      0.00000000	      0.00000000	      0.00000000	     98.32350424	   -616.26322394	    -31.60739513	     -3.88094254	     -0.09974366	     -0.32812103	      0.00000000	      0.00000000	      0.00000000	    100.04744297	   -616.31549825	    -31.76903999	     -9.39045139	      0.94889019	    -38.10663141	      0.00000000	      0.00000000	      0.00000000	     79.54885625	    -15.81654155	     11.68993211	      0.02792784	      0.27085261	     -0.36163720	      0.00000000	      0.00000000	      0.00000000	     39.65033358	     62.63589134	      7.68924035	     -0.00000000	     -0.00000000	     -0.00000000	      0.00000000	      0.00000000	      0.00000000	     -5.49854783	     23.79655193	     -1.46853252	      0.78875316	      0.16420257	     -0.04211661	     -0.00824526	     -0.00360284	      0.00125501	     -0.17986677	      0.45317696	      0.06842351	      0.00181035	     -0.00016104	      0.00499325	      0.00000000	      0.00000000	      0.00000000	      1.59817533	      4.42489366	     -1.29696962	      0.05292531	      0.09514985	     -0.02258753	      0.00000000	      0.00000000	      0.00000000	      1.42862723	      3.88297861	     -1.22527888	     -0.03405799	      0.16891967	      0.15145164	      0.00000000	      0.00000000	      0.00000000	     -0.00191527	     -0.27741007	     -0.21778757	      0.00255006	      0.00867486	     -0.04770017	      0.00000000	      0.00000000	      0.00000000	   -115.19826720	    -82.95437328	      3.27612822	     -0.00000000	      0.00000000	     -0.00000000	      0.00000000	      0.00000000	      0.00000000	    -24.89002453	    -11.07211350	      0.64850654	     -0.19723036	     -0.15888454	     -9.29754670	      0.00000000	      0.00000000	      0.00000000	    -16.46829345	     -5.06439556	      0.41628395	     -0.01708911	     -0.26727487	     -3.56113589	      0.00000000	      0.00000000	      0.00000000	    -11.19958634	     -3.13629433	      0.28143783	     -0.05372561	     -0.05601665	     -2.66977830	      0.00000000	      0.00000000	      0.00000000	     -5.76729176	     -1.29763162	      0.14321485	     -0.01014768	     -0.00004070	     -0.41800725	      0.00000000	      0.00000000	      0.00000000	    -24.80956201	    -11.65136802	      0.66344910	     -0.27926847	      0.15486315	     -9.27543789	      0.00000000	      0.00000000	      0.00000000	    -16.43111670	     -5.33203317	      0.42318798	     -0.16787531	      0.27338912	     -3.55169479	      0.00000000	      0.00000000	      0.00000000	    -11.17485667	     -3.31432468	      0.28603033	     -0.08129614	      0.05851442	     -2.66363951	      0.00000000	      0.00000000	      0.00000000	     -5.75636463	     -1.37629672	      0.14524411	     -0.01028586	     -0.00004070	     -0.41726316	      0.00000000	      0.00000000	      0.00000000
      2.14000000	      0.00000000	     -0.00000000	     -0.00000000	     -0.00000000	     -0.00000000	      0.00000000	      0.00000000	      0.00000000	      0.00000000	   -203.28804414	  -1351.00100563	    570.36563244	     -0.07092989	     -0.03407296	      0.04124506	      0.00000000	      0.00000000	      0.00000000	   -121.86316642	   -912.17568475	     26.61032694	      5.17946488	      0.85075089	     -4.75693879	     -0.00824526	     -0.00360284	     -0.00125501	     43.30337311	     -1.01308920	    -16.01233211	     -0.85534689	      0.29993997	     -1.00896632	      0.00000000	      0.00000000	      0.00000000	    101.86919737	   -629.93139558	    -31.89042095	     -3.92658082	     -0.13326908	     -0.33726881	      0.00000000	      0.00000000	      0.00000000	    103.60606581	   -629.91523019	    -32.05219287	     -9.53767538	      0.90999144	    -39.01390154	      0.00000000	      0.00000000	      0.00000000	     81.91028283	    -16.39462026	     12.07081252	      0.02702041	      0.26550199	     -0.37670026	      0.00000000	      0.00000000	      0.00000000	     40.63325570	     67.45182947	      7.67395620	     -0.00000000	      0.00000000	     -0.00000000	      0.00000000	      0.00000000	      0.00000000	     -5.68560695	     25.65941757	     -1.53137185	      0.81766408	      0.16633801	     -0.03913333	     -0.00824526	     -0.00360284	      0.00125501	     -0.18769711	      0.47726987	      0.07061888	      0.00186576	     -0.00016442	      0.00522461	      0.00000000	      0.00000000	      0.00000000	      1.78179456	      4.84177655	     -1.34221686	      0.05196421	      0.09415040	     -0.02230682	      0.00000000	      0.00000000	      0.00000000	      1.59441406	      4.24851430	     -1.26338480	     -0.03772084	      0.17130556	      0.16634070	      0.00000000	      0.00000000	      0.00000000	      0.00194147	     -0.29690941	     -0.21017618	      0.00290048	      0.00838623	     -0.05176245	      0.00000000	      0.00000000	      0.00000000	   -120.52901549	    -86.31707617	      3.75544587	      0.00000000	     -0.00000000	      0.00000000	      0.00000000	      0.00000000	      0.00000000	    -26.03870997	    -11.50211488	      0.73471597	     -0.22740717	     -0.16636606	     -9.72577003	      0.00000000	      0.00000000	      0.00000000	    -17.22650437	     -5.26194839	      0.47254062	     -0.02644621	     -0.27928233	     -3.72529477	      0.00000000	      0.00000000	      0.00000000	    -11.71514428	     -3.25764439	      0.31946609	     -0.06226346	     -0.05847890	     -2.79272897	      0.00000000	      0.00000000	      0.00000000	     -6.03259854	     -1.34746253	      0.16266602	     -0.01152834	     -0.00004703	     -0.43723725	      0.00000000	      0.00000000	      0.00000000	    -25.94678397	    -12.17398314	      0.76625465	     -0.31748454	      0.16175904	     -9.70052987	      0.00000000	      0.00000000	      0.00000000	    -17.18403105	     -5.57237707	      0.48711269	     -0.18503285	      0.28626764	     -3.71447261	      0.00000000	      0.00000000	      0.00000000	    -11.68689138	     -3.46413901	      0.32915931	     -0.09205939	      0.06133114	     -2.78570241	      0.00000000	      0.00000000	      0.00000000	     -6.02011462	     -1.43870494	      0.16694910	     -0.01181999	     -0.00004703	     -0.43638715	      0.00000000	      0.00000000	      0.00000000
      2.15000000	     -0.00000000	      0.00000000	     -0.00000000	      0.00000000	     -0.00000000	      0.00000000	      0.00000000	      0.00000000	      0.00000000	   -201.58893800	  -1352.83242380	    571.22986571	     -0.06577360	     -0.03452287	      0.04072824	      0.00000000	      0.00000000	      0.00000000	   -129.51744287	   -919.74405810	     26.64772592	      5.13382237	      0.73883061	     -4.90867708	     -0.00824526	     -0.00360284	     -0.00125501	     43.57440086	     -0.71005966	    -16.72040105	     -0.88488989	      0.30217739	     -1.03086336	      0.00000000	      0.00000000	      0.00000000	    103.53166506	   -635.21919049	    -31.81730650	     -3.93404066	     -0.13648547	     -0.34088899	      0.00000000	      0.00000000	      0.00000000	    105.26434471	   -635.12039957	    -32.00917786	     -9.57536972	      0.89257959	    -39.38134747	      0.00000000	      0.00000000	      0.00000000	     84.31291768	    -16.79651155	     12.41491933	      0.02849650	      0.26972742	     -0.38262660	      0.00000000	      0.00000000	      0.00000000	     40.93939858	     68.88874902	      7.76960555	      0.00000000	     -0.00000000	      0.00000000	      0.00000000	      0.00000000	      0.00000000	     -5.78852310	     25.59055595	     -1.43809052	      0.77659869	      0.16799629	     -0.03946620	     -0.00824526	     -0.00360284	      0.00125501	     -0.19118516	      0.48471242	      0.06658148	      0.00176359	     -0.00015752	      0.00533206	      0.00000000	      0.00000000	      0.00000000	      1.82067923	      4.80688665	     -1.28068616	      0.05574346	      0.09349128	     -0.02259501	      0.00000000	      0.00000000	      0.00000000	      1.62287107	      4.22102107	     -1.21106626	     -0.03312395	      0.16782705	      0.16303315	      0.00000000	      0.00000000	      0.00000000	     -0.01976894	     -0.29408322	     -0.21928023	      0.00261483	      0.00858736	     -0.05135559	      0.00000000	      0.00000000	      0.00000000	   -122.95642866	    -85.49809094	      3.96340422	      0.00000000	      0.00000000	      0.00000000	      0.00000000	      0.00000000	      0.00000000	    -26.54215471	    -11.43129599	      0.78537226	     -0.24564738	     -0.16962524	     -9.91094530	      0.00000000	      0.00000000	      0.00000000	    -17.55440139	     -5.22589483	      0.50395744	     -0.03377221	     -0.28440530	     -3.79690640	      0.00000000	      0.00000000	      0.00000000	    -11.93754415	     -3.23220177	      0.34066334	     -0.06736795	     -0.05951781	     -2.84592298	      0.00000000	      0.00000000	      0.00000000	     -6.14645904	     -1.33461604	      0.17331263	     -0.01227998	     -0.00005229	     -0.44547148	      0.00000000	      0.00000000	      0.00000000	    -26.44988239	    -12.13192383	      0.80320771	     -0.33116702	      0.16473564	     -9.88565812	      0.00000000	      0.00000000	      0.00000000	    -17.51176806	     -5.54961154	      0.51219810	     -0.19008571	      0.29182694	     -3.78594989	      0.00000000	      0.00000000	      0.00000000	    -11.90918482	     -3.44753547	      0.34614496	     -0.09603081	      0.06253674	     -2.83883568	      0.00000000	      0.00000000	      0.00000000	     -6.13392809	     -1.42976413	      0.17573475	     -0.01244491	     -0.00005229	     -0.44461818	      0.00000000	      0.00000000	      0.00000000
      2.16000000	     -0.00000000	      0.00000000	      0.00000000	      0.00000000	      0.00000000	     -0.00000000	      0.00000000	      0.00000000	      0.00000000	   -206.24715851	  -1342.38496449	    572.95256147	     -0.05748380	     -0.03494984	      0.03912297	      0.00000000	      0.00000000	      0.00000000	   -131.47135247	   -910.59498696	     25.94465390	      5.16718651	      0.70017418	     -4.91588548	     -0.00824526	     -0.00360284	     -0.00125501	     44.14039145	     -0.61020414	    -17.17298989	     -0.91017356	      0.30144142	     -1.04815100	      0.00000000	      0.00000000	      0.00000000	    104.08995629	   -630.32286337	    -31.76290650	     -3.88671138	     -0.09457510	     -0.33575441	      0.00000000	      0.00000000	      0.00000000	    105.79722326	   -630.19303087	    -31.96429358	     -9.49307090	      0.92701325	    -39.14345803	      0.00000000	      0.00000000	      0.00000000	     86.52187936	    -17.04720070	     12.63574606	      0.03298518	      0.28089512	     -0.38806045	      0.00000000	      0.00000000	      0.00000000	     39.89901614	     68.51590678	      7.61061638	      0.00000000	      0.00000000	      0.00000000	      0.00000000	      0.00000000	      0.00000000	     -5.76501831	     25.82752245	     -1.41447275	      0.76174483	      0.16701260	     -0.03757642	     -0.00824526	     -0.00360284	      0.00125501	     -0.18809669	      0.47048333	      0.06340860	      0.00167895	     -0.00014994	      0.00520676	      0.00000000	      0.00000000	      0.00000000	      1.90585589	      5.02348117	     -1.26031186	      0.05483451	      0.09085506	     -0.02202898	      0.00000000	      0.00000000	      0.00000000	      1.70015042	      4.41123647	     -1.19095091	     -0.03345557	      0.16472468	      0.17160319	      0.00000000	      0.00000000	      0.00000000	     -0.01689477	     -0.30216413	     -0.21273046	      0.00298828	      0.00841833	     -0.05335232	      0.00000000	      0.00000000	      0.00000000	   -120.82037984	    -82.61128559	      4.01728049	     -0.00000000	      0.00000000	      0.00000000	      0.00000000	      0.00000000	      0.00000000	    -26.07608393	    -11.01609293	      0.76576670	     -0.23958920	     -0.16664705	     -9.73533829	      0.00000000	      0.00000000	      0.00000000	    -17.24396634	     -5.03439515	      0.49000264	     -0.03351405	     -0.27942752	     -3.73029757	      0.00000000	      0.00000000	      0.00000000	    -11.72613186	     -3.11118917	      0.33086807	     -0.06553033	     -0.05849061	     -2.79566349	      0.00000000	      0.00000000	      0.00000000	     -6.03729118	     -1.28312008	      0.16811767	     -0.01191445	     -0.00005643	     -0.43753149	      0.00000000	      0.00000000	      0.00000000	    -25.98504668	    -11.80983143	      0.81303681	     -0.33096714	      0.16172374	     -9.71057740	      0.00000000	      0.00000000	      0.00000000	    -17.20190367	     -5.40113251	      0.51184322	     -0.18756332	      0.28669673	     -3.71912207	      0.00000000	      0.00000000	      0.00000000	    -11.69815211	     -3.35513987	      0.34539625	     -0.09526421	      0.06143444	     -2.78853714	      0.00000000	      0.00000000	      0.00000000	     -6.02492796	     -1.39091297	      0.17453715	     -0.01235158	     -0.00005643	     -0.43668962	      0.00000000	      0.00000000	      0.00000000
      2.17000000	      0.00000000	      0.00000000	      0.00000000	     -0.00000000	      0.00000000	      0.00000000	      0.00000000	      0.00000000	      0.00000000	   -214.38942792	  -1319.93609486	    576.94683264	     -0.04559184	     -0.03712188	      0.03604585	      0.00000000	      0.00000000	      0.00000000	   -129.18756268	   -884.76740664	     24.38947967	      5.11228003	      0.64385604	     -4.82832454	     -0.00824526	     -0.00360284	     -0.00125501	     45.01290323	     -0.62406412	    -17.49454502	     -0.93349007	      0.30049624	     -1.06553796	      0.00000000	      0.00000000	      0.00000000	    105.42239600	   -615.11801033	    -30.96103737	     -3.79832817	     -0.07032053	     -0.33623074	      0.00000000	      0.00000000	      0.00000000	    107.05620277	   -614.98127942	    -31.15304057	     -9.26715915	      0.90036310	    -38.39235499	      0.00000000	      0.00000000	      0.00000000	     88.08458776	    -17.19569103	     12.83196868	      0.03801521	      0.29174848	     -0.39644912	      0.00000000	      0.00000000	      0.00000000	     37.22232440	     65.82043105	      7.10022959	      0.00000000	      0.00000000	      0.00000000	      0.00000000	      0.00000000	      0.00000000	     -5.57269332	     24.91102229	     -1.31232037	      0.73361726	      0.16205215	     -0.03759977	     -0.00824526	     -0.00360284	      0.00125501	     -0.18366521	      0.44961226	      0.06134261	      0.00162310	     -0.00014196	      0.00509489	      0.00000000	      0.00000000	      0.00000000	      1.88443022	      4.91116710	     -1.23888762	      0.05288442	      0.08876364	     -0.02144812	      0.00000000	      0.00000000	      0.00000000	      1.67558726	      4.31323730	     -1.17035935	     -0.03329198	      0.16138921	      0.16724026	      0.00000000	      0.00000000	      0.00000000	     -0.03538774	     -0.28997544	     -0.20812557	      0.00308928	      0.00792601	     -0.05184387	      0.00000000	      0.00000000	      0.00000000	   -113.53189577	    -78.46153917	      3.91976501	      0.00000000	     -0.00000000	      0.00000000	      0.00000000	      0.00000000	      0.00000000	    -24.50687185	    -10.48080451	      0.73799795	     -0.23393499	     -0.15658656	     -9.14921874	      0.00000000	      0.00000000	      0.00000000	    -16.20406404	     -4.79502860	      0.47882488	     -0.03479539	     -0.26238725	     -3.50490094	      0.00000000	      0.00000000	      0.00000000	    -11.01899694	     -2.96504340	      0.32385808	     -0.06467149	     -0.05487495	     -2.62691546	      0.00000000	      0.00000000	      0.00000000	     -5.67302724	     -1.22440607	      0.16540670	     -0.01173203	     -0.00004391	     -0.41117087	      0.00000000	      0.00000000	      0.00000000	    -24.40178615	    -11.19608246	      0.82085756	     -0.33181378	      0.15182965	     -9.12026860	      0.00000000	      0.00000000	      0.00000000	    -16.15551045	     -5.12551421	      0.51710918	     -0.18480806	      0.26958998	     -3.49271781	      0.00000000	      0.00000000	      0.00000000	    -10.98669949	     -3.18487973	      0.34932448	     -0.09551310	      0.05783820	     -2.61895195	      0.00000000	      0.00000000	      0.00000000	     -5.65875618	     -1.32154370	      0.17665937	     -0.01249829	     -0.00004391	     -0.41019908	      0.00000000	      0.00000000	      0.00000000
      2.18000000	      0.00000000	      0.00000000	      0.00000000	     -0.00000000	      0.00000000	     -0.00000000	      0.00000000	      0.00000000	      0.00000000	   -229.98859983	  -1289.53886000	    585.64562876	     -0.02950307	     -0.04404113	      0.03033286	      0.00000000	      0.00000000	      0.00000000	   -122.49210987	   -843.06684910	     22.03863194	      5.02935728	      0.63490279	     -4.62579089	     -0.00824526	     -0.00360284	     -0.00125501	     46.43750112	     -0.79166575	    -17.69898198	     -0.95609539	      0.30118918	     -1.08688400	      0.00000000	      0.00000000	      0.00000000	    105.23193597	   -589.54051018	    -29.92363836	     -3.66721044	     -0.02479712	     -0.33747432	      0.00000000	      0.00000000	      0.00000000	    106.74531487	   -589.43563315	    -30.09797864	     -8.91951509	      0.89153202	    -37.01281434	      0.00000000	      0.00000000	      0.00000000	     88.59517905	    -17.06550234	     12.84991279	      0.04345387	      0.30602506	     -0.40007684	      0.00000000	      0.00000000	      0.00000000	     33.00419007	     60.05698807	      4.88289864	     -0.00000000	      0.00000000	      0.00000000	      0.00000000	      0.00000000	      0.00000000	     -5.15763872	     23.76107559	     -0.71075828	      0.26194502	      0.11332369	      0.00145087	     -0.00824526	     -0.00360284	      0.00125501	     -0.16625033	      0.39879671	      0.00775254	      0.00021400	     -0.00004058	      0.00448288	      0.00000000	      0.00000000	      0.00000000	      1.79789234	      5.07918465	     -0.34384173	      0.03553120	      0.03491405	     -0.01001615	      0.00000000	      0.00000000	      0.00000000	      1.57678733	      4.47677165	     -0.33814325	     -0.00975272	      0.06139206	      0.19232035	      0.00000000	      0.00000000	      0.00000000	     -0.10661781	     -0.24888166	     -0.10500379	      0.00199890	      0.00350140	     -0.04972607	      0.00000000	      0.00000000	      0.00000000	   -100.85373940	    -72.57722447	      4.58803866	     -0.00000000	     -0.00000000	      0.00000000	      0.00000000	      0.00000000	      0.00000000	    -21.87322906	     -9.18020162	      0.59430289	     -0.19247544	     -0.13987308	     -8.16315669	      0.00000000	      0.00000000	      0.00000000	    -14.45991752	     -4.15505813	      0.39835183	     -0.02744863	     -0.23441563	     -3.12781826	      0.00000000	      0.00000000	      0.00000000	     -9.83041356	     -2.55774999	      0.26793663	     -0.05366081	     -0.04910029	     -2.34349933	      0.00000000	      0.00000000	      0.00000000	     -5.05946418	     -1.04628149	      0.13797505	     -0.00984304	     -0.00007533	     -0.36661937	      0.00000000	      0.00000000	      0.00000000	    -21.77232725	    -10.47747424	      1.05988438	     -0.39267437	      0.13444486	     -8.13647796	      0.00000000	      0.00000000	      0.00000000	    -14.41329705	     -4.75444740	      0.61346818	     -0.19767683	      0.24149235	     -3.11394217	      0.00000000	      0.00000000	      0.00000000	     -9.79940201	     -2.95645884	      0.41103027	     -0.10734709	      0.05192452	     -2.33505526	      0.00000000	      0.00000000	      0.00000000	     -5.04576131	     -1.22245634	      0.20120289	     -0.01414854	     -0.00007533	     -0.36568627	      0.00000000	      0.00000000	      0.00000000
      2.19000000	      0.00000000	     -0.00000000	     -0.00000000	      0.00000000	     -0.00000000	     -0.00000000	      0.00000000	      0.00000000	      0.00000000	   -260.05189071	  -1271.15358081	    607.62807463	     -0.00884682	     -0.05851196	      0.02097423	      0.00000000	      0.00000000	      0.00000000	   -112.69076536	   -794.21782644	     18.74916427	      4.85287595	      0.65927889	     -4.36571037	     -0.00824526	     -0.00360284	     -0.00125501	     49.48382237	     -1.15235153	    -18.06409558	     -0.98825622	      0.31680429	     -1.13948210	      0.00000000	      0.00000000	      0.00000000	    105.04348154	   -557.09693760	    -28.55321557	     -3.51613845	      0.02234642	     -0.35106574	      0.00000000	      0.00000000	      0.00000000	    106.43275758	   -557.00439348	    -28.69458646	     -8.49083069	      0.86613468	    -35.27953617	      0.00000000	      0.00000000	      0.00000000	     88.54021676	    -16.80823071	     12.77331124	      0.04932366	      0.30968738	     -0.39874260	      0.00000000	      0.00000000	      0.00000000	     27.30306773	     51.13539557	      5.95894654	     -0.00000000	     -0.00000000	      0.00000000	      0.00000000	      0.00000000	      0.00000000	     -4.42692348	     19.27718516	     -1.18013577	      0.74633795	      0.14685635	     -0.04955548	     -0.00824526	     -0.00360284	      0.00125501	     -0.16640069	      0.36043345	      0.06620376	      0.00174448	     -0.00013702	      0.00471030	      0.00000000	      0.00000000	      0.00000000	      1.33078142	      3.76752517	     -1.34181424	      0.04828425	      0.09295550	     -0.02169976	      0.00000000	      0.00000000	      0.00000000	      1.14353708	      3.31042717	     -1.26304301	     -0.03528405	      0.16736795	      0.13056607	      0.00000000	      0.00000000	      0.00000000	     -0.15977901	     -0.20264281	     -0.21886406	      0.00381993	      0.00590031	     -0.03842283	      0.00000000	      0.00000000	      0.00000000	    -83.36393494	    -62.92634015	      4.73111612	      0.00000000	     -0.00000000	     -0.00000000	      0.00000000	      0.00000000	      0.00000000	    -18.29574319	     -7.31068946	     -0.67352551	      0.19020023	     -0.11298435	     -6.79290958	      0.00000000	      0.00000000	      0.00000000	    -12.01130275	     -3.25432021	     -0.25146450	      0.09157376	     -0.19863012	     -2.59477087	      0.00000000	      0.00000000	      0.00000000	     -8.15078165	     -1.98192379	     -0.16824440	      0.04143176	     -0.04215689	     -1.94083381	      0.00000000	      0.00000000	      0.00000000	     -4.18053692	     -0.79468362	     -0.06490423	      0.00413692	      0.00002177	     -0.30314449	      0.00000000	      0.00000000	      0.00000000	    -17.99340946	     -9.50636460	      1.99801038	     -0.63433332	      0.10880545	     -6.70987199	      0.00000000	      0.00000000	      0.00000000	    -11.87161307	     -4.26880561	      0.98288665	     -0.26037035	      0.20225554	     -2.55922810	      0.00000000	      0.00000000	      0.00000000	     -8.05786121	     -2.65675119	      0.65283590	     -0.15601767	      0.04401039	     -1.91774259	      0.00000000	      0.00000000	      0.00000000	     -4.13947878	     -1.09286516	      0.29790112	     -0.02056831	      0.00002177	     -0.30034864	      0.00000000	      0.00000000	      0.00000000
      2.20000000	     -0.00000000	      0.00000000	     -0.00000000	      0.00000000	      0.00000000	      0.00000000	      0.00000000	      0.00000000	      0.00000000	   -298.86340645	  -1267.50026510	    646.76401492	     -0.00133253	     -0.08745141	      0.01761371	      0.00000000	      0.00000000	      0.00000000	   -104.66968875	   -743.43063486	     14.14243306	      5.02348174	      0.79449549	     -4.09893982	     -0.00824526	     -0.00360284	     -0.00125501	     54.15783731	     -1.78634085	    -18.12118310	     -1.02023444	      0.32785268	     -1.22412228	      0.00000000	      0.00000000	      0.00000000	    106.69008083	   -543.24579156	    -29.53090802	     -3.43864889	      0.15811530	     -0.34106335	      0.00000000	      0.00000000	      0.00000000	    107.88646461	   -543.24991178	    -29.62023522	     -8.36907169	      1.03948443	    -34.60636689	      0.00000000	      0.00000000	      0.00000000	     90.16868394	    -16.61665423	     12.68429352	      0.05436701	      0.31885899	     -0.39114048	      0.00000000	      0.00000000	      0.00000000	     19.89794256	     39.77714935	      2.16700916	     -0.00000000	      0.00000000	     -0.00000000	      0.00000000	      0.00000000	      0.00000000	     -3.37087729	     17.22746601	     -0.28038268	      0.11561585	      0.07290798	      0.01247440	     -0.00824526	     -0.00360284	      0.00125501	     -0.10819750	      0.25558679	      0.00111053	      0.00003311	     -0.00001851	      0.00284602	      0.00000000	      0.00000000	      0.00000000	      1.10100752	      4.06192933	     -0.16213039	      0.02298554	      0.01804665	     -0.00567273	      0.00000000	      0.00000000	      0.00000000	      0.91595723	      3.59174312	     -0.16269180	     -0.00639507	      0.03119963	      0.17308685	      0.00000000	      0.00000000	      0.00000000	     -0.23400067	     -0.14765656	     -0.06037500	      0.00191655	     -0.00050868	     -0.03592414	      0.00000000	      0.00000000	      0.00000000	    -60.81562976	    -49.55326605	      3.07509697	     -0.00000000	     -0.00000000	     -0.00000000	      0.00000000	      0.00000000	      0.00000000	    -13.21167280	     -6.30208198	      0.58146307	     -0.18940672	     -0.08523701	     -4.94020784	      0.00000000	      0.00000000	      0.00000000	     -8.75171354	     -2.86781929	      0.37335980	     -0.03932494	     -0.14089412	     -1.89171963	      0.00000000	      0.00000000	      0.00000000	     -5.95269975	     -1.77577819	      0.25208130	     -0.05238055	     -0.02933659	     -1.41887701	      0.00000000	      0.00000000	      0.00000000	     -3.06651301	     -0.73399351	      0.12819907	     -0.00908786	     -0.00004894	     -0.22226316	      0.00000000	      0.00000000	      0.00000000	    -13.15179383	     -6.90297803	      0.63221893	     -0.24911353	      0.08141737	     -4.92406603	      0.00000000	      0.00000000	      0.00000000	     -8.72404718	     -3.14545611	      0.39681094	     -0.13052814	      0.14652664	     -1.88408782	      0.00000000	      0.00000000	      0.00000000	     -5.93429631	     -1.96045994	      0.26768080	     -0.07117391	      0.03159332	     -1.41408672	      0.00000000	      0.00000000	      0.00000000	     -3.05838120	     -0.81559762	      0.13509192	     -0.00955723	     -0.00004894	     -0.22170942	      0.00000000	      0.00000000	      0.00000000
      2.21000000	      0.00000000	     -0.00000000	     -0.00000000	     -0.00000000	      0.00000000	     -0.00000000	      0.00000000	      0.00000000	      0.00000000	   -331.02590216	  -1271.83010285	    691.46442445	      0.00300163	     -0.12447912	      0.01671775	      0.00000000	      0.00000000	      0.00000000	    -90.16206628	   -688.72961775	      9.11936270	      4.48002396	      0.85792719	     -3.81052933	     -0.00824526	     -0.00360284	     -0.00125501	     61.53849065	     -3.37287194	    -17.03378392	     -1.03830658	      0.33006978	     -1.32262525	      0.00000000	      0.00000000	      0.00000000	    116.92202597	   -537.37729666	    -28.65215157	     -3.46733734	      0.12344084	     -0.35867955	      0.00000000	      0.00000000	      0.00000000	    117.82324158	   -537.59193016	    -28.72436424	     -8.31929164	      0.89530285	    -34.78059266	      0.00000000	      0.00000000	      0.00000000	     91.88714425	    -16.77847539	     13.01968511	      0.05099422	      0.31015166	     -0.40442524	      0.00000000	      0.00000000	      0.00000000	     11.00876249	     28.58379027	     -4.04378722	      0.00000000	     -0.00000000	     -0.00000000	      0.00000000	      0.00000000	      0.00000000	     -2.46461307	     17.72425278	      1.27477212	     -1.41324882	     -0.12288476	      0.19234820	     -0.00824526	     -0.00360284	      0.00125501	     -0.06408339	      0.17173437	     -0.17933712	     -0.00472359	      0.00029467	      0.00119153	      0.00000000	      0.00000000	      0.00000000	      1.05086750	      5.25338836	      2.95047308	     -0.04678142	     -0.19271676	      0.03926932	      0.00000000	      0.00000000	      0.00000000	      0.81617248	      4.68988687	      2.75624750	      0.06790870	     -0.33817944	      0.28582894	      0.00000000	      0.00000000	      0.00000000	     -0.41822180	     -0.03682531	      0.38043280	     -0.00119695	     -0.01919303	     -0.03438104	      0.00000000	      0.00000000	      0.00000000	    -33.37896638	    -43.96821903	      5.92145639	     -0.00000000	      0.00000000	     -0.00000000	      0.00000000	      0.00000000	      0.00000000	     -7.87473057	     -3.23768528	     -1.20939527	      0.35249719	     -0.04719504	     -2.90745911	      0.00000000	      0.00000000	      0.00000000	     -5.14272282	     -1.28943540	     -0.55894107	      0.12772778	     -0.08852079	     -1.10752099	      0.00000000	      0.00000000	      0.00000000	     -3.47545447	     -0.74799322	     -0.38053172	      0.08510452	     -0.01943476	     -0.82558816	      0.00000000	      0.00000000	      0.00000000	     -1.77240624	     -0.26812456	     -0.16982903	      0.01141350	     -0.00008846	     -0.12829191	      0.00000000	      0.00000000	      0.00000000	     -7.65388035	     -6.89003440	      2.56234905	     -0.76434119	      0.04168750	     -2.85055548	      0.00000000	      0.00000000	      0.00000000	     -5.04068162	     -2.97695956	      1.18374821	     -0.27808020	      0.09094349	     -1.07424919	      0.00000000	      0.00000000	      0.00000000	     -3.40757749	     -1.87052051	      0.77869096	     -0.17743610	      0.02042040	     -0.80604393	      0.00000000	      0.00000000	      0.00000000	     -1.74241389	     -0.76412830	      0.34238906	     -0.02346599	     -0.00008846	     -0.12624958	      0.00000000	      0.00000000	      0.00000000
      2.22000000	      0.00000000	     -0.00000000	      0.00000000	      0.00000000	      0.00000000	      0.00000000	      0.00000000	      0.00000000	      0.00000000	   -379.25306615	  -1297.94406678	    745.26369236	      0.00762106	     -0.16178826	      0.01713092	      0.00000000	      0.00000000	      0.00000000	    -79.43946003	   -645.42920923	      2.44958413	      4.96282268	      1.08720889	     -3.52216858	     -0.00824526	     -0.00360284	     -0.00125501	     71.03450186	     -5.31027411	    -15.66505706	     -1.05964886	      0.33427403	     -1.46838768	      0.00000000	      0.00000000	      0.00000000	    126.36604641	   -534.71340625	    -30.25948586	     -3.43210120	      0.25361658	     -0.33497493	      0.00000000	      0.00000000	      0.00000000	    127.12533330	   -534.87496523	    -30.21870060	     -8.33883393	      1.04520169	    -35.06636888	      0.00000000	      0.00000000	      0.00000000	     94.66601143	    -16.82417845	     12.92570063	      0.05789153	      0.29766864	     -0.39745570	      0.00000000	      0.00000000	      0.00000000	      1.56795029	      9.65634841	     -1.43113574	     -0.00000000	      0.00000000	     -0.00000000	      0.00000000	      0.00000000	      0.00000000	     -0.63096607	      8.34658222	      0.25469051	     -0.09263000	      0.01590770	      0.03355018	     -0.00824526	     -0.00360284	      0.00125501	     -0.01746741	      0.04099206	     -0.00771083	     -0.00020512	      0.00000816	      0.00020037	      0.00000000	      0.00000000	      0.00000000	      0.06419168	      2.78426352	      0.13042745	      0.00875154	     -0.00873747	      0.00061430	      0.00000000	      0.00000000	      0.00000000	     -0.07146135	      2.48433635	      0.11847751	      0.00148423	     -0.01639060	      0.15752173	      0.00000000	      0.00000000	      0.00000000	     -0.43826482	     -0.00717250	      0.00242310	      0.00223053	     -0.00663218	     -0.01744027	      0.00000000	      0.00000000	      0.00000000	     -6.87293098	    -18.58624613	      1.30277234	     -0.00000000	     -0.00000000	      0.00000000	      0.00000000	      0.00000000	      0.00000000	     -1.63097379	     -2.02955228	      0.13570879	     -0.05000373	     -0.01093762	     -0.61915131	      0.00000000	      0.00000000	      0.00000000	     -1.09524764	     -0.90886546	      0.10572799	     -0.01042553	     -0.01716894	     -0.23363024	      0.00000000	      0.00000000	      0.00000000	     -0.74593865	     -0.56899031	      0.07196525	     -0.01529355	     -0.00348037	     -0.17694891	      0.00000000	      0.00000000	      0.00000000	     -0.38566277	     -0.23818764	      0.03878308	     -0.00278940	     -0.00000878	     -0.02806329	      0.00000000	      0.00000000	      0.00000000	     -1.58501802	     -2.30283600	      0.36584621	     -0.13124554	      0.00942900	     -0.60641850	      0.00000000	      0.00000000	      0.00000000	     -1.07401433	     -1.03513293	      0.21206023	     -0.05989165	      0.01939720	     -0.22844334	      0.00000000	      0.00000000	      0.00000000	     -0.73181442	     -0.65298240	      0.14269659	     -0.03578947	      0.00442303	     -0.17351797	      0.00000000	      0.00000000	      0.00000000	     -0.37942179	     -0.27530067	      0.07003667	     -0.00491761	     -0.00000878	     -0.02763831	      0.00000000	      0.00000000	      0.00000000
      2.23000000	      0.00000000	     -0.00000000	     -0.00000000	     -0.00000000	      0.00000000	      0.00000000	      0.00000000	      0.00000000	      0.00000000	   -422.23104759	  -1314.04945662	    794.69415286	      0.01166205	     -0.25322202	      0.03223994	      0.00000000	      0.00000000	      0.00000000	    -69.83198462	   -592.10048303	     -4.34072943	      4.92569555	      1.25164421	     -3.25210920	     -0.00824526	     -0.00360284	     -0.00125501	     81.33604246	     -7.80667353	    -13.03119738	     -1.05835027	      0.30880080	     -1.60924895	      0.00000000	      0.00000000	      0.00000000	    133.23342999	   -522.94939007	    -30.80977575	     -3.39969082	      0.35340631	     -0.31947827	      0.00000000	      0.00000000	      0.00000000	    133.70633555	   -523.31357698	    -30.71355712	     -8.25692213	      1.12725833	    -34.73987658	      0.00000000	      0.00000000	      0.00000000	     96.52229224	    -16.76282633	     12.94512351	      0.05788753	      0.29305335	     -0.39729883	      0.00000000	      0.00000000	      0.00000000	     -9.49726933	     -5.96533373	     -6.35900270	     -0.00000000	      0.00000000	     -0.00000000	      0.00000000	      0.00000000	      0.00000000	      1.12298350	      6.23808590	      1.22028311	     -0.96910047	     -0.13344284	      0.15780672	     -0.00824526	     -0.00360284	      0.00125501	      0.05118281	     -0.06922777	     -0.09935620	     -0.00262434	      0.00015845	     -0.00194446	      0.00000000	      0.00000000	      0.00000000	     -0.40644845	      3.09149501	      1.94041246	     -0.03784422	     -0.14900637	      0.03054206	      0.00000000	      0.00000000	      0.00000000	     -0.54709949	      2.79341284	      1.83158532	      0.04217430	     -0.25083353	      0.22605891	      0.00000000	      0.00000000	      0.00000000	     -0.62663776	      0.11510168	      0.31932211	      0.00016947	     -0.02187247	     -0.00983404	      0.00000000	      0.00000000	      0.00000000	     25.71443108	     -3.81504362	      0.73118143	      0.00000000	     -0.00000000	     -0.00000000	      0.00000000	      0.00000000	      0.00000000	      5.28843682	      0.36265702	     -0.08118894	      0.02036318	      0.03278751	      1.95605476	      0.00000000	      0.00000000	      0.00000000	      3.46057576	      0.20882894	     -0.03431808	      0.00387657	      0.05641740	      0.75298902	      0.00000000	      0.00000000	      0.00000000	      2.35146138	      0.12155422	     -0.02393450	      0.00457638	      0.01183899	      0.56173291	      0.00000000	      0.00000000	      0.00000000	      1.20733541	      0.04787198	     -0.01039060	      0.00068083	     -0.00003168	      0.08746596	      0.00000000	      0.00000000	      0.00000000	      5.27953579	     -0.04470713	      0.27455156	     -0.08101242	     -0.03366587	      1.95274502	      0.00000000	      0.00000000	      0.00000000	      3.45646314	      0.02061122	      0.13004756	     -0.02608022	     -0.05580659	      0.75362661	      0.00000000	      0.00000000	      0.00000000	      2.34872570	     -0.00364667	      0.08540017	     -0.01881658	     -0.01167898	      0.56166979	      0.00000000	      0.00000000	      0.00000000	      1.20612661	     -0.00744971	      0.03792040	     -0.00260891	     -0.00003168	      0.08738365	      0.00000000	      0.00000000	      0.00000000
      2.24000000	     -0.00000000	      0.00000000	     -0.00000000	     -0.00000000	     -0.00000000	      0.00000000	      0.00000000	      0.00000000	      0.00000000	   -518.95226462	  -1352.18209589	    838.99673102	      0.00340613	     -0.22447071	      0.05370098	      0.00000000	      0.00000000	      0.00000000	    -64.80842986	   -588.29318823	    -13.03642575	      5.27499978	      1.63549127	     -3.30699350	     -0.00824526	     -0.00360284	     -0.00125501	    106.28709216	    -10.65194309	    -15.03051808	     -1.26654365	      0.44942801	     -2.11954850	      0.00000000	      0.00000000	      0.00000000	    144.84819761	   -527.91602710	    -32.36631513	     -3.43911153	      0.45673519	     -0.29504435	      0.00000000	      0.00000000	      0.00000000	    145.07971268	   -528.39370549	    -32.19980854	     -8.40117283	      1.23416249	    -35.53084517	      0.00000000	      0.00000000	      0.00000000	     98.76353964	    -16.63194405	     12.83818261	      0.06812082	      0.30718623	     -0.39907757	      0.00000000	      0.00000000	      0.00000000	    -20.87729075	    -24.12204576	     -7.95485047	     -0.00000000	      0.00000000	     -0.00000000	      0.00000000	      0.00000000	      0.00000000	      3.34874306	      1.33915949	      1.24871897	     -0.90730672	     -0.15558171	      0.15905231	     -0.00824526	     -0.00360284	      0.00125501	      0.13056286	     -0.19603379	     -0.07849308	     -0.00207664	      0.00012135	     -0.00418594	      0.00000000	      0.00000000	      0.00000000	     -1.28287381	      2.30383093	      1.78450701	     -0.03763215	     -0.14818010	      0.03037246	      0.00000000	      0.00000000	      0.00000000	     -1.38738060	      2.11359309	      1.69374598	      0.03943154	     -0.24689335	      0.22411825	      0.00000000	      0.00000000	      0.00000000	     -0.82074062	      0.21096363	      0.32422616	      0.00084703	     -0.02571747	      0.00238313	      0.00000000	      0.00000000	      0.00000000	     58.23609268	     16.07606646	     -1.08020494	      0.00000000	     -0.00000000	     -0.00000000	      0.00000000	      0.00000000	      0.00000000	     12.33404642	      2.84504772	     -0.23900434	      0.07593381	      0.07771993	      4.57995705	      0.00000000	      0.00000000	      0.00000000	      8.10854061	      1.33047298	     -0.15039735	      0.01372508	      0.13182906	      1.75920599	      0.00000000	      0.00000000	      0.00000000	      5.50975729	      0.80660178	     -0.10182925	      0.02078853	      0.02764494	      1.31475636	      0.00000000	      0.00000000	      0.00000000	      2.83129993	      0.32496188	     -0.05155885	      0.00364563	      0.00000070	      0.20508740	      0.00000000	      0.00000000	      0.00000000	     12.28700287	      3.01980855	     -0.19435930	      0.08261306	     -0.07648450	      4.56673043	      0.00000000	      0.00000000	      0.00000000	      8.08680470	      1.41121913	     -0.12976965	      0.04807226	     -0.13379831	      1.75427090	      0.00000000	      0.00000000	      0.00000000	      5.49529874	      0.86031346	     -0.08810787	      0.02449651	     -0.02850298	      1.31138139	      0.00000000	      0.00000000	      0.00000000	      2.82491123	      0.34869510	     -0.04549587	      0.00323277	      0.00000070	      0.20465236	      0.00000000	      0.00000000	      0.00000000
      2.25000000	     -0.00000000	      0.00000000	      0.00000000	      0.00000000	     -0.00000000	      0.00000000	      0.00000000	      0.00000000	      0.00000000	   -848.82764767	  -1777.65801051	    882.60121431	     -0.00000000	     -0.00000000	     -0.00000000	      0.00000000	      0.00000000	      0.00000000	    -76.19104568	   -551.49496458	     79.75759050	    -31.98686062	      8.16695654	     -5.59958753	     -0.00824526	     -0.00360284	     -0.00125501	    180.96285828	    -18.60303349	    -33.37809591	     -2.51486542	      0.79847601	     -3.62463253	      0.00000000	      0.00000000	      0.00000000	    175.31491665	   -439.13028329	      3.76933446	     -4.45054275	      3.46233448	      0.13803368	      0.00000000	      0.00000000	      0.00000000	    175.30604674	   -437.91711460	     -3.10714719	     -7.18866695	      1.77105963	    -32.05031071	      0.00000000	      0.00000000	      0.00000000	    102.94945102	     -6.72802360	      2.92286694	      0.13417071	      0.86185157	      0.26978896	      0.00000000	      0.00000000	      0.00000000	     -5.43538798	    257.70798022	   -106.96764913	      0.00000000	     -0.00000000	     -0.00000000	      0.00000000	      0.00000000	      0.00000000	    -12.17055933	     87.51065711	     18.89920210	     -8.47451878	     -1.70987307	      1.56302660	     -0.00824526	     -0.00360284	      0.00125501	     -0.54879755	      1.74110747	     -0.37711524	     -0.01005929	      0.00026614	      0.01732159	      0.00000000	      0.00000000	      0.00000000	      5.69110951	     18.98651137	     16.15607717	     -0.33648953	     -1.59708234	      0.31994166	      0.00000000	      0.00000000	      0.00000000	      4.93591427	     16.99795192	     15.52537055	      0.36802769	     -2.35061269	      1.10012399	      0.00000000	      0.00000000	      0.00000000	     -0.72622901	      0.16080224	      3.60636668	      0.01989426	     -0.15824212	     -0.10416149	      0.00000000	      0.00000000	      0.00000000	      8.05370824	    -34.70393176	    168.69856431	      0.00000000	      0.00000000	     -0.00000000	      0.00000000	      0.00000000	      0.00000000	     -0.99052396	     12.05187415	     33.26351199	    -12.06638806	     -0.09445325	     -0.18446436	      0.00000000	      0.00000000	      0.00000000	     -0.27284648	      5.63718588	     21.26247181	     -4.66805537	      0.16614874	     -0.08592540	      0.00000000	      0.00000000	      0.00000000	     -0.17515680	      3.79487773	     14.37106277	     -3.41631634	      0.06584915	     -0.04500758	      0.00000000	      0.00000000	      0.00000000	     -0.04653388	      1.69210354	      7.30364884	     -0.51740900	     -0.00186241	     -0.00214098	      0.00000000	      0.00000000	      0.00000000	      3.59632949	    -19.21895457	     33.62287722	    -12.19505025	     -0.10970297	      1.07907977	      0.00000000	      0.00000000	      0.00000000	      1.84645421	     -8.81112592	     21.42851221	     -4.74805287	      0.14199000	      0.44603022	      0.00000000	      0.00000000	      0.00000000	      1.23458471	     -5.81602131	     14.48151148	     -3.44892414	      0.06105357	      0.30265404	      0.00000000	      0.00000000	      0.00000000	      0.57637931	     -2.55460111	      7.35245209	     -0.52073225	     -0.00186241	      0.04027629	      0.00000000	      0.00000000	      0.00000000
