TendonPower
version=1
nRows=116
nColumns=81
inDegrees=no

This analysis gathers basic information about muscles during a simulation (e.g., forces, tendon lengths, moment arms, etc).
Units are S.I. units (second, meters, Newtons, ...)
If the header above contains a line with 'inDegrees', this indicates whether rotational values are in degrees (yes) or radians (no).

endheader
time	addbrev_r	addlong_r	addmagDist_r	addmagIsch_r	addmagMid_r	addmagProx_r	bflh_r	bfsh_r	edl_r	ehl_r	fdl_r	fhl_r	gaslat_r	gasmed_r	glmax1_r	glmax2_r	glmax3_r	glmed1_r	glmed2_r	glmed3_r	glmin1_r	glmin2_r	glmin3_r	grac_r	iliacus_r	perbrev_r	perlong_r	piri_r	psoas_r	recfem_r	sart_r	semimem_r	semiten_r	soleus_r	tfl_r	tibant_r	tibpost_r	vasint_r	vaslat_r	vasmed_r	addbrev_l	addlong_l	addmagDist_l	addmagIsch_l	addmagMid_l	addmagProx_l	bflh_l	bfsh_l	edl_l	ehl_l	fdl_l	fhl_l	gaslat_l	gasmed_l	glmax1_l	glmax2_l	glmax3_l	glmed1_l	glmed2_l	glmed3_l	glmin1_l	glmin2_l	glmin3_l	grac_l	iliacus_l	perbrev_l	perlong_l	piri_l	psoas_l	recfem_l	sart_l	semimem_l	semiten_l	soleus_l	tfl_l	tibant_l	tibpost_l	vasint_l	vaslat_l	vasmed_l
      1.27000000	 126468.81177433	     -0.00000000	61677166.10443866	6637265.29415979	10013452.59384177	     -0.00000000	 625637.43832820	6907741.82082084	     -0.00000000	     -0.00000000	     -0.00000000	     -0.00000000	     -0.00000000	     -0.00000000	369457575.71878135	519078999.09711456	631905790.66602314	     -0.00000000	     -0.00000000	     -0.00000000	     -0.00000000	     -0.00000000	     -0.00000000	70879806.92027113	     -0.00000000	     -0.00000000	     -0.00000000	     -0.00000000	1648909.19137490	     -0.00000000	566122796.65136087	   -340.64118607	49315517.63576983	     -0.00000000	     -0.00000000	     -0.00000000	     -0.00000000	     -0.00000000	     -0.00000000	     -0.00000000	4722541.62614558	1281083.05568096	19233601.64998911	 547385.19585171	 469347.78008826	     -0.00000000	     -0.00000000	6681604.20069535	     -0.00000000	     -0.00000000	     -0.00000000	     -0.00000000	     -0.00000000	     -0.00000000	190345616.54408586	226902846.45157322	191555664.82116431	     -0.00000000	     -0.00000000	     -0.00000000	     -0.00000000	     -0.00000000	     -0.00000000	66074710.15197527	2168737.78523681	     -0.00000000	     -0.00000000	     -0.00000000	11712503.56590321	     -0.00000000	704535320.06656325	     -0.00000000	23856203.75095748	     -0.00000000	    579.47347920	     -0.00000000	     -0.00000000	     -0.00000000	     -0.00000000	     -0.00000000
      1.28000000	  71454.93698725	     -0.00000000	61524612.32475246	6629231.59770000	9732559.04056966	     -0.00000000	 651296.61238442	7005519.58132211	     -0.00000000	     -0.00000000	     -0.00000000	     -0.00000000	     -0.00000000	     -0.00000000	372442378.99291557	522373664.41155618	633415982.30820286	     -0.00000000	     -0.00000000	     -0.00000000	     -0.00000000	     -0.00000000	     -0.00000000	70911329.18589281	     -0.00000000	     -0.00000000	     -0.00000000	     -0.00000000	1600125.19581558	     -0.00000000	566429903.93350530	   -348.20425922	49665682.68052123	     -0.00000000	     -0.00000000	     -0.00000000	     -0.00000000	     -0.00000000	     -0.00000000	     -0.00000000	5272655.05141813	1409808.80981510	19374294.70819887	 542415.45159314	 587906.47891160	     -0.00000000	     -0.00000000	6616452.30293493	     -0.00000000	     -0.00000000	     -0.00000000	     -0.00000000	     -0.00000000	     -0.00000000	187697956.25531560	223606064.94478127	190123532.01326472	     -0.00000000	     -0.00000000	     -0.00000000	     -0.00000000	     -0.00000000	     -0.00000000	66363903.79065204	2244150.49696870	     -0.00000000	     -0.00000000	     -0.00000000	11906486.23426002	     -0.00000000	704629893.64732134	     -0.00000000	23627783.01068567	     -0.00000000	    618.94181755	     -0.00000000	     -0.00000000	     -0.00000000	     -0.00000000	     -0.00000000
      1.29000000	  22386.22055854	     -0.00000000	61366001.15070919	6634615.92303314	9365899.15684791	     -0.00000000	 664901.46543775	7021903.24803197	     -0.00000000	     -0.00000000	     -0.00000000	     -0.00000000	     -0.00000000	     -0.00000000	376623723.12612444	526942517.18764818	635563638.93368733	     -0.00000000	     -0.00000000	     -0.00000000	     -0.00000000	     -0.00000000	     -0.00000000	70693274.78646372	     -0.00000000	     -0.00000000	     -0.00000000	     -0.00000000	1529069.21360602	     -0.00000000	566083726.03455377	   -314.65167324	49811976.51909367	     -0.00000000	     -0.00000000	     -0.00000000	     -0.00000000	     -0.00000000	     -0.00000000	     -0.00000000	5855046.46327354	1537729.98662013	19621395.66359363	 545243.83687763	 740622.62709364	     -0.00000000	     -0.00000000	6530645.00029503	     -0.00000000	     -0.00000000	     -0.00000000	     -0.00000000	     -0.00000000	     -0.00000000	185103770.67987573	220826205.44008338	189877992.00049821	     -0.00000000	     -0.00000000	     -0.00000000	     -0.00000000	     -0.00000000	     -0.00000000	66608320.46759873	2297848.28406424	     -0.00000000	     -0.00000000	     -0.00000000	12061048.35819137	     -0.00000000	704279569.68353987	     -0.00000000	23415323.14469356	     -0.00000000	    619.58976959	     -0.00000000	     -0.00000000	     -0.00000000	     -0.00000000	     -0.00000000
      1.30000000	   1945.20798990	     -0.00000000	60982437.50978558	6616091.14647586	8859605.42964587	     -0.00000000	 659807.29038115	6971491.79387619	     -0.00000000	     -0.00000000	     -0.00000000	     -0.00000000	     -0.00000000	     -0.00000000	380686886.32654697	531109611.87057400	636230258.82406330	     -0.00000000	     -0.00000000	     -0.00000000	     -0.00000000	     -0.00000000	     -0.00000000	70217900.92034864	     -0.00000000	     -0.00000000	     -0.00000000	     -0.00000000	1462225.90687608	     -0.00000000	565778860.39578509	   -327.82998570	49680495.83541345	     -0.00000000	     -0.00000000	     -0.00000000	     -0.00000000	     -0.00000000	     -0.00000000	     -0.00000000	6557419.61105163	1686026.11572344	19950618.67052930	 552245.95818731	 945531.44598040	     -0.00000000	     -0.00000000	6423705.31036739	     -0.00000000	     -0.00000000	     -0.00000000	     -0.00000000	     -0.00000000	     -0.00000000	181804585.63778812	217529689.51785851	189923171.29742101	     -0.00000000	     -0.00000000	     -0.00000000	     -0.00000000	     -0.00000000	     -0.00000000	66849745.86926703	2353351.78721956	     -0.00000000	     -0.00000000	     -0.00000000	12221379.68337180	     -0.00000000	703643846.54501331	     -0.00000000	23179770.36107013	     -0.00000000	    600.59167499	     -0.00000000	     -0.00000000	     -0.00000000	     -0.00000000	     -0.00000000
      1.31000000	     -0.00000000	     -0.00000000	60698245.92652433	6606019.97655779	8411782.26486926	     -0.00000000	 644983.95954343	6854670.48178784	     -0.00000000	     -0.00000000	     -0.00000000	     -0.00000000	     -0.00000000	     -0.00000000	385231767.89505076	535938405.88410628	637881511.02437544	     -0.00000000	     -0.00000000	     -0.00000000	     -0.00000000	     -0.00000000	     -0.00000000	69606864.54725850	     -0.00000000	     -0.00000000	     -0.00000000	     -0.00000000	1390655.58283712	     -0.00000000	565046260.55844212	   -346.04405863	49375765.46490805	     -0.00000000	     -0.00000000	     -0.00000000	     -0.00000000	     -0.00000000	     -0.00000000	     -0.00000000	7175834.97224428	1813778.46583544	20282580.35124928	 561604.73664449	1149910.97323153	     -0.00000000	     -0.00000000	6292854.72274597	     -0.00000000	     -0.00000000	     -0.00000000	     -0.00000000	     -0.00000000	     -0.00000000	179431291.81219640	215348213.31491461	190703854.87774286	     -0.00000000	     -0.00000000	     -0.00000000	     -0.00000000	     -0.00000000	     -0.00000000	66976565.17127302	2386242.62454492	     -0.00000000	     -0.00000000	     -0.00000000	12337477.41526930	     -0.00000000	702706358.86879122	     -0.00000000	22922572.69805190	     -0.00000000	    591.59786731	     -0.00000000	     -0.00000000	     -0.00000000	     -0.00000000	     -0.00000000
      1.32000000	     -0.00000000	     -0.00000000	59971540.12535185	6567883.86658981	7641099.38050728	     -0.00000000	 614971.88810832	6700619.48672866	     -0.00000000	     -0.00000000	     -0.00000000	     -0.00000000	     -0.00000000	     -0.00000000	390138831.65790635	540539315.23131192	636711598.94724393	     -0.00000000	     -0.00000000	     -0.00000000	     -0.00000000	     -0.00000000	     -0.00000000	68688055.46146384	     -0.00000000	     -0.00000000	     -0.00000000	     -0.00000000	1310538.86912433	     -0.00000000	564371266.68614995	   -283.00098060	48865062.52530131	     -0.00000000	     -0.00000000	     -0.00000000	     -0.00000000	     -0.00000000	     -0.00000000	     -0.00000000	8070919.63149063	1983750.71156238	20836664.05298163	 582970.68721431	1484805.22160474	     -0.00000000	     -0.00000000	6138700.47074939	     -0.00000000	     -0.00000000	     -0.00000000	     -0.00000000	     -0.00000000	     -0.00000000	175101552.65821683	211763183.80069351	192290881.01384437	     -0.00000000	     -0.00000000	     -0.00000000	     -0.00000000	     -0.00000000	     -0.00000000	67142996.21813005	2419377.20774474	     -0.00000000	     -0.00000000	     -0.00000000	12458779.18549140	     -0.00000000	701172289.49102044	     -0.00000000	22675324.58293683	     -0.00000000	    506.62025958	     -0.00000000	     -0.00000000	     -0.00000000	     -0.00000000	     -0.00000000
      1.33000000	     -0.00000000	     -0.00000000	59288648.36174558	6523885.50337540	6968204.65671561	     -0.00000000	 577212.29462211	6507840.20745616	     -0.00000000	     -0.00000000	     -0.00000000	     -0.00000000	     -0.00000000	     -0.00000000	394501632.07993937	544614811.41949141	635522662.73416364	     -0.00000000	     -0.00000000	     -0.00000000	     -0.00000000	     -0.00000000	     -0.00000000	67708428.34714228	     -0.00000000	     -0.00000000	     -0.00000000	     -0.00000000	1243467.52463529	     -0.00000000	563603730.62801170	    -71.74641628	48210663.43579621	     -0.00000000	     -0.00000000	     -0.00000000	     -0.00000000	     -0.00000000	     -0.00000000	     -0.00000000	8854747.22122907	2126114.96532589	21377259.82442529	 606523.78646605	1816798.18616742	     -0.00000000	     -0.00000000	5943071.85089337	     -0.00000000	     -0.00000000	     -0.00000000	     -0.00000000	     -0.00000000	     -0.00000000	171580021.52440816	209139052.13055673	194398734.29545981	     -0.00000000	     -0.00000000	     -0.00000000	     -0.00000000	     -0.00000000	     -0.00000000	67117969.88849159	2431338.39438709	     -0.00000000	     -0.00000000	     -0.00000000	12533342.14909889	     -0.00000000	699186447.77012551	     -0.00000000	22362441.42515428	     -0.00000000	    450.53875729	     -0.00000000	     -0.00000000	     -0.00000000	     -0.00000000	     -0.00000000
      1.34000000	     -0.00000000	     -0.00000000	58550408.75545941	6470548.65083974	6303823.27797837	     -0.00000000	 534270.73916626	6292567.64757555	     -0.00000000	     -0.00000000	     -0.00000000	     -0.00000000	     -0.00000000	     -0.00000000	398607647.89627022	548338885.75096619	633806441.28166509	     -0.00000000	     -0.00000000	     -0.00000000	     -0.00000000	     -0.00000000	     -0.00000000	66647418.34350079	     -0.00000000	     -0.00000000	     -0.00000000	     -0.00000000	1182771.64799262	     -0.00000000	562790203.15172231	     -0.00000000	47452220.88081351	     -0.00000000	     -0.00000000	     -0.00000000	     -0.00000000	     -0.00000000	     -0.00000000	     -0.00000000	9585415.99112410	2247997.78813180	21969516.95441747	 636235.11094493	2172126.33052690	     -0.00000000	     -0.00000000	5707605.45709189	     -0.00000000	     -0.00000000	     -0.00000000	     -0.00000000	     -0.00000000	     -0.00000000	168215623.34798384	206999446.74221873	197243197.86755845	     -0.00000000	     -0.00000000	     -0.00000000	     -0.00000000	     -0.00000000	     -0.00000000	66918181.83121537	2422053.31354271	     -0.00000000	     -0.00000000	     -0.00000000	12560599.34056519	     -0.00000000	696582941.16764331	     -0.00000000	22003142.01486829	     -0.00000000	    395.84493333	     -0.00000000	     -0.00000000	     -0.00000000	     -0.00000000	     -0.00000000
      1.35000000	     -0.00000000	     -0.00000000	57720361.20724265	6399339.85229201	5653409.93172027	     -0.00000000	 487078.96264984	6066827.94778965	     -0.00000000	     -0.00000000	     -0.00000000	     -0.00000000	     -0.00000000	     -0.00000000	402031935.23697335	551218050.27906239	631108301.50520909	     -0.00000000	     -0.00000000	     -0.00000000	     -0.00000000	     -0.00000000	     -0.00000000	65533297.39505145	     -0.00000000	     -0.00000000	     -0.00000000	     -0.00000000	1135125.79038479	     -0.00000000	562134832.79804659	     -0.00000000	46600227.22987533	     -0.00000000	     -0.00000000	     -0.00000000	     -0.00000000	     -0.00000000	     -0.00000000	     -0.00000000	10226773.54393367	2341462.29975169	22607168.80228193	 672760.22590379	2537944.03449771	     -0.00000000	     -0.00000000	5422787.64182150	     -0.00000000	     -0.00000000	     -0.00000000	     -0.00000000	     -0.00000000	     -0.00000000	165038607.20640734	205383710.75050244	200814719.05918038	     -0.00000000	     -0.00000000	     -0.00000000	     -0.00000000	     -0.00000000	     -0.00000000	66489523.25597215	2390226.69070219	     -0.00000000	     -0.00000000	     -0.00000000	12534077.12212955	     -0.00000000	693212803.90996313	     -0.00000000	21575517.10001879	     -0.00000000	    346.36642593	     -0.00000000	     -0.00000000	     -0.00000000	     -0.00000000	     -0.00000000
      1.36000000	     -0.00000000	     -0.00000000	56803116.34714030	6301354.67027537	5062541.64272898	     -0.00000000	 435406.16355006	5835747.42748550	     -0.00000000	     -0.00000000	     -0.00000000	     -0.00000000	     -0.00000000	     -0.00000000	404048512.55109096	552486447.18674040	627084147.30208278	     -0.00000000	     -0.00000000	     -0.00000000	     -0.00000000	     -0.00000000	     -0.00000000	64408720.30331364	     -0.00000000	     -0.00000000	     -0.00000000	     -0.00000000	1112323.82965102	     -0.00000000	561865379.04447043	     -0.00000000	45641675.62462296	     -0.00000000	     -0.00000000	     -0.00000000	     -0.00000000	     -0.00000000	     -0.00000000	     -0.00000000	10703262.45796867	2397373.83182247	23233360.49991392	 712738.71882345	2873315.52330125	     -0.00000000	     -0.00000000	5086286.95362142	     -0.00000000	     -0.00000000	     -0.00000000	     -0.00000000	     -0.00000000	     -0.00000000	162769725.86866197	204847604.43743131	205017325.62461311	     -0.00000000	     -0.00000000	     -0.00000000	     -0.00000000	     -0.00000000	     -0.00000000	65805244.07499389	2335615.91645234	     -0.00000000	     -0.00000000	     -0.00000000	12456172.96529454	     -0.00000000	689099752.17248821	     -0.00000000	21052354.70409965	     -0.00000000	    323.35689843	     -0.00000000	     -0.00000000	     -0.00000000	     -0.00000000	     -0.00000000
      1.37000000	     -0.00000000	     -0.00000000	55702052.81719597	6183094.37718526	4396801.90748452	     -0.00000000	 385263.76123250	5616064.73516097	     -0.00000000	     -0.00000000	     -0.00000000	     -0.00000000	     -0.00000000	     -0.00000000	406256642.28478944	553748649.42264676	622035683.89525127	     -0.00000000	     -0.00000000	     -0.00000000	     -0.00000000	     -0.00000000	     -0.00000000	63214978.25703774	     -0.00000000	     -0.00000000	     -0.00000000	     -0.00000000	1088209.47352332	     -0.00000000	561834652.70145273	     -0.00000000	44667445.14131095	     -0.00000000	     -0.00000000	     -0.00000000	     -0.00000000	     -0.00000000	     -0.00000000	     -0.00000000	11197384.44811183	2433662.66346279	24116030.04069645	 775300.50373710	3315944.57659226	     -0.00000000	     -0.00000000	4695862.66719384	     -0.00000000	     -0.00000000	     -0.00000000	     -0.00000000	     -0.00000000	     -0.00000000	160168495.59781286	204891135.08667371	211478525.34491369	     -0.00000000	     -0.00000000	     -0.00000000	     -0.00000000	     -0.00000000	     -0.00000000	64904656.45678311	2239293.93325654	     -0.00000000	     -0.00000000	     -0.00000000	12290876.56197651	     -0.00000000	683503311.01420379	     -0.00000000	20513445.36717377	     -0.00000000	    249.49477281	     -0.00000000	     -0.00000000	     -0.00000000	     -0.00000000	     -0.00000000
      1.38000000	     -0.00000000	     -0.00000000	54487606.93086220	6029121.85544910	3824760.57743719	     -0.00000000	 331533.23668873	5403334.59181151	     -0.00000000	     -0.00000000	     -0.00000000	     -0.00000000	     -0.00000000	     -0.00000000	406076964.64178622	552290041.52909136	614874490.57938564	     -0.00000000	     -0.00000000	     -0.00000000	     -0.00000000	     -0.00000000	     -0.00000000	62073639.85970806	     -0.00000000	     -0.00000000	     -0.00000000	     -0.00000000	1102735.62867477	     -0.00000000	562502254.13780105	     -0.00000000	43590792.35496193	     -0.00000000	     -0.00000000	     -0.00000000	     -0.00000000	     -0.00000000	     -0.00000000	     -0.00000000	11446807.96084602	2422496.20324205	24946062.70131734	 840466.17122631	3687108.86556715	     -0.00000000	     -0.00000000	4253782.97706600	     -0.00000000	     -0.00000000	     -0.00000000	     -0.00000000	     -0.00000000	     -0.00000000	159106355.96608451	206517487.95398784	218557173.48678094	     -0.00000000	     -0.00000000	     -0.00000000	     -0.00000000	     -0.00000000	     -0.00000000	63703872.08330155	2122548.18063226	     -0.00000000	     -0.00000000	     -0.00000000	12075949.59532374	     -0.00000000	677007787.32115829	     -0.00000000	19851980.83084441	     -0.00000000	    214.36058693	     -0.00000000	     -0.00000000	     -0.00000000	     -0.00000000	     -0.00000000
      1.39000000	     -0.00000000	     -0.00000000	53139517.29509879	5860604.85073971	3187680.59113336	     -0.00000000	 283099.23755789	5201230.14009269	     -0.00000000	     -0.00000000	     -0.00000000	     -0.00000000	     -0.00000000	     -0.00000000	407176917.66138846	552051081.76803350	607714655.89192915	     -0.00000000	     -0.00000000	     -0.00000000	     -0.00000000	     -0.00000000	     -0.00000000	60851103.40373618	     -0.00000000	     -0.00000000	     -0.00000000	     -0.00000000	1103514.25841699	     -0.00000000	563304065.08519161	     -0.00000000	42533743.99476422	     -0.00000000	     -0.00000000	     -0.00000000	     -0.00000000	     -0.00000000	     -0.00000000	     -0.00000000	11674945.23162143	2387213.87682579	26130927.14906174	 937961.20884649	4202539.43323581	     -0.00000000	     -0.00000000	3770990.33698612	     -0.00000000	     -0.00000000	     -0.00000000	     -0.00000000	     -0.00000000	     -0.00000000	159216003.84684551	210425743.23420477	229513808.75157461	     -0.00000000	     -0.00000000	     -0.00000000	     -0.00000000	     -0.00000000	     -0.00000000	62350068.61779398	1945535.36154516	     -0.00000000	     -0.00000000	     -0.00000000	11751446.70138660	     -0.00000000	668701005.83106875	     -0.00000000	19218523.12424663	     -0.00000000	    132.24340966	     -0.00000000	     -0.00000000	     -0.00000000	     -0.00000000	     -0.00000000
      1.40000000	     -0.00000000	     -0.00000000	51629052.53718854	5658147.41022423	2619233.52969685	     -0.00000000	 233021.94809076	5012721.00605352	     -0.00000000	     -0.00000000	     -0.00000000	     -0.00000000	     -0.00000000	     -0.00000000	405855040.87584400	548945959.25706041	597963845.93197680	     -0.00000000	     -0.00000000	     -0.00000000	     -0.00000000	     -0.00000000	     -0.00000000	59684122.84491006	     -0.00000000	     -0.00000000	     -0.00000000	     -0.00000000	1141894.83730939	     -0.00000000	564849420.56881332	     -0.00000000	41395036.91179819	     -0.00000000	     -0.00000000	     -0.00000000	     -0.00000000	     -0.00000000	     -0.00000000	     -0.00000000	11740903.19708826	2322874.89050139	27320536.43674082	1042886.92923975	4688262.21517992	     -0.00000000	     -0.00000000	3264751.98451989	     -0.00000000	     -0.00000000	     -0.00000000	     -0.00000000	     -0.00000000	     -0.00000000	160587566.86661032	215649761.33739391	241253805.53794768	     -0.00000000	     -0.00000000	     -0.00000000	     -0.00000000	     -0.00000000	     -0.00000000	60794482.20391311	1761295.81482747	     -0.00000000	     -0.00000000	     -0.00000000	11399631.49601352	     -0.00000000	659483512.80677772	     -0.00000000	18503981.06753165	     -0.00000000	     77.62540334	     -0.00000000	     -0.00000000	    414.98291361	     -0.00000000	     -0.00000000
      1.41000000	     -0.00000000	     -0.00000000	49995041.01192903	5435948.58822299	2075283.12866409	     -0.00000000	 187089.20625696	4845897.18350190	     -0.00000000	     -0.00000000	     -0.00000000	     -0.00000000	     -0.00000000	     -0.00000000	403927855.03997612	544972596.18177521	586967045.14090216	     -0.00000000	     -0.00000000	     -0.00000000	     -0.00000000	     -0.00000000	     -0.00000000	58549204.22762688	     -0.00000000	     -0.00000000	     -0.00000000	     -0.00000000	1193438.49331148	     -0.00000000	566887147.25060499	     -0.00000000	40265387.95912185	     -0.00000000	     -0.00000000	     -0.00000000	     -0.00000000	     -0.00000000	     -0.00000000	     -0.00000000	11650597.99805324	2224998.38402625	28658890.45162763	1167730.47090935	5200449.79783912	     -0.00000000	     -0.00000000	2750387.42305564	     -0.00000000	     -0.00000000	     -0.00000000	     -0.00000000	     -0.00000000	     -0.00000000	163730283.44994581	223159509.65763235	255413791.89393932	     -0.00000000	     -0.00000000	     -0.00000000	     -0.00000000	     -0.00000000	     -0.00000000	59098822.27058438	1549858.23555833	     -0.00000000	     -0.00000000	     -0.00000000	10985268.96772188	     -0.00000000	649076165.52449703	     -0.00000000	17781566.87301629	     -0.00000000	     30.69926193	     -0.00000000	     -0.00000000	  12471.18097670	   7770.16758079	   5073.94364603
      1.42000000	     -0.00000000	     -0.00000000	48284804.47060130	5201918.47514161	1580434.74826199	     -0.00000000	 146016.97377642	4700525.02925022	     -0.00000000	     -0.00000000	     -0.00000000	     -0.00000000	     -0.00000000	     -0.00000000	401323820.27933651	540088473.51041293	574906778.98479724	     -0.00000000	     -0.00000000	     -0.00000000	     -0.00000000	     -0.00000000	     -0.00000000	57470838.07495130	     -0.00000000	     -0.00000000	     -0.00000000	     -0.00000000	1258577.94923294	     -0.00000000	569332997.97775733	     -0.00000000	39160656.95855888	     -0.00000000	     -0.00000000	     -0.00000000	     -0.00000000	     -0.00000000	     -0.00000000	     -0.00000000	11400613.25672368	2096750.06311430	30118152.67730460	1311251.44850409	5724025.33674691	     -0.00000000	     -0.00000000	2250117.58466010	     -0.00000000	     -0.00000000	     -0.00000000	     -0.00000000	     -0.00000000	     -0.00000000	168618280.77024290	232837474.00413305	271724501.48239201	     -0.00000000	     -0.00000000	     -0.00000000	     -0.00000000	     -0.00000000	     -0.00000000	57318351.24420027	1323331.02886762	     -0.00000000	     -0.00000000	     -0.00000000	10523578.95716018	     -0.00000000	637763540.68272436	     -0.00000000	17057555.67236704	     -0.00000000	      3.14798036	     -0.00000000	     -0.00000000	  61436.98268409	  72727.12051440	  47787.02612517
      1.43000000	     -0.00000000	     -0.00000000	46493953.01564685	4954681.98079550	1150242.49760062	     -0.00000000	 109487.82929832	4581310.12902065	     -0.00000000	     -0.00000000	     -0.00000000	     -0.00000000	     -0.00000000	     -0.00000000	397433753.80732411	533617224.39083874	561336743.89185476	     -0.00000000	     -0.00000000	     -0.00000000	     -0.00000000	     -0.00000000	     -0.00000000	56482498.16208304	     -0.00000000	     -0.00000000	     -0.00000000	     -0.00000000	1346458.32985388	     -0.00000000	572315665.56211436	     -0.00000000	38080858.44807068	     -0.00000000	     -0.00000000	     -0.00000000	     -0.00000000	     -0.00000000	     -0.00000000	     -0.00000000	10993763.68046434	1944003.91635361	31608598.95221092	1466449.47216701	6214245.06076107	     -0.00000000	     -0.00000000	1785790.36937894	     -0.00000000	     -0.00000000	     -0.00000000	     -0.00000000	     -0.00000000	     -0.00000000	174812815.13028601	243987256.02255955	289139627.41169065	     -0.00000000	     -0.00000000	     -0.00000000	     -0.00000000	     -0.00000000	     -0.00000000	55493414.39351340	1101686.15409190	     -0.00000000	     -0.00000000	     -0.00000000	10041522.24981365	     -0.00000000	626020839.54434907	     -0.00000000	16342429.92514900	     -0.00000000	     -0.09165552	     -0.00000000	     -0.00000000	 165535.59376442	 258281.54199982	 171131.83828930
      1.44000000	     -0.00000000	     -0.00000000	44937916.18717765	4740624.29612266	 826967.43427121	     -0.00000000	  82061.32549054	4483585.08188228	     -0.00000000	     -0.00000000	     -0.00000000	     -0.00000000	     -0.00000000	     -0.00000000	394038385.79659337	527890064.11089963	549365617.29593956	     -0.00000000	     -0.00000000	     -0.00000000	     -0.00000000	     -0.00000000	     -0.00000000	55645404.94952222	     -0.00000000	     -0.00000000	     -0.00000000	     -0.00000000	1427162.67664602	     -0.00000000	574986716.22526670	     -0.00000000	37158703.91386169	     -0.00000000	     -0.00000000	     -0.00000000	     -0.00000000	     -0.00000000	     -0.00000000	     -0.00000000	10239954.45355060	1728957.57492682	33188495.88596031	1645523.27307589	6612388.77501452	     -0.00000000	     -0.00000000	1363014.23034541	     -0.00000000	     -0.00000000	     -0.00000000	     -0.00000000	     -0.00000000	     -0.00000000	183667425.08352271	258452933.70827106	309361245.71610433	     -0.00000000	     -0.00000000	     -0.00000000	     -0.00000000	     -0.00000000	     -0.00000000	53566787.02349802	 865280.58456671	     -0.00000000	     -0.00000000	     -0.00000000	9475036.28675013	     -0.00000000	613543904.76490974	     -0.00000000	15698700.29470302	     -0.00000000	     -0.00000000	     -0.00000000	     -0.00000000	 313459.55372843	 581763.61249631	 381756.77910631
      1.45000000	     -0.00000000	     -0.00000000	42991290.96694847	4466559.68996640	 529768.75298269	     -0.00000000	  54478.82908246	4420963.69932301	     -0.00000000	     -0.00000000	     -0.00000000	     -0.00000000	     -0.00000000	     -0.00000000	387035461.45586747	517644688.72947621	532432536.02211028	     -0.00000000	     -0.00000000	     -0.00000000	     -0.00000000	     -0.00000000	     -0.00000000	54871071.40136368	     -0.00000000	     -0.00000000	     -0.00000000	     -0.00000000	1573587.48770076	     -0.00000000	579221724.50297666	     -0.00000000	36128089.73834589	     -0.00000000	     -0.00000000	     -0.00000000	     -0.00000000	     -0.00000000	     -0.00000000	     -0.00000000	9634427.07343728	1558064.58497377	34609193.94417267	1810070.10815404	6992618.73513182	     -0.00000000	     -0.00000000	1015522.00140724	     -0.00000000	     -0.00000000	     -0.00000000	     -0.00000000	     -0.00000000	     -0.00000000	191362563.86771858	270981422.52145755	327070017.91303712	     -0.00000000	     -0.00000000	     -0.00000000	     -0.00000000	     -0.00000000	     -0.00000000	51826656.07330300	 687057.04740555	     -0.00000000	     -0.00000000	     -0.00000000	9008149.24235476	     -0.00000000	602116692.85529494	     -0.00000000	15070027.36697376	     -0.00000000	     -0.00000000	     -0.00000000	     -0.00000000	 482832.70406495	 970013.85851695	 635006.72098524
      1.46000000	     -0.00000000	     -0.00000000	41131821.00747731	4202910.23916417	 315269.46286856	     -0.00000000	  34581.17039235	4386514.17890503	     -0.00000000	     -0.00000000	     -0.00000000	     -0.00000000	     -0.00000000	     -0.00000000	379255546.49116719	506555107.39140159	515328802.47492391	     -0.00000000	     -0.00000000	     -0.00000000	     -0.00000000	     -0.00000000	     -0.00000000	54247042.57904666	     -0.00000000	     -0.00000000	     -0.00000000	     -0.00000000	1739086.13265753	     -0.00000000	583697638.73739111	     -0.00000000	35191925.27056129	     -0.00000000	     -0.00000000	     -0.00000000	     -0.00000000	     -0.00000000	     -0.00000000	     -0.00000000	8858898.49470004	1364874.19303833	35992280.70060408	1981641.18582495	7273891.42589814	     -0.00000000	     -0.00000000	 728252.84681679	     -0.00000000	     -1.27255141	     -0.00000000	     -0.00000000	     -0.00000000	     -0.00000000	200215470.17055076	284763387.09493673	345336551.10652518	     -0.00000000	     -0.00000000	     -0.00000000	     -0.00000000	     -0.00000000	     -0.00000000	50106035.08599795	 522925.82498286	     -0.00000000	     -0.00000000	     -0.00000000	8521983.46259188	     -0.00000000	590910265.80553675	     -0.00000000	14524763.44947473	     -0.00000000	     -0.00000000	     -0.00000000	     -0.00000000	 669387.65707496	1406068.32403397	 920843.29862308
      1.47000000	     -0.00000000	     -0.00000000	39454028.52260514	3963295.98691813	 173889.88182515	     -0.00000000	  22035.76699503	4374797.01951570	     -0.00000000	     -0.00000000	     -0.00000000	     -0.00000000	     -0.00000000	     -0.00000000	371426601.60060745	495552801.14501613	499163894.40359956	     -0.00000000	     -0.00000000	     -0.00000000	     -0.00000000	     -0.00000000	     -0.00000000	53773339.24715260	     -0.00000000	     -0.00000000	     -0.00000000	     -0.00000000	1911299.09411080	     -0.00000000	588100928.30693495	     -0.00000000	34380142.10699129	     -0.00000000	     -0.00000000	     -0.00000000	     -0.00000000	     -0.00000000	     -0.00000000	     -0.00000000	7926794.93265002	1152381.55493115	37378028.57886084	2165208.06823870	7466033.53360071	     -0.00000000	     -0.00000000	 500054.34430599	     -0.00000000	     19.17932715	     -0.00000000	     -0.00000000	     -0.00000000	     -0.00000000	210400353.07261807	300093592.41597623	364599551.69010782	     -0.00000000	     -0.00000000	     -0.00000000	     -0.00000000	     -0.00000000	     -0.00000000	48433645.50817684	 372830.66408524	     -0.00000000	     -0.00000000	     -0.00000000	8007452.02566274	     -0.83812207	579929754.79229128	     -0.00000000	14091556.51556314	     -0.00000000	     -0.00000000	     -0.00000000	     -0.00000000	 865523.65939688	1868196.09587982	1225845.82447141
      1.48000000	     -0.00000000	     -0.00000000	37796420.21912592	3719577.10086708	  86016.37574934	     -0.00000000	  12837.98373079	4391989.94117400	     -0.00000000	     -0.00000000	     -0.00000000	     -0.00000000	     -0.00000000	     -0.00000000	361761115.77566326	482455993.79088926	481746221.58377182	     -0.00000000	     -0.00000000	     -0.00000000	     -0.00000000	     -0.00000000	     -0.00000000	53463559.57043955	     -0.00000000	     -0.00000000	     -0.00000000	     -0.00000000	2127069.74526694	     -0.00000000	593092541.58921564	     -0.00000000	33606376.94029552	     -0.00000000	     -0.00000000	     -0.00000000	     -0.00000000	     -0.00000000	     -0.00000000	     -0.00000000	6948484.44464607	 947905.77846018	38556757.62736535	2335339.34364288	7512246.81049216	     -0.00000000	     -0.00000000	 331720.43242835	     -0.00000000	     40.70703598	     -0.00000000	     -0.00000000	     -0.00000000	     -0.00000000	220653115.72469458	315013139.43070185	382192877.02132469	     -0.00000000	     -0.00000000	     -0.00000000	     -0.00000000	     -0.00000000	     -0.00000000	46873117.32525687	 255794.40841390	     -0.00000000	     -0.00000000	     -0.00000000	7525589.45893259	    -16.20314325	570058560.62436306	     -0.00000000	13731978.92750760	     -0.00000000	     -0.00000000	     -0.00000000	     -0.00000000	1056753.46285993	2319778.59946015	1526091.33652285
      1.49000000	     -0.00000000	     -0.00000000	36406038.51461007	3499100.70362432	  55145.21110986	     -0.00000000	   6611.53260779	4416599.11730557	     -0.00000000	     -0.00000000	     -0.00000000	     -0.00000000	     -0.00000000	     -0.00000000	349515965.73378062	466834343.09161329	464273401.78734237	     -0.00000000	     -0.00000000	     -0.00000000	     -0.00000000	     -0.00000000	     -0.00000000	53389731.77860338	     -0.00000000	     -0.00000000	     -0.00000000	     -0.00000000	2398617.95157513	     -0.00000000	598076063.74488795	     -0.00000000	32868872.03466721	     -0.00000000	     -0.00000000	     -0.00000000	     -0.00000000	     -0.00000000	     -0.00000000	     -0.00000000	5791862.16294405	 736348.68431798	39192440.69460488	2461388.19967388	7182646.31747168	     -0.00000000	     -0.00000000	 215880.11105752	     -0.00000000	     41.16699904	     -0.00000000	     -0.00000000	     -0.00000000	     -0.00000000	231035148.96817860	329010059.83170170	395755055.71920222	     -0.00000000	     -0.00000000	     -0.00000000	     -0.00000000	     -0.00000000	     -0.00000000	45325494.90053225	 172762.07104381	     -0.00000000	     -0.00000000	     -0.00000000	7081173.72263684	     -4.18129256	562001332.52058828	     -0.00000000	13404330.81562996	     -0.00000000	     -0.00000000	     -0.00000000	     -0.00000000	1228656.86540848	2725355.68775258	1797557.24434830
      1.50000000	     -0.00000000	     -0.00000000	34763256.33967786	3265979.23811734	  11876.05076340	     -0.00000000	   3631.45223002	4496484.93987653	     -0.00000000	     -0.00000000	     -0.00000000	     -0.00000000	     -0.00000000	     -0.00000000	341098165.98069513	454831812.83584106	447221309.12991726	     -0.00000000	     -0.00000000	     -0.00000000	     -0.00000000	     -0.00000000	     -0.00000000	53232637.25059598	     -0.00000000	     -0.00000000	     -0.00000000	     -0.00000000	2619028.13123535	     -0.00000000	603590822.13938951	     -0.00000000	32297287.09939981	     -0.00000000	     -0.00000000	     -0.00000000	     -0.00000000	     -0.00000000	     -0.00000000	     -0.00000000	5009059.93504143	 574304.60499513	40870203.57491219	2693359.28828080	7471662.89908703	     -0.00000000	     -0.00000000	 127254.85260537	     -0.00000000	      9.67365713	     -0.00000000	     -0.00000000	     -0.00000000	     -0.00000000	242284493.74613869	345845473.50710380	417382812.24297941	     -0.00000000	     -0.00000000	     -0.00000000	     -0.00000000	     -0.00000000	     -0.00000000	44179533.10843967	  87874.80001991	     -0.00000000	     -0.00000000	     -0.00000000	6573065.64204505	     -1.24420056	552156369.30409288	     -0.00000000	13350779.30113175	     -0.00000000	     -0.00000000	     -0.00000000	     -0.00000000	1402169.11369658	3133648.08065986	2072474.73870456
      1.51000000	     -0.00000000	     -0.00000000	33465542.32452287	3064901.18580930	   4154.49538112	     -0.00000000	   1686.23486138	4578545.74793196	     -0.00000000	     -0.00000000	     -0.00000000	     -0.00000000	     -0.00000000	     -0.00000000	330391066.52405941	440749420.66146076	430866256.43201429	     -0.00000000	     -0.00000000	     -0.00000000	     -0.00000000	     -0.00000000	     -0.00000000	53322200.15445918	     -0.44029346	     -0.00000000	     -0.00000000	     -0.00000000	2890568.45449793	     -0.00000000	608856072.86212397	     -0.00000000	31773567.33853031	     -0.00000000	     -0.00000000	     -0.00000000	     -0.00000000	     -0.00000000	     -0.00000000	     -0.00000000	4026511.48533277	 406079.20291943	41940956.47233666	2876268.89763591	7328540.90887673	     -0.00000000	     -0.00000000	  73778.38932143	     -0.00000000	     -1.19433318	     -0.00000000	     -0.00000000	     -0.00000000	     -0.00000000	254100985.08250543	362148509.51088744	434842033.19821143	     -0.00000000	     -0.00000000	     -0.00000000	     -0.00000000	     -0.00000000	     -0.00000000	43034561.84208249	  36440.10455293	     -0.00000000	     -0.00000000	     -0.00000000	6092336.71655768	     -2.76008187	544301006.72173738	     -0.00000000	13328621.31540281	     -0.00000000	     -0.00000000	     -0.00000000	     -0.00000000	1542785.26403587	3463368.13649993	2295622.39673143
      1.52000000	     -0.00000000	     -0.00000000	32248229.55163826	2872938.13698970	   1426.94228156	     -0.00000000	    616.12888271	4675824.31815414	     -0.00000000	     -0.00000000	     -0.00000000	     -0.00000000	     -0.00000000	     -0.00000000	319546977.67929739	426496832.51673961	414728295.38886559	     -0.00000000	     -0.00000000	     -0.00000000	     -0.00000000	     -0.00000000	     -0.00000000	53505578.11733693	    651.68610355	     -0.00000000	     -0.00000000	     -0.00000000	3180812.44312297	     -0.00000000	614209345.19447899	     -0.00000000	31299130.83625230	     -0.00000000	     -0.00000000	     -0.00000000	     -0.00000000	     -0.00000000	     -0.00000000	     -0.00000000	3140311.24050051	 266397.78124209	42999776.27806928	3062570.91809527	7173842.18674441	     -0.00000000	     -0.00000000	  41614.20141476	     -0.00000000	     -0.03751611	     -0.00000000	     -0.00000000	     -0.00000000	     -0.00000000	265957507.80009285	378349401.54674721	451987970.61819100	     -0.00000000	     -0.00000000	     -0.00000000	     -0.00000000	     -0.00000000	     -0.00000000	42072347.05126652	  10829.16798277	     -0.00000000	     -0.00000000	     -0.00000000	5624798.02425433	    -10.52637992	537214633.20253003	     -0.00000000	13415454.74379722	     -0.00000000	     -0.00000000	     -0.00000000	     -0.00000000	1656228.93747197	3728425.70123030	2475754.30397583
      1.53000000	     -0.00000000	     -0.00000000	31144428.45223692	2694808.62139234	    533.42196465	     -0.00000000	    137.34993121	4787234.53451983	     -0.00000000	     -0.00000000	     -0.00000000	     -0.00000000	     -0.00000000	     -0.00000000	308717858.17514712	412310821.64499950	399158436.23417747	     -0.00000000	     -0.00000000	     -0.00000000	     -0.00000000	     -0.00000000	     -0.00000000	53787431.06868236	   5876.18645965	     -0.00000000	     -0.00000000	     -0.00000000	3484828.87565105	     -0.00000000	619522002.92650306	     -0.00000000	30886901.71844753	     -0.00000000	     -0.00000000	     -0.00000000	     -0.00000000	     -0.00000000	     -0.00000000	     -0.00000000	2335707.90182667	 153664.10124374	44034491.39075028	3251953.11194964	6988796.30019695	     -0.00000000	     -0.00000000	  23937.78785298	     -0.00000000	     -0.00000000	     -0.00000000	     -0.00000000	     -0.00000000	     -0.00000000	278097323.86328101	394717639.26837772	468928673.50189674	     -0.00000000	     -0.00000000	     -0.00000000	     -0.00000000	     -0.00000000	     -0.00000000	41281988.07916415	   1485.47404041	     -0.00000000	     -0.00000000	     -0.00000000	5165389.22741479	     -9.94680406	530908217.50541902	     -0.00000000	13616018.58517328	     -0.00000000	     -0.00000000	     -0.00000000	     -0.00000000	1739944.21986549	3923417.23735369	2608686.13988961
      1.54000000	     -0.00000000	     -0.00000000	30007461.37360696	2513097.97503145	     72.79976162	     -0.00000000	      0.77201540	4910070.19888070	     -0.00000000	     -0.00000000	     -0.00000000	     -0.00000000	     -0.00000000	     -0.00000000	298116285.01119572	398113193.47789305	383215333.23654079	     -0.00000000	     -0.00000000	     -0.00000000	     -0.00000000	     -0.00000000	     -0.00000000	54094014.35910650	  21322.89241605	     -0.00000000	     -0.00000000	     -0.00000000	3806983.05573518	     -0.00000000	625092175.02276933	     -0.00000000	30474858.22555268	     -0.00000000	     -0.00000000	     -0.00000000	     -0.00000000	     -0.00000000	     -0.00000000	     -0.00000000	1726360.16531733	  78664.19811197	45170819.70607417	3452055.68111491	6915414.44804661	     -0.00000000	     -0.00000000	  15495.50779228	     -0.00000000	     -0.00000000	     -0.00000000	     -0.00000000	     -0.00000000	     -0.00000000	289271720.40093172	409961592.60092485	485518813.61374253	     -0.00000000	     -0.00000000	     -0.00000000	     -0.00000000	     -0.00000000	     -0.00000000	40726296.94636344	    -17.20428572	     -0.00000000	     -0.00000000	     -0.00000000	4742639.51614981	     -0.00000000	525221718.07714170	     -0.00000000	13918856.09560075	     -0.00000000	     -0.00000000	     -0.00000000	     -0.00000000	1796679.13030588	4055253.10020569	2698763.97764570
      1.55000000	     -0.00000000	     -0.00000000	29077191.85953339	2356449.39687688	     39.15325189	     -0.00000000	     -0.00000000	5034817.46184808	     -0.00000000	     -0.00000000	     -0.00000000	     -0.00000000	     -0.00000000	     -0.00000000	287945260.61112064	384658914.27732182	368918674.57024562	     -0.00000000	     -0.00000000	     -0.00000000	     -0.00000000	     -0.00000000	     -0.00000000	54490547.47899497	  50730.54726324	     -0.00000000	     -0.00000000	     -0.00000000	4130228.64670152	     -0.00000000	630236007.65954101	     -0.00000000	30135294.30353228	     -0.00000000	     -0.00000000	     -0.00000000	     -0.00000000	     -0.00000000	     -0.00000000	     -0.00000000	1164330.31309572	  26765.70970198	46236427.82944322	3651489.67581250	6766249.30210134	     -0.00000000	     -0.00000000	  12522.98669486	     -0.00000000	     -0.00000000	     -0.00000000	     -0.00000000	     -0.00000000	     -0.00000000	301091493.52379650	425728196.16411000	501873773.55088937	     -0.00000000	     -0.00000000	     -0.00000000	     -0.00000000	     -0.00000000	     -0.00000000	40306789.32228509	     -0.00000000	     -0.00000000	     -0.00000000	     -0.00000000	4322191.54317363	     -0.00000000	520334760.90757543	     -0.00000000	14333782.29977191	     -0.00000000	     -0.00000000	     -0.00000000	     -0.00000000	1822599.03787131	4115398.87961240	2739900.64117323
      1.56000000	     -0.00000000	     -0.00000000	28246388.58917894	2213019.10239021	     68.95352173	     -0.00000000	     -0.00000000	5161446.18389560	     -0.00000000	     -0.00000000	     -0.00000000	     -0.00000000	     -0.00000000	     -0.00000000	278322878.13260245	371900180.06192875	355586639.79440325	     -0.00000000	     -0.00000000	     -0.00000000	     -0.00000000	     -0.00000000	     -0.00000000	54926441.91377543	  93786.58169624	     -0.00000000	     -0.00000000	     -0.00000000	4455274.45815039	     -0.00000000	635157740.08144140	     -0.00000000	29833622.94219386	     -0.00000000	     -0.00000000	     -0.00000000	     -0.00000000	     -0.00000000	     -0.00000000	     -0.00000000	 715894.90853454	   5173.49118388	47334182.62804033	3857715.58997856	6637262.38144364	     -0.00000000	     -0.00000000	  12598.85827666	     -0.00000000	     -0.00000000	     -0.00000000	     -0.00000000	     -0.00000000	     -0.00000000	312960850.10633177	441479945.57626283	518235776.61932802	     -0.00000000	     -0.00000000	     -0.00000000	     -0.00000000	     -0.00000000	     -0.00000000	40056294.35834650	     -0.00000000	     -0.00000000	     -0.00000000	     -0.00000000	3917237.52340783	     -0.00000000	516043604.79897416	     -0.00000000	14857000.01860375	     -0.00000000	     -0.00000000	     -0.00000000	     -0.00000000	1821938.17356848	4113871.86056310	2738826.05086059
      1.57000000	     -0.00000000	     -0.00000000	27422360.46730114	2073028.39145244	     92.19281272	     -0.00000000	     -0.00000000	5288550.67286357	     -0.00000000	     -0.00000000	     -0.00000000	     -0.00000000	     -0.00000000	     -0.00000000	268994033.41507655	359396037.23940206	342368256.40050882	     -0.00000000	     -0.00000000	     -0.00000000	     -0.00000000	     -0.00000000	     -0.00000000	55362420.60431723	 149324.97984307	     -0.00000000	     -0.00000000	     -0.00000000	4789048.98718335	     -0.00000000	640043874.25637555	     -0.00000000	29529308.39418849	     -0.00000000	     -0.00000000	     -0.00000000	     -0.00000000	     -0.00000000	     -0.00000000	     -0.00000000	 421402.06828665	    283.03024110	48483436.97381874	4067445.42361646	6607423.04330319	     -0.00000000	     -0.00000000	  16338.76413872	     -0.00000000	     -0.00000000	     -0.00000000	     -0.00000000	     -0.00000000	     -0.00000000	323487382.38064981	455584875.59643489	533628375.87563908	     -0.00000000	     -0.00000000	     -0.00000000	     -0.00000000	     -0.00000000	     -0.00000000	40051265.54864782	     -0.00000000	     -0.00000000	     -0.00000000	     -0.00000000	3559670.97324232	     -0.00000000	512584699.75299424	     -0.00000000	15488852.58242594	     -0.00000000	     -0.00000000	     -0.00000000	     -0.00000000	1790150.95488753	4040114.05798411	2688322.78970099
      1.58000000	     -0.00000000	     -0.00000000	26689571.70445059	1945572.05636406	    210.50370019	     -0.00000000	     -0.00000000	5411373.85285484	     -0.00000000	     -0.00000000	     -0.00000000	     -0.00000000	     -0.00000000	     -0.00000000	260320844.96396932	347704295.94653016	330160567.62003714	     -0.00000000	     -0.00000000	     -0.00000000	     -0.00000000	     -0.00000000	     -0.00000000	55814790.37679423	 213189.40057261	     -0.00000000	     -0.00000000	     -0.00000000	5119945.23514791	     -0.00000000	644644296.50704849	     -0.00000000	29248554.02374729	     -0.00000000	     -0.00000000	     -0.00000000	     -0.00000000	     -0.00000000	     -0.00000000	     -0.00000000	 208698.52223867	     -0.00000000	49637579.20027738	4279329.31397302	6590539.81863766	     -0.00000000	     -0.00000000	  24856.75068539	     -0.00000000	     -0.00000000	     -0.00000000	     -0.00000000	     -0.00000000	     -0.00000000	333923499.37902004	469485275.14580119	548777098.82030904	     -0.00000000	     -0.00000000	     -0.00000000	     -0.00000000	     -0.00000000	     -0.00000000	40197242.59910866	     -0.00000000	     -0.00000000	     -0.00000000	     -0.00000000	3221835.62267820	     -0.00000000	509723730.94120067	     -0.00000000	16219043.36300734	     -0.00000000	     -0.00000000	     -0.00000000	     -0.00000000	1735113.42273784	3912207.04556138	2600895.41073778
      1.59000000	     -0.00000000	     -0.00000000	25993488.74402060	1825055.58475544	    383.61250712	     -0.00000000	     -0.00000000	5529618.15199488	     -0.00000000	     -0.00000000	     -0.00000000	     -0.00000000	     -0.00000000	     -0.00000000	252298819.99357793	336719738.27918053	318558635.08719945	     -0.00000000	     -0.00000000	     -0.00000000	     -0.00000000	     -0.00000000	     -0.00000000	56258731.81399215	 284390.64476640	     -0.00000000	     -0.00000000	     -0.00000000	5449104.00150824	     -0.00000000	649069075.76017392	     -0.00000000	28972100.18587812	     -0.00000000	     -0.03374810	     -0.00000000	     -0.00000000	     -0.00000000	     -0.00000000	     -0.00000000	  82345.68295504	     -0.00000000	50809902.15634928	4491450.77165995	6629672.89470196	     -0.00000000	     -0.00000000	  42168.24787478	     -0.00000000	     -0.00000000	     -0.00000000	     -0.00000000	     -0.00000000	     -0.00000000	343574067.20506161	482388319.89366037	563252020.74551940	     -0.00000000	     -0.00000000	     -0.00000000	     -0.00000000	     -0.00000000	     -0.00000000	40540481.12651110	     -0.00000000	     -0.00000000	     -0.00000000	     -0.00000000	2918186.37907150	     -0.00000000	507597524.29505485	     -0.00000000	17055576.58337891	     -0.00000000	     -0.00000000	     -0.00000000	     -0.00000000	1654341.82890410	3724061.81440342	2472590.64623098
      1.60000000	     -0.00000000	     -0.00000000	25304276.59928641	1707661.28733804	    580.53362252	     -0.00000000	     -0.00000000	5642549.02803617	     -0.00000000	     -0.00000000	     -0.00000000	     -0.00000000	     -0.00000000	     -0.00000000	244656274.24909121	326078001.44571215	307142375.10427696	     -0.00000000	     -0.00000000	     -0.00000000	     -0.00000000	     -0.00000000	     -0.00000000	56690979.02578696	 364398.82596662	     -0.00000000	     -0.00000000	     -0.00000000	5784929.75699627	     -0.00000000	653416513.94703650	     -0.00000000	28680227.71827582	     -0.00000000	     -0.24755160	     -0.00000000	     -0.00000000	     -0.00000000	     -0.00000000	     -0.00000000	  22112.41791715	     -0.00000000	51969396.90505030	4698492.83663714	6729703.34261988	     -0.00000000	     -0.00000000	  71314.95944240	     -0.00000000	     -0.00000000	     -0.00000000	     -0.00000000	     -0.00000000	     -0.00000000	351960125.26423085	493686294.93380034	576492324.62389648	     -0.00000000	     -0.00000000	     -0.00000000	     -0.00000000	     -0.00000000	     -0.00000000	41074004.24920267	     -0.00000000	     -0.00000000	     -0.00000000	     -0.00000000	2656999.75654597	     -0.00000000	506246522.00729388	     -0.00000000	17981183.35801085	     -0.00000000	     -0.00000000	     -0.00000000	     -0.00000000	1550897.75018106	3482398.65133511	2308298.61505561
      1.61000000	     -0.00000000	      1.04424686	24616030.66676394	1594297.29935203	    734.88962051	     -0.00000000	     -0.00000000	5753169.75507466	     -0.00000000	     -0.00000000	     -0.00000000	     -0.00000000	     -0.00000000	     -0.00000000	237236237.69683203	315635595.55429655	295793522.48292583	     -0.00000000	     -0.00000000	     -0.00000000	     -0.00000000	     -0.00000000	     -0.00000000	57112047.82154879	 454135.39715350	     -0.00000000	     -0.00000000	     -0.00000000	6125713.66007246	     -0.00000000	657677451.66842723	     -0.00000000	28382758.70819340	     -0.00000000	     -0.18627345	     -0.00000000	     -0.00000000	     -0.00000000	     -0.00000000	     -0.00000000	   3531.87628885	     -0.00000000	53132781.86312687	4902242.56024821	6891077.73686372	     -0.00000000	     -0.00000000	 116546.77174955	     -0.00000000	     -0.00000000	     -0.00000000	     -0.00000000	     -0.00000000	     -0.00000000	359350649.52564245	503728657.69766623	588856710.34506524	     -0.00000000	     -0.00000000	     -0.00000000	     -0.00000000	     -0.00000000	     -0.00000000	41789667.33094354	     -0.00000000	     -0.00000000	     -0.00000000	     -0.00000000	2430294.76618742	     -0.00000000	505578472.46939474	     -0.00000000	19003391.09975505	     -0.00000000	     -0.00000000	     -0.00000000	     -0.00000000	1427893.01600627	3194110.26712353	2113030.29813381
      1.62000000	    962.82614185	   1469.83619358	23942062.38547934	1484951.11697495	    877.52031216	     -0.00000000	     -0.00000000	5856966.09141967	     -0.00000000	     -0.00000000	     -0.00000000	     -0.00000000	     -0.00000000	     -0.00000000	230288939.10776100	305646645.93583959	284749267.64618975	     -0.00000000	     -0.00000000	     -0.00000000	     -0.00000000	     -0.00000000	     -0.00000000	57521240.59965719	 551176.52707871	     -0.00000000	     -0.00000000	     -0.00000000	6471112.43417279	     -0.00000000	661831196.80359483	     -0.00000000	28071452.77790184	     -0.00000000	      2.48620220	     -0.00000000	     -0.00000000	     -0.00000000	     -0.00000000	     -0.00000000	    131.08468392	     -0.00000000	54218028.41485947	5091760.66896090	7073461.58443183	     -0.00000000	     -0.00000000	 183979.91038298	     -0.00000000	     -0.00000000	     -0.00000000	     -0.00000000	     -0.00000000	     -0.00000000	365729261.41223478	512355833.38911802	599819809.65184462	     -0.00000000	     -0.00000000	     -0.00000000	     -0.00000000	     -0.00000000	     -0.00000000	42675023.25030632	     -0.00000000	     -0.00000000	     -0.00000000	     -0.00000000	2239541.43586239	     -0.00000000	505779930.63210547	     -0.00000000	20115693.02668285	     -0.00000000	     -0.00000000	     -0.00000000	     -0.00000000	1286048.38994805	2860615.70907962	1888136.65953705
      1.63000000	  13765.67576463	   5869.55014863	23306976.40743379	1387810.86392291	    803.84310419	     -0.00000000	     -0.00000000	5953117.57749451	     -0.00000000	     -0.00000000	     -0.00000000	     -0.00000000	     -0.00000000	     -0.00000000	224002868.15817603	296538533.10494107	274496093.88371569	     -0.00000000	     -0.00000000	     -0.00000000	     -0.00000000	     -0.00000000	     -0.00000000	57879611.15819900	 649987.57963206	     -0.00000000	     -0.00000000	     -0.00000000	6790571.44670668	     -0.00000000	665582714.82385898	     -0.00000000	27786542.43692267	     -0.00000000	     12.93048843	     -0.00000000	     -0.00000000	     -0.00000000	     -0.00000000	     -0.00000000	     -0.00000000	     -0.00000000	55393363.96334278	5289440.43793556	7329549.77212466	     -0.00000000	     -0.00000000	 277874.68051669	     -0.00000000	     -0.00000000	     -0.00000000	     -0.00000000	     -0.00000000	     -0.00000000	371992926.91146356	520900571.41214633	611204323.03441978	     -0.00000000	     -0.00000000	     -0.00000000	     -0.00000000	     -0.00000000	     -0.00000000	43737791.46010811	     -0.00000000	     -0.00000000	     -0.00000000	     -0.00000000	2060693.81740563	     -0.00000000	506367662.48765886	     -0.00000000	21366352.63748219	     -0.00000000	     -0.00000000	     -0.00000000	     -0.00000000	1131832.12685732	2497073.07301962	1644222.15407031
      1.64000000	  60927.76594030	  17054.27634529	22607080.43055896	1282272.56954335	    697.25307754	     -0.00000000	     -0.00000000	6050478.79516455	     -0.00000000	     -0.00000000	     -0.00000000	     -0.00000000	     -0.00000000	     -0.00000000	217499126.03390560	286826082.06261069	263311476.75894696	     -0.00000000	     -0.00000000	     -0.00000000	     -0.00000000	     -0.00000000	     -0.00000000	58265368.51203264	 767349.38004659	     -0.00000000	     -0.00000000	     -0.00000000	7155011.83246972	     -0.00000000	669686704.27644777	     -0.00000000	27442684.68802937	     -0.00000000	     36.14209718	     -0.00000000	     -0.00000000	     -0.00000000	     -0.00000000	     -0.00000000	     -0.00000000	     -0.00000000	56349004.30528440	5450900.58004960	7590051.76112788	     -0.00000000	     -0.00000000	 406609.43198219	     -0.00000000	     -0.00000000	     -0.00000000	     -0.00000000	     -0.00000000	     -0.00000000	375934367.23947281	526375998.20794243	619369756.00728810	     -0.00000000	     -0.00000000	     -0.00000000	     -0.00000000	     -0.00000000	     -0.00000000	44966316.51780638	     -0.00000000	     -0.00000000	     -0.00000000	     -0.00000000	1939311.02806120	     -0.00000000	508175300.00159913	     -0.00000000	22662738.67028040	     -0.00000000	     -0.00000000	     -0.00000000	     -0.00000000	 965879.83379226	2105240.66253335	1382827.74662170
      1.65000000	 153020.43986008	  40096.35319120	21830796.42564593	1172398.25971451	    492.34967757	     -0.00000000	     -0.00000000	6150791.51626351	     -0.00000000	     -0.00000000	     -0.00000000	     -0.00000000	     -0.00000000	     -0.00000000	209905148.77554840	275689306.20195985	250639624.66772857	     -0.00000000	     -0.00000000	     -0.00000000	     -0.00000000	     -0.00000000	     -0.00000000	58659682.26642787	 915992.55381337	     -0.00000000	     -0.00000000	     -0.00000000	7566127.57815342	     -0.00000000	674025054.74537337	     -0.00000000	27048538.54713663	     -0.00000000	     86.46612411	     -0.00000000	     -0.00000000	     -0.00000000	     -0.00000000	     -0.00000000	     -0.00000000	     -0.00000000	57066097.24642316	5571022.01887289	7823764.77577274	     -0.00000000	     -0.00000000	 575716.47302014	     -0.00000000	     -0.00000000	     -0.00000000	     -0.00000000	     -0.00000000	     -0.00000000	378165422.91389638	529587394.84055251	624857322.89516389	     -0.00000000	     -0.00000000	     -0.00000000	     -0.00000000	     -0.00000000	     -0.00000000	46332449.39771191	     -0.00000000	     -0.00000000	     -0.00000000	     -0.00000000	1863408.85404590	     -0.00000000	511179510.62426460	     -0.00000000	24001855.70668446	     -0.00000000	     -0.00000000	     -0.00000000	     -0.00000000	 794912.01441255	1701670.31242814	1115314.36777919
      1.66000000	 240647.62124573	  65618.51091381	21213962.37139218	1088952.72744662	    244.03356824	     -0.00000000	     -0.00000000	6235170.77861097	     -0.00000000	     -0.00000000	     -0.00000000	     -0.00000000	     -0.00000000	     -0.00000000	204588474.80684862	267555241.47863251	240960678.35979468	     -0.00000000	     -0.00000000	     -0.00000000	     -0.00000000	     -0.00000000	     -0.00000000	58967268.48105504	1037459.99804511	     -0.00000000	     -0.00000000	     -0.00000000	7887158.91809611	     -0.00000000	677418207.80971718	     -0.00000000	26756062.16804376	     -0.00000000	    144.81829455	     -0.00000000	     -0.00000000	     -0.00000000	     -0.00000000	     -0.00000000	     -0.00000000	     -0.00000000	58037756.19218436	5727109.99323423	8127349.95490214	     -0.00000000	     -0.00000000	 786082.67871444	     -0.00000000	     -0.00000000	     -0.00000000	     -0.00000000	     -0.00000000	     -0.00000000	382148945.70113432	535151034.29551059	633244440.50747764	     -0.00000000	     -0.00000000	     -0.00000000	     -0.00000000	     -0.00000000	     -0.00000000	47840392.64462312	     -0.00000000	     -0.00000000	     -0.00000000	     -0.00000000	1755145.40449292	     -0.00000000	513882469.78964955	     -0.00000000	25563103.55837701	     -0.00000000	     -0.00000000	     -0.00000000	     -0.00000000	 628154.80208681	1309340.41159435	 856941.35778955
      1.67000000	 343051.19171447	  96735.75383377	20565897.91587337	1007538.89683495	     40.14086550	     -0.00000000	     -0.00000000	6319427.32772041	     -0.00000000	     -0.00000000	     -0.00000000	     -0.00000000	     -0.00000000	     -0.00000000	198810226.92832994	258892992.98292339	230721843.84024987	     -0.00000000	     -0.00000000	     -0.00000000	     -0.00000000	     -0.00000000	     -0.00000000	59249218.63467654	1176542.91426256	     -0.00000000	     -0.00000000	     -0.00000000	8219026.75729201	     -0.00000000	680775002.00815630	     -0.00000000	26452711.63499089	     -0.00000000	    237.42260742	     -0.00000000	     -0.00000000	     -0.00000000	     -0.00000000	     -0.00000000	     -0.00000000	     -0.00000000	58890909.95151812	5860599.95379859	8416727.99643644	     -0.00000000	      0.48682659	1043829.97051584	     -0.00000000	     -0.00000000	     -0.00000000	     -0.00000000	     -0.00000000	     -0.00000000	385483333.71887487	539858584.24579263	640525514.69569623	     -0.00000000	     -0.00000000	     -0.00000000	     -0.00000000	     -0.00000000	     -0.00000000	49461570.48376469	     -0.00000000	     -0.00000000	     -0.00000000	     -0.00000000	1668255.92550055	     -0.00000000	517306102.62424612	     -0.00000000	27212891.74951772	     -0.00000000	     -0.00000000	     -0.00000000	     -0.00000000	 467727.78655630	 935056.08521579	 611846.70478147
      1.68000000	 445536.07490902	 129633.65120302	19934867.45989880	 932828.60205157	     -0.07320128	     -0.00000000	     -0.00000000	6398188.80588897	     -0.00000000	     -0.00000000	     -0.00000000	     -0.00000000	     -0.00000000	     -0.00000000	193338452.18813226	250654970.31465304	220862529.16227639	     -0.00000000	     -0.00000000	     -0.00000000	     -0.00000000	     -0.00000000	     -0.00000000	59491691.03433968	1319877.13646159	     -0.00000000	     -0.00000000	     -0.00000000	8537306.53490685	     -0.00000000	683898136.63623130	     -0.00000000	26160742.12003328	     -0.00000000	    367.63752616	     -0.00000000	     -0.00000000	     -0.00000000	     -0.00000000	     -0.00000000	     -0.00000000	     -0.00000000	59681416.85671659	5981239.58046769	8694222.92938941	     -0.00000000	   1623.23418763	1352069.05427230	     -0.00000000	     -0.00000000	     -0.00000000	     -0.00000000	     -0.00000000	     -0.00000000	388654779.95146078	544341374.24998546	647396661.31986332	     -0.00000000	     -0.00000000	     -0.00000000	     -0.00000000	     -0.00000000	     -0.00000000	51183290.82693329	     -0.00000000	     -0.00000000	     -0.00000000	     -0.00000000	1590936.59495330	     -0.00000000	521217052.89318222	     -0.00000000	28975587.79253843	     -0.00000000	     -0.00000000	     -0.00000000	     -0.00000000	 318693.62208912	 593627.78417775	 389200.79451893
      1.69000000	 588040.47908688	 174212.15032810	19291081.73760965	 856818.26673586	     -0.00000000	     -0.00000000	     -0.00000000	6477051.22076656	     -0.00000000	     -0.00000000	     -0.00000000	     -0.00000000	     -0.00000000	     -0.00000000	187116512.75306821	241448807.26350033	210239812.04535636	     -0.00000000	     -0.00000000	     -0.00000000	     -0.00000000	     -0.00000000	     -0.00000000	59772617.42109801	1490324.91545253	     -0.00000000	     -0.00000000	     -0.00000000	8899757.23644391	     -0.00000000	687166667.04851854	     -0.00000000	25833868.94709968	     -0.00000000	    552.20628998	     -0.00000000	     -0.00000000	     -0.00000000	     -0.00000000	     -0.00000000	     -0.00000000	     -0.00000000	60107556.94292338	6047750.76895034	8848935.29978769	     -0.00000000	   7743.16042046	1718818.25490092	     -0.00000000	     -0.00000000	     -0.00000000	     -0.00000000	     -0.00000000	     -0.00000000	390207753.83197522	546542683.34211075	650913128.48792636	     -0.00000000	     -0.00000000	     -0.00000000	     -0.00000000	     -0.00000000	     -0.00000000	52956761.71523990	     -0.00000000	     -0.00000000	     -0.00000000	     -0.00000000	1551607.89384006	     -0.00000000	526318844.86595118	     -0.00000000	30757561.57390574	     -0.00000000	     -0.00000000	     -0.00000000	     -0.00000000	 185863.84774017	 301176.05506145	 198850.23081204
      1.70000000	 765031.68386796	 229161.58821004	18653246.03759607	 783170.93064922	     -0.00000000	     -0.00000000	     -0.00000000	6549203.45434808	     -0.00000000	     -0.00000000	     -0.00000000	     -0.00000000	     -0.00000000	     -0.00000000	180419828.74261856	231691454.65747601	199279133.20978969	     -0.00000000	     -0.00000000	     -0.00000000	     -0.00000000	     -0.00000000	     -0.00000000	60058673.12563200	1683827.84726274	     -0.00000000	     -0.00000000	     -0.00000000	9289052.32320100	     -0.00000000	690395506.30107713	     -0.00000000	25480551.80053001	     -0.00000000	    803.76713905	     -0.00000000	     -0.00000000	     -0.00000000	     -0.00000000	     -0.00000000	     -0.00000000	     -0.00000000	60256028.54379123	6070768.56841194	8915714.92235513	     -0.00000000	  21887.59693261	2139425.54363341	     -0.00000000	     -0.00000000	     -0.00000000	     -0.00000000	     -0.00000000	     -0.00000000	390470950.24542379	546976531.74436092	651902318.12480843	     -0.00000000	     -0.00000000	     -0.00000000	     -0.00000000	     -0.00000000	     -0.00000000	54771631.66258378	     -0.00000000	     -0.00000000	     -0.00000000	     -0.00000000	1542018.44620465	     -0.00000000	532272537.00049102	     -0.00000000	32546775.15296610	     -0.00000000	     -0.00000000	     -0.00000000	     -0.00000000	  81578.28776267	 103171.35705070	  67625.09772870
      1.71000000	 843455.13078958	 259335.72760946	18165289.27800447	 732801.37597371	     -0.00000000	     -0.00000000	     -0.00000000	6598483.44517857	     -0.00000000	     -0.00000000	     -0.00000000	     -0.00000000	     -0.00000000	     -0.00000000	176759631.11483273	225881084.96906379	191943809.02829573	     -0.00000000	     -0.00000000	     -0.00000000	     -0.00000000	     -0.00000000	     -0.00000000	60191759.52931891	1813643.92856203	     -0.00000000	     -0.00000000	     -0.00000000	9538032.20254309	     -0.00000000	692581737.22603941	     -0.00000000	25240671.39464234	     -0.00000000	   1037.77129990	     -0.00000000	     -0.00000000	     -0.00000000	     -0.00000000	     -0.00000000	     -0.00000000	     -0.00000000	60822271.49371703	6154376.15589020	9123376.26991677	     -0.00000000	  52404.91616160	2601967.72314516	     -0.00000000	     -0.00000000	     -0.00000000	     -0.00000000	     -0.00000000	     -0.00000000	392815515.50664568	550301896.44025850	656936103.53172755	     -0.00000000	     -0.00000000	     -0.00000000	     -0.00000000	     -0.00000000	     -0.00000000	56704478.76471795	     -0.00000000	     -0.00000000	     -0.00000000	     -0.00000000	1489568.37352970	     -0.00000000	537145402.59371364	     -0.00000000	34574592.46196245	     -0.00000000	     -0.00000000	     -0.00000000	     -0.00000000	  22140.85401345	  18206.04302131	  11731.21854365
      1.72000000	 921861.40755940	 290418.17695346	17683619.10154076	 684651.87147460	     -0.00000000	     -0.00000000	     -0.00000000	6635584.21442484	     -0.00000000	     -0.00000000	     -0.00000000	     -0.00000000	     -0.00000000	     -0.00000000	173121340.15097994	220098375.97223148	184657585.57081974	     -0.00000000	     -0.00000000	     -0.00000000	     -0.00000000	     -0.00000000	     -0.00000000	60297238.07419134	1949401.79550736	     -0.00000000	     -0.00000000	     -0.00000000	9789744.33834857	     -0.00000000	694655546.50388908	     -0.00000000	24978163.61265768	     -0.00000000	   1321.33490484	     -0.00000000	     -0.00000000	     -0.00000000	     -0.00000000	     -0.00000000	     -0.00000000	     -0.00000000	61170604.20371196	6202808.99209115	9264373.95738780	     -0.00000000	 100365.35415290	3108097.45654705	     -0.00000000	     -0.00000000	     -0.00000000	     -0.00000000	     -0.00000000	     -0.00000000	394163958.76577324	552285578.94721544	660045485.97641897	     -0.00000000	     -0.00000000	     -0.00000000	     -0.00000000	     -0.00000000	     -0.00000000	58648635.97948642	     -0.00000000	     -0.00000000	     -0.00000000	     -0.00000000	1460619.69393520	     -0.00000000	542523258.47011244	     -0.00000000	36584369.14430995	     -0.00000000	     -0.00000000	     -0.00000000	     -0.00000000	   2004.87168618	     20.29420350	     12.19096116
      1.73000000	1146194.86358793	 359650.44951005	17171363.27720246	 627251.55805761	     -0.00000000	     -0.00000000	     -0.00000000	6679756.75304737	     -0.00000000	     -0.00000000	     -0.00000000	     -0.00000000	     -0.00000000	     -0.00000000	166796554.36661744	211007642.35413200	174963527.23699963	     -0.00000000	     -0.00000000	     -0.00000000	     -0.00000000	     -0.00000000	     -0.00000000	60566762.89670300	2160897.57058122	     -0.00000000	     -0.00000000	     -0.00000000	10180281.55827066	     -0.00000000	697313849.96174657	     -0.00000000	24622441.98013792	     -0.00000000	   1705.91575429	     -0.00000000	     -0.00000000	     -0.00000000	     -0.00000000	     -0.00000000	     -0.00000000	     -0.00000000	60742549.25318168	6140246.53316305	9120730.52993268	     -0.00000000	 151049.62439225	3659528.07142512	     -0.00000000	     -0.00000000	     -0.00000000	     -0.00000000	     -0.00000000	     -0.00000000	392028057.90522701	549325144.38563728	655913010.48022866	     -0.00000000	     -0.00000000	     -0.00000000	     -0.00000000	     -0.00000000	     -0.00000000	60472005.82562169	     -0.00000000	     -0.00000000	     -0.00000000	     -0.00000000	1504462.89050947	     -0.00000000	549602014.99398446	     -0.00000000	38338788.47225085	     -0.00000000	     -0.00000000	     -0.00000000	     -0.00000000	     -0.00000000	     -0.00000000	     -0.00000000
      1.74000000	1189748.04215962	 382669.70631837	16766974.68059020	 590918.35465258	     -0.00000000	     -0.00000000	     -0.00000000	6692569.81491784	     -0.00000000	     -0.00000000	     -0.00000000	     -0.00000000	     -0.00000000	     -0.00000000	164130566.64348403	206587388.22066987	169119231.66569722	     -0.00000000	     -0.00000000	     -0.00000000	     -0.00000000	     -0.00000000	     -0.00000000	60589181.73102546	2280569.64376095	     -0.00000000	     -0.00000000	     -0.00000000	10384021.61519291	     -0.00000000	698836594.10750127	     -0.00000000	24377687.76710047	     -0.00000000	   2102.03297583	     -0.00000000	     -0.00000000	     -0.00000000	     -0.00000000	     -0.00000000	     -0.00000000	     -0.00000000	60993290.69313005	6169592.38062301	9240476.10994906	     -0.00000000	 222779.14939595	4208803.72479325	     -0.00000000	     -0.00000000	     -0.00000000	     -0.00000000	     -0.00000000	     -0.00000000	392893156.77235913	550712064.40002286	658227571.01396835	     -0.00000000	     -0.00000000	     -0.00000000	     -0.00000000	     -0.00000000	     -0.00000000	62343831.75745536	     -0.00000000	     -0.00000000	     -0.00000000	     -0.00000000	1487727.45318071	     -0.00000000	554566200.54553843	     -0.00000000	40302130.46844744	     -0.00000000	     -0.00000000	     -0.00000000	     -0.00000000	     -0.00000000	     -0.00000000	     -0.00000000
      1.75000000	1329118.11055637	 430419.25036425	16357804.96729295	 550708.39810100	     -0.00000000	     -0.00000000	     -0.00000000	6703490.96289391	     -0.00000000	     -0.00000000	     -0.00000000	     -0.00000000	     -0.00000000	     -0.00000000	159798696.48892939	200183539.08176345	161943573.40481001	     -0.00000000	     -0.00000000	     -0.00000000	     -0.00000000	     -0.00000000	     -0.00000000	60699812.55463947	2448671.11249352	     -0.00000000	     -0.00000000	     -0.00000000	10670744.16476664	     -0.00000000	700625186.53236759	     -0.00000000	24072552.68155434	     -0.00000000	   2614.07204744	     -0.00000000	     -0.00000000	     -0.00000000	     -0.00000000	     -0.00000000	     -0.00000000	     -0.00000000	60690684.28924663	6115329.02660455	9143255.99923761	     -0.00000000	 293552.56185535	4768987.35133508	     -0.00000000	     -0.00000000	     -0.00000000	     -0.00000000	     -0.00000000	     -0.00000000	391870893.94489014	549367228.65070426	656030383.44818068	     -0.00000000	     -0.00000000	     -0.00000000	     -0.00000000	     -0.00000000	     -0.00000000	64021748.49567787	     -0.00000000	     -0.00000000	     -0.00000000	     -0.00000000	1517444.79273252	     -0.00000000	560441305.88458788	     -0.00000000	42022150.48596916	     -0.00000000	     -0.00000000	     -0.00000000	     -0.00000000	     -0.00000000	     -0.00000000	     -0.00000000
      1.76000000	1436985.61869138	 470597.36381829	15979887.22182388	 515524.54660197	     -0.00000000	     -0.00000000	     -0.00000000	6695008.02855748	     -0.00000000	     -0.00000000	     -0.00000000	     -0.00000000	     -0.00000000	     -0.00000000	156251085.65655708	194756020.14009476	155618733.51469558	     -0.00000000	     -0.00000000	     -0.00000000	     -0.00000000	     -0.00000000	     -0.00000000	60745171.73308013	2601516.99814976	     -0.00000000	     -0.00000000	     -0.00000000	10925395.10168703	     -0.00000000	702109633.60437906	     -0.00000000	23763441.37202840	     -0.00000000	   3217.20949478	     -0.00000000	     -0.00000000	     -0.00000000	     -0.00000000	     -0.00000000	     -0.00000000	     -0.00000000	60519338.79135431	6076882.09320903	9120716.65662151	     -0.00000000	 368037.29612755	5294896.11524642	     -0.00000000	     -0.00000000	     -0.00000000	     -0.00000000	     -0.00000000	     -0.00000000	391015651.66640675	548395277.17101312	654781230.47107244	     -0.00000000	     -0.00000000	     -0.00000000	     -0.00000000	     -0.00000000	     -0.00000000	65555102.65240562	     -0.00000000	     -0.00000000	     -0.00000000	     -0.00000000	1542461.04122058	     -0.00000000	565272708.79938400	     -0.00000000	43632542.19268601	     -0.00000000	     -0.00000000	     -0.00000000	     -0.00000000	     -0.00000000	     -0.00000000	     -0.00000000
      1.77000000	1503344.66608791	 498977.99012137	15664641.95703911	 487884.44158659	     -0.00000000	     -0.00000000	     -0.00000000	6675563.37954684	     -0.00000000	     -0.00000000	     -0.00000000	     -0.00000000	     -0.00000000	     -0.00000000	153699827.87511069	190680235.66637737	150627648.27935925	     -0.00000000	     -0.00000000	     -0.00000000	     -0.00000000	     -0.00000000	     -0.00000000	60737619.78119203	2724151.51132410	     -0.00000000	     -0.00000000	     -0.00000000	11125050.39130060	     -0.00000000	703213394.52366531	     -0.00000000	23492202.50576593	     -0.00000000	   3823.93435659	     -0.00000000	     -0.00000000	     -0.00000000	     -0.00000000	     -0.00000000	     -0.00000000	     -0.00000000	60504074.75683885	6054960.74961341	9142420.36878594	     -0.00000000	 447102.22463685	5776528.44858401	     -0.00000000	     -0.00000000	     -0.00000000	     -0.00000000	     -0.00000000	     -0.00000000	391498232.19160253	549289387.89264774	655726519.78758490	     -0.00000000	     -0.00000000	     -0.00000000	     -0.00000000	     -0.00000000	     -0.00000000	66910616.36029802	     -0.00000000	     -0.00000000	     -0.00000000	     -0.00000000	1546856.91962210	     -0.00000000	569040562.15345478	     -0.00000000	45144026.47096606	     -0.00000000	     -0.00000000	     -0.00000000	     -0.00000000	     -0.00000000	     -0.00000000	     -0.00000000
      1.78000000	1583150.04442888	 529903.56189221	15386638.11441036	 463302.42845341	     -0.00000000	     -0.00000000	     -0.00000000	6641381.34012775	     -0.00000000	     -0.00000000	     -0.00000000	     -0.00000000	     -0.00000000	     -0.00000000	151089437.67776507	186662787.25182137	145955493.46158004	     -0.00000000	     -0.00000000	     -0.00000000	     -0.00000000	     -0.00000000	     -0.00000000	60713669.74284024	2846240.74386278	     -0.00000000	     -0.00000000	     -0.00000000	11321040.19900207	     -0.00000000	704135760.92754829	     -0.00000000	23207469.63813005	     -0.00000000	   4482.84067895	     -0.00000000	     -0.00000000	     -0.00000000	     -0.00000000	     -0.00000000	     -0.00000000	     -0.00000000	60513919.62154000	6043072.55493601	9164215.62446666	     -0.00000000	 519557.44214469	6187087.35886187	     -0.00000000	     -0.00000000	     -0.00000000	     -0.00000000	     -0.00000000	     -0.00000000	391926097.92959201	550041608.88891435	656569409.95051253	     -0.00000000	     -0.00000000	     -0.00000000	     -0.00000000	     -0.00000000	     -0.00000000	68009462.63799520	     -0.00000000	     -0.00000000	     -0.00000000	     -0.00000000	1547753.75541540	     -0.00000000	571798045.62047744	     -0.00000000	46425637.17024286	     -0.00000000	     -0.00000000	     -0.00000000	     -0.00000000	     -0.00000000	     -0.00000000	     -0.00000000
      1.79000000	1717286.43741122	 572172.50788923	15189845.63721194	 443005.71654966	     -0.00000000	     -0.00000000	     -0.00000000	6588503.87505006	     -0.00000000	     -0.00000000	     -0.00000000	     -0.00000000	     -0.00000000	     -0.00000000	148283766.59118995	182618682.81688365	141842228.69016194	     -0.00000000	     -0.00000000	     -0.00000000	     -0.00000000	     -0.00000000	     -0.00000000	60710291.22135091	2966648.12592885	     -0.00000000	     -0.00000000	     -0.00000000	11520928.51730730	     -0.00000000	704831631.24648178	     -0.00000000	22907291.18197366	     -0.00000000	   5108.34933379	     -0.00000000	     -0.00000000	     -0.00000000	     -0.00000000	     -0.00000000	     -0.00000000	     -0.00000000	60340964.02065145	6006290.77614556	9072191.47693383	     -0.00000000	 580042.52335801	6532944.28116750	     -0.00000000	     -0.00000000	     -0.00000000	     -0.00000000	     -0.00000000	     -0.00000000	392569560.89369673	550856895.20725214	656551870.61703694	     -0.00000000	     -0.00000000	     -0.00000000	     -0.00000000	     -0.00000000	     -0.00000000	68815106.69726387	     -0.00000000	     -0.00000000	     -0.00000000	     -0.00000000	1551564.37830859	     -0.00000000	574286918.03733659	     -0.00000000	47425345.58392284	     -0.00000000	     -0.00000000	     -0.00000000	     -0.00000000	     -0.00000000	     -0.00000000	     -0.00000000
      1.80000000	1903242.86316371	 625063.19786571	15059880.17962999	 426416.53056516	     -0.00000000	     -0.00000000	     -0.00000000	6526027.29457003	     -0.00000000	     -0.00000000	     -0.00000000	     -0.00000000	     -0.00000000	     -0.00000000	145166644.38714787	178433598.77413860	138136093.02313286	     -0.00000000	     -0.00000000	     -0.00000000	     -0.00000000	     -0.00000000	     -0.00000000	60730280.19846387	3087933.12321504	     -0.00000000	     -0.00000000	     -0.00000000	11723593.64078260	     -0.00000000	705350417.09815633	     -0.00000000	22608255.74664060	     -0.00000000	   5678.44647331	     -0.00000000	     -0.00000000	     -0.00000000	     -0.00000000	     -0.00000000	     -0.00000000	     -0.00000000	60100347.54050145	5966532.49906893	8907773.51225748	     -0.00000000	 626723.81934637	6796921.08124279	     -0.00000000	     -0.00000000	     -0.00000000	     -0.00000000	     -0.00000000	     -0.00000000	393631044.75994009	551989440.16473734	656294688.61016953	     -0.00000000	     -0.00000000	     -0.00000000	     -0.00000000	     -0.00000000	     -0.00000000	69333663.96952875	     -0.00000000	     -0.00000000	     -0.00000000	     -0.00000000	1548480.57442847	     -0.00000000	576169024.18675232	    -17.16635005	48155172.76410177	     -0.00000000	     -0.00000000	     -0.00000000	     -0.00000000	     -0.00000000	     -0.00000000	     -0.00000000
      1.81000000	2059700.51143244	 668397.73123035	14994152.87273653	 415291.61205641	     -0.00000000	     -0.00000000	     -0.00000000	6456393.14639163	     -0.00000000	     -0.00000000	     -0.00000000	     -0.00000000	     -0.00000000	     -0.00000000	143235703.24222267	175725261.78438395	135804387.72078639	     -0.00000000	     -0.00000000	     -0.00000000	     -0.00000000	     -0.00000000	     -0.00000000	60724071.71445016	3169836.23906805	     -0.00000000	     -0.00000000	     -0.00000000	11872075.37354349	     -0.00000000	705568776.34571183	     -0.00000000	22347351.17886513	     -0.00000000	   6129.44253491	     -0.00000000	     -0.00000000	     -0.00000000	     -0.00000000	     -0.00000000	     -0.00000000	     -0.00000000	60144656.09689442	5990963.16108188	8784562.16492271	     -0.00000000	 665077.60993075	6950112.83090821	     -0.00000000	     -0.00000000	     -0.00000000	     -0.00000000	     -0.00000000	     -0.00000000	395932985.47771090	554492859.17567921	657931772.02226341	     -0.00000000	     -0.00000000	     -0.00000000	     -0.00000000	     -0.00000000	     -0.00000000	69597522.76021272	     -0.00000000	     -0.00000000	     -0.00000000	     -0.00000000	1505161.26272699	     -0.00000000	576279014.02342319	   -226.86859577	48724986.19078875	     -0.00000000	     -0.00000000	     -0.00000000	     -0.00000000	     -0.00000000	     -0.00000000	     -0.00000000
      1.82000000	2395982.19890315	 747403.71820082	15127760.33842025	 412918.00696582	     -0.00000000	     -0.00000000	     -0.00000000	6331300.09431071	     -0.00000000	     -0.00000000	     -0.00000000	     -0.00000000	     -0.00000000	     -0.00000000	140368229.85936946	172517366.61119133	134584416.04244313	     -0.00000000	     -0.00000000	     -0.00000000	     -0.00000000	     -0.00000000	     -0.00000000	60747248.88925736	3247463.00497782	     -0.00000000	     -0.00000000	     -0.00000000	12031928.27062407	     -0.00000000	705177195.54138231	     -0.00000000	22020252.71314211	     -0.00000000	   6337.68257939	     -0.00000000	     -0.00000000	     -0.00000000	     -0.00000000	     -0.00000000	     -0.00000000	     -0.00000000	59403819.70354790	5893046.39309471	8277683.41612564	     -0.00000000	 676409.13019197	7073451.03961303	     -0.00000000	     -0.00000000	     -0.00000000	     -0.00000000	     -0.00000000	     -0.00000000	398001742.27155793	556081896.62661088	655278851.27805746	     -0.00000000	     -0.00000000	     -0.00000000	     -0.00000000	     -0.00000000	     -0.00000000	69514893.80049235	     -0.00000000	     -0.00000000	     -0.00000000	     -0.00000000	1499537.06944502	     -0.00000000	578205102.12530327	   -281.02536909	48871843.50309537	     -0.00000000	     -0.00000000	     -0.00000000	     -0.00000000	     -0.00000000	     -0.00000000	     -0.00000000
      1.83000000	2740860.22185962	 824536.57743674	15329058.71107579	 415202.50228569	     -0.00000000	     -0.00000000	     -0.00000000	6198997.40389109	     -0.00000000	     -0.00000000	     -0.00000000	     -0.00000000	     -0.00000000	     -0.00000000	138320514.16026029	170376191.43849033	134489725.93567175	     -0.00000000	     -0.00000000	     -0.00000000	     -0.00000000	     -0.00000000	     -0.00000000	60757801.07410029	3292894.77778243	     -0.00000000	     -0.00000000	     -0.00000000	12151074.55304964	     -0.00000000	704499788.99097681	     -0.00000000	21720634.23876574	     -0.00000000	   6384.53728905	     -0.00000000	     -0.00000000	     -0.00000000	     -0.00000000	     -0.00000000	     -0.00000000	     -0.00000000	58837824.71167904	5841870.41861086	7778593.27330672	     -0.00000000	 676792.20678490	7100578.87910067	     -0.00000000	     -0.00000000	     -0.00000000	     -0.00000000	     -0.00000000	     -0.00000000	401017567.47711277	558580635.02741337	653661865.17200410	     -0.00000000	     -0.00000000	     -0.00000000	     -0.00000000	     -0.00000000	     -0.00000000	69205921.15330268	     -0.00000000	     -0.00000000	     -0.00000000	     -0.00000000	1462905.89211540	     -0.00000000	578836220.82448697	   -286.52022611	48856719.35692247	     -0.00000000	     -0.00000000	     -0.00000000	     -0.00000000	     -0.00000000	     -0.00000000	     -0.00000000
      1.84000000	3039858.79859844	 890184.27818210	15545557.74721030	 418795.44230287	    173.07105155	     -0.00000000	     -0.00000000	6052093.83350374	     -0.00000000	     -0.00000000	     -0.00000000	     -0.00000000	     -0.00000000	     -0.00000000	137815124.53759336	169807974.36690062	135401410.65192482	     -0.00000000	     -0.00000000	     -0.00000000	     -0.00000000	     -0.00000000	     -0.00000000	60720560.40342759	3300559.18880725	     -0.00000000	     -0.00000000	     -0.00000000	12230595.30823273	     -0.00000000	703613006.79325795	     -0.00000000	21413844.08436685	     -0.00000000	   6419.02951241	     -0.00000000	     -0.00000000	     -0.00000000	     -0.00000000	     -0.00000000	     -0.00000000	     -0.00000000	58421193.59376913	5811109.96666271	7343506.45552121	     -0.00000000	 666734.69051777	7045500.50920884	     -0.00000000	     -0.00000000	     -0.00000000	     -0.00000000	     -0.00000000	     -0.00000000	404740774.48665941	562081181.13538694	653472178.50221777	     -0.00000000	     -0.00000000	     -0.00000000	     -0.00000000	     -0.00000000	     -0.00000000	68750223.47928324	     -0.00000000	     -0.00000000	     -0.00000000	     -0.00000000	1412856.81369455	     -0.00000000	578791233.64583409	   -238.22995989	48663663.76020915	     -0.00000000	     -0.00000000	     -0.00000000	     -0.00000000	     -0.00000000	     -0.00000000	     -0.00000000
      1.85000000	3584746.40114452	 994882.19458207	16065052.41363794	 440257.47849239	   9258.50849840	     -0.00000000	     -0.00000000	5850080.77143002	     -0.00000000	     -0.00000000	     -0.00000000	     -0.00000000	     -0.00000000	     -0.00000000	135394422.48518920	168356458.03602383	138068584.42603123	     -0.00000000	     -0.00000000	     -0.00000000	     -0.00000000	     -0.00000000	     -0.00000000	60666602.27019834	3292716.72035256	     -0.00000000	     -0.00000000	     -0.00000000	12274822.43003122	     -0.00000000	701606098.05430424	     -0.00000000	21098890.47156268	     -0.00000000	   5967.68779161	     -0.00000000	     -0.00000000	     -0.00000000	     -0.00000000	     -0.00000000	     -0.00000000	     -0.00000000	57369762.51397961	5715205.80115942	6553131.79201610	     -0.00000000	 638931.74803349	6982274.30366837	     -0.00000000	     -0.00000000	     -0.00000000	     -0.00000000	     -0.00000000	     -0.00000000	408170637.88573337	564095631.10860443	648566862.13272667	     -0.00000000	     -0.00000000	     -0.00000000	     -0.00000000	     -0.00000000	     -0.00000000	67995352.15392287	     -0.00000000	     -0.00000000	     -0.00000000	     -0.00000000	1375706.83794305	     -0.00000000	579617248.24666071	   -100.08385928	48240288.04552221	     -0.00000000	     -0.00000000	     -0.00000000	     -0.00000000	     -0.00000000	     -0.00000000	     -0.00000000
      1.86000000	3925481.62444682	1062909.25437747	16400222.03593981	 451142.37940123	  29563.93806182	     -0.00000000	     -0.00000000	5650089.50599797	     -0.00000000	     -0.00000000	     -0.00000000	     -0.00000000	     -0.00000000	     -0.00000000	135877237.22964385	169131689.76069891	140618612.65854785	     -0.00000000	     -0.00000000	     -0.00000000	     -0.00000000	     -0.00000000	     -0.00000000	60521565.90325517	3256757.96634678	     -0.00000000	     -0.00000000	     -0.00000000	12304959.02274104	     -0.00000000	699923678.38939297	     -0.00000000	20735454.16790839	     -0.00000000	   5894.71357898	     -0.00000000	     -0.00000000	     -0.00000000	     -0.00000000	     -0.00000000	     -0.00000000	     -0.00000000	56753910.87066571	5652037.17619014	6072071.76828791	     -0.00000000	 605561.10167560	6836310.88309838	     -0.00000000	     -0.00000000	     -0.00000000	     -0.00000000	     -0.00000000	     -0.00000000	411684107.18105191	567136807.95209312	647060263.83244359	     -0.00000000	     -0.00000000	     -0.00000000	     -0.00000000	     -0.00000000	     -0.00000000	67272401.03263815	     -0.00000000	     -0.00000000	     -0.00000000	     -0.00000000	1339672.88431494	     -0.00000000	579699552.32351017	     -0.00000000	47677953.55237018	     -0.00000000	     -0.00000000	     -0.00000000	     -0.00000000	     -0.00000000	     -0.00000000	     -0.00000000
      1.87000000	4626286.51718443	1181071.67465880	17214466.44481104	 493382.01293383	 129520.43606152	     -0.00000000	     -0.00000000	5366472.52753792	     -0.00000000	     -0.00000000	     -0.00000000	     -0.00000000	     -0.00000000	     -0.00000000	133372899.22789787	168615338.61074987	145979114.72428244	     -0.00000000	     -0.00000000	     -0.00000000	     -0.00000000	     -0.00000000	     -0.00000000	60288754.31711207	3192836.63619163	     -0.00000000	     -0.00000000	     -0.00000000	12257484.74311474	     -0.00000000	696280399.67749047	     -0.00000000	20371905.74166075	     -0.00000000	   5136.48241249	     -0.00000000	     -0.00000000	     -0.00000000	     -0.00000000	     -0.00000000	     -0.00000000	     -0.00000000	55432167.82286409	5536943.88221505	5187590.50576055	     -0.00000000	 559497.52990883	6704894.59991764	     -0.00000000	     -0.00000000	     -0.00000000	     -0.00000000	     -0.00000000	     -0.00000000	414680442.79688299	568000384.51948225	639556490.55598629	     -0.00000000	     -0.00000000	     -0.00000000	     -0.00000000	     -0.00000000	     -0.00000000	66230751.74746776	     -0.00000000	     -0.00000000	     -0.00000000	     -0.00000000	1307011.69300935	     -0.00000000	580402702.38325024	     -0.00000000	46969947.87659823	     -0.00000000	     -0.00000000	     -0.00000000	     -0.00000000	     -0.00000000	     -0.00000000	     -0.00000000
      1.88000000	5193674.38109371	1272352.54267349	17949668.38176703	 532851.34125153	 266269.77257427	     -0.00000000	     -0.00000000	5065924.60473702	     -0.00000000	     -0.00000000	     -0.00000000	     -0.00000000	     -0.00000000	     -0.00000000	132772464.80869332	169711172.36600128	151657006.82736459	     -0.00000000	     -0.00000000	     -0.00000000	     -0.00000000	     -0.00000000	     -0.00000000	59927979.77822691	3104033.57648111	     -0.00000000	     -0.00000000	     -0.00000000	12185608.68625038	     -0.00000000	692448826.34140813	     -0.00000000	19951607.34684902	     -0.00000000	   4622.68754198	     -0.00000000	     -0.00000000	     -0.00000000	     -0.00000000	     -0.00000000	     -0.00000000	     -0.00000000	54289124.55981886	5424291.46449470	4504923.21561795	     -0.00000000	 509866.83089331	6536494.25208857	     -0.00000000	     -0.00000000	     -0.00000000	     -0.00000000	     -0.00000000	     -0.00000000	417004803.26815563	568625448.79683495	633186809.01757801	     -0.00000000	     -0.00000000	     -0.00000000	     -0.00000000	     -0.00000000	     -0.00000000	65231517.24545671	     -0.00000000	     -0.00000000	     -0.00000000	     -0.00000000	1289868.17808381	     -0.00000000	581001216.27832091	     -0.00000000	46157311.20333451	     -0.00000000	     -0.00000000	     -0.00000000	     -0.00000000	     -0.00000000	     -0.00000000	     -0.00000000
      1.89000000	5755830.69006713	1353829.04417656	18796034.26871329	 582977.58360200	 459596.03078338	     -0.00000000	     -0.00000000	4723960.67102140	     -0.00000000	     -0.00000000	     -0.00000000	     -0.00000000	     -0.00000000	     -0.00000000	132618356.53972769	171669642.42529771	158649430.35643375	     -0.00000000	     -0.00000000	     -0.00000000	     -0.00000000	     -0.00000000	     -0.00000000	59411367.76077597	2985744.20161679	     -0.00000000	     -0.00000000	     -0.00000000	12060265.44518740	     -0.00000000	687664808.09423602	     -0.00000000	19490247.03965666	     -0.00000000	   4079.93956673	     -0.00000000	     -0.00000000	     -0.00000000	     -0.00000000	     -0.00000000	     -0.00000000	     -0.00000000	53097277.85499395	5303028.55584810	3863078.96196027	     -0.00000000	 457441.50655766	6355217.03305452	     -0.00000000	     -0.00000000	     -0.00000000	     -0.00000000	     -0.00000000	     -0.00000000	418699678.53455871	568479788.91273439	626045944.37524664	     -0.00000000	     -0.00000000	     -0.00000000	     -0.00000000	     -0.00000000	     -0.00000000	64198107.34842164	     -0.00000000	     -0.00000000	     -0.00000000	     -0.00000000	1283071.81108060	     -0.00000000	581658056.09970415	     -0.00000000	45267946.35495100	     -0.00000000	     -0.00000000	     -0.00000000	     -0.00000000	     -0.00000000	     -0.00000000	     -0.00000000
      1.90000000	6320272.01991090	1426716.69380694	19783594.51518482	 646278.91275600	 722235.67181409	     -0.00000000	     -0.00000000	4343749.36891874	     -0.00000000	     -0.00000000	     -0.00000000	     -0.00000000	     -0.00000000	     -0.00000000	133081771.13343205	174680922.15320876	167244221.94779187	     -0.00000000	     -0.00000000	     -0.00000000	     -0.00000000	     -0.00000000	     -0.00000000	58754068.82234027	2835670.16076041	     -0.00000000	     -0.00000000	     -0.00000000	11881868.57602080	     -0.00000000	681834319.28305709	     -0.00000000	18995278.61689867	     -0.00000000	   3472.40876876	     -0.00000000	     -0.00000000	     -0.00000000	     -0.00000000	     -0.00000000	     -0.00000000	     -0.00000000	51816763.63773723	5168628.97425415	3246557.89711924	     -0.00000000	 403560.87846380	6170148.61444520	     -0.00000000	     -0.00000000	     -0.00000000	     -0.00000000	     -0.00000000	     -0.00000000	419746688.16598272	567481855.08337438	617855804.95855796	     -0.00000000	     -0.00000000	     -0.00000000	     -0.00000000	     -0.00000000	     -0.00000000	63134336.84218878	     -0.00000000	     -0.00000000	     -0.00000000	     -0.00000000	1287446.91700271	     -0.00000000	582483977.97135806	     -0.00000000	44316283.17837751	     -0.00000000	     -0.00000000	     -0.00000000	     -0.00000000	     -0.00000000	     -0.00000000	     -0.00000000
      1.91000000	6854791.65259552	1484769.15798052	20909444.81409605	 724396.85387432	1055511.49030585	     -0.00000000	     -0.00000000	3926461.62669996	     -0.00000000	     -0.00000000	     -0.00000000	     -0.00000000	     -0.00000000	     -0.00000000	134280367.87184989	178860771.17462355	177486507.41463467	     -0.00000000	     -0.00000000	     -0.00000000	     -0.00000000	     -0.00000000	     -0.00000000	57930502.65406468	2655836.14166978	     -0.00000000	     -0.00000000	     -0.00000000	11648163.18882737	     -0.00000000	674856291.59593248	     -0.00000000	18462006.17969188	     -0.00000000	   2849.17296967	     -0.00000000	     -0.00000000	     -0.00000000	     -0.00000000	     -0.00000000	     -0.00000000	     -0.00000000	50491929.75563283	5025780.80805872	2678833.67980219	     -0.00000000	 349765.21760210	5981091.18351865	     -0.00000000	     -0.00000000	     -0.00000000	     -0.00000000	     -0.00000000	     -0.00000000	420136493.94957978	565698029.04805374	608919667.45059264	     -0.00000000	     -0.00000000	     -0.00000000	     -0.00000000	     -0.00000000	     -0.00000000	62059730.03737095	     -0.00000000	     -0.00000000	     -0.00000000	     -0.00000000	1302621.58177362	     -0.00000000	583413512.39517343	     -0.00000000	43316264.31472930	     -0.00000000	     -0.00000000	     -0.00000000	     -0.00000000	     -0.00000000	     -0.00000000	     -0.00000000
      1.92000000	7330920.81484457	1522924.89807612	22187213.97183476	 819738.60824939	1462365.38735994	     -0.00000000	     -0.00000000	3478464.93640109	     -0.00000000	     -0.00000000	     -0.00000000	     -0.00000000	     -0.00000000	     -0.00000000	136574948.20344904	184582914.81448323	189688757.52452403	     -0.00000000	     -0.00000000	     -0.00000000	     -0.00000000	     -0.00000000	     -0.00000000	56945523.35501231	2443598.70356236	     -0.00000000	     -0.00000000	     -0.00000000	11356197.33675833	     -0.00000000	666670539.04022014	     -0.00000000	17899128.63741748	     -0.00000000	   2225.59973855	     -0.00000000	     -0.00000000	     -1.11247886	     -0.00000000	     -0.00000000	     -0.00000000	     -0.00000000	49141308.47066717	4876905.90287869	2163142.64592284	     -0.00000000	 297688.65285523	5790360.49800748	     -0.00000000	     -0.00000000	     -0.00000000	     -0.00000000	     -0.00000000	     -0.00000000	420058155.39091629	563365743.07819748	599489103.78384447	     -0.00000000	     -0.00000000	     -0.00000000	     -0.00000000	     -0.00000000	     -0.00000000	60982216.30808740	     -0.00000000	     -0.00000000	     -0.00000000	     -0.00000000	1326101.34890598	     -0.00000000	584415943.20014191	     -0.00000000	42285786.05127192	     -0.00000000	     -0.00000000	     -0.00000000	     -0.00000000	     -0.00000000	     -0.00000000	     -0.00000000
      1.93000000	7692435.74440060	1533099.31606936	23567239.56628046	 930889.08190425	1917926.83870485	     -0.00000000	     -0.00000000	3009879.52216814	     -0.00000000	     -0.00000000	     -0.00000000	     -0.00000000	     -0.00000000	     -0.00000000	139993835.41115281	191774273.46479118	203481865.98921260	     -0.00000000	     -0.00000000	     -0.00000000	     -0.00000000	     -0.00000000	     -0.00000000	55780231.35472981	2210161.58452962	     -0.00000000	     -0.00000000	     -0.00000000	11014001.00556004	     -0.00000000	657372667.33402610	     -0.00000000	17300350.10077186	     -0.00000000	   1687.06914034	     -0.00000000	     -0.00000000	   3679.83560064	    476.13952716	    325.78453899	     -0.00000000	     -0.00000000	47789205.85460878	4722168.48954158	1721860.14662191	     -0.00000000	 248236.40284380	5605110.27605558	     -0.00000000	     -0.00000000	     -0.00000000	     -0.00000000	     -0.00000000	     -0.00000000	419014206.82989585	559990775.28155732	589436009.04217708	     -0.00000000	     -0.00000000	     -0.00000000	     -0.00000000	     -0.00000000	     -0.00000000	59950800.69108436	     -0.00000000	     -0.00000000	     -0.00000000	     -0.00000000	1365543.06470968	     -0.00000000	585585250.19863081	     -0.00000000	41240836.71939640	     -0.00000000	     -0.00000000	     -0.00000000	     -0.00000000	     -0.00000000	     -0.00000000	     -0.00000000
      1.94000000	7916722.85689732	1511833.04980961	25080071.68018631	1061115.62812097	2422364.62545138	     -0.00000000	     -0.00000000	2536918.81531876	     -0.00000000	     -0.00000000	     -0.00000000	     -0.00000000	     -0.00000000	     -0.00000000	145003541.49563652	200975290.85005498	219422367.67244795	     -0.00000000	     -0.00000000	     -0.00000000	     -0.00000000	     -0.00000000	     -0.00000000	54481408.97360878	1950981.52379258	     -0.00000000	     -0.00000000	     -0.00000000	10616741.11919259	     -0.00000000	647013973.05901504	     -0.00000000	16685593.06916161	     -0.00000000	   1205.96133504	     -0.00000000	     -0.00000000	  27175.32941490	  23826.96667960	  15524.79353512	     -0.00000000	     -0.00000000	46461110.11620375	4568427.76882738	1337071.89918053	     -0.00000000	 203127.35868823	5422629.44983437	     -0.00000000	     -0.00000000	     -0.00000000	     -0.00000000	     -0.00000000	     -0.00000000	417789557.70483488	556448278.97988760	579395451.26318181	     -0.00000000	     -0.00000000	     -0.00000000	     -0.00000000	     -0.00000000	     -0.00000000	58940121.92474449	     -0.00000000	     -0.00000000	     -0.00000000	     -0.00000000	1408944.48236185	     -0.00000000	586739981.89713490	     -0.00000000	40204618.62100856	     -0.00000000	     -0.00000000	     -0.00000000	     -0.00000000	     -0.00000000	     -0.00000000	     -0.00000000
      1.95000000	7932610.00762631	1448135.02172738	26689522.48125158	1211094.86710732	2936412.55131084	     -0.00000000	     -0.00000000	2073671.32585634	     -0.00000000	     -0.00000000	     -0.00000000	     -0.00000000	     -0.00000000	     -0.00000000	151722038.19749790	212316429.70155257	237393781.90317401	     -0.00000000	     -0.00000000	     -0.00000000	     -0.00000000	     -0.00000000	     -0.00000000	53035946.74041400	1674073.45539256	     -0.00000000	     -0.00000000	     -0.00000000	10159944.75586053	     -0.00000000	635696538.56245911	     -0.00000000	16065929.86348957	     -0.00000000	    786.82250450	     -0.00000000	     -0.00000000	  94460.22544227	 123291.72197698	  81144.12239379	     -0.00000000	     -0.00000000	45241018.95350365	4424812.15610568	1028138.62459874	     -0.00000000	 164022.65009767	5246287.71175489	     -0.00000000	     -0.00000000	     -0.00000000	     -0.00000000	     -0.00000000	     -0.00000000	416461920.90565383	552964274.89119029	570013876.60827565	     -0.00000000	     -0.00000000	     -0.00000000	     -0.00000000	     -0.00000000	     -0.00000000	57995397.35587244	     -0.00000000	     -0.00000000	     -0.00000000	     -0.00000000	1454368.44112603	     -0.00000000	587771496.95258272	     -0.00000000	39216283.45086180	     -0.00000000	     -0.00000000	     -0.00000000	     -0.00000000	     -0.00000000	     -0.00000000	     -0.00000000
      1.96000000	7824122.97211453	1364168.99288601	28324294.43235958	1372039.10304585	3452168.64283474	     -0.00000000	     -0.00000000	1643497.54753245	     -0.00000000	     -0.00000000	     -0.00000000	     -0.00000000	     -0.00000000	     -0.00000000	159335367.40077823	224647067.09720773	256130676.13283631	     -0.00000000	     -0.00000000	     -0.00000000	     -0.00000000	     -0.00000000	     -0.00000000	51539772.33265537	1409900.99655057	     -0.00000000	     -0.00000000	     -0.00000000	9695985.66476944	     -0.00000000	624017786.37706184	     -0.00000000	15445596.42363042	     -0.00000000	    453.96451413	     -0.00000000	     -0.00000000	 209194.94992161	 351105.38714968	 231586.97945184	     -0.00000000	     -0.00000000	43955967.69487545	4266110.22221555	 765204.46352872	     -0.00000000	 127969.29479244	5087985.58912330	     -0.00000000	     -0.00000000	     -0.00000000	     -0.00000000	     -0.00000000	     -0.00000000	413987885.13250351	548129216.81447256	559465597.29243922	     -0.00000000	     -0.00000000	     -0.00000000	     -0.00000000	     -0.00000000	     -0.00000000	57117472.31334390	     -0.00000000	     -0.00000000	     -0.00000000	     -0.00000000	1523061.69098578	     -0.00000000	589265248.84956956	     -0.00000000	38223511.42781337	     -0.00000000	     -0.00000000	     -0.00000000	     -0.00000000	     -0.00000000	     -0.00000000	     -0.00000000
      1.97000000	7218551.28716131	1188365.33516764	30051436.96433082	1565252.65218015	3844550.33714725	     -0.00000000	     -0.00000000	1244765.05553068	     -0.00000000	     -0.00000000	     -0.00000000	     -0.00000000	     -0.00000000	     -0.00000000	170648687.36389846	241606427.56101009	278651282.30947119	     -0.00000000	     -0.00000000	     -0.00000000	     -0.00000000	     -0.00000000	     -0.00000000	49818017.18359610	1109340.66385640	     -0.00000000	     -0.00000000	     -0.00000000	9091748.70769710	     -0.00000000	611186293.07584119	     -0.00000000	14907285.38950544	     -0.00000000	    207.59859034	     -0.00000000	     -0.00000000	 365572.81477478	 699949.69810022	 458758.76225754	     -0.00000000	     -0.00000000	43194290.86100997	4174628.68980977	 614069.30644892	     -0.00000000	 104203.62472695	4933203.75891365	     -0.00000000	     -0.00000000	     -0.00000000	     -0.00000000	     -0.00000000	     -0.00000000	413348265.76543206	546132226.68329668	553672603.08319581	     -0.00000000	     -0.00000000	     -0.00000000	     -0.00000000	     -0.00000000	     -0.00000000	56401242.11598741	     -0.00000000	     -0.00000000	     -0.00000000	     -0.00000000	1553018.21024412	     -0.00000000	589551441.45772612	     -0.00000000	37467070.25424755	     -0.00000000	     -0.00000000	     -0.00000000	     -0.00000000	     -0.00000000	     -0.00000000	     -0.00000000
      1.98000000	6912222.13039544	1081541.91515676	31636156.97204514	1739041.20142996	4304563.17215666	     -0.00000000	     -0.00000000	 919461.86201779	     -0.00000000	     -0.00000000	     -0.00000000	     -0.00000000	     -0.00000000	     -0.00000000	179307652.94062757	254914672.52695799	297589386.30521655	     -0.00000000	     -0.00000000	     -0.00000000	     -0.00000000	     -0.00000000	     -0.00000000	48338765.00407414	 898230.31028433	     -0.00000000	     -0.00000000	     -0.00000000	8646286.92768698	     -0.00000000	599684296.07622445	     -0.00000000	14349126.85521535	     -0.00000000	     77.02255774	     -0.00000000	     -0.00000000	 539591.60723894	1102064.21376005	 721394.69125600	     -0.00000000	     -0.00000000	41755279.07303238	3983054.76939913	 425088.06698134	     -0.00000000	  74677.80529671	4823711.54551650	     -0.00000000	     -0.00000000	     -0.00000000	     -0.00000000	     -0.00000000	     -0.00000000	408197888.45324659	538115627.81809187	540342820.22930467	     -0.00000000	     -0.00000000	     -0.00000000	     -0.00000000	     -0.00000000	     -0.00000000	55701313.10884976	     -0.00000000	     -0.00000000	     -0.00000000	     -0.00000000	1677562.02078065	     -0.00000000	592217420.00790823	     -0.00000000	36489615.85705175	     -0.00000000	     -0.00000000	     -0.00000000	     -0.00000000	     -0.00000000	     -0.00000000	     -0.00000000
      1.99000000	6215595.37213935	 907252.74325556	33366078.82451825	1950535.18909076	4661994.65426199	     -0.00000000	     -0.00000000	 641416.57902845	     -0.00000000	     -0.00000000	     -0.00000000	     -0.00000000	     -0.00000000	     -0.00000000	191313834.39047346	272524742.55010116	320339885.60861754	     -0.00000000	     -0.00000000	     -0.00000000	     -0.00000000	     -0.00000000	     -0.00000000	46731592.20894652	 667114.61116355	     -0.00000000	     -0.00000000	     -0.00000000	8075563.77802884	     -0.00000000	587310421.61977994	     -0.00000000	13928603.56176567	     -0.00000000	      7.03739726	     -0.00000000	     -0.00000000	 737686.41479791	1566719.86689963	1026625.02037788	     -0.00000000	     -0.00000000	40809694.09702732	3856974.33495977	 317688.65117327	     -0.00000000	  56214.65084530	4726471.24296470	     -0.00000000	     -0.00000000	     -0.00000000	     -0.00000000	     -0.00000000	     -0.00000000	404989614.28501880	533001289.68185103	531623699.24471974	     -0.00000000	     -0.00000000	     -0.00000000	     -0.00000000	     -0.00000000	     -0.00000000	55169634.11045089	     -0.00000000	     -0.00000000	     -0.00000000	     -0.00000000	1761361.42934993	     -0.00000000	593771231.19091570	     -0.00000000	35770721.13911555	     -0.00000000	     -0.00000000	     -0.00000000	     -0.00000000	     -0.00000000	     -0.00000000	     -0.00000000
      2.00000000	5621864.28440088	 766352.96126190	34878131.29690585	2141338.53842771	4970784.93182606	     -0.00000000	     -0.00000000	 432354.06087057	     -0.00000000	     -0.00000000	     -0.00000000	     -0.00000000	     -0.00000000	     -0.00000000	201841217.91621628	287865412.02251321	340064544.59110141	     -0.00000000	     -0.00000000	     -0.00000000	     -0.00000000	     -0.00000000	     -0.00000000	45300018.26845494	 497485.75880024	     -0.00000000	     -0.00000000	     -0.00000000	7601166.14046849	    -12.71949377	576370805.24736822	     -0.00000000	13539347.04697747	     -0.00000000	     -0.07616100	     -0.00000000	     -0.00000000	 936301.55271036	2035292.23557335	1336704.25477733	     -0.00000000	     -0.00000000	39529500.20460667	3677184.26176271	 218546.57364764	     -0.00000000	  38083.91780416	4669994.78741744	     -0.00000000	     -0.00000000	     -0.00000000	     -0.00000000	     -0.00000000	     -0.00000000	398317607.10474735	523530657.60444027	518323579.31092501	     -0.00000000	     -0.00000000	     -0.00000000	     -0.00000000	     -0.00000000	     -0.00000000	54748198.51586093	     -0.00000000	     -0.00000000	     -0.00000000	     -0.00000000	1919669.65045207	     -0.00000000	596898312.13505793	     -0.00000000	34964278.99159365	     -0.00000000	     -0.00000000	     -0.00000000	     -0.00000000	     -0.00000000	     -0.00000000	     -0.00000000
      2.01000000	4911927.47157432	 613862.26610642	36434335.76460255	2350618.55739038	5222660.28105981	     -0.00000000	     -0.00000000	 274687.77321993	     -0.00000000	     -0.00000000	     -0.00000000	     -0.00000000	     -0.00000000	     -0.00000000	213581490.56873557	304697914.73031729	360956361.57329226	     -0.00000000	     -0.00000000	     -0.00000000	     -0.00000000	     -0.00000000	     -0.00000000	43935637.57840050	 344609.30865697	     -0.00000000	     -0.00000000	     -0.00000000	7095020.54141091	    -12.49763659	565603000.22901988	     -0.00000000	13274305.06949596	     -0.00000000	     -0.00000000	     -0.00000000	     -0.00000000	1135850.51430628	2506464.40794748	1650863.55826019	     -0.00000000	     -0.00000000	38430565.55710161	3518334.80389661	 155882.91208216	     -0.00000000	  26492.52345328	4636511.99835325	     -0.00000000	     -0.00000000	     -0.00000000	     -0.00000000	     -0.00000000	     -0.00000000	391741374.64988416	514429939.49041146	506286865.06234211	     -0.00000000	     -0.00000000	     -0.00000000	     -0.00000000	     -0.00000000	     -0.00000000	54469769.35877214	     -0.00000000	     -0.00000000	     -0.00000000	     -0.00000000	2079796.21065213	     -0.00000000	599921083.19357765	     -0.00000000	34287785.87107383	     -0.00000000	     -0.00000000	     -0.00000000	     -0.00000000	     -0.00000000	     -0.00000000	     -0.00000000
      2.02000000	4164019.64045742	 468312.53630794	37878039.82455382	2557555.45502725	5382325.12697190	     -0.00000000	     -0.00000000	 164988.22085078	     -0.00000000	     -0.00000000	     -0.00000000	     -0.00000000	     -0.00000000	     -0.00000000	225601035.47804940	321601231.36203909	381088650.30909258	     -0.00000000	     -0.00000000	     -0.00000000	     -0.00000000	     -0.00000000	     -0.00000000	42691332.56188376	 222915.76060549	     -0.00000000	     -0.00000000	     -0.00000000	6604268.07971856	     -2.34261138	555722351.60958946	     -0.00000000	13103301.69314135	     -0.00000000	     -0.00000000	     -0.00000000	     -0.00000000	1321956.66572205	2945048.88371818	1945299.79871084	     -0.00000000	     -0.00000000	37364460.77041912	3357787.70246316	 115561.42893578	     -0.00000000	  17877.58099654	4630320.81408269	     -0.00000000	     -0.00000000	     -0.00000000	     -0.00000000	     -0.00000000	     -0.00000000	384049955.74303544	504123152.94533771	493691358.57933062	     -0.00000000	     -0.00000000	     -0.00000000	     -0.00000000	     -0.00000000	     -0.00000000	54334422.83108885	     -0.00000000	     -0.00000000	     -0.00000000	     -0.00000000	2269965.09437110	     -0.00000000	603373936.03928840	     -0.00000000	33666995.10363300	     -0.00000000	     -0.00000000	     -0.00000000	     -0.00000000	     -0.00000000	     -0.00000000	     -0.00000000
      2.03000000	3369444.51801605	 326290.23048212	39433772.58815971	2791247.69408843	5513808.39637223	     -0.00000000	     -0.00000000	  91739.34065537	     -0.00000000	     -0.00000000	     -0.00000000	     -0.00000000	     -0.00000000	     -0.00000000	238983801.09665179	340236345.08652139	402878994.77793944	     -0.00000000	     -0.00000000	     -0.00000000	     -0.00000000	     -0.00000000	     -0.00000000	41575755.77864733	 121383.72799854	     -0.00000000	     -0.00000000	     -0.00000000	6079851.81288900	     -2.36783162	546039476.40207136	     -0.00000000	13088956.28891478	     -0.00000000	     -0.00000000	     -0.00000000	     -0.00000000	1490873.98846403	3341762.97327206	2213222.28164222	     -0.00000000	     -0.00000000	36540009.97702027	3229532.78946902	  96977.73738504	     -0.00000000	  12494.81295811	4642606.57118327	     -0.00000000	     -0.00000000	     -0.00000000	     -0.00000000	     -0.00000000	     -0.00000000	376783056.90629268	494670904.90009063	483019161.90296388	     -0.00000000	     -0.00000000	     -0.00000000	     -0.00000000	     -0.00000000	     -0.00000000	54329846.58646118	     -0.00000000	     -0.00000000	     -0.00000000	     -0.00000000	2448616.75376696	     -0.00000000	606409534.41468835	     -0.00000000	33200692.74846077	     -0.00000000	     -0.00000000	     -0.00000000	     -0.00000000	     -0.00000000	     -0.00000000	     -0.00000000
      2.04000000	2706951.61241109	 220656.35748984	40669034.94900844	2987349.73236587	5554988.67275356	     -0.00000000	     -0.00000000	  49213.18625396	     -0.00000000	     -0.00000000	     -0.00000000	     -0.00000000	     -0.00000000	     -0.00000000	250652653.77839333	356193942.00956291	420831100.38064593	     -0.00000000	     -0.00000000	     -0.00000000	     -0.00000000	     -0.00000000	     -0.00000000	40668916.14194822	  60170.58382187	     -0.00000000	     -0.00000000	     -0.00000000	5645656.77557209	     -5.72283422	538261649.13402867	     -0.00000000	13107183.74631174	     -0.00000000	     -0.00000000	     -0.00000000	     -0.00000000	1626233.69207174	3658409.68717669	2428125.53202402	     -0.00000000	     -0.00000000	35438717.95096665	3054426.96167144	  79163.38260799	     -0.00000000	   7428.04446406	4689451.10048927	     -0.00000000	     -0.00000000	     -0.00000000	     -0.00000000	     -0.00000000	     -0.00000000	366700098.81322336	481538921.39908010	468350070.84778410	     -0.00000000	     -0.00000000	     -0.00000000	     -0.00000000	     -0.00000000	     -0.00000000	54445641.55906709	     -0.00000000	     -0.00000000	     -0.00000000	     -0.00000000	2712888.05067890	     -0.00000000	610933937.45459878	     -0.00000000	32639600.86062191	     -0.00000000	     -0.00000000	     -0.00000000	     -0.00000000	     -0.00000000	     -0.00000000	     -0.00000000
      2.05000000	2106137.17729835	 134002.26885950	42008634.73957362	3202058.23933858	5623712.44321295	     -0.00000000	     -0.00000000	  24993.03960036	     -0.00000000	     -0.00000000	     -0.00000000	     -0.00000000	     -0.00000000	     -0.00000000	262731015.69109744	372710301.39225632	439597468.32738513	     -0.00000000	     -0.00000000	     -0.00000000	     -0.00000000	     -0.00000000	     -0.00000000	39951546.72118139	  21229.63107330	     -0.00000000	     -0.00000000	     -0.00000000	5205134.84757215	    -13.43085862	530961152.98668218	     -0.00000000	13264444.00330169	     -0.00000000	     -0.00000000	     -0.00000000	     -0.00000000	1734147.81295814	3909910.85532970	2599489.20965260	     -0.00000000	     -0.00000000	34451281.46113698	2896309.66584171	  69294.15165039	     -0.00000000	   4461.85710929	4751560.91891796	     -0.00000000	     -0.00000000	     -0.00000000	     -0.00000000	     -0.00000000	     -0.00000000	356834955.65994114	468741296.45012623	454455283.35902572	     -0.00000000	     -0.00000000	     -0.00000000	     -0.00000000	     -0.00000000	     -0.00000000	54642235.11264416	     -0.00000000	     -0.00000000	     -0.00000000	     -0.00000000	2979147.45465231	     -0.00000000	615306695.53605688	     -0.00000000	32165809.90774278	     -0.00000000	     -0.00000000	     -0.00000000	     -0.00000000	     -0.00000000	     -0.00000000	     -0.00000000
      2.06000000	1547154.00790688	  66728.99143283	43259074.21812788	3413275.89477441	5627141.95437220	     -0.00000000	     -0.00000000	  14060.29033986	     -0.00000000	     -0.00000000	     -0.00000000	     -0.00000000	     -0.00000000	     -0.00000000	274967463.77048147	389179362.79049128	457659761.32657981	     -0.00000000	     -0.00000000	     -0.00000000	     -0.00000000	     -0.00000000	     -0.00000000	39394874.29577770	   4658.92528711	     -0.00000000	     -0.00000000	     -0.00000000	4776908.50595209	     -2.05473694	524650144.96061373	     -0.00000000	13530183.69647566	     -0.00000000	     -0.00000000	     -0.00000000	     -0.00000000	1808764.39900777	4083278.44829669	2717962.61673232	     -0.00000000	     -0.00000000	33567356.51306085	2748622.27376309	  70910.20967555	     -0.00000000	   2551.78355514	4830444.03505434	     -0.00000000	     -0.00000000	     -0.00000000	     -0.00000000	     -0.00000000	     -0.00000000	346500610.84703648	455438280.68938076	440833044.48461586	     -0.00000000	     -0.00000000	     -0.00000000	     -0.00000000	     -0.00000000	     -0.00000000	54956907.90527047	     -0.00000000	     -0.00000000	     -0.00000000	     -0.00000000	3266170.79395881	     -0.00000000	619729423.48999059	     -0.00000000	31753238.84250906	     -0.00000000	     -0.00000000	     -0.00000000	     -0.00000000	     -0.00000000	     -0.00000000	     -0.00000000
      2.07000000	1115962.05589765	  25983.90521374	44619672.98537227	3638175.40012816	5712686.84234492	     -0.00000000	     -0.00000000	   9307.11960031	     -0.00000000	     -0.00000000	     -0.00000000	     -0.00000000	     -0.00000000	     -0.00000000	286749682.83343726	405169686.69018114	475861244.63900924	     -0.00000000	     -0.00000000	     -0.00000000	     -0.00000000	     -0.00000000	     -0.00000000	39054580.49975143	    195.14326678	     -0.00000000	     -0.00000000	     -0.00000000	4372218.29645625	     -0.00000000	518916707.89195281	     -0.00000000	13909666.84796280	     -0.00000000	     -0.00000000	     -0.00000000	     -0.00000000	1855696.63095445	4192089.36267593	2792462.06629429	     -0.00000000	     -0.00000000	32659858.29272201	2599988.80503283	  69237.99499184	     -0.00000000	   1249.50617187	4919424.49865957	     -0.00000000	     -0.00000000	     -0.00000000	     -0.00000000	     -0.00000000	     -0.00000000	336684988.87153673	442454810.08199823	427149364.28575444	     -0.00000000	     -0.00000000	     -0.00000000	     -0.00000000	     -0.00000000	     -0.00000000	55287551.12346536	     -0.00000000	     -0.00000000	     -0.00000000	     -0.00000000	3560963.39009320	     -0.00000000	624293920.74188030	     -0.00000000	31357117.08424125	     -0.00000000	     -0.00000000	     -0.00000000	     -0.00000000	     -0.00000000	     -0.00000000	     -0.00000000
      2.08000000	 738400.65624981	   6584.79768155	45841743.60733671	3851477.13504538	5723975.13991745	     -0.00000000	     -0.00000000	   8268.63915380	     -0.00000000	     -0.00000000	     -0.00000000	     -0.00000000	     -0.00000000	     -0.00000000	298396456.11992472	420697542.65265226	492818676.58641285	     -0.00000000	     -0.00000000	     -0.00000000	     -0.00000000	     -0.00000000	     -0.00000000	38868684.61877118	     -0.00000000	     -0.00000000	     -0.00000000	     -0.00000000	3990763.56522059	     -0.00000000	514300461.41441238	     -0.00000000	14386642.81411953	     -0.00000000	     -0.00000000	     -0.00000000	     -0.00000000	1867915.30146214	4220392.45215162	2811833.09469366	     -0.00000000	     -0.00000000	31867993.93157032	2463046.03152110	  79665.91613610	     -0.00000000	    514.54910249	5016961.31298359	     -0.00000000	     -0.00000000	     -0.00000000	     -0.00000000	     -0.00000000	     -0.00000000	326467937.81307662	429136599.22689992	413927623.99535775	     -0.00000000	     -0.00000000	     -0.00000000	     -0.00000000	     -0.00000000	     -0.00000000	55716300.98616374	    297.73651880	     -0.00000000	     -0.00000000	     -0.00000000	3874199.05726632	     -0.00000000	628784684.90348554	     -0.00000000	31003625.67799323	     -0.00000000	     -0.00000000	     -0.00000000	     -0.00000000	     -0.00000000	     -0.00000000	     -0.00000000
      2.09000000	 449805.63264362	    645.86814087	47059065.19670282	4065376.95178989	5750837.97429515	     -0.00000000	     -0.00000000	   9884.44905985	     -0.00000000	     -0.00000000	     -0.00000000	     -0.00000000	     -0.00000000	     -0.00000000	309679277.34100318	435697563.65230387	509260692.89232618	     -0.00000000	     -0.00000000	     -0.00000000	     -0.00000000	     -0.00000000	     -0.00000000	38869810.78520273	     -0.00000000	     -0.00000000	     -0.00000000	     -0.00000000	3634208.58797255	     -0.00000000	510506309.51903874	     -0.00000000	14973023.05331275	     -0.00000000	     -0.00000000	     -0.00000000	     -0.00000000	1849396.85144210	4177507.50217427	2782403.77004951	     -0.00000000	     -0.00000000	31134894.82245200	2334881.29011200	  94167.13593475	     -0.00000000	    139.14674242	5116501.41618938	     -0.00000000	     -0.00000000	     -0.00000000	     -0.00000000	     -0.00000000	     -0.00000000	316536762.64393193	416195842.42823917	401226820.80191457	     -0.00000000	     -0.00000000	     -0.00000000	     -0.00000000	     -0.00000000	     -0.00000000	56170769.82047606	   3712.63009083	     -0.00000000	     -0.00000000	     -0.00000000	4189950.91709556	     -0.00000000	633134416.94578636	     -0.00000000	30675391.26553331	     -0.00000000	     -0.00000000	     -0.00000000	     -0.00000000	     -0.00000000	     -0.00000000	     -0.00000000
      2.10000000	 258110.27403678	     -0.07972839	48189558.07895707	4265494.91490429	5798346.07466385	     -0.00000000	     -0.00000000	  15023.26782473	     -0.00000000	     -0.00000000	     -0.00000000	     -0.00000000	     -0.00000000	     -0.00000000	319589736.29777044	448874202.51087946	523889503.06642181	     -0.00000000	     -0.00000000	     -0.00000000	     -0.00000000	     -0.00000000	     -0.00000000	39063700.76688524	     -0.00000000	     -0.00000000	     -0.00000000	     -0.00000000	3327814.36658077	     -0.00000000	507791851.37717384	     -0.00000000	15635687.46555016	     -0.00000000	     -0.00000000	     -0.00000000	     -0.00000000	1800824.17716626	4064875.92713226	2705246.81710421	     -0.00000000	     -0.00000000	30363989.46421283	2201568.67776097	 109333.77710376	     -0.00000000	      1.70204070	5220168.42166556	     -0.00000000	     -0.00000000	     -0.00000000	     -0.00000000	     -0.00000000	     -0.00000000	306477785.23860300	402933656.35523093	387984171.61543083	     -0.00000000	     -0.00000000	     -0.00000000	     -0.00000000	     -0.00000000	     -0.00000000	56648399.37479838	  14589.65177553	     -0.00000000	     -0.00000000	     -0.00000000	4529416.01659191	     -0.00000000	637701091.74742651	     -0.00000000	30321586.64483609	     -0.00000000	     -0.00000000	     -0.00000000	     -0.00000000	     -0.00000000	     -0.00000000	     -0.00000000
      2.11000000	 131798.99856624	     -0.00000000	49640445.69305304	4508191.88212198	5997787.48911349	     -0.00000000	     -0.00000000	  26642.47970374	     -0.00000000	     -0.00000000	     -0.00000000	     -0.00000000	     -0.00000000	     -0.00000000	329909794.88262433	462890973.28996223	540694412.70233858	     -0.00000000	     -0.00000000	     -0.00000000	     -0.00000000	     -0.00000000	     -0.00000000	39500734.76440445	     -0.00000000	     -0.00000000	     -0.00000000	     -0.00000000	3013861.03053443	     -0.00000000	505096562.87068045	     -0.00000000	16494969.33924523	     -0.00000000	     -0.00000000	     -0.00000000	     -0.00000000	1725701.66570283	3890294.03259259	2585920.52305239	     -0.00000000	     -0.00000000	29807366.81577602	2108380.06442519	 126902.25153704	     -0.00000000	     -0.03437719	5302392.25349136	     -0.00000000	     -0.00000000	     -0.00000000	     -0.00000000	     -0.00000000	     -0.00000000	297587805.70810986	391544602.41360986	377246153.65202433	     -0.00000000	     -0.00000000	     -0.00000000	     -0.00000000	     -0.00000000	     -0.00000000	57035044.37730470	  32517.86425221	     -0.00000000	     -0.00000000	     -0.00000000	4802389.60173045	     -0.00000000	641038067.12263227	     -0.00000000	30063499.32382977	     -0.00000000	     -0.00000000	     -0.00000000	     -0.00000000	     -0.00000000	     -0.00000000	     -0.00000000
      2.12000000	  43120.50591729	     -0.00000000	50434957.54826424	4665261.46033820	5937470.95077086	     -0.00000000	     -0.00000000	  49798.12092746	     -0.00000000	     -0.00000000	     -0.00000000	     -0.00000000	     -0.00000000	     -0.00000000	338394833.13044107	473805263.81379223	551817337.27129674	     -0.00000000	     -0.00000000	     -0.00000000	     -0.00000000	     -0.00000000	     -0.00000000	39956731.78952082	     -0.00000000	     -0.00000000	     -0.00000000	     -0.00000000	2776131.28376842	     -0.00000000	504508791.66461045	     -0.00000000	17299499.89970198	     -0.00000000	     -0.00000000	     -0.00000000	     -0.00000000	1624509.00770691	3654429.48377333	2425181.92408088	     -0.00000000	     -0.00000000	29092965.03254203	1975506.48445858	 155053.01270162	     -0.00000000	     -0.00000000	5409306.55715921	     -0.00000000	     -0.00000000	     -0.00000000	     -0.00000000	     -0.00000000	     -0.00000000	288583641.96863788	379307865.25579089	364821944.09342724	     -0.00000000	     -0.00000000	     -0.00000000	     -0.00000000	     -0.00000000	     -0.00000000	57603790.74127309	  67299.71375094	     -0.00000000	     -0.00000000	     -0.00000000	5174048.00555190	     -0.00000000	645787297.03447878	     -0.00000000	29701071.66238586	     -0.00000000	     -0.00000000	     -0.00000000	     -0.00000000	     -0.00000000	     -0.00000000	     -0.00000000
      2.13000000	  11263.06788217	     -0.00000000	51365595.60600188	4833877.61686234	6021062.37781412	     -0.00000000	     -0.00000000	  89601.60636043	     -0.00000000	     -0.00000000	     -0.00000000	     -0.00000000	     -0.00000000	     -0.00000000	345445362.87481576	483164105.22859627	562580892.24866486	     -0.00000000	     -0.00000000	     -0.00000000	     -0.00000000	     -0.00000000	     -0.00000000	40672542.43131378	     -0.00000000	     -0.00000000	     -0.00000000	     -0.00000000	2572937.10447896	     -0.00000000	504523052.79360747	     -0.00000000	18245061.03837714	     -0.00000000	     -0.00000000	     -0.00000000	     -0.00000000	1497347.38142784	3356990.13438644	2223249.10590295	     -0.00000000	     -0.00000000	28425265.17532084	1859362.94875123	 179583.19813031	     -0.00000000	     -0.00000000	5501741.83076623	     -0.00000000	     -0.00000000	     -0.00000000	     -0.00000000	     -0.00000000	     -0.00000000	279754685.27365983	367410458.51290953	352841487.86009479	     -0.00000000	     -0.00000000	     -0.00000000	     -0.00000000	     -0.00000000	     -0.00000000	58093618.55447975	 113673.08592144	     -0.00000000	     -0.00000000	     -0.00000000	5524473.74290351	     -0.00000000	649966910.98261058	     -0.00000000	29351146.30521289	     -0.00000000	     -0.00000000	     -0.00000000	     -0.00000000	     -0.00000000	     -0.00000000	     -0.00000000
      2.14000000	   1883.69229116	     -0.00000000	52358574.78642485	5008848.13516403	6167238.47491407	     -0.00000000	     -0.00000000	 150374.84107978	     -0.00000000	     -0.00000000	     -0.00000000	     -0.00000000	     -0.00000000	     -0.00000000	351997444.80660373	491927695.04779059	573228183.93519449	     -0.00000000	     -0.00000000	     -0.00000000	     -0.00000000	     -0.00000000	     -0.00000000	41565385.31349837	     -0.00000000	     -0.00000000	     -0.00000000	     -0.00000000	2386876.09730906	     -0.00000000	505014260.16687393	     -0.00000000	19316241.04467690	     -0.00000000	     -0.00000000	     -0.00000000	     -0.00000000	1352380.55244352	3016678.17156754	1993233.44456690	    501.74374546	    134.44221391	27819619.12654168	1755606.32888432	 203684.23061520	     -0.00000000	     -0.00000000	5587008.93346731	     -0.00000000	     -0.00000000	     -0.00000000	     -0.00000000	     -0.00000000	     -0.00000000	271813940.25261348	356616441.58018857	341892695.65822637	     -0.00000000	     -0.00000000	     -0.00000000	     -0.00000000	     -0.00000000	     -0.00000000	58553034.91330613	 166906.02959543	     -0.00000000	     -0.00000000	     -0.00000000	5854937.98033408	     -0.00000000	653776475.04302967	     -0.00000000	29029590.47128405	     -0.00000000	     -0.00000000	     -0.00000000	     -0.00000000	     -0.00000000	     -0.00000000	     -0.00000000
      2.15000000	    518.51622931	     -0.00000000	52995518.01363283	5127514.32468898	6283489.51282043	     -0.00000000	     -0.00000000	 242246.35577243	     -0.00000000	     -0.00000000	     -0.00000000	     -0.00000000	     -0.00000000	     -0.00000000	355275422.51880699	496348166.65016937	579091603.17578566	     -0.00000000	     -0.00000000	     -0.00000000	     -0.00000000	     -0.00000000	     -0.00000000	42633088.34065256	     -0.00000000	     -0.00000000	     -0.00000000	     -0.00000000	2281669.16412134	     -0.00000000	507215951.82928002	     -0.00000000	20398946.03237109	     -0.00000000	     -0.00000000	     -0.00000000	     -0.00000000	1186157.39688352	2625209.33988125	1730035.51784405	  29253.89239752	   4069.06126782	27084458.84568578	1634620.08144566	 226547.68563940	     -0.00000000	     -0.00000000	5675075.13802655	     -0.00000000	     -0.00000000	     -0.00000000	     -0.00000000	     -0.00000000	     -0.00000000	263018728.45906436	344385224.14248157	329052807.88503540	     -0.00000000	     -0.00000000	     -0.00000000	     -0.00000000	     -0.00000000	     -0.00000000	59051373.56350059	 241628.51655045	     -0.00000000	     -0.00000000	     -0.00000000	6249618.78466121	     -0.00000000	658170485.62597144	     -0.00000000	28613281.52984529	     -0.00000000	     -0.00000000	     -0.00000000	     -0.00000000	     -0.00000000	     -0.00000000	     -0.00000000
      2.16000000	     -2.17066467	     -0.00000000	54030799.94805547	5303047.29864349	6525957.99620000	     -0.00000000	     -0.00000000	 364468.76645066	     -0.00000000	     -0.00000000	     -0.00000000	     -0.00000000	     -0.00000000	     -0.00000000	360593391.44602329	503572719.93809259	588872254.58172309	     -0.00000000	     -0.00000000	     -0.00000000	     -0.00000000	     -0.00000000	     -0.00000000	43869311.54609593	     -0.00000000	     -0.00000000	     -0.00000000	     -0.00000000	2132333.23533296	     -0.00000000	508791223.89833921	     -0.00000000	21720189.34255100	     -0.00000000	     -0.00000000	     -0.00000000	     -0.00000000	1015997.84377229	2223586.60902560	1461607.66554989	  98965.03260930	  13455.67371882	26569361.53912594	1549222.49666080	 246343.02439444	     -0.00000000	     -0.00000000	5747592.77710767	     -0.00000000	     -0.00000000	     -0.00000000	     -0.00000000	     -0.00000000	     -0.00000000	257000914.29571751	335863821.25823510	320007693.51076621	     -0.00000000	     -0.00000000	     -0.00000000	     -0.00000000	     -0.00000000	     -0.00000000	59456550.89527469	 303311.01576764	     -0.00000000	     -0.00000000	     -0.00000000	6544178.43329877	     -0.00000000	661409589.22464883	     -0.00000000	28333816.01810924	     -0.00000000	     -0.00000000	     -0.00000000	     -0.00000000	     -0.00000000	     -0.00000000	     -0.00000000
      2.17000000	     -5.77090165	     -0.00000000	54744782.49918019	5429192.43670526	6726535.21361589	     -0.00000000	     -0.00000000	 530378.21108120	     -0.00000000	     -0.00000000	     -0.00000000	     -0.00000000	     -0.00000000	     -0.00000000	363248242.59260613	507273378.97463202	594611671.40064740	     -0.00000000	     -0.00000000	     -0.00000000	     -0.00000000	     -0.00000000	     -0.00000000	45255553.69613945	     -0.00000000	     -0.00000000	     -0.00000000	     -0.00000000	2045470.91098053	     -0.00000000	511818213.05226433	     -0.00000000	23074308.25107614	     -0.00000000	     -0.00000000	     -0.00000000	     -0.00000000	 836878.94022632	1800648.33397623	1180754.08652160	 224891.57797070	  34802.59631121	25968882.54174377	1451965.41571842	 267212.15124165	     -0.00000000	     -0.00000000	5826910.35201622	     -0.00000000	     -0.00000000	     -0.00000000	     -0.00000000	     -0.00000000	     -0.00000000	250502412.14024898	326421463.48345059	309692694.59842426	     -0.00000000	     -0.00000000	     -0.00000000	     -0.00000000	     -0.00000000	     -0.00000000	59919248.47963057	 382212.12164635	     -0.00000000	     -0.00000000	     -0.00000000	6890488.64931500	     -0.00000000	665123203.73637295	     -0.00000000	27996472.50619888	     -0.00000000	     -0.00000000	     -0.00000000	     -0.00000000	     -0.00000000	     -0.00000000	     -0.00000000
      2.18000000	     24.79889496	     -0.00000000	55406178.44356054	5540988.18507130	6988001.18696821	     -0.00000000	     -0.00000000	 742590.63426463	     -0.00000000	     -0.00000000	     -0.00000000	     -0.00000000	     -0.00000000	     -0.00000000	364287172.92447746	509039427.06702495	598805097.55470526	     -0.00000000	     -0.00000000	     -0.00000000	     -0.00000000	     -0.00000000	     -0.00000000	46816695.60828689	     -0.00000000	     -0.00000000	     -0.00000000	     -0.00000000	1993286.54807665	     -0.00000000	515560558.20346445	     -0.00000000	24519501.30968083	     -0.00000000	     -0.00000000	     -0.00000000	     -0.00000000	 659552.73373395	1383018.92467418	 905339.13739003	 391711.63771899	  71018.54212980	25317796.23539415	1353978.51027212	 278453.49374124	     -0.00000000	     -0.00000000	5905826.94667827	     -0.00000000	     -0.00000000	     -0.00000000	     -0.00000000	     -0.00000000	     -0.00000000	243975953.62876013	316771396.32811081	298825375.74469268	     -0.00000000	     -0.00000000	     -0.00000000	     -0.00000000	     -0.00000000	     -0.00000000	60358037.35185470	 474433.28229281	     -0.00000000	     -0.00000000	     -0.00000000	7248898.63631236	     -0.00000000	668877789.55623198	     -0.00000000	27638175.33943739	     -0.00000000	     -0.00000000	     -0.00000000	     -0.00000000	     -0.00000000	     -0.00000000	     -0.00000000
      2.19000000	    461.00045306	     -0.00000000	56071564.84253838	5651861.78389224	7276161.97340798	     -0.00000000	     -0.00000000	1004306.92062172	     -0.00000000	     -0.00000000	     -0.00000000	     -0.00000000	     -0.00000000	     -0.00000000	365004361.16560400	510422855.03523183	602746365.05647874	     -0.00000000	     -0.00000000	     -0.00000000	     -0.00000000	     -0.00000000	     -0.00000000	48511571.09425277	     -0.00000000	     -0.00000000	     -0.00000000	     -0.00000000	1948997.29078688	     -0.00000000	519659825.57921141	     -0.00000000	26093093.01745211	     -0.00000000	     -0.00000000	     -0.00000000	     -0.00000000	 489955.26232795	 986600.24914074	 645525.96498068	 582404.07718672	 115785.48519146	24713598.98184295	1265110.34968356	 287495.54771278	     -0.00000000	     -0.00000000	5984217.33861511	     -0.00000000	     -0.00000000	     -0.00000000	     -0.00000000	     -0.00000000	     -0.00000000	238266218.26448682	308103640.46028727	288836371.09113973	     -0.00000000	     -0.00000000	     -0.00000000	     -0.00000000	     -0.00000000	     -0.00000000	60788236.44735766	 568764.98251921	     -0.00000000	     -0.00000000	     -0.00000000	7589891.40977354	     -0.00000000	672389465.57261908	     -0.00000000	27315084.96315378	     -0.00000000	     -0.00000000	     -0.00000000	     -0.00000000	     -0.00000000	     -0.00000000	     -0.00000000
      2.20000000	   3351.04058433	     -0.00000000	56644370.45537327	5744761.21507496	7598260.31927202	     -0.00000000	     -2.93401830	1318273.55571866	     -0.00000000	     -0.00000000	     -0.00000000	     -0.00000000	     -0.00000000	     -0.00000000	364200423.61922759	509944217.23906857	604961679.84929168	     -0.00000000	     -0.00000000	     -0.00000000	     -0.00000000	     -0.00000000	     -0.00000000	50338103.38824340	     -0.00000000	     -0.00000000	     -0.00000000	     -0.00000000	1935981.73520035	     -0.00000000	524375684.50617385	     -0.00000000	27738538.90667867	     -0.00000000	     -0.00000000	     -0.00000000	     -0.00000000	 333233.23230553	 626489.15199319	 410602.02705883	 805314.99308902	 171393.45376570	24073904.69128608	1175842.14711947	 290394.16799249	     -0.00000000	     -0.00000000	6063322.19621464	     -0.00000000	     -0.00000000	     -0.00000000	     -0.00000000	     -0.00000000	     -0.00000000	232523251.29376933	299229643.68887705	278392276.98732835	     -0.00000000	     -0.00000000	     -0.00000000	     -0.00000000	     -0.00000000	     -0.00000000	61214467.89966296	 676792.03835599	     -0.00000000	     -0.00000000	     -0.00000000	7947043.22338066	     -0.00000000	675959236.30500686	     -0.00000000	26974171.89323713	     -0.00000000	     -0.00000000	     -0.00000000	     -0.00000000	     -0.00000000	     -0.00000000	     -0.00000000
      2.21000000	   9592.95704907	     -0.00000000	57279040.81317174	5847370.65817877	7929521.86718331	     -0.00000000	   1144.17288684	1685371.24887939	     -0.00000000	     -0.00000000	     -0.00000000	     -0.00000000	     -0.00000000	     -0.00000000	364130551.79281545	510368918.44757086	608079657.96056056	     -0.00000000	     -0.00000000	     -0.00000000	     -0.00000000	     -0.00000000	     -0.00000000	52257917.44501647	     -0.00000000	     -0.00000000	     -0.00000000	     -0.00000000	1910514.33751091	     -0.00000000	529099548.72163481	     -0.00000000	29540798.20911289	     -0.00000000	     -0.00000000	     -0.00000000	     -0.00000000	 196279.00902198	 323384.44975606	 213308.41604917	1020394.76788488	 227815.40320767	23521349.04786666	1100163.31177223	 291561.05516331	     -0.00000000	     -0.00000000	6145068.21487969	     -0.00000000	     -0.00000000	     -0.00000000	     -0.00000000	     -0.00000000	     -0.00000000	228022062.43199548	291962419.41475230	269534005.57569879	     -0.00000000	     -0.00000000	     -0.00000000	     -0.00000000	     -0.00000000	     -0.00000000	61629013.95597404	 776765.33156065	     -0.00000000	     -0.00000000	     -0.00000000	8263364.32741407	     -0.00000000	679137450.20064557	     -0.00000000	26707477.69488563	     -0.00000000	     -0.00000000	     -0.00000000	     -0.00000000	     -0.00000000	     -0.00000000	     -0.00000000
      2.22000000	  36642.20289135	     -0.00000000	57606072.22804019	5902250.30122706	8244402.10762597	     -0.00000000	   5688.95214294	2104025.29269615	     -0.00000000	     -0.00000000	     -0.00000000	     -0.00000000	     -0.00000000	     -0.00000000	360943906.50919348	506842677.91235185	606927192.94084084	     -0.00000000	     -0.00000000	     -0.00000000	     -0.00000000	     -0.00000000	     -0.00000000	54257519.95426043	     -0.00000000	     -0.00000000	     -0.00000000	     -0.00000000	1946415.84749971	     -0.00000000	534787709.25355685	     -0.00000000	31296208.18350009	     -0.00000000	     -0.00000000	     -0.00000000	     -0.00000000	  88593.23190663	 114134.60137037	  74876.61295111	1314584.42588661	 306010.25535574	22880302.57393814	1015654.43426800	 294179.38120066	     -0.00000000	     -0.00000000	6224371.33575026	     -0.00000000	     -0.00000000	     -0.00000000	     -0.00000000	     -0.00000000	     -0.00000000	222223357.46232182	282847940.47267514	258776670.81561688	     -0.00000000	     -0.00000000	     -0.00000000	     -0.00000000	     -0.00000000	     -0.00000000	62078429.09516133	 910376.54471817	     -0.00000000	     -0.00000000	     -0.00000000	8649068.34940803	     -0.00000000	682670064.89579129	     -0.00000000	26353951.04059536	     -0.00000000	     -0.01219579	     -0.00000000	     -0.00000000	     -0.00000000	     -0.00000000	     -0.00000000
      2.23000000	  72779.90918262	     -0.00000000	58149029.12635372	5989337.11314255	8603938.60794335	     -0.00000000	  18422.11811938	2563986.13860919	     -0.00000000	     -0.00000000	     -0.00000000	     -0.00000000	     -0.00000000	     -0.00000000	359628265.20077205	505701203.40033817	608461338.92402649	     -0.00000000	     -0.00000000	     -0.00000000	     -0.00000000	     -0.00000000	     -0.00000000	56323764.34466708	     -0.00000000	     -0.00000000	     -0.00000000	     -0.00000000	1947140.36801450	     -0.00000000	539818410.62632823	     -0.00000000	33218487.57854599	     -0.00000000	     -0.00000000	     -0.00000000	     -0.00000000	  25145.22851629	  21602.67946522	  13960.01564318	1545578.87499151	 371838.21351008	22349172.78914426	 949127.05617449	 287631.93767854	     -0.00000000	     -0.00000000	6296693.91734799	     -0.00000000	     -0.00000000	     -0.00000000	     -0.00000000	     -0.00000000	     -0.00000000	218300192.42255712	276212733.71260363	250375830.80417547	     -0.00000000	     -0.00000000	     -0.00000000	     -0.00000000	     -0.00000000	     -0.00000000	62448316.00115681	1021530.50599949	     -0.00000000	     -0.00000000	     -0.00000000	8956353.74767652	     -0.00000000	685544085.26172876	     -0.00000000	26090566.38006853	     -0.00000000	     -0.32524606	     -0.00000000	     -0.00000000	     -0.00000000	     -0.00000000	     -0.00000000
      2.24000000	 132323.78294368	     -0.00000000	58347817.59371382	6028128.72194094	8857906.81188144	     -0.00000000	  40133.29596139	3068022.43101306	     -0.00000000	     -0.00000000	     -0.00000000	     -0.00000000	     -0.00000000	     -0.00000000	356395414.44542938	501966036.59133750	606462416.49453378	     -0.00000000	     -0.00000000	     -0.00000000	     -0.00000000	     -0.00000000	     -0.00000000	58386754.33332059	     -0.00000000	     -0.00000000	     -0.00000000	     -0.00000000	1988598.03195607	     -0.00000000	545575104.51262772	     -0.00000000	35070973.92083814	     -0.00000000	     -0.00000000	     -0.00000000	     -0.00000000	   2649.59048487	    129.80015919	     86.96154034	1861764.39385078	 460038.35380837	21808497.67897048	 880073.06298450	 292957.04111394	     -0.00000000	     -0.00000000	6369107.47068931	     -0.00000000	     -0.00000000	     -0.00000000	     -0.00000000	     -0.00000000	     -0.00000000	213617676.06237105	268515538.57750177	241125755.26860321	     -0.00000000	     -0.00000000	     -0.00000000	     -0.00000000	     -0.00000000	     -0.00000000	62890042.58000294	1157525.87417876	     -0.00000000	     -0.00000000	     -0.00000000	9316582.08424125	     -0.00000000	688602207.76837218	     -0.00000000	25785145.93511715	     -0.00000000	      2.74063693	     -0.00000000	     -0.00000000	     -0.00000000	     -0.00000000	     -0.00000000
      2.25000000	 188562.85783817	     -0.00000000	58904845.66617186	6116960.99595046	9220119.06308437	     -0.00000000	  80635.54288489	3587915.79932877	     -0.00000000	     -0.00000000	     -0.00000000	     -0.00000000	     -0.00000000	     -0.00000000	355567465.19417244	501389740.68654966	608424134.73646319	     -0.00000000	     -0.00000000	     -0.00000000	     -0.00000000	     -0.00000000	     -0.00000000	60470341.61481804	     -0.00000000	     -0.00000000	     -0.00000000	     -0.00000000	1983533.56341140	     -0.00000000	550064291.02461851	     -0.00000000	37055974.20998239	     -0.00000000	     -0.00000000	     -0.00000000	     -0.00000000	     -0.00000000	     -0.00000000	     -0.00000000	2064524.67812336	 522602.69286475	21350642.42033043	 827640.80304727	 280290.89493947	     -0.00000000	     -0.00000000	6429669.94719422	     -0.00000000	     -0.00000000	     -0.00000000	     -0.00000000	     -0.00000000	     -0.00000000	210626390.62962934	263155099.29892868	234032850.34494662	     -0.00000000	     -0.00000000	     -0.00000000	     -0.00000000	     -0.00000000	     -0.00000000	63189739.82737850	1264161.94689718	     -0.00000000	     -0.00000000	     -0.00000000	9581310.74973734	     -0.00000000	690946874.85504997	     -0.00000000	25562653.66252015	     -0.00000000	     18.80608259	     -0.00000000	     -0.00000000	     -0.00000000	     -0.00000000	     -0.00000000
      2.26000000	 267464.84783804	     -0.00000000	58825118.55412792	6118979.73081839	9336226.30236846	     -0.00000000	 125150.08215604	4133401.52207865	     -0.00000000	     -0.00000000	     -0.00000000	     -0.00000000	     -0.00000000	     -0.00000000	351805926.48624843	496759980.98617429	604394368.23568928	     -0.00000000	     -0.00000000	     -0.00000000	     -0.00000000	     -0.00000000	     -0.00000000	62405400.45628352	     -0.00000000	     -0.00000000	     -0.00000000	     -0.00000000	2041141.08588996	     -0.00000000	555658068.46264589	     -0.00000000	38811025.71949631	     -0.00000000	     -0.00000000	     -0.00000000	     -0.00000000	     -0.00000000	     -0.00000000	     -0.00000000	2463319.45607087	 633004.79166947	20886644.75862609	 767764.10685753	 299856.78872311	     -0.00000000	     -0.00000000	6494726.96066568	     -0.00000000	     -0.00000000	     -0.00000000	     -0.00000000	     -0.00000000	     -0.00000000	205796538.23377991	255370376.18060577	225186555.44373062	     -0.00000000	     -0.00000000	     -0.00000000	     -0.00000000	     -0.00000000	     -0.00000000	63670482.51330879	1418238.54412254	     -0.00000000	     -0.00000000	     -0.00000000	9959130.32844931	     -0.00000000	693747229.63073504	     -0.00000000	25262134.03402578	     -0.00000000	     56.05928499	     -0.00000000	     -0.00000000	     -0.00000000	     -0.00000000	     -0.00000000
      2.27000000	 314521.47093558	     -0.00000000	59167544.54868650	6176934.14109436	9558645.14631665	     -0.00000000	 186383.61454345	4670084.88850181	     -0.00000000	     -0.00000000	     -0.00000000	     -0.00000000	     -0.00000000	     -0.00000000	351329001.75724310	496409109.48714256	605521031.62430429	     -0.00000000	     -0.00000000	     -0.00000000	     -0.00000000	     -0.00000000	     -0.00000000	64283105.06904806	     -0.00000000	     -0.00000000	     -0.00000000	     -0.00000000	2036938.02862701	     -0.00000000	559650127.93158674	     -0.00000000	40701874.75152726	     -0.00000000	     -0.00000000	     -0.00000000	     -0.00000000	      0.00000000	      0.00000000	      0.00000000	2697258.74752181	 704426.80365084	20518680.22896352	 725557.17218032	 297382.79781225	     -0.00000000	     -0.00000000	6539857.43134382	     -0.00000000	     -0.00000000	     -0.00000000	     -0.00000000	     -0.00000000	     -0.00000000	203194354.11845610	250628841.98741224	219082441.42109022	     -0.00000000	     -0.00000000	     -0.00000000	     -0.00000000	     -0.00000000	     -0.00000000	63966276.60957570	1526306.28802483	     -0.00000000	     -0.00000000	     -0.00000000	10212960.67709480	     -0.00000000	695705563.62214279	     -0.00000000	25049586.54203796	     -0.00000000	    101.48330757	     -0.00000000	     -0.00000000	     -0.00000000	     -0.00000000	     -0.00000000
      2.28000000	 367272.59877503	     -0.00000000	59452229.74605106	6220771.45734825	9771918.12962944	     -0.00000000	 253865.34097405	5190643.81332592	     -0.00000000	     -0.00000000	     -0.00000000	     -0.00000000	     -0.00000000	     -0.00000000	350596604.53360164	495738427.88353705	606230478.12259471	     -0.00000000	     -0.00000000	     -0.00000000	     -0.00000000	     -0.00000000	     -0.00000000	66024554.42473581	     -0.00000000	     -0.00000000	     -0.00000000	     -0.00000000	2041665.60833841	     -0.00000000	563222732.13426554	     -0.00000000	42479309.66004278	     -0.00000000	     -0.00000000	     -0.00000000	     -0.00000000	     -0.00000000	     -0.00000000	     -0.00000000	2938977.20292022	 778725.17072413	20160893.97666622	 685403.43895177	 295267.84322407	     -0.00000000	     -0.00000000	6571858.90430705	     -0.00000000	     -0.00000000	     -0.00000000	     -0.00000000	     -0.00000000	     -0.00000000	200615822.34446293	245920516.67030981	213056932.02950686	     -0.00000000	     -0.00000000	     -0.00000000	     -0.00000000	     -0.00000000	     -0.00000000	64235475.88842408	1638732.38621080	     -0.00000000	     -0.00000000	     -0.00000000	10468191.78831615	     -0.00000000	697530694.72870541	     -0.00000000	24814380.37068264	     -0.00000000	    168.71722061	     -0.00000000	     -0.00000000	     -0.00000000	     -0.00000000	     -0.00000000
      2.29000000	 336452.97625525	     -0.00000000	61549883.80189617	6530121.93111413	10617265.66454522	     -0.00000000	 304432.55439159	5194260.30447049	     -0.00000000	     -0.00000000	     -0.00000000	     -0.00000000	     -0.00000000	     -0.00000000	359757363.46811581	508199183.13500220	624768941.99815106	     -0.00000000	     -0.00000000	     -0.00000000	     -0.00000000	     -0.00000000	     -0.00000000	66577677.64989086	     -0.00000000	     -0.00000000	     -0.00000000	     -0.00000000	1841755.37280494	     -0.00000000	558254554.98375726	     -0.00000000	43416980.46261586	     -0.00000000	     -0.00000000	     -0.00000000	     -0.00000000	     -0.00000000	     -0.00000000	     -0.00000000	3479910.17624220	 895208.46553478	20341616.19396394	 681958.13195450	 411162.19400886	     -0.00000000	     -0.00000000	6467413.05720610	     -0.00000000	     -0.00000000	     -0.00000000	     -0.00000000	     -0.00000000	     -0.00000000	195740957.41750446	240511304.45153216	210776063.94461235	     -0.00000000	     -0.00000000	     -0.00000000	     -0.00000000	     -0.00000000	     -0.00000000	64420836.29603789	1721351.22936334	     -0.00000000	     -0.00000000	     -0.00000000	10674469.54554521	     -0.00000000	697367650.36594963	     -0.00000000	24491581.43205072	     -0.00000000	    186.93522422	     -0.00000000	     -0.00000000	     -0.00000000	     -0.00000000	     -0.00000000
      2.30000000	 427933.86676115	     -0.00000000	59558156.70202637	6235673.78233781	9924144.98028455	     -0.00000000	 384749.10922773	6107343.39559082	     -0.00000000	     -0.00000000	     -0.00000000	     -0.00000000	     -0.00000000	     -0.00000000	349057930.33507860	493997683.39705205	605395522.52134788	     -0.00000000	     -0.00000000	     -0.00000000	     -0.00000000	     -0.00000000	     -0.00000000	68745686.57445499	     -0.00000000	     -0.00000000	     -0.00000000	     -0.00000000	2065947.71286410	     -0.00000000	569313854.04600787	     -0.00000000	45403005.82997901	     -0.00000000	     -0.00000000	     -0.00000000	     -0.00000000	      0.00000000	      0.00000000	      0.00000000	3680140.97214681	 985975.93792586	19595919.38282453	 613299.80501233	 344129.44971477	     -0.00000000	     -0.00000000	6618092.74346302	     -0.00000000	     -0.00000000	     -0.00000000	     -0.00000000	     -0.00000000	     -0.00000000	193766052.66469410	234800377.04708746	200921740.25298572	     -0.00000000	     -0.00000000	     -0.00000000	     -0.00000000	     -0.00000000	     -0.00000000	64926614.40193561	1902976.09971941	     -0.00000000	     -0.00000000	     -0.00000000	11054423.86620372	     -0.00000000	700967564.80623937	     -0.00000000	24310067.75372736	     -0.00000000	    348.48766809	     -0.00000000	     -0.00000000	     -0.00000000	     -0.00000000	     -0.00000000
      2.31000000	 428145.48197815	     -0.00000000	60078626.65219262	6303256.40288249	10163500.35324783	     -0.00000000	 457834.90003443	6467211.48007883	     -0.00000000	     -0.00000000	     -0.00000000	     -0.00000000	     -0.00000000	     -0.00000000	351074453.54452348	496847992.76027465	609969785.36878264	     -0.00000000	     -0.00000000	     -0.00000000	     -0.00000000	     -0.00000000	     -0.00000000	69847097.75752065	     -0.00000000	     -0.00000000	     -0.00000000	     -0.00000000	2023822.14303348	     -0.00000000	570227250.36385405	     -0.00000000	46749314.15937737	     -0.00000000	     -0.00000000	     -0.00000000	     -0.00000000	     -0.00000000	     -0.00000000	     -0.00000000	3894915.01625980	1049194.81776110	19429864.39451662	 592573.21683324	 356868.12873139	     -0.00000000	     -0.00000000	6607865.03873120	     -0.00000000	     -0.00000000	     -0.00000000	     -0.00000000	     -0.00000000	     -0.00000000	192348654.28154731	232097614.13145441	197644917.97095042	     -0.00000000	     -0.00000000	     -0.00000000	     -0.00000000	     -0.00000000	     -0.00000000	65092343.81796332	1979853.08693859	     -0.00000000	     -0.00000000	     -0.00000000	11226016.71423020	     -0.00000000	701841188.67452013	     -0.00000000	24114248.70743187	     -0.00000000	    439.30806650	     -0.00000000	     -0.00000000	     -0.00000000	     -0.00000000	     -0.00000000
      2.32000000	 410402.19999659	     -0.00000000	60283579.85608038	6328347.48960263	10231393.04013679	     -0.00000000	 515432.91472736	6755803.37088637	     -0.00000000	     -0.00000000	     -0.00000000	     -0.00000000	     -0.00000000	     -0.00000000	352417935.53660381	498642641.92641610	612309219.02223754	     -0.00000000	     -0.00000000	     -0.00000000	     -0.00000000	     -0.00000000	     -0.00000000	70613219.50920430	     -0.00000000	     -0.00000000	     -0.00000000	     -0.00000000	1998671.71447594	     -0.00000000	571232760.67686903	     -0.00000000	47744416.79898702	     -0.00000000	     -0.00000000	     -0.00000000	     -0.00000000	     -0.00000000	     -0.00000000	     -0.00000000	4287978.87805827	1151991.29266679	19316523.25562616	 571771.54913908	 404143.41053837	     -0.00000000	     -0.00000000	6595479.50922839	     -0.00000000	     -0.00000000	     -0.00000000	     -0.00000000	     -0.00000000	     -0.00000000	189493974.62878847	227804302.85978088	193698204.47324735	     -0.00000000	     -0.00000000	     -0.00000000	     -0.00000000	     -0.00000000	     -0.00000000	65371100.99376168	2086131.72113484	     -0.00000000	     -0.00000000	     -0.00000000	11460110.55024784	     -0.00000000	702791886.32765472	     -0.00000000	23889525.56521634	     -0.00000000	    534.70006812	     -0.00000000	     -0.00000000	     -0.00000000	     -0.00000000	     -0.00000000
      2.33000000	 359125.02387389	     -0.00000000	60524809.86658899	6367024.93692806	10237918.60044580	     -0.00000000	 564555.66892922	6956606.85178137	     -0.00000000	     -0.00000000	     -0.00000000	     -0.00000000	     -0.00000000	     -0.00000000	355021015.42471063	501901010.49277240	615767191.78548717	     -0.00000000	     -0.00000000	     -0.00000000	     -0.00000000	     -0.00000000	     -0.00000000	71099001.75691047	     -0.00000000	     -0.00000000	     -0.00000000	     -0.00000000	1947865.82900214	     -0.00000000	571400216.01761341	    -67.61407428	48523698.12561835	     -0.00000000	     -0.00000000	     -0.00000000	     -0.00000000	     -0.00000000	     -0.00000000	     -0.00000000	4701160.68285477	1254552.61381831	19312342.96683918	 559055.89212026	 472114.66188542	     -0.00000000	     -0.00000000	6562981.96674770	     -0.00000000	     -0.00000000	     -0.00000000	     -0.00000000	     -0.00000000	     -0.00000000	187087070.60012057	224396007.96295336	191147817.67086068	     -0.00000000	     -0.00000000	     -0.00000000	     -0.00000000	     -0.00000000	     -0.00000000	65626398.39553640	2170249.20241042	     -0.00000000	     -0.00000000	     -0.00000000	11656602.39181641	     -0.00000000	703316741.42067432	     -0.00000000	23682798.57327757	     -0.00000000	    605.29082163	     -0.00000000	     -0.00000000	     -0.00000000	     -0.00000000	     -0.00000000
      2.34000000	 288627.72080602	     -0.00000000	60563125.13286409	6380812.07238728	10102812.13792157	     -0.00000000	 596803.33946942	7079343.22498698	     -0.00000000	     -0.00000000	     -0.00000000	     -0.00000000	     -0.00000000	     -0.00000000	357681667.30492204	505036195.41377306	618153369.74390721	     -0.00000000	     -0.00000000	     -0.00000000	     -0.00000000	     -0.00000000	     -0.00000000	71288853.34645346	     -0.00000000	     -0.00000000	     -0.00000000	     -0.00000000	1899025.62089542	     -0.00000000	571527583.21946764	   -253.21436723	48998553.09214750	     -0.00000000	     -0.00000000	     -0.00000000	     -0.00000000	     -0.00000000	     -0.00000000	     -0.00000000	5231961.40420803	1380020.80485102	19390814.67525507	 550159.54803768	 576560.01536711	     -0.00000000	     -0.00000000	6517929.80562485	     -0.00000000	     -0.00000000	     -0.00000000	     -0.00000000	     -0.00000000	     -0.00000000	184132928.59622076	220585688.45281798	188939744.35287616	     -0.00000000	     -0.00000000	     -0.00000000	     -0.00000000	     -0.00000000	     -0.00000000	65924448.77630952	2258388.49005293	     -0.00000000	     -0.00000000	     -0.00000000	11866460.48221652	     -0.00000000	703654260.00111675	     -0.00000000	23467503.01418438	     -0.00000000	    656.97161134	     -0.00000000	     -0.00000000	     -0.00000000	     -0.00000000	     -0.00000000
      2.35000000	 197730.46850572	     -0.00000000	60635383.05192703	6413074.87391274	9892108.15726420	     -0.00000000	 618198.58523327	7114505.87418031	     -0.00000000	     -0.00000000	     -0.00000000	     -0.00000000	     -0.00000000	     -0.00000000	361715859.01003075	509713579.55593574	621597416.61566973	     -0.00000000	     -0.00000000	     -0.00000000	     -0.00000000	     -0.00000000	     -0.00000000	71222751.71418221	     -0.00000000	     -0.00000000	     -0.00000000	     -0.00000000	1821869.87853417	     -0.00000000	570892394.50319374	   -327.24349339	49272664.05946472	     -0.00000000	     -0.00000000	     -0.00000000	     -0.00000000	     -0.00000000	     -0.00000000	     -0.00000000	5791421.91882536	1504996.73802053	19569729.19624647	 548700.67938050	 710603.27214653	     -0.00000000	     -0.00000000	6454112.70786988	     -0.00000000	     -0.00000000	     -0.00000000	     -0.00000000	     -0.00000000	     -0.00000000	181314814.29641852	217341210.16227740	187888424.41490203	     -0.00000000	     -0.00000000	     -0.00000000	     -0.00000000	     -0.00000000	     -0.00000000	66184633.64136706	2325930.25546497	     -0.00000000	     -0.00000000	     -0.00000000	12039107.32629908	     -0.00000000	703575647.97659934	     -0.00000000	23268884.99647280	     -0.00000000	    671.71404762	     -0.00000000	     -0.00000000	     -0.00000000	     -0.00000000	     -0.00000000
      2.36000000	 107203.07392264	     -0.00000000	60375750.13599869	6405238.10790985	9476630.38723530	     -0.00000000	 620451.98647373	7091096.44098594	     -0.00000000	     -0.00000000	     -0.00000000	     -0.00000000	     -0.00000000	     -0.00000000	365464179.05744416	513714992.86746711	622902035.74369454	     -0.00000000	     -0.00000000	     -0.00000000	     -0.00000000	     -0.00000000	     -0.00000000	70877095.35026993	     -0.00000000	     -0.00000000	     -0.00000000	     -0.00000000	1754362.19838298	     -0.00000000	570599073.19274104	   -327.51545259	49252896.60241900	     -0.00000000	     -0.00000000	     -0.00000000	     -0.00000000	     -0.00000000	     -0.00000000	     -0.00000000	6489657.72470328	1655144.88419298	19857674.97524733	 552426.25436560	 903290.56867763	     -0.00000000	     -0.00000000	6365175.93374131	     -0.00000000	     -0.00000000	     -0.00000000	     -0.00000000	     -0.00000000	     -0.00000000	178105829.69988245	213936435.74535817	187502150.51634797	     -0.00000000	     -0.00000000	     -0.00000000	     -0.00000000	     -0.00000000	     -0.00000000	66466928.20649894	2390357.54844517	     -0.00000000	     -0.00000000	     -0.00000000	12216414.39912361	     -0.00000000	703168802.96190214	     -0.00000000	23046457.04497695	     -0.00000000	    659.28515223	     -0.00000000	     -0.00000000	     -0.00000000	     -0.00000000	     -0.00000000
      2.37000000	  32458.63849548	     -0.00000000	60090227.63853952	6406208.71500239	8975083.90916937	     -0.00000000	 612163.46508447	6998088.41581791	     -0.00000000	     -0.00000000	     -0.00000000	     -0.00000000	     -0.00000000	     -0.00000000	370311690.18025160	518872464.68163675	624694583.70810676	     -0.00000000	     -0.00000000	     -0.00000000	     -0.00000000	     -0.00000000	     -0.00000000	70307483.43863308	     -0.00000000	     -0.00000000	     -0.00000000	     -0.00000000	1666443.21332300	     -0.00000000	569782006.93245113	   -296.06856685	49055719.23317483	     -0.00000000	     -0.00000000	     -0.00000000	     -0.00000000	     -0.00000000	     -0.00000000	     -0.00000000	7220537.91306813	1804291.93525253	20238235.91168897	 563032.25778497	1138681.66131061	     -0.00000000	     -0.00000000	6254965.43334496	     -0.00000000	     -0.00000000	     -0.00000000	     -0.00000000	     -0.00000000	     -0.00000000	174954216.44579858	210983722.63362756	188125387.58339968	     -0.00000000	     -0.00000000	     -0.00000000	     -0.00000000	     -0.00000000	     -0.00000000	66693863.91583308	2434716.70613625	     -0.00000000	     -0.00000000	     -0.00000000	12357270.77589024	     -0.00000000	702332239.91332221	     -0.00000000	22829547.30119349	     -0.00000000	    615.01908404	     -0.00000000	     -0.00000000	     -0.00000000	     -0.00000000	     -0.00000000
      2.38000000	   1953.56764386	     -0.00000000	59763953.03433218	6408142.25980456	8418110.02478334	     -0.00000000	 594485.41630677	6850146.97769972	     -0.00000000	     -0.00000000	     -0.00000000	     -0.00000000	     -0.00000000	     -0.00000000	375807702.68835038	524677228.22512275	626612521.08519495	     -0.00000000	     -0.00000000	     -0.00000000	     -0.00000000	     -0.00000000	     -0.00000000	69558441.42258425	     -0.00000000	     -0.00000000	     -0.00000000	     -0.00000000	1569165.23588061	     -0.00000000	568629429.18103921	   -201.11769064	48698140.75127204	     -0.00000000	     -0.00000000	     -0.00000000	     -0.00000000	     -0.00000000	     -0.00000000	     -0.00000000	7981875.67575509	1952553.41445668	20699593.29349867	 579654.32310093	1419149.73065587	     -0.00000000	     -0.00000000	6122036.50227467	     -0.00000000	     -0.00000000	     -0.00000000	     -0.00000000	     -0.00000000	     -0.00000000	171878555.52824622	208433456.03774923	189611994.91123682	     -0.00000000	     -0.00000000	     -0.00000000	     -0.00000000	     -0.00000000	     -0.00000000	66860602.51718621	2461316.35807483	     -0.00000000	     -0.00000000	     -0.00000000	12466680.48452448	     -0.00000000	701085214.74534702	     -0.00000000	22606359.35916181	     -0.00000000	    548.57570980	     -0.00000000	     -0.00000000	     -0.00000000	     -0.00000000	     -0.00000000
      2.39000000	     -0.00000000	     -0.00000000	59425752.87223318	6398787.36555699	7900023.84891928	     -0.00000000	 567189.79084527	6657180.13399541	     -0.00000000	     -0.00000000	     -0.00000000	     -0.00000000	     -0.00000000	     -0.00000000	381035070.91368091	530194610.69524485	628370583.23113823	     -0.00000000	     -0.00000000	     -0.00000000	     -0.00000000	     -0.00000000	     -0.00000000	68700832.33838260	     -0.00000000	     -0.00000000	     -0.00000000	     -0.00000000	1483012.53003063	     -0.00000000	567426966.75187576	    -27.49110166	48168510.26839657	     -0.00000000	     -0.00000000	     -0.00000000	     -0.00000000	     -0.00000000	     -0.00000000	     -0.00000000	8624659.44347223	2073813.79225742	21149042.56743693	 598114.51240111	1689526.43691305	     -0.00000000	     -0.00000000	5944399.76869724	     -0.00000000	     -0.00000000	     -0.00000000	     -0.00000000	     -0.00000000	     -0.00000000	169846810.84624776	207080715.03050163	191779299.50816423	     -0.00000000	     -0.00000000	     -0.00000000	     -0.00000000	     -0.00000000	     -0.00000000	66846854.29304015	2463910.14682168	     -0.00000000	     -0.00000000	     -0.00000000	12529534.67892371	     -0.00000000	699390435.31096089	     -0.00000000	22311757.82939354	     -0.00000000	    514.77256936	     -0.00000000	     -0.00000000	     -0.00000000	     -0.00000000	     -0.00000000
      2.40000000	     -0.00000000	     -0.00000000	58698102.88149901	6369132.01534133	7112618.55278828	     -0.00000000	 530079.96465482	6447728.94217527	     -0.00000000	     -0.00000000	     -0.00000000	     -0.00000000	     -0.00000000	     -0.00000000	386328676.80192471	535183922.84752238	627327912.73729181	     -0.00000000	     -0.00000000	     -0.00000000	     -0.00000000	     -0.00000000	     -0.00000000	67612407.54636672	     -0.00000000	     -0.00000000	     -0.00000000	     -0.00000000	1391129.43006251	     -0.00000000	566228460.11149979	     -0.00000000	47507489.13094577	     -0.00000000	     -0.00000000	     -0.00000000	     -0.00000000	     -0.00000000	     -0.00000000	     -0.00000000	9507488.69142427	2224441.78108265	21810279.10040338	 630073.60966448	2093824.96094435	     -0.00000000	     -0.00000000	5733244.78392470	     -0.00000000	     -0.00000000	     -0.00000000	     -0.00000000	     -0.00000000	     -0.00000000	165550039.45360845	204047113.41058040	194516038.04487717	     -0.00000000	     -0.00000000	     -0.00000000	     -0.00000000	     -0.00000000	     -0.00000000	66778630.39513257	2467005.14701707	     -0.00000000	     -0.00000000	     -0.00000000	12583597.50094039	     -0.00000000	696916135.74287021	     -0.00000000	22006837.58617972	     -0.00000000	    420.21211938	     -0.00000000	     -0.00000000	     -0.00000000	     -0.00000000	     -0.00000000
      2.41000000	     -0.00000000	     -0.00000000	57981980.80917254	6321499.22462194	6433506.64298138	     -0.00000000	 488409.68063134	6221529.40347085	     -0.00000000	     -0.00000000	     -0.00000000	     -0.00000000	     -0.00000000	     -0.00000000	390771942.40336323	539312077.12194276	625993091.53196895	     -0.00000000	     -0.00000000	     -0.00000000	     -0.00000000	     -0.00000000	     -0.00000000	66511636.98676675	     -0.00000000	     -0.00000000	     -0.00000000	     -0.00000000	1321041.68472964	     -0.00000000	565223236.53586972	     -0.00000000	46737594.87747457	     -0.00000000	     -0.00000000	     -0.00000000	     -0.00000000	     -0.00000000	     -0.00000000	     -0.00000000	10204794.05219595	2333227.53439066	22454254.19870016	 665188.42397697	2472932.52907536	     -0.00000000	     -0.00000000	5472544.08655191	     -0.00000000	     -0.00000000	     -0.00000000	     -0.00000000	     -0.00000000	     -0.00000000	162584776.60316697	202536063.12695235	198100748.39167061	     -0.00000000	     -0.00000000	     -0.00000000	     -0.00000000	     -0.00000000	     -0.00000000	66469782.08079313	2439158.62011556	     -0.00000000	     -0.00000000	     -0.00000000	12574839.88322125	     -0.00000000	693822134.40220094	     -0.00000000	21621895.79186223	     -0.00000000	    359.79838821	     -0.00000000	     -0.00000000	     -0.00000000	     -0.00000000	     -0.00000000
      2.42000000	     -0.00000000	     -0.00000000	57152249.10161032	6252246.61010254	5756283.66309655	     -0.00000000	 443514.06963979	5991150.41943445	     -0.00000000	     -0.00000000	     -0.00000000	     -0.00000000	     -0.00000000	     -0.00000000	394610420.74392152	542656774.94508481	623612595.94940174	     -0.00000000	     -0.00000000	     -0.00000000	     -0.00000000	     -0.00000000	     -0.00000000	65361965.85391106	     -0.00000000	     -0.00000000	     -0.00000000	     -0.00000000	1264780.25394001	     -0.00000000	564458722.42401218	     -0.00000000	45886124.83691292	     -0.00000000	     -0.00000000	     -0.00000000	     -0.00000000	     -0.00000000	     -0.00000000	     -0.00000000	10813946.10372287	2414464.70281988	23157938.98389964	 708149.58909279	2868098.91243940	     -0.00000000	     -0.00000000	5165439.47644538	     -0.00000000	     -0.00000000	     -0.00000000	     -0.00000000	     -0.00000000	     -0.00000000	159978602.81626570	201734439.24538037	202602745.14410552	     -0.00000000	     -0.00000000	     -0.00000000	     -0.00000000	     -0.00000000	     -0.00000000	65947217.02269456	2386463.06365645	     -0.00000000	     -0.00000000	     -0.00000000	12511205.95029275	     -0.00000000	689917060.87704194	     -0.00000000	21175636.91114071	     -0.00000000	    304.64469073	     -0.00000000	     -0.00000000	     -0.00000000	     -0.00000000	     -0.00000000
