[2026-01-28 13:48:18.337] [info] Updating Model file from 40000 to latest format...
[2026-01-28 13:48:18.358] [info] Loaded model 1_scaled_rajagopal2022 from file C:\Users\Israel Luis\Documents\GitHub\GoalOptimized\Database\sub1\model\model_rajagopal2022_sub1.osim
[2026-01-28 13:48:18.358] [warning] Couldn't find file 'r_pelvis.vtp'.
[2026-01-28 13:48:18.358] [warning] Couldn't find file 'l_pelvis.vtp'.
[2026-01-28 13:48:18.358] [warning] Couldn't find file 'sacrum.vtp'.
[2026-01-28 13:48:18.359] [warning] Couldn't find file 'r_femur.vtp'.
[2026-01-28 13:48:18.359] [warning] Couldn't find file 'r_tibia.vtp'.
[2026-01-28 13:48:18.359] [warning] Couldn't find file 'r_fibula.vtp'.
[2026-01-28 13:48:18.359] [warning] Couldn't find file 'r_patella.vtp'.
[2026-01-28 13:48:18.359] [warning] Couldn't find file 'r_talus.vtp'.
[2026-01-28 13:48:18.359] [warning] Couldn't find file 'r_foot.vtp'.
[2026-01-28 13:48:18.359] [warning] Couldn't find file 'r_bofoot.vtp'.
[2026-01-28 13:48:18.359] [warning] Couldn't find file 'l_femur.vtp'.
[2026-01-28 13:48:18.359] [warning] Couldn't find file 'l_tibia.vtp'.
[2026-01-28 13:48:18.359] [warning] Couldn't find file 'l_fibula.vtp'.
[2026-01-28 13:48:18.359] [warning] Couldn't find file 'l_patella.vtp'.
[2026-01-28 13:48:18.360] [warning] Couldn't find file 'l_talus.vtp'.
[2026-01-28 13:48:18.360] [warning] Couldn't find file 'l_foot.vtp'.
[2026-01-28 13:48:18.360] [warning] Couldn't find file 'l_bofoot.vtp'.
[2026-01-28 13:48:18.360] [warning] Couldn't find file 'hat_spine.vtp'.
[2026-01-28 13:48:18.360] [warning] Couldn't find file 'hat_jaw.vtp'.
[2026-01-28 13:48:18.360] [warning] Couldn't find file 'hat_skull.vtp'.
[2026-01-28 13:48:18.360] [warning] Couldn't find file 'hat_ribs_scap.vtp'.
[2026-01-28 13:48:18.360] [warning] Couldn't find file 'humerus_rv.vtp'.
[2026-01-28 13:48:18.360] [warning] Couldn't find file 'ulna_rv.vtp'.
[2026-01-28 13:48:18.360] [warning] Couldn't find file 'radius_rv.vtp'.
[2026-01-28 13:48:18.360] [warning] Couldn't find file 'pisiform_rvs.vtp'.
[2026-01-28 13:48:18.360] [warning] Couldn't find file 'lunate_rvs.vtp'.
[2026-01-28 13:48:18.360] [warning] Couldn't find file 'scaphoid_rvs.vtp'.
[2026-01-28 13:48:18.360] [warning] Couldn't find file 'triquetrum_rvs.vtp'.
[2026-01-28 13:48:18.360] [warning] Couldn't find file 'hamate_rvs.vtp'.
[2026-01-28 13:48:18.360] [warning] Couldn't find file 'capitate_rvs.vtp'.
[2026-01-28 13:48:18.360] [warning] Couldn't find file 'trapezoid_rvs.vtp'.
[2026-01-28 13:48:18.360] [warning] Couldn't find file 'trapezium_rvs.vtp'.
[2026-01-28 13:48:18.360] [warning] Couldn't find file 'metacarpal2_rvs.vtp'.
[2026-01-28 13:48:18.360] [warning] Couldn't find file 'index_proximal_rvs.vtp'.
[2026-01-28 13:48:18.360] [warning] Couldn't find file 'index_medial_rvs.vtp'.
[2026-01-28 13:48:18.360] [warning] Couldn't find file 'index_distal_rvs.vtp'.
[2026-01-28 13:48:18.360] [warning] Couldn't find file 'metacarpal3_rvs.vtp'.
[2026-01-28 13:48:18.361] [warning] Couldn't find file 'middle_proximal_rvs.vtp'.
[2026-01-28 13:48:18.361] [warning] Couldn't find file 'middle_medial_rvs.vtp'.
[2026-01-28 13:48:18.361] [warning] Couldn't find file 'middle_distal_rvs.vtp'.
[2026-01-28 13:48:18.361] [warning] Couldn't find file 'metacarpal4_rvs.vtp'.
[2026-01-28 13:48:18.361] [warning] Couldn't find file 'ring_proximal_rvs.vtp'.
[2026-01-28 13:48:18.361] [warning] Couldn't find file 'ring_medial_rvs.vtp'.
[2026-01-28 13:48:18.361] [warning] Couldn't find file 'ring_distal_rvs.vtp'.
[2026-01-28 13:48:18.361] [warning] Couldn't find file 'metacarpal5_rvs.vtp'.
[2026-01-28 13:48:18.361] [warning] Couldn't find file 'little_proximal_rvs.vtp'.
[2026-01-28 13:48:18.361] [warning] Couldn't find file 'little_medial_rvs.vtp'.
[2026-01-28 13:48:18.361] [warning] Couldn't find file 'little_distal_rvs.vtp'.
[2026-01-28 13:48:18.361] [warning] Couldn't find file 'metacarpal1_rvs.vtp'.
[2026-01-28 13:48:18.361] [warning] Couldn't find file 'thumb_proximal_rvs.vtp'.
[2026-01-28 13:48:18.361] [warning] Couldn't find file 'thumb_distal_rvs.vtp'.
[2026-01-28 13:48:18.361] [warning] Couldn't find file 'humerus_lv.vtp'.
[2026-01-28 13:48:18.361] [warning] Couldn't find file 'ulna_lv.vtp'.
[2026-01-28 13:48:18.361] [warning] Couldn't find file 'radius_lv.vtp'.
[2026-01-28 13:48:18.361] [warning] Couldn't find file 'pisiform_lvs.vtp'.
[2026-01-28 13:48:18.361] [warning] Couldn't find file 'lunate_lvs.vtp'.
[2026-01-28 13:48:18.361] [warning] Couldn't find file 'scaphoid_lvs.vtp'.
[2026-01-28 13:48:18.361] [warning] Couldn't find file 'triquetrum_lvs.vtp'.
[2026-01-28 13:48:18.361] [warning] Couldn't find file 'hamate_lvs.vtp'.
[2026-01-28 13:48:18.361] [warning] Couldn't find file 'capitate_lvs.vtp'.
[2026-01-28 13:48:18.361] [warning] Couldn't find file 'trapezoid_lvs.vtp'.
[2026-01-28 13:48:18.361] [warning] Couldn't find file 'trapezium_lvs.vtp'.
[2026-01-28 13:48:18.361] [warning] Couldn't find file 'metacarpal2_lvs.vtp'.
[2026-01-28 13:48:18.361] [warning] Couldn't find file 'index_proximal_lvs.vtp'.
[2026-01-28 13:48:18.361] [warning] Couldn't find file 'index_medial_lvs.vtp'.
[2026-01-28 13:48:18.361] [warning] Couldn't find file 'index_distal_lvs.vtp'.
[2026-01-28 13:48:18.361] [warning] Couldn't find file 'metacarpal3_lvs.vtp'.
[2026-01-28 13:48:18.362] [warning] Couldn't find file 'middle_proximal_lvs.vtp'.
[2026-01-28 13:48:18.362] [warning] Couldn't find file 'middle_medial_lvs.vtp'.
[2026-01-28 13:48:18.362] [warning] Couldn't find file 'middle_distal_lvs.vtp'.
[2026-01-28 13:48:18.362] [warning] Couldn't find file 'metacarpal4_lvs.vtp'.
[2026-01-28 13:48:18.362] [warning] Couldn't find file 'ring_proximal_lvs.vtp'.
[2026-01-28 13:48:18.362] [warning] Couldn't find file 'ring_medial_lvs.vtp'.
[2026-01-28 13:48:18.362] [warning] Couldn't find file 'ring_distal_lvs.vtp'.
[2026-01-28 13:48:18.362] [warning] Couldn't find file 'metacarpal5_lvs.vtp'.
[2026-01-28 13:48:18.362] [warning] Couldn't find file 'little_proximal_lvs.vtp'.
[2026-01-28 13:48:18.362] [warning] Couldn't find file 'little_medial_lvs.vtp'.
[2026-01-28 13:48:18.362] [warning] Couldn't find file 'little_distal_lvs.vtp'.
[2026-01-28 13:48:18.362] [warning] Couldn't find file 'metacarpal1_lvs.vtp'.
[2026-01-28 13:48:18.362] [warning] Couldn't find file 'thumb_proximal_lvs.vtp'.
[2026-01-28 13:48:18.362] [warning] Couldn't find file 'thumb_distal_lvs.vtp'.
[2026-01-28 13:48:18.395] [info] AbstractTool IK_sub1_v2_t1 loading model C:\Users\Israel Luis\Documents\GitHub\GoalOptimized\Database\sub1\model\model_rajagopal2022_sub1.osim
[2026-01-28 13:48:18.409] [info] Updating Model file from 40000 to latest format...
[2026-01-28 13:48:18.428] [info] Loaded model 1_scaled_rajagopal2022 from file C:\Users\Israel Luis\Documents\GitHub\GoalOptimized\Database\sub1\model\model_rajagopal2022_sub1.osim
[2026-01-28 13:48:18.428] [warning] Couldn't find file 'r_pelvis.vtp'.
[2026-01-28 13:48:18.428] [warning] Couldn't find file 'l_pelvis.vtp'.
[2026-01-28 13:48:18.429] [warning] Couldn't find file 'sacrum.vtp'.
[2026-01-28 13:48:18.429] [warning] Couldn't find file 'r_femur.vtp'.
[2026-01-28 13:48:18.429] [warning] Couldn't find file 'r_tibia.vtp'.
[2026-01-28 13:48:18.429] [warning] Couldn't find file 'r_fibula.vtp'.
[2026-01-28 13:48:18.429] [warning] Couldn't find file 'r_patella.vtp'.
[2026-01-28 13:48:18.429] [warning] Couldn't find file 'r_talus.vtp'.
[2026-01-28 13:48:18.429] [warning] Couldn't find file 'r_foot.vtp'.
[2026-01-28 13:48:18.429] [warning] Couldn't find file 'r_bofoot.vtp'.
[2026-01-28 13:48:18.429] [warning] Couldn't find file 'l_femur.vtp'.
[2026-01-28 13:48:18.429] [warning] Couldn't find file 'l_tibia.vtp'.
[2026-01-28 13:48:18.429] [warning] Couldn't find file 'l_fibula.vtp'.
[2026-01-28 13:48:18.429] [warning] Couldn't find file 'l_patella.vtp'.
[2026-01-28 13:48:18.429] [warning] Couldn't find file 'l_talus.vtp'.
[2026-01-28 13:48:18.429] [warning] Couldn't find file 'l_foot.vtp'.
[2026-01-28 13:48:18.429] [warning] Couldn't find file 'l_bofoot.vtp'.
[2026-01-28 13:48:18.429] [warning] Couldn't find file 'hat_spine.vtp'.
[2026-01-28 13:48:18.429] [warning] Couldn't find file 'hat_jaw.vtp'.
[2026-01-28 13:48:18.429] [warning] Couldn't find file 'hat_skull.vtp'.
[2026-01-28 13:48:18.429] [warning] Couldn't find file 'hat_ribs_scap.vtp'.
[2026-01-28 13:48:18.429] [warning] Couldn't find file 'humerus_rv.vtp'.
[2026-01-28 13:48:18.429] [warning] Couldn't find file 'ulna_rv.vtp'.
[2026-01-28 13:48:18.429] [warning] Couldn't find file 'radius_rv.vtp'.
[2026-01-28 13:48:18.429] [warning] Couldn't find file 'pisiform_rvs.vtp'.
[2026-01-28 13:48:18.429] [warning] Couldn't find file 'lunate_rvs.vtp'.
[2026-01-28 13:48:18.429] [warning] Couldn't find file 'scaphoid_rvs.vtp'.
[2026-01-28 13:48:18.429] [warning] Couldn't find file 'triquetrum_rvs.vtp'.
[2026-01-28 13:48:18.430] [warning] Couldn't find file 'hamate_rvs.vtp'.
[2026-01-28 13:48:18.430] [warning] Couldn't find file 'capitate_rvs.vtp'.
[2026-01-28 13:48:18.430] [warning] Couldn't find file 'trapezoid_rvs.vtp'.
[2026-01-28 13:48:18.430] [warning] Couldn't find file 'trapezium_rvs.vtp'.
[2026-01-28 13:48:18.430] [warning] Couldn't find file 'metacarpal2_rvs.vtp'.
[2026-01-28 13:48:18.430] [warning] Couldn't find file 'index_proximal_rvs.vtp'.
[2026-01-28 13:48:18.430] [warning] Couldn't find file 'index_medial_rvs.vtp'.
[2026-01-28 13:48:18.430] [warning] Couldn't find file 'index_distal_rvs.vtp'.
[2026-01-28 13:48:18.430] [warning] Couldn't find file 'metacarpal3_rvs.vtp'.
[2026-01-28 13:48:18.430] [warning] Couldn't find file 'middle_proximal_rvs.vtp'.
[2026-01-28 13:48:18.430] [warning] Couldn't find file 'middle_medial_rvs.vtp'.
[2026-01-28 13:48:18.430] [warning] Couldn't find file 'middle_distal_rvs.vtp'.
[2026-01-28 13:48:18.430] [warning] Couldn't find file 'metacarpal4_rvs.vtp'.
[2026-01-28 13:48:18.430] [warning] Couldn't find file 'ring_proximal_rvs.vtp'.
[2026-01-28 13:48:18.430] [warning] Couldn't find file 'ring_medial_rvs.vtp'.
[2026-01-28 13:48:18.430] [warning] Couldn't find file 'ring_distal_rvs.vtp'.
[2026-01-28 13:48:18.430] [warning] Couldn't find file 'metacarpal5_rvs.vtp'.
[2026-01-28 13:48:18.430] [warning] Couldn't find file 'little_proximal_rvs.vtp'.
[2026-01-28 13:48:18.430] [warning] Couldn't find file 'little_medial_rvs.vtp'.
[2026-01-28 13:48:18.430] [warning] Couldn't find file 'little_distal_rvs.vtp'.
[2026-01-28 13:48:18.430] [warning] Couldn't find file 'metacarpal1_rvs.vtp'.
[2026-01-28 13:48:18.430] [warning] Couldn't find file 'thumb_proximal_rvs.vtp'.
[2026-01-28 13:48:18.430] [warning] Couldn't find file 'thumb_distal_rvs.vtp'.
[2026-01-28 13:48:18.430] [warning] Couldn't find file 'humerus_lv.vtp'.
[2026-01-28 13:48:18.430] [warning] Couldn't find file 'ulna_lv.vtp'.
[2026-01-28 13:48:18.430] [warning] Couldn't find file 'radius_lv.vtp'.
[2026-01-28 13:48:18.430] [warning] Couldn't find file 'pisiform_lvs.vtp'.
[2026-01-28 13:48:18.430] [warning] Couldn't find file 'lunate_lvs.vtp'.
[2026-01-28 13:48:18.430] [warning] Couldn't find file 'scaphoid_lvs.vtp'.
[2026-01-28 13:48:18.431] [warning] Couldn't find file 'triquetrum_lvs.vtp'.
[2026-01-28 13:48:18.431] [warning] Couldn't find file 'hamate_lvs.vtp'.
[2026-01-28 13:48:18.431] [warning] Couldn't find file 'capitate_lvs.vtp'.
[2026-01-28 13:48:18.431] [warning] Couldn't find file 'trapezoid_lvs.vtp'.
[2026-01-28 13:48:18.431] [warning] Couldn't find file 'trapezium_lvs.vtp'.
[2026-01-28 13:48:18.431] [warning] Couldn't find file 'metacarpal2_lvs.vtp'.
[2026-01-28 13:48:18.431] [warning] Couldn't find file 'index_proximal_lvs.vtp'.
[2026-01-28 13:48:18.431] [warning] Couldn't find file 'index_medial_lvs.vtp'.
[2026-01-28 13:48:18.431] [warning] Couldn't find file 'index_distal_lvs.vtp'.
[2026-01-28 13:48:18.431] [warning] Couldn't find file 'metacarpal3_lvs.vtp'.
[2026-01-28 13:48:18.431] [warning] Couldn't find file 'middle_proximal_lvs.vtp'.
[2026-01-28 13:48:18.431] [warning] Couldn't find file 'middle_medial_lvs.vtp'.
[2026-01-28 13:48:18.431] [warning] Couldn't find file 'middle_distal_lvs.vtp'.
[2026-01-28 13:48:18.431] [warning] Couldn't find file 'metacarpal4_lvs.vtp'.
[2026-01-28 13:48:18.431] [warning] Couldn't find file 'ring_proximal_lvs.vtp'.
[2026-01-28 13:48:18.431] [warning] Couldn't find file 'ring_medial_lvs.vtp'.
[2026-01-28 13:48:18.431] [warning] Couldn't find file 'ring_distal_lvs.vtp'.
[2026-01-28 13:48:18.431] [warning] Couldn't find file 'metacarpal5_lvs.vtp'.
[2026-01-28 13:48:18.431] [warning] Couldn't find file 'little_proximal_lvs.vtp'.
[2026-01-28 13:48:18.431] [warning] Couldn't find file 'little_medial_lvs.vtp'.
[2026-01-28 13:48:18.431] [warning] Couldn't find file 'little_distal_lvs.vtp'.
[2026-01-28 13:48:18.431] [warning] Couldn't find file 'metacarpal1_lvs.vtp'.
[2026-01-28 13:48:18.431] [warning] Couldn't find file 'thumb_proximal_lvs.vtp'.
[2026-01-28 13:48:18.431] [warning] Couldn't find file 'thumb_distal_lvs.vtp'.
[2026-01-28 13:48:18.437] [info] No external loads will be applied (external loads file not specified).
[2026-01-28 13:48:18.466] [info] Loading coordinates from file 'C:\Users\Israel Luis\Documents\GitHub\GoalOptimized\Database\sub1\IK\IK_sub1_v2_t1.mot'.
[2026-01-28 13:48:18.466] [info] Storage: read data file = C:\Users\Israel Luis\Documents\GitHub\GoalOptimized\Database\sub1\IK\IK_sub1_v2_t1.mot (nr=119 nc=40)
[2026-01-28 13:48:19.055] [info] Found 119 state vectors with time stamps ranging from 0.57 to 1.75.
[2026-01-28 13:48:19.055] [info] Executing the analyses from 0.57 to 1.75...
[2026-01-28 13:48:23.435] [info] Printing results of investigation IK_sub1_v2_t1 to C:\Users\Israel Luis\Documents\GitHub\GoalOptimized\ProjectResults\DSE\sub1\v2_t1\Je0\MuscleAnalysis
[2026-01-28 13:49:52.806] [info] Updating Model file from 40000 to latest format...
[2026-01-28 13:49:52.822] [info] Loaded model 1_scaled_rajagopal2022 from file C:\Users\Israel Luis\Documents\GitHub\GoalOptimized\Database\sub1\model\model_rajagopal2022_sub1.osim
[2026-01-28 13:49:52.823] [warning] Couldn't find file 'r_pelvis.vtp'.
[2026-01-28 13:49:52.823] [warning] Couldn't find file 'l_pelvis.vtp'.
[2026-01-28 13:49:52.823] [warning] Couldn't find file 'sacrum.vtp'.
[2026-01-28 13:49:52.823] [warning] Couldn't find file 'r_femur.vtp'.
[2026-01-28 13:49:52.823] [warning] Couldn't find file 'r_tibia.vtp'.
[2026-01-28 13:49:52.823] [warning] Couldn't find file 'r_fibula.vtp'.
[2026-01-28 13:49:52.823] [warning] Couldn't find file 'r_patella.vtp'.
[2026-01-28 13:49:52.823] [warning] Couldn't find file 'r_talus.vtp'.
[2026-01-28 13:49:52.823] [warning] Couldn't find file 'r_foot.vtp'.
[2026-01-28 13:49:52.823] [warning] Couldn't find file 'r_bofoot.vtp'.
[2026-01-28 13:49:52.823] [warning] Couldn't find file 'l_femur.vtp'.
[2026-01-28 13:49:52.823] [warning] Couldn't find file 'l_tibia.vtp'.
[2026-01-28 13:49:52.823] [warning] Couldn't find file 'l_fibula.vtp'.
[2026-01-28 13:49:52.823] [warning] Couldn't find file 'l_patella.vtp'.
[2026-01-28 13:49:52.823] [warning] Couldn't find file 'l_talus.vtp'.
[2026-01-28 13:49:52.823] [warning] Couldn't find file 'l_foot.vtp'.
[2026-01-28 13:49:52.823] [warning] Couldn't find file 'l_bofoot.vtp'.
[2026-01-28 13:49:52.823] [warning] Couldn't find file 'hat_spine.vtp'.
[2026-01-28 13:49:52.823] [warning] Couldn't find file 'hat_jaw.vtp'.
[2026-01-28 13:49:52.823] [warning] Couldn't find file 'hat_skull.vtp'.
[2026-01-28 13:49:52.823] [warning] Couldn't find file 'hat_ribs_scap.vtp'.
[2026-01-28 13:49:52.823] [warning] Couldn't find file 'humerus_rv.vtp'.
[2026-01-28 13:49:52.823] [warning] Couldn't find file 'ulna_rv.vtp'.
[2026-01-28 13:49:52.823] [warning] Couldn't find file 'radius_rv.vtp'.
[2026-01-28 13:49:52.823] [warning] Couldn't find file 'pisiform_rvs.vtp'.
[2026-01-28 13:49:52.823] [warning] Couldn't find file 'lunate_rvs.vtp'.
[2026-01-28 13:49:52.824] [warning] Couldn't find file 'scaphoid_rvs.vtp'.
[2026-01-28 13:49:52.824] [warning] Couldn't find file 'triquetrum_rvs.vtp'.
[2026-01-28 13:49:52.824] [warning] Couldn't find file 'hamate_rvs.vtp'.
[2026-01-28 13:49:52.824] [warning] Couldn't find file 'capitate_rvs.vtp'.
[2026-01-28 13:49:52.824] [warning] Couldn't find file 'trapezoid_rvs.vtp'.
[2026-01-28 13:49:52.824] [warning] Couldn't find file 'trapezium_rvs.vtp'.
[2026-01-28 13:49:52.824] [warning] Couldn't find file 'metacarpal2_rvs.vtp'.
[2026-01-28 13:49:52.824] [warning] Couldn't find file 'index_proximal_rvs.vtp'.
[2026-01-28 13:49:52.824] [warning] Couldn't find file 'index_medial_rvs.vtp'.
[2026-01-28 13:49:52.824] [warning] Couldn't find file 'index_distal_rvs.vtp'.
[2026-01-28 13:49:52.824] [warning] Couldn't find file 'metacarpal3_rvs.vtp'.
[2026-01-28 13:49:52.824] [warning] Couldn't find file 'middle_proximal_rvs.vtp'.
[2026-01-28 13:49:52.824] [warning] Couldn't find file 'middle_medial_rvs.vtp'.
[2026-01-28 13:49:52.824] [warning] Couldn't find file 'middle_distal_rvs.vtp'.
[2026-01-28 13:49:52.824] [warning] Couldn't find file 'metacarpal4_rvs.vtp'.
[2026-01-28 13:49:52.824] [warning] Couldn't find file 'ring_proximal_rvs.vtp'.
[2026-01-28 13:49:52.824] [warning] Couldn't find file 'ring_medial_rvs.vtp'.
[2026-01-28 13:49:52.824] [warning] Couldn't find file 'ring_distal_rvs.vtp'.
[2026-01-28 13:49:52.824] [warning] Couldn't find file 'metacarpal5_rvs.vtp'.
[2026-01-28 13:49:52.824] [warning] Couldn't find file 'little_proximal_rvs.vtp'.
[2026-01-28 13:49:52.824] [warning] Couldn't find file 'little_medial_rvs.vtp'.
[2026-01-28 13:49:52.824] [warning] Couldn't find file 'little_distal_rvs.vtp'.
[2026-01-28 13:49:52.824] [warning] Couldn't find file 'metacarpal1_rvs.vtp'.
[2026-01-28 13:49:52.824] [warning] Couldn't find file 'thumb_proximal_rvs.vtp'.
[2026-01-28 13:49:52.824] [warning] Couldn't find file 'thumb_distal_rvs.vtp'.
[2026-01-28 13:49:52.824] [warning] Couldn't find file 'humerus_lv.vtp'.
[2026-01-28 13:49:52.825] [warning] Couldn't find file 'ulna_lv.vtp'.
[2026-01-28 13:49:52.825] [warning] Couldn't find file 'radius_lv.vtp'.
[2026-01-28 13:49:52.825] [warning] Couldn't find file 'pisiform_lvs.vtp'.
[2026-01-28 13:49:52.825] [warning] Couldn't find file 'lunate_lvs.vtp'.
[2026-01-28 13:49:52.825] [warning] Couldn't find file 'scaphoid_lvs.vtp'.
[2026-01-28 13:49:52.825] [warning] Couldn't find file 'triquetrum_lvs.vtp'.
[2026-01-28 13:49:52.825] [warning] Couldn't find file 'hamate_lvs.vtp'.
[2026-01-28 13:49:52.825] [warning] Couldn't find file 'capitate_lvs.vtp'.
[2026-01-28 13:49:52.825] [warning] Couldn't find file 'trapezoid_lvs.vtp'.
[2026-01-28 13:49:52.825] [warning] Couldn't find file 'trapezium_lvs.vtp'.
[2026-01-28 13:49:52.825] [warning] Couldn't find file 'metacarpal2_lvs.vtp'.
[2026-01-28 13:49:52.825] [warning] Couldn't find file 'index_proximal_lvs.vtp'.
[2026-01-28 13:49:52.825] [warning] Couldn't find file 'index_medial_lvs.vtp'.
[2026-01-28 13:49:52.825] [warning] Couldn't find file 'index_distal_lvs.vtp'.
[2026-01-28 13:49:52.825] [warning] Couldn't find file 'metacarpal3_lvs.vtp'.
[2026-01-28 13:49:52.825] [warning] Couldn't find file 'middle_proximal_lvs.vtp'.
[2026-01-28 13:49:52.825] [warning] Couldn't find file 'middle_medial_lvs.vtp'.
[2026-01-28 13:49:52.825] [warning] Couldn't find file 'middle_distal_lvs.vtp'.
[2026-01-28 13:49:52.825] [warning] Couldn't find file 'metacarpal4_lvs.vtp'.
[2026-01-28 13:49:52.825] [warning] Couldn't find file 'ring_proximal_lvs.vtp'.
[2026-01-28 13:49:52.825] [warning] Couldn't find file 'ring_medial_lvs.vtp'.
[2026-01-28 13:49:52.825] [warning] Couldn't find file 'ring_distal_lvs.vtp'.
[2026-01-28 13:49:52.825] [warning] Couldn't find file 'metacarpal5_lvs.vtp'.
[2026-01-28 13:49:52.825] [warning] Couldn't find file 'little_proximal_lvs.vtp'.
[2026-01-28 13:49:52.825] [warning] Couldn't find file 'little_medial_lvs.vtp'.
[2026-01-28 13:49:52.825] [warning] Couldn't find file 'little_distal_lvs.vtp'.
[2026-01-28 13:49:52.825] [warning] Couldn't find file 'metacarpal1_lvs.vtp'.
[2026-01-28 13:49:52.825] [warning] Couldn't find file 'thumb_proximal_lvs.vtp'.
[2026-01-28 13:49:52.826] [warning] Couldn't find file 'thumb_distal_lvs.vtp'.
[2026-01-28 13:49:52.831] [info] AbstractTool IK_sub1_v2_t1 loading model C:\Users\Israel Luis\Documents\GitHub\GoalOptimized\Database\sub1\model\model_rajagopal2022_sub1.osim
[2026-01-28 13:49:52.844] [info] Updating Model file from 40000 to latest format...
[2026-01-28 13:49:52.862] [info] Loaded model 1_scaled_rajagopal2022 from file C:\Users\Israel Luis\Documents\GitHub\GoalOptimized\Database\sub1\model\model_rajagopal2022_sub1.osim
[2026-01-28 13:49:52.862] [warning] Couldn't find file 'r_pelvis.vtp'.
[2026-01-28 13:49:52.862] [warning] Couldn't find file 'l_pelvis.vtp'.
[2026-01-28 13:49:52.862] [warning] Couldn't find file 'sacrum.vtp'.
[2026-01-28 13:49:52.862] [warning] Couldn't find file 'r_femur.vtp'.
[2026-01-28 13:49:52.862] [warning] Couldn't find file 'r_tibia.vtp'.
[2026-01-28 13:49:52.862] [warning] Couldn't find file 'r_fibula.vtp'.
[2026-01-28 13:49:52.862] [warning] Couldn't find file 'r_patella.vtp'.
[2026-01-28 13:49:52.862] [warning] Couldn't find file 'r_talus.vtp'.
[2026-01-28 13:49:52.862] [warning] Couldn't find file 'r_foot.vtp'.
[2026-01-28 13:49:52.862] [warning] Couldn't find file 'r_bofoot.vtp'.
[2026-01-28 13:49:52.862] [warning] Couldn't find file 'l_femur.vtp'.
[2026-01-28 13:49:52.863] [warning] Couldn't find file 'l_tibia.vtp'.
[2026-01-28 13:49:52.863] [warning] Couldn't find file 'l_fibula.vtp'.
[2026-01-28 13:49:52.863] [warning] Couldn't find file 'l_patella.vtp'.
[2026-01-28 13:49:52.863] [warning] Couldn't find file 'l_talus.vtp'.
[2026-01-28 13:49:52.863] [warning] Couldn't find file 'l_foot.vtp'.
[2026-01-28 13:49:52.863] [warning] Couldn't find file 'l_bofoot.vtp'.
[2026-01-28 13:49:52.863] [warning] Couldn't find file 'hat_spine.vtp'.
[2026-01-28 13:49:52.863] [warning] Couldn't find file 'hat_jaw.vtp'.
[2026-01-28 13:49:52.863] [warning] Couldn't find file 'hat_skull.vtp'.
[2026-01-28 13:49:52.863] [warning] Couldn't find file 'hat_ribs_scap.vtp'.
[2026-01-28 13:49:52.863] [warning] Couldn't find file 'humerus_rv.vtp'.
[2026-01-28 13:49:52.863] [warning] Couldn't find file 'ulna_rv.vtp'.
[2026-01-28 13:49:52.863] [warning] Couldn't find file 'radius_rv.vtp'.
[2026-01-28 13:49:52.863] [warning] Couldn't find file 'pisiform_rvs.vtp'.
[2026-01-28 13:49:52.863] [warning] Couldn't find file 'lunate_rvs.vtp'.
[2026-01-28 13:49:52.863] [warning] Couldn't find file 'scaphoid_rvs.vtp'.
[2026-01-28 13:49:52.863] [warning] Couldn't find file 'triquetrum_rvs.vtp'.
[2026-01-28 13:49:52.863] [warning] Couldn't find file 'hamate_rvs.vtp'.
[2026-01-28 13:49:52.863] [warning] Couldn't find file 'capitate_rvs.vtp'.
[2026-01-28 13:49:52.863] [warning] Couldn't find file 'trapezoid_rvs.vtp'.
[2026-01-28 13:49:52.863] [warning] Couldn't find file 'trapezium_rvs.vtp'.
[2026-01-28 13:49:52.863] [warning] Couldn't find file 'metacarpal2_rvs.vtp'.
[2026-01-28 13:49:52.863] [warning] Couldn't find file 'index_proximal_rvs.vtp'.
[2026-01-28 13:49:52.863] [warning] Couldn't find file 'index_medial_rvs.vtp'.
[2026-01-28 13:49:52.863] [warning] Couldn't find file 'index_distal_rvs.vtp'.
[2026-01-28 13:49:52.863] [warning] Couldn't find file 'metacarpal3_rvs.vtp'.
[2026-01-28 13:49:52.863] [warning] Couldn't find file 'middle_proximal_rvs.vtp'.
[2026-01-28 13:49:52.863] [warning] Couldn't find file 'middle_medial_rvs.vtp'.
[2026-01-28 13:49:52.864] [warning] Couldn't find file 'middle_distal_rvs.vtp'.
[2026-01-28 13:49:52.864] [warning] Couldn't find file 'metacarpal4_rvs.vtp'.
[2026-01-28 13:49:52.864] [warning] Couldn't find file 'ring_proximal_rvs.vtp'.
[2026-01-28 13:49:52.864] [warning] Couldn't find file 'ring_medial_rvs.vtp'.
[2026-01-28 13:49:52.864] [warning] Couldn't find file 'ring_distal_rvs.vtp'.
[2026-01-28 13:49:52.864] [warning] Couldn't find file 'metacarpal5_rvs.vtp'.
[2026-01-28 13:49:52.864] [warning] Couldn't find file 'little_proximal_rvs.vtp'.
[2026-01-28 13:49:52.864] [warning] Couldn't find file 'little_medial_rvs.vtp'.
[2026-01-28 13:49:52.864] [warning] Couldn't find file 'little_distal_rvs.vtp'.
[2026-01-28 13:49:52.864] [warning] Couldn't find file 'metacarpal1_rvs.vtp'.
[2026-01-28 13:49:52.864] [warning] Couldn't find file 'thumb_proximal_rvs.vtp'.
[2026-01-28 13:49:52.864] [warning] Couldn't find file 'thumb_distal_rvs.vtp'.
[2026-01-28 13:49:52.864] [warning] Couldn't find file 'humerus_lv.vtp'.
[2026-01-28 13:49:52.864] [warning] Couldn't find file 'ulna_lv.vtp'.
[2026-01-28 13:49:52.864] [warning] Couldn't find file 'radius_lv.vtp'.
[2026-01-28 13:49:52.864] [warning] Couldn't find file 'pisiform_lvs.vtp'.
[2026-01-28 13:49:52.864] [warning] Couldn't find file 'lunate_lvs.vtp'.
[2026-01-28 13:49:52.864] [warning] Couldn't find file 'scaphoid_lvs.vtp'.
[2026-01-28 13:49:52.864] [warning] Couldn't find file 'triquetrum_lvs.vtp'.
[2026-01-28 13:49:52.864] [warning] Couldn't find file 'hamate_lvs.vtp'.
[2026-01-28 13:49:52.864] [warning] Couldn't find file 'capitate_lvs.vtp'.
[2026-01-28 13:49:52.864] [warning] Couldn't find file 'trapezoid_lvs.vtp'.
[2026-01-28 13:49:52.864] [warning] Couldn't find file 'trapezium_lvs.vtp'.
[2026-01-28 13:49:52.864] [warning] Couldn't find file 'metacarpal2_lvs.vtp'.
[2026-01-28 13:49:52.864] [warning] Couldn't find file 'index_proximal_lvs.vtp'.
[2026-01-28 13:49:52.864] [warning] Couldn't find file 'index_medial_lvs.vtp'.
[2026-01-28 13:49:52.864] [warning] Couldn't find file 'index_distal_lvs.vtp'.
[2026-01-28 13:49:52.864] [warning] Couldn't find file 'metacarpal3_lvs.vtp'.
[2026-01-28 13:49:52.865] [warning] Couldn't find file 'middle_proximal_lvs.vtp'.
[2026-01-28 13:49:52.865] [warning] Couldn't find file 'middle_medial_lvs.vtp'.
[2026-01-28 13:49:52.865] [warning] Couldn't find file 'middle_distal_lvs.vtp'.
[2026-01-28 13:49:52.865] [warning] Couldn't find file 'metacarpal4_lvs.vtp'.
[2026-01-28 13:49:52.865] [warning] Couldn't find file 'ring_proximal_lvs.vtp'.
[2026-01-28 13:49:52.865] [warning] Couldn't find file 'ring_medial_lvs.vtp'.
[2026-01-28 13:49:52.865] [warning] Couldn't find file 'ring_distal_lvs.vtp'.
[2026-01-28 13:49:52.865] [warning] Couldn't find file 'metacarpal5_lvs.vtp'.
[2026-01-28 13:49:52.865] [warning] Couldn't find file 'little_proximal_lvs.vtp'.
[2026-01-28 13:49:52.865] [warning] Couldn't find file 'little_medial_lvs.vtp'.
[2026-01-28 13:49:52.865] [warning] Couldn't find file 'little_distal_lvs.vtp'.
[2026-01-28 13:49:52.865] [warning] Couldn't find file 'metacarpal1_lvs.vtp'.
[2026-01-28 13:49:52.865] [warning] Couldn't find file 'thumb_proximal_lvs.vtp'.
[2026-01-28 13:49:52.865] [warning] Couldn't find file 'thumb_distal_lvs.vtp'.
[2026-01-28 13:49:52.870] [info] No external loads will be applied (external loads file not specified).
[2026-01-28 13:49:52.881] [info] Loading coordinates from file 'C:\Users\Israel Luis\Documents\GitHub\GoalOptimized\Database\sub1\IK\IK_sub1_v2_t1.mot'.
[2026-01-28 13:49:52.881] [info] Storage: read data file = C:\Users\Israel Luis\Documents\GitHub\GoalOptimized\Database\sub1\IK\IK_sub1_v2_t1.mot (nr=119 nc=40)
[2026-01-28 13:49:53.461] [info] Found 119 state vectors with time stamps ranging from 0.57 to 1.75.
[2026-01-28 13:49:53.461] [info] Executing the analyses from 0.57 to 1.75...
[2026-01-28 13:49:57.687] [info] Printing results of investigation IK_sub1_v2_t1 to C:\Users\Israel Luis\Documents\GitHub\GoalOptimized\ProjectResults\DSE\sub1\v2_t1\Je0\MuscleAnalysis
[2026-01-28 13:53:48.196] [info] Updating Model file from 40000 to latest format...
[2026-01-28 13:53:48.212] [info] Loaded model 2_scaled_rajagopal2022 from file C:\Users\Israel Luis\Documents\GitHub\GoalOptimized\Database\sub2\model\model_rajagopal2022_sub2.osim
[2026-01-28 13:53:48.212] [warning] Couldn't find file 'r_pelvis.vtp'.
[2026-01-28 13:53:48.212] [warning] Couldn't find file 'l_pelvis.vtp'.
[2026-01-28 13:53:48.212] [warning] Couldn't find file 'sacrum.vtp'.
[2026-01-28 13:53:48.212] [warning] Couldn't find file 'r_femur.vtp'.
[2026-01-28 13:53:48.212] [warning] Couldn't find file 'r_tibia.vtp'.
[2026-01-28 13:53:48.212] [warning] Couldn't find file 'r_fibula.vtp'.
[2026-01-28 13:53:48.212] [warning] Couldn't find file 'r_patella.vtp'.
[2026-01-28 13:53:48.212] [warning] Couldn't find file 'r_talus.vtp'.
[2026-01-28 13:53:48.212] [warning] Couldn't find file 'r_foot.vtp'.
[2026-01-28 13:53:48.212] [warning] Couldn't find file 'r_bofoot.vtp'.
[2026-01-28 13:53:48.212] [warning] Couldn't find file 'l_femur.vtp'.
[2026-01-28 13:53:48.212] [warning] Couldn't find file 'l_tibia.vtp'.
[2026-01-28 13:53:48.212] [warning] Couldn't find file 'l_fibula.vtp'.
[2026-01-28 13:53:48.212] [warning] Couldn't find file 'l_patella.vtp'.
[2026-01-28 13:53:48.212] [warning] Couldn't find file 'l_talus.vtp'.
[2026-01-28 13:53:48.213] [warning] Couldn't find file 'l_foot.vtp'.
[2026-01-28 13:53:48.213] [warning] Couldn't find file 'l_bofoot.vtp'.
[2026-01-28 13:53:48.213] [warning] Couldn't find file 'hat_spine.vtp'.
[2026-01-28 13:53:48.213] [warning] Couldn't find file 'hat_jaw.vtp'.
[2026-01-28 13:53:48.213] [warning] Couldn't find file 'hat_skull.vtp'.
[2026-01-28 13:53:48.213] [warning] Couldn't find file 'hat_ribs_scap.vtp'.
[2026-01-28 13:53:48.213] [warning] Couldn't find file 'humerus_rv.vtp'.
[2026-01-28 13:53:48.213] [warning] Couldn't find file 'ulna_rv.vtp'.
[2026-01-28 13:53:48.213] [warning] Couldn't find file 'radius_rv.vtp'.
[2026-01-28 13:53:48.213] [warning] Couldn't find file 'pisiform_rvs.vtp'.
[2026-01-28 13:53:48.213] [warning] Couldn't find file 'lunate_rvs.vtp'.
[2026-01-28 13:53:48.213] [warning] Couldn't find file 'scaphoid_rvs.vtp'.
[2026-01-28 13:53:48.213] [warning] Couldn't find file 'triquetrum_rvs.vtp'.
[2026-01-28 13:53:48.213] [warning] Couldn't find file 'hamate_rvs.vtp'.
[2026-01-28 13:53:48.213] [warning] Couldn't find file 'capitate_rvs.vtp'.
[2026-01-28 13:53:48.213] [warning] Couldn't find file 'trapezoid_rvs.vtp'.
[2026-01-28 13:53:48.213] [warning] Couldn't find file 'trapezium_rvs.vtp'.
[2026-01-28 13:53:48.213] [warning] Couldn't find file 'metacarpal2_rvs.vtp'.
[2026-01-28 13:53:48.213] [warning] Couldn't find file 'index_proximal_rvs.vtp'.
[2026-01-28 13:53:48.213] [warning] Couldn't find file 'index_medial_rvs.vtp'.
[2026-01-28 13:53:48.213] [warning] Couldn't find file 'index_distal_rvs.vtp'.
[2026-01-28 13:53:48.213] [warning] Couldn't find file 'metacarpal3_rvs.vtp'.
[2026-01-28 13:53:48.213] [warning] Couldn't find file 'middle_proximal_rvs.vtp'.
[2026-01-28 13:53:48.213] [warning] Couldn't find file 'middle_medial_rvs.vtp'.
[2026-01-28 13:53:48.213] [warning] Couldn't find file 'middle_distal_rvs.vtp'.
[2026-01-28 13:53:48.213] [warning] Couldn't find file 'metacarpal4_rvs.vtp'.
[2026-01-28 13:53:48.213] [warning] Couldn't find file 'ring_proximal_rvs.vtp'.
[2026-01-28 13:53:48.213] [warning] Couldn't find file 'ring_medial_rvs.vtp'.
[2026-01-28 13:53:48.213] [warning] Couldn't find file 'ring_distal_rvs.vtp'.
[2026-01-28 13:53:48.214] [warning] Couldn't find file 'metacarpal5_rvs.vtp'.
[2026-01-28 13:53:48.214] [warning] Couldn't find file 'little_proximal_rvs.vtp'.
[2026-01-28 13:53:48.214] [warning] Couldn't find file 'little_medial_rvs.vtp'.
[2026-01-28 13:53:48.214] [warning] Couldn't find file 'little_distal_rvs.vtp'.
[2026-01-28 13:53:48.214] [warning] Couldn't find file 'metacarpal1_rvs.vtp'.
[2026-01-28 13:53:48.214] [warning] Couldn't find file 'thumb_proximal_rvs.vtp'.
[2026-01-28 13:53:48.214] [warning] Couldn't find file 'thumb_distal_rvs.vtp'.
[2026-01-28 13:53:48.214] [warning] Couldn't find file 'humerus_lv.vtp'.
[2026-01-28 13:53:48.214] [warning] Couldn't find file 'ulna_lv.vtp'.
[2026-01-28 13:53:48.214] [warning] Couldn't find file 'radius_lv.vtp'.
[2026-01-28 13:53:48.214] [warning] Couldn't find file 'pisiform_lvs.vtp'.
[2026-01-28 13:53:48.214] [warning] Couldn't find file 'lunate_lvs.vtp'.
[2026-01-28 13:53:48.214] [warning] Couldn't find file 'scaphoid_lvs.vtp'.
[2026-01-28 13:53:48.214] [warning] Couldn't find file 'triquetrum_lvs.vtp'.
[2026-01-28 13:53:48.214] [warning] Couldn't find file 'hamate_lvs.vtp'.
[2026-01-28 13:53:48.214] [warning] Couldn't find file 'capitate_lvs.vtp'.
[2026-01-28 13:53:48.214] [warning] Couldn't find file 'trapezoid_lvs.vtp'.
[2026-01-28 13:53:48.214] [warning] Couldn't find file 'trapezium_lvs.vtp'.
[2026-01-28 13:53:48.214] [warning] Couldn't find file 'metacarpal2_lvs.vtp'.
[2026-01-28 13:53:48.214] [warning] Couldn't find file 'index_proximal_lvs.vtp'.
[2026-01-28 13:53:48.214] [warning] Couldn't find file 'index_medial_lvs.vtp'.
[2026-01-28 13:53:48.214] [warning] Couldn't find file 'index_distal_lvs.vtp'.
[2026-01-28 13:53:48.214] [warning] Couldn't find file 'metacarpal3_lvs.vtp'.
[2026-01-28 13:53:48.214] [warning] Couldn't find file 'middle_proximal_lvs.vtp'.
[2026-01-28 13:53:48.214] [warning] Couldn't find file 'middle_medial_lvs.vtp'.
[2026-01-28 13:53:48.214] [warning] Couldn't find file 'middle_distal_lvs.vtp'.
[2026-01-28 13:53:48.214] [warning] Couldn't find file 'metacarpal4_lvs.vtp'.
[2026-01-28 13:53:48.214] [warning] Couldn't find file 'ring_proximal_lvs.vtp'.
[2026-01-28 13:53:48.215] [warning] Couldn't find file 'ring_medial_lvs.vtp'.
[2026-01-28 13:53:48.215] [warning] Couldn't find file 'ring_distal_lvs.vtp'.
[2026-01-28 13:53:48.215] [warning] Couldn't find file 'metacarpal5_lvs.vtp'.
[2026-01-28 13:53:48.215] [warning] Couldn't find file 'little_proximal_lvs.vtp'.
[2026-01-28 13:53:48.215] [warning] Couldn't find file 'little_medial_lvs.vtp'.
[2026-01-28 13:53:48.215] [warning] Couldn't find file 'little_distal_lvs.vtp'.
[2026-01-28 13:53:48.215] [warning] Couldn't find file 'metacarpal1_lvs.vtp'.
[2026-01-28 13:53:48.215] [warning] Couldn't find file 'thumb_proximal_lvs.vtp'.
[2026-01-28 13:53:48.215] [warning] Couldn't find file 'thumb_distal_lvs.vtp'.
[2026-01-28 13:53:48.226] [info] AbstractTool IK_sub2_v2_t1 loading model C:\Users\Israel Luis\Documents\GitHub\GoalOptimized\Database\sub2\model\model_rajagopal2022_sub2.osim
[2026-01-28 13:53:48.240] [info] Updating Model file from 40000 to latest format...
[2026-01-28 13:53:48.257] [info] Loaded model 2_scaled_rajagopal2022 from file C:\Users\Israel Luis\Documents\GitHub\GoalOptimized\Database\sub2\model\model_rajagopal2022_sub2.osim
[2026-01-28 13:53:48.258] [warning] Couldn't find file 'r_pelvis.vtp'.
[2026-01-28 13:53:48.258] [warning] Couldn't find file 'l_pelvis.vtp'.
[2026-01-28 13:53:48.258] [warning] Couldn't find file 'sacrum.vtp'.
[2026-01-28 13:53:48.258] [warning] Couldn't find file 'r_femur.vtp'.
[2026-01-28 13:53:48.258] [warning] Couldn't find file 'r_tibia.vtp'.
[2026-01-28 13:53:48.258] [warning] Couldn't find file 'r_fibula.vtp'.
[2026-01-28 13:53:48.258] [warning] Couldn't find file 'r_patella.vtp'.
[2026-01-28 13:53:48.258] [warning] Couldn't find file 'r_talus.vtp'.
[2026-01-28 13:53:48.258] [warning] Couldn't find file 'r_foot.vtp'.
[2026-01-28 13:53:48.258] [warning] Couldn't find file 'r_bofoot.vtp'.
[2026-01-28 13:53:48.258] [warning] Couldn't find file 'l_femur.vtp'.
[2026-01-28 13:53:48.258] [warning] Couldn't find file 'l_tibia.vtp'.
[2026-01-28 13:53:48.258] [warning] Couldn't find file 'l_fibula.vtp'.
[2026-01-28 13:53:48.258] [warning] Couldn't find file 'l_patella.vtp'.
[2026-01-28 13:53:48.258] [warning] Couldn't find file 'l_talus.vtp'.
[2026-01-28 13:53:48.258] [warning] Couldn't find file 'l_foot.vtp'.
[2026-01-28 13:53:48.258] [warning] Couldn't find file 'l_bofoot.vtp'.
[2026-01-28 13:53:48.258] [warning] Couldn't find file 'hat_spine.vtp'.
[2026-01-28 13:53:48.258] [warning] Couldn't find file 'hat_jaw.vtp'.
[2026-01-28 13:53:48.258] [warning] Couldn't find file 'hat_skull.vtp'.
[2026-01-28 13:53:48.258] [warning] Couldn't find file 'hat_ribs_scap.vtp'.
[2026-01-28 13:53:48.258] [warning] Couldn't find file 'humerus_rv.vtp'.
[2026-01-28 13:53:48.258] [warning] Couldn't find file 'ulna_rv.vtp'.
[2026-01-28 13:53:48.258] [warning] Couldn't find file 'radius_rv.vtp'.
[2026-01-28 13:53:48.258] [warning] Couldn't find file 'pisiform_rvs.vtp'.
[2026-01-28 13:53:48.258] [warning] Couldn't find file 'lunate_rvs.vtp'.
[2026-01-28 13:53:48.258] [warning] Couldn't find file 'scaphoid_rvs.vtp'.
[2026-01-28 13:53:48.258] [warning] Couldn't find file 'triquetrum_rvs.vtp'.
[2026-01-28 13:53:48.259] [warning] Couldn't find file 'hamate_rvs.vtp'.
[2026-01-28 13:53:48.259] [warning] Couldn't find file 'capitate_rvs.vtp'.
[2026-01-28 13:53:48.259] [warning] Couldn't find file 'trapezoid_rvs.vtp'.
[2026-01-28 13:53:48.259] [warning] Couldn't find file 'trapezium_rvs.vtp'.
[2026-01-28 13:53:48.259] [warning] Couldn't find file 'metacarpal2_rvs.vtp'.
[2026-01-28 13:53:48.259] [warning] Couldn't find file 'index_proximal_rvs.vtp'.
[2026-01-28 13:53:48.259] [warning] Couldn't find file 'index_medial_rvs.vtp'.
[2026-01-28 13:53:48.259] [warning] Couldn't find file 'index_distal_rvs.vtp'.
[2026-01-28 13:53:48.259] [warning] Couldn't find file 'metacarpal3_rvs.vtp'.
[2026-01-28 13:53:48.259] [warning] Couldn't find file 'middle_proximal_rvs.vtp'.
[2026-01-28 13:53:48.259] [warning] Couldn't find file 'middle_medial_rvs.vtp'.
[2026-01-28 13:53:48.259] [warning] Couldn't find file 'middle_distal_rvs.vtp'.
[2026-01-28 13:53:48.259] [warning] Couldn't find file 'metacarpal4_rvs.vtp'.
[2026-01-28 13:53:48.259] [warning] Couldn't find file 'ring_proximal_rvs.vtp'.
[2026-01-28 13:53:48.259] [warning] Couldn't find file 'ring_medial_rvs.vtp'.
[2026-01-28 13:53:48.259] [warning] Couldn't find file 'ring_distal_rvs.vtp'.
[2026-01-28 13:53:48.259] [warning] Couldn't find file 'metacarpal5_rvs.vtp'.
[2026-01-28 13:53:48.259] [warning] Couldn't find file 'little_proximal_rvs.vtp'.
[2026-01-28 13:53:48.259] [warning] Couldn't find file 'little_medial_rvs.vtp'.
[2026-01-28 13:53:48.259] [warning] Couldn't find file 'little_distal_rvs.vtp'.
[2026-01-28 13:53:48.259] [warning] Couldn't find file 'metacarpal1_rvs.vtp'.
[2026-01-28 13:53:48.259] [warning] Couldn't find file 'thumb_proximal_rvs.vtp'.
[2026-01-28 13:53:48.259] [warning] Couldn't find file 'thumb_distal_rvs.vtp'.
[2026-01-28 13:53:48.259] [warning] Couldn't find file 'humerus_lv.vtp'.
[2026-01-28 13:53:48.259] [warning] Couldn't find file 'ulna_lv.vtp'.
[2026-01-28 13:53:48.259] [warning] Couldn't find file 'radius_lv.vtp'.
[2026-01-28 13:53:48.259] [warning] Couldn't find file 'pisiform_lvs.vtp'.
[2026-01-28 13:53:48.259] [warning] Couldn't find file 'lunate_lvs.vtp'.
[2026-01-28 13:53:48.259] [warning] Couldn't find file 'scaphoid_lvs.vtp'.
[2026-01-28 13:53:48.259] [warning] Couldn't find file 'triquetrum_lvs.vtp'.
[2026-01-28 13:53:48.260] [warning] Couldn't find file 'hamate_lvs.vtp'.
[2026-01-28 13:53:48.260] [warning] Couldn't find file 'capitate_lvs.vtp'.
[2026-01-28 13:53:48.260] [warning] Couldn't find file 'trapezoid_lvs.vtp'.
[2026-01-28 13:53:48.260] [warning] Couldn't find file 'trapezium_lvs.vtp'.
[2026-01-28 13:53:48.260] [warning] Couldn't find file 'metacarpal2_lvs.vtp'.
[2026-01-28 13:53:48.260] [warning] Couldn't find file 'index_proximal_lvs.vtp'.
[2026-01-28 13:53:48.260] [warning] Couldn't find file 'index_medial_lvs.vtp'.
[2026-01-28 13:53:48.260] [warning] Couldn't find file 'index_distal_lvs.vtp'.
[2026-01-28 13:53:48.260] [warning] Couldn't find file 'metacarpal3_lvs.vtp'.
[2026-01-28 13:53:48.260] [warning] Couldn't find file 'middle_proximal_lvs.vtp'.
[2026-01-28 13:53:48.260] [warning] Couldn't find file 'middle_medial_lvs.vtp'.
[2026-01-28 13:53:48.260] [warning] Couldn't find file 'middle_distal_lvs.vtp'.
[2026-01-28 13:53:48.260] [warning] Couldn't find file 'metacarpal4_lvs.vtp'.
[2026-01-28 13:53:48.260] [warning] Couldn't find file 'ring_proximal_lvs.vtp'.
[2026-01-28 13:53:48.260] [warning] Couldn't find file 'ring_medial_lvs.vtp'.
[2026-01-28 13:53:48.260] [warning] Couldn't find file 'ring_distal_lvs.vtp'.
[2026-01-28 13:53:48.260] [warning] Couldn't find file 'metacarpal5_lvs.vtp'.
[2026-01-28 13:53:48.260] [warning] Couldn't find file 'little_proximal_lvs.vtp'.
[2026-01-28 13:53:48.260] [warning] Couldn't find file 'little_medial_lvs.vtp'.
[2026-01-28 13:53:48.260] [warning] Couldn't find file 'little_distal_lvs.vtp'.
[2026-01-28 13:53:48.260] [warning] Couldn't find file 'metacarpal1_lvs.vtp'.
[2026-01-28 13:53:48.260] [warning] Couldn't find file 'thumb_proximal_lvs.vtp'.
[2026-01-28 13:53:48.260] [warning] Couldn't find file 'thumb_distal_lvs.vtp'.
[2026-01-28 13:53:48.265] [info] No external loads will be applied (external loads file not specified).
[2026-01-28 13:53:48.276] [info] Loading coordinates from file 'C:\Users\Israel Luis\Documents\GitHub\GoalOptimized\Database\sub2\IK\IK_sub2_v2_t1.mot'.
[2026-01-28 13:53:48.276] [info] Storage: read data file = C:\Users\Israel Luis\Documents\GitHub\GoalOptimized\Database\sub2\IK\IK_sub2_v2_t1.mot (nr=116 nc=40)
[2026-01-28 13:53:48.891] [info] Found 116 state vectors with time stamps ranging from 1.2 to 2.35.
[2026-01-28 13:53:48.891] [info] Executing the analyses from 1.2 to 2.35...
[2026-01-28 13:53:53.106] [info] Printing results of investigation IK_sub2_v2_t1 to C:\Users\Israel Luis\Documents\GitHub\GoalOptimized\ProjectResults\DSE\sub2\v2_t1\Je0\MuscleAnalysis
[2026-01-28 13:56:14.217] [info] Updating Model file from 40000 to latest format...
[2026-01-28 13:56:14.235] [info] Loaded model 7_scaledH_rajagopal2016_1802_7 from file C:\Users\Israel Luis\Documents\GitHub\GoalOptimized\Database\sub3\model\model_rajagopal2022_sub3.osim
[2026-01-28 13:56:14.235] [warning] Couldn't find file 'r_pelvis.vtp'.
[2026-01-28 13:56:14.235] [warning] Couldn't find file 'l_pelvis.vtp'.
[2026-01-28 13:56:14.235] [warning] Couldn't find file 'sacrum.vtp'.
[2026-01-28 13:56:14.235] [warning] Couldn't find file 'r_femur.vtp'.
[2026-01-28 13:56:14.235] [warning] Couldn't find file 'r_tibia.vtp'.
[2026-01-28 13:56:14.235] [warning] Couldn't find file 'r_fibula.vtp'.
[2026-01-28 13:56:14.235] [warning] Couldn't find file 'r_patella.vtp'.
[2026-01-28 13:56:14.235] [warning] Couldn't find file 'r_talus.vtp'.
[2026-01-28 13:56:14.235] [warning] Couldn't find file 'r_foot.vtp'.
[2026-01-28 13:56:14.235] [warning] Couldn't find file 'r_bofoot.vtp'.
[2026-01-28 13:56:14.235] [warning] Couldn't find file 'l_femur.vtp'.
[2026-01-28 13:56:14.235] [warning] Couldn't find file 'l_tibia.vtp'.
[2026-01-28 13:56:14.236] [warning] Couldn't find file 'l_fibula.vtp'.
[2026-01-28 13:56:14.236] [warning] Couldn't find file 'l_patella.vtp'.
[2026-01-28 13:56:14.236] [warning] Couldn't find file 'l_talus.vtp'.
[2026-01-28 13:56:14.236] [warning] Couldn't find file 'l_foot.vtp'.
[2026-01-28 13:56:14.236] [warning] Couldn't find file 'l_bofoot.vtp'.
[2026-01-28 13:56:14.236] [warning] Couldn't find file 'hat_spine.vtp'.
[2026-01-28 13:56:14.236] [warning] Couldn't find file 'hat_jaw.vtp'.
[2026-01-28 13:56:14.236] [warning] Couldn't find file 'hat_skull.vtp'.
[2026-01-28 13:56:14.236] [warning] Couldn't find file 'hat_ribs_scap.vtp'.
[2026-01-28 13:56:14.236] [warning] Couldn't find file 'humerus_rv.vtp'.
[2026-01-28 13:56:14.236] [warning] Couldn't find file 'ulna_rv.vtp'.
[2026-01-28 13:56:14.236] [warning] Couldn't find file 'radius_rv.vtp'.
[2026-01-28 13:56:14.236] [warning] Couldn't find file 'pisiform_rvs.vtp'.
[2026-01-28 13:56:14.236] [warning] Couldn't find file 'lunate_rvs.vtp'.
[2026-01-28 13:56:14.236] [warning] Couldn't find file 'scaphoid_rvs.vtp'.
[2026-01-28 13:56:14.236] [warning] Couldn't find file 'triquetrum_rvs.vtp'.
[2026-01-28 13:56:14.236] [warning] Couldn't find file 'hamate_rvs.vtp'.
[2026-01-28 13:56:14.236] [warning] Couldn't find file 'capitate_rvs.vtp'.
[2026-01-28 13:56:14.236] [warning] Couldn't find file 'trapezoid_rvs.vtp'.
[2026-01-28 13:56:14.236] [warning] Couldn't find file 'trapezium_rvs.vtp'.
[2026-01-28 13:56:14.236] [warning] Couldn't find file 'metacarpal2_rvs.vtp'.
[2026-01-28 13:56:14.236] [warning] Couldn't find file 'index_proximal_rvs.vtp'.
[2026-01-28 13:56:14.236] [warning] Couldn't find file 'index_medial_rvs.vtp'.
[2026-01-28 13:56:14.236] [warning] Couldn't find file 'index_distal_rvs.vtp'.
[2026-01-28 13:56:14.236] [warning] Couldn't find file 'metacarpal3_rvs.vtp'.
[2026-01-28 13:56:14.236] [warning] Couldn't find file 'middle_proximal_rvs.vtp'.
[2026-01-28 13:56:14.236] [warning] Couldn't find file 'middle_medial_rvs.vtp'.
[2026-01-28 13:56:14.236] [warning] Couldn't find file 'middle_distal_rvs.vtp'.
[2026-01-28 13:56:14.237] [warning] Couldn't find file 'metacarpal4_rvs.vtp'.
[2026-01-28 13:56:14.237] [warning] Couldn't find file 'ring_proximal_rvs.vtp'.
[2026-01-28 13:56:14.237] [warning] Couldn't find file 'ring_medial_rvs.vtp'.
[2026-01-28 13:56:14.237] [warning] Couldn't find file 'ring_distal_rvs.vtp'.
[2026-01-28 13:56:14.237] [warning] Couldn't find file 'metacarpal5_rvs.vtp'.
[2026-01-28 13:56:14.237] [warning] Couldn't find file 'little_proximal_rvs.vtp'.
[2026-01-28 13:56:14.237] [warning] Couldn't find file 'little_medial_rvs.vtp'.
[2026-01-28 13:56:14.237] [warning] Couldn't find file 'little_distal_rvs.vtp'.
[2026-01-28 13:56:14.237] [warning] Couldn't find file 'metacarpal1_rvs.vtp'.
[2026-01-28 13:56:14.237] [warning] Couldn't find file 'thumb_proximal_rvs.vtp'.
[2026-01-28 13:56:14.237] [warning] Couldn't find file 'thumb_distal_rvs.vtp'.
[2026-01-28 13:56:14.237] [warning] Couldn't find file 'humerus_lv.vtp'.
[2026-01-28 13:56:14.237] [warning] Couldn't find file 'ulna_lv.vtp'.
[2026-01-28 13:56:14.237] [warning] Couldn't find file 'radius_lv.vtp'.
[2026-01-28 13:56:14.237] [warning] Couldn't find file 'pisiform_lvs.vtp'.
[2026-01-28 13:56:14.237] [warning] Couldn't find file 'lunate_lvs.vtp'.
[2026-01-28 13:56:14.237] [warning] Couldn't find file 'scaphoid_lvs.vtp'.
[2026-01-28 13:56:14.237] [warning] Couldn't find file 'triquetrum_lvs.vtp'.
[2026-01-28 13:56:14.237] [warning] Couldn't find file 'hamate_lvs.vtp'.
[2026-01-28 13:56:14.237] [warning] Couldn't find file 'capitate_lvs.vtp'.
[2026-01-28 13:56:14.237] [warning] Couldn't find file 'trapezoid_lvs.vtp'.
[2026-01-28 13:56:14.237] [warning] Couldn't find file 'trapezium_lvs.vtp'.
[2026-01-28 13:56:14.237] [warning] Couldn't find file 'metacarpal2_lvs.vtp'.
[2026-01-28 13:56:14.237] [warning] Couldn't find file 'index_proximal_lvs.vtp'.
[2026-01-28 13:56:14.237] [warning] Couldn't find file 'index_medial_lvs.vtp'.
[2026-01-28 13:56:14.237] [warning] Couldn't find file 'index_distal_lvs.vtp'.
[2026-01-28 13:56:14.237] [warning] Couldn't find file 'metacarpal3_lvs.vtp'.
[2026-01-28 13:56:14.237] [warning] Couldn't find file 'middle_proximal_lvs.vtp'.
[2026-01-28 13:56:14.238] [warning] Couldn't find file 'middle_medial_lvs.vtp'.
[2026-01-28 13:56:14.238] [warning] Couldn't find file 'middle_distal_lvs.vtp'.
[2026-01-28 13:56:14.238] [warning] Couldn't find file 'metacarpal4_lvs.vtp'.
[2026-01-28 13:56:14.238] [warning] Couldn't find file 'ring_proximal_lvs.vtp'.
[2026-01-28 13:56:14.238] [warning] Couldn't find file 'ring_medial_lvs.vtp'.
[2026-01-28 13:56:14.238] [warning] Couldn't find file 'ring_distal_lvs.vtp'.
[2026-01-28 13:56:14.238] [warning] Couldn't find file 'metacarpal5_lvs.vtp'.
[2026-01-28 13:56:14.238] [warning] Couldn't find file 'little_proximal_lvs.vtp'.
[2026-01-28 13:56:14.238] [warning] Couldn't find file 'little_medial_lvs.vtp'.
[2026-01-28 13:56:14.238] [warning] Couldn't find file 'little_distal_lvs.vtp'.
[2026-01-28 13:56:14.238] [warning] Couldn't find file 'metacarpal1_lvs.vtp'.
[2026-01-28 13:56:14.238] [warning] Couldn't find file 'thumb_proximal_lvs.vtp'.
[2026-01-28 13:56:14.238] [warning] Couldn't find file 'thumb_distal_lvs.vtp'.
[2026-01-28 13:56:14.251] [info] AbstractTool IK_sub3_v2_t1 loading model C:\Users\Israel Luis\Documents\GitHub\GoalOptimized\Database\sub3\model\model_rajagopal2022_sub3.osim
[2026-01-28 13:56:14.264] [info] Updating Model file from 40000 to latest format...
[2026-01-28 13:56:14.281] [info] Loaded model 7_scaledH_rajagopal2016_1802_7 from file C:\Users\Israel Luis\Documents\GitHub\GoalOptimized\Database\sub3\model\model_rajagopal2022_sub3.osim
[2026-01-28 13:56:14.281] [warning] Couldn't find file 'r_pelvis.vtp'.
[2026-01-28 13:56:14.281] [warning] Couldn't find file 'l_pelvis.vtp'.
[2026-01-28 13:56:14.281] [warning] Couldn't find file 'sacrum.vtp'.
[2026-01-28 13:56:14.281] [warning] Couldn't find file 'r_femur.vtp'.
[2026-01-28 13:56:14.281] [warning] Couldn't find file 'r_tibia.vtp'.
[2026-01-28 13:56:14.281] [warning] Couldn't find file 'r_fibula.vtp'.
[2026-01-28 13:56:14.281] [warning] Couldn't find file 'r_patella.vtp'.
[2026-01-28 13:56:14.281] [warning] Couldn't find file 'r_talus.vtp'.
[2026-01-28 13:56:14.281] [warning] Couldn't find file 'r_foot.vtp'.
[2026-01-28 13:56:14.281] [warning] Couldn't find file 'r_bofoot.vtp'.
[2026-01-28 13:56:14.281] [warning] Couldn't find file 'l_femur.vtp'.
[2026-01-28 13:56:14.281] [warning] Couldn't find file 'l_tibia.vtp'.
[2026-01-28 13:56:14.281] [warning] Couldn't find file 'l_fibula.vtp'.
[2026-01-28 13:56:14.281] [warning] Couldn't find file 'l_patella.vtp'.
[2026-01-28 13:56:14.281] [warning] Couldn't find file 'l_talus.vtp'.
[2026-01-28 13:56:14.281] [warning] Couldn't find file 'l_foot.vtp'.
[2026-01-28 13:56:14.281] [warning] Couldn't find file 'l_bofoot.vtp'.
[2026-01-28 13:56:14.282] [warning] Couldn't find file 'hat_spine.vtp'.
[2026-01-28 13:56:14.282] [warning] Couldn't find file 'hat_jaw.vtp'.
[2026-01-28 13:56:14.282] [warning] Couldn't find file 'hat_skull.vtp'.
[2026-01-28 13:56:14.282] [warning] Couldn't find file 'hat_ribs_scap.vtp'.
[2026-01-28 13:56:14.282] [warning] Couldn't find file 'humerus_rv.vtp'.
[2026-01-28 13:56:14.282] [warning] Couldn't find file 'ulna_rv.vtp'.
[2026-01-28 13:56:14.282] [warning] Couldn't find file 'radius_rv.vtp'.
[2026-01-28 13:56:14.282] [warning] Couldn't find file 'pisiform_rvs.vtp'.
[2026-01-28 13:56:14.282] [warning] Couldn't find file 'lunate_rvs.vtp'.
[2026-01-28 13:56:14.282] [warning] Couldn't find file 'scaphoid_rvs.vtp'.
[2026-01-28 13:56:14.282] [warning] Couldn't find file 'triquetrum_rvs.vtp'.
[2026-01-28 13:56:14.282] [warning] Couldn't find file 'hamate_rvs.vtp'.
[2026-01-28 13:56:14.282] [warning] Couldn't find file 'capitate_rvs.vtp'.
[2026-01-28 13:56:14.282] [warning] Couldn't find file 'trapezoid_rvs.vtp'.
[2026-01-28 13:56:14.282] [warning] Couldn't find file 'trapezium_rvs.vtp'.
[2026-01-28 13:56:14.282] [warning] Couldn't find file 'metacarpal2_rvs.vtp'.
[2026-01-28 13:56:14.282] [warning] Couldn't find file 'index_proximal_rvs.vtp'.
[2026-01-28 13:56:14.282] [warning] Couldn't find file 'index_medial_rvs.vtp'.
[2026-01-28 13:56:14.282] [warning] Couldn't find file 'index_distal_rvs.vtp'.
[2026-01-28 13:56:14.282] [warning] Couldn't find file 'metacarpal3_rvs.vtp'.
[2026-01-28 13:56:14.282] [warning] Couldn't find file 'middle_proximal_rvs.vtp'.
[2026-01-28 13:56:14.282] [warning] Couldn't find file 'middle_medial_rvs.vtp'.
[2026-01-28 13:56:14.282] [warning] Couldn't find file 'middle_distal_rvs.vtp'.
[2026-01-28 13:56:14.282] [warning] Couldn't find file 'metacarpal4_rvs.vtp'.
[2026-01-28 13:56:14.282] [warning] Couldn't find file 'ring_proximal_rvs.vtp'.
[2026-01-28 13:56:14.282] [warning] Couldn't find file 'ring_medial_rvs.vtp'.
[2026-01-28 13:56:14.283] [warning] Couldn't find file 'ring_distal_rvs.vtp'.
[2026-01-28 13:56:14.283] [warning] Couldn't find file 'metacarpal5_rvs.vtp'.
[2026-01-28 13:56:14.283] [warning] Couldn't find file 'little_proximal_rvs.vtp'.
[2026-01-28 13:56:14.283] [warning] Couldn't find file 'little_medial_rvs.vtp'.
[2026-01-28 13:56:14.283] [warning] Couldn't find file 'little_distal_rvs.vtp'.
[2026-01-28 13:56:14.283] [warning] Couldn't find file 'metacarpal1_rvs.vtp'.
[2026-01-28 13:56:14.283] [warning] Couldn't find file 'thumb_proximal_rvs.vtp'.
[2026-01-28 13:56:14.283] [warning] Couldn't find file 'thumb_distal_rvs.vtp'.
[2026-01-28 13:56:14.283] [warning] Couldn't find file 'humerus_lv.vtp'.
[2026-01-28 13:56:14.283] [warning] Couldn't find file 'ulna_lv.vtp'.
[2026-01-28 13:56:14.283] [warning] Couldn't find file 'radius_lv.vtp'.
[2026-01-28 13:56:14.283] [warning] Couldn't find file 'pisiform_lvs.vtp'.
[2026-01-28 13:56:14.283] [warning] Couldn't find file 'lunate_lvs.vtp'.
[2026-01-28 13:56:14.283] [warning] Couldn't find file 'scaphoid_lvs.vtp'.
[2026-01-28 13:56:14.283] [warning] Couldn't find file 'triquetrum_lvs.vtp'.
[2026-01-28 13:56:14.283] [warning] Couldn't find file 'hamate_lvs.vtp'.
[2026-01-28 13:56:14.283] [warning] Couldn't find file 'capitate_lvs.vtp'.
[2026-01-28 13:56:14.283] [warning] Couldn't find file 'trapezoid_lvs.vtp'.
[2026-01-28 13:56:14.283] [warning] Couldn't find file 'trapezium_lvs.vtp'.
[2026-01-28 13:56:14.283] [warning] Couldn't find file 'metacarpal2_lvs.vtp'.
[2026-01-28 13:56:14.283] [warning] Couldn't find file 'index_proximal_lvs.vtp'.
[2026-01-28 13:56:14.283] [warning] Couldn't find file 'index_medial_lvs.vtp'.
[2026-01-28 13:56:14.283] [warning] Couldn't find file 'index_distal_lvs.vtp'.
[2026-01-28 13:56:14.283] [warning] Couldn't find file 'metacarpal3_lvs.vtp'.
[2026-01-28 13:56:14.283] [warning] Couldn't find file 'middle_proximal_lvs.vtp'.
[2026-01-28 13:56:14.283] [warning] Couldn't find file 'middle_medial_lvs.vtp'.
[2026-01-28 13:56:14.283] [warning] Couldn't find file 'middle_distal_lvs.vtp'.
[2026-01-28 13:56:14.284] [warning] Couldn't find file 'metacarpal4_lvs.vtp'.
[2026-01-28 13:56:14.284] [warning] Couldn't find file 'ring_proximal_lvs.vtp'.
[2026-01-28 13:56:14.284] [warning] Couldn't find file 'ring_medial_lvs.vtp'.
[2026-01-28 13:56:14.284] [warning] Couldn't find file 'ring_distal_lvs.vtp'.
[2026-01-28 13:56:14.284] [warning] Couldn't find file 'metacarpal5_lvs.vtp'.
[2026-01-28 13:56:14.284] [warning] Couldn't find file 'little_proximal_lvs.vtp'.
[2026-01-28 13:56:14.284] [warning] Couldn't find file 'little_medial_lvs.vtp'.
[2026-01-28 13:56:14.284] [warning] Couldn't find file 'little_distal_lvs.vtp'.
[2026-01-28 13:56:14.284] [warning] Couldn't find file 'metacarpal1_lvs.vtp'.
[2026-01-28 13:56:14.284] [warning] Couldn't find file 'thumb_proximal_lvs.vtp'.
[2026-01-28 13:56:14.284] [warning] Couldn't find file 'thumb_distal_lvs.vtp'.
[2026-01-28 13:56:14.288] [info] No external loads will be applied (external loads file not specified).
[2026-01-28 13:56:14.300] [info] Loading coordinates from file 'C:\Users\Israel Luis\Documents\GitHub\GoalOptimized\Database\sub3\IK\IK_sub3_v2_t1.mot'.
[2026-01-28 13:56:14.300] [info] Storage: read data file = C:\Users\Israel Luis\Documents\GitHub\GoalOptimized\Database\sub3\IK\IK_sub3_v2_t1.mot (nr=114 nc=40)
[2026-01-28 13:56:14.846] [info] Found 114 state vectors with time stamps ranging from 1.26 to 2.39.
[2026-01-28 13:56:14.846] [info] Executing the analyses from 1.26 to 2.39...
[2026-01-28 13:56:19.000] [info] Printing results of investigation IK_sub3_v2_t1 to C:\Users\Israel Luis\Documents\GitHub\GoalOptimized\ProjectResults\DSE\sub3\v2_t1\Je0\MuscleAnalysis
[2026-01-28 13:57:35.597] [info] Updating Model file from 40000 to latest format...
[2026-01-28 13:57:35.614] [info] Loaded model 9_scaled_rajagopal2022 from file C:\Users\Israel Luis\Documents\GitHub\GoalOptimized\Database\sub4\model\model_rajagopal2022_sub4.osim
[2026-01-28 13:57:35.614] [warning] Couldn't find file 'r_pelvis.vtp'.
[2026-01-28 13:57:35.614] [warning] Couldn't find file 'l_pelvis.vtp'.
[2026-01-28 13:57:35.614] [warning] Couldn't find file 'sacrum.vtp'.
[2026-01-28 13:57:35.614] [warning] Couldn't find file 'r_femur.vtp'.
[2026-01-28 13:57:35.614] [warning] Couldn't find file 'r_tibia.vtp'.
[2026-01-28 13:57:35.614] [warning] Couldn't find file 'r_fibula.vtp'.
[2026-01-28 13:57:35.614] [warning] Couldn't find file 'r_patella.vtp'.
[2026-01-28 13:57:35.614] [warning] Couldn't find file 'r_talus.vtp'.
[2026-01-28 13:57:35.614] [warning] Couldn't find file 'r_foot.vtp'.
[2026-01-28 13:57:35.614] [warning] Couldn't find file 'r_bofoot.vtp'.
[2026-01-28 13:57:35.614] [warning] Couldn't find file 'l_femur.vtp'.
[2026-01-28 13:57:35.614] [warning] Couldn't find file 'l_tibia.vtp'.
[2026-01-28 13:57:35.615] [warning] Couldn't find file 'l_fibula.vtp'.
[2026-01-28 13:57:35.615] [warning] Couldn't find file 'l_patella.vtp'.
[2026-01-28 13:57:35.615] [warning] Couldn't find file 'l_talus.vtp'.
[2026-01-28 13:57:35.615] [warning] Couldn't find file 'l_foot.vtp'.
[2026-01-28 13:57:35.615] [warning] Couldn't find file 'l_bofoot.vtp'.
[2026-01-28 13:57:35.615] [warning] Couldn't find file 'hat_spine.vtp'.
[2026-01-28 13:57:35.615] [warning] Couldn't find file 'hat_jaw.vtp'.
[2026-01-28 13:57:35.615] [warning] Couldn't find file 'hat_skull.vtp'.
[2026-01-28 13:57:35.615] [warning] Couldn't find file 'hat_ribs_scap.vtp'.
[2026-01-28 13:57:35.615] [warning] Couldn't find file 'humerus_rv.vtp'.
[2026-01-28 13:57:35.615] [warning] Couldn't find file 'ulna_rv.vtp'.
[2026-01-28 13:57:35.615] [warning] Couldn't find file 'radius_rv.vtp'.
[2026-01-28 13:57:35.615] [warning] Couldn't find file 'pisiform_rvs.vtp'.
[2026-01-28 13:57:35.615] [warning] Couldn't find file 'lunate_rvs.vtp'.
[2026-01-28 13:57:35.615] [warning] Couldn't find file 'scaphoid_rvs.vtp'.
[2026-01-28 13:57:35.615] [warning] Couldn't find file 'triquetrum_rvs.vtp'.
[2026-01-28 13:57:35.615] [warning] Couldn't find file 'hamate_rvs.vtp'.
[2026-01-28 13:57:35.615] [warning] Couldn't find file 'capitate_rvs.vtp'.
[2026-01-28 13:57:35.615] [warning] Couldn't find file 'trapezoid_rvs.vtp'.
[2026-01-28 13:57:35.615] [warning] Couldn't find file 'trapezium_rvs.vtp'.
[2026-01-28 13:57:35.615] [warning] Couldn't find file 'metacarpal2_rvs.vtp'.
[2026-01-28 13:57:35.615] [warning] Couldn't find file 'index_proximal_rvs.vtp'.
[2026-01-28 13:57:35.615] [warning] Couldn't find file 'index_medial_rvs.vtp'.
[2026-01-28 13:57:35.615] [warning] Couldn't find file 'index_distal_rvs.vtp'.
[2026-01-28 13:57:35.615] [warning] Couldn't find file 'metacarpal3_rvs.vtp'.
[2026-01-28 13:57:35.615] [warning] Couldn't find file 'middle_proximal_rvs.vtp'.
[2026-01-28 13:57:35.615] [warning] Couldn't find file 'middle_medial_rvs.vtp'.
[2026-01-28 13:57:35.616] [warning] Couldn't find file 'middle_distal_rvs.vtp'.
[2026-01-28 13:57:35.616] [warning] Couldn't find file 'metacarpal4_rvs.vtp'.
[2026-01-28 13:57:35.616] [warning] Couldn't find file 'ring_proximal_rvs.vtp'.
[2026-01-28 13:57:35.616] [warning] Couldn't find file 'ring_medial_rvs.vtp'.
[2026-01-28 13:57:35.616] [warning] Couldn't find file 'ring_distal_rvs.vtp'.
[2026-01-28 13:57:35.616] [warning] Couldn't find file 'metacarpal5_rvs.vtp'.
[2026-01-28 13:57:35.616] [warning] Couldn't find file 'little_proximal_rvs.vtp'.
[2026-01-28 13:57:35.616] [warning] Couldn't find file 'little_medial_rvs.vtp'.
[2026-01-28 13:57:35.616] [warning] Couldn't find file 'little_distal_rvs.vtp'.
[2026-01-28 13:57:35.616] [warning] Couldn't find file 'metacarpal1_rvs.vtp'.
[2026-01-28 13:57:35.616] [warning] Couldn't find file 'thumb_proximal_rvs.vtp'.
[2026-01-28 13:57:35.616] [warning] Couldn't find file 'thumb_distal_rvs.vtp'.
[2026-01-28 13:57:35.616] [warning] Couldn't find file 'humerus_lv.vtp'.
[2026-01-28 13:57:35.616] [warning] Couldn't find file 'ulna_lv.vtp'.
[2026-01-28 13:57:35.616] [warning] Couldn't find file 'radius_lv.vtp'.
[2026-01-28 13:57:35.616] [warning] Couldn't find file 'pisiform_lvs.vtp'.
[2026-01-28 13:57:35.616] [warning] Couldn't find file 'lunate_lvs.vtp'.
[2026-01-28 13:57:35.616] [warning] Couldn't find file 'scaphoid_lvs.vtp'.
[2026-01-28 13:57:35.616] [warning] Couldn't find file 'triquetrum_lvs.vtp'.
[2026-01-28 13:57:35.616] [warning] Couldn't find file 'hamate_lvs.vtp'.
[2026-01-28 13:57:35.616] [warning] Couldn't find file 'capitate_lvs.vtp'.
[2026-01-28 13:57:35.616] [warning] Couldn't find file 'trapezoid_lvs.vtp'.
[2026-01-28 13:57:35.616] [warning] Couldn't find file 'trapezium_lvs.vtp'.
[2026-01-28 13:57:35.616] [warning] Couldn't find file 'metacarpal2_lvs.vtp'.
[2026-01-28 13:57:35.616] [warning] Couldn't find file 'index_proximal_lvs.vtp'.
[2026-01-28 13:57:35.616] [warning] Couldn't find file 'index_medial_lvs.vtp'.
[2026-01-28 13:57:35.616] [warning] Couldn't find file 'index_distal_lvs.vtp'.
[2026-01-28 13:57:35.616] [warning] Couldn't find file 'metacarpal3_lvs.vtp'.
[2026-01-28 13:57:35.617] [warning] Couldn't find file 'middle_proximal_lvs.vtp'.
[2026-01-28 13:57:35.617] [warning] Couldn't find file 'middle_medial_lvs.vtp'.
[2026-01-28 13:57:35.617] [warning] Couldn't find file 'middle_distal_lvs.vtp'.
[2026-01-28 13:57:35.617] [warning] Couldn't find file 'metacarpal4_lvs.vtp'.
[2026-01-28 13:57:35.617] [warning] Couldn't find file 'ring_proximal_lvs.vtp'.
[2026-01-28 13:57:35.617] [warning] Couldn't find file 'ring_medial_lvs.vtp'.
[2026-01-28 13:57:35.617] [warning] Couldn't find file 'ring_distal_lvs.vtp'.
[2026-01-28 13:57:35.617] [warning] Couldn't find file 'metacarpal5_lvs.vtp'.
[2026-01-28 13:57:35.617] [warning] Couldn't find file 'little_proximal_lvs.vtp'.
[2026-01-28 13:57:35.617] [warning] Couldn't find file 'little_medial_lvs.vtp'.
[2026-01-28 13:57:35.617] [warning] Couldn't find file 'little_distal_lvs.vtp'.
[2026-01-28 13:57:35.617] [warning] Couldn't find file 'metacarpal1_lvs.vtp'.
[2026-01-28 13:57:35.617] [warning] Couldn't find file 'thumb_proximal_lvs.vtp'.
[2026-01-28 13:57:35.617] [warning] Couldn't find file 'thumb_distal_lvs.vtp'.
[2026-01-28 13:57:35.630] [info] AbstractTool IK_sub4_v2_t1 loading model C:\Users\Israel Luis\Documents\GitHub\GoalOptimized\Database\sub4\model\model_rajagopal2022_sub4.osim
[2026-01-28 13:57:35.643] [info] Updating Model file from 40000 to latest format...
[2026-01-28 13:57:35.661] [info] Loaded model 9_scaled_rajagopal2022 from file C:\Users\Israel Luis\Documents\GitHub\GoalOptimized\Database\sub4\model\model_rajagopal2022_sub4.osim
[2026-01-28 13:57:35.661] [warning] Couldn't find file 'r_pelvis.vtp'.
[2026-01-28 13:57:35.661] [warning] Couldn't find file 'l_pelvis.vtp'.
[2026-01-28 13:57:35.661] [warning] Couldn't find file 'sacrum.vtp'.
[2026-01-28 13:57:35.661] [warning] Couldn't find file 'r_femur.vtp'.
[2026-01-28 13:57:35.661] [warning] Couldn't find file 'r_tibia.vtp'.
[2026-01-28 13:57:35.661] [warning] Couldn't find file 'r_fibula.vtp'.
[2026-01-28 13:57:35.661] [warning] Couldn't find file 'r_patella.vtp'.
[2026-01-28 13:57:35.661] [warning] Couldn't find file 'r_talus.vtp'.
[2026-01-28 13:57:35.661] [warning] Couldn't find file 'r_foot.vtp'.
[2026-01-28 13:57:35.661] [warning] Couldn't find file 'r_bofoot.vtp'.
[2026-01-28 13:57:35.661] [warning] Couldn't find file 'l_femur.vtp'.
[2026-01-28 13:57:35.661] [warning] Couldn't find file 'l_tibia.vtp'.
[2026-01-28 13:57:35.661] [warning] Couldn't find file 'l_fibula.vtp'.
[2026-01-28 13:57:35.661] [warning] Couldn't find file 'l_patella.vtp'.
[2026-01-28 13:57:35.661] [warning] Couldn't find file 'l_talus.vtp'.
[2026-01-28 13:57:35.661] [warning] Couldn't find file 'l_foot.vtp'.
[2026-01-28 13:57:35.661] [warning] Couldn't find file 'l_bofoot.vtp'.
[2026-01-28 13:57:35.661] [warning] Couldn't find file 'hat_spine.vtp'.
[2026-01-28 13:57:35.661] [warning] Couldn't find file 'hat_jaw.vtp'.
[2026-01-28 13:57:35.661] [warning] Couldn't find file 'hat_skull.vtp'.
[2026-01-28 13:57:35.661] [warning] Couldn't find file 'hat_ribs_scap.vtp'.
[2026-01-28 13:57:35.662] [warning] Couldn't find file 'humerus_rv.vtp'.
[2026-01-28 13:57:35.662] [warning] Couldn't find file 'ulna_rv.vtp'.
[2026-01-28 13:57:35.662] [warning] Couldn't find file 'radius_rv.vtp'.
[2026-01-28 13:57:35.662] [warning] Couldn't find file 'pisiform_rvs.vtp'.
[2026-01-28 13:57:35.662] [warning] Couldn't find file 'lunate_rvs.vtp'.
[2026-01-28 13:57:35.662] [warning] Couldn't find file 'scaphoid_rvs.vtp'.
[2026-01-28 13:57:35.662] [warning] Couldn't find file 'triquetrum_rvs.vtp'.
[2026-01-28 13:57:35.662] [warning] Couldn't find file 'hamate_rvs.vtp'.
[2026-01-28 13:57:35.662] [warning] Couldn't find file 'capitate_rvs.vtp'.
[2026-01-28 13:57:35.662] [warning] Couldn't find file 'trapezoid_rvs.vtp'.
[2026-01-28 13:57:35.662] [warning] Couldn't find file 'trapezium_rvs.vtp'.
[2026-01-28 13:57:35.662] [warning] Couldn't find file 'metacarpal2_rvs.vtp'.
[2026-01-28 13:57:35.662] [warning] Couldn't find file 'index_proximal_rvs.vtp'.
[2026-01-28 13:57:35.662] [warning] Couldn't find file 'index_medial_rvs.vtp'.
[2026-01-28 13:57:35.662] [warning] Couldn't find file 'index_distal_rvs.vtp'.
[2026-01-28 13:57:35.662] [warning] Couldn't find file 'metacarpal3_rvs.vtp'.
[2026-01-28 13:57:35.662] [warning] Couldn't find file 'middle_proximal_rvs.vtp'.
[2026-01-28 13:57:35.662] [warning] Couldn't find file 'middle_medial_rvs.vtp'.
[2026-01-28 13:57:35.662] [warning] Couldn't find file 'middle_distal_rvs.vtp'.
[2026-01-28 13:57:35.662] [warning] Couldn't find file 'metacarpal4_rvs.vtp'.
[2026-01-28 13:57:35.662] [warning] Couldn't find file 'ring_proximal_rvs.vtp'.
[2026-01-28 13:57:35.662] [warning] Couldn't find file 'ring_medial_rvs.vtp'.
[2026-01-28 13:57:35.662] [warning] Couldn't find file 'ring_distal_rvs.vtp'.
[2026-01-28 13:57:35.662] [warning] Couldn't find file 'metacarpal5_rvs.vtp'.
[2026-01-28 13:57:35.662] [warning] Couldn't find file 'little_proximal_rvs.vtp'.
[2026-01-28 13:57:35.662] [warning] Couldn't find file 'little_medial_rvs.vtp'.
[2026-01-28 13:57:35.662] [warning] Couldn't find file 'little_distal_rvs.vtp'.
[2026-01-28 13:57:35.662] [warning] Couldn't find file 'metacarpal1_rvs.vtp'.
[2026-01-28 13:57:35.663] [warning] Couldn't find file 'thumb_proximal_rvs.vtp'.
[2026-01-28 13:57:35.663] [warning] Couldn't find file 'thumb_distal_rvs.vtp'.
[2026-01-28 13:57:35.663] [warning] Couldn't find file 'humerus_lv.vtp'.
[2026-01-28 13:57:35.663] [warning] Couldn't find file 'ulna_lv.vtp'.
[2026-01-28 13:57:35.663] [warning] Couldn't find file 'radius_lv.vtp'.
[2026-01-28 13:57:35.663] [warning] Couldn't find file 'pisiform_lvs.vtp'.
[2026-01-28 13:57:35.663] [warning] Couldn't find file 'lunate_lvs.vtp'.
[2026-01-28 13:57:35.663] [warning] Couldn't find file 'scaphoid_lvs.vtp'.
[2026-01-28 13:57:35.663] [warning] Couldn't find file 'triquetrum_lvs.vtp'.
[2026-01-28 13:57:35.663] [warning] Couldn't find file 'hamate_lvs.vtp'.
[2026-01-28 13:57:35.663] [warning] Couldn't find file 'capitate_lvs.vtp'.
[2026-01-28 13:57:35.663] [warning] Couldn't find file 'trapezoid_lvs.vtp'.
[2026-01-28 13:57:35.663] [warning] Couldn't find file 'trapezium_lvs.vtp'.
[2026-01-28 13:57:35.663] [warning] Couldn't find file 'metacarpal2_lvs.vtp'.
[2026-01-28 13:57:35.663] [warning] Couldn't find file 'index_proximal_lvs.vtp'.
[2026-01-28 13:57:35.663] [warning] Couldn't find file 'index_medial_lvs.vtp'.
[2026-01-28 13:57:35.663] [warning] Couldn't find file 'index_distal_lvs.vtp'.
[2026-01-28 13:57:35.663] [warning] Couldn't find file 'metacarpal3_lvs.vtp'.
[2026-01-28 13:57:35.663] [warning] Couldn't find file 'middle_proximal_lvs.vtp'.
[2026-01-28 13:57:35.663] [warning] Couldn't find file 'middle_medial_lvs.vtp'.
[2026-01-28 13:57:35.663] [warning] Couldn't find file 'middle_distal_lvs.vtp'.
[2026-01-28 13:57:35.663] [warning] Couldn't find file 'metacarpal4_lvs.vtp'.
[2026-01-28 13:57:35.663] [warning] Couldn't find file 'ring_proximal_lvs.vtp'.
[2026-01-28 13:57:35.663] [warning] Couldn't find file 'ring_medial_lvs.vtp'.
[2026-01-28 13:57:35.663] [warning] Couldn't find file 'ring_distal_lvs.vtp'.
[2026-01-28 13:57:35.663] [warning] Couldn't find file 'metacarpal5_lvs.vtp'.
[2026-01-28 13:57:35.663] [warning] Couldn't find file 'little_proximal_lvs.vtp'.
[2026-01-28 13:57:35.663] [warning] Couldn't find file 'little_medial_lvs.vtp'.
[2026-01-28 13:57:35.663] [warning] Couldn't find file 'little_distal_lvs.vtp'.
[2026-01-28 13:57:35.663] [warning] Couldn't find file 'metacarpal1_lvs.vtp'.
[2026-01-28 13:57:35.664] [warning] Couldn't find file 'thumb_proximal_lvs.vtp'.
[2026-01-28 13:57:35.664] [warning] Couldn't find file 'thumb_distal_lvs.vtp'.
[2026-01-28 13:57:35.669] [info] No external loads will be applied (external loads file not specified).
[2026-01-28 13:57:35.680] [info] Loading coordinates from file 'C:\Users\Israel Luis\Documents\GitHub\GoalOptimized\Database\sub4\IK\IK_sub4_v2_t1.mot'.
[2026-01-28 13:57:35.680] [info] Storage: read data file = C:\Users\Israel Luis\Documents\GitHub\GoalOptimized\Database\sub4\IK\IK_sub4_v2_t1.mot (nr=122 nc=40)
[2026-01-28 13:57:36.254] [info] Found 122 state vectors with time stamps ranging from 0.15 to 1.36.
[2026-01-28 13:57:36.255] [info] Executing the analyses from 0.15 to 1.36...
[2026-01-28 13:57:40.574] [info] Printing results of investigation IK_sub4_v2_t1 to C:\Users\Israel Luis\Documents\GitHub\GoalOptimized\ProjectResults\DSE\sub4\v2_t1\Je0\MuscleAnalysis
[2026-01-28 13:58:41.589] [info] Updating Model file from 40000 to latest format...
[2026-01-28 13:58:41.605] [info] Loaded model 14_scaled_rajagopal2022 from file C:\Users\Israel Luis\Documents\GitHub\GoalOptimized\Database\sub5\model\model_rajagopal2022_sub5.osim
[2026-01-28 13:58:41.605] [warning] Couldn't find file 'r_pelvis.vtp'.
[2026-01-28 13:58:41.605] [warning] Couldn't find file 'l_pelvis.vtp'.
[2026-01-28 13:58:41.605] [warning] Couldn't find file 'sacrum.vtp'.
[2026-01-28 13:58:41.605] [warning] Couldn't find file 'r_femur.vtp'.
[2026-01-28 13:58:41.605] [warning] Couldn't find file 'r_tibia.vtp'.
[2026-01-28 13:58:41.605] [warning] Couldn't find file 'r_fibula.vtp'.
[2026-01-28 13:58:41.605] [warning] Couldn't find file 'r_patella.vtp'.
[2026-01-28 13:58:41.605] [warning] Couldn't find file 'r_talus.vtp'.
[2026-01-28 13:58:41.605] [warning] Couldn't find file 'r_foot.vtp'.
[2026-01-28 13:58:41.605] [warning] Couldn't find file 'r_bofoot.vtp'.
[2026-01-28 13:58:41.605] [warning] Couldn't find file 'l_femur.vtp'.
[2026-01-28 13:58:41.605] [warning] Couldn't find file 'l_tibia.vtp'.
[2026-01-28 13:58:41.605] [warning] Couldn't find file 'l_fibula.vtp'.
[2026-01-28 13:58:41.606] [warning] Couldn't find file 'l_patella.vtp'.
[2026-01-28 13:58:41.606] [warning] Couldn't find file 'l_talus.vtp'.
[2026-01-28 13:58:41.606] [warning] Couldn't find file 'l_foot.vtp'.
[2026-01-28 13:58:41.606] [warning] Couldn't find file 'l_bofoot.vtp'.
[2026-01-28 13:58:41.606] [warning] Couldn't find file 'hat_spine.vtp'.
[2026-01-28 13:58:41.606] [warning] Couldn't find file 'hat_jaw.vtp'.
[2026-01-28 13:58:41.606] [warning] Couldn't find file 'hat_skull.vtp'.
[2026-01-28 13:58:41.606] [warning] Couldn't find file 'hat_ribs_scap.vtp'.
[2026-01-28 13:58:41.606] [warning] Couldn't find file 'humerus_rv.vtp'.
[2026-01-28 13:58:41.606] [warning] Couldn't find file 'ulna_rv.vtp'.
[2026-01-28 13:58:41.606] [warning] Couldn't find file 'radius_rv.vtp'.
[2026-01-28 13:58:41.606] [warning] Couldn't find file 'pisiform_rvs.vtp'.
[2026-01-28 13:58:41.606] [warning] Couldn't find file 'lunate_rvs.vtp'.
[2026-01-28 13:58:41.606] [warning] Couldn't find file 'scaphoid_rvs.vtp'.
[2026-01-28 13:58:41.606] [warning] Couldn't find file 'triquetrum_rvs.vtp'.
[2026-01-28 13:58:41.606] [warning] Couldn't find file 'hamate_rvs.vtp'.
[2026-01-28 13:58:41.606] [warning] Couldn't find file 'capitate_rvs.vtp'.
[2026-01-28 13:58:41.606] [warning] Couldn't find file 'trapezoid_rvs.vtp'.
[2026-01-28 13:58:41.606] [warning] Couldn't find file 'trapezium_rvs.vtp'.
[2026-01-28 13:58:41.606] [warning] Couldn't find file 'metacarpal2_rvs.vtp'.
[2026-01-28 13:58:41.606] [warning] Couldn't find file 'index_proximal_rvs.vtp'.
[2026-01-28 13:58:41.606] [warning] Couldn't find file 'index_medial_rvs.vtp'.
[2026-01-28 13:58:41.606] [warning] Couldn't find file 'index_distal_rvs.vtp'.
[2026-01-28 13:58:41.606] [warning] Couldn't find file 'metacarpal3_rvs.vtp'.
[2026-01-28 13:58:41.606] [warning] Couldn't find file 'middle_proximal_rvs.vtp'.
[2026-01-28 13:58:41.606] [warning] Couldn't find file 'middle_medial_rvs.vtp'.
[2026-01-28 13:58:41.606] [warning] Couldn't find file 'middle_distal_rvs.vtp'.
[2026-01-28 13:58:41.606] [warning] Couldn't find file 'metacarpal4_rvs.vtp'.
[2026-01-28 13:58:41.606] [warning] Couldn't find file 'ring_proximal_rvs.vtp'.
[2026-01-28 13:58:41.607] [warning] Couldn't find file 'ring_medial_rvs.vtp'.
[2026-01-28 13:58:41.607] [warning] Couldn't find file 'ring_distal_rvs.vtp'.
[2026-01-28 13:58:41.607] [warning] Couldn't find file 'metacarpal5_rvs.vtp'.
[2026-01-28 13:58:41.607] [warning] Couldn't find file 'little_proximal_rvs.vtp'.
[2026-01-28 13:58:41.607] [warning] Couldn't find file 'little_medial_rvs.vtp'.
[2026-01-28 13:58:41.607] [warning] Couldn't find file 'little_distal_rvs.vtp'.
[2026-01-28 13:58:41.607] [warning] Couldn't find file 'metacarpal1_rvs.vtp'.
[2026-01-28 13:58:41.607] [warning] Couldn't find file 'thumb_proximal_rvs.vtp'.
[2026-01-28 13:58:41.607] [warning] Couldn't find file 'thumb_distal_rvs.vtp'.
[2026-01-28 13:58:41.607] [warning] Couldn't find file 'humerus_lv.vtp'.
[2026-01-28 13:58:41.607] [warning] Couldn't find file 'ulna_lv.vtp'.
[2026-01-28 13:58:41.607] [warning] Couldn't find file 'radius_lv.vtp'.
[2026-01-28 13:58:41.607] [warning] Couldn't find file 'pisiform_lvs.vtp'.
[2026-01-28 13:58:41.607] [warning] Couldn't find file 'lunate_lvs.vtp'.
[2026-01-28 13:58:41.607] [warning] Couldn't find file 'scaphoid_lvs.vtp'.
[2026-01-28 13:58:41.607] [warning] Couldn't find file 'triquetrum_lvs.vtp'.
[2026-01-28 13:58:41.607] [warning] Couldn't find file 'hamate_lvs.vtp'.
[2026-01-28 13:58:41.607] [warning] Couldn't find file 'capitate_lvs.vtp'.
[2026-01-28 13:58:41.607] [warning] Couldn't find file 'trapezoid_lvs.vtp'.
[2026-01-28 13:58:41.607] [warning] Couldn't find file 'trapezium_lvs.vtp'.
[2026-01-28 13:58:41.607] [warning] Couldn't find file 'metacarpal2_lvs.vtp'.
[2026-01-28 13:58:41.607] [warning] Couldn't find file 'index_proximal_lvs.vtp'.
[2026-01-28 13:58:41.607] [warning] Couldn't find file 'index_medial_lvs.vtp'.
[2026-01-28 13:58:41.607] [warning] Couldn't find file 'index_distal_lvs.vtp'.
[2026-01-28 13:58:41.607] [warning] Couldn't find file 'metacarpal3_lvs.vtp'.
[2026-01-28 13:58:41.607] [warning] Couldn't find file 'middle_proximal_lvs.vtp'.
[2026-01-28 13:58:41.607] [warning] Couldn't find file 'middle_medial_lvs.vtp'.
[2026-01-28 13:58:41.607] [warning] Couldn't find file 'middle_distal_lvs.vtp'.
[2026-01-28 13:58:41.608] [warning] Couldn't find file 'metacarpal4_lvs.vtp'.
[2026-01-28 13:58:41.608] [warning] Couldn't find file 'ring_proximal_lvs.vtp'.
[2026-01-28 13:58:41.608] [warning] Couldn't find file 'ring_medial_lvs.vtp'.
[2026-01-28 13:58:41.608] [warning] Couldn't find file 'ring_distal_lvs.vtp'.
[2026-01-28 13:58:41.608] [warning] Couldn't find file 'metacarpal5_lvs.vtp'.
[2026-01-28 13:58:41.608] [warning] Couldn't find file 'little_proximal_lvs.vtp'.
[2026-01-28 13:58:41.608] [warning] Couldn't find file 'little_medial_lvs.vtp'.
[2026-01-28 13:58:41.608] [warning] Couldn't find file 'little_distal_lvs.vtp'.
[2026-01-28 13:58:41.608] [warning] Couldn't find file 'metacarpal1_lvs.vtp'.
[2026-01-28 13:58:41.608] [warning] Couldn't find file 'thumb_proximal_lvs.vtp'.
[2026-01-28 13:58:41.608] [warning] Couldn't find file 'thumb_distal_lvs.vtp'.
[2026-01-28 13:58:41.618] [info] AbstractTool IK_sub5_v2_t1 loading model C:\Users\Israel Luis\Documents\GitHub\GoalOptimized\Database\sub5\model\model_rajagopal2022_sub5.osim
[2026-01-28 13:58:41.631] [info] Updating Model file from 40000 to latest format...
[2026-01-28 13:58:41.648] [info] Loaded model 14_scaled_rajagopal2022 from file C:\Users\Israel Luis\Documents\GitHub\GoalOptimized\Database\sub5\model\model_rajagopal2022_sub5.osim
[2026-01-28 13:58:41.648] [warning] Couldn't find file 'r_pelvis.vtp'.
[2026-01-28 13:58:41.648] [warning] Couldn't find file 'l_pelvis.vtp'.
[2026-01-28 13:58:41.648] [warning] Couldn't find file 'sacrum.vtp'.
[2026-01-28 13:58:41.649] [warning] Couldn't find file 'r_femur.vtp'.
[2026-01-28 13:58:41.649] [warning] Couldn't find file 'r_tibia.vtp'.
[2026-01-28 13:58:41.649] [warning] Couldn't find file 'r_fibula.vtp'.
[2026-01-28 13:58:41.649] [warning] Couldn't find file 'r_patella.vtp'.
[2026-01-28 13:58:41.649] [warning] Couldn't find file 'r_talus.vtp'.
[2026-01-28 13:58:41.649] [warning] Couldn't find file 'r_foot.vtp'.
[2026-01-28 13:58:41.649] [warning] Couldn't find file 'r_bofoot.vtp'.
[2026-01-28 13:58:41.649] [warning] Couldn't find file 'l_femur.vtp'.
[2026-01-28 13:58:41.649] [warning] Couldn't find file 'l_tibia.vtp'.
[2026-01-28 13:58:41.649] [warning] Couldn't find file 'l_fibula.vtp'.
[2026-01-28 13:58:41.649] [warning] Couldn't find file 'l_patella.vtp'.
[2026-01-28 13:58:41.649] [warning] Couldn't find file 'l_talus.vtp'.
[2026-01-28 13:58:41.649] [warning] Couldn't find file 'l_foot.vtp'.
[2026-01-28 13:58:41.649] [warning] Couldn't find file 'l_bofoot.vtp'.
[2026-01-28 13:58:41.649] [warning] Couldn't find file 'hat_spine.vtp'.
[2026-01-28 13:58:41.649] [warning] Couldn't find file 'hat_jaw.vtp'.
[2026-01-28 13:58:41.649] [warning] Couldn't find file 'hat_skull.vtp'.
[2026-01-28 13:58:41.649] [warning] Couldn't find file 'hat_ribs_scap.vtp'.
[2026-01-28 13:58:41.649] [warning] Couldn't find file 'humerus_rv.vtp'.
[2026-01-28 13:58:41.649] [warning] Couldn't find file 'ulna_rv.vtp'.
[2026-01-28 13:58:41.649] [warning] Couldn't find file 'radius_rv.vtp'.
[2026-01-28 13:58:41.649] [warning] Couldn't find file 'pisiform_rvs.vtp'.
[2026-01-28 13:58:41.649] [warning] Couldn't find file 'lunate_rvs.vtp'.
[2026-01-28 13:58:41.649] [warning] Couldn't find file 'scaphoid_rvs.vtp'.
[2026-01-28 13:58:41.649] [warning] Couldn't find file 'triquetrum_rvs.vtp'.
[2026-01-28 13:58:41.649] [warning] Couldn't find file 'hamate_rvs.vtp'.
[2026-01-28 13:58:41.649] [warning] Couldn't find file 'capitate_rvs.vtp'.
[2026-01-28 13:58:41.649] [warning] Couldn't find file 'trapezoid_rvs.vtp'.
[2026-01-28 13:58:41.650] [warning] Couldn't find file 'trapezium_rvs.vtp'.
[2026-01-28 13:58:41.650] [warning] Couldn't find file 'metacarpal2_rvs.vtp'.
[2026-01-28 13:58:41.650] [warning] Couldn't find file 'index_proximal_rvs.vtp'.
[2026-01-28 13:58:41.650] [warning] Couldn't find file 'index_medial_rvs.vtp'.
[2026-01-28 13:58:41.650] [warning] Couldn't find file 'index_distal_rvs.vtp'.
[2026-01-28 13:58:41.650] [warning] Couldn't find file 'metacarpal3_rvs.vtp'.
[2026-01-28 13:58:41.650] [warning] Couldn't find file 'middle_proximal_rvs.vtp'.
[2026-01-28 13:58:41.650] [warning] Couldn't find file 'middle_medial_rvs.vtp'.
[2026-01-28 13:58:41.650] [warning] Couldn't find file 'middle_distal_rvs.vtp'.
[2026-01-28 13:58:41.650] [warning] Couldn't find file 'metacarpal4_rvs.vtp'.
[2026-01-28 13:58:41.650] [warning] Couldn't find file 'ring_proximal_rvs.vtp'.
[2026-01-28 13:58:41.650] [warning] Couldn't find file 'ring_medial_rvs.vtp'.
[2026-01-28 13:58:41.650] [warning] Couldn't find file 'ring_distal_rvs.vtp'.
[2026-01-28 13:58:41.650] [warning] Couldn't find file 'metacarpal5_rvs.vtp'.
[2026-01-28 13:58:41.650] [warning] Couldn't find file 'little_proximal_rvs.vtp'.
[2026-01-28 13:58:41.650] [warning] Couldn't find file 'little_medial_rvs.vtp'.
[2026-01-28 13:58:41.650] [warning] Couldn't find file 'little_distal_rvs.vtp'.
[2026-01-28 13:58:41.650] [warning] Couldn't find file 'metacarpal1_rvs.vtp'.
[2026-01-28 13:58:41.650] [warning] Couldn't find file 'thumb_proximal_rvs.vtp'.
[2026-01-28 13:58:41.650] [warning] Couldn't find file 'thumb_distal_rvs.vtp'.
[2026-01-28 13:58:41.650] [warning] Couldn't find file 'humerus_lv.vtp'.
[2026-01-28 13:58:41.650] [warning] Couldn't find file 'ulna_lv.vtp'.
[2026-01-28 13:58:41.650] [warning] Couldn't find file 'radius_lv.vtp'.
[2026-01-28 13:58:41.650] [warning] Couldn't find file 'pisiform_lvs.vtp'.
[2026-01-28 13:58:41.650] [warning] Couldn't find file 'lunate_lvs.vtp'.
[2026-01-28 13:58:41.650] [warning] Couldn't find file 'scaphoid_lvs.vtp'.
[2026-01-28 13:58:41.650] [warning] Couldn't find file 'triquetrum_lvs.vtp'.
[2026-01-28 13:58:41.650] [warning] Couldn't find file 'hamate_lvs.vtp'.
[2026-01-28 13:58:41.650] [warning] Couldn't find file 'capitate_lvs.vtp'.
[2026-01-28 13:58:41.650] [warning] Couldn't find file 'trapezoid_lvs.vtp'.
[2026-01-28 13:58:41.651] [warning] Couldn't find file 'trapezium_lvs.vtp'.
[2026-01-28 13:58:41.651] [warning] Couldn't find file 'metacarpal2_lvs.vtp'.
[2026-01-28 13:58:41.651] [warning] Couldn't find file 'index_proximal_lvs.vtp'.
[2026-01-28 13:58:41.651] [warning] Couldn't find file 'index_medial_lvs.vtp'.
[2026-01-28 13:58:41.651] [warning] Couldn't find file 'index_distal_lvs.vtp'.
[2026-01-28 13:58:41.651] [warning] Couldn't find file 'metacarpal3_lvs.vtp'.
[2026-01-28 13:58:41.651] [warning] Couldn't find file 'middle_proximal_lvs.vtp'.
[2026-01-28 13:58:41.651] [warning] Couldn't find file 'middle_medial_lvs.vtp'.
[2026-01-28 13:58:41.651] [warning] Couldn't find file 'middle_distal_lvs.vtp'.
[2026-01-28 13:58:41.651] [warning] Couldn't find file 'metacarpal4_lvs.vtp'.
[2026-01-28 13:58:41.651] [warning] Couldn't find file 'ring_proximal_lvs.vtp'.
[2026-01-28 13:58:41.651] [warning] Couldn't find file 'ring_medial_lvs.vtp'.
[2026-01-28 13:58:41.651] [warning] Couldn't find file 'ring_distal_lvs.vtp'.
[2026-01-28 13:58:41.651] [warning] Couldn't find file 'metacarpal5_lvs.vtp'.
[2026-01-28 13:58:41.651] [warning] Couldn't find file 'little_proximal_lvs.vtp'.
[2026-01-28 13:58:41.651] [warning] Couldn't find file 'little_medial_lvs.vtp'.
[2026-01-28 13:58:41.651] [warning] Couldn't find file 'little_distal_lvs.vtp'.
[2026-01-28 13:58:41.651] [warning] Couldn't find file 'metacarpal1_lvs.vtp'.
[2026-01-28 13:58:41.651] [warning] Couldn't find file 'thumb_proximal_lvs.vtp'.
[2026-01-28 13:58:41.651] [warning] Couldn't find file 'thumb_distal_lvs.vtp'.
[2026-01-28 13:58:41.656] [info] No external loads will be applied (external loads file not specified).
[2026-01-28 13:58:41.667] [info] Loading coordinates from file 'C:\Users\Israel Luis\Documents\GitHub\GoalOptimized\Database\sub5\IK\IK_sub5_v2_t1.mot'.
[2026-01-28 13:58:41.667] [info] Storage: read data file = C:\Users\Israel Luis\Documents\GitHub\GoalOptimized\Database\sub5\IK\IK_sub5_v2_t1.mot (nr=112 nc=40)
[2026-01-28 13:58:42.238] [info] Found 112 state vectors with time stamps ranging from 0.25 to 1.36.
[2026-01-28 13:58:42.238] [info] Executing the analyses from 0.25 to 1.36...
[2026-01-28 13:58:46.218] [info] Printing results of investigation IK_sub5_v2_t1 to C:\Users\Israel Luis\Documents\GitHub\GoalOptimized\ProjectResults\DSE\sub5\v2_t1\Je0\MuscleAnalysis
[2026-01-29 09:33:47.968] [info] Updating Model file from 40000 to latest format...
[2026-01-29 09:33:47.987] [info] Loaded model 1_scaled_rajagopal2022 from file C:\Users\Israel Luis\Documents\GitHub\GoalOptimized\Database\sub1\model\model_rajagopal2022_sub1.osim
[2026-01-29 09:33:47.987] [warning] Couldn't find file 'r_pelvis.vtp'.
[2026-01-29 09:33:47.987] [warning] Couldn't find file 'l_pelvis.vtp'.
[2026-01-29 09:33:47.987] [warning] Couldn't find file 'sacrum.vtp'.
[2026-01-29 09:33:47.987] [warning] Couldn't find file 'r_femur.vtp'.
[2026-01-29 09:33:47.987] [warning] Couldn't find file 'r_tibia.vtp'.
[2026-01-29 09:33:47.987] [warning] Couldn't find file 'r_fibula.vtp'.
[2026-01-29 09:33:47.987] [warning] Couldn't find file 'r_patella.vtp'.
[2026-01-29 09:33:47.987] [warning] Couldn't find file 'r_talus.vtp'.
[2026-01-29 09:33:47.987] [warning] Couldn't find file 'r_foot.vtp'.
[2026-01-29 09:33:47.988] [warning] Couldn't find file 'r_bofoot.vtp'.
[2026-01-29 09:33:47.988] [warning] Couldn't find file 'l_femur.vtp'.
[2026-01-29 09:33:47.988] [warning] Couldn't find file 'l_tibia.vtp'.
[2026-01-29 09:33:47.988] [warning] Couldn't find file 'l_fibula.vtp'.
[2026-01-29 09:33:47.988] [warning] Couldn't find file 'l_patella.vtp'.
[2026-01-29 09:33:47.988] [warning] Couldn't find file 'l_talus.vtp'.
[2026-01-29 09:33:47.988] [warning] Couldn't find file 'l_foot.vtp'.
[2026-01-29 09:33:47.988] [warning] Couldn't find file 'l_bofoot.vtp'.
[2026-01-29 09:33:47.988] [warning] Couldn't find file 'hat_spine.vtp'.
[2026-01-29 09:33:47.988] [warning] Couldn't find file 'hat_jaw.vtp'.
[2026-01-29 09:33:47.988] [warning] Couldn't find file 'hat_skull.vtp'.
[2026-01-29 09:33:47.988] [warning] Couldn't find file 'hat_ribs_scap.vtp'.
[2026-01-29 09:33:47.988] [warning] Couldn't find file 'humerus_rv.vtp'.
[2026-01-29 09:33:47.988] [warning] Couldn't find file 'ulna_rv.vtp'.
[2026-01-29 09:33:47.988] [warning] Couldn't find file 'radius_rv.vtp'.
[2026-01-29 09:33:47.988] [warning] Couldn't find file 'pisiform_rvs.vtp'.
[2026-01-29 09:33:47.988] [warning] Couldn't find file 'lunate_rvs.vtp'.
[2026-01-29 09:33:47.988] [warning] Couldn't find file 'scaphoid_rvs.vtp'.
[2026-01-29 09:33:47.988] [warning] Couldn't find file 'triquetrum_rvs.vtp'.
[2026-01-29 09:33:47.988] [warning] Couldn't find file 'hamate_rvs.vtp'.
[2026-01-29 09:33:47.988] [warning] Couldn't find file 'capitate_rvs.vtp'.
[2026-01-29 09:33:47.988] [warning] Couldn't find file 'trapezoid_rvs.vtp'.
[2026-01-29 09:33:47.988] [warning] Couldn't find file 'trapezium_rvs.vtp'.
[2026-01-29 09:33:47.988] [warning] Couldn't find file 'metacarpal2_rvs.vtp'.
[2026-01-29 09:33:47.988] [warning] Couldn't find file 'index_proximal_rvs.vtp'.
[2026-01-29 09:33:47.988] [warning] Couldn't find file 'index_medial_rvs.vtp'.
[2026-01-29 09:33:47.988] [warning] Couldn't find file 'index_distal_rvs.vtp'.
[2026-01-29 09:33:47.989] [warning] Couldn't find file 'metacarpal3_rvs.vtp'.
[2026-01-29 09:33:47.989] [warning] Couldn't find file 'middle_proximal_rvs.vtp'.
[2026-01-29 09:33:47.989] [warning] Couldn't find file 'middle_medial_rvs.vtp'.
[2026-01-29 09:33:47.989] [warning] Couldn't find file 'middle_distal_rvs.vtp'.
[2026-01-29 09:33:47.989] [warning] Couldn't find file 'metacarpal4_rvs.vtp'.
[2026-01-29 09:33:47.989] [warning] Couldn't find file 'ring_proximal_rvs.vtp'.
[2026-01-29 09:33:47.989] [warning] Couldn't find file 'ring_medial_rvs.vtp'.
[2026-01-29 09:33:47.989] [warning] Couldn't find file 'ring_distal_rvs.vtp'.
[2026-01-29 09:33:47.989] [warning] Couldn't find file 'metacarpal5_rvs.vtp'.
[2026-01-29 09:33:47.989] [warning] Couldn't find file 'little_proximal_rvs.vtp'.
[2026-01-29 09:33:47.989] [warning] Couldn't find file 'little_medial_rvs.vtp'.
[2026-01-29 09:33:47.989] [warning] Couldn't find file 'little_distal_rvs.vtp'.
[2026-01-29 09:33:47.989] [warning] Couldn't find file 'metacarpal1_rvs.vtp'.
[2026-01-29 09:33:47.989] [warning] Couldn't find file 'thumb_proximal_rvs.vtp'.
[2026-01-29 09:33:47.989] [warning] Couldn't find file 'thumb_distal_rvs.vtp'.
[2026-01-29 09:33:47.989] [warning] Couldn't find file 'humerus_lv.vtp'.
[2026-01-29 09:33:47.989] [warning] Couldn't find file 'ulna_lv.vtp'.
[2026-01-29 09:33:47.989] [warning] Couldn't find file 'radius_lv.vtp'.
[2026-01-29 09:33:47.989] [warning] Couldn't find file 'pisiform_lvs.vtp'.
[2026-01-29 09:33:47.989] [warning] Couldn't find file 'lunate_lvs.vtp'.
[2026-01-29 09:33:47.989] [warning] Couldn't find file 'scaphoid_lvs.vtp'.
[2026-01-29 09:33:47.989] [warning] Couldn't find file 'triquetrum_lvs.vtp'.
[2026-01-29 09:33:47.989] [warning] Couldn't find file 'hamate_lvs.vtp'.
[2026-01-29 09:33:47.989] [warning] Couldn't find file 'capitate_lvs.vtp'.
[2026-01-29 09:33:47.989] [warning] Couldn't find file 'trapezoid_lvs.vtp'.
[2026-01-29 09:33:47.989] [warning] Couldn't find file 'trapezium_lvs.vtp'.
[2026-01-29 09:33:47.989] [warning] Couldn't find file 'metacarpal2_lvs.vtp'.
[2026-01-29 09:33:47.989] [warning] Couldn't find file 'index_proximal_lvs.vtp'.
[2026-01-29 09:33:47.990] [warning] Couldn't find file 'index_medial_lvs.vtp'.
[2026-01-29 09:33:47.990] [warning] Couldn't find file 'index_distal_lvs.vtp'.
[2026-01-29 09:33:47.990] [warning] Couldn't find file 'metacarpal3_lvs.vtp'.
[2026-01-29 09:33:47.990] [warning] Couldn't find file 'middle_proximal_lvs.vtp'.
[2026-01-29 09:33:47.990] [warning] Couldn't find file 'middle_medial_lvs.vtp'.
[2026-01-29 09:33:47.990] [warning] Couldn't find file 'middle_distal_lvs.vtp'.
[2026-01-29 09:33:47.990] [warning] Couldn't find file 'metacarpal4_lvs.vtp'.
[2026-01-29 09:33:47.990] [warning] Couldn't find file 'ring_proximal_lvs.vtp'.
[2026-01-29 09:33:47.990] [warning] Couldn't find file 'ring_medial_lvs.vtp'.
[2026-01-29 09:33:47.990] [warning] Couldn't find file 'ring_distal_lvs.vtp'.
[2026-01-29 09:33:47.990] [warning] Couldn't find file 'metacarpal5_lvs.vtp'.
[2026-01-29 09:33:47.990] [warning] Couldn't find file 'little_proximal_lvs.vtp'.
[2026-01-29 09:33:47.990] [warning] Couldn't find file 'little_medial_lvs.vtp'.
[2026-01-29 09:33:47.990] [warning] Couldn't find file 'little_distal_lvs.vtp'.
[2026-01-29 09:33:47.990] [warning] Couldn't find file 'metacarpal1_lvs.vtp'.
[2026-01-29 09:33:47.990] [warning] Couldn't find file 'thumb_proximal_lvs.vtp'.
[2026-01-29 09:33:47.990] [warning] Couldn't find file 'thumb_distal_lvs.vtp'.
[2026-01-29 09:33:48.003] [info] AbstractTool IK_sub1_v2_t1 loading model C:\Users\Israel Luis\Documents\GitHub\GoalOptimized\Database\sub1\model\model_rajagopal2022_sub1.osim
[2026-01-29 09:33:48.017] [info] Updating Model file from 40000 to latest format...
[2026-01-29 09:33:48.035] [info] Loaded model 1_scaled_rajagopal2022 from file C:\Users\Israel Luis\Documents\GitHub\GoalOptimized\Database\sub1\model\model_rajagopal2022_sub1.osim
[2026-01-29 09:33:48.035] [warning] Couldn't find file 'r_pelvis.vtp'.
[2026-01-29 09:33:48.035] [warning] Couldn't find file 'l_pelvis.vtp'.
[2026-01-29 09:33:48.035] [warning] Couldn't find file 'sacrum.vtp'.
[2026-01-29 09:33:48.035] [warning] Couldn't find file 'r_femur.vtp'.
[2026-01-29 09:33:48.035] [warning] Couldn't find file 'r_tibia.vtp'.
[2026-01-29 09:33:48.035] [warning] Couldn't find file 'r_fibula.vtp'.
[2026-01-29 09:33:48.036] [warning] Couldn't find file 'r_patella.vtp'.
[2026-01-29 09:33:48.036] [warning] Couldn't find file 'r_talus.vtp'.
[2026-01-29 09:33:48.036] [warning] Couldn't find file 'r_foot.vtp'.
[2026-01-29 09:33:48.036] [warning] Couldn't find file 'r_bofoot.vtp'.
[2026-01-29 09:33:48.036] [warning] Couldn't find file 'l_femur.vtp'.
[2026-01-29 09:33:48.036] [warning] Couldn't find file 'l_tibia.vtp'.
[2026-01-29 09:33:48.036] [warning] Couldn't find file 'l_fibula.vtp'.
[2026-01-29 09:33:48.036] [warning] Couldn't find file 'l_patella.vtp'.
[2026-01-29 09:33:48.036] [warning] Couldn't find file 'l_talus.vtp'.
[2026-01-29 09:33:48.036] [warning] Couldn't find file 'l_foot.vtp'.
[2026-01-29 09:33:48.036] [warning] Couldn't find file 'l_bofoot.vtp'.
[2026-01-29 09:33:48.036] [warning] Couldn't find file 'hat_spine.vtp'.
[2026-01-29 09:33:48.036] [warning] Couldn't find file 'hat_jaw.vtp'.
[2026-01-29 09:33:48.036] [warning] Couldn't find file 'hat_skull.vtp'.
[2026-01-29 09:33:48.036] [warning] Couldn't find file 'hat_ribs_scap.vtp'.
[2026-01-29 09:33:48.036] [warning] Couldn't find file 'humerus_rv.vtp'.
[2026-01-29 09:33:48.036] [warning] Couldn't find file 'ulna_rv.vtp'.
[2026-01-29 09:33:48.036] [warning] Couldn't find file 'radius_rv.vtp'.
[2026-01-29 09:33:48.036] [warning] Couldn't find file 'pisiform_rvs.vtp'.
[2026-01-29 09:33:48.036] [warning] Couldn't find file 'lunate_rvs.vtp'.
[2026-01-29 09:33:48.036] [warning] Couldn't find file 'scaphoid_rvs.vtp'.
[2026-01-29 09:33:48.036] [warning] Couldn't find file 'triquetrum_rvs.vtp'.
[2026-01-29 09:33:48.036] [warning] Couldn't find file 'hamate_rvs.vtp'.
[2026-01-29 09:33:48.036] [warning] Couldn't find file 'capitate_rvs.vtp'.
[2026-01-29 09:33:48.036] [warning] Couldn't find file 'trapezoid_rvs.vtp'.
[2026-01-29 09:33:48.036] [warning] Couldn't find file 'trapezium_rvs.vtp'.
[2026-01-29 09:33:48.036] [warning] Couldn't find file 'metacarpal2_rvs.vtp'.
[2026-01-29 09:33:48.037] [warning] Couldn't find file 'index_proximal_rvs.vtp'.
[2026-01-29 09:33:48.037] [warning] Couldn't find file 'index_medial_rvs.vtp'.
[2026-01-29 09:33:48.037] [warning] Couldn't find file 'index_distal_rvs.vtp'.
[2026-01-29 09:33:48.037] [warning] Couldn't find file 'metacarpal3_rvs.vtp'.
[2026-01-29 09:33:48.037] [warning] Couldn't find file 'middle_proximal_rvs.vtp'.
[2026-01-29 09:33:48.037] [warning] Couldn't find file 'middle_medial_rvs.vtp'.
[2026-01-29 09:33:48.037] [warning] Couldn't find file 'middle_distal_rvs.vtp'.
[2026-01-29 09:33:48.037] [warning] Couldn't find file 'metacarpal4_rvs.vtp'.
[2026-01-29 09:33:48.037] [warning] Couldn't find file 'ring_proximal_rvs.vtp'.
[2026-01-29 09:33:48.037] [warning] Couldn't find file 'ring_medial_rvs.vtp'.
[2026-01-29 09:33:48.037] [warning] Couldn't find file 'ring_distal_rvs.vtp'.
[2026-01-29 09:33:48.037] [warning] Couldn't find file 'metacarpal5_rvs.vtp'.
[2026-01-29 09:33:48.037] [warning] Couldn't find file 'little_proximal_rvs.vtp'.
[2026-01-29 09:33:48.037] [warning] Couldn't find file 'little_medial_rvs.vtp'.
[2026-01-29 09:33:48.037] [warning] Couldn't find file 'little_distal_rvs.vtp'.
[2026-01-29 09:33:48.037] [warning] Couldn't find file 'metacarpal1_rvs.vtp'.
[2026-01-29 09:33:48.037] [warning] Couldn't find file 'thumb_proximal_rvs.vtp'.
[2026-01-29 09:33:48.037] [warning] Couldn't find file 'thumb_distal_rvs.vtp'.
[2026-01-29 09:33:48.037] [warning] Couldn't find file 'humerus_lv.vtp'.
[2026-01-29 09:33:48.037] [warning] Couldn't find file 'ulna_lv.vtp'.
[2026-01-29 09:33:48.037] [warning] Couldn't find file 'radius_lv.vtp'.
[2026-01-29 09:33:48.037] [warning] Couldn't find file 'pisiform_lvs.vtp'.
[2026-01-29 09:33:48.037] [warning] Couldn't find file 'lunate_lvs.vtp'.
[2026-01-29 09:33:48.037] [warning] Couldn't find file 'scaphoid_lvs.vtp'.
[2026-01-29 09:33:48.037] [warning] Couldn't find file 'triquetrum_lvs.vtp'.
[2026-01-29 09:33:48.037] [warning] Couldn't find file 'hamate_lvs.vtp'.
[2026-01-29 09:33:48.037] [warning] Couldn't find file 'capitate_lvs.vtp'.
[2026-01-29 09:33:48.037] [warning] Couldn't find file 'trapezoid_lvs.vtp'.
[2026-01-29 09:33:48.037] [warning] Couldn't find file 'trapezium_lvs.vtp'.
[2026-01-29 09:33:48.038] [warning] Couldn't find file 'metacarpal2_lvs.vtp'.
[2026-01-29 09:33:48.038] [warning] Couldn't find file 'index_proximal_lvs.vtp'.
[2026-01-29 09:33:48.038] [warning] Couldn't find file 'index_medial_lvs.vtp'.
[2026-01-29 09:33:48.038] [warning] Couldn't find file 'index_distal_lvs.vtp'.
[2026-01-29 09:33:48.038] [warning] Couldn't find file 'metacarpal3_lvs.vtp'.
[2026-01-29 09:33:48.038] [warning] Couldn't find file 'middle_proximal_lvs.vtp'.
[2026-01-29 09:33:48.038] [warning] Couldn't find file 'middle_medial_lvs.vtp'.
[2026-01-29 09:33:48.038] [warning] Couldn't find file 'middle_distal_lvs.vtp'.
[2026-01-29 09:33:48.038] [warning] Couldn't find file 'metacarpal4_lvs.vtp'.
[2026-01-29 09:33:48.038] [warning] Couldn't find file 'ring_proximal_lvs.vtp'.
[2026-01-29 09:33:48.038] [warning] Couldn't find file 'ring_medial_lvs.vtp'.
[2026-01-29 09:33:48.038] [warning] Couldn't find file 'ring_distal_lvs.vtp'.
[2026-01-29 09:33:48.038] [warning] Couldn't find file 'metacarpal5_lvs.vtp'.
[2026-01-29 09:33:48.038] [warning] Couldn't find file 'little_proximal_lvs.vtp'.
[2026-01-29 09:33:48.038] [warning] Couldn't find file 'little_medial_lvs.vtp'.
[2026-01-29 09:33:48.038] [warning] Couldn't find file 'little_distal_lvs.vtp'.
[2026-01-29 09:33:48.038] [warning] Couldn't find file 'metacarpal1_lvs.vtp'.
[2026-01-29 09:33:48.038] [warning] Couldn't find file 'thumb_proximal_lvs.vtp'.
[2026-01-29 09:33:48.038] [warning] Couldn't find file 'thumb_distal_lvs.vtp'.
[2026-01-29 09:33:48.043] [info] No external loads will be applied (external loads file not specified).
[2026-01-29 09:33:48.055] [info] Loading coordinates from file 'C:\Users\Israel Luis\Documents\GitHub\GoalOptimized\Database\sub1\IK\IK_sub1_v2_t1.mot'.
[2026-01-29 09:33:48.055] [info] Storage: read data file = C:\Users\Israel Luis\Documents\GitHub\GoalOptimized\Database\sub1\IK\IK_sub1_v2_t1.mot (nr=119 nc=40)
[2026-01-29 09:33:48.631] [info] Found 119 state vectors with time stamps ranging from 0.57 to 1.75.
[2026-01-29 09:33:48.631] [info] Executing the analyses from 0.57 to 1.75...
[2026-01-29 09:33:52.957] [info] Printing results of investigation IK_sub1_v2_t1 to C:\Users\Israel Luis\Documents\GitHub\GoalOptimized\ProjectResults\DSE\sub1\v2_t1\Je\MuscleAnalysis
[2026-01-29 09:35:14.022] [info] Updating Model file from 40000 to latest format...
[2026-01-29 09:35:14.040] [info] Loaded model 1_scaled_rajagopal2022 from file C:\Users\Israel Luis\Documents\GitHub\GoalOptimized\Database\sub1\model\model_rajagopal2022_sub1.osim
[2026-01-29 09:35:14.040] [warning] Couldn't find file 'r_pelvis.vtp'.
[2026-01-29 09:35:14.040] [warning] Couldn't find file 'l_pelvis.vtp'.
[2026-01-29 09:35:14.040] [warning] Couldn't find file 'sacrum.vtp'.
[2026-01-29 09:35:14.040] [warning] Couldn't find file 'r_femur.vtp'.
[2026-01-29 09:35:14.040] [warning] Couldn't find file 'r_tibia.vtp'.
[2026-01-29 09:35:14.040] [warning] Couldn't find file 'r_fibula.vtp'.
[2026-01-29 09:35:14.041] [warning] Couldn't find file 'r_patella.vtp'.
[2026-01-29 09:35:14.041] [warning] Couldn't find file 'r_talus.vtp'.
[2026-01-29 09:35:14.041] [warning] Couldn't find file 'r_foot.vtp'.
[2026-01-29 09:35:14.041] [warning] Couldn't find file 'r_bofoot.vtp'.
[2026-01-29 09:35:14.041] [warning] Couldn't find file 'l_femur.vtp'.
[2026-01-29 09:35:14.041] [warning] Couldn't find file 'l_tibia.vtp'.
[2026-01-29 09:35:14.041] [warning] Couldn't find file 'l_fibula.vtp'.
[2026-01-29 09:35:14.041] [warning] Couldn't find file 'l_patella.vtp'.
[2026-01-29 09:35:14.041] [warning] Couldn't find file 'l_talus.vtp'.
[2026-01-29 09:35:14.041] [warning] Couldn't find file 'l_foot.vtp'.
[2026-01-29 09:35:14.041] [warning] Couldn't find file 'l_bofoot.vtp'.
[2026-01-29 09:35:14.041] [warning] Couldn't find file 'hat_spine.vtp'.
[2026-01-29 09:35:14.041] [warning] Couldn't find file 'hat_jaw.vtp'.
[2026-01-29 09:35:14.041] [warning] Couldn't find file 'hat_skull.vtp'.
[2026-01-29 09:35:14.041] [warning] Couldn't find file 'hat_ribs_scap.vtp'.
[2026-01-29 09:35:14.041] [warning] Couldn't find file 'humerus_rv.vtp'.
[2026-01-29 09:35:14.041] [warning] Couldn't find file 'ulna_rv.vtp'.
[2026-01-29 09:35:14.041] [warning] Couldn't find file 'radius_rv.vtp'.
[2026-01-29 09:35:14.041] [warning] Couldn't find file 'pisiform_rvs.vtp'.
[2026-01-29 09:35:14.041] [warning] Couldn't find file 'lunate_rvs.vtp'.
[2026-01-29 09:35:14.041] [warning] Couldn't find file 'scaphoid_rvs.vtp'.
[2026-01-29 09:35:14.041] [warning] Couldn't find file 'triquetrum_rvs.vtp'.
[2026-01-29 09:35:14.041] [warning] Couldn't find file 'hamate_rvs.vtp'.
[2026-01-29 09:35:14.041] [warning] Couldn't find file 'capitate_rvs.vtp'.
[2026-01-29 09:35:14.041] [warning] Couldn't find file 'trapezoid_rvs.vtp'.
[2026-01-29 09:35:14.041] [warning] Couldn't find file 'trapezium_rvs.vtp'.
[2026-01-29 09:35:14.041] [warning] Couldn't find file 'metacarpal2_rvs.vtp'.
[2026-01-29 09:35:14.042] [warning] Couldn't find file 'index_proximal_rvs.vtp'.
[2026-01-29 09:35:14.042] [warning] Couldn't find file 'index_medial_rvs.vtp'.
[2026-01-29 09:35:14.042] [warning] Couldn't find file 'index_distal_rvs.vtp'.
[2026-01-29 09:35:14.042] [warning] Couldn't find file 'metacarpal3_rvs.vtp'.
[2026-01-29 09:35:14.042] [warning] Couldn't find file 'middle_proximal_rvs.vtp'.
[2026-01-29 09:35:14.042] [warning] Couldn't find file 'middle_medial_rvs.vtp'.
[2026-01-29 09:35:14.042] [warning] Couldn't find file 'middle_distal_rvs.vtp'.
[2026-01-29 09:35:14.042] [warning] Couldn't find file 'metacarpal4_rvs.vtp'.
[2026-01-29 09:35:14.042] [warning] Couldn't find file 'ring_proximal_rvs.vtp'.
[2026-01-29 09:35:14.042] [warning] Couldn't find file 'ring_medial_rvs.vtp'.
[2026-01-29 09:35:14.042] [warning] Couldn't find file 'ring_distal_rvs.vtp'.
[2026-01-29 09:35:14.042] [warning] Couldn't find file 'metacarpal5_rvs.vtp'.
[2026-01-29 09:35:14.042] [warning] Couldn't find file 'little_proximal_rvs.vtp'.
[2026-01-29 09:35:14.042] [warning] Couldn't find file 'little_medial_rvs.vtp'.
[2026-01-29 09:35:14.042] [warning] Couldn't find file 'little_distal_rvs.vtp'.
[2026-01-29 09:35:14.042] [warning] Couldn't find file 'metacarpal1_rvs.vtp'.
[2026-01-29 09:35:14.042] [warning] Couldn't find file 'thumb_proximal_rvs.vtp'.
[2026-01-29 09:35:14.042] [warning] Couldn't find file 'thumb_distal_rvs.vtp'.
[2026-01-29 09:35:14.042] [warning] Couldn't find file 'humerus_lv.vtp'.
[2026-01-29 09:35:14.042] [warning] Couldn't find file 'ulna_lv.vtp'.
[2026-01-29 09:35:14.042] [warning] Couldn't find file 'radius_lv.vtp'.
[2026-01-29 09:35:14.042] [warning] Couldn't find file 'pisiform_lvs.vtp'.
[2026-01-29 09:35:14.042] [warning] Couldn't find file 'lunate_lvs.vtp'.
[2026-01-29 09:35:14.042] [warning] Couldn't find file 'scaphoid_lvs.vtp'.
[2026-01-29 09:35:14.042] [warning] Couldn't find file 'triquetrum_lvs.vtp'.
[2026-01-29 09:35:14.042] [warning] Couldn't find file 'hamate_lvs.vtp'.
[2026-01-29 09:35:14.042] [warning] Couldn't find file 'capitate_lvs.vtp'.
[2026-01-29 09:35:14.043] [warning] Couldn't find file 'trapezoid_lvs.vtp'.
[2026-01-29 09:35:14.043] [warning] Couldn't find file 'trapezium_lvs.vtp'.
[2026-01-29 09:35:14.043] [warning] Couldn't find file 'metacarpal2_lvs.vtp'.
[2026-01-29 09:35:14.043] [warning] Couldn't find file 'index_proximal_lvs.vtp'.
[2026-01-29 09:35:14.043] [warning] Couldn't find file 'index_medial_lvs.vtp'.
[2026-01-29 09:35:14.043] [warning] Couldn't find file 'index_distal_lvs.vtp'.
[2026-01-29 09:35:14.043] [warning] Couldn't find file 'metacarpal3_lvs.vtp'.
[2026-01-29 09:35:14.043] [warning] Couldn't find file 'middle_proximal_lvs.vtp'.
[2026-01-29 09:35:14.043] [warning] Couldn't find file 'middle_medial_lvs.vtp'.
[2026-01-29 09:35:14.043] [warning] Couldn't find file 'middle_distal_lvs.vtp'.
[2026-01-29 09:35:14.043] [warning] Couldn't find file 'metacarpal4_lvs.vtp'.
[2026-01-29 09:35:14.043] [warning] Couldn't find file 'ring_proximal_lvs.vtp'.
[2026-01-29 09:35:14.043] [warning] Couldn't find file 'ring_medial_lvs.vtp'.
[2026-01-29 09:35:14.043] [warning] Couldn't find file 'ring_distal_lvs.vtp'.
[2026-01-29 09:35:14.043] [warning] Couldn't find file 'metacarpal5_lvs.vtp'.
[2026-01-29 09:35:14.043] [warning] Couldn't find file 'little_proximal_lvs.vtp'.
[2026-01-29 09:35:14.043] [warning] Couldn't find file 'little_medial_lvs.vtp'.
[2026-01-29 09:35:14.043] [warning] Couldn't find file 'little_distal_lvs.vtp'.
[2026-01-29 09:35:14.043] [warning] Couldn't find file 'metacarpal1_lvs.vtp'.
[2026-01-29 09:35:14.043] [warning] Couldn't find file 'thumb_proximal_lvs.vtp'.
[2026-01-29 09:35:14.043] [warning] Couldn't find file 'thumb_distal_lvs.vtp'.
[2026-01-29 09:35:14.048] [info] AbstractTool IK_sub1_v2_t1 loading model C:\Users\Israel Luis\Documents\GitHub\GoalOptimized\Database\sub1\model\model_rajagopal2022_sub1.osim
[2026-01-29 09:35:14.062] [info] Updating Model file from 40000 to latest format...
[2026-01-29 09:35:14.079] [info] Loaded model 1_scaled_rajagopal2022 from file C:\Users\Israel Luis\Documents\GitHub\GoalOptimized\Database\sub1\model\model_rajagopal2022_sub1.osim
[2026-01-29 09:35:14.080] [warning] Couldn't find file 'r_pelvis.vtp'.
[2026-01-29 09:35:14.080] [warning] Couldn't find file 'l_pelvis.vtp'.
[2026-01-29 09:35:14.080] [warning] Couldn't find file 'sacrum.vtp'.
[2026-01-29 09:35:14.080] [warning] Couldn't find file 'r_femur.vtp'.
[2026-01-29 09:35:14.080] [warning] Couldn't find file 'r_tibia.vtp'.
[2026-01-29 09:35:14.080] [warning] Couldn't find file 'r_fibula.vtp'.
[2026-01-29 09:35:14.080] [warning] Couldn't find file 'r_patella.vtp'.
[2026-01-29 09:35:14.080] [warning] Couldn't find file 'r_talus.vtp'.
[2026-01-29 09:35:14.080] [warning] Couldn't find file 'r_foot.vtp'.
[2026-01-29 09:35:14.080] [warning] Couldn't find file 'r_bofoot.vtp'.
[2026-01-29 09:35:14.080] [warning] Couldn't find file 'l_femur.vtp'.
[2026-01-29 09:35:14.080] [warning] Couldn't find file 'l_tibia.vtp'.
[2026-01-29 09:35:14.080] [warning] Couldn't find file 'l_fibula.vtp'.
[2026-01-29 09:35:14.080] [warning] Couldn't find file 'l_patella.vtp'.
[2026-01-29 09:35:14.080] [warning] Couldn't find file 'l_talus.vtp'.
[2026-01-29 09:35:14.080] [warning] Couldn't find file 'l_foot.vtp'.
[2026-01-29 09:35:14.080] [warning] Couldn't find file 'l_bofoot.vtp'.
[2026-01-29 09:35:14.080] [warning] Couldn't find file 'hat_spine.vtp'.
[2026-01-29 09:35:14.080] [warning] Couldn't find file 'hat_jaw.vtp'.
[2026-01-29 09:35:14.080] [warning] Couldn't find file 'hat_skull.vtp'.
[2026-01-29 09:35:14.080] [warning] Couldn't find file 'hat_ribs_scap.vtp'.
[2026-01-29 09:35:14.081] [warning] Couldn't find file 'humerus_rv.vtp'.
[2026-01-29 09:35:14.081] [warning] Couldn't find file 'ulna_rv.vtp'.
[2026-01-29 09:35:14.081] [warning] Couldn't find file 'radius_rv.vtp'.
[2026-01-29 09:35:14.081] [warning] Couldn't find file 'pisiform_rvs.vtp'.
[2026-01-29 09:35:14.081] [warning] Couldn't find file 'lunate_rvs.vtp'.
[2026-01-29 09:35:14.081] [warning] Couldn't find file 'scaphoid_rvs.vtp'.
[2026-01-29 09:35:14.081] [warning] Couldn't find file 'triquetrum_rvs.vtp'.
[2026-01-29 09:35:14.081] [warning] Couldn't find file 'hamate_rvs.vtp'.
[2026-01-29 09:35:14.081] [warning] Couldn't find file 'capitate_rvs.vtp'.
[2026-01-29 09:35:14.081] [warning] Couldn't find file 'trapezoid_rvs.vtp'.
[2026-01-29 09:35:14.081] [warning] Couldn't find file 'trapezium_rvs.vtp'.
[2026-01-29 09:35:14.081] [warning] Couldn't find file 'metacarpal2_rvs.vtp'.
[2026-01-29 09:35:14.081] [warning] Couldn't find file 'index_proximal_rvs.vtp'.
[2026-01-29 09:35:14.081] [warning] Couldn't find file 'index_medial_rvs.vtp'.
[2026-01-29 09:35:14.081] [warning] Couldn't find file 'index_distal_rvs.vtp'.
[2026-01-29 09:35:14.081] [warning] Couldn't find file 'metacarpal3_rvs.vtp'.
[2026-01-29 09:35:14.081] [warning] Couldn't find file 'middle_proximal_rvs.vtp'.
[2026-01-29 09:35:14.081] [warning] Couldn't find file 'middle_medial_rvs.vtp'.
[2026-01-29 09:35:14.081] [warning] Couldn't find file 'middle_distal_rvs.vtp'.
[2026-01-29 09:35:14.081] [warning] Couldn't find file 'metacarpal4_rvs.vtp'.
[2026-01-29 09:35:14.081] [warning] Couldn't find file 'ring_proximal_rvs.vtp'.
[2026-01-29 09:35:14.081] [warning] Couldn't find file 'ring_medial_rvs.vtp'.
[2026-01-29 09:35:14.081] [warning] Couldn't find file 'ring_distal_rvs.vtp'.
[2026-01-29 09:35:14.081] [warning] Couldn't find file 'metacarpal5_rvs.vtp'.
[2026-01-29 09:35:14.081] [warning] Couldn't find file 'little_proximal_rvs.vtp'.
[2026-01-29 09:35:14.081] [warning] Couldn't find file 'little_medial_rvs.vtp'.
[2026-01-29 09:35:14.081] [warning] Couldn't find file 'little_distal_rvs.vtp'.
[2026-01-29 09:35:14.081] [warning] Couldn't find file 'metacarpal1_rvs.vtp'.
[2026-01-29 09:35:14.082] [warning] Couldn't find file 'thumb_proximal_rvs.vtp'.
[2026-01-29 09:35:14.082] [warning] Couldn't find file 'thumb_distal_rvs.vtp'.
[2026-01-29 09:35:14.082] [warning] Couldn't find file 'humerus_lv.vtp'.
[2026-01-29 09:35:14.082] [warning] Couldn't find file 'ulna_lv.vtp'.
[2026-01-29 09:35:14.082] [warning] Couldn't find file 'radius_lv.vtp'.
[2026-01-29 09:35:14.082] [warning] Couldn't find file 'pisiform_lvs.vtp'.
[2026-01-29 09:35:14.082] [warning] Couldn't find file 'lunate_lvs.vtp'.
[2026-01-29 09:35:14.082] [warning] Couldn't find file 'scaphoid_lvs.vtp'.
[2026-01-29 09:35:14.082] [warning] Couldn't find file 'triquetrum_lvs.vtp'.
[2026-01-29 09:35:14.082] [warning] Couldn't find file 'hamate_lvs.vtp'.
[2026-01-29 09:35:14.082] [warning] Couldn't find file 'capitate_lvs.vtp'.
[2026-01-29 09:35:14.082] [warning] Couldn't find file 'trapezoid_lvs.vtp'.
[2026-01-29 09:35:14.082] [warning] Couldn't find file 'trapezium_lvs.vtp'.
[2026-01-29 09:35:14.082] [warning] Couldn't find file 'metacarpal2_lvs.vtp'.
[2026-01-29 09:35:14.082] [warning] Couldn't find file 'index_proximal_lvs.vtp'.
[2026-01-29 09:35:14.082] [warning] Couldn't find file 'index_medial_lvs.vtp'.
[2026-01-29 09:35:14.082] [warning] Couldn't find file 'index_distal_lvs.vtp'.
[2026-01-29 09:35:14.082] [warning] Couldn't find file 'metacarpal3_lvs.vtp'.
[2026-01-29 09:35:14.082] [warning] Couldn't find file 'middle_proximal_lvs.vtp'.
[2026-01-29 09:35:14.082] [warning] Couldn't find file 'middle_medial_lvs.vtp'.
[2026-01-29 09:35:14.082] [warning] Couldn't find file 'middle_distal_lvs.vtp'.
[2026-01-29 09:35:14.082] [warning] Couldn't find file 'metacarpal4_lvs.vtp'.
[2026-01-29 09:35:14.082] [warning] Couldn't find file 'ring_proximal_lvs.vtp'.
[2026-01-29 09:35:14.082] [warning] Couldn't find file 'ring_medial_lvs.vtp'.
[2026-01-29 09:35:14.082] [warning] Couldn't find file 'ring_distal_lvs.vtp'.
[2026-01-29 09:35:14.082] [warning] Couldn't find file 'metacarpal5_lvs.vtp'.
[2026-01-29 09:35:14.082] [warning] Couldn't find file 'little_proximal_lvs.vtp'.
[2026-01-29 09:35:14.082] [warning] Couldn't find file 'little_medial_lvs.vtp'.
[2026-01-29 09:35:14.083] [warning] Couldn't find file 'little_distal_lvs.vtp'.
[2026-01-29 09:35:14.083] [warning] Couldn't find file 'metacarpal1_lvs.vtp'.
[2026-01-29 09:35:14.083] [warning] Couldn't find file 'thumb_proximal_lvs.vtp'.
[2026-01-29 09:35:14.083] [warning] Couldn't find file 'thumb_distal_lvs.vtp'.
[2026-01-29 09:35:14.088] [info] No external loads will be applied (external loads file not specified).
[2026-01-29 09:35:14.099] [info] Loading coordinates from file 'C:\Users\Israel Luis\Documents\GitHub\GoalOptimized\Database\sub1\IK\IK_sub1_v2_t1.mot'.
[2026-01-29 09:35:14.099] [info] Storage: read data file = C:\Users\Israel Luis\Documents\GitHub\GoalOptimized\Database\sub1\IK\IK_sub1_v2_t1.mot (nr=119 nc=40)
[2026-01-29 09:35:14.687] [info] Found 119 state vectors with time stamps ranging from 0.57 to 1.75.
[2026-01-29 09:35:14.687] [info] Executing the analyses from 0.57 to 1.75...
[2026-01-29 09:35:19.039] [info] Printing results of investigation IK_sub1_v2_t1 to C:\Users\Israel Luis\Documents\GitHub\GoalOptimized\ProjectResults\DSE\sub1\v2_t1\Je\MuscleAnalysis
[2026-01-29 09:36:21.302] [info] Updating Model file from 40000 to latest format...
[2026-01-29 09:36:21.320] [info] Loaded model 1_scaled_rajagopal2022 from file C:\Users\Israel Luis\Documents\GitHub\GoalOptimized\Database\sub1\model\model_rajagopal2022_sub1.osim
[2026-01-29 09:36:21.320] [warning] Couldn't find file 'r_pelvis.vtp'.
[2026-01-29 09:36:21.320] [warning] Couldn't find file 'l_pelvis.vtp'.
[2026-01-29 09:36:21.320] [warning] Couldn't find file 'sacrum.vtp'.
[2026-01-29 09:36:21.320] [warning] Couldn't find file 'r_femur.vtp'.
[2026-01-29 09:36:21.320] [warning] Couldn't find file 'r_tibia.vtp'.
[2026-01-29 09:36:21.320] [warning] Couldn't find file 'r_fibula.vtp'.
[2026-01-29 09:36:21.321] [warning] Couldn't find file 'r_patella.vtp'.
[2026-01-29 09:36:21.321] [warning] Couldn't find file 'r_talus.vtp'.
[2026-01-29 09:36:21.321] [warning] Couldn't find file 'r_foot.vtp'.
[2026-01-29 09:36:21.321] [warning] Couldn't find file 'r_bofoot.vtp'.
[2026-01-29 09:36:21.321] [warning] Couldn't find file 'l_femur.vtp'.
[2026-01-29 09:36:21.321] [warning] Couldn't find file 'l_tibia.vtp'.
[2026-01-29 09:36:21.321] [warning] Couldn't find file 'l_fibula.vtp'.
[2026-01-29 09:36:21.321] [warning] Couldn't find file 'l_patella.vtp'.
[2026-01-29 09:36:21.321] [warning] Couldn't find file 'l_talus.vtp'.
[2026-01-29 09:36:21.321] [warning] Couldn't find file 'l_foot.vtp'.
[2026-01-29 09:36:21.321] [warning] Couldn't find file 'l_bofoot.vtp'.
[2026-01-29 09:36:21.321] [warning] Couldn't find file 'hat_spine.vtp'.
[2026-01-29 09:36:21.321] [warning] Couldn't find file 'hat_jaw.vtp'.
[2026-01-29 09:36:21.321] [warning] Couldn't find file 'hat_skull.vtp'.
[2026-01-29 09:36:21.321] [warning] Couldn't find file 'hat_ribs_scap.vtp'.
[2026-01-29 09:36:21.321] [warning] Couldn't find file 'humerus_rv.vtp'.
[2026-01-29 09:36:21.321] [warning] Couldn't find file 'ulna_rv.vtp'.
[2026-01-29 09:36:21.321] [warning] Couldn't find file 'radius_rv.vtp'.
[2026-01-29 09:36:21.321] [warning] Couldn't find file 'pisiform_rvs.vtp'.
[2026-01-29 09:36:21.321] [warning] Couldn't find file 'lunate_rvs.vtp'.
[2026-01-29 09:36:21.321] [warning] Couldn't find file 'scaphoid_rvs.vtp'.
[2026-01-29 09:36:21.321] [warning] Couldn't find file 'triquetrum_rvs.vtp'.
[2026-01-29 09:36:21.321] [warning] Couldn't find file 'hamate_rvs.vtp'.
[2026-01-29 09:36:21.321] [warning] Couldn't find file 'capitate_rvs.vtp'.
[2026-01-29 09:36:21.321] [warning] Couldn't find file 'trapezoid_rvs.vtp'.
[2026-01-29 09:36:21.321] [warning] Couldn't find file 'trapezium_rvs.vtp'.
[2026-01-29 09:36:21.322] [warning] Couldn't find file 'metacarpal2_rvs.vtp'.
[2026-01-29 09:36:21.322] [warning] Couldn't find file 'index_proximal_rvs.vtp'.
[2026-01-29 09:36:21.322] [warning] Couldn't find file 'index_medial_rvs.vtp'.
[2026-01-29 09:36:21.322] [warning] Couldn't find file 'index_distal_rvs.vtp'.
[2026-01-29 09:36:21.322] [warning] Couldn't find file 'metacarpal3_rvs.vtp'.
[2026-01-29 09:36:21.322] [warning] Couldn't find file 'middle_proximal_rvs.vtp'.
[2026-01-29 09:36:21.322] [warning] Couldn't find file 'middle_medial_rvs.vtp'.
[2026-01-29 09:36:21.322] [warning] Couldn't find file 'middle_distal_rvs.vtp'.
[2026-01-29 09:36:21.322] [warning] Couldn't find file 'metacarpal4_rvs.vtp'.
[2026-01-29 09:36:21.322] [warning] Couldn't find file 'ring_proximal_rvs.vtp'.
[2026-01-29 09:36:21.322] [warning] Couldn't find file 'ring_medial_rvs.vtp'.
[2026-01-29 09:36:21.322] [warning] Couldn't find file 'ring_distal_rvs.vtp'.
[2026-01-29 09:36:21.322] [warning] Couldn't find file 'metacarpal5_rvs.vtp'.
[2026-01-29 09:36:21.322] [warning] Couldn't find file 'little_proximal_rvs.vtp'.
[2026-01-29 09:36:21.322] [warning] Couldn't find file 'little_medial_rvs.vtp'.
[2026-01-29 09:36:21.322] [warning] Couldn't find file 'little_distal_rvs.vtp'.
[2026-01-29 09:36:21.322] [warning] Couldn't find file 'metacarpal1_rvs.vtp'.
[2026-01-29 09:36:21.322] [warning] Couldn't find file 'thumb_proximal_rvs.vtp'.
[2026-01-29 09:36:21.322] [warning] Couldn't find file 'thumb_distal_rvs.vtp'.
[2026-01-29 09:36:21.322] [warning] Couldn't find file 'humerus_lv.vtp'.
[2026-01-29 09:36:21.322] [warning] Couldn't find file 'ulna_lv.vtp'.
[2026-01-29 09:36:21.322] [warning] Couldn't find file 'radius_lv.vtp'.
[2026-01-29 09:36:21.322] [warning] Couldn't find file 'pisiform_lvs.vtp'.
[2026-01-29 09:36:21.322] [warning] Couldn't find file 'lunate_lvs.vtp'.
[2026-01-29 09:36:21.322] [warning] Couldn't find file 'scaphoid_lvs.vtp'.
[2026-01-29 09:36:21.322] [warning] Couldn't find file 'triquetrum_lvs.vtp'.
[2026-01-29 09:36:21.322] [warning] Couldn't find file 'hamate_lvs.vtp'.
[2026-01-29 09:36:21.322] [warning] Couldn't find file 'capitate_lvs.vtp'.
[2026-01-29 09:36:21.322] [warning] Couldn't find file 'trapezoid_lvs.vtp'.
[2026-01-29 09:36:21.323] [warning] Couldn't find file 'trapezium_lvs.vtp'.
[2026-01-29 09:36:21.323] [warning] Couldn't find file 'metacarpal2_lvs.vtp'.
[2026-01-29 09:36:21.323] [warning] Couldn't find file 'index_proximal_lvs.vtp'.
[2026-01-29 09:36:21.323] [warning] Couldn't find file 'index_medial_lvs.vtp'.
[2026-01-29 09:36:21.323] [warning] Couldn't find file 'index_distal_lvs.vtp'.
[2026-01-29 09:36:21.323] [warning] Couldn't find file 'metacarpal3_lvs.vtp'.
[2026-01-29 09:36:21.323] [warning] Couldn't find file 'middle_proximal_lvs.vtp'.
[2026-01-29 09:36:21.323] [warning] Couldn't find file 'middle_medial_lvs.vtp'.
[2026-01-29 09:36:21.323] [warning] Couldn't find file 'middle_distal_lvs.vtp'.
[2026-01-29 09:36:21.323] [warning] Couldn't find file 'metacarpal4_lvs.vtp'.
[2026-01-29 09:36:21.323] [warning] Couldn't find file 'ring_proximal_lvs.vtp'.
[2026-01-29 09:36:21.323] [warning] Couldn't find file 'ring_medial_lvs.vtp'.
[2026-01-29 09:36:21.323] [warning] Couldn't find file 'ring_distal_lvs.vtp'.
[2026-01-29 09:36:21.323] [warning] Couldn't find file 'metacarpal5_lvs.vtp'.
[2026-01-29 09:36:21.323] [warning] Couldn't find file 'little_proximal_lvs.vtp'.
[2026-01-29 09:36:21.323] [warning] Couldn't find file 'little_medial_lvs.vtp'.
[2026-01-29 09:36:21.323] [warning] Couldn't find file 'little_distal_lvs.vtp'.
[2026-01-29 09:36:21.323] [warning] Couldn't find file 'metacarpal1_lvs.vtp'.
[2026-01-29 09:36:21.323] [warning] Couldn't find file 'thumb_proximal_lvs.vtp'.
[2026-01-29 09:36:21.323] [warning] Couldn't find file 'thumb_distal_lvs.vtp'.
[2026-01-29 09:36:21.328] [info] AbstractTool IK_sub1_v2_t1 loading model C:\Users\Israel Luis\Documents\GitHub\GoalOptimized\Database\sub1\model\model_rajagopal2022_sub1.osim
[2026-01-29 09:36:21.341] [info] Updating Model file from 40000 to latest format...
[2026-01-29 09:36:21.358] [info] Loaded model 1_scaled_rajagopal2022 from file C:\Users\Israel Luis\Documents\GitHub\GoalOptimized\Database\sub1\model\model_rajagopal2022_sub1.osim
[2026-01-29 09:36:21.359] [warning] Couldn't find file 'r_pelvis.vtp'.
[2026-01-29 09:36:21.359] [warning] Couldn't find file 'l_pelvis.vtp'.
[2026-01-29 09:36:21.359] [warning] Couldn't find file 'sacrum.vtp'.
[2026-01-29 09:36:21.359] [warning] Couldn't find file 'r_femur.vtp'.
[2026-01-29 09:36:21.359] [warning] Couldn't find file 'r_tibia.vtp'.
[2026-01-29 09:36:21.359] [warning] Couldn't find file 'r_fibula.vtp'.
[2026-01-29 09:36:21.359] [warning] Couldn't find file 'r_patella.vtp'.
[2026-01-29 09:36:21.359] [warning] Couldn't find file 'r_talus.vtp'.
[2026-01-29 09:36:21.359] [warning] Couldn't find file 'r_foot.vtp'.
[2026-01-29 09:36:21.359] [warning] Couldn't find file 'r_bofoot.vtp'.
[2026-01-29 09:36:21.359] [warning] Couldn't find file 'l_femur.vtp'.
[2026-01-29 09:36:21.359] [warning] Couldn't find file 'l_tibia.vtp'.
[2026-01-29 09:36:21.359] [warning] Couldn't find file 'l_fibula.vtp'.
[2026-01-29 09:36:21.359] [warning] Couldn't find file 'l_patella.vtp'.
[2026-01-29 09:36:21.359] [warning] Couldn't find file 'l_talus.vtp'.
[2026-01-29 09:36:21.359] [warning] Couldn't find file 'l_foot.vtp'.
[2026-01-29 09:36:21.359] [warning] Couldn't find file 'l_bofoot.vtp'.
[2026-01-29 09:36:21.359] [warning] Couldn't find file 'hat_spine.vtp'.
[2026-01-29 09:36:21.359] [warning] Couldn't find file 'hat_jaw.vtp'.
[2026-01-29 09:36:21.359] [warning] Couldn't find file 'hat_skull.vtp'.
[2026-01-29 09:36:21.359] [warning] Couldn't find file 'hat_ribs_scap.vtp'.
[2026-01-29 09:36:21.360] [warning] Couldn't find file 'humerus_rv.vtp'.
[2026-01-29 09:36:21.360] [warning] Couldn't find file 'ulna_rv.vtp'.
[2026-01-29 09:36:21.360] [warning] Couldn't find file 'radius_rv.vtp'.
[2026-01-29 09:36:21.360] [warning] Couldn't find file 'pisiform_rvs.vtp'.
[2026-01-29 09:36:21.360] [warning] Couldn't find file 'lunate_rvs.vtp'.
[2026-01-29 09:36:21.360] [warning] Couldn't find file 'scaphoid_rvs.vtp'.
[2026-01-29 09:36:21.360] [warning] Couldn't find file 'triquetrum_rvs.vtp'.
[2026-01-29 09:36:21.360] [warning] Couldn't find file 'hamate_rvs.vtp'.
[2026-01-29 09:36:21.360] [warning] Couldn't find file 'capitate_rvs.vtp'.
[2026-01-29 09:36:21.360] [warning] Couldn't find file 'trapezoid_rvs.vtp'.
[2026-01-29 09:36:21.360] [warning] Couldn't find file 'trapezium_rvs.vtp'.
[2026-01-29 09:36:21.360] [warning] Couldn't find file 'metacarpal2_rvs.vtp'.
[2026-01-29 09:36:21.360] [warning] Couldn't find file 'index_proximal_rvs.vtp'.
[2026-01-29 09:36:21.360] [warning] Couldn't find file 'index_medial_rvs.vtp'.
[2026-01-29 09:36:21.360] [warning] Couldn't find file 'index_distal_rvs.vtp'.
[2026-01-29 09:36:21.360] [warning] Couldn't find file 'metacarpal3_rvs.vtp'.
[2026-01-29 09:36:21.360] [warning] Couldn't find file 'middle_proximal_rvs.vtp'.
[2026-01-29 09:36:21.360] [warning] Couldn't find file 'middle_medial_rvs.vtp'.
[2026-01-29 09:36:21.360] [warning] Couldn't find file 'middle_distal_rvs.vtp'.
[2026-01-29 09:36:21.360] [warning] Couldn't find file 'metacarpal4_rvs.vtp'.
[2026-01-29 09:36:21.360] [warning] Couldn't find file 'ring_proximal_rvs.vtp'.
[2026-01-29 09:36:21.360] [warning] Couldn't find file 'ring_medial_rvs.vtp'.
[2026-01-29 09:36:21.360] [warning] Couldn't find file 'ring_distal_rvs.vtp'.
[2026-01-29 09:36:21.360] [warning] Couldn't find file 'metacarpal5_rvs.vtp'.
[2026-01-29 09:36:21.360] [warning] Couldn't find file 'little_proximal_rvs.vtp'.
[2026-01-29 09:36:21.360] [warning] Couldn't find file 'little_medial_rvs.vtp'.
[2026-01-29 09:36:21.360] [warning] Couldn't find file 'little_distal_rvs.vtp'.
[2026-01-29 09:36:21.360] [warning] Couldn't find file 'metacarpal1_rvs.vtp'.
[2026-01-29 09:36:21.360] [warning] Couldn't find file 'thumb_proximal_rvs.vtp'.
[2026-01-29 09:36:21.361] [warning] Couldn't find file 'thumb_distal_rvs.vtp'.
[2026-01-29 09:36:21.361] [warning] Couldn't find file 'humerus_lv.vtp'.
[2026-01-29 09:36:21.361] [warning] Couldn't find file 'ulna_lv.vtp'.
[2026-01-29 09:36:21.361] [warning] Couldn't find file 'radius_lv.vtp'.
[2026-01-29 09:36:21.361] [warning] Couldn't find file 'pisiform_lvs.vtp'.
[2026-01-29 09:36:21.361] [warning] Couldn't find file 'lunate_lvs.vtp'.
[2026-01-29 09:36:21.361] [warning] Couldn't find file 'scaphoid_lvs.vtp'.
[2026-01-29 09:36:21.361] [warning] Couldn't find file 'triquetrum_lvs.vtp'.
[2026-01-29 09:36:21.361] [warning] Couldn't find file 'hamate_lvs.vtp'.
[2026-01-29 09:36:21.361] [warning] Couldn't find file 'capitate_lvs.vtp'.
[2026-01-29 09:36:21.361] [warning] Couldn't find file 'trapezoid_lvs.vtp'.
[2026-01-29 09:36:21.361] [warning] Couldn't find file 'trapezium_lvs.vtp'.
[2026-01-29 09:36:21.361] [warning] Couldn't find file 'metacarpal2_lvs.vtp'.
[2026-01-29 09:36:21.361] [warning] Couldn't find file 'index_proximal_lvs.vtp'.
[2026-01-29 09:36:21.361] [warning] Couldn't find file 'index_medial_lvs.vtp'.
[2026-01-29 09:36:21.361] [warning] Couldn't find file 'index_distal_lvs.vtp'.
[2026-01-29 09:36:21.361] [warning] Couldn't find file 'metacarpal3_lvs.vtp'.
[2026-01-29 09:36:21.361] [warning] Couldn't find file 'middle_proximal_lvs.vtp'.
[2026-01-29 09:36:21.361] [warning] Couldn't find file 'middle_medial_lvs.vtp'.
[2026-01-29 09:36:21.361] [warning] Couldn't find file 'middle_distal_lvs.vtp'.
[2026-01-29 09:36:21.361] [warning] Couldn't find file 'metacarpal4_lvs.vtp'.
[2026-01-29 09:36:21.361] [warning] Couldn't find file 'ring_proximal_lvs.vtp'.
[2026-01-29 09:36:21.361] [warning] Couldn't find file 'ring_medial_lvs.vtp'.
[2026-01-29 09:36:21.361] [warning] Couldn't find file 'ring_distal_lvs.vtp'.
[2026-01-29 09:36:21.361] [warning] Couldn't find file 'metacarpal5_lvs.vtp'.
[2026-01-29 09:36:21.361] [warning] Couldn't find file 'little_proximal_lvs.vtp'.
[2026-01-29 09:36:21.361] [warning] Couldn't find file 'little_medial_lvs.vtp'.
[2026-01-29 09:36:21.361] [warning] Couldn't find file 'little_distal_lvs.vtp'.
[2026-01-29 09:36:21.362] [warning] Couldn't find file 'metacarpal1_lvs.vtp'.
[2026-01-29 09:36:21.362] [warning] Couldn't find file 'thumb_proximal_lvs.vtp'.
[2026-01-29 09:36:21.362] [warning] Couldn't find file 'thumb_distal_lvs.vtp'.
[2026-01-29 09:36:21.367] [info] No external loads will be applied (external loads file not specified).
[2026-01-29 09:36:21.377] [info] Loading coordinates from file 'C:\Users\Israel Luis\Documents\GitHub\GoalOptimized\Database\sub1\IK\IK_sub1_v2_t1.mot'.
[2026-01-29 09:36:21.377] [info] Storage: read data file = C:\Users\Israel Luis\Documents\GitHub\GoalOptimized\Database\sub1\IK\IK_sub1_v2_t1.mot (nr=119 nc=40)
[2026-01-29 09:36:21.955] [info] Found 119 state vectors with time stamps ranging from 0.57 to 1.75.
[2026-01-29 09:36:21.955] [info] Executing the analyses from 0.57 to 1.75...
[2026-01-29 09:36:26.252] [info] Printing results of investigation IK_sub1_v2_t1 to C:\Users\Israel Luis\Documents\GitHub\GoalOptimized\ProjectResults\DSE\sub1\v2_t1\Je\MuscleAnalysis
[2026-01-29 09:37:28.732] [info] Updating Model file from 40000 to latest format...
[2026-01-29 09:37:28.750] [info] Loaded model 1_scaled_rajagopal2022 from file C:\Users\Israel Luis\Documents\GitHub\GoalOptimized\Database\sub1\model\model_rajagopal2022_sub1.osim
[2026-01-29 09:37:28.750] [warning] Couldn't find file 'r_pelvis.vtp'.
[2026-01-29 09:37:28.750] [warning] Couldn't find file 'l_pelvis.vtp'.
[2026-01-29 09:37:28.750] [warning] Couldn't find file 'sacrum.vtp'.
[2026-01-29 09:37:28.750] [warning] Couldn't find file 'r_femur.vtp'.
[2026-01-29 09:37:28.750] [warning] Couldn't find file 'r_tibia.vtp'.
[2026-01-29 09:37:28.750] [warning] Couldn't find file 'r_fibula.vtp'.
[2026-01-29 09:37:28.750] [warning] Couldn't find file 'r_patella.vtp'.
[2026-01-29 09:37:28.750] [warning] Couldn't find file 'r_talus.vtp'.
[2026-01-29 09:37:28.750] [warning] Couldn't find file 'r_foot.vtp'.
[2026-01-29 09:37:28.750] [warning] Couldn't find file 'r_bofoot.vtp'.
[2026-01-29 09:37:28.750] [warning] Couldn't find file 'l_femur.vtp'.
[2026-01-29 09:37:28.750] [warning] Couldn't find file 'l_tibia.vtp'.
[2026-01-29 09:37:28.750] [warning] Couldn't find file 'l_fibula.vtp'.
[2026-01-29 09:37:28.750] [warning] Couldn't find file 'l_patella.vtp'.
[2026-01-29 09:37:28.750] [warning] Couldn't find file 'l_talus.vtp'.
[2026-01-29 09:37:28.750] [warning] Couldn't find file 'l_foot.vtp'.
[2026-01-29 09:37:28.750] [warning] Couldn't find file 'l_bofoot.vtp'.
[2026-01-29 09:37:28.750] [warning] Couldn't find file 'hat_spine.vtp'.
[2026-01-29 09:37:28.751] [warning] Couldn't find file 'hat_jaw.vtp'.
[2026-01-29 09:37:28.751] [warning] Couldn't find file 'hat_skull.vtp'.
[2026-01-29 09:37:28.751] [warning] Couldn't find file 'hat_ribs_scap.vtp'.
[2026-01-29 09:37:28.751] [warning] Couldn't find file 'humerus_rv.vtp'.
[2026-01-29 09:37:28.751] [warning] Couldn't find file 'ulna_rv.vtp'.
[2026-01-29 09:37:28.751] [warning] Couldn't find file 'radius_rv.vtp'.
[2026-01-29 09:37:28.751] [warning] Couldn't find file 'pisiform_rvs.vtp'.
[2026-01-29 09:37:28.751] [warning] Couldn't find file 'lunate_rvs.vtp'.
[2026-01-29 09:37:28.751] [warning] Couldn't find file 'scaphoid_rvs.vtp'.
[2026-01-29 09:37:28.751] [warning] Couldn't find file 'triquetrum_rvs.vtp'.
[2026-01-29 09:37:28.751] [warning] Couldn't find file 'hamate_rvs.vtp'.
[2026-01-29 09:37:28.751] [warning] Couldn't find file 'capitate_rvs.vtp'.
[2026-01-29 09:37:28.751] [warning] Couldn't find file 'trapezoid_rvs.vtp'.
[2026-01-29 09:37:28.751] [warning] Couldn't find file 'trapezium_rvs.vtp'.
[2026-01-29 09:37:28.751] [warning] Couldn't find file 'metacarpal2_rvs.vtp'.
[2026-01-29 09:37:28.751] [warning] Couldn't find file 'index_proximal_rvs.vtp'.
[2026-01-29 09:37:28.751] [warning] Couldn't find file 'index_medial_rvs.vtp'.
[2026-01-29 09:37:28.751] [warning] Couldn't find file 'index_distal_rvs.vtp'.
[2026-01-29 09:37:28.751] [warning] Couldn't find file 'metacarpal3_rvs.vtp'.
[2026-01-29 09:37:28.751] [warning] Couldn't find file 'middle_proximal_rvs.vtp'.
[2026-01-29 09:37:28.751] [warning] Couldn't find file 'middle_medial_rvs.vtp'.
[2026-01-29 09:37:28.751] [warning] Couldn't find file 'middle_distal_rvs.vtp'.
[2026-01-29 09:37:28.751] [warning] Couldn't find file 'metacarpal4_rvs.vtp'.
[2026-01-29 09:37:28.751] [warning] Couldn't find file 'ring_proximal_rvs.vtp'.
[2026-01-29 09:37:28.751] [warning] Couldn't find file 'ring_medial_rvs.vtp'.
[2026-01-29 09:37:28.751] [warning] Couldn't find file 'ring_distal_rvs.vtp'.
[2026-01-29 09:37:28.751] [warning] Couldn't find file 'metacarpal5_rvs.vtp'.
[2026-01-29 09:37:28.751] [warning] Couldn't find file 'little_proximal_rvs.vtp'.
[2026-01-29 09:37:28.752] [warning] Couldn't find file 'little_medial_rvs.vtp'.
[2026-01-29 09:37:28.752] [warning] Couldn't find file 'little_distal_rvs.vtp'.
[2026-01-29 09:37:28.752] [warning] Couldn't find file 'metacarpal1_rvs.vtp'.
[2026-01-29 09:37:28.752] [warning] Couldn't find file 'thumb_proximal_rvs.vtp'.
[2026-01-29 09:37:28.752] [warning] Couldn't find file 'thumb_distal_rvs.vtp'.
[2026-01-29 09:37:28.752] [warning] Couldn't find file 'humerus_lv.vtp'.
[2026-01-29 09:37:28.752] [warning] Couldn't find file 'ulna_lv.vtp'.
[2026-01-29 09:37:28.752] [warning] Couldn't find file 'radius_lv.vtp'.
[2026-01-29 09:37:28.752] [warning] Couldn't find file 'pisiform_lvs.vtp'.
[2026-01-29 09:37:28.752] [warning] Couldn't find file 'lunate_lvs.vtp'.
[2026-01-29 09:37:28.752] [warning] Couldn't find file 'scaphoid_lvs.vtp'.
[2026-01-29 09:37:28.752] [warning] Couldn't find file 'triquetrum_lvs.vtp'.
[2026-01-29 09:37:28.752] [warning] Couldn't find file 'hamate_lvs.vtp'.
[2026-01-29 09:37:28.752] [warning] Couldn't find file 'capitate_lvs.vtp'.
[2026-01-29 09:37:28.752] [warning] Couldn't find file 'trapezoid_lvs.vtp'.
[2026-01-29 09:37:28.752] [warning] Couldn't find file 'trapezium_lvs.vtp'.
[2026-01-29 09:37:28.752] [warning] Couldn't find file 'metacarpal2_lvs.vtp'.
[2026-01-29 09:37:28.752] [warning] Couldn't find file 'index_proximal_lvs.vtp'.
[2026-01-29 09:37:28.752] [warning] Couldn't find file 'index_medial_lvs.vtp'.
[2026-01-29 09:37:28.752] [warning] Couldn't find file 'index_distal_lvs.vtp'.
[2026-01-29 09:37:28.752] [warning] Couldn't find file 'metacarpal3_lvs.vtp'.
[2026-01-29 09:37:28.752] [warning] Couldn't find file 'middle_proximal_lvs.vtp'.
[2026-01-29 09:37:28.752] [warning] Couldn't find file 'middle_medial_lvs.vtp'.
[2026-01-29 09:37:28.752] [warning] Couldn't find file 'middle_distal_lvs.vtp'.
[2026-01-29 09:37:28.752] [warning] Couldn't find file 'metacarpal4_lvs.vtp'.
[2026-01-29 09:37:28.752] [warning] Couldn't find file 'ring_proximal_lvs.vtp'.
[2026-01-29 09:37:28.753] [warning] Couldn't find file 'ring_medial_lvs.vtp'.
[2026-01-29 09:37:28.753] [warning] Couldn't find file 'ring_distal_lvs.vtp'.
[2026-01-29 09:37:28.753] [warning] Couldn't find file 'metacarpal5_lvs.vtp'.
[2026-01-29 09:37:28.753] [warning] Couldn't find file 'little_proximal_lvs.vtp'.
[2026-01-29 09:37:28.753] [warning] Couldn't find file 'little_medial_lvs.vtp'.
[2026-01-29 09:37:28.753] [warning] Couldn't find file 'little_distal_lvs.vtp'.
[2026-01-29 09:37:28.753] [warning] Couldn't find file 'metacarpal1_lvs.vtp'.
[2026-01-29 09:37:28.753] [warning] Couldn't find file 'thumb_proximal_lvs.vtp'.
[2026-01-29 09:37:28.753] [warning] Couldn't find file 'thumb_distal_lvs.vtp'.
[2026-01-29 09:37:28.757] [info] AbstractTool IK_sub1_v2_t1 loading model C:\Users\Israel Luis\Documents\GitHub\GoalOptimized\Database\sub1\model\model_rajagopal2022_sub1.osim
[2026-01-29 09:37:28.771] [info] Updating Model file from 40000 to latest format...
[2026-01-29 09:37:28.788] [info] Loaded model 1_scaled_rajagopal2022 from file C:\Users\Israel Luis\Documents\GitHub\GoalOptimized\Database\sub1\model\model_rajagopal2022_sub1.osim
[2026-01-29 09:37:28.789] [warning] Couldn't find file 'r_pelvis.vtp'.
[2026-01-29 09:37:28.789] [warning] Couldn't find file 'l_pelvis.vtp'.
[2026-01-29 09:37:28.789] [warning] Couldn't find file 'sacrum.vtp'.
[2026-01-29 09:37:28.789] [warning] Couldn't find file 'r_femur.vtp'.
[2026-01-29 09:37:28.789] [warning] Couldn't find file 'r_tibia.vtp'.
[2026-01-29 09:37:28.789] [warning] Couldn't find file 'r_fibula.vtp'.
[2026-01-29 09:37:28.789] [warning] Couldn't find file 'r_patella.vtp'.
[2026-01-29 09:37:28.789] [warning] Couldn't find file 'r_talus.vtp'.
[2026-01-29 09:37:28.789] [warning] Couldn't find file 'r_foot.vtp'.
[2026-01-29 09:37:28.789] [warning] Couldn't find file 'r_bofoot.vtp'.
[2026-01-29 09:37:28.789] [warning] Couldn't find file 'l_femur.vtp'.
[2026-01-29 09:37:28.789] [warning] Couldn't find file 'l_tibia.vtp'.
[2026-01-29 09:37:28.789] [warning] Couldn't find file 'l_fibula.vtp'.
[2026-01-29 09:37:28.789] [warning] Couldn't find file 'l_patella.vtp'.
[2026-01-29 09:37:28.789] [warning] Couldn't find file 'l_talus.vtp'.
[2026-01-29 09:37:28.789] [warning] Couldn't find file 'l_foot.vtp'.
[2026-01-29 09:37:28.789] [warning] Couldn't find file 'l_bofoot.vtp'.
[2026-01-29 09:37:28.789] [warning] Couldn't find file 'hat_spine.vtp'.
[2026-01-29 09:37:28.789] [warning] Couldn't find file 'hat_jaw.vtp'.
[2026-01-29 09:37:28.789] [warning] Couldn't find file 'hat_skull.vtp'.
[2026-01-29 09:37:28.789] [warning] Couldn't find file 'hat_ribs_scap.vtp'.
[2026-01-29 09:37:28.789] [warning] Couldn't find file 'humerus_rv.vtp'.
[2026-01-29 09:37:28.790] [warning] Couldn't find file 'ulna_rv.vtp'.
[2026-01-29 09:37:28.790] [warning] Couldn't find file 'radius_rv.vtp'.
[2026-01-29 09:37:28.790] [warning] Couldn't find file 'pisiform_rvs.vtp'.
[2026-01-29 09:37:28.790] [warning] Couldn't find file 'lunate_rvs.vtp'.
[2026-01-29 09:37:28.790] [warning] Couldn't find file 'scaphoid_rvs.vtp'.
[2026-01-29 09:37:28.790] [warning] Couldn't find file 'triquetrum_rvs.vtp'.
[2026-01-29 09:37:28.790] [warning] Couldn't find file 'hamate_rvs.vtp'.
[2026-01-29 09:37:28.790] [warning] Couldn't find file 'capitate_rvs.vtp'.
[2026-01-29 09:37:28.790] [warning] Couldn't find file 'trapezoid_rvs.vtp'.
[2026-01-29 09:37:28.790] [warning] Couldn't find file 'trapezium_rvs.vtp'.
[2026-01-29 09:37:28.790] [warning] Couldn't find file 'metacarpal2_rvs.vtp'.
[2026-01-29 09:37:28.790] [warning] Couldn't find file 'index_proximal_rvs.vtp'.
[2026-01-29 09:37:28.790] [warning] Couldn't find file 'index_medial_rvs.vtp'.
[2026-01-29 09:37:28.790] [warning] Couldn't find file 'index_distal_rvs.vtp'.
[2026-01-29 09:37:28.790] [warning] Couldn't find file 'metacarpal3_rvs.vtp'.
[2026-01-29 09:37:28.790] [warning] Couldn't find file 'middle_proximal_rvs.vtp'.
[2026-01-29 09:37:28.790] [warning] Couldn't find file 'middle_medial_rvs.vtp'.
[2026-01-29 09:37:28.790] [warning] Couldn't find file 'middle_distal_rvs.vtp'.
[2026-01-29 09:37:28.790] [warning] Couldn't find file 'metacarpal4_rvs.vtp'.
[2026-01-29 09:37:28.790] [warning] Couldn't find file 'ring_proximal_rvs.vtp'.
[2026-01-29 09:37:28.790] [warning] Couldn't find file 'ring_medial_rvs.vtp'.
[2026-01-29 09:37:28.790] [warning] Couldn't find file 'ring_distal_rvs.vtp'.
[2026-01-29 09:37:28.790] [warning] Couldn't find file 'metacarpal5_rvs.vtp'.
[2026-01-29 09:37:28.790] [warning] Couldn't find file 'little_proximal_rvs.vtp'.
[2026-01-29 09:37:28.790] [warning] Couldn't find file 'little_medial_rvs.vtp'.
[2026-01-29 09:37:28.790] [warning] Couldn't find file 'little_distal_rvs.vtp'.
[2026-01-29 09:37:28.790] [warning] Couldn't find file 'metacarpal1_rvs.vtp'.
[2026-01-29 09:37:28.790] [warning] Couldn't find file 'thumb_proximal_rvs.vtp'.
[2026-01-29 09:37:28.791] [warning] Couldn't find file 'thumb_distal_rvs.vtp'.
[2026-01-29 09:37:28.791] [warning] Couldn't find file 'humerus_lv.vtp'.
[2026-01-29 09:37:28.791] [warning] Couldn't find file 'ulna_lv.vtp'.
[2026-01-29 09:37:28.791] [warning] Couldn't find file 'radius_lv.vtp'.
[2026-01-29 09:37:28.791] [warning] Couldn't find file 'pisiform_lvs.vtp'.
[2026-01-29 09:37:28.791] [warning] Couldn't find file 'lunate_lvs.vtp'.
[2026-01-29 09:37:28.791] [warning] Couldn't find file 'scaphoid_lvs.vtp'.
[2026-01-29 09:37:28.791] [warning] Couldn't find file 'triquetrum_lvs.vtp'.
[2026-01-29 09:37:28.791] [warning] Couldn't find file 'hamate_lvs.vtp'.
[2026-01-29 09:37:28.791] [warning] Couldn't find file 'capitate_lvs.vtp'.
[2026-01-29 09:37:28.791] [warning] Couldn't find file 'trapezoid_lvs.vtp'.
[2026-01-29 09:37:28.791] [warning] Couldn't find file 'trapezium_lvs.vtp'.
[2026-01-29 09:37:28.791] [warning] Couldn't find file 'metacarpal2_lvs.vtp'.
[2026-01-29 09:37:28.791] [warning] Couldn't find file 'index_proximal_lvs.vtp'.
[2026-01-29 09:37:28.791] [warning] Couldn't find file 'index_medial_lvs.vtp'.
[2026-01-29 09:37:28.791] [warning] Couldn't find file 'index_distal_lvs.vtp'.
[2026-01-29 09:37:28.791] [warning] Couldn't find file 'metacarpal3_lvs.vtp'.
[2026-01-29 09:37:28.791] [warning] Couldn't find file 'middle_proximal_lvs.vtp'.
[2026-01-29 09:37:28.791] [warning] Couldn't find file 'middle_medial_lvs.vtp'.
[2026-01-29 09:37:28.791] [warning] Couldn't find file 'middle_distal_lvs.vtp'.
[2026-01-29 09:37:28.791] [warning] Couldn't find file 'metacarpal4_lvs.vtp'.
[2026-01-29 09:37:28.791] [warning] Couldn't find file 'ring_proximal_lvs.vtp'.
[2026-01-29 09:37:28.791] [warning] Couldn't find file 'ring_medial_lvs.vtp'.
[2026-01-29 09:37:28.791] [warning] Couldn't find file 'ring_distal_lvs.vtp'.
[2026-01-29 09:37:28.791] [warning] Couldn't find file 'metacarpal5_lvs.vtp'.
[2026-01-29 09:37:28.791] [warning] Couldn't find file 'little_proximal_lvs.vtp'.
[2026-01-29 09:37:28.791] [warning] Couldn't find file 'little_medial_lvs.vtp'.
[2026-01-29 09:37:28.791] [warning] Couldn't find file 'little_distal_lvs.vtp'.
[2026-01-29 09:37:28.791] [warning] Couldn't find file 'metacarpal1_lvs.vtp'.
[2026-01-29 09:37:28.792] [warning] Couldn't find file 'thumb_proximal_lvs.vtp'.
[2026-01-29 09:37:28.792] [warning] Couldn't find file 'thumb_distal_lvs.vtp'.
[2026-01-29 09:37:28.797] [info] No external loads will be applied (external loads file not specified).
[2026-01-29 09:37:28.808] [info] Loading coordinates from file 'C:\Users\Israel Luis\Documents\GitHub\GoalOptimized\Database\sub1\IK\IK_sub1_v2_t1.mot'.
[2026-01-29 09:37:28.808] [info] Storage: read data file = C:\Users\Israel Luis\Documents\GitHub\GoalOptimized\Database\sub1\IK\IK_sub1_v2_t1.mot (nr=119 nc=40)
[2026-01-29 09:37:29.391] [info] Found 119 state vectors with time stamps ranging from 0.57 to 1.75.
[2026-01-29 09:37:29.391] [info] Executing the analyses from 0.57 to 1.75...
[2026-01-29 09:37:33.691] [info] Printing results of investigation IK_sub1_v2_t1 to C:\Users\Israel Luis\Documents\GitHub\GoalOptimized\ProjectResults\DSE\sub1\v2_t1\Je\MuscleAnalysis
[2026-01-29 09:38:35.960] [info] Updating Model file from 40000 to latest format...
[2026-01-29 09:38:35.976] [info] Loaded model 1_scaled_rajagopal2022 from file C:\Users\Israel Luis\Documents\GitHub\GoalOptimized\Database\sub1\model\model_rajagopal2022_sub1.osim
[2026-01-29 09:38:35.977] [warning] Couldn't find file 'r_pelvis.vtp'.
[2026-01-29 09:38:35.977] [warning] Couldn't find file 'l_pelvis.vtp'.
[2026-01-29 09:38:35.977] [warning] Couldn't find file 'sacrum.vtp'.
[2026-01-29 09:38:35.977] [warning] Couldn't find file 'r_femur.vtp'.
[2026-01-29 09:38:35.977] [warning] Couldn't find file 'r_tibia.vtp'.
[2026-01-29 09:38:35.977] [warning] Couldn't find file 'r_fibula.vtp'.
[2026-01-29 09:38:35.977] [warning] Couldn't find file 'r_patella.vtp'.
[2026-01-29 09:38:35.977] [warning] Couldn't find file 'r_talus.vtp'.
[2026-01-29 09:38:35.977] [warning] Couldn't find file 'r_foot.vtp'.
[2026-01-29 09:38:35.977] [warning] Couldn't find file 'r_bofoot.vtp'.
[2026-01-29 09:38:35.977] [warning] Couldn't find file 'l_femur.vtp'.
[2026-01-29 09:38:35.977] [warning] Couldn't find file 'l_tibia.vtp'.
[2026-01-29 09:38:35.977] [warning] Couldn't find file 'l_fibula.vtp'.
[2026-01-29 09:38:35.977] [warning] Couldn't find file 'l_patella.vtp'.
[2026-01-29 09:38:35.977] [warning] Couldn't find file 'l_talus.vtp'.
[2026-01-29 09:38:35.977] [warning] Couldn't find file 'l_foot.vtp'.
[2026-01-29 09:38:35.977] [warning] Couldn't find file 'l_bofoot.vtp'.
[2026-01-29 09:38:35.977] [warning] Couldn't find file 'hat_spine.vtp'.
[2026-01-29 09:38:35.977] [warning] Couldn't find file 'hat_jaw.vtp'.
[2026-01-29 09:38:35.977] [warning] Couldn't find file 'hat_skull.vtp'.
[2026-01-29 09:38:35.977] [warning] Couldn't find file 'hat_ribs_scap.vtp'.
[2026-01-29 09:38:35.977] [warning] Couldn't find file 'humerus_rv.vtp'.
[2026-01-29 09:38:35.977] [warning] Couldn't find file 'ulna_rv.vtp'.
[2026-01-29 09:38:35.978] [warning] Couldn't find file 'radius_rv.vtp'.
[2026-01-29 09:38:35.978] [warning] Couldn't find file 'pisiform_rvs.vtp'.
[2026-01-29 09:38:35.978] [warning] Couldn't find file 'lunate_rvs.vtp'.
[2026-01-29 09:38:35.978] [warning] Couldn't find file 'scaphoid_rvs.vtp'.
[2026-01-29 09:38:35.978] [warning] Couldn't find file 'triquetrum_rvs.vtp'.
[2026-01-29 09:38:35.978] [warning] Couldn't find file 'hamate_rvs.vtp'.
[2026-01-29 09:38:35.978] [warning] Couldn't find file 'capitate_rvs.vtp'.
[2026-01-29 09:38:35.978] [warning] Couldn't find file 'trapezoid_rvs.vtp'.
[2026-01-29 09:38:35.978] [warning] Couldn't find file 'trapezium_rvs.vtp'.
[2026-01-29 09:38:35.978] [warning] Couldn't find file 'metacarpal2_rvs.vtp'.
[2026-01-29 09:38:35.978] [warning] Couldn't find file 'index_proximal_rvs.vtp'.
[2026-01-29 09:38:35.978] [warning] Couldn't find file 'index_medial_rvs.vtp'.
[2026-01-29 09:38:35.978] [warning] Couldn't find file 'index_distal_rvs.vtp'.
[2026-01-29 09:38:35.978] [warning] Couldn't find file 'metacarpal3_rvs.vtp'.
[2026-01-29 09:38:35.978] [warning] Couldn't find file 'middle_proximal_rvs.vtp'.
[2026-01-29 09:38:35.978] [warning] Couldn't find file 'middle_medial_rvs.vtp'.
[2026-01-29 09:38:35.978] [warning] Couldn't find file 'middle_distal_rvs.vtp'.
[2026-01-29 09:38:35.978] [warning] Couldn't find file 'metacarpal4_rvs.vtp'.
[2026-01-29 09:38:35.978] [warning] Couldn't find file 'ring_proximal_rvs.vtp'.
[2026-01-29 09:38:35.978] [warning] Couldn't find file 'ring_medial_rvs.vtp'.
[2026-01-29 09:38:35.978] [warning] Couldn't find file 'ring_distal_rvs.vtp'.
[2026-01-29 09:38:35.978] [warning] Couldn't find file 'metacarpal5_rvs.vtp'.
[2026-01-29 09:38:35.978] [warning] Couldn't find file 'little_proximal_rvs.vtp'.
[2026-01-29 09:38:35.978] [warning] Couldn't find file 'little_medial_rvs.vtp'.
[2026-01-29 09:38:35.978] [warning] Couldn't find file 'little_distal_rvs.vtp'.
[2026-01-29 09:38:35.978] [warning] Couldn't find file 'metacarpal1_rvs.vtp'.
[2026-01-29 09:38:35.978] [warning] Couldn't find file 'thumb_proximal_rvs.vtp'.
[2026-01-29 09:38:35.979] [warning] Couldn't find file 'thumb_distal_rvs.vtp'.
[2026-01-29 09:38:35.979] [warning] Couldn't find file 'humerus_lv.vtp'.
[2026-01-29 09:38:35.979] [warning] Couldn't find file 'ulna_lv.vtp'.
[2026-01-29 09:38:35.979] [warning] Couldn't find file 'radius_lv.vtp'.
[2026-01-29 09:38:35.979] [warning] Couldn't find file 'pisiform_lvs.vtp'.
[2026-01-29 09:38:35.979] [warning] Couldn't find file 'lunate_lvs.vtp'.
[2026-01-29 09:38:35.979] [warning] Couldn't find file 'scaphoid_lvs.vtp'.
[2026-01-29 09:38:35.979] [warning] Couldn't find file 'triquetrum_lvs.vtp'.
[2026-01-29 09:38:35.979] [warning] Couldn't find file 'hamate_lvs.vtp'.
[2026-01-29 09:38:35.979] [warning] Couldn't find file 'capitate_lvs.vtp'.
[2026-01-29 09:38:35.979] [warning] Couldn't find file 'trapezoid_lvs.vtp'.
[2026-01-29 09:38:35.979] [warning] Couldn't find file 'trapezium_lvs.vtp'.
[2026-01-29 09:38:35.979] [warning] Couldn't find file 'metacarpal2_lvs.vtp'.
[2026-01-29 09:38:35.979] [warning] Couldn't find file 'index_proximal_lvs.vtp'.
[2026-01-29 09:38:35.979] [warning] Couldn't find file 'index_medial_lvs.vtp'.
[2026-01-29 09:38:35.979] [warning] Couldn't find file 'index_distal_lvs.vtp'.
[2026-01-29 09:38:35.979] [warning] Couldn't find file 'metacarpal3_lvs.vtp'.
[2026-01-29 09:38:35.979] [warning] Couldn't find file 'middle_proximal_lvs.vtp'.
[2026-01-29 09:38:35.979] [warning] Couldn't find file 'middle_medial_lvs.vtp'.
[2026-01-29 09:38:35.979] [warning] Couldn't find file 'middle_distal_lvs.vtp'.
[2026-01-29 09:38:35.979] [warning] Couldn't find file 'metacarpal4_lvs.vtp'.
[2026-01-29 09:38:35.979] [warning] Couldn't find file 'ring_proximal_lvs.vtp'.
[2026-01-29 09:38:35.979] [warning] Couldn't find file 'ring_medial_lvs.vtp'.
[2026-01-29 09:38:35.979] [warning] Couldn't find file 'ring_distal_lvs.vtp'.
[2026-01-29 09:38:35.979] [warning] Couldn't find file 'metacarpal5_lvs.vtp'.
[2026-01-29 09:38:35.979] [warning] Couldn't find file 'little_proximal_lvs.vtp'.
[2026-01-29 09:38:35.979] [warning] Couldn't find file 'little_medial_lvs.vtp'.
[2026-01-29 09:38:35.979] [warning] Couldn't find file 'little_distal_lvs.vtp'.
[2026-01-29 09:38:35.979] [warning] Couldn't find file 'metacarpal1_lvs.vtp'.
[2026-01-29 09:38:35.980] [warning] Couldn't find file 'thumb_proximal_lvs.vtp'.
[2026-01-29 09:38:35.980] [warning] Couldn't find file 'thumb_distal_lvs.vtp'.
[2026-01-29 09:38:35.986] [info] AbstractTool IK_sub1_v2_t1 loading model C:\Users\Israel Luis\Documents\GitHub\GoalOptimized\Database\sub1\model\model_rajagopal2022_sub1.osim
[2026-01-29 09:38:35.999] [info] Updating Model file from 40000 to latest format...
[2026-01-29 09:38:36.017] [info] Loaded model 1_scaled_rajagopal2022 from file C:\Users\Israel Luis\Documents\GitHub\GoalOptimized\Database\sub1\model\model_rajagopal2022_sub1.osim
[2026-01-29 09:38:36.017] [warning] Couldn't find file 'r_pelvis.vtp'.
[2026-01-29 09:38:36.017] [warning] Couldn't find file 'l_pelvis.vtp'.
[2026-01-29 09:38:36.017] [warning] Couldn't find file 'sacrum.vtp'.
[2026-01-29 09:38:36.017] [warning] Couldn't find file 'r_femur.vtp'.
[2026-01-29 09:38:36.017] [warning] Couldn't find file 'r_tibia.vtp'.
[2026-01-29 09:38:36.017] [warning] Couldn't find file 'r_fibula.vtp'.
[2026-01-29 09:38:36.017] [warning] Couldn't find file 'r_patella.vtp'.
[2026-01-29 09:38:36.017] [warning] Couldn't find file 'r_talus.vtp'.
[2026-01-29 09:38:36.017] [warning] Couldn't find file 'r_foot.vtp'.
[2026-01-29 09:38:36.017] [warning] Couldn't find file 'r_bofoot.vtp'.
[2026-01-29 09:38:36.017] [warning] Couldn't find file 'l_femur.vtp'.
[2026-01-29 09:38:36.018] [warning] Couldn't find file 'l_tibia.vtp'.
[2026-01-29 09:38:36.018] [warning] Couldn't find file 'l_fibula.vtp'.
[2026-01-29 09:38:36.018] [warning] Couldn't find file 'l_patella.vtp'.
[2026-01-29 09:38:36.018] [warning] Couldn't find file 'l_talus.vtp'.
[2026-01-29 09:38:36.018] [warning] Couldn't find file 'l_foot.vtp'.
[2026-01-29 09:38:36.018] [warning] Couldn't find file 'l_bofoot.vtp'.
[2026-01-29 09:38:36.018] [warning] Couldn't find file 'hat_spine.vtp'.
[2026-01-29 09:38:36.018] [warning] Couldn't find file 'hat_jaw.vtp'.
[2026-01-29 09:38:36.018] [warning] Couldn't find file 'hat_skull.vtp'.
[2026-01-29 09:38:36.018] [warning] Couldn't find file 'hat_ribs_scap.vtp'.
[2026-01-29 09:38:36.018] [warning] Couldn't find file 'humerus_rv.vtp'.
[2026-01-29 09:38:36.018] [warning] Couldn't find file 'ulna_rv.vtp'.
[2026-01-29 09:38:36.018] [warning] Couldn't find file 'radius_rv.vtp'.
[2026-01-29 09:38:36.018] [warning] Couldn't find file 'pisiform_rvs.vtp'.
[2026-01-29 09:38:36.018] [warning] Couldn't find file 'lunate_rvs.vtp'.
[2026-01-29 09:38:36.018] [warning] Couldn't find file 'scaphoid_rvs.vtp'.
[2026-01-29 09:38:36.018] [warning] Couldn't find file 'triquetrum_rvs.vtp'.
[2026-01-29 09:38:36.018] [warning] Couldn't find file 'hamate_rvs.vtp'.
[2026-01-29 09:38:36.018] [warning] Couldn't find file 'capitate_rvs.vtp'.
[2026-01-29 09:38:36.018] [warning] Couldn't find file 'trapezoid_rvs.vtp'.
[2026-01-29 09:38:36.018] [warning] Couldn't find file 'trapezium_rvs.vtp'.
[2026-01-29 09:38:36.018] [warning] Couldn't find file 'metacarpal2_rvs.vtp'.
[2026-01-29 09:38:36.018] [warning] Couldn't find file 'index_proximal_rvs.vtp'.
[2026-01-29 09:38:36.018] [warning] Couldn't find file 'index_medial_rvs.vtp'.
[2026-01-29 09:38:36.018] [warning] Couldn't find file 'index_distal_rvs.vtp'.
[2026-01-29 09:38:36.018] [warning] Couldn't find file 'metacarpal3_rvs.vtp'.
[2026-01-29 09:38:36.018] [warning] Couldn't find file 'middle_proximal_rvs.vtp'.
[2026-01-29 09:38:36.018] [warning] Couldn't find file 'middle_medial_rvs.vtp'.
[2026-01-29 09:38:36.019] [warning] Couldn't find file 'middle_distal_rvs.vtp'.
[2026-01-29 09:38:36.019] [warning] Couldn't find file 'metacarpal4_rvs.vtp'.
[2026-01-29 09:38:36.019] [warning] Couldn't find file 'ring_proximal_rvs.vtp'.
[2026-01-29 09:38:36.019] [warning] Couldn't find file 'ring_medial_rvs.vtp'.
[2026-01-29 09:38:36.019] [warning] Couldn't find file 'ring_distal_rvs.vtp'.
[2026-01-29 09:38:36.019] [warning] Couldn't find file 'metacarpal5_rvs.vtp'.
[2026-01-29 09:38:36.019] [warning] Couldn't find file 'little_proximal_rvs.vtp'.
[2026-01-29 09:38:36.019] [warning] Couldn't find file 'little_medial_rvs.vtp'.
[2026-01-29 09:38:36.019] [warning] Couldn't find file 'little_distal_rvs.vtp'.
[2026-01-29 09:38:36.019] [warning] Couldn't find file 'metacarpal1_rvs.vtp'.
[2026-01-29 09:38:36.019] [warning] Couldn't find file 'thumb_proximal_rvs.vtp'.
[2026-01-29 09:38:36.019] [warning] Couldn't find file 'thumb_distal_rvs.vtp'.
[2026-01-29 09:38:36.019] [warning] Couldn't find file 'humerus_lv.vtp'.
[2026-01-29 09:38:36.019] [warning] Couldn't find file 'ulna_lv.vtp'.
[2026-01-29 09:38:36.019] [warning] Couldn't find file 'radius_lv.vtp'.
[2026-01-29 09:38:36.019] [warning] Couldn't find file 'pisiform_lvs.vtp'.
[2026-01-29 09:38:36.019] [warning] Couldn't find file 'lunate_lvs.vtp'.
[2026-01-29 09:38:36.019] [warning] Couldn't find file 'scaphoid_lvs.vtp'.
[2026-01-29 09:38:36.019] [warning] Couldn't find file 'triquetrum_lvs.vtp'.
[2026-01-29 09:38:36.019] [warning] Couldn't find file 'hamate_lvs.vtp'.
[2026-01-29 09:38:36.019] [warning] Couldn't find file 'capitate_lvs.vtp'.
[2026-01-29 09:38:36.019] [warning] Couldn't find file 'trapezoid_lvs.vtp'.
[2026-01-29 09:38:36.019] [warning] Couldn't find file 'trapezium_lvs.vtp'.
[2026-01-29 09:38:36.019] [warning] Couldn't find file 'metacarpal2_lvs.vtp'.
[2026-01-29 09:38:36.019] [warning] Couldn't find file 'index_proximal_lvs.vtp'.
[2026-01-29 09:38:36.019] [warning] Couldn't find file 'index_medial_lvs.vtp'.
[2026-01-29 09:38:36.019] [warning] Couldn't find file 'index_distal_lvs.vtp'.
[2026-01-29 09:38:36.019] [warning] Couldn't find file 'metacarpal3_lvs.vtp'.
[2026-01-29 09:38:36.019] [warning] Couldn't find file 'middle_proximal_lvs.vtp'.
[2026-01-29 09:38:36.020] [warning] Couldn't find file 'middle_medial_lvs.vtp'.
[2026-01-29 09:38:36.020] [warning] Couldn't find file 'middle_distal_lvs.vtp'.
[2026-01-29 09:38:36.020] [warning] Couldn't find file 'metacarpal4_lvs.vtp'.
[2026-01-29 09:38:36.020] [warning] Couldn't find file 'ring_proximal_lvs.vtp'.
[2026-01-29 09:38:36.020] [warning] Couldn't find file 'ring_medial_lvs.vtp'.
[2026-01-29 09:38:36.020] [warning] Couldn't find file 'ring_distal_lvs.vtp'.
[2026-01-29 09:38:36.020] [warning] Couldn't find file 'metacarpal5_lvs.vtp'.
[2026-01-29 09:38:36.020] [warning] Couldn't find file 'little_proximal_lvs.vtp'.
[2026-01-29 09:38:36.020] [warning] Couldn't find file 'little_medial_lvs.vtp'.
[2026-01-29 09:38:36.020] [warning] Couldn't find file 'little_distal_lvs.vtp'.
[2026-01-29 09:38:36.020] [warning] Couldn't find file 'metacarpal1_lvs.vtp'.
[2026-01-29 09:38:36.020] [warning] Couldn't find file 'thumb_proximal_lvs.vtp'.
[2026-01-29 09:38:36.020] [warning] Couldn't find file 'thumb_distal_lvs.vtp'.
[2026-01-29 09:38:36.025] [info] No external loads will be applied (external loads file not specified).
[2026-01-29 09:38:36.037] [info] Loading coordinates from file 'C:\Users\Israel Luis\Documents\GitHub\GoalOptimized\Database\sub1\IK\IK_sub1_v2_t1.mot'.
[2026-01-29 09:38:36.037] [info] Storage: read data file = C:\Users\Israel Luis\Documents\GitHub\GoalOptimized\Database\sub1\IK\IK_sub1_v2_t1.mot (nr=119 nc=40)
[2026-01-29 09:38:36.605] [info] Found 119 state vectors with time stamps ranging from 0.57 to 1.75.
[2026-01-29 09:38:36.605] [info] Executing the analyses from 0.57 to 1.75...
[2026-01-29 09:38:40.860] [info] Printing results of investigation IK_sub1_v2_t1 to C:\Users\Israel Luis\Documents\GitHub\GoalOptimized\ProjectResults\DSE\sub1\v2_t1\Je\MuscleAnalysis
[2026-01-29 11:47:51.251] [info] Updating Model file from 40000 to latest format...
[2026-01-29 11:47:51.268] [info] Loaded model 2_scaled_rajagopal2022 from file C:\Users\Israel Luis\Documents\GitHub\GoalOptimized\Database\sub2\model\model_rajagopal2022_sub2.osim
[2026-01-29 11:47:51.269] [warning] Couldn't find file 'r_pelvis.vtp'.
[2026-01-29 11:47:51.269] [warning] Couldn't find file 'l_pelvis.vtp'.
[2026-01-29 11:47:51.269] [warning] Couldn't find file 'sacrum.vtp'.
[2026-01-29 11:47:51.269] [warning] Couldn't find file 'r_femur.vtp'.
[2026-01-29 11:47:51.269] [warning] Couldn't find file 'r_tibia.vtp'.
[2026-01-29 11:47:51.269] [warning] Couldn't find file 'r_fibula.vtp'.
[2026-01-29 11:47:51.269] [warning] Couldn't find file 'r_patella.vtp'.
[2026-01-29 11:47:51.269] [warning] Couldn't find file 'r_talus.vtp'.
[2026-01-29 11:47:51.269] [warning] Couldn't find file 'r_foot.vtp'.
[2026-01-29 11:47:51.269] [warning] Couldn't find file 'r_bofoot.vtp'.
[2026-01-29 11:47:51.269] [warning] Couldn't find file 'l_femur.vtp'.
[2026-01-29 11:47:51.269] [warning] Couldn't find file 'l_tibia.vtp'.
[2026-01-29 11:47:51.269] [warning] Couldn't find file 'l_fibula.vtp'.
[2026-01-29 11:47:51.269] [warning] Couldn't find file 'l_patella.vtp'.
[2026-01-29 11:47:51.269] [warning] Couldn't find file 'l_talus.vtp'.
[2026-01-29 11:47:51.269] [warning] Couldn't find file 'l_foot.vtp'.
[2026-01-29 11:47:51.269] [warning] Couldn't find file 'l_bofoot.vtp'.
[2026-01-29 11:47:51.269] [warning] Couldn't find file 'hat_spine.vtp'.
[2026-01-29 11:47:51.269] [warning] Couldn't find file 'hat_jaw.vtp'.
[2026-01-29 11:47:51.269] [warning] Couldn't find file 'hat_skull.vtp'.
[2026-01-29 11:47:51.269] [warning] Couldn't find file 'hat_ribs_scap.vtp'.
[2026-01-29 11:47:51.269] [warning] Couldn't find file 'humerus_rv.vtp'.
[2026-01-29 11:47:51.269] [warning] Couldn't find file 'ulna_rv.vtp'.
[2026-01-29 11:47:51.269] [warning] Couldn't find file 'radius_rv.vtp'.
[2026-01-29 11:47:51.269] [warning] Couldn't find file 'pisiform_rvs.vtp'.
[2026-01-29 11:47:51.269] [warning] Couldn't find file 'lunate_rvs.vtp'.
[2026-01-29 11:47:51.270] [warning] Couldn't find file 'scaphoid_rvs.vtp'.
[2026-01-29 11:47:51.270] [warning] Couldn't find file 'triquetrum_rvs.vtp'.
[2026-01-29 11:47:51.270] [warning] Couldn't find file 'hamate_rvs.vtp'.
[2026-01-29 11:47:51.270] [warning] Couldn't find file 'capitate_rvs.vtp'.
[2026-01-29 11:47:51.270] [warning] Couldn't find file 'trapezoid_rvs.vtp'.
[2026-01-29 11:47:51.270] [warning] Couldn't find file 'trapezium_rvs.vtp'.
[2026-01-29 11:47:51.270] [warning] Couldn't find file 'metacarpal2_rvs.vtp'.
[2026-01-29 11:47:51.270] [warning] Couldn't find file 'index_proximal_rvs.vtp'.
[2026-01-29 11:47:51.270] [warning] Couldn't find file 'index_medial_rvs.vtp'.
[2026-01-29 11:47:51.270] [warning] Couldn't find file 'index_distal_rvs.vtp'.
[2026-01-29 11:47:51.270] [warning] Couldn't find file 'metacarpal3_rvs.vtp'.
[2026-01-29 11:47:51.270] [warning] Couldn't find file 'middle_proximal_rvs.vtp'.
[2026-01-29 11:47:51.270] [warning] Couldn't find file 'middle_medial_rvs.vtp'.
[2026-01-29 11:47:51.270] [warning] Couldn't find file 'middle_distal_rvs.vtp'.
[2026-01-29 11:47:51.270] [warning] Couldn't find file 'metacarpal4_rvs.vtp'.
[2026-01-29 11:47:51.270] [warning] Couldn't find file 'ring_proximal_rvs.vtp'.
[2026-01-29 11:47:51.270] [warning] Couldn't find file 'ring_medial_rvs.vtp'.
[2026-01-29 11:47:51.270] [warning] Couldn't find file 'ring_distal_rvs.vtp'.
[2026-01-29 11:47:51.270] [warning] Couldn't find file 'metacarpal5_rvs.vtp'.
[2026-01-29 11:47:51.270] [warning] Couldn't find file 'little_proximal_rvs.vtp'.
[2026-01-29 11:47:51.270] [warning] Couldn't find file 'little_medial_rvs.vtp'.
[2026-01-29 11:47:51.270] [warning] Couldn't find file 'little_distal_rvs.vtp'.
[2026-01-29 11:47:51.270] [warning] Couldn't find file 'metacarpal1_rvs.vtp'.
[2026-01-29 11:47:51.270] [warning] Couldn't find file 'thumb_proximal_rvs.vtp'.
[2026-01-29 11:47:51.270] [warning] Couldn't find file 'thumb_distal_rvs.vtp'.
[2026-01-29 11:47:51.270] [warning] Couldn't find file 'humerus_lv.vtp'.
[2026-01-29 11:47:51.270] [warning] Couldn't find file 'ulna_lv.vtp'.
[2026-01-29 11:47:51.270] [warning] Couldn't find file 'radius_lv.vtp'.
[2026-01-29 11:47:51.271] [warning] Couldn't find file 'pisiform_lvs.vtp'.
[2026-01-29 11:47:51.271] [warning] Couldn't find file 'lunate_lvs.vtp'.
[2026-01-29 11:47:51.271] [warning] Couldn't find file 'scaphoid_lvs.vtp'.
[2026-01-29 11:47:51.271] [warning] Couldn't find file 'triquetrum_lvs.vtp'.
[2026-01-29 11:47:51.271] [warning] Couldn't find file 'hamate_lvs.vtp'.
[2026-01-29 11:47:51.271] [warning] Couldn't find file 'capitate_lvs.vtp'.
[2026-01-29 11:47:51.271] [warning] Couldn't find file 'trapezoid_lvs.vtp'.
[2026-01-29 11:47:51.271] [warning] Couldn't find file 'trapezium_lvs.vtp'.
[2026-01-29 11:47:51.271] [warning] Couldn't find file 'metacarpal2_lvs.vtp'.
[2026-01-29 11:47:51.271] [warning] Couldn't find file 'index_proximal_lvs.vtp'.
[2026-01-29 11:47:51.271] [warning] Couldn't find file 'index_medial_lvs.vtp'.
[2026-01-29 11:47:51.271] [warning] Couldn't find file 'index_distal_lvs.vtp'.
[2026-01-29 11:47:51.271] [warning] Couldn't find file 'metacarpal3_lvs.vtp'.
[2026-01-29 11:47:51.271] [warning] Couldn't find file 'middle_proximal_lvs.vtp'.
[2026-01-29 11:47:51.271] [warning] Couldn't find file 'middle_medial_lvs.vtp'.
[2026-01-29 11:47:51.271] [warning] Couldn't find file 'middle_distal_lvs.vtp'.
[2026-01-29 11:47:51.271] [warning] Couldn't find file 'metacarpal4_lvs.vtp'.
[2026-01-29 11:47:51.271] [warning] Couldn't find file 'ring_proximal_lvs.vtp'.
[2026-01-29 11:47:51.271] [warning] Couldn't find file 'ring_medial_lvs.vtp'.
[2026-01-29 11:47:51.271] [warning] Couldn't find file 'ring_distal_lvs.vtp'.
[2026-01-29 11:47:51.271] [warning] Couldn't find file 'metacarpal5_lvs.vtp'.
[2026-01-29 11:47:51.271] [warning] Couldn't find file 'little_proximal_lvs.vtp'.
[2026-01-29 11:47:51.271] [warning] Couldn't find file 'little_medial_lvs.vtp'.
[2026-01-29 11:47:51.271] [warning] Couldn't find file 'little_distal_lvs.vtp'.
[2026-01-29 11:47:51.271] [warning] Couldn't find file 'metacarpal1_lvs.vtp'.
[2026-01-29 11:47:51.271] [warning] Couldn't find file 'thumb_proximal_lvs.vtp'.
[2026-01-29 11:47:51.271] [warning] Couldn't find file 'thumb_distal_lvs.vtp'.
[2026-01-29 11:47:51.283] [info] AbstractTool IK_sub2_v2_t1 loading model C:\Users\Israel Luis\Documents\GitHub\GoalOptimized\Database\sub2\model\model_rajagopal2022_sub2.osim
[2026-01-29 11:47:51.296] [info] Updating Model file from 40000 to latest format...
[2026-01-29 11:47:51.313] [info] Loaded model 2_scaled_rajagopal2022 from file C:\Users\Israel Luis\Documents\GitHub\GoalOptimized\Database\sub2\model\model_rajagopal2022_sub2.osim
[2026-01-29 11:47:51.313] [warning] Couldn't find file 'r_pelvis.vtp'.
[2026-01-29 11:47:51.313] [warning] Couldn't find file 'l_pelvis.vtp'.
[2026-01-29 11:47:51.313] [warning] Couldn't find file 'sacrum.vtp'.
[2026-01-29 11:47:51.313] [warning] Couldn't find file 'r_femur.vtp'.
[2026-01-29 11:47:51.313] [warning] Couldn't find file 'r_tibia.vtp'.
[2026-01-29 11:47:51.313] [warning] Couldn't find file 'r_fibula.vtp'.
[2026-01-29 11:47:51.313] [warning] Couldn't find file 'r_patella.vtp'.
[2026-01-29 11:47:51.313] [warning] Couldn't find file 'r_talus.vtp'.
[2026-01-29 11:47:51.313] [warning] Couldn't find file 'r_foot.vtp'.
[2026-01-29 11:47:51.313] [warning] Couldn't find file 'r_bofoot.vtp'.
[2026-01-29 11:47:51.313] [warning] Couldn't find file 'l_femur.vtp'.
[2026-01-29 11:47:51.313] [warning] Couldn't find file 'l_tibia.vtp'.
[2026-01-29 11:47:51.313] [warning] Couldn't find file 'l_fibula.vtp'.
[2026-01-29 11:47:51.313] [warning] Couldn't find file 'l_patella.vtp'.
[2026-01-29 11:47:51.313] [warning] Couldn't find file 'l_talus.vtp'.
[2026-01-29 11:47:51.313] [warning] Couldn't find file 'l_foot.vtp'.
[2026-01-29 11:47:51.313] [warning] Couldn't find file 'l_bofoot.vtp'.
[2026-01-29 11:47:51.313] [warning] Couldn't find file 'hat_spine.vtp'.
[2026-01-29 11:47:51.314] [warning] Couldn't find file 'hat_jaw.vtp'.
[2026-01-29 11:47:51.314] [warning] Couldn't find file 'hat_skull.vtp'.
[2026-01-29 11:47:51.314] [warning] Couldn't find file 'hat_ribs_scap.vtp'.
[2026-01-29 11:47:51.314] [warning] Couldn't find file 'humerus_rv.vtp'.
[2026-01-29 11:47:51.314] [warning] Couldn't find file 'ulna_rv.vtp'.
[2026-01-29 11:47:51.314] [warning] Couldn't find file 'radius_rv.vtp'.
[2026-01-29 11:47:51.314] [warning] Couldn't find file 'pisiform_rvs.vtp'.
[2026-01-29 11:47:51.314] [warning] Couldn't find file 'lunate_rvs.vtp'.
[2026-01-29 11:47:51.314] [warning] Couldn't find file 'scaphoid_rvs.vtp'.
[2026-01-29 11:47:51.314] [warning] Couldn't find file 'triquetrum_rvs.vtp'.
[2026-01-29 11:47:51.314] [warning] Couldn't find file 'hamate_rvs.vtp'.
[2026-01-29 11:47:51.314] [warning] Couldn't find file 'capitate_rvs.vtp'.
[2026-01-29 11:47:51.314] [warning] Couldn't find file 'trapezoid_rvs.vtp'.
[2026-01-29 11:47:51.314] [warning] Couldn't find file 'trapezium_rvs.vtp'.
[2026-01-29 11:47:51.314] [warning] Couldn't find file 'metacarpal2_rvs.vtp'.
[2026-01-29 11:47:51.314] [warning] Couldn't find file 'index_proximal_rvs.vtp'.
[2026-01-29 11:47:51.314] [warning] Couldn't find file 'index_medial_rvs.vtp'.
[2026-01-29 11:47:51.314] [warning] Couldn't find file 'index_distal_rvs.vtp'.
[2026-01-29 11:47:51.314] [warning] Couldn't find file 'metacarpal3_rvs.vtp'.
[2026-01-29 11:47:51.314] [warning] Couldn't find file 'middle_proximal_rvs.vtp'.
[2026-01-29 11:47:51.314] [warning] Couldn't find file 'middle_medial_rvs.vtp'.
[2026-01-29 11:47:51.314] [warning] Couldn't find file 'middle_distal_rvs.vtp'.
[2026-01-29 11:47:51.314] [warning] Couldn't find file 'metacarpal4_rvs.vtp'.
[2026-01-29 11:47:51.314] [warning] Couldn't find file 'ring_proximal_rvs.vtp'.
[2026-01-29 11:47:51.314] [warning] Couldn't find file 'ring_medial_rvs.vtp'.
[2026-01-29 11:47:51.314] [warning] Couldn't find file 'ring_distal_rvs.vtp'.
[2026-01-29 11:47:51.314] [warning] Couldn't find file 'metacarpal5_rvs.vtp'.
[2026-01-29 11:47:51.314] [warning] Couldn't find file 'little_proximal_rvs.vtp'.
[2026-01-29 11:47:51.315] [warning] Couldn't find file 'little_medial_rvs.vtp'.
[2026-01-29 11:47:51.315] [warning] Couldn't find file 'little_distal_rvs.vtp'.
[2026-01-29 11:47:51.315] [warning] Couldn't find file 'metacarpal1_rvs.vtp'.
[2026-01-29 11:47:51.315] [warning] Couldn't find file 'thumb_proximal_rvs.vtp'.
[2026-01-29 11:47:51.315] [warning] Couldn't find file 'thumb_distal_rvs.vtp'.
[2026-01-29 11:47:51.315] [warning] Couldn't find file 'humerus_lv.vtp'.
[2026-01-29 11:47:51.315] [warning] Couldn't find file 'ulna_lv.vtp'.
[2026-01-29 11:47:51.315] [warning] Couldn't find file 'radius_lv.vtp'.
[2026-01-29 11:47:51.315] [warning] Couldn't find file 'pisiform_lvs.vtp'.
[2026-01-29 11:47:51.315] [warning] Couldn't find file 'lunate_lvs.vtp'.
[2026-01-29 11:47:51.315] [warning] Couldn't find file 'scaphoid_lvs.vtp'.
[2026-01-29 11:47:51.315] [warning] Couldn't find file 'triquetrum_lvs.vtp'.
[2026-01-29 11:47:51.315] [warning] Couldn't find file 'hamate_lvs.vtp'.
[2026-01-29 11:47:51.315] [warning] Couldn't find file 'capitate_lvs.vtp'.
[2026-01-29 11:47:51.315] [warning] Couldn't find file 'trapezoid_lvs.vtp'.
[2026-01-29 11:47:51.315] [warning] Couldn't find file 'trapezium_lvs.vtp'.
[2026-01-29 11:47:51.315] [warning] Couldn't find file 'metacarpal2_lvs.vtp'.
[2026-01-29 11:47:51.315] [warning] Couldn't find file 'index_proximal_lvs.vtp'.
[2026-01-29 11:47:51.315] [warning] Couldn't find file 'index_medial_lvs.vtp'.
[2026-01-29 11:47:51.315] [warning] Couldn't find file 'index_distal_lvs.vtp'.
[2026-01-29 11:47:51.315] [warning] Couldn't find file 'metacarpal3_lvs.vtp'.
[2026-01-29 11:47:51.315] [warning] Couldn't find file 'middle_proximal_lvs.vtp'.
[2026-01-29 11:47:51.315] [warning] Couldn't find file 'middle_medial_lvs.vtp'.
[2026-01-29 11:47:51.315] [warning] Couldn't find file 'middle_distal_lvs.vtp'.
[2026-01-29 11:47:51.315] [warning] Couldn't find file 'metacarpal4_lvs.vtp'.
[2026-01-29 11:47:51.315] [warning] Couldn't find file 'ring_proximal_lvs.vtp'.
[2026-01-29 11:47:51.315] [warning] Couldn't find file 'ring_medial_lvs.vtp'.
[2026-01-29 11:47:51.315] [warning] Couldn't find file 'ring_distal_lvs.vtp'.
[2026-01-29 11:47:51.315] [warning] Couldn't find file 'metacarpal5_lvs.vtp'.
[2026-01-29 11:47:51.316] [warning] Couldn't find file 'little_proximal_lvs.vtp'.
[2026-01-29 11:47:51.316] [warning] Couldn't find file 'little_medial_lvs.vtp'.
[2026-01-29 11:47:51.316] [warning] Couldn't find file 'little_distal_lvs.vtp'.
[2026-01-29 11:47:51.316] [warning] Couldn't find file 'metacarpal1_lvs.vtp'.
[2026-01-29 11:47:51.316] [warning] Couldn't find file 'thumb_proximal_lvs.vtp'.
[2026-01-29 11:47:51.316] [warning] Couldn't find file 'thumb_distal_lvs.vtp'.
[2026-01-29 11:47:51.321] [info] No external loads will be applied (external loads file not specified).
[2026-01-29 11:47:51.332] [info] Loading coordinates from file 'C:\Users\Israel Luis\Documents\GitHub\GoalOptimized\Database\sub2\IK\IK_sub2_v2_t1.mot'.
[2026-01-29 11:47:51.332] [info] Storage: read data file = C:\Users\Israel Luis\Documents\GitHub\GoalOptimized\Database\sub2\IK\IK_sub2_v2_t1.mot (nr=116 nc=40)
[2026-01-29 11:47:51.972] [info] Found 116 state vectors with time stamps ranging from 1.2 to 2.35.
[2026-01-29 11:47:51.972] [info] Executing the analyses from 1.2 to 2.35...
[2026-01-29 11:47:56.284] [info] Printing results of investigation IK_sub2_v2_t1 to C:\Users\Israel Luis\Documents\GitHub\GoalOptimized\ProjectResults\DSE\sub2\v2_t1\Je\MuscleAnalysis
[2026-01-29 11:50:01.717] [info] Updating Model file from 40000 to latest format...
[2026-01-29 11:50:01.735] [info] Loaded model 7_scaledH_rajagopal2016_1802_7 from file C:\Users\Israel Luis\Documents\GitHub\GoalOptimized\Database\sub3\model\model_rajagopal2022_sub3.osim
[2026-01-29 11:50:01.735] [warning] Couldn't find file 'r_pelvis.vtp'.
[2026-01-29 11:50:01.735] [warning] Couldn't find file 'l_pelvis.vtp'.
[2026-01-29 11:50:01.735] [warning] Couldn't find file 'sacrum.vtp'.
[2026-01-29 11:50:01.735] [warning] Couldn't find file 'r_femur.vtp'.
[2026-01-29 11:50:01.735] [warning] Couldn't find file 'r_tibia.vtp'.
[2026-01-29 11:50:01.735] [warning] Couldn't find file 'r_fibula.vtp'.
[2026-01-29 11:50:01.735] [warning] Couldn't find file 'r_patella.vtp'.
[2026-01-29 11:50:01.735] [warning] Couldn't find file 'r_talus.vtp'.
[2026-01-29 11:50:01.735] [warning] Couldn't find file 'r_foot.vtp'.
[2026-01-29 11:50:01.735] [warning] Couldn't find file 'r_bofoot.vtp'.
[2026-01-29 11:50:01.735] [warning] Couldn't find file 'l_femur.vtp'.
[2026-01-29 11:50:01.736] [warning] Couldn't find file 'l_tibia.vtp'.
[2026-01-29 11:50:01.736] [warning] Couldn't find file 'l_fibula.vtp'.
[2026-01-29 11:50:01.736] [warning] Couldn't find file 'l_patella.vtp'.
[2026-01-29 11:50:01.736] [warning] Couldn't find file 'l_talus.vtp'.
[2026-01-29 11:50:01.736] [warning] Couldn't find file 'l_foot.vtp'.
[2026-01-29 11:50:01.736] [warning] Couldn't find file 'l_bofoot.vtp'.
[2026-01-29 11:50:01.736] [warning] Couldn't find file 'hat_spine.vtp'.
[2026-01-29 11:50:01.736] [warning] Couldn't find file 'hat_jaw.vtp'.
[2026-01-29 11:50:01.736] [warning] Couldn't find file 'hat_skull.vtp'.
[2026-01-29 11:50:01.736] [warning] Couldn't find file 'hat_ribs_scap.vtp'.
[2026-01-29 11:50:01.736] [warning] Couldn't find file 'humerus_rv.vtp'.
[2026-01-29 11:50:01.736] [warning] Couldn't find file 'ulna_rv.vtp'.
[2026-01-29 11:50:01.736] [warning] Couldn't find file 'radius_rv.vtp'.
[2026-01-29 11:50:01.736] [warning] Couldn't find file 'pisiform_rvs.vtp'.
[2026-01-29 11:50:01.736] [warning] Couldn't find file 'lunate_rvs.vtp'.
[2026-01-29 11:50:01.736] [warning] Couldn't find file 'scaphoid_rvs.vtp'.
[2026-01-29 11:50:01.736] [warning] Couldn't find file 'triquetrum_rvs.vtp'.
[2026-01-29 11:50:01.736] [warning] Couldn't find file 'hamate_rvs.vtp'.
[2026-01-29 11:50:01.736] [warning] Couldn't find file 'capitate_rvs.vtp'.
[2026-01-29 11:50:01.736] [warning] Couldn't find file 'trapezoid_rvs.vtp'.
[2026-01-29 11:50:01.736] [warning] Couldn't find file 'trapezium_rvs.vtp'.
[2026-01-29 11:50:01.736] [warning] Couldn't find file 'metacarpal2_rvs.vtp'.
[2026-01-29 11:50:01.736] [warning] Couldn't find file 'index_proximal_rvs.vtp'.
[2026-01-29 11:50:01.736] [warning] Couldn't find file 'index_medial_rvs.vtp'.
[2026-01-29 11:50:01.736] [warning] Couldn't find file 'index_distal_rvs.vtp'.
[2026-01-29 11:50:01.736] [warning] Couldn't find file 'metacarpal3_rvs.vtp'.
[2026-01-29 11:50:01.737] [warning] Couldn't find file 'middle_proximal_rvs.vtp'.
[2026-01-29 11:50:01.737] [warning] Couldn't find file 'middle_medial_rvs.vtp'.
[2026-01-29 11:50:01.737] [warning] Couldn't find file 'middle_distal_rvs.vtp'.
[2026-01-29 11:50:01.737] [warning] Couldn't find file 'metacarpal4_rvs.vtp'.
[2026-01-29 11:50:01.737] [warning] Couldn't find file 'ring_proximal_rvs.vtp'.
[2026-01-29 11:50:01.737] [warning] Couldn't find file 'ring_medial_rvs.vtp'.
[2026-01-29 11:50:01.737] [warning] Couldn't find file 'ring_distal_rvs.vtp'.
[2026-01-29 11:50:01.737] [warning] Couldn't find file 'metacarpal5_rvs.vtp'.
[2026-01-29 11:50:01.737] [warning] Couldn't find file 'little_proximal_rvs.vtp'.
[2026-01-29 11:50:01.737] [warning] Couldn't find file 'little_medial_rvs.vtp'.
[2026-01-29 11:50:01.737] [warning] Couldn't find file 'little_distal_rvs.vtp'.
[2026-01-29 11:50:01.737] [warning] Couldn't find file 'metacarpal1_rvs.vtp'.
[2026-01-29 11:50:01.737] [warning] Couldn't find file 'thumb_proximal_rvs.vtp'.
[2026-01-29 11:50:01.737] [warning] Couldn't find file 'thumb_distal_rvs.vtp'.
[2026-01-29 11:50:01.737] [warning] Couldn't find file 'humerus_lv.vtp'.
[2026-01-29 11:50:01.737] [warning] Couldn't find file 'ulna_lv.vtp'.
[2026-01-29 11:50:01.737] [warning] Couldn't find file 'radius_lv.vtp'.
[2026-01-29 11:50:01.737] [warning] Couldn't find file 'pisiform_lvs.vtp'.
[2026-01-29 11:50:01.737] [warning] Couldn't find file 'lunate_lvs.vtp'.
[2026-01-29 11:50:01.737] [warning] Couldn't find file 'scaphoid_lvs.vtp'.
[2026-01-29 11:50:01.737] [warning] Couldn't find file 'triquetrum_lvs.vtp'.
[2026-01-29 11:50:01.737] [warning] Couldn't find file 'hamate_lvs.vtp'.
[2026-01-29 11:50:01.737] [warning] Couldn't find file 'capitate_lvs.vtp'.
[2026-01-29 11:50:01.737] [warning] Couldn't find file 'trapezoid_lvs.vtp'.
[2026-01-29 11:50:01.737] [warning] Couldn't find file 'trapezium_lvs.vtp'.
[2026-01-29 11:50:01.737] [warning] Couldn't find file 'metacarpal2_lvs.vtp'.
[2026-01-29 11:50:01.737] [warning] Couldn't find file 'index_proximal_lvs.vtp'.
[2026-01-29 11:50:01.737] [warning] Couldn't find file 'index_medial_lvs.vtp'.
[2026-01-29 11:50:01.738] [warning] Couldn't find file 'index_distal_lvs.vtp'.
[2026-01-29 11:50:01.738] [warning] Couldn't find file 'metacarpal3_lvs.vtp'.
[2026-01-29 11:50:01.738] [warning] Couldn't find file 'middle_proximal_lvs.vtp'.
[2026-01-29 11:50:01.738] [warning] Couldn't find file 'middle_medial_lvs.vtp'.
[2026-01-29 11:50:01.738] [warning] Couldn't find file 'middle_distal_lvs.vtp'.
[2026-01-29 11:50:01.738] [warning] Couldn't find file 'metacarpal4_lvs.vtp'.
[2026-01-29 11:50:01.738] [warning] Couldn't find file 'ring_proximal_lvs.vtp'.
[2026-01-29 11:50:01.738] [warning] Couldn't find file 'ring_medial_lvs.vtp'.
[2026-01-29 11:50:01.738] [warning] Couldn't find file 'ring_distal_lvs.vtp'.
[2026-01-29 11:50:01.738] [warning] Couldn't find file 'metacarpal5_lvs.vtp'.
[2026-01-29 11:50:01.738] [warning] Couldn't find file 'little_proximal_lvs.vtp'.
[2026-01-29 11:50:01.738] [warning] Couldn't find file 'little_medial_lvs.vtp'.
[2026-01-29 11:50:01.738] [warning] Couldn't find file 'little_distal_lvs.vtp'.
[2026-01-29 11:50:01.738] [warning] Couldn't find file 'metacarpal1_lvs.vtp'.
[2026-01-29 11:50:01.738] [warning] Couldn't find file 'thumb_proximal_lvs.vtp'.
[2026-01-29 11:50:01.738] [warning] Couldn't find file 'thumb_distal_lvs.vtp'.
[2026-01-29 11:50:01.748] [info] AbstractTool IK_sub3_v2_t1 loading model C:\Users\Israel Luis\Documents\GitHub\GoalOptimized\Database\sub3\model\model_rajagopal2022_sub3.osim
[2026-01-29 11:50:01.762] [info] Updating Model file from 40000 to latest format...
[2026-01-29 11:50:01.779] [info] Loaded model 7_scaledH_rajagopal2016_1802_7 from file C:\Users\Israel Luis\Documents\GitHub\GoalOptimized\Database\sub3\model\model_rajagopal2022_sub3.osim
[2026-01-29 11:50:01.779] [warning] Couldn't find file 'r_pelvis.vtp'.
[2026-01-29 11:50:01.779] [warning] Couldn't find file 'l_pelvis.vtp'.
[2026-01-29 11:50:01.779] [warning] Couldn't find file 'sacrum.vtp'.
[2026-01-29 11:50:01.779] [warning] Couldn't find file 'r_femur.vtp'.
[2026-01-29 11:50:01.779] [warning] Couldn't find file 'r_tibia.vtp'.
[2026-01-29 11:50:01.779] [warning] Couldn't find file 'r_fibula.vtp'.
[2026-01-29 11:50:01.779] [warning] Couldn't find file 'r_patella.vtp'.
[2026-01-29 11:50:01.779] [warning] Couldn't find file 'r_talus.vtp'.
[2026-01-29 11:50:01.779] [warning] Couldn't find file 'r_foot.vtp'.
[2026-01-29 11:50:01.779] [warning] Couldn't find file 'r_bofoot.vtp'.
[2026-01-29 11:50:01.779] [warning] Couldn't find file 'l_femur.vtp'.
[2026-01-29 11:50:01.779] [warning] Couldn't find file 'l_tibia.vtp'.
[2026-01-29 11:50:01.779] [warning] Couldn't find file 'l_fibula.vtp'.
[2026-01-29 11:50:01.779] [warning] Couldn't find file 'l_patella.vtp'.
[2026-01-29 11:50:01.779] [warning] Couldn't find file 'l_talus.vtp'.
[2026-01-29 11:50:01.779] [warning] Couldn't find file 'l_foot.vtp'.
[2026-01-29 11:50:01.780] [warning] Couldn't find file 'l_bofoot.vtp'.
[2026-01-29 11:50:01.780] [warning] Couldn't find file 'hat_spine.vtp'.
[2026-01-29 11:50:01.780] [warning] Couldn't find file 'hat_jaw.vtp'.
[2026-01-29 11:50:01.780] [warning] Couldn't find file 'hat_skull.vtp'.
[2026-01-29 11:50:01.780] [warning] Couldn't find file 'hat_ribs_scap.vtp'.
[2026-01-29 11:50:01.780] [warning] Couldn't find file 'humerus_rv.vtp'.
[2026-01-29 11:50:01.780] [warning] Couldn't find file 'ulna_rv.vtp'.
[2026-01-29 11:50:01.780] [warning] Couldn't find file 'radius_rv.vtp'.
[2026-01-29 11:50:01.780] [warning] Couldn't find file 'pisiform_rvs.vtp'.
[2026-01-29 11:50:01.780] [warning] Couldn't find file 'lunate_rvs.vtp'.
[2026-01-29 11:50:01.780] [warning] Couldn't find file 'scaphoid_rvs.vtp'.
[2026-01-29 11:50:01.780] [warning] Couldn't find file 'triquetrum_rvs.vtp'.
[2026-01-29 11:50:01.780] [warning] Couldn't find file 'hamate_rvs.vtp'.
[2026-01-29 11:50:01.780] [warning] Couldn't find file 'capitate_rvs.vtp'.
[2026-01-29 11:50:01.780] [warning] Couldn't find file 'trapezoid_rvs.vtp'.
[2026-01-29 11:50:01.780] [warning] Couldn't find file 'trapezium_rvs.vtp'.
[2026-01-29 11:50:01.780] [warning] Couldn't find file 'metacarpal2_rvs.vtp'.
[2026-01-29 11:50:01.780] [warning] Couldn't find file 'index_proximal_rvs.vtp'.
[2026-01-29 11:50:01.780] [warning] Couldn't find file 'index_medial_rvs.vtp'.
[2026-01-29 11:50:01.780] [warning] Couldn't find file 'index_distal_rvs.vtp'.
[2026-01-29 11:50:01.780] [warning] Couldn't find file 'metacarpal3_rvs.vtp'.
[2026-01-29 11:50:01.780] [warning] Couldn't find file 'middle_proximal_rvs.vtp'.
[2026-01-29 11:50:01.780] [warning] Couldn't find file 'middle_medial_rvs.vtp'.
[2026-01-29 11:50:01.780] [warning] Couldn't find file 'middle_distal_rvs.vtp'.
[2026-01-29 11:50:01.780] [warning] Couldn't find file 'metacarpal4_rvs.vtp'.
[2026-01-29 11:50:01.780] [warning] Couldn't find file 'ring_proximal_rvs.vtp'.
[2026-01-29 11:50:01.780] [warning] Couldn't find file 'ring_medial_rvs.vtp'.
[2026-01-29 11:50:01.780] [warning] Couldn't find file 'ring_distal_rvs.vtp'.
[2026-01-29 11:50:01.780] [warning] Couldn't find file 'metacarpal5_rvs.vtp'.
[2026-01-29 11:50:01.781] [warning] Couldn't find file 'little_proximal_rvs.vtp'.
[2026-01-29 11:50:01.781] [warning] Couldn't find file 'little_medial_rvs.vtp'.
[2026-01-29 11:50:01.781] [warning] Couldn't find file 'little_distal_rvs.vtp'.
[2026-01-29 11:50:01.781] [warning] Couldn't find file 'metacarpal1_rvs.vtp'.
[2026-01-29 11:50:01.781] [warning] Couldn't find file 'thumb_proximal_rvs.vtp'.
[2026-01-29 11:50:01.781] [warning] Couldn't find file 'thumb_distal_rvs.vtp'.
[2026-01-29 11:50:01.781] [warning] Couldn't find file 'humerus_lv.vtp'.
[2026-01-29 11:50:01.781] [warning] Couldn't find file 'ulna_lv.vtp'.
[2026-01-29 11:50:01.781] [warning] Couldn't find file 'radius_lv.vtp'.
[2026-01-29 11:50:01.781] [warning] Couldn't find file 'pisiform_lvs.vtp'.
[2026-01-29 11:50:01.781] [warning] Couldn't find file 'lunate_lvs.vtp'.
[2026-01-29 11:50:01.781] [warning] Couldn't find file 'scaphoid_lvs.vtp'.
[2026-01-29 11:50:01.781] [warning] Couldn't find file 'triquetrum_lvs.vtp'.
[2026-01-29 11:50:01.781] [warning] Couldn't find file 'hamate_lvs.vtp'.
[2026-01-29 11:50:01.781] [warning] Couldn't find file 'capitate_lvs.vtp'.
[2026-01-29 11:50:01.781] [warning] Couldn't find file 'trapezoid_lvs.vtp'.
[2026-01-29 11:50:01.781] [warning] Couldn't find file 'trapezium_lvs.vtp'.
[2026-01-29 11:50:01.781] [warning] Couldn't find file 'metacarpal2_lvs.vtp'.
[2026-01-29 11:50:01.781] [warning] Couldn't find file 'index_proximal_lvs.vtp'.
[2026-01-29 11:50:01.781] [warning] Couldn't find file 'index_medial_lvs.vtp'.
[2026-01-29 11:50:01.781] [warning] Couldn't find file 'index_distal_lvs.vtp'.
[2026-01-29 11:50:01.781] [warning] Couldn't find file 'metacarpal3_lvs.vtp'.
[2026-01-29 11:50:01.781] [warning] Couldn't find file 'middle_proximal_lvs.vtp'.
[2026-01-29 11:50:01.781] [warning] Couldn't find file 'middle_medial_lvs.vtp'.
[2026-01-29 11:50:01.781] [warning] Couldn't find file 'middle_distal_lvs.vtp'.
[2026-01-29 11:50:01.781] [warning] Couldn't find file 'metacarpal4_lvs.vtp'.
[2026-01-29 11:50:01.781] [warning] Couldn't find file 'ring_proximal_lvs.vtp'.
[2026-01-29 11:50:01.781] [warning] Couldn't find file 'ring_medial_lvs.vtp'.
[2026-01-29 11:50:01.781] [warning] Couldn't find file 'ring_distal_lvs.vtp'.
[2026-01-29 11:50:01.782] [warning] Couldn't find file 'metacarpal5_lvs.vtp'.
[2026-01-29 11:50:01.782] [warning] Couldn't find file 'little_proximal_lvs.vtp'.
[2026-01-29 11:50:01.782] [warning] Couldn't find file 'little_medial_lvs.vtp'.
[2026-01-29 11:50:01.782] [warning] Couldn't find file 'little_distal_lvs.vtp'.
[2026-01-29 11:50:01.782] [warning] Couldn't find file 'metacarpal1_lvs.vtp'.
[2026-01-29 11:50:01.782] [warning] Couldn't find file 'thumb_proximal_lvs.vtp'.
[2026-01-29 11:50:01.782] [warning] Couldn't find file 'thumb_distal_lvs.vtp'.
[2026-01-29 11:50:01.786] [info] No external loads will be applied (external loads file not specified).
[2026-01-29 11:50:01.797] [info] Loading coordinates from file 'C:\Users\Israel Luis\Documents\GitHub\GoalOptimized\Database\sub3\IK\IK_sub3_v2_t1.mot'.
[2026-01-29 11:50:01.797] [info] Storage: read data file = C:\Users\Israel Luis\Documents\GitHub\GoalOptimized\Database\sub3\IK\IK_sub3_v2_t1.mot (nr=114 nc=40)
[2026-01-29 11:50:02.349] [info] Found 114 state vectors with time stamps ranging from 1.26 to 2.39.
[2026-01-29 11:50:02.349] [info] Executing the analyses from 1.26 to 2.39...
[2026-01-29 11:50:06.495] [info] Printing results of investigation IK_sub3_v2_t1 to C:\Users\Israel Luis\Documents\GitHub\GoalOptimized\ProjectResults\DSE\sub3\v2_t1\Je\MuscleAnalysis
[2026-01-29 11:51:26.827] [info] Updating Model file from 40000 to latest format...
[2026-01-29 11:51:26.844] [info] Loaded model 9_scaled_rajagopal2022 from file C:\Users\Israel Luis\Documents\GitHub\GoalOptimized\Database\sub4\model\model_rajagopal2022_sub4.osim
[2026-01-29 11:51:26.844] [warning] Couldn't find file 'r_pelvis.vtp'.
[2026-01-29 11:51:26.844] [warning] Couldn't find file 'l_pelvis.vtp'.
[2026-01-29 11:51:26.844] [warning] Couldn't find file 'sacrum.vtp'.
[2026-01-29 11:51:26.844] [warning] Couldn't find file 'r_femur.vtp'.
[2026-01-29 11:51:26.844] [warning] Couldn't find file 'r_tibia.vtp'.
[2026-01-29 11:51:26.844] [warning] Couldn't find file 'r_fibula.vtp'.
[2026-01-29 11:51:26.844] [warning] Couldn't find file 'r_patella.vtp'.
[2026-01-29 11:51:26.844] [warning] Couldn't find file 'r_talus.vtp'.
[2026-01-29 11:51:26.844] [warning] Couldn't find file 'r_foot.vtp'.
[2026-01-29 11:51:26.844] [warning] Couldn't find file 'r_bofoot.vtp'.
[2026-01-29 11:51:26.844] [warning] Couldn't find file 'l_femur.vtp'.
[2026-01-29 11:51:26.844] [warning] Couldn't find file 'l_tibia.vtp'.
[2026-01-29 11:51:26.845] [warning] Couldn't find file 'l_fibula.vtp'.
[2026-01-29 11:51:26.845] [warning] Couldn't find file 'l_patella.vtp'.
[2026-01-29 11:51:26.845] [warning] Couldn't find file 'l_talus.vtp'.
[2026-01-29 11:51:26.845] [warning] Couldn't find file 'l_foot.vtp'.
[2026-01-29 11:51:26.845] [warning] Couldn't find file 'l_bofoot.vtp'.
[2026-01-29 11:51:26.845] [warning] Couldn't find file 'hat_spine.vtp'.
[2026-01-29 11:51:26.845] [warning] Couldn't find file 'hat_jaw.vtp'.
[2026-01-29 11:51:26.845] [warning] Couldn't find file 'hat_skull.vtp'.
[2026-01-29 11:51:26.845] [warning] Couldn't find file 'hat_ribs_scap.vtp'.
[2026-01-29 11:51:26.845] [warning] Couldn't find file 'humerus_rv.vtp'.
[2026-01-29 11:51:26.845] [warning] Couldn't find file 'ulna_rv.vtp'.
[2026-01-29 11:51:26.845] [warning] Couldn't find file 'radius_rv.vtp'.
[2026-01-29 11:51:26.845] [warning] Couldn't find file 'pisiform_rvs.vtp'.
[2026-01-29 11:51:26.845] [warning] Couldn't find file 'lunate_rvs.vtp'.
[2026-01-29 11:51:26.845] [warning] Couldn't find file 'scaphoid_rvs.vtp'.
[2026-01-29 11:51:26.845] [warning] Couldn't find file 'triquetrum_rvs.vtp'.
[2026-01-29 11:51:26.845] [warning] Couldn't find file 'hamate_rvs.vtp'.
[2026-01-29 11:51:26.845] [warning] Couldn't find file 'capitate_rvs.vtp'.
[2026-01-29 11:51:26.845] [warning] Couldn't find file 'trapezoid_rvs.vtp'.
[2026-01-29 11:51:26.845] [warning] Couldn't find file 'trapezium_rvs.vtp'.
[2026-01-29 11:51:26.845] [warning] Couldn't find file 'metacarpal2_rvs.vtp'.
[2026-01-29 11:51:26.845] [warning] Couldn't find file 'index_proximal_rvs.vtp'.
[2026-01-29 11:51:26.845] [warning] Couldn't find file 'index_medial_rvs.vtp'.
[2026-01-29 11:51:26.845] [warning] Couldn't find file 'index_distal_rvs.vtp'.
[2026-01-29 11:51:26.845] [warning] Couldn't find file 'metacarpal3_rvs.vtp'.
[2026-01-29 11:51:26.845] [warning] Couldn't find file 'middle_proximal_rvs.vtp'.
[2026-01-29 11:51:26.845] [warning] Couldn't find file 'middle_medial_rvs.vtp'.
[2026-01-29 11:51:26.845] [warning] Couldn't find file 'middle_distal_rvs.vtp'.
[2026-01-29 11:51:26.846] [warning] Couldn't find file 'metacarpal4_rvs.vtp'.
[2026-01-29 11:51:26.846] [warning] Couldn't find file 'ring_proximal_rvs.vtp'.
[2026-01-29 11:51:26.846] [warning] Couldn't find file 'ring_medial_rvs.vtp'.
[2026-01-29 11:51:26.846] [warning] Couldn't find file 'ring_distal_rvs.vtp'.
[2026-01-29 11:51:26.846] [warning] Couldn't find file 'metacarpal5_rvs.vtp'.
[2026-01-29 11:51:26.846] [warning] Couldn't find file 'little_proximal_rvs.vtp'.
[2026-01-29 11:51:26.846] [warning] Couldn't find file 'little_medial_rvs.vtp'.
[2026-01-29 11:51:26.846] [warning] Couldn't find file 'little_distal_rvs.vtp'.
[2026-01-29 11:51:26.846] [warning] Couldn't find file 'metacarpal1_rvs.vtp'.
[2026-01-29 11:51:26.846] [warning] Couldn't find file 'thumb_proximal_rvs.vtp'.
[2026-01-29 11:51:26.846] [warning] Couldn't find file 'thumb_distal_rvs.vtp'.
[2026-01-29 11:51:26.846] [warning] Couldn't find file 'humerus_lv.vtp'.
[2026-01-29 11:51:26.846] [warning] Couldn't find file 'ulna_lv.vtp'.
[2026-01-29 11:51:26.846] [warning] Couldn't find file 'radius_lv.vtp'.
[2026-01-29 11:51:26.846] [warning] Couldn't find file 'pisiform_lvs.vtp'.
[2026-01-29 11:51:26.846] [warning] Couldn't find file 'lunate_lvs.vtp'.
[2026-01-29 11:51:26.846] [warning] Couldn't find file 'scaphoid_lvs.vtp'.
[2026-01-29 11:51:26.846] [warning] Couldn't find file 'triquetrum_lvs.vtp'.
[2026-01-29 11:51:26.846] [warning] Couldn't find file 'hamate_lvs.vtp'.
[2026-01-29 11:51:26.846] [warning] Couldn't find file 'capitate_lvs.vtp'.
[2026-01-29 11:51:26.846] [warning] Couldn't find file 'trapezoid_lvs.vtp'.
[2026-01-29 11:51:26.846] [warning] Couldn't find file 'trapezium_lvs.vtp'.
[2026-01-29 11:51:26.846] [warning] Couldn't find file 'metacarpal2_lvs.vtp'.
[2026-01-29 11:51:26.846] [warning] Couldn't find file 'index_proximal_lvs.vtp'.
[2026-01-29 11:51:26.846] [warning] Couldn't find file 'index_medial_lvs.vtp'.
[2026-01-29 11:51:26.846] [warning] Couldn't find file 'index_distal_lvs.vtp'.
[2026-01-29 11:51:26.846] [warning] Couldn't find file 'metacarpal3_lvs.vtp'.
[2026-01-29 11:51:26.846] [warning] Couldn't find file 'middle_proximal_lvs.vtp'.
[2026-01-29 11:51:26.846] [warning] Couldn't find file 'middle_medial_lvs.vtp'.
[2026-01-29 11:51:26.847] [warning] Couldn't find file 'middle_distal_lvs.vtp'.
[2026-01-29 11:51:26.847] [warning] Couldn't find file 'metacarpal4_lvs.vtp'.
[2026-01-29 11:51:26.847] [warning] Couldn't find file 'ring_proximal_lvs.vtp'.
[2026-01-29 11:51:26.847] [warning] Couldn't find file 'ring_medial_lvs.vtp'.
[2026-01-29 11:51:26.847] [warning] Couldn't find file 'ring_distal_lvs.vtp'.
[2026-01-29 11:51:26.847] [warning] Couldn't find file 'metacarpal5_lvs.vtp'.
[2026-01-29 11:51:26.847] [warning] Couldn't find file 'little_proximal_lvs.vtp'.
[2026-01-29 11:51:26.847] [warning] Couldn't find file 'little_medial_lvs.vtp'.
[2026-01-29 11:51:26.847] [warning] Couldn't find file 'little_distal_lvs.vtp'.
[2026-01-29 11:51:26.847] [warning] Couldn't find file 'metacarpal1_lvs.vtp'.
[2026-01-29 11:51:26.847] [warning] Couldn't find file 'thumb_proximal_lvs.vtp'.
[2026-01-29 11:51:26.847] [warning] Couldn't find file 'thumb_distal_lvs.vtp'.
[2026-01-29 11:51:26.858] [info] AbstractTool IK_sub4_v2_t1 loading model C:\Users\Israel Luis\Documents\GitHub\GoalOptimized\Database\sub4\model\model_rajagopal2022_sub4.osim
[2026-01-29 11:51:26.872] [info] Updating Model file from 40000 to latest format...
[2026-01-29 11:51:26.891] [info] Loaded model 9_scaled_rajagopal2022 from file C:\Users\Israel Luis\Documents\GitHub\GoalOptimized\Database\sub4\model\model_rajagopal2022_sub4.osim
[2026-01-29 11:51:26.891] [warning] Couldn't find file 'r_pelvis.vtp'.
[2026-01-29 11:51:26.891] [warning] Couldn't find file 'l_pelvis.vtp'.
[2026-01-29 11:51:26.891] [warning] Couldn't find file 'sacrum.vtp'.
[2026-01-29 11:51:26.891] [warning] Couldn't find file 'r_femur.vtp'.
[2026-01-29 11:51:26.891] [warning] Couldn't find file 'r_tibia.vtp'.
[2026-01-29 11:51:26.891] [warning] Couldn't find file 'r_fibula.vtp'.
[2026-01-29 11:51:26.891] [warning] Couldn't find file 'r_patella.vtp'.
[2026-01-29 11:51:26.891] [warning] Couldn't find file 'r_talus.vtp'.
[2026-01-29 11:51:26.891] [warning] Couldn't find file 'r_foot.vtp'.
[2026-01-29 11:51:26.891] [warning] Couldn't find file 'r_bofoot.vtp'.
[2026-01-29 11:51:26.891] [warning] Couldn't find file 'l_femur.vtp'.
[2026-01-29 11:51:26.891] [warning] Couldn't find file 'l_tibia.vtp'.
[2026-01-29 11:51:26.891] [warning] Couldn't find file 'l_fibula.vtp'.
[2026-01-29 11:51:26.892] [warning] Couldn't find file 'l_patella.vtp'.
[2026-01-29 11:51:26.892] [warning] Couldn't find file 'l_talus.vtp'.
[2026-01-29 11:51:26.892] [warning] Couldn't find file 'l_foot.vtp'.
[2026-01-29 11:51:26.892] [warning] Couldn't find file 'l_bofoot.vtp'.
[2026-01-29 11:51:26.892] [warning] Couldn't find file 'hat_spine.vtp'.
[2026-01-29 11:51:26.892] [warning] Couldn't find file 'hat_jaw.vtp'.
[2026-01-29 11:51:26.892] [warning] Couldn't find file 'hat_skull.vtp'.
[2026-01-29 11:51:26.892] [warning] Couldn't find file 'hat_ribs_scap.vtp'.
[2026-01-29 11:51:26.892] [warning] Couldn't find file 'humerus_rv.vtp'.
[2026-01-29 11:51:26.892] [warning] Couldn't find file 'ulna_rv.vtp'.
[2026-01-29 11:51:26.892] [warning] Couldn't find file 'radius_rv.vtp'.
[2026-01-29 11:51:26.892] [warning] Couldn't find file 'pisiform_rvs.vtp'.
[2026-01-29 11:51:26.892] [warning] Couldn't find file 'lunate_rvs.vtp'.
[2026-01-29 11:51:26.892] [warning] Couldn't find file 'scaphoid_rvs.vtp'.
[2026-01-29 11:51:26.892] [warning] Couldn't find file 'triquetrum_rvs.vtp'.
[2026-01-29 11:51:26.892] [warning] Couldn't find file 'hamate_rvs.vtp'.
[2026-01-29 11:51:26.892] [warning] Couldn't find file 'capitate_rvs.vtp'.
[2026-01-29 11:51:26.892] [warning] Couldn't find file 'trapezoid_rvs.vtp'.
[2026-01-29 11:51:26.892] [warning] Couldn't find file 'trapezium_rvs.vtp'.
[2026-01-29 11:51:26.892] [warning] Couldn't find file 'metacarpal2_rvs.vtp'.
[2026-01-29 11:51:26.892] [warning] Couldn't find file 'index_proximal_rvs.vtp'.
[2026-01-29 11:51:26.892] [warning] Couldn't find file 'index_medial_rvs.vtp'.
[2026-01-29 11:51:26.892] [warning] Couldn't find file 'index_distal_rvs.vtp'.
[2026-01-29 11:51:26.892] [warning] Couldn't find file 'metacarpal3_rvs.vtp'.
[2026-01-29 11:51:26.892] [warning] Couldn't find file 'middle_proximal_rvs.vtp'.
[2026-01-29 11:51:26.892] [warning] Couldn't find file 'middle_medial_rvs.vtp'.
[2026-01-29 11:51:26.892] [warning] Couldn't find file 'middle_distal_rvs.vtp'.
[2026-01-29 11:51:26.892] [warning] Couldn't find file 'metacarpal4_rvs.vtp'.
[2026-01-29 11:51:26.892] [warning] Couldn't find file 'ring_proximal_rvs.vtp'.
[2026-01-29 11:51:26.893] [warning] Couldn't find file 'ring_medial_rvs.vtp'.
[2026-01-29 11:51:26.893] [warning] Couldn't find file 'ring_distal_rvs.vtp'.
[2026-01-29 11:51:26.893] [warning] Couldn't find file 'metacarpal5_rvs.vtp'.
[2026-01-29 11:51:26.893] [warning] Couldn't find file 'little_proximal_rvs.vtp'.
[2026-01-29 11:51:26.893] [warning] Couldn't find file 'little_medial_rvs.vtp'.
[2026-01-29 11:51:26.893] [warning] Couldn't find file 'little_distal_rvs.vtp'.
[2026-01-29 11:51:26.893] [warning] Couldn't find file 'metacarpal1_rvs.vtp'.
[2026-01-29 11:51:26.893] [warning] Couldn't find file 'thumb_proximal_rvs.vtp'.
[2026-01-29 11:51:26.893] [warning] Couldn't find file 'thumb_distal_rvs.vtp'.
[2026-01-29 11:51:26.893] [warning] Couldn't find file 'humerus_lv.vtp'.
[2026-01-29 11:51:26.893] [warning] Couldn't find file 'ulna_lv.vtp'.
[2026-01-29 11:51:26.893] [warning] Couldn't find file 'radius_lv.vtp'.
[2026-01-29 11:51:26.893] [warning] Couldn't find file 'pisiform_lvs.vtp'.
[2026-01-29 11:51:26.893] [warning] Couldn't find file 'lunate_lvs.vtp'.
[2026-01-29 11:51:26.893] [warning] Couldn't find file 'scaphoid_lvs.vtp'.
[2026-01-29 11:51:26.893] [warning] Couldn't find file 'triquetrum_lvs.vtp'.
[2026-01-29 11:51:26.893] [warning] Couldn't find file 'hamate_lvs.vtp'.
[2026-01-29 11:51:26.893] [warning] Couldn't find file 'capitate_lvs.vtp'.
[2026-01-29 11:51:26.893] [warning] Couldn't find file 'trapezoid_lvs.vtp'.
[2026-01-29 11:51:26.893] [warning] Couldn't find file 'trapezium_lvs.vtp'.
[2026-01-29 11:51:26.893] [warning] Couldn't find file 'metacarpal2_lvs.vtp'.
[2026-01-29 11:51:26.893] [warning] Couldn't find file 'index_proximal_lvs.vtp'.
[2026-01-29 11:51:26.893] [warning] Couldn't find file 'index_medial_lvs.vtp'.
[2026-01-29 11:51:26.893] [warning] Couldn't find file 'index_distal_lvs.vtp'.
[2026-01-29 11:51:26.893] [warning] Couldn't find file 'metacarpal3_lvs.vtp'.
[2026-01-29 11:51:26.893] [warning] Couldn't find file 'middle_proximal_lvs.vtp'.
[2026-01-29 11:51:26.893] [warning] Couldn't find file 'middle_medial_lvs.vtp'.
[2026-01-29 11:51:26.893] [warning] Couldn't find file 'middle_distal_lvs.vtp'.
[2026-01-29 11:51:26.893] [warning] Couldn't find file 'metacarpal4_lvs.vtp'.
[2026-01-29 11:51:26.893] [warning] Couldn't find file 'ring_proximal_lvs.vtp'.
[2026-01-29 11:51:26.894] [warning] Couldn't find file 'ring_medial_lvs.vtp'.
[2026-01-29 11:51:26.894] [warning] Couldn't find file 'ring_distal_lvs.vtp'.
[2026-01-29 11:51:26.894] [warning] Couldn't find file 'metacarpal5_lvs.vtp'.
[2026-01-29 11:51:26.894] [warning] Couldn't find file 'little_proximal_lvs.vtp'.
[2026-01-29 11:51:26.894] [warning] Couldn't find file 'little_medial_lvs.vtp'.
[2026-01-29 11:51:26.894] [warning] Couldn't find file 'little_distal_lvs.vtp'.
[2026-01-29 11:51:26.894] [warning] Couldn't find file 'metacarpal1_lvs.vtp'.
[2026-01-29 11:51:26.894] [warning] Couldn't find file 'thumb_proximal_lvs.vtp'.
[2026-01-29 11:51:26.894] [warning] Couldn't find file 'thumb_distal_lvs.vtp'.
[2026-01-29 11:51:26.898] [info] No external loads will be applied (external loads file not specified).
[2026-01-29 11:51:26.910] [info] Loading coordinates from file 'C:\Users\Israel Luis\Documents\GitHub\GoalOptimized\Database\sub4\IK\IK_sub4_v2_t1.mot'.
[2026-01-29 11:51:26.910] [info] Storage: read data file = C:\Users\Israel Luis\Documents\GitHub\GoalOptimized\Database\sub4\IK\IK_sub4_v2_t1.mot (nr=122 nc=40)
[2026-01-29 11:51:27.499] [info] Found 122 state vectors with time stamps ranging from 0.15 to 1.36.
[2026-01-29 11:51:27.499] [info] Executing the analyses from 0.15 to 1.36...
[2026-01-29 11:51:31.924] [info] Printing results of investigation IK_sub4_v2_t1 to C:\Users\Israel Luis\Documents\GitHub\GoalOptimized\ProjectResults\DSE\sub4\v2_t1\Je\MuscleAnalysis
[2026-01-29 11:52:32.336] [info] Updating Model file from 40000 to latest format...
[2026-01-29 11:52:32.353] [info] Loaded model 14_scaled_rajagopal2022 from file C:\Users\Israel Luis\Documents\GitHub\GoalOptimized\Database\sub5\model\model_rajagopal2022_sub5.osim
[2026-01-29 11:52:32.353] [warning] Couldn't find file 'r_pelvis.vtp'.
[2026-01-29 11:52:32.353] [warning] Couldn't find file 'l_pelvis.vtp'.
[2026-01-29 11:52:32.353] [warning] Couldn't find file 'sacrum.vtp'.
[2026-01-29 11:52:32.353] [warning] Couldn't find file 'r_femur.vtp'.
[2026-01-29 11:52:32.353] [warning] Couldn't find file 'r_tibia.vtp'.
[2026-01-29 11:52:32.353] [warning] Couldn't find file 'r_fibula.vtp'.
[2026-01-29 11:52:32.354] [warning] Couldn't find file 'r_patella.vtp'.
[2026-01-29 11:52:32.354] [warning] Couldn't find file 'r_talus.vtp'.
[2026-01-29 11:52:32.354] [warning] Couldn't find file 'r_foot.vtp'.
[2026-01-29 11:52:32.354] [warning] Couldn't find file 'r_bofoot.vtp'.
[2026-01-29 11:52:32.354] [warning] Couldn't find file 'l_femur.vtp'.
[2026-01-29 11:52:32.354] [warning] Couldn't find file 'l_tibia.vtp'.
[2026-01-29 11:52:32.354] [warning] Couldn't find file 'l_fibula.vtp'.
[2026-01-29 11:52:32.354] [warning] Couldn't find file 'l_patella.vtp'.
[2026-01-29 11:52:32.354] [warning] Couldn't find file 'l_talus.vtp'.
[2026-01-29 11:52:32.354] [warning] Couldn't find file 'l_foot.vtp'.
[2026-01-29 11:52:32.354] [warning] Couldn't find file 'l_bofoot.vtp'.
[2026-01-29 11:52:32.354] [warning] Couldn't find file 'hat_spine.vtp'.
[2026-01-29 11:52:32.354] [warning] Couldn't find file 'hat_jaw.vtp'.
[2026-01-29 11:52:32.354] [warning] Couldn't find file 'hat_skull.vtp'.
[2026-01-29 11:52:32.354] [warning] Couldn't find file 'hat_ribs_scap.vtp'.
[2026-01-29 11:52:32.354] [warning] Couldn't find file 'humerus_rv.vtp'.
[2026-01-29 11:52:32.354] [warning] Couldn't find file 'ulna_rv.vtp'.
[2026-01-29 11:52:32.354] [warning] Couldn't find file 'radius_rv.vtp'.
[2026-01-29 11:52:32.354] [warning] Couldn't find file 'pisiform_rvs.vtp'.
[2026-01-29 11:52:32.354] [warning] Couldn't find file 'lunate_rvs.vtp'.
[2026-01-29 11:52:32.354] [warning] Couldn't find file 'scaphoid_rvs.vtp'.
[2026-01-29 11:52:32.354] [warning] Couldn't find file 'triquetrum_rvs.vtp'.
[2026-01-29 11:52:32.354] [warning] Couldn't find file 'hamate_rvs.vtp'.
[2026-01-29 11:52:32.354] [warning] Couldn't find file 'capitate_rvs.vtp'.
[2026-01-29 11:52:32.354] [warning] Couldn't find file 'trapezoid_rvs.vtp'.
[2026-01-29 11:52:32.354] [warning] Couldn't find file 'trapezium_rvs.vtp'.
[2026-01-29 11:52:32.354] [warning] Couldn't find file 'metacarpal2_rvs.vtp'.
[2026-01-29 11:52:32.354] [warning] Couldn't find file 'index_proximal_rvs.vtp'.
[2026-01-29 11:52:32.355] [warning] Couldn't find file 'index_medial_rvs.vtp'.
[2026-01-29 11:52:32.355] [warning] Couldn't find file 'index_distal_rvs.vtp'.
[2026-01-29 11:52:32.355] [warning] Couldn't find file 'metacarpal3_rvs.vtp'.
[2026-01-29 11:52:32.355] [warning] Couldn't find file 'middle_proximal_rvs.vtp'.
[2026-01-29 11:52:32.355] [warning] Couldn't find file 'middle_medial_rvs.vtp'.
[2026-01-29 11:52:32.355] [warning] Couldn't find file 'middle_distal_rvs.vtp'.
[2026-01-29 11:52:32.355] [warning] Couldn't find file 'metacarpal4_rvs.vtp'.
[2026-01-29 11:52:32.355] [warning] Couldn't find file 'ring_proximal_rvs.vtp'.
[2026-01-29 11:52:32.355] [warning] Couldn't find file 'ring_medial_rvs.vtp'.
[2026-01-29 11:52:32.355] [warning] Couldn't find file 'ring_distal_rvs.vtp'.
[2026-01-29 11:52:32.355] [warning] Couldn't find file 'metacarpal5_rvs.vtp'.
[2026-01-29 11:52:32.355] [warning] Couldn't find file 'little_proximal_rvs.vtp'.
[2026-01-29 11:52:32.355] [warning] Couldn't find file 'little_medial_rvs.vtp'.
[2026-01-29 11:52:32.355] [warning] Couldn't find file 'little_distal_rvs.vtp'.
[2026-01-29 11:52:32.355] [warning] Couldn't find file 'metacarpal1_rvs.vtp'.
[2026-01-29 11:52:32.355] [warning] Couldn't find file 'thumb_proximal_rvs.vtp'.
[2026-01-29 11:52:32.355] [warning] Couldn't find file 'thumb_distal_rvs.vtp'.
[2026-01-29 11:52:32.355] [warning] Couldn't find file 'humerus_lv.vtp'.
[2026-01-29 11:52:32.355] [warning] Couldn't find file 'ulna_lv.vtp'.
[2026-01-29 11:52:32.355] [warning] Couldn't find file 'radius_lv.vtp'.
[2026-01-29 11:52:32.355] [warning] Couldn't find file 'pisiform_lvs.vtp'.
[2026-01-29 11:52:32.355] [warning] Couldn't find file 'lunate_lvs.vtp'.
[2026-01-29 11:52:32.355] [warning] Couldn't find file 'scaphoid_lvs.vtp'.
[2026-01-29 11:52:32.355] [warning] Couldn't find file 'triquetrum_lvs.vtp'.
[2026-01-29 11:52:32.355] [warning] Couldn't find file 'hamate_lvs.vtp'.
[2026-01-29 11:52:32.355] [warning] Couldn't find file 'capitate_lvs.vtp'.
[2026-01-29 11:52:32.355] [warning] Couldn't find file 'trapezoid_lvs.vtp'.
[2026-01-29 11:52:32.355] [warning] Couldn't find file 'trapezium_lvs.vtp'.
[2026-01-29 11:52:32.355] [warning] Couldn't find file 'metacarpal2_lvs.vtp'.
[2026-01-29 11:52:32.356] [warning] Couldn't find file 'index_proximal_lvs.vtp'.
[2026-01-29 11:52:32.356] [warning] Couldn't find file 'index_medial_lvs.vtp'.
[2026-01-29 11:52:32.356] [warning] Couldn't find file 'index_distal_lvs.vtp'.
[2026-01-29 11:52:32.356] [warning] Couldn't find file 'metacarpal3_lvs.vtp'.
[2026-01-29 11:52:32.356] [warning] Couldn't find file 'middle_proximal_lvs.vtp'.
[2026-01-29 11:52:32.356] [warning] Couldn't find file 'middle_medial_lvs.vtp'.
[2026-01-29 11:52:32.356] [warning] Couldn't find file 'middle_distal_lvs.vtp'.
[2026-01-29 11:52:32.356] [warning] Couldn't find file 'metacarpal4_lvs.vtp'.
[2026-01-29 11:52:32.356] [warning] Couldn't find file 'ring_proximal_lvs.vtp'.
[2026-01-29 11:52:32.356] [warning] Couldn't find file 'ring_medial_lvs.vtp'.
[2026-01-29 11:52:32.356] [warning] Couldn't find file 'ring_distal_lvs.vtp'.
[2026-01-29 11:52:32.356] [warning] Couldn't find file 'metacarpal5_lvs.vtp'.
[2026-01-29 11:52:32.356] [warning] Couldn't find file 'little_proximal_lvs.vtp'.
[2026-01-29 11:52:32.356] [warning] Couldn't find file 'little_medial_lvs.vtp'.
[2026-01-29 11:52:32.356] [warning] Couldn't find file 'little_distal_lvs.vtp'.
[2026-01-29 11:52:32.356] [warning] Couldn't find file 'metacarpal1_lvs.vtp'.
[2026-01-29 11:52:32.356] [warning] Couldn't find file 'thumb_proximal_lvs.vtp'.
[2026-01-29 11:52:32.356] [warning] Couldn't find file 'thumb_distal_lvs.vtp'.
[2026-01-29 11:52:32.366] [info] AbstractTool IK_sub5_v2_t1 loading model C:\Users\Israel Luis\Documents\GitHub\GoalOptimized\Database\sub5\model\model_rajagopal2022_sub5.osim
[2026-01-29 11:52:32.380] [info] Updating Model file from 40000 to latest format...
[2026-01-29 11:52:32.397] [info] Loaded model 14_scaled_rajagopal2022 from file C:\Users\Israel Luis\Documents\GitHub\GoalOptimized\Database\sub5\model\model_rajagopal2022_sub5.osim
[2026-01-29 11:52:32.398] [warning] Couldn't find file 'r_pelvis.vtp'.
[2026-01-29 11:52:32.398] [warning] Couldn't find file 'l_pelvis.vtp'.
[2026-01-29 11:52:32.398] [warning] Couldn't find file 'sacrum.vtp'.
[2026-01-29 11:52:32.398] [warning] Couldn't find file 'r_femur.vtp'.
[2026-01-29 11:52:32.398] [warning] Couldn't find file 'r_tibia.vtp'.
[2026-01-29 11:52:32.398] [warning] Couldn't find file 'r_fibula.vtp'.
[2026-01-29 11:52:32.398] [warning] Couldn't find file 'r_patella.vtp'.
[2026-01-29 11:52:32.398] [warning] Couldn't find file 'r_talus.vtp'.
[2026-01-29 11:52:32.398] [warning] Couldn't find file 'r_foot.vtp'.
[2026-01-29 11:52:32.398] [warning] Couldn't find file 'r_bofoot.vtp'.
[2026-01-29 11:52:32.398] [warning] Couldn't find file 'l_femur.vtp'.
[2026-01-29 11:52:32.398] [warning] Couldn't find file 'l_tibia.vtp'.
[2026-01-29 11:52:32.398] [warning] Couldn't find file 'l_fibula.vtp'.
[2026-01-29 11:52:32.398] [warning] Couldn't find file 'l_patella.vtp'.
[2026-01-29 11:52:32.398] [warning] Couldn't find file 'l_talus.vtp'.
[2026-01-29 11:52:32.398] [warning] Couldn't find file 'l_foot.vtp'.
[2026-01-29 11:52:32.398] [warning] Couldn't find file 'l_bofoot.vtp'.
[2026-01-29 11:52:32.398] [warning] Couldn't find file 'hat_spine.vtp'.
[2026-01-29 11:52:32.398] [warning] Couldn't find file 'hat_jaw.vtp'.
[2026-01-29 11:52:32.398] [warning] Couldn't find file 'hat_skull.vtp'.
[2026-01-29 11:52:32.398] [warning] Couldn't find file 'hat_ribs_scap.vtp'.
[2026-01-29 11:52:32.398] [warning] Couldn't find file 'humerus_rv.vtp'.
[2026-01-29 11:52:32.399] [warning] Couldn't find file 'ulna_rv.vtp'.
[2026-01-29 11:52:32.399] [warning] Couldn't find file 'radius_rv.vtp'.
[2026-01-29 11:52:32.399] [warning] Couldn't find file 'pisiform_rvs.vtp'.
[2026-01-29 11:52:32.399] [warning] Couldn't find file 'lunate_rvs.vtp'.
[2026-01-29 11:52:32.399] [warning] Couldn't find file 'scaphoid_rvs.vtp'.
[2026-01-29 11:52:32.399] [warning] Couldn't find file 'triquetrum_rvs.vtp'.
[2026-01-29 11:52:32.399] [warning] Couldn't find file 'hamate_rvs.vtp'.
[2026-01-29 11:52:32.399] [warning] Couldn't find file 'capitate_rvs.vtp'.
[2026-01-29 11:52:32.399] [warning] Couldn't find file 'trapezoid_rvs.vtp'.
[2026-01-29 11:52:32.399] [warning] Couldn't find file 'trapezium_rvs.vtp'.
[2026-01-29 11:52:32.399] [warning] Couldn't find file 'metacarpal2_rvs.vtp'.
[2026-01-29 11:52:32.399] [warning] Couldn't find file 'index_proximal_rvs.vtp'.
[2026-01-29 11:52:32.399] [warning] Couldn't find file 'index_medial_rvs.vtp'.
[2026-01-29 11:52:32.399] [warning] Couldn't find file 'index_distal_rvs.vtp'.
[2026-01-29 11:52:32.399] [warning] Couldn't find file 'metacarpal3_rvs.vtp'.
[2026-01-29 11:52:32.399] [warning] Couldn't find file 'middle_proximal_rvs.vtp'.
[2026-01-29 11:52:32.399] [warning] Couldn't find file 'middle_medial_rvs.vtp'.
[2026-01-29 11:52:32.399] [warning] Couldn't find file 'middle_distal_rvs.vtp'.
[2026-01-29 11:52:32.399] [warning] Couldn't find file 'metacarpal4_rvs.vtp'.
[2026-01-29 11:52:32.399] [warning] Couldn't find file 'ring_proximal_rvs.vtp'.
[2026-01-29 11:52:32.399] [warning] Couldn't find file 'ring_medial_rvs.vtp'.
[2026-01-29 11:52:32.399] [warning] Couldn't find file 'ring_distal_rvs.vtp'.
[2026-01-29 11:52:32.399] [warning] Couldn't find file 'metacarpal5_rvs.vtp'.
[2026-01-29 11:52:32.399] [warning] Couldn't find file 'little_proximal_rvs.vtp'.
[2026-01-29 11:52:32.399] [warning] Couldn't find file 'little_medial_rvs.vtp'.
[2026-01-29 11:52:32.399] [warning] Couldn't find file 'little_distal_rvs.vtp'.
[2026-01-29 11:52:32.399] [warning] Couldn't find file 'metacarpal1_rvs.vtp'.
[2026-01-29 11:52:32.399] [warning] Couldn't find file 'thumb_proximal_rvs.vtp'.
[2026-01-29 11:52:32.399] [warning] Couldn't find file 'thumb_distal_rvs.vtp'.
[2026-01-29 11:52:32.399] [warning] Couldn't find file 'humerus_lv.vtp'.
[2026-01-29 11:52:32.400] [warning] Couldn't find file 'ulna_lv.vtp'.
[2026-01-29 11:52:32.400] [warning] Couldn't find file 'radius_lv.vtp'.
[2026-01-29 11:52:32.400] [warning] Couldn't find file 'pisiform_lvs.vtp'.
[2026-01-29 11:52:32.400] [warning] Couldn't find file 'lunate_lvs.vtp'.
[2026-01-29 11:52:32.400] [warning] Couldn't find file 'scaphoid_lvs.vtp'.
[2026-01-29 11:52:32.400] [warning] Couldn't find file 'triquetrum_lvs.vtp'.
[2026-01-29 11:52:32.400] [warning] Couldn't find file 'hamate_lvs.vtp'.
[2026-01-29 11:52:32.400] [warning] Couldn't find file 'capitate_lvs.vtp'.
[2026-01-29 11:52:32.400] [warning] Couldn't find file 'trapezoid_lvs.vtp'.
[2026-01-29 11:52:32.400] [warning] Couldn't find file 'trapezium_lvs.vtp'.
[2026-01-29 11:52:32.400] [warning] Couldn't find file 'metacarpal2_lvs.vtp'.
[2026-01-29 11:52:32.400] [warning] Couldn't find file 'index_proximal_lvs.vtp'.
[2026-01-29 11:52:32.400] [warning] Couldn't find file 'index_medial_lvs.vtp'.
[2026-01-29 11:52:32.400] [warning] Couldn't find file 'index_distal_lvs.vtp'.
[2026-01-29 11:52:32.400] [warning] Couldn't find file 'metacarpal3_lvs.vtp'.
[2026-01-29 11:52:32.400] [warning] Couldn't find file 'middle_proximal_lvs.vtp'.
[2026-01-29 11:52:32.400] [warning] Couldn't find file 'middle_medial_lvs.vtp'.
[2026-01-29 11:52:32.400] [warning] Couldn't find file 'middle_distal_lvs.vtp'.
[2026-01-29 11:52:32.400] [warning] Couldn't find file 'metacarpal4_lvs.vtp'.
[2026-01-29 11:52:32.400] [warning] Couldn't find file 'ring_proximal_lvs.vtp'.
[2026-01-29 11:52:32.400] [warning] Couldn't find file 'ring_medial_lvs.vtp'.
[2026-01-29 11:52:32.400] [warning] Couldn't find file 'ring_distal_lvs.vtp'.
[2026-01-29 11:52:32.400] [warning] Couldn't find file 'metacarpal5_lvs.vtp'.
[2026-01-29 11:52:32.400] [warning] Couldn't find file 'little_proximal_lvs.vtp'.
[2026-01-29 11:52:32.400] [warning] Couldn't find file 'little_medial_lvs.vtp'.
[2026-01-29 11:52:32.400] [warning] Couldn't find file 'little_distal_lvs.vtp'.
[2026-01-29 11:52:32.400] [warning] Couldn't find file 'metacarpal1_lvs.vtp'.
[2026-01-29 11:52:32.400] [warning] Couldn't find file 'thumb_proximal_lvs.vtp'.
[2026-01-29 11:52:32.400] [warning] Couldn't find file 'thumb_distal_lvs.vtp'.
[2026-01-29 11:52:32.405] [info] No external loads will be applied (external loads file not specified).
[2026-01-29 11:52:32.416] [info] Loading coordinates from file 'C:\Users\Israel Luis\Documents\GitHub\GoalOptimized\Database\sub5\IK\IK_sub5_v2_t1.mot'.
[2026-01-29 11:52:32.416] [info] Storage: read data file = C:\Users\Israel Luis\Documents\GitHub\GoalOptimized\Database\sub5\IK\IK_sub5_v2_t1.mot (nr=112 nc=40)
[2026-01-29 11:52:32.981] [info] Found 112 state vectors with time stamps ranging from 0.25 to 1.36.
[2026-01-29 11:52:32.981] [info] Executing the analyses from 0.25 to 1.36...
[2026-01-29 11:52:37.066] [info] Printing results of investigation IK_sub5_v2_t1 to C:\Users\Israel Luis\Documents\GitHub\GoalOptimized\ProjectResults\DSE\sub5\v2_t1\Je\MuscleAnalysis
[2026-02-16 15:41:00.436] [info] Updating Model file from 40000 to latest format...
[2026-02-16 15:41:00.456] [info] Loaded model 1_scaled_rajagopal2022 from file C:\Users\Israel Luis\Documents\GitHub\GoalOptimized\Database\sub1\model\model_rajagopal2022_sub1.osim
[2026-02-16 15:41:00.456] [warning] Couldn't find file 'r_pelvis.vtp'.
[2026-02-16 15:41:00.456] [warning] Couldn't find file 'l_pelvis.vtp'.
[2026-02-16 15:41:00.456] [warning] Couldn't find file 'sacrum.vtp'.
[2026-02-16 15:41:00.456] [warning] Couldn't find file 'r_femur.vtp'.
[2026-02-16 15:41:00.456] [warning] Couldn't find file 'r_tibia.vtp'.
[2026-02-16 15:41:00.456] [warning] Couldn't find file 'r_fibula.vtp'.
[2026-02-16 15:41:00.457] [warning] Couldn't find file 'r_patella.vtp'.
[2026-02-16 15:41:00.457] [warning] Couldn't find file 'r_talus.vtp'.
[2026-02-16 15:41:00.457] [warning] Couldn't find file 'r_foot.vtp'.
[2026-02-16 15:41:00.457] [warning] Couldn't find file 'r_bofoot.vtp'.
[2026-02-16 15:41:00.457] [warning] Couldn't find file 'l_femur.vtp'.
[2026-02-16 15:41:00.457] [warning] Couldn't find file 'l_tibia.vtp'.
[2026-02-16 15:41:00.457] [warning] Couldn't find file 'l_fibula.vtp'.
[2026-02-16 15:41:00.457] [warning] Couldn't find file 'l_patella.vtp'.
[2026-02-16 15:41:00.457] [warning] Couldn't find file 'l_talus.vtp'.
[2026-02-16 15:41:00.457] [warning] Couldn't find file 'l_foot.vtp'.
[2026-02-16 15:41:00.457] [warning] Couldn't find file 'l_bofoot.vtp'.
[2026-02-16 15:41:00.457] [warning] Couldn't find file 'hat_spine.vtp'.
[2026-02-16 15:41:00.457] [warning] Couldn't find file 'hat_jaw.vtp'.
[2026-02-16 15:41:00.457] [warning] Couldn't find file 'hat_skull.vtp'.
[2026-02-16 15:41:00.457] [warning] Couldn't find file 'hat_ribs_scap.vtp'.
[2026-02-16 15:41:00.457] [warning] Couldn't find file 'humerus_rv.vtp'.
[2026-02-16 15:41:00.457] [warning] Couldn't find file 'ulna_rv.vtp'.
[2026-02-16 15:41:00.457] [warning] Couldn't find file 'radius_rv.vtp'.
[2026-02-16 15:41:00.457] [warning] Couldn't find file 'pisiform_rvs.vtp'.
[2026-02-16 15:41:00.457] [warning] Couldn't find file 'lunate_rvs.vtp'.
[2026-02-16 15:41:00.457] [warning] Couldn't find file 'scaphoid_rvs.vtp'.
[2026-02-16 15:41:00.457] [warning] Couldn't find file 'triquetrum_rvs.vtp'.
[2026-02-16 15:41:00.457] [warning] Couldn't find file 'hamate_rvs.vtp'.
[2026-02-16 15:41:00.457] [warning] Couldn't find file 'capitate_rvs.vtp'.
[2026-02-16 15:41:00.457] [warning] Couldn't find file 'trapezoid_rvs.vtp'.
[2026-02-16 15:41:00.457] [warning] Couldn't find file 'trapezium_rvs.vtp'.
[2026-02-16 15:41:00.458] [warning] Couldn't find file 'metacarpal2_rvs.vtp'.
[2026-02-16 15:41:00.458] [warning] Couldn't find file 'index_proximal_rvs.vtp'.
[2026-02-16 15:41:00.458] [warning] Couldn't find file 'index_medial_rvs.vtp'.
[2026-02-16 15:41:00.458] [warning] Couldn't find file 'index_distal_rvs.vtp'.
[2026-02-16 15:41:00.458] [warning] Couldn't find file 'metacarpal3_rvs.vtp'.
[2026-02-16 15:41:00.458] [warning] Couldn't find file 'middle_proximal_rvs.vtp'.
[2026-02-16 15:41:00.458] [warning] Couldn't find file 'middle_medial_rvs.vtp'.
[2026-02-16 15:41:00.458] [warning] Couldn't find file 'middle_distal_rvs.vtp'.
[2026-02-16 15:41:00.458] [warning] Couldn't find file 'metacarpal4_rvs.vtp'.
[2026-02-16 15:41:00.458] [warning] Couldn't find file 'ring_proximal_rvs.vtp'.
[2026-02-16 15:41:00.458] [warning] Couldn't find file 'ring_medial_rvs.vtp'.
[2026-02-16 15:41:00.458] [warning] Couldn't find file 'ring_distal_rvs.vtp'.
[2026-02-16 15:41:00.458] [warning] Couldn't find file 'metacarpal5_rvs.vtp'.
[2026-02-16 15:41:00.458] [warning] Couldn't find file 'little_proximal_rvs.vtp'.
[2026-02-16 15:41:00.458] [warning] Couldn't find file 'little_medial_rvs.vtp'.
[2026-02-16 15:41:00.458] [warning] Couldn't find file 'little_distal_rvs.vtp'.
[2026-02-16 15:41:00.458] [warning] Couldn't find file 'metacarpal1_rvs.vtp'.
[2026-02-16 15:41:00.458] [warning] Couldn't find file 'thumb_proximal_rvs.vtp'.
[2026-02-16 15:41:00.458] [warning] Couldn't find file 'thumb_distal_rvs.vtp'.
[2026-02-16 15:41:00.458] [warning] Couldn't find file 'humerus_lv.vtp'.
[2026-02-16 15:41:00.458] [warning] Couldn't find file 'ulna_lv.vtp'.
[2026-02-16 15:41:00.458] [warning] Couldn't find file 'radius_lv.vtp'.
[2026-02-16 15:41:00.458] [warning] Couldn't find file 'pisiform_lvs.vtp'.
[2026-02-16 15:41:00.458] [warning] Couldn't find file 'lunate_lvs.vtp'.
[2026-02-16 15:41:00.458] [warning] Couldn't find file 'scaphoid_lvs.vtp'.
[2026-02-16 15:41:00.458] [warning] Couldn't find file 'triquetrum_lvs.vtp'.
[2026-02-16 15:41:00.459] [warning] Couldn't find file 'hamate_lvs.vtp'.
[2026-02-16 15:41:00.459] [warning] Couldn't find file 'capitate_lvs.vtp'.
[2026-02-16 15:41:00.459] [warning] Couldn't find file 'trapezoid_lvs.vtp'.
[2026-02-16 15:41:00.459] [warning] Couldn't find file 'trapezium_lvs.vtp'.
[2026-02-16 15:41:00.459] [warning] Couldn't find file 'metacarpal2_lvs.vtp'.
[2026-02-16 15:41:00.459] [warning] Couldn't find file 'index_proximal_lvs.vtp'.
[2026-02-16 15:41:00.459] [warning] Couldn't find file 'index_medial_lvs.vtp'.
[2026-02-16 15:41:00.459] [warning] Couldn't find file 'index_distal_lvs.vtp'.
[2026-02-16 15:41:00.459] [warning] Couldn't find file 'metacarpal3_lvs.vtp'.
[2026-02-16 15:41:00.459] [warning] Couldn't find file 'middle_proximal_lvs.vtp'.
[2026-02-16 15:41:00.459] [warning] Couldn't find file 'middle_medial_lvs.vtp'.
[2026-02-16 15:41:00.459] [warning] Couldn't find file 'middle_distal_lvs.vtp'.
[2026-02-16 15:41:00.459] [warning] Couldn't find file 'metacarpal4_lvs.vtp'.
[2026-02-16 15:41:00.459] [warning] Couldn't find file 'ring_proximal_lvs.vtp'.
[2026-02-16 15:41:00.459] [warning] Couldn't find file 'ring_medial_lvs.vtp'.
[2026-02-16 15:41:00.459] [warning] Couldn't find file 'ring_distal_lvs.vtp'.
[2026-02-16 15:41:00.459] [warning] Couldn't find file 'metacarpal5_lvs.vtp'.
[2026-02-16 15:41:00.459] [warning] Couldn't find file 'little_proximal_lvs.vtp'.
[2026-02-16 15:41:00.459] [warning] Couldn't find file 'little_medial_lvs.vtp'.
[2026-02-16 15:41:00.459] [warning] Couldn't find file 'little_distal_lvs.vtp'.
[2026-02-16 15:41:00.459] [warning] Couldn't find file 'metacarpal1_lvs.vtp'.
[2026-02-16 15:41:00.459] [warning] Couldn't find file 'thumb_proximal_lvs.vtp'.
[2026-02-16 15:41:00.459] [warning] Couldn't find file 'thumb_distal_lvs.vtp'.
[2026-02-16 15:42:22.025] [info] Updating Model file from 40000 to latest format...
[2026-02-16 15:42:22.045] [info] Loaded model 1_scaled_rajagopal2022 from file C:\Users\Israel Luis\Documents\GitHub\GoalOptimized\Database\sub1\model\model_rajagopal2022_sub1.osim
[2026-02-16 15:42:22.045] [warning] Couldn't find file 'r_pelvis.vtp'.
[2026-02-16 15:42:22.046] [warning] Couldn't find file 'l_pelvis.vtp'.
[2026-02-16 15:42:22.046] [warning] Couldn't find file 'sacrum.vtp'.
[2026-02-16 15:42:22.046] [warning] Couldn't find file 'r_femur.vtp'.
[2026-02-16 15:42:22.046] [warning] Couldn't find file 'r_tibia.vtp'.
[2026-02-16 15:42:22.046] [warning] Couldn't find file 'r_fibula.vtp'.
[2026-02-16 15:42:22.046] [warning] Couldn't find file 'r_patella.vtp'.
[2026-02-16 15:42:22.046] [warning] Couldn't find file 'r_talus.vtp'.
[2026-02-16 15:42:22.046] [warning] Couldn't find file 'r_foot.vtp'.
[2026-02-16 15:42:22.046] [warning] Couldn't find file 'r_bofoot.vtp'.
[2026-02-16 15:42:22.046] [warning] Couldn't find file 'l_femur.vtp'.
[2026-02-16 15:42:22.046] [warning] Couldn't find file 'l_tibia.vtp'.
[2026-02-16 15:42:22.046] [warning] Couldn't find file 'l_fibula.vtp'.
[2026-02-16 15:42:22.046] [warning] Couldn't find file 'l_patella.vtp'.
[2026-02-16 15:42:22.046] [warning] Couldn't find file 'l_talus.vtp'.
[2026-02-16 15:42:22.046] [warning] Couldn't find file 'l_foot.vtp'.
[2026-02-16 15:42:22.046] [warning] Couldn't find file 'l_bofoot.vtp'.
[2026-02-16 15:42:22.046] [warning] Couldn't find file 'hat_spine.vtp'.
[2026-02-16 15:42:22.046] [warning] Couldn't find file 'hat_jaw.vtp'.
[2026-02-16 15:42:22.046] [warning] Couldn't find file 'hat_skull.vtp'.
[2026-02-16 15:42:22.046] [warning] Couldn't find file 'hat_ribs_scap.vtp'.
[2026-02-16 15:42:22.046] [warning] Couldn't find file 'humerus_rv.vtp'.
[2026-02-16 15:42:22.046] [warning] Couldn't find file 'ulna_rv.vtp'.
[2026-02-16 15:42:22.047] [warning] Couldn't find file 'radius_rv.vtp'.
[2026-02-16 15:42:22.047] [warning] Couldn't find file 'pisiform_rvs.vtp'.
[2026-02-16 15:42:22.047] [warning] Couldn't find file 'lunate_rvs.vtp'.
[2026-02-16 15:42:22.047] [warning] Couldn't find file 'scaphoid_rvs.vtp'.
[2026-02-16 15:42:22.047] [warning] Couldn't find file 'triquetrum_rvs.vtp'.
[2026-02-16 15:42:22.047] [warning] Couldn't find file 'hamate_rvs.vtp'.
[2026-02-16 15:42:22.047] [warning] Couldn't find file 'capitate_rvs.vtp'.
[2026-02-16 15:42:22.047] [warning] Couldn't find file 'trapezoid_rvs.vtp'.
[2026-02-16 15:42:22.047] [warning] Couldn't find file 'trapezium_rvs.vtp'.
[2026-02-16 15:42:22.047] [warning] Couldn't find file 'metacarpal2_rvs.vtp'.
[2026-02-16 15:42:22.047] [warning] Couldn't find file 'index_proximal_rvs.vtp'.
[2026-02-16 15:42:22.047] [warning] Couldn't find file 'index_medial_rvs.vtp'.
[2026-02-16 15:42:22.047] [warning] Couldn't find file 'index_distal_rvs.vtp'.
[2026-02-16 15:42:22.047] [warning] Couldn't find file 'metacarpal3_rvs.vtp'.
[2026-02-16 15:42:22.047] [warning] Couldn't find file 'middle_proximal_rvs.vtp'.
[2026-02-16 15:42:22.047] [warning] Couldn't find file 'middle_medial_rvs.vtp'.
[2026-02-16 15:42:22.047] [warning] Couldn't find file 'middle_distal_rvs.vtp'.
[2026-02-16 15:42:22.047] [warning] Couldn't find file 'metacarpal4_rvs.vtp'.
[2026-02-16 15:42:22.047] [warning] Couldn't find file 'ring_proximal_rvs.vtp'.
[2026-02-16 15:42:22.047] [warning] Couldn't find file 'ring_medial_rvs.vtp'.
[2026-02-16 15:42:22.047] [warning] Couldn't find file 'ring_distal_rvs.vtp'.
[2026-02-16 15:42:22.047] [warning] Couldn't find file 'metacarpal5_rvs.vtp'.
[2026-02-16 15:42:22.047] [warning] Couldn't find file 'little_proximal_rvs.vtp'.
[2026-02-16 15:42:22.047] [warning] Couldn't find file 'little_medial_rvs.vtp'.
[2026-02-16 15:42:22.047] [warning] Couldn't find file 'little_distal_rvs.vtp'.
[2026-02-16 15:42:22.047] [warning] Couldn't find file 'metacarpal1_rvs.vtp'.
[2026-02-16 15:42:22.048] [warning] Couldn't find file 'thumb_proximal_rvs.vtp'.
[2026-02-16 15:42:22.048] [warning] Couldn't find file 'thumb_distal_rvs.vtp'.
[2026-02-16 15:42:22.048] [warning] Couldn't find file 'humerus_lv.vtp'.
[2026-02-16 15:42:22.048] [warning] Couldn't find file 'ulna_lv.vtp'.
[2026-02-16 15:42:22.048] [warning] Couldn't find file 'radius_lv.vtp'.
[2026-02-16 15:42:22.048] [warning] Couldn't find file 'pisiform_lvs.vtp'.
[2026-02-16 15:42:22.048] [warning] Couldn't find file 'lunate_lvs.vtp'.
[2026-02-16 15:42:22.048] [warning] Couldn't find file 'scaphoid_lvs.vtp'.
[2026-02-16 15:42:22.048] [warning] Couldn't find file 'triquetrum_lvs.vtp'.
[2026-02-16 15:42:22.048] [warning] Couldn't find file 'hamate_lvs.vtp'.
[2026-02-16 15:42:22.048] [warning] Couldn't find file 'capitate_lvs.vtp'.
[2026-02-16 15:42:22.048] [warning] Couldn't find file 'trapezoid_lvs.vtp'.
[2026-02-16 15:42:22.048] [warning] Couldn't find file 'trapezium_lvs.vtp'.
[2026-02-16 15:42:22.048] [warning] Couldn't find file 'metacarpal2_lvs.vtp'.
[2026-02-16 15:42:22.048] [warning] Couldn't find file 'index_proximal_lvs.vtp'.
[2026-02-16 15:42:22.048] [warning] Couldn't find file 'index_medial_lvs.vtp'.
[2026-02-16 15:42:22.048] [warning] Couldn't find file 'index_distal_lvs.vtp'.
[2026-02-16 15:42:22.048] [warning] Couldn't find file 'metacarpal3_lvs.vtp'.
[2026-02-16 15:42:22.048] [warning] Couldn't find file 'middle_proximal_lvs.vtp'.
[2026-02-16 15:42:22.048] [warning] Couldn't find file 'middle_medial_lvs.vtp'.
[2026-02-16 15:42:22.048] [warning] Couldn't find file 'middle_distal_lvs.vtp'.
[2026-02-16 15:42:22.048] [warning] Couldn't find file 'metacarpal4_lvs.vtp'.
[2026-02-16 15:42:22.048] [warning] Couldn't find file 'ring_proximal_lvs.vtp'.
[2026-02-16 15:42:22.048] [warning] Couldn't find file 'ring_medial_lvs.vtp'.
[2026-02-16 15:42:22.048] [warning] Couldn't find file 'ring_distal_lvs.vtp'.
[2026-02-16 15:42:22.048] [warning] Couldn't find file 'metacarpal5_lvs.vtp'.
[2026-02-16 15:42:22.048] [warning] Couldn't find file 'little_proximal_lvs.vtp'.
[2026-02-16 15:42:22.049] [warning] Couldn't find file 'little_medial_lvs.vtp'.
[2026-02-16 15:42:22.049] [warning] Couldn't find file 'little_distal_lvs.vtp'.
[2026-02-16 15:42:22.049] [warning] Couldn't find file 'metacarpal1_lvs.vtp'.
[2026-02-16 15:42:22.049] [warning] Couldn't find file 'thumb_proximal_lvs.vtp'.
[2026-02-16 15:42:22.049] [warning] Couldn't find file 'thumb_distal_lvs.vtp'.
[2026-02-16 15:43:30.455] [info] Updating Model file from 40000 to latest format...
[2026-02-16 15:43:30.474] [info] Loaded model 1_scaled_rajagopal2022 from file C:\Users\Israel Luis\Documents\GitHub\GoalOptimized\Database\sub1\model\model_rajagopal2022_sub1.osim
[2026-02-16 15:43:30.474] [warning] Couldn't find file 'r_pelvis.vtp'.
[2026-02-16 15:43:30.474] [warning] Couldn't find file 'l_pelvis.vtp'.
[2026-02-16 15:43:30.474] [warning] Couldn't find file 'sacrum.vtp'.
[2026-02-16 15:43:30.474] [warning] Couldn't find file 'r_femur.vtp'.
[2026-02-16 15:43:30.474] [warning] Couldn't find file 'r_tibia.vtp'.
[2026-02-16 15:43:30.474] [warning] Couldn't find file 'r_fibula.vtp'.
[2026-02-16 15:43:30.474] [warning] Couldn't find file 'r_patella.vtp'.
[2026-02-16 15:43:30.475] [warning] Couldn't find file 'r_talus.vtp'.
[2026-02-16 15:43:30.475] [warning] Couldn't find file 'r_foot.vtp'.
[2026-02-16 15:43:30.475] [warning] Couldn't find file 'r_bofoot.vtp'.
[2026-02-16 15:43:30.475] [warning] Couldn't find file 'l_femur.vtp'.
[2026-02-16 15:43:30.475] [warning] Couldn't find file 'l_tibia.vtp'.
[2026-02-16 15:43:30.475] [warning] Couldn't find file 'l_fibula.vtp'.
[2026-02-16 15:43:30.475] [warning] Couldn't find file 'l_patella.vtp'.
[2026-02-16 15:43:30.475] [warning] Couldn't find file 'l_talus.vtp'.
[2026-02-16 15:43:30.475] [warning] Couldn't find file 'l_foot.vtp'.
[2026-02-16 15:43:30.475] [warning] Couldn't find file 'l_bofoot.vtp'.
[2026-02-16 15:43:30.475] [warning] Couldn't find file 'hat_spine.vtp'.
[2026-02-16 15:43:30.475] [warning] Couldn't find file 'hat_jaw.vtp'.
[2026-02-16 15:43:30.475] [warning] Couldn't find file 'hat_skull.vtp'.
[2026-02-16 15:43:30.475] [warning] Couldn't find file 'hat_ribs_scap.vtp'.
[2026-02-16 15:43:30.475] [warning] Couldn't find file 'humerus_rv.vtp'.
[2026-02-16 15:43:30.475] [warning] Couldn't find file 'ulna_rv.vtp'.
[2026-02-16 15:43:30.475] [warning] Couldn't find file 'radius_rv.vtp'.
[2026-02-16 15:43:30.475] [warning] Couldn't find file 'pisiform_rvs.vtp'.
[2026-02-16 15:43:30.475] [warning] Couldn't find file 'lunate_rvs.vtp'.
[2026-02-16 15:43:30.475] [warning] Couldn't find file 'scaphoid_rvs.vtp'.
[2026-02-16 15:43:30.475] [warning] Couldn't find file 'triquetrum_rvs.vtp'.
[2026-02-16 15:43:30.475] [warning] Couldn't find file 'hamate_rvs.vtp'.
[2026-02-16 15:43:30.475] [warning] Couldn't find file 'capitate_rvs.vtp'.
[2026-02-16 15:43:30.475] [warning] Couldn't find file 'trapezoid_rvs.vtp'.
[2026-02-16 15:43:30.475] [warning] Couldn't find file 'trapezium_rvs.vtp'.
[2026-02-16 15:43:30.476] [warning] Couldn't find file 'metacarpal2_rvs.vtp'.
[2026-02-16 15:43:30.476] [warning] Couldn't find file 'index_proximal_rvs.vtp'.
[2026-02-16 15:43:30.476] [warning] Couldn't find file 'index_medial_rvs.vtp'.
[2026-02-16 15:43:30.476] [warning] Couldn't find file 'index_distal_rvs.vtp'.
[2026-02-16 15:43:30.476] [warning] Couldn't find file 'metacarpal3_rvs.vtp'.
[2026-02-16 15:43:30.476] [warning] Couldn't find file 'middle_proximal_rvs.vtp'.
[2026-02-16 15:43:30.476] [warning] Couldn't find file 'middle_medial_rvs.vtp'.
[2026-02-16 15:43:30.476] [warning] Couldn't find file 'middle_distal_rvs.vtp'.
[2026-02-16 15:43:30.476] [warning] Couldn't find file 'metacarpal4_rvs.vtp'.
[2026-02-16 15:43:30.476] [warning] Couldn't find file 'ring_proximal_rvs.vtp'.
[2026-02-16 15:43:30.476] [warning] Couldn't find file 'ring_medial_rvs.vtp'.
[2026-02-16 15:43:30.476] [warning] Couldn't find file 'ring_distal_rvs.vtp'.
[2026-02-16 15:43:30.476] [warning] Couldn't find file 'metacarpal5_rvs.vtp'.
[2026-02-16 15:43:30.476] [warning] Couldn't find file 'little_proximal_rvs.vtp'.
[2026-02-16 15:43:30.476] [warning] Couldn't find file 'little_medial_rvs.vtp'.
[2026-02-16 15:43:30.476] [warning] Couldn't find file 'little_distal_rvs.vtp'.
[2026-02-16 15:43:30.476] [warning] Couldn't find file 'metacarpal1_rvs.vtp'.
[2026-02-16 15:43:30.476] [warning] Couldn't find file 'thumb_proximal_rvs.vtp'.
[2026-02-16 15:43:30.476] [warning] Couldn't find file 'thumb_distal_rvs.vtp'.
[2026-02-16 15:43:30.476] [warning] Couldn't find file 'humerus_lv.vtp'.
[2026-02-16 15:43:30.476] [warning] Couldn't find file 'ulna_lv.vtp'.
[2026-02-16 15:43:30.476] [warning] Couldn't find file 'radius_lv.vtp'.
[2026-02-16 15:43:30.476] [warning] Couldn't find file 'pisiform_lvs.vtp'.
[2026-02-16 15:43:30.476] [warning] Couldn't find file 'lunate_lvs.vtp'.
[2026-02-16 15:43:30.476] [warning] Couldn't find file 'scaphoid_lvs.vtp'.
[2026-02-16 15:43:30.476] [warning] Couldn't find file 'triquetrum_lvs.vtp'.
[2026-02-16 15:43:30.476] [warning] Couldn't find file 'hamate_lvs.vtp'.
[2026-02-16 15:43:30.477] [warning] Couldn't find file 'capitate_lvs.vtp'.
[2026-02-16 15:43:30.477] [warning] Couldn't find file 'trapezoid_lvs.vtp'.
[2026-02-16 15:43:30.477] [warning] Couldn't find file 'trapezium_lvs.vtp'.
[2026-02-16 15:43:30.477] [warning] Couldn't find file 'metacarpal2_lvs.vtp'.
[2026-02-16 15:43:30.477] [warning] Couldn't find file 'index_proximal_lvs.vtp'.
[2026-02-16 15:43:30.477] [warning] Couldn't find file 'index_medial_lvs.vtp'.
[2026-02-16 15:43:30.477] [warning] Couldn't find file 'index_distal_lvs.vtp'.
[2026-02-16 15:43:30.477] [warning] Couldn't find file 'metacarpal3_lvs.vtp'.
[2026-02-16 15:43:30.477] [warning] Couldn't find file 'middle_proximal_lvs.vtp'.
[2026-02-16 15:43:30.477] [warning] Couldn't find file 'middle_medial_lvs.vtp'.
[2026-02-16 15:43:30.477] [warning] Couldn't find file 'middle_distal_lvs.vtp'.
[2026-02-16 15:43:30.477] [warning] Couldn't find file 'metacarpal4_lvs.vtp'.
[2026-02-16 15:43:30.477] [warning] Couldn't find file 'ring_proximal_lvs.vtp'.
[2026-02-16 15:43:30.477] [warning] Couldn't find file 'ring_medial_lvs.vtp'.
[2026-02-16 15:43:30.477] [warning] Couldn't find file 'ring_distal_lvs.vtp'.
[2026-02-16 15:43:30.477] [warning] Couldn't find file 'metacarpal5_lvs.vtp'.
[2026-02-16 15:43:30.477] [warning] Couldn't find file 'little_proximal_lvs.vtp'.
[2026-02-16 15:43:30.477] [warning] Couldn't find file 'little_medial_lvs.vtp'.
[2026-02-16 15:43:30.477] [warning] Couldn't find file 'little_distal_lvs.vtp'.
[2026-02-16 15:43:30.477] [warning] Couldn't find file 'metacarpal1_lvs.vtp'.
[2026-02-16 15:43:30.477] [warning] Couldn't find file 'thumb_proximal_lvs.vtp'.
[2026-02-16 15:43:30.477] [warning] Couldn't find file 'thumb_distal_lvs.vtp'.
[2026-02-16 15:44:50.539] [info] Updating Model file from 40000 to latest format...
[2026-02-16 15:44:50.558] [info] Loaded model 1_scaled_rajagopal2022 from file C:\Users\Israel Luis\Documents\GitHub\GoalOptimized\Database\sub1\model\model_rajagopal2022_sub1.osim
[2026-02-16 15:44:50.558] [warning] Couldn't find file 'r_pelvis.vtp'.
[2026-02-16 15:44:50.558] [warning] Couldn't find file 'l_pelvis.vtp'.
[2026-02-16 15:44:50.558] [warning] Couldn't find file 'sacrum.vtp'.
[2026-02-16 15:44:50.558] [warning] Couldn't find file 'r_femur.vtp'.
[2026-02-16 15:44:50.558] [warning] Couldn't find file 'r_tibia.vtp'.
[2026-02-16 15:44:50.558] [warning] Couldn't find file 'r_fibula.vtp'.
[2026-02-16 15:44:50.558] [warning] Couldn't find file 'r_patella.vtp'.
[2026-02-16 15:44:50.558] [warning] Couldn't find file 'r_talus.vtp'.
[2026-02-16 15:44:50.558] [warning] Couldn't find file 'r_foot.vtp'.
[2026-02-16 15:44:50.558] [warning] Couldn't find file 'r_bofoot.vtp'.
[2026-02-16 15:44:50.558] [warning] Couldn't find file 'l_femur.vtp'.
[2026-02-16 15:44:50.559] [warning] Couldn't find file 'l_tibia.vtp'.
[2026-02-16 15:44:50.559] [warning] Couldn't find file 'l_fibula.vtp'.
[2026-02-16 15:44:50.559] [warning] Couldn't find file 'l_patella.vtp'.
[2026-02-16 15:44:50.559] [warning] Couldn't find file 'l_talus.vtp'.
[2026-02-16 15:44:50.559] [warning] Couldn't find file 'l_foot.vtp'.
[2026-02-16 15:44:50.559] [warning] Couldn't find file 'l_bofoot.vtp'.
[2026-02-16 15:44:50.559] [warning] Couldn't find file 'hat_spine.vtp'.
[2026-02-16 15:44:50.559] [warning] Couldn't find file 'hat_jaw.vtp'.
[2026-02-16 15:44:50.559] [warning] Couldn't find file 'hat_skull.vtp'.
[2026-02-16 15:44:50.559] [warning] Couldn't find file 'hat_ribs_scap.vtp'.
[2026-02-16 15:44:50.559] [warning] Couldn't find file 'humerus_rv.vtp'.
[2026-02-16 15:44:50.559] [warning] Couldn't find file 'ulna_rv.vtp'.
[2026-02-16 15:44:50.559] [warning] Couldn't find file 'radius_rv.vtp'.
[2026-02-16 15:44:50.559] [warning] Couldn't find file 'pisiform_rvs.vtp'.
[2026-02-16 15:44:50.559] [warning] Couldn't find file 'lunate_rvs.vtp'.
[2026-02-16 15:44:50.559] [warning] Couldn't find file 'scaphoid_rvs.vtp'.
[2026-02-16 15:44:50.559] [warning] Couldn't find file 'triquetrum_rvs.vtp'.
[2026-02-16 15:44:50.559] [warning] Couldn't find file 'hamate_rvs.vtp'.
[2026-02-16 15:44:50.559] [warning] Couldn't find file 'capitate_rvs.vtp'.
[2026-02-16 15:44:50.559] [warning] Couldn't find file 'trapezoid_rvs.vtp'.
[2026-02-16 15:44:50.559] [warning] Couldn't find file 'trapezium_rvs.vtp'.
[2026-02-16 15:44:50.559] [warning] Couldn't find file 'metacarpal2_rvs.vtp'.
[2026-02-16 15:44:50.559] [warning] Couldn't find file 'index_proximal_rvs.vtp'.
[2026-02-16 15:44:50.559] [warning] Couldn't find file 'index_medial_rvs.vtp'.
[2026-02-16 15:44:50.559] [warning] Couldn't find file 'index_distal_rvs.vtp'.
[2026-02-16 15:44:50.559] [warning] Couldn't find file 'metacarpal3_rvs.vtp'.
[2026-02-16 15:44:50.560] [warning] Couldn't find file 'middle_proximal_rvs.vtp'.
[2026-02-16 15:44:50.560] [warning] Couldn't find file 'middle_medial_rvs.vtp'.
[2026-02-16 15:44:50.560] [warning] Couldn't find file 'middle_distal_rvs.vtp'.
[2026-02-16 15:44:50.560] [warning] Couldn't find file 'metacarpal4_rvs.vtp'.
[2026-02-16 15:44:50.560] [warning] Couldn't find file 'ring_proximal_rvs.vtp'.
[2026-02-16 15:44:50.560] [warning] Couldn't find file 'ring_medial_rvs.vtp'.
[2026-02-16 15:44:50.560] [warning] Couldn't find file 'ring_distal_rvs.vtp'.
[2026-02-16 15:44:50.560] [warning] Couldn't find file 'metacarpal5_rvs.vtp'.
[2026-02-16 15:44:50.560] [warning] Couldn't find file 'little_proximal_rvs.vtp'.
[2026-02-16 15:44:50.560] [warning] Couldn't find file 'little_medial_rvs.vtp'.
[2026-02-16 15:44:50.560] [warning] Couldn't find file 'little_distal_rvs.vtp'.
[2026-02-16 15:44:50.560] [warning] Couldn't find file 'metacarpal1_rvs.vtp'.
[2026-02-16 15:44:50.560] [warning] Couldn't find file 'thumb_proximal_rvs.vtp'.
[2026-02-16 15:44:50.560] [warning] Couldn't find file 'thumb_distal_rvs.vtp'.
[2026-02-16 15:44:50.560] [warning] Couldn't find file 'humerus_lv.vtp'.
[2026-02-16 15:44:50.560] [warning] Couldn't find file 'ulna_lv.vtp'.
[2026-02-16 15:44:50.560] [warning] Couldn't find file 'radius_lv.vtp'.
[2026-02-16 15:44:50.560] [warning] Couldn't find file 'pisiform_lvs.vtp'.
[2026-02-16 15:44:50.560] [warning] Couldn't find file 'lunate_lvs.vtp'.
[2026-02-16 15:44:50.560] [warning] Couldn't find file 'scaphoid_lvs.vtp'.
[2026-02-16 15:44:50.560] [warning] Couldn't find file 'triquetrum_lvs.vtp'.
[2026-02-16 15:44:50.560] [warning] Couldn't find file 'hamate_lvs.vtp'.
[2026-02-16 15:44:50.560] [warning] Couldn't find file 'capitate_lvs.vtp'.
[2026-02-16 15:44:50.560] [warning] Couldn't find file 'trapezoid_lvs.vtp'.
[2026-02-16 15:44:50.560] [warning] Couldn't find file 'trapezium_lvs.vtp'.
[2026-02-16 15:44:50.560] [warning] Couldn't find file 'metacarpal2_lvs.vtp'.
[2026-02-16 15:44:50.560] [warning] Couldn't find file 'index_proximal_lvs.vtp'.
[2026-02-16 15:44:50.560] [warning] Couldn't find file 'index_medial_lvs.vtp'.
[2026-02-16 15:44:50.561] [warning] Couldn't find file 'index_distal_lvs.vtp'.
[2026-02-16 15:44:50.561] [warning] Couldn't find file 'metacarpal3_lvs.vtp'.
[2026-02-16 15:44:50.561] [warning] Couldn't find file 'middle_proximal_lvs.vtp'.
[2026-02-16 15:44:50.561] [warning] Couldn't find file 'middle_medial_lvs.vtp'.
[2026-02-16 15:44:50.561] [warning] Couldn't find file 'middle_distal_lvs.vtp'.
[2026-02-16 15:44:50.561] [warning] Couldn't find file 'metacarpal4_lvs.vtp'.
[2026-02-16 15:44:50.561] [warning] Couldn't find file 'ring_proximal_lvs.vtp'.
[2026-02-16 15:44:50.561] [warning] Couldn't find file 'ring_medial_lvs.vtp'.
[2026-02-16 15:44:50.561] [warning] Couldn't find file 'ring_distal_lvs.vtp'.
[2026-02-16 15:44:50.561] [warning] Couldn't find file 'metacarpal5_lvs.vtp'.
[2026-02-16 15:44:50.561] [warning] Couldn't find file 'little_proximal_lvs.vtp'.
[2026-02-16 15:44:50.561] [warning] Couldn't find file 'little_medial_lvs.vtp'.
[2026-02-16 15:44:50.561] [warning] Couldn't find file 'little_distal_lvs.vtp'.
[2026-02-16 15:44:50.561] [warning] Couldn't find file 'metacarpal1_lvs.vtp'.
[2026-02-16 15:44:50.561] [warning] Couldn't find file 'thumb_proximal_lvs.vtp'.
[2026-02-16 15:44:50.561] [warning] Couldn't find file 'thumb_distal_lvs.vtp'.
[2026-02-16 15:45:01.125] [info] AbstractTool IK_sub1_v2_t1 loading model C:\Users\Israel Luis\Documents\GitHub\GoalOptimized\Database\sub1\model\model_rajagopal2022_sub1.osim
[2026-02-16 15:45:01.139] [info] Updating Model file from 40000 to latest format...
[2026-02-16 15:45:01.158] [info] Loaded model 1_scaled_rajagopal2022 from file C:\Users\Israel Luis\Documents\GitHub\GoalOptimized\Database\sub1\model\model_rajagopal2022_sub1.osim
[2026-02-16 15:45:01.159] [warning] Couldn't find file 'r_pelvis.vtp'.
[2026-02-16 15:45:01.159] [warning] Couldn't find file 'l_pelvis.vtp'.
[2026-02-16 15:45:01.159] [warning] Couldn't find file 'sacrum.vtp'.
[2026-02-16 15:45:01.159] [warning] Couldn't find file 'r_femur.vtp'.
[2026-02-16 15:45:01.159] [warning] Couldn't find file 'r_tibia.vtp'.
[2026-02-16 15:45:01.159] [warning] Couldn't find file 'r_fibula.vtp'.
[2026-02-16 15:45:01.159] [warning] Couldn't find file 'r_patella.vtp'.
[2026-02-16 15:45:01.159] [warning] Couldn't find file 'r_talus.vtp'.
[2026-02-16 15:45:01.159] [warning] Couldn't find file 'r_foot.vtp'.
[2026-02-16 15:45:01.159] [warning] Couldn't find file 'r_bofoot.vtp'.
[2026-02-16 15:45:01.159] [warning] Couldn't find file 'l_femur.vtp'.
[2026-02-16 15:45:01.159] [warning] Couldn't find file 'l_tibia.vtp'.
[2026-02-16 15:45:01.159] [warning] Couldn't find file 'l_fibula.vtp'.
[2026-02-16 15:45:01.159] [warning] Couldn't find file 'l_patella.vtp'.
[2026-02-16 15:45:01.159] [warning] Couldn't find file 'l_talus.vtp'.
[2026-02-16 15:45:01.159] [warning] Couldn't find file 'l_foot.vtp'.
[2026-02-16 15:45:01.159] [warning] Couldn't find file 'l_bofoot.vtp'.
[2026-02-16 15:45:01.159] [warning] Couldn't find file 'hat_spine.vtp'.
[2026-02-16 15:45:01.159] [warning] Couldn't find file 'hat_jaw.vtp'.
[2026-02-16 15:45:01.160] [warning] Couldn't find file 'hat_skull.vtp'.
[2026-02-16 15:45:01.160] [warning] Couldn't find file 'hat_ribs_scap.vtp'.
[2026-02-16 15:45:01.160] [warning] Couldn't find file 'humerus_rv.vtp'.
[2026-02-16 15:45:01.160] [warning] Couldn't find file 'ulna_rv.vtp'.
[2026-02-16 15:45:01.160] [warning] Couldn't find file 'radius_rv.vtp'.
[2026-02-16 15:45:01.160] [warning] Couldn't find file 'pisiform_rvs.vtp'.
[2026-02-16 15:45:01.160] [warning] Couldn't find file 'lunate_rvs.vtp'.
[2026-02-16 15:45:01.160] [warning] Couldn't find file 'scaphoid_rvs.vtp'.
[2026-02-16 15:45:01.160] [warning] Couldn't find file 'triquetrum_rvs.vtp'.
[2026-02-16 15:45:01.160] [warning] Couldn't find file 'hamate_rvs.vtp'.
[2026-02-16 15:45:01.160] [warning] Couldn't find file 'capitate_rvs.vtp'.
[2026-02-16 15:45:01.160] [warning] Couldn't find file 'trapezoid_rvs.vtp'.
[2026-02-16 15:45:01.160] [warning] Couldn't find file 'trapezium_rvs.vtp'.
[2026-02-16 15:45:01.160] [warning] Couldn't find file 'metacarpal2_rvs.vtp'.
[2026-02-16 15:45:01.160] [warning] Couldn't find file 'index_proximal_rvs.vtp'.
[2026-02-16 15:45:01.160] [warning] Couldn't find file 'index_medial_rvs.vtp'.
[2026-02-16 15:45:01.160] [warning] Couldn't find file 'index_distal_rvs.vtp'.
[2026-02-16 15:45:01.160] [warning] Couldn't find file 'metacarpal3_rvs.vtp'.
[2026-02-16 15:45:01.160] [warning] Couldn't find file 'middle_proximal_rvs.vtp'.
[2026-02-16 15:45:01.160] [warning] Couldn't find file 'middle_medial_rvs.vtp'.
[2026-02-16 15:45:01.160] [warning] Couldn't find file 'middle_distal_rvs.vtp'.
[2026-02-16 15:45:01.160] [warning] Couldn't find file 'metacarpal4_rvs.vtp'.
[2026-02-16 15:45:01.161] [warning] Couldn't find file 'ring_proximal_rvs.vtp'.
[2026-02-16 15:45:01.161] [warning] Couldn't find file 'ring_medial_rvs.vtp'.
[2026-02-16 15:45:01.161] [warning] Couldn't find file 'ring_distal_rvs.vtp'.
[2026-02-16 15:45:01.161] [warning] Couldn't find file 'metacarpal5_rvs.vtp'.
[2026-02-16 15:45:01.161] [warning] Couldn't find file 'little_proximal_rvs.vtp'.
[2026-02-16 15:45:01.161] [warning] Couldn't find file 'little_medial_rvs.vtp'.
[2026-02-16 15:45:01.161] [warning] Couldn't find file 'little_distal_rvs.vtp'.
[2026-02-16 15:45:01.161] [warning] Couldn't find file 'metacarpal1_rvs.vtp'.
[2026-02-16 15:45:01.161] [warning] Couldn't find file 'thumb_proximal_rvs.vtp'.
[2026-02-16 15:45:01.161] [warning] Couldn't find file 'thumb_distal_rvs.vtp'.
[2026-02-16 15:45:01.161] [warning] Couldn't find file 'humerus_lv.vtp'.
[2026-02-16 15:45:01.161] [warning] Couldn't find file 'ulna_lv.vtp'.
[2026-02-16 15:45:01.161] [warning] Couldn't find file 'radius_lv.vtp'.
[2026-02-16 15:45:01.161] [warning] Couldn't find file 'pisiform_lvs.vtp'.
[2026-02-16 15:45:01.161] [warning] Couldn't find file 'lunate_lvs.vtp'.
[2026-02-16 15:45:01.161] [warning] Couldn't find file 'scaphoid_lvs.vtp'.
[2026-02-16 15:45:01.161] [warning] Couldn't find file 'triquetrum_lvs.vtp'.
[2026-02-16 15:45:01.161] [warning] Couldn't find file 'hamate_lvs.vtp'.
[2026-02-16 15:45:01.161] [warning] Couldn't find file 'capitate_lvs.vtp'.
[2026-02-16 15:45:01.161] [warning] Couldn't find file 'trapezoid_lvs.vtp'.
[2026-02-16 15:45:01.161] [warning] Couldn't find file 'trapezium_lvs.vtp'.
[2026-02-16 15:45:01.161] [warning] Couldn't find file 'metacarpal2_lvs.vtp'.
[2026-02-16 15:45:01.161] [warning] Couldn't find file 'index_proximal_lvs.vtp'.
[2026-02-16 15:45:01.161] [warning] Couldn't find file 'index_medial_lvs.vtp'.
[2026-02-16 15:45:01.161] [warning] Couldn't find file 'index_distal_lvs.vtp'.
[2026-02-16 15:45:01.162] [warning] Couldn't find file 'metacarpal3_lvs.vtp'.
[2026-02-16 15:45:01.162] [warning] Couldn't find file 'middle_proximal_lvs.vtp'.
[2026-02-16 15:45:01.162] [warning] Couldn't find file 'middle_medial_lvs.vtp'.
[2026-02-16 15:45:01.162] [warning] Couldn't find file 'middle_distal_lvs.vtp'.
[2026-02-16 15:45:01.162] [warning] Couldn't find file 'metacarpal4_lvs.vtp'.
[2026-02-16 15:45:01.162] [warning] Couldn't find file 'ring_proximal_lvs.vtp'.
[2026-02-16 15:45:01.162] [warning] Couldn't find file 'ring_medial_lvs.vtp'.
[2026-02-16 15:45:01.162] [warning] Couldn't find file 'ring_distal_lvs.vtp'.
[2026-02-16 15:45:01.162] [warning] Couldn't find file 'metacarpal5_lvs.vtp'.
[2026-02-16 15:45:01.162] [warning] Couldn't find file 'little_proximal_lvs.vtp'.
[2026-02-16 15:45:01.162] [warning] Couldn't find file 'little_medial_lvs.vtp'.
[2026-02-16 15:45:01.162] [warning] Couldn't find file 'little_distal_lvs.vtp'.
[2026-02-16 15:45:01.162] [warning] Couldn't find file 'metacarpal1_lvs.vtp'.
[2026-02-16 15:45:01.162] [warning] Couldn't find file 'thumb_proximal_lvs.vtp'.
[2026-02-16 15:45:01.162] [warning] Couldn't find file 'thumb_distal_lvs.vtp'.
[2026-02-16 15:45:01.169] [info] No external loads will be applied (external loads file not specified).
[2026-02-16 15:45:01.182] [info] Loading coordinates from file 'C:\Users\Israel Luis\Documents\GitHub\GoalOptimized\Database\sub1\IK\IK_sub1_v2_t1.mot'.
[2026-02-16 15:45:01.182] [info] Storage: read data file = C:\Users\Israel Luis\Documents\GitHub\GoalOptimized\Database\sub1\IK\IK_sub1_v2_t1.mot (nr=119 nc=40)
[2026-02-16 15:45:01.781] [info] Found 119 state vectors with time stamps ranging from 0.57 to 1.75.
[2026-02-16 15:45:01.781] [info] Executing the analyses from 0.57 to 1.75...
[2026-02-16 15:45:06.260] [info] Printing results of investigation IK_sub1_v2_t1 to C:\Users\Israel Luis\Documents\GitHub\GoalOptimized\ProjectResults\DSE\sub1\multiCycle\Je\MuscleAnalysis
[2026-02-16 15:45:27.379] [info] Updating Model file from 40000 to latest format...
[2026-02-16 15:45:27.398] [info] Loaded model 1_scaled_rajagopal2022 from file C:\Users\Israel Luis\Documents\GitHub\GoalOptimized\Database\sub1\model\model_rajagopal2022_sub1.osim
[2026-02-16 15:45:27.398] [warning] Couldn't find file 'r_pelvis.vtp'.
[2026-02-16 15:45:27.398] [warning] Couldn't find file 'l_pelvis.vtp'.
[2026-02-16 15:45:27.398] [warning] Couldn't find file 'sacrum.vtp'.
[2026-02-16 15:45:27.398] [warning] Couldn't find file 'r_femur.vtp'.
[2026-02-16 15:45:27.398] [warning] Couldn't find file 'r_tibia.vtp'.
[2026-02-16 15:45:27.398] [warning] Couldn't find file 'r_fibula.vtp'.
[2026-02-16 15:45:27.398] [warning] Couldn't find file 'r_patella.vtp'.
[2026-02-16 15:45:27.398] [warning] Couldn't find file 'r_talus.vtp'.
[2026-02-16 15:45:27.398] [warning] Couldn't find file 'r_foot.vtp'.
[2026-02-16 15:45:27.398] [warning] Couldn't find file 'r_bofoot.vtp'.
[2026-02-16 15:45:27.398] [warning] Couldn't find file 'l_femur.vtp'.
[2026-02-16 15:45:27.398] [warning] Couldn't find file 'l_tibia.vtp'.
[2026-02-16 15:45:27.398] [warning] Couldn't find file 'l_fibula.vtp'.
[2026-02-16 15:45:27.399] [warning] Couldn't find file 'l_patella.vtp'.
[2026-02-16 15:45:27.399] [warning] Couldn't find file 'l_talus.vtp'.
[2026-02-16 15:45:27.399] [warning] Couldn't find file 'l_foot.vtp'.
[2026-02-16 15:45:27.399] [warning] Couldn't find file 'l_bofoot.vtp'.
[2026-02-16 15:45:27.399] [warning] Couldn't find file 'hat_spine.vtp'.
[2026-02-16 15:45:27.399] [warning] Couldn't find file 'hat_jaw.vtp'.
[2026-02-16 15:45:27.399] [warning] Couldn't find file 'hat_skull.vtp'.
[2026-02-16 15:45:27.399] [warning] Couldn't find file 'hat_ribs_scap.vtp'.
[2026-02-16 15:45:27.399] [warning] Couldn't find file 'humerus_rv.vtp'.
[2026-02-16 15:45:27.399] [warning] Couldn't find file 'ulna_rv.vtp'.
[2026-02-16 15:45:27.399] [warning] Couldn't find file 'radius_rv.vtp'.
[2026-02-16 15:45:27.399] [warning] Couldn't find file 'pisiform_rvs.vtp'.
[2026-02-16 15:45:27.399] [warning] Couldn't find file 'lunate_rvs.vtp'.
[2026-02-16 15:45:27.399] [warning] Couldn't find file 'scaphoid_rvs.vtp'.
[2026-02-16 15:45:27.399] [warning] Couldn't find file 'triquetrum_rvs.vtp'.
[2026-02-16 15:45:27.399] [warning] Couldn't find file 'hamate_rvs.vtp'.
[2026-02-16 15:45:27.399] [warning] Couldn't find file 'capitate_rvs.vtp'.
[2026-02-16 15:45:27.399] [warning] Couldn't find file 'trapezoid_rvs.vtp'.
[2026-02-16 15:45:27.399] [warning] Couldn't find file 'trapezium_rvs.vtp'.
[2026-02-16 15:45:27.399] [warning] Couldn't find file 'metacarpal2_rvs.vtp'.
[2026-02-16 15:45:27.399] [warning] Couldn't find file 'index_proximal_rvs.vtp'.
[2026-02-16 15:45:27.399] [warning] Couldn't find file 'index_medial_rvs.vtp'.
[2026-02-16 15:45:27.399] [warning] Couldn't find file 'index_distal_rvs.vtp'.
[2026-02-16 15:45:27.399] [warning] Couldn't find file 'metacarpal3_rvs.vtp'.
[2026-02-16 15:45:27.399] [warning] Couldn't find file 'middle_proximal_rvs.vtp'.
[2026-02-16 15:45:27.399] [warning] Couldn't find file 'middle_medial_rvs.vtp'.
[2026-02-16 15:45:27.399] [warning] Couldn't find file 'middle_distal_rvs.vtp'.
[2026-02-16 15:45:27.399] [warning] Couldn't find file 'metacarpal4_rvs.vtp'.
[2026-02-16 15:45:27.400] [warning] Couldn't find file 'ring_proximal_rvs.vtp'.
[2026-02-16 15:45:27.400] [warning] Couldn't find file 'ring_medial_rvs.vtp'.
[2026-02-16 15:45:27.400] [warning] Couldn't find file 'ring_distal_rvs.vtp'.
[2026-02-16 15:45:27.400] [warning] Couldn't find file 'metacarpal5_rvs.vtp'.
[2026-02-16 15:45:27.400] [warning] Couldn't find file 'little_proximal_rvs.vtp'.
[2026-02-16 15:45:27.400] [warning] Couldn't find file 'little_medial_rvs.vtp'.
[2026-02-16 15:45:27.400] [warning] Couldn't find file 'little_distal_rvs.vtp'.
[2026-02-16 15:45:27.400] [warning] Couldn't find file 'metacarpal1_rvs.vtp'.
[2026-02-16 15:45:27.400] [warning] Couldn't find file 'thumb_proximal_rvs.vtp'.
[2026-02-16 15:45:27.400] [warning] Couldn't find file 'thumb_distal_rvs.vtp'.
[2026-02-16 15:45:27.400] [warning] Couldn't find file 'humerus_lv.vtp'.
[2026-02-16 15:45:27.400] [warning] Couldn't find file 'ulna_lv.vtp'.
[2026-02-16 15:45:27.400] [warning] Couldn't find file 'radius_lv.vtp'.
[2026-02-16 15:45:27.400] [warning] Couldn't find file 'pisiform_lvs.vtp'.
[2026-02-16 15:45:27.400] [warning] Couldn't find file 'lunate_lvs.vtp'.
[2026-02-16 15:45:27.400] [warning] Couldn't find file 'scaphoid_lvs.vtp'.
[2026-02-16 15:45:27.400] [warning] Couldn't find file 'triquetrum_lvs.vtp'.
[2026-02-16 15:45:27.400] [warning] Couldn't find file 'hamate_lvs.vtp'.
[2026-02-16 15:45:27.400] [warning] Couldn't find file 'capitate_lvs.vtp'.
[2026-02-16 15:45:27.400] [warning] Couldn't find file 'trapezoid_lvs.vtp'.
[2026-02-16 15:45:27.400] [warning] Couldn't find file 'trapezium_lvs.vtp'.
[2026-02-16 15:45:27.400] [warning] Couldn't find file 'metacarpal2_lvs.vtp'.
[2026-02-16 15:45:27.400] [warning] Couldn't find file 'index_proximal_lvs.vtp'.
[2026-02-16 15:45:27.400] [warning] Couldn't find file 'index_medial_lvs.vtp'.
[2026-02-16 15:45:27.400] [warning] Couldn't find file 'index_distal_lvs.vtp'.
[2026-02-16 15:45:27.400] [warning] Couldn't find file 'metacarpal3_lvs.vtp'.
[2026-02-16 15:45:27.401] [warning] Couldn't find file 'middle_proximal_lvs.vtp'.
[2026-02-16 15:45:27.401] [warning] Couldn't find file 'middle_medial_lvs.vtp'.
[2026-02-16 15:45:27.401] [warning] Couldn't find file 'middle_distal_lvs.vtp'.
[2026-02-16 15:45:27.401] [warning] Couldn't find file 'metacarpal4_lvs.vtp'.
[2026-02-16 15:45:27.401] [warning] Couldn't find file 'ring_proximal_lvs.vtp'.
[2026-02-16 15:45:27.401] [warning] Couldn't find file 'ring_medial_lvs.vtp'.
[2026-02-16 15:45:27.401] [warning] Couldn't find file 'ring_distal_lvs.vtp'.
[2026-02-16 15:45:27.401] [warning] Couldn't find file 'metacarpal5_lvs.vtp'.
[2026-02-16 15:45:27.401] [warning] Couldn't find file 'little_proximal_lvs.vtp'.
[2026-02-16 15:45:27.401] [warning] Couldn't find file 'little_medial_lvs.vtp'.
[2026-02-16 15:45:27.401] [warning] Couldn't find file 'little_distal_lvs.vtp'.
[2026-02-16 15:45:27.401] [warning] Couldn't find file 'metacarpal1_lvs.vtp'.
[2026-02-16 15:45:27.401] [warning] Couldn't find file 'thumb_proximal_lvs.vtp'.
[2026-02-16 15:45:27.401] [warning] Couldn't find file 'thumb_distal_lvs.vtp'.
[2026-02-16 15:45:27.408] [info] AbstractTool IK_sub1_v2_t1 loading model C:\Users\Israel Luis\Documents\GitHub\GoalOptimized\Database\sub1\model\model_rajagopal2022_sub1.osim
[2026-02-16 15:45:27.422] [info] Updating Model file from 40000 to latest format...
[2026-02-16 15:45:27.439] [info] Loaded model 1_scaled_rajagopal2022 from file C:\Users\Israel Luis\Documents\GitHub\GoalOptimized\Database\sub1\model\model_rajagopal2022_sub1.osim
[2026-02-16 15:45:27.439] [warning] Couldn't find file 'r_pelvis.vtp'.
[2026-02-16 15:45:27.439] [warning] Couldn't find file 'l_pelvis.vtp'.
[2026-02-16 15:45:27.439] [warning] Couldn't find file 'sacrum.vtp'.
[2026-02-16 15:45:27.439] [warning] Couldn't find file 'r_femur.vtp'.
[2026-02-16 15:45:27.439] [warning] Couldn't find file 'r_tibia.vtp'.
[2026-02-16 15:45:27.439] [warning] Couldn't find file 'r_fibula.vtp'.
[2026-02-16 15:45:27.439] [warning] Couldn't find file 'r_patella.vtp'.
[2026-02-16 15:45:27.439] [warning] Couldn't find file 'r_talus.vtp'.
[2026-02-16 15:45:27.439] [warning] Couldn't find file 'r_foot.vtp'.
[2026-02-16 15:45:27.439] [warning] Couldn't find file 'r_bofoot.vtp'.
[2026-02-16 15:45:27.439] [warning] Couldn't find file 'l_femur.vtp'.
[2026-02-16 15:45:27.439] [warning] Couldn't find file 'l_tibia.vtp'.
[2026-02-16 15:45:27.439] [warning] Couldn't find file 'l_fibula.vtp'.
[2026-02-16 15:45:27.439] [warning] Couldn't find file 'l_patella.vtp'.
[2026-02-16 15:45:27.440] [warning] Couldn't find file 'l_talus.vtp'.
[2026-02-16 15:45:27.440] [warning] Couldn't find file 'l_foot.vtp'.
[2026-02-16 15:45:27.440] [warning] Couldn't find file 'l_bofoot.vtp'.
[2026-02-16 15:45:27.440] [warning] Couldn't find file 'hat_spine.vtp'.
[2026-02-16 15:45:27.440] [warning] Couldn't find file 'hat_jaw.vtp'.
[2026-02-16 15:45:27.440] [warning] Couldn't find file 'hat_skull.vtp'.
[2026-02-16 15:45:27.440] [warning] Couldn't find file 'hat_ribs_scap.vtp'.
[2026-02-16 15:45:27.440] [warning] Couldn't find file 'humerus_rv.vtp'.
[2026-02-16 15:45:27.440] [warning] Couldn't find file 'ulna_rv.vtp'.
[2026-02-16 15:45:27.440] [warning] Couldn't find file 'radius_rv.vtp'.
[2026-02-16 15:45:27.440] [warning] Couldn't find file 'pisiform_rvs.vtp'.
[2026-02-16 15:45:27.440] [warning] Couldn't find file 'lunate_rvs.vtp'.
[2026-02-16 15:45:27.440] [warning] Couldn't find file 'scaphoid_rvs.vtp'.
[2026-02-16 15:45:27.440] [warning] Couldn't find file 'triquetrum_rvs.vtp'.
[2026-02-16 15:45:27.440] [warning] Couldn't find file 'hamate_rvs.vtp'.
[2026-02-16 15:45:27.440] [warning] Couldn't find file 'capitate_rvs.vtp'.
[2026-02-16 15:45:27.440] [warning] Couldn't find file 'trapezoid_rvs.vtp'.
[2026-02-16 15:45:27.440] [warning] Couldn't find file 'trapezium_rvs.vtp'.
[2026-02-16 15:45:27.440] [warning] Couldn't find file 'metacarpal2_rvs.vtp'.
[2026-02-16 15:45:27.440] [warning] Couldn't find file 'index_proximal_rvs.vtp'.
[2026-02-16 15:45:27.440] [warning] Couldn't find file 'index_medial_rvs.vtp'.
[2026-02-16 15:45:27.440] [warning] Couldn't find file 'index_distal_rvs.vtp'.
[2026-02-16 15:45:27.440] [warning] Couldn't find file 'metacarpal3_rvs.vtp'.
[2026-02-16 15:45:27.440] [warning] Couldn't find file 'middle_proximal_rvs.vtp'.
[2026-02-16 15:45:27.440] [warning] Couldn't find file 'middle_medial_rvs.vtp'.
[2026-02-16 15:45:27.440] [warning] Couldn't find file 'middle_distal_rvs.vtp'.
[2026-02-16 15:45:27.440] [warning] Couldn't find file 'metacarpal4_rvs.vtp'.
[2026-02-16 15:45:27.441] [warning] Couldn't find file 'ring_proximal_rvs.vtp'.
[2026-02-16 15:45:27.441] [warning] Couldn't find file 'ring_medial_rvs.vtp'.
[2026-02-16 15:45:27.441] [warning] Couldn't find file 'ring_distal_rvs.vtp'.
[2026-02-16 15:45:27.441] [warning] Couldn't find file 'metacarpal5_rvs.vtp'.
[2026-02-16 15:45:27.441] [warning] Couldn't find file 'little_proximal_rvs.vtp'.
[2026-02-16 15:45:27.441] [warning] Couldn't find file 'little_medial_rvs.vtp'.
[2026-02-16 15:45:27.441] [warning] Couldn't find file 'little_distal_rvs.vtp'.
[2026-02-16 15:45:27.441] [warning] Couldn't find file 'metacarpal1_rvs.vtp'.
[2026-02-16 15:45:27.441] [warning] Couldn't find file 'thumb_proximal_rvs.vtp'.
[2026-02-16 15:45:27.441] [warning] Couldn't find file 'thumb_distal_rvs.vtp'.
[2026-02-16 15:45:27.441] [warning] Couldn't find file 'humerus_lv.vtp'.
[2026-02-16 15:45:27.441] [warning] Couldn't find file 'ulna_lv.vtp'.
[2026-02-16 15:45:27.441] [warning] Couldn't find file 'radius_lv.vtp'.
[2026-02-16 15:45:27.441] [warning] Couldn't find file 'pisiform_lvs.vtp'.
[2026-02-16 15:45:27.441] [warning] Couldn't find file 'lunate_lvs.vtp'.
[2026-02-16 15:45:27.441] [warning] Couldn't find file 'scaphoid_lvs.vtp'.
[2026-02-16 15:45:27.441] [warning] Couldn't find file 'triquetrum_lvs.vtp'.
[2026-02-16 15:45:27.441] [warning] Couldn't find file 'hamate_lvs.vtp'.
[2026-02-16 15:45:27.441] [warning] Couldn't find file 'capitate_lvs.vtp'.
[2026-02-16 15:45:27.441] [warning] Couldn't find file 'trapezoid_lvs.vtp'.
[2026-02-16 15:45:27.441] [warning] Couldn't find file 'trapezium_lvs.vtp'.
[2026-02-16 15:45:27.441] [warning] Couldn't find file 'metacarpal2_lvs.vtp'.
[2026-02-16 15:45:27.441] [warning] Couldn't find file 'index_proximal_lvs.vtp'.
[2026-02-16 15:45:27.441] [warning] Couldn't find file 'index_medial_lvs.vtp'.
[2026-02-16 15:45:27.441] [warning] Couldn't find file 'index_distal_lvs.vtp'.
[2026-02-16 15:45:27.441] [warning] Couldn't find file 'metacarpal3_lvs.vtp'.
[2026-02-16 15:45:27.441] [warning] Couldn't find file 'middle_proximal_lvs.vtp'.
[2026-02-16 15:45:27.441] [warning] Couldn't find file 'middle_medial_lvs.vtp'.
[2026-02-16 15:45:27.442] [warning] Couldn't find file 'middle_distal_lvs.vtp'.
[2026-02-16 15:45:27.442] [warning] Couldn't find file 'metacarpal4_lvs.vtp'.
[2026-02-16 15:45:27.442] [warning] Couldn't find file 'ring_proximal_lvs.vtp'.
[2026-02-16 15:45:27.442] [warning] Couldn't find file 'ring_medial_lvs.vtp'.
[2026-02-16 15:45:27.442] [warning] Couldn't find file 'ring_distal_lvs.vtp'.
[2026-02-16 15:45:27.442] [warning] Couldn't find file 'metacarpal5_lvs.vtp'.
[2026-02-16 15:45:27.442] [warning] Couldn't find file 'little_proximal_lvs.vtp'.
[2026-02-16 15:45:27.442] [warning] Couldn't find file 'little_medial_lvs.vtp'.
[2026-02-16 15:45:27.442] [warning] Couldn't find file 'little_distal_lvs.vtp'.
[2026-02-16 15:45:27.442] [warning] Couldn't find file 'metacarpal1_lvs.vtp'.
[2026-02-16 15:45:27.442] [warning] Couldn't find file 'thumb_proximal_lvs.vtp'.
[2026-02-16 15:45:27.442] [warning] Couldn't find file 'thumb_distal_lvs.vtp'.
[2026-02-16 15:45:27.447] [info] No external loads will be applied (external loads file not specified).
[2026-02-16 15:45:27.458] [info] Loading coordinates from file 'C:\Users\Israel Luis\Documents\GitHub\GoalOptimized\Database\sub1\IK\IK_sub1_v2_t1.mot'.
[2026-02-16 15:45:27.458] [info] Storage: read data file = C:\Users\Israel Luis\Documents\GitHub\GoalOptimized\Database\sub1\IK\IK_sub1_v2_t1.mot (nr=119 nc=40)
[2026-02-16 15:45:28.044] [info] Found 119 state vectors with time stamps ranging from 0.57 to 1.75.
[2026-02-16 15:45:28.044] [info] Executing the analyses from 0.57 to 1.75...
[2026-02-16 15:45:32.396] [info] Printing results of investigation IK_sub1_v2_t1 to C:\Users\Israel Luis\Documents\GitHub\GoalOptimized\ProjectResults\DSE\sub1\multiCycle\Je\MuscleAnalysis
[2026-02-16 15:46:41.112] [info] Updating Model file from 40000 to latest format...
[2026-02-16 15:46:41.129] [info] Loaded model 1_scaled_rajagopal2022 from file C:\Users\Israel Luis\Documents\GitHub\GoalOptimized\Database\sub1\model\model_rajagopal2022_sub1.osim
[2026-02-16 15:46:41.129] [warning] Couldn't find file 'r_pelvis.vtp'.
[2026-02-16 15:46:41.129] [warning] Couldn't find file 'l_pelvis.vtp'.
[2026-02-16 15:46:41.129] [warning] Couldn't find file 'sacrum.vtp'.
[2026-02-16 15:46:41.130] [warning] Couldn't find file 'r_femur.vtp'.
[2026-02-16 15:46:41.130] [warning] Couldn't find file 'r_tibia.vtp'.
[2026-02-16 15:46:41.130] [warning] Couldn't find file 'r_fibula.vtp'.
[2026-02-16 15:46:41.130] [warning] Couldn't find file 'r_patella.vtp'.
[2026-02-16 15:46:41.130] [warning] Couldn't find file 'r_talus.vtp'.
[2026-02-16 15:46:41.130] [warning] Couldn't find file 'r_foot.vtp'.
[2026-02-16 15:46:41.130] [warning] Couldn't find file 'r_bofoot.vtp'.
[2026-02-16 15:46:41.130] [warning] Couldn't find file 'l_femur.vtp'.
[2026-02-16 15:46:41.130] [warning] Couldn't find file 'l_tibia.vtp'.
[2026-02-16 15:46:41.130] [warning] Couldn't find file 'l_fibula.vtp'.
[2026-02-16 15:46:41.130] [warning] Couldn't find file 'l_patella.vtp'.
[2026-02-16 15:46:41.130] [warning] Couldn't find file 'l_talus.vtp'.
[2026-02-16 15:46:41.130] [warning] Couldn't find file 'l_foot.vtp'.
[2026-02-16 15:46:41.130] [warning] Couldn't find file 'l_bofoot.vtp'.
[2026-02-16 15:46:41.130] [warning] Couldn't find file 'hat_spine.vtp'.
[2026-02-16 15:46:41.130] [warning] Couldn't find file 'hat_jaw.vtp'.
[2026-02-16 15:46:41.130] [warning] Couldn't find file 'hat_skull.vtp'.
[2026-02-16 15:46:41.130] [warning] Couldn't find file 'hat_ribs_scap.vtp'.
[2026-02-16 15:46:41.130] [warning] Couldn't find file 'humerus_rv.vtp'.
[2026-02-16 15:46:41.130] [warning] Couldn't find file 'ulna_rv.vtp'.
[2026-02-16 15:46:41.130] [warning] Couldn't find file 'radius_rv.vtp'.
[2026-02-16 15:46:41.130] [warning] Couldn't find file 'pisiform_rvs.vtp'.
[2026-02-16 15:46:41.130] [warning] Couldn't find file 'lunate_rvs.vtp'.
[2026-02-16 15:46:41.130] [warning] Couldn't find file 'scaphoid_rvs.vtp'.
[2026-02-16 15:46:41.130] [warning] Couldn't find file 'triquetrum_rvs.vtp'.
[2026-02-16 15:46:41.131] [warning] Couldn't find file 'hamate_rvs.vtp'.
[2026-02-16 15:46:41.131] [warning] Couldn't find file 'capitate_rvs.vtp'.
[2026-02-16 15:46:41.131] [warning] Couldn't find file 'trapezoid_rvs.vtp'.
[2026-02-16 15:46:41.131] [warning] Couldn't find file 'trapezium_rvs.vtp'.
[2026-02-16 15:46:41.131] [warning] Couldn't find file 'metacarpal2_rvs.vtp'.
[2026-02-16 15:46:41.131] [warning] Couldn't find file 'index_proximal_rvs.vtp'.
[2026-02-16 15:46:41.131] [warning] Couldn't find file 'index_medial_rvs.vtp'.
[2026-02-16 15:46:41.131] [warning] Couldn't find file 'index_distal_rvs.vtp'.
[2026-02-16 15:46:41.131] [warning] Couldn't find file 'metacarpal3_rvs.vtp'.
[2026-02-16 15:46:41.131] [warning] Couldn't find file 'middle_proximal_rvs.vtp'.
[2026-02-16 15:46:41.131] [warning] Couldn't find file 'middle_medial_rvs.vtp'.
[2026-02-16 15:46:41.131] [warning] Couldn't find file 'middle_distal_rvs.vtp'.
[2026-02-16 15:46:41.131] [warning] Couldn't find file 'metacarpal4_rvs.vtp'.
[2026-02-16 15:46:41.131] [warning] Couldn't find file 'ring_proximal_rvs.vtp'.
[2026-02-16 15:46:41.131] [warning] Couldn't find file 'ring_medial_rvs.vtp'.
[2026-02-16 15:46:41.131] [warning] Couldn't find file 'ring_distal_rvs.vtp'.
[2026-02-16 15:46:41.131] [warning] Couldn't find file 'metacarpal5_rvs.vtp'.
[2026-02-16 15:46:41.131] [warning] Couldn't find file 'little_proximal_rvs.vtp'.
[2026-02-16 15:46:41.131] [warning] Couldn't find file 'little_medial_rvs.vtp'.
[2026-02-16 15:46:41.131] [warning] Couldn't find file 'little_distal_rvs.vtp'.
[2026-02-16 15:46:41.131] [warning] Couldn't find file 'metacarpal1_rvs.vtp'.
[2026-02-16 15:46:41.131] [warning] Couldn't find file 'thumb_proximal_rvs.vtp'.
[2026-02-16 15:46:41.131] [warning] Couldn't find file 'thumb_distal_rvs.vtp'.
[2026-02-16 15:46:41.131] [warning] Couldn't find file 'humerus_lv.vtp'.
[2026-02-16 15:46:41.131] [warning] Couldn't find file 'ulna_lv.vtp'.
[2026-02-16 15:46:41.131] [warning] Couldn't find file 'radius_lv.vtp'.
[2026-02-16 15:46:41.131] [warning] Couldn't find file 'pisiform_lvs.vtp'.
[2026-02-16 15:46:41.132] [warning] Couldn't find file 'lunate_lvs.vtp'.
[2026-02-16 15:46:41.132] [warning] Couldn't find file 'scaphoid_lvs.vtp'.
[2026-02-16 15:46:41.132] [warning] Couldn't find file 'triquetrum_lvs.vtp'.
[2026-02-16 15:46:41.132] [warning] Couldn't find file 'hamate_lvs.vtp'.
[2026-02-16 15:46:41.132] [warning] Couldn't find file 'capitate_lvs.vtp'.
[2026-02-16 15:46:41.132] [warning] Couldn't find file 'trapezoid_lvs.vtp'.
[2026-02-16 15:46:41.132] [warning] Couldn't find file 'trapezium_lvs.vtp'.
[2026-02-16 15:46:41.132] [warning] Couldn't find file 'metacarpal2_lvs.vtp'.
[2026-02-16 15:46:41.132] [warning] Couldn't find file 'index_proximal_lvs.vtp'.
[2026-02-16 15:46:41.132] [warning] Couldn't find file 'index_medial_lvs.vtp'.
[2026-02-16 15:46:41.132] [warning] Couldn't find file 'index_distal_lvs.vtp'.
[2026-02-16 15:46:41.132] [warning] Couldn't find file 'metacarpal3_lvs.vtp'.
[2026-02-16 15:46:41.132] [warning] Couldn't find file 'middle_proximal_lvs.vtp'.
[2026-02-16 15:46:41.132] [warning] Couldn't find file 'middle_medial_lvs.vtp'.
[2026-02-16 15:46:41.132] [warning] Couldn't find file 'middle_distal_lvs.vtp'.
[2026-02-16 15:46:41.132] [warning] Couldn't find file 'metacarpal4_lvs.vtp'.
[2026-02-16 15:46:41.132] [warning] Couldn't find file 'ring_proximal_lvs.vtp'.
[2026-02-16 15:46:41.132] [warning] Couldn't find file 'ring_medial_lvs.vtp'.
[2026-02-16 15:46:41.132] [warning] Couldn't find file 'ring_distal_lvs.vtp'.
[2026-02-16 15:46:41.132] [warning] Couldn't find file 'metacarpal5_lvs.vtp'.
[2026-02-16 15:46:41.132] [warning] Couldn't find file 'little_proximal_lvs.vtp'.
[2026-02-16 15:46:41.132] [warning] Couldn't find file 'little_medial_lvs.vtp'.
[2026-02-16 15:46:41.132] [warning] Couldn't find file 'little_distal_lvs.vtp'.
[2026-02-16 15:46:41.132] [warning] Couldn't find file 'metacarpal1_lvs.vtp'.
[2026-02-16 15:46:41.132] [warning] Couldn't find file 'thumb_proximal_lvs.vtp'.
[2026-02-16 15:46:41.132] [warning] Couldn't find file 'thumb_distal_lvs.vtp'.
[2026-02-16 15:46:41.138] [info] AbstractTool IK_sub1_v2_t1 loading model C:\Users\Israel Luis\Documents\GitHub\GoalOptimized\Database\sub1\model\model_rajagopal2022_sub1.osim
[2026-02-16 15:46:41.152] [info] Updating Model file from 40000 to latest format...
[2026-02-16 15:46:41.171] [info] Loaded model 1_scaled_rajagopal2022 from file C:\Users\Israel Luis\Documents\GitHub\GoalOptimized\Database\sub1\model\model_rajagopal2022_sub1.osim
[2026-02-16 15:46:41.171] [warning] Couldn't find file 'r_pelvis.vtp'.
[2026-02-16 15:46:41.171] [warning] Couldn't find file 'l_pelvis.vtp'.
[2026-02-16 15:46:41.171] [warning] Couldn't find file 'sacrum.vtp'.
[2026-02-16 15:46:41.171] [warning] Couldn't find file 'r_femur.vtp'.
[2026-02-16 15:46:41.171] [warning] Couldn't find file 'r_tibia.vtp'.
[2026-02-16 15:46:41.171] [warning] Couldn't find file 'r_fibula.vtp'.
[2026-02-16 15:46:41.171] [warning] Couldn't find file 'r_patella.vtp'.
[2026-02-16 15:46:41.171] [warning] Couldn't find file 'r_talus.vtp'.
[2026-02-16 15:46:41.171] [warning] Couldn't find file 'r_foot.vtp'.
[2026-02-16 15:46:41.172] [warning] Couldn't find file 'r_bofoot.vtp'.
[2026-02-16 15:46:41.172] [warning] Couldn't find file 'l_femur.vtp'.
[2026-02-16 15:46:41.172] [warning] Couldn't find file 'l_tibia.vtp'.
[2026-02-16 15:46:41.172] [warning] Couldn't find file 'l_fibula.vtp'.
[2026-02-16 15:46:41.172] [warning] Couldn't find file 'l_patella.vtp'.
[2026-02-16 15:46:41.172] [warning] Couldn't find file 'l_talus.vtp'.
[2026-02-16 15:46:41.172] [warning] Couldn't find file 'l_foot.vtp'.
[2026-02-16 15:46:41.172] [warning] Couldn't find file 'l_bofoot.vtp'.
[2026-02-16 15:46:41.172] [warning] Couldn't find file 'hat_spine.vtp'.
[2026-02-16 15:46:41.172] [warning] Couldn't find file 'hat_jaw.vtp'.
[2026-02-16 15:46:41.172] [warning] Couldn't find file 'hat_skull.vtp'.
[2026-02-16 15:46:41.172] [warning] Couldn't find file 'hat_ribs_scap.vtp'.
[2026-02-16 15:46:41.172] [warning] Couldn't find file 'humerus_rv.vtp'.
[2026-02-16 15:46:41.172] [warning] Couldn't find file 'ulna_rv.vtp'.
[2026-02-16 15:46:41.172] [warning] Couldn't find file 'radius_rv.vtp'.
[2026-02-16 15:46:41.172] [warning] Couldn't find file 'pisiform_rvs.vtp'.
[2026-02-16 15:46:41.172] [warning] Couldn't find file 'lunate_rvs.vtp'.
[2026-02-16 15:46:41.172] [warning] Couldn't find file 'scaphoid_rvs.vtp'.
[2026-02-16 15:46:41.172] [warning] Couldn't find file 'triquetrum_rvs.vtp'.
[2026-02-16 15:46:41.172] [warning] Couldn't find file 'hamate_rvs.vtp'.
[2026-02-16 15:46:41.172] [warning] Couldn't find file 'capitate_rvs.vtp'.
[2026-02-16 15:46:41.172] [warning] Couldn't find file 'trapezoid_rvs.vtp'.
[2026-02-16 15:46:41.172] [warning] Couldn't find file 'trapezium_rvs.vtp'.
[2026-02-16 15:46:41.172] [warning] Couldn't find file 'metacarpal2_rvs.vtp'.
[2026-02-16 15:46:41.172] [warning] Couldn't find file 'index_proximal_rvs.vtp'.
[2026-02-16 15:46:41.172] [warning] Couldn't find file 'index_medial_rvs.vtp'.
[2026-02-16 15:46:41.172] [warning] Couldn't find file 'index_distal_rvs.vtp'.
[2026-02-16 15:46:41.173] [warning] Couldn't find file 'metacarpal3_rvs.vtp'.
[2026-02-16 15:46:41.173] [warning] Couldn't find file 'middle_proximal_rvs.vtp'.
[2026-02-16 15:46:41.173] [warning] Couldn't find file 'middle_medial_rvs.vtp'.
[2026-02-16 15:46:41.173] [warning] Couldn't find file 'middle_distal_rvs.vtp'.
[2026-02-16 15:46:41.173] [warning] Couldn't find file 'metacarpal4_rvs.vtp'.
[2026-02-16 15:46:41.173] [warning] Couldn't find file 'ring_proximal_rvs.vtp'.
[2026-02-16 15:46:41.173] [warning] Couldn't find file 'ring_medial_rvs.vtp'.
[2026-02-16 15:46:41.173] [warning] Couldn't find file 'ring_distal_rvs.vtp'.
[2026-02-16 15:46:41.173] [warning] Couldn't find file 'metacarpal5_rvs.vtp'.
[2026-02-16 15:46:41.173] [warning] Couldn't find file 'little_proximal_rvs.vtp'.
[2026-02-16 15:46:41.173] [warning] Couldn't find file 'little_medial_rvs.vtp'.
[2026-02-16 15:46:41.173] [warning] Couldn't find file 'little_distal_rvs.vtp'.
[2026-02-16 15:46:41.173] [warning] Couldn't find file 'metacarpal1_rvs.vtp'.
[2026-02-16 15:46:41.173] [warning] Couldn't find file 'thumb_proximal_rvs.vtp'.
[2026-02-16 15:46:41.173] [warning] Couldn't find file 'thumb_distal_rvs.vtp'.
[2026-02-16 15:46:41.173] [warning] Couldn't find file 'humerus_lv.vtp'.
[2026-02-16 15:46:41.173] [warning] Couldn't find file 'ulna_lv.vtp'.
[2026-02-16 15:46:41.173] [warning] Couldn't find file 'radius_lv.vtp'.
[2026-02-16 15:46:41.173] [warning] Couldn't find file 'pisiform_lvs.vtp'.
[2026-02-16 15:46:41.173] [warning] Couldn't find file 'lunate_lvs.vtp'.
[2026-02-16 15:46:41.173] [warning] Couldn't find file 'scaphoid_lvs.vtp'.
[2026-02-16 15:46:41.173] [warning] Couldn't find file 'triquetrum_lvs.vtp'.
[2026-02-16 15:46:41.173] [warning] Couldn't find file 'hamate_lvs.vtp'.
[2026-02-16 15:46:41.173] [warning] Couldn't find file 'capitate_lvs.vtp'.
[2026-02-16 15:46:41.173] [warning] Couldn't find file 'trapezoid_lvs.vtp'.
[2026-02-16 15:46:41.173] [warning] Couldn't find file 'trapezium_lvs.vtp'.
[2026-02-16 15:46:41.173] [warning] Couldn't find file 'metacarpal2_lvs.vtp'.
[2026-02-16 15:46:41.173] [warning] Couldn't find file 'index_proximal_lvs.vtp'.
[2026-02-16 15:46:41.174] [warning] Couldn't find file 'index_medial_lvs.vtp'.
[2026-02-16 15:46:41.174] [warning] Couldn't find file 'index_distal_lvs.vtp'.
[2026-02-16 15:46:41.174] [warning] Couldn't find file 'metacarpal3_lvs.vtp'.
[2026-02-16 15:46:41.174] [warning] Couldn't find file 'middle_proximal_lvs.vtp'.
[2026-02-16 15:46:41.174] [warning] Couldn't find file 'middle_medial_lvs.vtp'.
[2026-02-16 15:46:41.174] [warning] Couldn't find file 'middle_distal_lvs.vtp'.
[2026-02-16 15:46:41.174] [warning] Couldn't find file 'metacarpal4_lvs.vtp'.
[2026-02-16 15:46:41.174] [warning] Couldn't find file 'ring_proximal_lvs.vtp'.
[2026-02-16 15:46:41.174] [warning] Couldn't find file 'ring_medial_lvs.vtp'.
[2026-02-16 15:46:41.174] [warning] Couldn't find file 'ring_distal_lvs.vtp'.
[2026-02-16 15:46:41.174] [warning] Couldn't find file 'metacarpal5_lvs.vtp'.
[2026-02-16 15:46:41.174] [warning] Couldn't find file 'little_proximal_lvs.vtp'.
[2026-02-16 15:46:41.174] [warning] Couldn't find file 'little_medial_lvs.vtp'.
[2026-02-16 15:46:41.174] [warning] Couldn't find file 'little_distal_lvs.vtp'.
[2026-02-16 15:46:41.174] [warning] Couldn't find file 'metacarpal1_lvs.vtp'.
[2026-02-16 15:46:41.174] [warning] Couldn't find file 'thumb_proximal_lvs.vtp'.
[2026-02-16 15:46:41.174] [warning] Couldn't find file 'thumb_distal_lvs.vtp'.
[2026-02-16 15:46:41.180] [info] No external loads will be applied (external loads file not specified).
[2026-02-16 15:46:41.191] [info] Loading coordinates from file 'C:\Users\Israel Luis\Documents\GitHub\GoalOptimized\Database\sub1\IK\IK_sub1_v2_t1.mot'.
[2026-02-16 15:46:41.191] [info] Storage: read data file = C:\Users\Israel Luis\Documents\GitHub\GoalOptimized\Database\sub1\IK\IK_sub1_v2_t1.mot (nr=119 nc=40)
[2026-02-16 15:46:41.775] [info] Found 119 state vectors with time stamps ranging from 0.57 to 1.75.
[2026-02-16 15:46:41.775] [info] Executing the analyses from 0.57 to 1.75...
[2026-02-16 15:46:46.167] [info] Printing results of investigation IK_sub1_v2_t1 to C:\Users\Israel Luis\Documents\GitHub\GoalOptimized\ProjectResults\DSE\sub1\multiCycle\Je\MuscleAnalysis
[2026-02-16 15:49:07.047] [info] Updating Model file from 40000 to latest format...
[2026-02-16 15:49:07.065] [info] Loaded model 1_scaled_rajagopal2022 from file C:\Users\Israel Luis\Documents\GitHub\GoalOptimized\Database\sub1\model\model_rajagopal2022_sub1.osim
[2026-02-16 15:49:07.065] [warning] Couldn't find file 'r_pelvis.vtp'.
[2026-02-16 15:49:07.065] [warning] Couldn't find file 'l_pelvis.vtp'.
[2026-02-16 15:49:07.065] [warning] Couldn't find file 'sacrum.vtp'.
[2026-02-16 15:49:07.066] [warning] Couldn't find file 'r_femur.vtp'.
[2026-02-16 15:49:07.066] [warning] Couldn't find file 'r_tibia.vtp'.
[2026-02-16 15:49:07.066] [warning] Couldn't find file 'r_fibula.vtp'.
[2026-02-16 15:49:07.066] [warning] Couldn't find file 'r_patella.vtp'.
[2026-02-16 15:49:07.066] [warning] Couldn't find file 'r_talus.vtp'.
[2026-02-16 15:49:07.066] [warning] Couldn't find file 'r_foot.vtp'.
[2026-02-16 15:49:07.066] [warning] Couldn't find file 'r_bofoot.vtp'.
[2026-02-16 15:49:07.066] [warning] Couldn't find file 'l_femur.vtp'.
[2026-02-16 15:49:07.066] [warning] Couldn't find file 'l_tibia.vtp'.
[2026-02-16 15:49:07.066] [warning] Couldn't find file 'l_fibula.vtp'.
[2026-02-16 15:49:07.066] [warning] Couldn't find file 'l_patella.vtp'.
[2026-02-16 15:49:07.066] [warning] Couldn't find file 'l_talus.vtp'.
[2026-02-16 15:49:07.066] [warning] Couldn't find file 'l_foot.vtp'.
[2026-02-16 15:49:07.066] [warning] Couldn't find file 'l_bofoot.vtp'.
[2026-02-16 15:49:07.066] [warning] Couldn't find file 'hat_spine.vtp'.
[2026-02-16 15:49:07.066] [warning] Couldn't find file 'hat_jaw.vtp'.
[2026-02-16 15:49:07.066] [warning] Couldn't find file 'hat_skull.vtp'.
[2026-02-16 15:49:07.066] [warning] Couldn't find file 'hat_ribs_scap.vtp'.
[2026-02-16 15:49:07.066] [warning] Couldn't find file 'humerus_rv.vtp'.
[2026-02-16 15:49:07.066] [warning] Couldn't find file 'ulna_rv.vtp'.
[2026-02-16 15:49:07.066] [warning] Couldn't find file 'radius_rv.vtp'.
[2026-02-16 15:49:07.066] [warning] Couldn't find file 'pisiform_rvs.vtp'.
[2026-02-16 15:49:07.066] [warning] Couldn't find file 'lunate_rvs.vtp'.
[2026-02-16 15:49:07.066] [warning] Couldn't find file 'scaphoid_rvs.vtp'.
[2026-02-16 15:49:07.066] [warning] Couldn't find file 'triquetrum_rvs.vtp'.
[2026-02-16 15:49:07.067] [warning] Couldn't find file 'hamate_rvs.vtp'.
[2026-02-16 15:49:07.067] [warning] Couldn't find file 'capitate_rvs.vtp'.
[2026-02-16 15:49:07.067] [warning] Couldn't find file 'trapezoid_rvs.vtp'.
[2026-02-16 15:49:07.067] [warning] Couldn't find file 'trapezium_rvs.vtp'.
[2026-02-16 15:49:07.067] [warning] Couldn't find file 'metacarpal2_rvs.vtp'.
[2026-02-16 15:49:07.067] [warning] Couldn't find file 'index_proximal_rvs.vtp'.
[2026-02-16 15:49:07.067] [warning] Couldn't find file 'index_medial_rvs.vtp'.
[2026-02-16 15:49:07.067] [warning] Couldn't find file 'index_distal_rvs.vtp'.
[2026-02-16 15:49:07.067] [warning] Couldn't find file 'metacarpal3_rvs.vtp'.
[2026-02-16 15:49:07.067] [warning] Couldn't find file 'middle_proximal_rvs.vtp'.
[2026-02-16 15:49:07.067] [warning] Couldn't find file 'middle_medial_rvs.vtp'.
[2026-02-16 15:49:07.067] [warning] Couldn't find file 'middle_distal_rvs.vtp'.
[2026-02-16 15:49:07.067] [warning] Couldn't find file 'metacarpal4_rvs.vtp'.
[2026-02-16 15:49:07.067] [warning] Couldn't find file 'ring_proximal_rvs.vtp'.
[2026-02-16 15:49:07.067] [warning] Couldn't find file 'ring_medial_rvs.vtp'.
[2026-02-16 15:49:07.067] [warning] Couldn't find file 'ring_distal_rvs.vtp'.
[2026-02-16 15:49:07.067] [warning] Couldn't find file 'metacarpal5_rvs.vtp'.
[2026-02-16 15:49:07.067] [warning] Couldn't find file 'little_proximal_rvs.vtp'.
[2026-02-16 15:49:07.067] [warning] Couldn't find file 'little_medial_rvs.vtp'.
[2026-02-16 15:49:07.067] [warning] Couldn't find file 'little_distal_rvs.vtp'.
[2026-02-16 15:49:07.067] [warning] Couldn't find file 'metacarpal1_rvs.vtp'.
[2026-02-16 15:49:07.067] [warning] Couldn't find file 'thumb_proximal_rvs.vtp'.
[2026-02-16 15:49:07.067] [warning] Couldn't find file 'thumb_distal_rvs.vtp'.
[2026-02-16 15:49:07.067] [warning] Couldn't find file 'humerus_lv.vtp'.
[2026-02-16 15:49:07.067] [warning] Couldn't find file 'ulna_lv.vtp'.
[2026-02-16 15:49:07.067] [warning] Couldn't find file 'radius_lv.vtp'.
[2026-02-16 15:49:07.067] [warning] Couldn't find file 'pisiform_lvs.vtp'.
[2026-02-16 15:49:07.068] [warning] Couldn't find file 'lunate_lvs.vtp'.
[2026-02-16 15:49:07.068] [warning] Couldn't find file 'scaphoid_lvs.vtp'.
[2026-02-16 15:49:07.068] [warning] Couldn't find file 'triquetrum_lvs.vtp'.
[2026-02-16 15:49:07.068] [warning] Couldn't find file 'hamate_lvs.vtp'.
[2026-02-16 15:49:07.068] [warning] Couldn't find file 'capitate_lvs.vtp'.
[2026-02-16 15:49:07.068] [warning] Couldn't find file 'trapezoid_lvs.vtp'.
[2026-02-16 15:49:07.068] [warning] Couldn't find file 'trapezium_lvs.vtp'.
[2026-02-16 15:49:07.068] [warning] Couldn't find file 'metacarpal2_lvs.vtp'.
[2026-02-16 15:49:07.068] [warning] Couldn't find file 'index_proximal_lvs.vtp'.
[2026-02-16 15:49:07.068] [warning] Couldn't find file 'index_medial_lvs.vtp'.
[2026-02-16 15:49:07.068] [warning] Couldn't find file 'index_distal_lvs.vtp'.
[2026-02-16 15:49:07.068] [warning] Couldn't find file 'metacarpal3_lvs.vtp'.
[2026-02-16 15:49:07.068] [warning] Couldn't find file 'middle_proximal_lvs.vtp'.
[2026-02-16 15:49:07.068] [warning] Couldn't find file 'middle_medial_lvs.vtp'.
[2026-02-16 15:49:07.068] [warning] Couldn't find file 'middle_distal_lvs.vtp'.
[2026-02-16 15:49:07.068] [warning] Couldn't find file 'metacarpal4_lvs.vtp'.
[2026-02-16 15:49:07.068] [warning] Couldn't find file 'ring_proximal_lvs.vtp'.
[2026-02-16 15:49:07.068] [warning] Couldn't find file 'ring_medial_lvs.vtp'.
[2026-02-16 15:49:07.068] [warning] Couldn't find file 'ring_distal_lvs.vtp'.
[2026-02-16 15:49:07.068] [warning] Couldn't find file 'metacarpal5_lvs.vtp'.
[2026-02-16 15:49:07.068] [warning] Couldn't find file 'little_proximal_lvs.vtp'.
[2026-02-16 15:49:07.068] [warning] Couldn't find file 'little_medial_lvs.vtp'.
[2026-02-16 15:49:07.068] [warning] Couldn't find file 'little_distal_lvs.vtp'.
[2026-02-16 15:49:07.068] [warning] Couldn't find file 'metacarpal1_lvs.vtp'.
[2026-02-16 15:49:07.068] [warning] Couldn't find file 'thumb_proximal_lvs.vtp'.
[2026-02-16 15:49:07.068] [warning] Couldn't find file 'thumb_distal_lvs.vtp'.
[2026-02-16 15:49:07.073] [info] AbstractTool IK_sub1_v2_t1 loading model C:\Users\Israel Luis\Documents\GitHub\GoalOptimized\Database\sub1\model\model_rajagopal2022_sub1.osim
[2026-02-16 15:49:07.087] [info] Updating Model file from 40000 to latest format...
[2026-02-16 15:49:07.105] [info] Loaded model 1_scaled_rajagopal2022 from file C:\Users\Israel Luis\Documents\GitHub\GoalOptimized\Database\sub1\model\model_rajagopal2022_sub1.osim
[2026-02-16 15:49:07.106] [warning] Couldn't find file 'r_pelvis.vtp'.
[2026-02-16 15:49:07.106] [warning] Couldn't find file 'l_pelvis.vtp'.
[2026-02-16 15:49:07.106] [warning] Couldn't find file 'sacrum.vtp'.
[2026-02-16 15:49:07.106] [warning] Couldn't find file 'r_femur.vtp'.
[2026-02-16 15:49:07.106] [warning] Couldn't find file 'r_tibia.vtp'.
[2026-02-16 15:49:07.106] [warning] Couldn't find file 'r_fibula.vtp'.
[2026-02-16 15:49:07.106] [warning] Couldn't find file 'r_patella.vtp'.
[2026-02-16 15:49:07.106] [warning] Couldn't find file 'r_talus.vtp'.
[2026-02-16 15:49:07.106] [warning] Couldn't find file 'r_foot.vtp'.
[2026-02-16 15:49:07.106] [warning] Couldn't find file 'r_bofoot.vtp'.
[2026-02-16 15:49:07.106] [warning] Couldn't find file 'l_femur.vtp'.
[2026-02-16 15:49:07.106] [warning] Couldn't find file 'l_tibia.vtp'.
[2026-02-16 15:49:07.106] [warning] Couldn't find file 'l_fibula.vtp'.
[2026-02-16 15:49:07.106] [warning] Couldn't find file 'l_patella.vtp'.
[2026-02-16 15:49:07.106] [warning] Couldn't find file 'l_talus.vtp'.
[2026-02-16 15:49:07.106] [warning] Couldn't find file 'l_foot.vtp'.
[2026-02-16 15:49:07.106] [warning] Couldn't find file 'l_bofoot.vtp'.
[2026-02-16 15:49:07.106] [warning] Couldn't find file 'hat_spine.vtp'.
[2026-02-16 15:49:07.106] [warning] Couldn't find file 'hat_jaw.vtp'.
[2026-02-16 15:49:07.106] [warning] Couldn't find file 'hat_skull.vtp'.
[2026-02-16 15:49:07.106] [warning] Couldn't find file 'hat_ribs_scap.vtp'.
[2026-02-16 15:49:07.106] [warning] Couldn't find file 'humerus_rv.vtp'.
[2026-02-16 15:49:07.106] [warning] Couldn't find file 'ulna_rv.vtp'.
[2026-02-16 15:49:07.107] [warning] Couldn't find file 'radius_rv.vtp'.
[2026-02-16 15:49:07.107] [warning] Couldn't find file 'pisiform_rvs.vtp'.
[2026-02-16 15:49:07.107] [warning] Couldn't find file 'lunate_rvs.vtp'.
[2026-02-16 15:49:07.107] [warning] Couldn't find file 'scaphoid_rvs.vtp'.
[2026-02-16 15:49:07.107] [warning] Couldn't find file 'triquetrum_rvs.vtp'.
[2026-02-16 15:49:07.107] [warning] Couldn't find file 'hamate_rvs.vtp'.
[2026-02-16 15:49:07.107] [warning] Couldn't find file 'capitate_rvs.vtp'.
[2026-02-16 15:49:07.107] [warning] Couldn't find file 'trapezoid_rvs.vtp'.
[2026-02-16 15:49:07.107] [warning] Couldn't find file 'trapezium_rvs.vtp'.
[2026-02-16 15:49:07.107] [warning] Couldn't find file 'metacarpal2_rvs.vtp'.
[2026-02-16 15:49:07.107] [warning] Couldn't find file 'index_proximal_rvs.vtp'.
[2026-02-16 15:49:07.107] [warning] Couldn't find file 'index_medial_rvs.vtp'.
[2026-02-16 15:49:07.107] [warning] Couldn't find file 'index_distal_rvs.vtp'.
[2026-02-16 15:49:07.107] [warning] Couldn't find file 'metacarpal3_rvs.vtp'.
[2026-02-16 15:49:07.107] [warning] Couldn't find file 'middle_proximal_rvs.vtp'.
[2026-02-16 15:49:07.107] [warning] Couldn't find file 'middle_medial_rvs.vtp'.
[2026-02-16 15:49:07.107] [warning] Couldn't find file 'middle_distal_rvs.vtp'.
[2026-02-16 15:49:07.107] [warning] Couldn't find file 'metacarpal4_rvs.vtp'.
[2026-02-16 15:49:07.107] [warning] Couldn't find file 'ring_proximal_rvs.vtp'.
[2026-02-16 15:49:07.107] [warning] Couldn't find file 'ring_medial_rvs.vtp'.
[2026-02-16 15:49:07.107] [warning] Couldn't find file 'ring_distal_rvs.vtp'.
[2026-02-16 15:49:07.107] [warning] Couldn't find file 'metacarpal5_rvs.vtp'.
[2026-02-16 15:49:07.107] [warning] Couldn't find file 'little_proximal_rvs.vtp'.
[2026-02-16 15:49:07.107] [warning] Couldn't find file 'little_medial_rvs.vtp'.
[2026-02-16 15:49:07.107] [warning] Couldn't find file 'little_distal_rvs.vtp'.
[2026-02-16 15:49:07.107] [warning] Couldn't find file 'metacarpal1_rvs.vtp'.
[2026-02-16 15:49:07.107] [warning] Couldn't find file 'thumb_proximal_rvs.vtp'.
[2026-02-16 15:49:07.107] [warning] Couldn't find file 'thumb_distal_rvs.vtp'.
[2026-02-16 15:49:07.108] [warning] Couldn't find file 'humerus_lv.vtp'.
[2026-02-16 15:49:07.108] [warning] Couldn't find file 'ulna_lv.vtp'.
[2026-02-16 15:49:07.108] [warning] Couldn't find file 'radius_lv.vtp'.
[2026-02-16 15:49:07.108] [warning] Couldn't find file 'pisiform_lvs.vtp'.
[2026-02-16 15:49:07.108] [warning] Couldn't find file 'lunate_lvs.vtp'.
[2026-02-16 15:49:07.108] [warning] Couldn't find file 'scaphoid_lvs.vtp'.
[2026-02-16 15:49:07.108] [warning] Couldn't find file 'triquetrum_lvs.vtp'.
[2026-02-16 15:49:07.108] [warning] Couldn't find file 'hamate_lvs.vtp'.
[2026-02-16 15:49:07.108] [warning] Couldn't find file 'capitate_lvs.vtp'.
[2026-02-16 15:49:07.108] [warning] Couldn't find file 'trapezoid_lvs.vtp'.
[2026-02-16 15:49:07.108] [warning] Couldn't find file 'trapezium_lvs.vtp'.
[2026-02-16 15:49:07.108] [warning] Couldn't find file 'metacarpal2_lvs.vtp'.
[2026-02-16 15:49:07.108] [warning] Couldn't find file 'index_proximal_lvs.vtp'.
[2026-02-16 15:49:07.108] [warning] Couldn't find file 'index_medial_lvs.vtp'.
[2026-02-16 15:49:07.108] [warning] Couldn't find file 'index_distal_lvs.vtp'.
[2026-02-16 15:49:07.108] [warning] Couldn't find file 'metacarpal3_lvs.vtp'.
[2026-02-16 15:49:07.108] [warning] Couldn't find file 'middle_proximal_lvs.vtp'.
[2026-02-16 15:49:07.108] [warning] Couldn't find file 'middle_medial_lvs.vtp'.
[2026-02-16 15:49:07.108] [warning] Couldn't find file 'middle_distal_lvs.vtp'.
[2026-02-16 15:49:07.108] [warning] Couldn't find file 'metacarpal4_lvs.vtp'.
[2026-02-16 15:49:07.108] [warning] Couldn't find file 'ring_proximal_lvs.vtp'.
[2026-02-16 15:49:07.108] [warning] Couldn't find file 'ring_medial_lvs.vtp'.
[2026-02-16 15:49:07.108] [warning] Couldn't find file 'ring_distal_lvs.vtp'.
[2026-02-16 15:49:07.108] [warning] Couldn't find file 'metacarpal5_lvs.vtp'.
[2026-02-16 15:49:07.108] [warning] Couldn't find file 'little_proximal_lvs.vtp'.
[2026-02-16 15:49:07.108] [warning] Couldn't find file 'little_medial_lvs.vtp'.
[2026-02-16 15:49:07.108] [warning] Couldn't find file 'little_distal_lvs.vtp'.
[2026-02-16 15:49:07.109] [warning] Couldn't find file 'metacarpal1_lvs.vtp'.
[2026-02-16 15:49:07.109] [warning] Couldn't find file 'thumb_proximal_lvs.vtp'.
[2026-02-16 15:49:07.109] [warning] Couldn't find file 'thumb_distal_lvs.vtp'.
[2026-02-16 15:49:07.114] [info] No external loads will be applied (external loads file not specified).
[2026-02-16 15:49:07.125] [info] Loading coordinates from file 'C:\Users\Israel Luis\Documents\GitHub\GoalOptimized\Database\sub1\IK\IK_sub1_v2_t1.mot'.
[2026-02-16 15:49:07.125] [info] Storage: read data file = C:\Users\Israel Luis\Documents\GitHub\GoalOptimized\Database\sub1\IK\IK_sub1_v2_t1.mot (nr=119 nc=40)
[2026-02-16 15:49:07.723] [info] Found 119 state vectors with time stamps ranging from 0.57 to 1.75.
[2026-02-16 15:49:07.723] [info] Executing the analyses from 0.57 to 1.75...
[2026-02-16 15:49:12.138] [info] Printing results of investigation IK_sub1_v2_t1 to C:\Users\Israel Luis\Documents\GitHub\GoalOptimized\ProjectResults\DSE\sub1\multiCycle\Je\MuscleAnalysis
[2026-02-16 15:50:18.298] [info] Updating Model file from 40000 to latest format...
[2026-02-16 15:50:18.323] [info] Loaded model 1_scaled_rajagopal2022 from file C:\Users\Israel Luis\Documents\GitHub\GoalOptimized\Database\sub1\model\model_rajagopal2022_sub1.osim
[2026-02-16 15:50:18.324] [warning] Couldn't find file 'r_pelvis.vtp'.
[2026-02-16 15:50:18.324] [warning] Couldn't find file 'l_pelvis.vtp'.
[2026-02-16 15:50:18.324] [warning] Couldn't find file 'sacrum.vtp'.
[2026-02-16 15:50:18.324] [warning] Couldn't find file 'r_femur.vtp'.
[2026-02-16 15:50:18.324] [warning] Couldn't find file 'r_tibia.vtp'.
[2026-02-16 15:50:18.324] [warning] Couldn't find file 'r_fibula.vtp'.
[2026-02-16 15:50:18.324] [warning] Couldn't find file 'r_patella.vtp'.
[2026-02-16 15:50:18.324] [warning] Couldn't find file 'r_talus.vtp'.
[2026-02-16 15:50:18.324] [warning] Couldn't find file 'r_foot.vtp'.
[2026-02-16 15:50:18.324] [warning] Couldn't find file 'r_bofoot.vtp'.
[2026-02-16 15:50:18.324] [warning] Couldn't find file 'l_femur.vtp'.
[2026-02-16 15:50:18.324] [warning] Couldn't find file 'l_tibia.vtp'.
[2026-02-16 15:50:18.324] [warning] Couldn't find file 'l_fibula.vtp'.
[2026-02-16 15:50:18.324] [warning] Couldn't find file 'l_patella.vtp'.
[2026-02-16 15:50:18.325] [warning] Couldn't find file 'l_talus.vtp'.
[2026-02-16 15:50:18.325] [warning] Couldn't find file 'l_foot.vtp'.
[2026-02-16 15:50:18.325] [warning] Couldn't find file 'l_bofoot.vtp'.
[2026-02-16 15:50:18.325] [warning] Couldn't find file 'hat_spine.vtp'.
[2026-02-16 15:50:18.325] [warning] Couldn't find file 'hat_jaw.vtp'.
[2026-02-16 15:50:18.325] [warning] Couldn't find file 'hat_skull.vtp'.
[2026-02-16 15:50:18.325] [warning] Couldn't find file 'hat_ribs_scap.vtp'.
[2026-02-16 15:50:18.325] [warning] Couldn't find file 'humerus_rv.vtp'.
[2026-02-16 15:50:18.325] [warning] Couldn't find file 'ulna_rv.vtp'.
[2026-02-16 15:50:18.325] [warning] Couldn't find file 'radius_rv.vtp'.
[2026-02-16 15:50:18.325] [warning] Couldn't find file 'pisiform_rvs.vtp'.
[2026-02-16 15:50:18.325] [warning] Couldn't find file 'lunate_rvs.vtp'.
[2026-02-16 15:50:18.325] [warning] Couldn't find file 'scaphoid_rvs.vtp'.
[2026-02-16 15:50:18.325] [warning] Couldn't find file 'triquetrum_rvs.vtp'.
[2026-02-16 15:50:18.325] [warning] Couldn't find file 'hamate_rvs.vtp'.
[2026-02-16 15:50:18.325] [warning] Couldn't find file 'capitate_rvs.vtp'.
[2026-02-16 15:50:18.325] [warning] Couldn't find file 'trapezoid_rvs.vtp'.
[2026-02-16 15:50:18.325] [warning] Couldn't find file 'trapezium_rvs.vtp'.
[2026-02-16 15:50:18.325] [warning] Couldn't find file 'metacarpal2_rvs.vtp'.
[2026-02-16 15:50:18.325] [warning] Couldn't find file 'index_proximal_rvs.vtp'.
[2026-02-16 15:50:18.325] [warning] Couldn't find file 'index_medial_rvs.vtp'.
[2026-02-16 15:50:18.325] [warning] Couldn't find file 'index_distal_rvs.vtp'.
[2026-02-16 15:50:18.325] [warning] Couldn't find file 'metacarpal3_rvs.vtp'.
[2026-02-16 15:50:18.325] [warning] Couldn't find file 'middle_proximal_rvs.vtp'.
[2026-02-16 15:50:18.326] [warning] Couldn't find file 'middle_medial_rvs.vtp'.
[2026-02-16 15:50:18.326] [warning] Couldn't find file 'middle_distal_rvs.vtp'.
[2026-02-16 15:50:18.326] [warning] Couldn't find file 'metacarpal4_rvs.vtp'.
[2026-02-16 15:50:18.326] [warning] Couldn't find file 'ring_proximal_rvs.vtp'.
[2026-02-16 15:50:18.326] [warning] Couldn't find file 'ring_medial_rvs.vtp'.
[2026-02-16 15:50:18.326] [warning] Couldn't find file 'ring_distal_rvs.vtp'.
[2026-02-16 15:50:18.326] [warning] Couldn't find file 'metacarpal5_rvs.vtp'.
[2026-02-16 15:50:18.326] [warning] Couldn't find file 'little_proximal_rvs.vtp'.
[2026-02-16 15:50:18.326] [warning] Couldn't find file 'little_medial_rvs.vtp'.
[2026-02-16 15:50:18.326] [warning] Couldn't find file 'little_distal_rvs.vtp'.
[2026-02-16 15:50:18.326] [warning] Couldn't find file 'metacarpal1_rvs.vtp'.
[2026-02-16 15:50:18.326] [warning] Couldn't find file 'thumb_proximal_rvs.vtp'.
[2026-02-16 15:50:18.326] [warning] Couldn't find file 'thumb_distal_rvs.vtp'.
[2026-02-16 15:50:18.326] [warning] Couldn't find file 'humerus_lv.vtp'.
[2026-02-16 15:50:18.326] [warning] Couldn't find file 'ulna_lv.vtp'.
[2026-02-16 15:50:18.326] [warning] Couldn't find file 'radius_lv.vtp'.
[2026-02-16 15:50:18.326] [warning] Couldn't find file 'pisiform_lvs.vtp'.
[2026-02-16 15:50:18.326] [warning] Couldn't find file 'lunate_lvs.vtp'.
[2026-02-16 15:50:18.326] [warning] Couldn't find file 'scaphoid_lvs.vtp'.
[2026-02-16 15:50:18.326] [warning] Couldn't find file 'triquetrum_lvs.vtp'.
[2026-02-16 15:50:18.326] [warning] Couldn't find file 'hamate_lvs.vtp'.
[2026-02-16 15:50:18.326] [warning] Couldn't find file 'capitate_lvs.vtp'.
[2026-02-16 15:50:18.326] [warning] Couldn't find file 'trapezoid_lvs.vtp'.
[2026-02-16 15:50:18.326] [warning] Couldn't find file 'trapezium_lvs.vtp'.
[2026-02-16 15:50:18.326] [warning] Couldn't find file 'metacarpal2_lvs.vtp'.
[2026-02-16 15:50:18.326] [warning] Couldn't find file 'index_proximal_lvs.vtp'.
[2026-02-16 15:50:18.327] [warning] Couldn't find file 'index_medial_lvs.vtp'.
[2026-02-16 15:50:18.327] [warning] Couldn't find file 'index_distal_lvs.vtp'.
[2026-02-16 15:50:18.327] [warning] Couldn't find file 'metacarpal3_lvs.vtp'.
[2026-02-16 15:50:18.327] [warning] Couldn't find file 'middle_proximal_lvs.vtp'.
[2026-02-16 15:50:18.327] [warning] Couldn't find file 'middle_medial_lvs.vtp'.
[2026-02-16 15:50:18.327] [warning] Couldn't find file 'middle_distal_lvs.vtp'.
[2026-02-16 15:50:18.327] [warning] Couldn't find file 'metacarpal4_lvs.vtp'.
[2026-02-16 15:50:18.327] [warning] Couldn't find file 'ring_proximal_lvs.vtp'.
[2026-02-16 15:50:18.327] [warning] Couldn't find file 'ring_medial_lvs.vtp'.
[2026-02-16 15:50:18.327] [warning] Couldn't find file 'ring_distal_lvs.vtp'.
[2026-02-16 15:50:18.327] [warning] Couldn't find file 'metacarpal5_lvs.vtp'.
[2026-02-16 15:50:18.327] [warning] Couldn't find file 'little_proximal_lvs.vtp'.
[2026-02-16 15:50:18.327] [warning] Couldn't find file 'little_medial_lvs.vtp'.
[2026-02-16 15:50:18.327] [warning] Couldn't find file 'little_distal_lvs.vtp'.
[2026-02-16 15:50:18.327] [warning] Couldn't find file 'metacarpal1_lvs.vtp'.
[2026-02-16 15:50:18.327] [warning] Couldn't find file 'thumb_proximal_lvs.vtp'.
[2026-02-16 15:50:18.327] [warning] Couldn't find file 'thumb_distal_lvs.vtp'.
[2026-02-16 15:50:18.333] [info] AbstractTool IK_sub1_v2_t1 loading model C:\Users\Israel Luis\Documents\GitHub\GoalOptimized\Database\sub1\model\model_rajagopal2022_sub1.osim
[2026-02-16 15:50:18.347] [info] Updating Model file from 40000 to latest format...
[2026-02-16 15:50:18.364] [info] Loaded model 1_scaled_rajagopal2022 from file C:\Users\Israel Luis\Documents\GitHub\GoalOptimized\Database\sub1\model\model_rajagopal2022_sub1.osim
[2026-02-16 15:50:18.365] [warning] Couldn't find file 'r_pelvis.vtp'.
[2026-02-16 15:50:18.365] [warning] Couldn't find file 'l_pelvis.vtp'.
[2026-02-16 15:50:18.365] [warning] Couldn't find file 'sacrum.vtp'.
[2026-02-16 15:50:18.365] [warning] Couldn't find file 'r_femur.vtp'.
[2026-02-16 15:50:18.365] [warning] Couldn't find file 'r_tibia.vtp'.
[2026-02-16 15:50:18.365] [warning] Couldn't find file 'r_fibula.vtp'.
[2026-02-16 15:50:18.365] [warning] Couldn't find file 'r_patella.vtp'.
[2026-02-16 15:50:18.365] [warning] Couldn't find file 'r_talus.vtp'.
[2026-02-16 15:50:18.365] [warning] Couldn't find file 'r_foot.vtp'.
[2026-02-16 15:50:18.365] [warning] Couldn't find file 'r_bofoot.vtp'.
[2026-02-16 15:50:18.365] [warning] Couldn't find file 'l_femur.vtp'.
[2026-02-16 15:50:18.365] [warning] Couldn't find file 'l_tibia.vtp'.
[2026-02-16 15:50:18.365] [warning] Couldn't find file 'l_fibula.vtp'.
[2026-02-16 15:50:18.365] [warning] Couldn't find file 'l_patella.vtp'.
[2026-02-16 15:50:18.365] [warning] Couldn't find file 'l_talus.vtp'.
[2026-02-16 15:50:18.365] [warning] Couldn't find file 'l_foot.vtp'.
[2026-02-16 15:50:18.365] [warning] Couldn't find file 'l_bofoot.vtp'.
[2026-02-16 15:50:18.365] [warning] Couldn't find file 'hat_spine.vtp'.
[2026-02-16 15:50:18.366] [warning] Couldn't find file 'hat_jaw.vtp'.
[2026-02-16 15:50:18.366] [warning] Couldn't find file 'hat_skull.vtp'.
[2026-02-16 15:50:18.366] [warning] Couldn't find file 'hat_ribs_scap.vtp'.
[2026-02-16 15:50:18.366] [warning] Couldn't find file 'humerus_rv.vtp'.
[2026-02-16 15:50:18.366] [warning] Couldn't find file 'ulna_rv.vtp'.
[2026-02-16 15:50:18.366] [warning] Couldn't find file 'radius_rv.vtp'.
[2026-02-16 15:50:18.366] [warning] Couldn't find file 'pisiform_rvs.vtp'.
[2026-02-16 15:50:18.366] [warning] Couldn't find file 'lunate_rvs.vtp'.
[2026-02-16 15:50:18.366] [warning] Couldn't find file 'scaphoid_rvs.vtp'.
[2026-02-16 15:50:18.366] [warning] Couldn't find file 'triquetrum_rvs.vtp'.
[2026-02-16 15:50:18.366] [warning] Couldn't find file 'hamate_rvs.vtp'.
[2026-02-16 15:50:18.366] [warning] Couldn't find file 'capitate_rvs.vtp'.
[2026-02-16 15:50:18.366] [warning] Couldn't find file 'trapezoid_rvs.vtp'.
[2026-02-16 15:50:18.366] [warning] Couldn't find file 'trapezium_rvs.vtp'.
[2026-02-16 15:50:18.366] [warning] Couldn't find file 'metacarpal2_rvs.vtp'.
[2026-02-16 15:50:18.366] [warning] Couldn't find file 'index_proximal_rvs.vtp'.
[2026-02-16 15:50:18.366] [warning] Couldn't find file 'index_medial_rvs.vtp'.
[2026-02-16 15:50:18.366] [warning] Couldn't find file 'index_distal_rvs.vtp'.
[2026-02-16 15:50:18.366] [warning] Couldn't find file 'metacarpal3_rvs.vtp'.
[2026-02-16 15:50:18.366] [warning] Couldn't find file 'middle_proximal_rvs.vtp'.
[2026-02-16 15:50:18.366] [warning] Couldn't find file 'middle_medial_rvs.vtp'.
[2026-02-16 15:50:18.366] [warning] Couldn't find file 'middle_distal_rvs.vtp'.
[2026-02-16 15:50:18.366] [warning] Couldn't find file 'metacarpal4_rvs.vtp'.
[2026-02-16 15:50:18.366] [warning] Couldn't find file 'ring_proximal_rvs.vtp'.
[2026-02-16 15:50:18.366] [warning] Couldn't find file 'ring_medial_rvs.vtp'.
[2026-02-16 15:50:18.366] [warning] Couldn't find file 'ring_distal_rvs.vtp'.
[2026-02-16 15:50:18.366] [warning] Couldn't find file 'metacarpal5_rvs.vtp'.
[2026-02-16 15:50:18.367] [warning] Couldn't find file 'little_proximal_rvs.vtp'.
[2026-02-16 15:50:18.367] [warning] Couldn't find file 'little_medial_rvs.vtp'.
[2026-02-16 15:50:18.367] [warning] Couldn't find file 'little_distal_rvs.vtp'.
[2026-02-16 15:50:18.367] [warning] Couldn't find file 'metacarpal1_rvs.vtp'.
[2026-02-16 15:50:18.367] [warning] Couldn't find file 'thumb_proximal_rvs.vtp'.
[2026-02-16 15:50:18.367] [warning] Couldn't find file 'thumb_distal_rvs.vtp'.
[2026-02-16 15:50:18.367] [warning] Couldn't find file 'humerus_lv.vtp'.
[2026-02-16 15:50:18.367] [warning] Couldn't find file 'ulna_lv.vtp'.
[2026-02-16 15:50:18.367] [warning] Couldn't find file 'radius_lv.vtp'.
[2026-02-16 15:50:18.367] [warning] Couldn't find file 'pisiform_lvs.vtp'.
[2026-02-16 15:50:18.367] [warning] Couldn't find file 'lunate_lvs.vtp'.
[2026-02-16 15:50:18.367] [warning] Couldn't find file 'scaphoid_lvs.vtp'.
[2026-02-16 15:50:18.367] [warning] Couldn't find file 'triquetrum_lvs.vtp'.
[2026-02-16 15:50:18.367] [warning] Couldn't find file 'hamate_lvs.vtp'.
[2026-02-16 15:50:18.367] [warning] Couldn't find file 'capitate_lvs.vtp'.
[2026-02-16 15:50:18.367] [warning] Couldn't find file 'trapezoid_lvs.vtp'.
[2026-02-16 15:50:18.367] [warning] Couldn't find file 'trapezium_lvs.vtp'.
[2026-02-16 15:50:18.367] [warning] Couldn't find file 'metacarpal2_lvs.vtp'.
[2026-02-16 15:50:18.367] [warning] Couldn't find file 'index_proximal_lvs.vtp'.
[2026-02-16 15:50:18.367] [warning] Couldn't find file 'index_medial_lvs.vtp'.
[2026-02-16 15:50:18.367] [warning] Couldn't find file 'index_distal_lvs.vtp'.
[2026-02-16 15:50:18.367] [warning] Couldn't find file 'metacarpal3_lvs.vtp'.
[2026-02-16 15:50:18.367] [warning] Couldn't find file 'middle_proximal_lvs.vtp'.
[2026-02-16 15:50:18.367] [warning] Couldn't find file 'middle_medial_lvs.vtp'.
[2026-02-16 15:50:18.367] [warning] Couldn't find file 'middle_distal_lvs.vtp'.
[2026-02-16 15:50:18.367] [warning] Couldn't find file 'metacarpal4_lvs.vtp'.
[2026-02-16 15:50:18.367] [warning] Couldn't find file 'ring_proximal_lvs.vtp'.
[2026-02-16 15:50:18.367] [warning] Couldn't find file 'ring_medial_lvs.vtp'.
[2026-02-16 15:50:18.368] [warning] Couldn't find file 'ring_distal_lvs.vtp'.
[2026-02-16 15:50:18.368] [warning] Couldn't find file 'metacarpal5_lvs.vtp'.
[2026-02-16 15:50:18.368] [warning] Couldn't find file 'little_proximal_lvs.vtp'.
[2026-02-16 15:50:18.368] [warning] Couldn't find file 'little_medial_lvs.vtp'.
[2026-02-16 15:50:18.368] [warning] Couldn't find file 'little_distal_lvs.vtp'.
[2026-02-16 15:50:18.368] [warning] Couldn't find file 'metacarpal1_lvs.vtp'.
[2026-02-16 15:50:18.368] [warning] Couldn't find file 'thumb_proximal_lvs.vtp'.
[2026-02-16 15:50:18.368] [warning] Couldn't find file 'thumb_distal_lvs.vtp'.
[2026-02-16 15:50:18.374] [info] No external loads will be applied (external loads file not specified).
[2026-02-16 15:50:18.385] [info] Loading coordinates from file 'C:\Users\Israel Luis\Documents\GitHub\GoalOptimized\Database\sub1\IK\IK_sub1_v2_t1.mot'.
[2026-02-16 15:50:18.385] [info] Storage: read data file = C:\Users\Israel Luis\Documents\GitHub\GoalOptimized\Database\sub1\IK\IK_sub1_v2_t1.mot (nr=119 nc=40)
[2026-02-16 15:50:18.969] [info] Found 119 state vectors with time stamps ranging from 0.57 to 1.75.
[2026-02-16 15:50:18.969] [info] Executing the analyses from 0.57 to 1.75...
[2026-02-16 15:50:23.371] [info] Printing results of investigation IK_sub1_v2_t1 to C:\Users\Israel Luis\Documents\GitHub\GoalOptimized\ProjectResults\DSE\sub1\multiCycle\Je\MuscleAnalysis
[2026-02-16 15:52:18.399] [info] Updating Model file from 40000 to latest format...
[2026-02-16 15:52:18.417] [info] Loaded model 1_scaled_rajagopal2022 from file C:\Users\Israel Luis\Documents\GitHub\GoalOptimized\Database\sub1\model\model_rajagopal2022_sub1.osim
[2026-02-16 15:52:18.418] [warning] Couldn't find file 'r_pelvis.vtp'.
[2026-02-16 15:52:18.418] [warning] Couldn't find file 'l_pelvis.vtp'.
[2026-02-16 15:52:18.418] [warning] Couldn't find file 'sacrum.vtp'.
[2026-02-16 15:52:18.418] [warning] Couldn't find file 'r_femur.vtp'.
[2026-02-16 15:52:18.418] [warning] Couldn't find file 'r_tibia.vtp'.
[2026-02-16 15:52:18.418] [warning] Couldn't find file 'r_fibula.vtp'.
[2026-02-16 15:52:18.418] [warning] Couldn't find file 'r_patella.vtp'.
[2026-02-16 15:52:18.418] [warning] Couldn't find file 'r_talus.vtp'.
[2026-02-16 15:52:18.418] [warning] Couldn't find file 'r_foot.vtp'.
[2026-02-16 15:52:18.418] [warning] Couldn't find file 'r_bofoot.vtp'.
[2026-02-16 15:52:18.418] [warning] Couldn't find file 'l_femur.vtp'.
[2026-02-16 15:52:18.418] [warning] Couldn't find file 'l_tibia.vtp'.
[2026-02-16 15:52:18.418] [warning] Couldn't find file 'l_fibula.vtp'.
[2026-02-16 15:52:18.418] [warning] Couldn't find file 'l_patella.vtp'.
[2026-02-16 15:52:18.418] [warning] Couldn't find file 'l_talus.vtp'.
[2026-02-16 15:52:18.418] [warning] Couldn't find file 'l_foot.vtp'.
[2026-02-16 15:52:18.418] [warning] Couldn't find file 'l_bofoot.vtp'.
[2026-02-16 15:52:18.418] [warning] Couldn't find file 'hat_spine.vtp'.
[2026-02-16 15:52:18.418] [warning] Couldn't find file 'hat_jaw.vtp'.
[2026-02-16 15:52:18.418] [warning] Couldn't find file 'hat_skull.vtp'.
[2026-02-16 15:52:18.418] [warning] Couldn't find file 'hat_ribs_scap.vtp'.
[2026-02-16 15:52:18.418] [warning] Couldn't find file 'humerus_rv.vtp'.
[2026-02-16 15:52:18.418] [warning] Couldn't find file 'ulna_rv.vtp'.
[2026-02-16 15:52:18.418] [warning] Couldn't find file 'radius_rv.vtp'.
[2026-02-16 15:52:18.419] [warning] Couldn't find file 'pisiform_rvs.vtp'.
[2026-02-16 15:52:18.419] [warning] Couldn't find file 'lunate_rvs.vtp'.
[2026-02-16 15:52:18.419] [warning] Couldn't find file 'scaphoid_rvs.vtp'.
[2026-02-16 15:52:18.419] [warning] Couldn't find file 'triquetrum_rvs.vtp'.
[2026-02-16 15:52:18.419] [warning] Couldn't find file 'hamate_rvs.vtp'.
[2026-02-16 15:52:18.419] [warning] Couldn't find file 'capitate_rvs.vtp'.
[2026-02-16 15:52:18.419] [warning] Couldn't find file 'trapezoid_rvs.vtp'.
[2026-02-16 15:52:18.419] [warning] Couldn't find file 'trapezium_rvs.vtp'.
[2026-02-16 15:52:18.419] [warning] Couldn't find file 'metacarpal2_rvs.vtp'.
[2026-02-16 15:52:18.419] [warning] Couldn't find file 'index_proximal_rvs.vtp'.
[2026-02-16 15:52:18.419] [warning] Couldn't find file 'index_medial_rvs.vtp'.
[2026-02-16 15:52:18.419] [warning] Couldn't find file 'index_distal_rvs.vtp'.
[2026-02-16 15:52:18.419] [warning] Couldn't find file 'metacarpal3_rvs.vtp'.
[2026-02-16 15:52:18.419] [warning] Couldn't find file 'middle_proximal_rvs.vtp'.
[2026-02-16 15:52:18.419] [warning] Couldn't find file 'middle_medial_rvs.vtp'.
[2026-02-16 15:52:18.419] [warning] Couldn't find file 'middle_distal_rvs.vtp'.
[2026-02-16 15:52:18.419] [warning] Couldn't find file 'metacarpal4_rvs.vtp'.
[2026-02-16 15:52:18.419] [warning] Couldn't find file 'ring_proximal_rvs.vtp'.
[2026-02-16 15:52:18.419] [warning] Couldn't find file 'ring_medial_rvs.vtp'.
[2026-02-16 15:52:18.419] [warning] Couldn't find file 'ring_distal_rvs.vtp'.
[2026-02-16 15:52:18.419] [warning] Couldn't find file 'metacarpal5_rvs.vtp'.
[2026-02-16 15:52:18.419] [warning] Couldn't find file 'little_proximal_rvs.vtp'.
[2026-02-16 15:52:18.419] [warning] Couldn't find file 'little_medial_rvs.vtp'.
[2026-02-16 15:52:18.419] [warning] Couldn't find file 'little_distal_rvs.vtp'.
[2026-02-16 15:52:18.419] [warning] Couldn't find file 'metacarpal1_rvs.vtp'.
[2026-02-16 15:52:18.419] [warning] Couldn't find file 'thumb_proximal_rvs.vtp'.
[2026-02-16 15:52:18.419] [warning] Couldn't find file 'thumb_distal_rvs.vtp'.
[2026-02-16 15:52:18.419] [warning] Couldn't find file 'humerus_lv.vtp'.
[2026-02-16 15:52:18.420] [warning] Couldn't find file 'ulna_lv.vtp'.
[2026-02-16 15:52:18.420] [warning] Couldn't find file 'radius_lv.vtp'.
[2026-02-16 15:52:18.420] [warning] Couldn't find file 'pisiform_lvs.vtp'.
[2026-02-16 15:52:18.420] [warning] Couldn't find file 'lunate_lvs.vtp'.
[2026-02-16 15:52:18.420] [warning] Couldn't find file 'scaphoid_lvs.vtp'.
[2026-02-16 15:52:18.420] [warning] Couldn't find file 'triquetrum_lvs.vtp'.
[2026-02-16 15:52:18.420] [warning] Couldn't find file 'hamate_lvs.vtp'.
[2026-02-16 15:52:18.420] [warning] Couldn't find file 'capitate_lvs.vtp'.
[2026-02-16 15:52:18.420] [warning] Couldn't find file 'trapezoid_lvs.vtp'.
[2026-02-16 15:52:18.420] [warning] Couldn't find file 'trapezium_lvs.vtp'.
[2026-02-16 15:52:18.420] [warning] Couldn't find file 'metacarpal2_lvs.vtp'.
[2026-02-16 15:52:18.420] [warning] Couldn't find file 'index_proximal_lvs.vtp'.
[2026-02-16 15:52:18.420] [warning] Couldn't find file 'index_medial_lvs.vtp'.
[2026-02-16 15:52:18.420] [warning] Couldn't find file 'index_distal_lvs.vtp'.
[2026-02-16 15:52:18.420] [warning] Couldn't find file 'metacarpal3_lvs.vtp'.
[2026-02-16 15:52:18.420] [warning] Couldn't find file 'middle_proximal_lvs.vtp'.
[2026-02-16 15:52:18.420] [warning] Couldn't find file 'middle_medial_lvs.vtp'.
[2026-02-16 15:52:18.420] [warning] Couldn't find file 'middle_distal_lvs.vtp'.
[2026-02-16 15:52:18.420] [warning] Couldn't find file 'metacarpal4_lvs.vtp'.
[2026-02-16 15:52:18.420] [warning] Couldn't find file 'ring_proximal_lvs.vtp'.
[2026-02-16 15:52:18.420] [warning] Couldn't find file 'ring_medial_lvs.vtp'.
[2026-02-16 15:52:18.420] [warning] Couldn't find file 'ring_distal_lvs.vtp'.
[2026-02-16 15:52:18.420] [warning] Couldn't find file 'metacarpal5_lvs.vtp'.
[2026-02-16 15:52:18.420] [warning] Couldn't find file 'little_proximal_lvs.vtp'.
[2026-02-16 15:52:18.420] [warning] Couldn't find file 'little_medial_lvs.vtp'.
[2026-02-16 15:52:18.420] [warning] Couldn't find file 'little_distal_lvs.vtp'.
[2026-02-16 15:52:18.420] [warning] Couldn't find file 'metacarpal1_lvs.vtp'.
[2026-02-16 15:52:18.421] [warning] Couldn't find file 'thumb_proximal_lvs.vtp'.
[2026-02-16 15:52:18.421] [warning] Couldn't find file 'thumb_distal_lvs.vtp'.
[2026-02-16 15:52:18.425] [info] AbstractTool IK_sub1_v2_t1 loading model C:\Users\Israel Luis\Documents\GitHub\GoalOptimized\Database\sub1\model\model_rajagopal2022_sub1.osim
[2026-02-16 15:52:18.439] [info] Updating Model file from 40000 to latest format...
[2026-02-16 15:52:18.458] [info] Loaded model 1_scaled_rajagopal2022 from file C:\Users\Israel Luis\Documents\GitHub\GoalOptimized\Database\sub1\model\model_rajagopal2022_sub1.osim
[2026-02-16 15:52:18.458] [warning] Couldn't find file 'r_pelvis.vtp'.
[2026-02-16 15:52:18.458] [warning] Couldn't find file 'l_pelvis.vtp'.
[2026-02-16 15:52:18.458] [warning] Couldn't find file 'sacrum.vtp'.
[2026-02-16 15:52:18.458] [warning] Couldn't find file 'r_femur.vtp'.
[2026-02-16 15:52:18.458] [warning] Couldn't find file 'r_tibia.vtp'.
[2026-02-16 15:52:18.458] [warning] Couldn't find file 'r_fibula.vtp'.
[2026-02-16 15:52:18.458] [warning] Couldn't find file 'r_patella.vtp'.
[2026-02-16 15:52:18.458] [warning] Couldn't find file 'r_talus.vtp'.
[2026-02-16 15:52:18.458] [warning] Couldn't find file 'r_foot.vtp'.
[2026-02-16 15:52:18.458] [warning] Couldn't find file 'r_bofoot.vtp'.
[2026-02-16 15:52:18.458] [warning] Couldn't find file 'l_femur.vtp'.
[2026-02-16 15:52:18.458] [warning] Couldn't find file 'l_tibia.vtp'.
[2026-02-16 15:52:18.458] [warning] Couldn't find file 'l_fibula.vtp'.
[2026-02-16 15:52:18.458] [warning] Couldn't find file 'l_patella.vtp'.
[2026-02-16 15:52:18.458] [warning] Couldn't find file 'l_talus.vtp'.
[2026-02-16 15:52:18.458] [warning] Couldn't find file 'l_foot.vtp'.
[2026-02-16 15:52:18.458] [warning] Couldn't find file 'l_bofoot.vtp'.
[2026-02-16 15:52:18.458] [warning] Couldn't find file 'hat_spine.vtp'.
[2026-02-16 15:52:18.458] [warning] Couldn't find file 'hat_jaw.vtp'.
[2026-02-16 15:52:18.459] [warning] Couldn't find file 'hat_skull.vtp'.
[2026-02-16 15:52:18.459] [warning] Couldn't find file 'hat_ribs_scap.vtp'.
[2026-02-16 15:52:18.459] [warning] Couldn't find file 'humerus_rv.vtp'.
[2026-02-16 15:52:18.459] [warning] Couldn't find file 'ulna_rv.vtp'.
[2026-02-16 15:52:18.459] [warning] Couldn't find file 'radius_rv.vtp'.
[2026-02-16 15:52:18.459] [warning] Couldn't find file 'pisiform_rvs.vtp'.
[2026-02-16 15:52:18.459] [warning] Couldn't find file 'lunate_rvs.vtp'.
[2026-02-16 15:52:18.459] [warning] Couldn't find file 'scaphoid_rvs.vtp'.
[2026-02-16 15:52:18.459] [warning] Couldn't find file 'triquetrum_rvs.vtp'.
[2026-02-16 15:52:18.459] [warning] Couldn't find file 'hamate_rvs.vtp'.
[2026-02-16 15:52:18.459] [warning] Couldn't find file 'capitate_rvs.vtp'.
[2026-02-16 15:52:18.459] [warning] Couldn't find file 'trapezoid_rvs.vtp'.
[2026-02-16 15:52:18.459] [warning] Couldn't find file 'trapezium_rvs.vtp'.
[2026-02-16 15:52:18.459] [warning] Couldn't find file 'metacarpal2_rvs.vtp'.
[2026-02-16 15:52:18.459] [warning] Couldn't find file 'index_proximal_rvs.vtp'.
[2026-02-16 15:52:18.459] [warning] Couldn't find file 'index_medial_rvs.vtp'.
[2026-02-16 15:52:18.459] [warning] Couldn't find file 'index_distal_rvs.vtp'.
[2026-02-16 15:52:18.459] [warning] Couldn't find file 'metacarpal3_rvs.vtp'.
[2026-02-16 15:52:18.459] [warning] Couldn't find file 'middle_proximal_rvs.vtp'.
[2026-02-16 15:52:18.459] [warning] Couldn't find file 'middle_medial_rvs.vtp'.
[2026-02-16 15:52:18.459] [warning] Couldn't find file 'middle_distal_rvs.vtp'.
[2026-02-16 15:52:18.459] [warning] Couldn't find file 'metacarpal4_rvs.vtp'.
[2026-02-16 15:52:18.459] [warning] Couldn't find file 'ring_proximal_rvs.vtp'.
[2026-02-16 15:52:18.459] [warning] Couldn't find file 'ring_medial_rvs.vtp'.
[2026-02-16 15:52:18.459] [warning] Couldn't find file 'ring_distal_rvs.vtp'.
[2026-02-16 15:52:18.459] [warning] Couldn't find file 'metacarpal5_rvs.vtp'.
[2026-02-16 15:52:18.459] [warning] Couldn't find file 'little_proximal_rvs.vtp'.
[2026-02-16 15:52:18.459] [warning] Couldn't find file 'little_medial_rvs.vtp'.
[2026-02-16 15:52:18.460] [warning] Couldn't find file 'little_distal_rvs.vtp'.
[2026-02-16 15:52:18.460] [warning] Couldn't find file 'metacarpal1_rvs.vtp'.
[2026-02-16 15:52:18.460] [warning] Couldn't find file 'thumb_proximal_rvs.vtp'.
[2026-02-16 15:52:18.460] [warning] Couldn't find file 'thumb_distal_rvs.vtp'.
[2026-02-16 15:52:18.460] [warning] Couldn't find file 'humerus_lv.vtp'.
[2026-02-16 15:52:18.460] [warning] Couldn't find file 'ulna_lv.vtp'.
[2026-02-16 15:52:18.460] [warning] Couldn't find file 'radius_lv.vtp'.
[2026-02-16 15:52:18.460] [warning] Couldn't find file 'pisiform_lvs.vtp'.
[2026-02-16 15:52:18.460] [warning] Couldn't find file 'lunate_lvs.vtp'.
[2026-02-16 15:52:18.460] [warning] Couldn't find file 'scaphoid_lvs.vtp'.
[2026-02-16 15:52:18.460] [warning] Couldn't find file 'triquetrum_lvs.vtp'.
[2026-02-16 15:52:18.460] [warning] Couldn't find file 'hamate_lvs.vtp'.
[2026-02-16 15:52:18.460] [warning] Couldn't find file 'capitate_lvs.vtp'.
[2026-02-16 15:52:18.460] [warning] Couldn't find file 'trapezoid_lvs.vtp'.
[2026-02-16 15:52:18.460] [warning] Couldn't find file 'trapezium_lvs.vtp'.
[2026-02-16 15:52:18.460] [warning] Couldn't find file 'metacarpal2_lvs.vtp'.
[2026-02-16 15:52:18.460] [warning] Couldn't find file 'index_proximal_lvs.vtp'.
[2026-02-16 15:52:18.460] [warning] Couldn't find file 'index_medial_lvs.vtp'.
[2026-02-16 15:52:18.460] [warning] Couldn't find file 'index_distal_lvs.vtp'.
[2026-02-16 15:52:18.460] [warning] Couldn't find file 'metacarpal3_lvs.vtp'.
[2026-02-16 15:52:18.460] [warning] Couldn't find file 'middle_proximal_lvs.vtp'.
[2026-02-16 15:52:18.460] [warning] Couldn't find file 'middle_medial_lvs.vtp'.
[2026-02-16 15:52:18.460] [warning] Couldn't find file 'middle_distal_lvs.vtp'.
[2026-02-16 15:52:18.460] [warning] Couldn't find file 'metacarpal4_lvs.vtp'.
[2026-02-16 15:52:18.460] [warning] Couldn't find file 'ring_proximal_lvs.vtp'.
[2026-02-16 15:52:18.460] [warning] Couldn't find file 'ring_medial_lvs.vtp'.
[2026-02-16 15:52:18.460] [warning] Couldn't find file 'ring_distal_lvs.vtp'.
[2026-02-16 15:52:18.460] [warning] Couldn't find file 'metacarpal5_lvs.vtp'.
[2026-02-16 15:52:18.460] [warning] Couldn't find file 'little_proximal_lvs.vtp'.
[2026-02-16 15:52:18.461] [warning] Couldn't find file 'little_medial_lvs.vtp'.
[2026-02-16 15:52:18.461] [warning] Couldn't find file 'little_distal_lvs.vtp'.
[2026-02-16 15:52:18.461] [warning] Couldn't find file 'metacarpal1_lvs.vtp'.
[2026-02-16 15:52:18.461] [warning] Couldn't find file 'thumb_proximal_lvs.vtp'.
[2026-02-16 15:52:18.461] [warning] Couldn't find file 'thumb_distal_lvs.vtp'.
[2026-02-16 15:52:18.465] [info] No external loads will be applied (external loads file not specified).
[2026-02-16 15:52:18.476] [info] Loading coordinates from file 'C:\Users\Israel Luis\Documents\GitHub\GoalOptimized\Database\sub1\IK\IK_sub1_v2_t1.mot'.
[2026-02-16 15:52:18.476] [info] Storage: read data file = C:\Users\Israel Luis\Documents\GitHub\GoalOptimized\Database\sub1\IK\IK_sub1_v2_t1.mot (nr=119 nc=40)
[2026-02-16 15:52:19.052] [info] Found 119 state vectors with time stamps ranging from 0.57 to 1.75.
[2026-02-16 15:52:19.053] [info] Executing the analyses from 0.57 to 1.75...
[2026-02-16 15:52:23.519] [info] Printing results of investigation IK_sub1_v2_t1 to C:\Users\Israel Luis\Documents\GitHub\GoalOptimized\ProjectResults\DSE\sub1\multiCycle\Je\MuscleAnalysis
[2026-02-16 15:53:53.815] [info] Updating Model file from 40000 to latest format...
[2026-02-16 15:53:53.834] [info] Loaded model 1_scaled_rajagopal2022 from file C:\Users\Israel Luis\Documents\GitHub\GoalOptimized\Database\sub1\model\model_rajagopal2022_sub1.osim
[2026-02-16 15:53:53.834] [warning] Couldn't find file 'r_pelvis.vtp'.
[2026-02-16 15:53:53.834] [warning] Couldn't find file 'l_pelvis.vtp'.
[2026-02-16 15:53:53.834] [warning] Couldn't find file 'sacrum.vtp'.
[2026-02-16 15:53:53.834] [warning] Couldn't find file 'r_femur.vtp'.
[2026-02-16 15:53:53.834] [warning] Couldn't find file 'r_tibia.vtp'.
[2026-02-16 15:53:53.834] [warning] Couldn't find file 'r_fibula.vtp'.
[2026-02-16 15:53:53.834] [warning] Couldn't find file 'r_patella.vtp'.
[2026-02-16 15:53:53.834] [warning] Couldn't find file 'r_talus.vtp'.
[2026-02-16 15:53:53.834] [warning] Couldn't find file 'r_foot.vtp'.
[2026-02-16 15:53:53.834] [warning] Couldn't find file 'r_bofoot.vtp'.
[2026-02-16 15:53:53.834] [warning] Couldn't find file 'l_femur.vtp'.
[2026-02-16 15:53:53.834] [warning] Couldn't find file 'l_tibia.vtp'.
[2026-02-16 15:53:53.834] [warning] Couldn't find file 'l_fibula.vtp'.
[2026-02-16 15:53:53.834] [warning] Couldn't find file 'l_patella.vtp'.
[2026-02-16 15:53:53.834] [warning] Couldn't find file 'l_talus.vtp'.
[2026-02-16 15:53:53.834] [warning] Couldn't find file 'l_foot.vtp'.
[2026-02-16 15:53:53.834] [warning] Couldn't find file 'l_bofoot.vtp'.
[2026-02-16 15:53:53.835] [warning] Couldn't find file 'hat_spine.vtp'.
[2026-02-16 15:53:53.835] [warning] Couldn't find file 'hat_jaw.vtp'.
[2026-02-16 15:53:53.835] [warning] Couldn't find file 'hat_skull.vtp'.
[2026-02-16 15:53:53.835] [warning] Couldn't find file 'hat_ribs_scap.vtp'.
[2026-02-16 15:53:53.835] [warning] Couldn't find file 'humerus_rv.vtp'.
[2026-02-16 15:53:53.835] [warning] Couldn't find file 'ulna_rv.vtp'.
[2026-02-16 15:53:53.835] [warning] Couldn't find file 'radius_rv.vtp'.
[2026-02-16 15:53:53.835] [warning] Couldn't find file 'pisiform_rvs.vtp'.
[2026-02-16 15:53:53.835] [warning] Couldn't find file 'lunate_rvs.vtp'.
[2026-02-16 15:53:53.835] [warning] Couldn't find file 'scaphoid_rvs.vtp'.
[2026-02-16 15:53:53.835] [warning] Couldn't find file 'triquetrum_rvs.vtp'.
[2026-02-16 15:53:53.835] [warning] Couldn't find file 'hamate_rvs.vtp'.
[2026-02-16 15:53:53.835] [warning] Couldn't find file 'capitate_rvs.vtp'.
[2026-02-16 15:53:53.835] [warning] Couldn't find file 'trapezoid_rvs.vtp'.
[2026-02-16 15:53:53.835] [warning] Couldn't find file 'trapezium_rvs.vtp'.
[2026-02-16 15:53:53.835] [warning] Couldn't find file 'metacarpal2_rvs.vtp'.
[2026-02-16 15:53:53.835] [warning] Couldn't find file 'index_proximal_rvs.vtp'.
[2026-02-16 15:53:53.835] [warning] Couldn't find file 'index_medial_rvs.vtp'.
[2026-02-16 15:53:53.835] [warning] Couldn't find file 'index_distal_rvs.vtp'.
[2026-02-16 15:53:53.835] [warning] Couldn't find file 'metacarpal3_rvs.vtp'.
[2026-02-16 15:53:53.835] [warning] Couldn't find file 'middle_proximal_rvs.vtp'.
[2026-02-16 15:53:53.835] [warning] Couldn't find file 'middle_medial_rvs.vtp'.
[2026-02-16 15:53:53.835] [warning] Couldn't find file 'middle_distal_rvs.vtp'.
[2026-02-16 15:53:53.835] [warning] Couldn't find file 'metacarpal4_rvs.vtp'.
[2026-02-16 15:53:53.835] [warning] Couldn't find file 'ring_proximal_rvs.vtp'.
[2026-02-16 15:53:53.835] [warning] Couldn't find file 'ring_medial_rvs.vtp'.
[2026-02-16 15:53:53.835] [warning] Couldn't find file 'ring_distal_rvs.vtp'.
[2026-02-16 15:53:53.835] [warning] Couldn't find file 'metacarpal5_rvs.vtp'.
[2026-02-16 15:53:53.836] [warning] Couldn't find file 'little_proximal_rvs.vtp'.
[2026-02-16 15:53:53.836] [warning] Couldn't find file 'little_medial_rvs.vtp'.
[2026-02-16 15:53:53.836] [warning] Couldn't find file 'little_distal_rvs.vtp'.
[2026-02-16 15:53:53.836] [warning] Couldn't find file 'metacarpal1_rvs.vtp'.
[2026-02-16 15:53:53.836] [warning] Couldn't find file 'thumb_proximal_rvs.vtp'.
[2026-02-16 15:53:53.836] [warning] Couldn't find file 'thumb_distal_rvs.vtp'.
[2026-02-16 15:53:53.836] [warning] Couldn't find file 'humerus_lv.vtp'.
[2026-02-16 15:53:53.836] [warning] Couldn't find file 'ulna_lv.vtp'.
[2026-02-16 15:53:53.836] [warning] Couldn't find file 'radius_lv.vtp'.
[2026-02-16 15:53:53.836] [warning] Couldn't find file 'pisiform_lvs.vtp'.
[2026-02-16 15:53:53.836] [warning] Couldn't find file 'lunate_lvs.vtp'.
[2026-02-16 15:53:53.836] [warning] Couldn't find file 'scaphoid_lvs.vtp'.
[2026-02-16 15:53:53.836] [warning] Couldn't find file 'triquetrum_lvs.vtp'.
[2026-02-16 15:53:53.836] [warning] Couldn't find file 'hamate_lvs.vtp'.
[2026-02-16 15:53:53.836] [warning] Couldn't find file 'capitate_lvs.vtp'.
[2026-02-16 15:53:53.836] [warning] Couldn't find file 'trapezoid_lvs.vtp'.
[2026-02-16 15:53:53.836] [warning] Couldn't find file 'trapezium_lvs.vtp'.
[2026-02-16 15:53:53.836] [warning] Couldn't find file 'metacarpal2_lvs.vtp'.
[2026-02-16 15:53:53.836] [warning] Couldn't find file 'index_proximal_lvs.vtp'.
[2026-02-16 15:53:53.836] [warning] Couldn't find file 'index_medial_lvs.vtp'.
[2026-02-16 15:53:53.836] [warning] Couldn't find file 'index_distal_lvs.vtp'.
[2026-02-16 15:53:53.836] [warning] Couldn't find file 'metacarpal3_lvs.vtp'.
[2026-02-16 15:53:53.836] [warning] Couldn't find file 'middle_proximal_lvs.vtp'.
[2026-02-16 15:53:53.836] [warning] Couldn't find file 'middle_medial_lvs.vtp'.
[2026-02-16 15:53:53.836] [warning] Couldn't find file 'middle_distal_lvs.vtp'.
[2026-02-16 15:53:53.836] [warning] Couldn't find file 'metacarpal4_lvs.vtp'.
[2026-02-16 15:53:53.836] [warning] Couldn't find file 'ring_proximal_lvs.vtp'.
[2026-02-16 15:53:53.836] [warning] Couldn't find file 'ring_medial_lvs.vtp'.
[2026-02-16 15:53:53.837] [warning] Couldn't find file 'ring_distal_lvs.vtp'.
[2026-02-16 15:53:53.837] [warning] Couldn't find file 'metacarpal5_lvs.vtp'.
[2026-02-16 15:53:53.837] [warning] Couldn't find file 'little_proximal_lvs.vtp'.
[2026-02-16 15:53:53.837] [warning] Couldn't find file 'little_medial_lvs.vtp'.
[2026-02-16 15:53:53.837] [warning] Couldn't find file 'little_distal_lvs.vtp'.
[2026-02-16 15:53:53.837] [warning] Couldn't find file 'metacarpal1_lvs.vtp'.
[2026-02-16 15:53:53.837] [warning] Couldn't find file 'thumb_proximal_lvs.vtp'.
[2026-02-16 15:53:53.837] [warning] Couldn't find file 'thumb_distal_lvs.vtp'.
[2026-02-16 15:53:53.841] [info] AbstractTool IK_sub1_v2_t1 loading model C:\Users\Israel Luis\Documents\GitHub\GoalOptimized\Database\sub1\model\model_rajagopal2022_sub1.osim
[2026-02-16 15:53:53.855] [info] Updating Model file from 40000 to latest format...
[2026-02-16 15:53:53.873] [info] Loaded model 1_scaled_rajagopal2022 from file C:\Users\Israel Luis\Documents\GitHub\GoalOptimized\Database\sub1\model\model_rajagopal2022_sub1.osim
[2026-02-16 15:53:53.873] [warning] Couldn't find file 'r_pelvis.vtp'.
[2026-02-16 15:53:53.873] [warning] Couldn't find file 'l_pelvis.vtp'.
[2026-02-16 15:53:53.873] [warning] Couldn't find file 'sacrum.vtp'.
[2026-02-16 15:53:53.873] [warning] Couldn't find file 'r_femur.vtp'.
[2026-02-16 15:53:53.873] [warning] Couldn't find file 'r_tibia.vtp'.
[2026-02-16 15:53:53.873] [warning] Couldn't find file 'r_fibula.vtp'.
[2026-02-16 15:53:53.873] [warning] Couldn't find file 'r_patella.vtp'.
[2026-02-16 15:53:53.873] [warning] Couldn't find file 'r_talus.vtp'.
[2026-02-16 15:53:53.873] [warning] Couldn't find file 'r_foot.vtp'.
[2026-02-16 15:53:53.873] [warning] Couldn't find file 'r_bofoot.vtp'.
[2026-02-16 15:53:53.873] [warning] Couldn't find file 'l_femur.vtp'.
[2026-02-16 15:53:53.873] [warning] Couldn't find file 'l_tibia.vtp'.
[2026-02-16 15:53:53.873] [warning] Couldn't find file 'l_fibula.vtp'.
[2026-02-16 15:53:53.873] [warning] Couldn't find file 'l_patella.vtp'.
[2026-02-16 15:53:53.873] [warning] Couldn't find file 'l_talus.vtp'.
[2026-02-16 15:53:53.873] [warning] Couldn't find file 'l_foot.vtp'.
[2026-02-16 15:53:53.874] [warning] Couldn't find file 'l_bofoot.vtp'.
[2026-02-16 15:53:53.874] [warning] Couldn't find file 'hat_spine.vtp'.
[2026-02-16 15:53:53.874] [warning] Couldn't find file 'hat_jaw.vtp'.
[2026-02-16 15:53:53.874] [warning] Couldn't find file 'hat_skull.vtp'.
[2026-02-16 15:53:53.874] [warning] Couldn't find file 'hat_ribs_scap.vtp'.
[2026-02-16 15:53:53.874] [warning] Couldn't find file 'humerus_rv.vtp'.
[2026-02-16 15:53:53.874] [warning] Couldn't find file 'ulna_rv.vtp'.
[2026-02-16 15:53:53.874] [warning] Couldn't find file 'radius_rv.vtp'.
[2026-02-16 15:53:53.874] [warning] Couldn't find file 'pisiform_rvs.vtp'.
[2026-02-16 15:53:53.874] [warning] Couldn't find file 'lunate_rvs.vtp'.
[2026-02-16 15:53:53.874] [warning] Couldn't find file 'scaphoid_rvs.vtp'.
[2026-02-16 15:53:53.874] [warning] Couldn't find file 'triquetrum_rvs.vtp'.
[2026-02-16 15:53:53.874] [warning] Couldn't find file 'hamate_rvs.vtp'.
[2026-02-16 15:53:53.874] [warning] Couldn't find file 'capitate_rvs.vtp'.
[2026-02-16 15:53:53.874] [warning] Couldn't find file 'trapezoid_rvs.vtp'.
[2026-02-16 15:53:53.874] [warning] Couldn't find file 'trapezium_rvs.vtp'.
[2026-02-16 15:53:53.874] [warning] Couldn't find file 'metacarpal2_rvs.vtp'.
[2026-02-16 15:53:53.874] [warning] Couldn't find file 'index_proximal_rvs.vtp'.
[2026-02-16 15:53:53.874] [warning] Couldn't find file 'index_medial_rvs.vtp'.
[2026-02-16 15:53:53.874] [warning] Couldn't find file 'index_distal_rvs.vtp'.
[2026-02-16 15:53:53.874] [warning] Couldn't find file 'metacarpal3_rvs.vtp'.
[2026-02-16 15:53:53.874] [warning] Couldn't find file 'middle_proximal_rvs.vtp'.
[2026-02-16 15:53:53.874] [warning] Couldn't find file 'middle_medial_rvs.vtp'.
[2026-02-16 15:53:53.874] [warning] Couldn't find file 'middle_distal_rvs.vtp'.
[2026-02-16 15:53:53.874] [warning] Couldn't find file 'metacarpal4_rvs.vtp'.
[2026-02-16 15:53:53.874] [warning] Couldn't find file 'ring_proximal_rvs.vtp'.
[2026-02-16 15:53:53.874] [warning] Couldn't find file 'ring_medial_rvs.vtp'.
[2026-02-16 15:53:53.874] [warning] Couldn't find file 'ring_distal_rvs.vtp'.
[2026-02-16 15:53:53.875] [warning] Couldn't find file 'metacarpal5_rvs.vtp'.
[2026-02-16 15:53:53.875] [warning] Couldn't find file 'little_proximal_rvs.vtp'.
[2026-02-16 15:53:53.875] [warning] Couldn't find file 'little_medial_rvs.vtp'.
[2026-02-16 15:53:53.875] [warning] Couldn't find file 'little_distal_rvs.vtp'.
[2026-02-16 15:53:53.875] [warning] Couldn't find file 'metacarpal1_rvs.vtp'.
[2026-02-16 15:53:53.875] [warning] Couldn't find file 'thumb_proximal_rvs.vtp'.
[2026-02-16 15:53:53.875] [warning] Couldn't find file 'thumb_distal_rvs.vtp'.
[2026-02-16 15:53:53.875] [warning] Couldn't find file 'humerus_lv.vtp'.
[2026-02-16 15:53:53.875] [warning] Couldn't find file 'ulna_lv.vtp'.
[2026-02-16 15:53:53.875] [warning] Couldn't find file 'radius_lv.vtp'.
[2026-02-16 15:53:53.875] [warning] Couldn't find file 'pisiform_lvs.vtp'.
[2026-02-16 15:53:53.875] [warning] Couldn't find file 'lunate_lvs.vtp'.
[2026-02-16 15:53:53.875] [warning] Couldn't find file 'scaphoid_lvs.vtp'.
[2026-02-16 15:53:53.875] [warning] Couldn't find file 'triquetrum_lvs.vtp'.
[2026-02-16 15:53:53.875] [warning] Couldn't find file 'hamate_lvs.vtp'.
[2026-02-16 15:53:53.875] [warning] Couldn't find file 'capitate_lvs.vtp'.
[2026-02-16 15:53:53.875] [warning] Couldn't find file 'trapezoid_lvs.vtp'.
[2026-02-16 15:53:53.875] [warning] Couldn't find file 'trapezium_lvs.vtp'.
[2026-02-16 15:53:53.875] [warning] Couldn't find file 'metacarpal2_lvs.vtp'.
[2026-02-16 15:53:53.875] [warning] Couldn't find file 'index_proximal_lvs.vtp'.
[2026-02-16 15:53:53.875] [warning] Couldn't find file 'index_medial_lvs.vtp'.
[2026-02-16 15:53:53.875] [warning] Couldn't find file 'index_distal_lvs.vtp'.
[2026-02-16 15:53:53.875] [warning] Couldn't find file 'metacarpal3_lvs.vtp'.
[2026-02-16 15:53:53.875] [warning] Couldn't find file 'middle_proximal_lvs.vtp'.
[2026-02-16 15:53:53.875] [warning] Couldn't find file 'middle_medial_lvs.vtp'.
[2026-02-16 15:53:53.875] [warning] Couldn't find file 'middle_distal_lvs.vtp'.
[2026-02-16 15:53:53.875] [warning] Couldn't find file 'metacarpal4_lvs.vtp'.
[2026-02-16 15:53:53.875] [warning] Couldn't find file 'ring_proximal_lvs.vtp'.
[2026-02-16 15:53:53.876] [warning] Couldn't find file 'ring_medial_lvs.vtp'.
[2026-02-16 15:53:53.876] [warning] Couldn't find file 'ring_distal_lvs.vtp'.
[2026-02-16 15:53:53.876] [warning] Couldn't find file 'metacarpal5_lvs.vtp'.
[2026-02-16 15:53:53.876] [warning] Couldn't find file 'little_proximal_lvs.vtp'.
[2026-02-16 15:53:53.876] [warning] Couldn't find file 'little_medial_lvs.vtp'.
[2026-02-16 15:53:53.876] [warning] Couldn't find file 'little_distal_lvs.vtp'.
[2026-02-16 15:53:53.876] [warning] Couldn't find file 'metacarpal1_lvs.vtp'.
[2026-02-16 15:53:53.876] [warning] Couldn't find file 'thumb_proximal_lvs.vtp'.
[2026-02-16 15:53:53.876] [warning] Couldn't find file 'thumb_distal_lvs.vtp'.
[2026-02-16 15:53:53.881] [info] No external loads will be applied (external loads file not specified).
[2026-02-16 15:53:53.892] [info] Loading coordinates from file 'C:\Users\Israel Luis\Documents\GitHub\GoalOptimized\Database\sub1\IK\IK_sub1_v2_t1.mot'.
[2026-02-16 15:53:53.892] [info] Storage: read data file = C:\Users\Israel Luis\Documents\GitHub\GoalOptimized\Database\sub1\IK\IK_sub1_v2_t1.mot (nr=119 nc=40)
[2026-02-16 15:53:54.474] [info] Found 119 state vectors with time stamps ranging from 0.57 to 1.75.
[2026-02-16 15:53:54.475] [info] Executing the analyses from 0.57 to 1.75...
[2026-02-16 15:53:58.939] [info] Printing results of investigation IK_sub1_v2_t1 to C:\Users\Israel Luis\Documents\GitHub\GoalOptimized\ProjectResults\DSE\sub1\multiCycle\Je\MuscleAnalysis
[2026-02-16 15:54:16.765] [info] Updating Model file from 40000 to latest format...
[2026-02-16 15:54:16.783] [info] Loaded model 1_scaled_rajagopal2022 from file C:\Users\Israel Luis\Documents\GitHub\GoalOptimized\Database\sub1\model\model_rajagopal2022_sub1.osim
[2026-02-16 15:54:16.784] [warning] Couldn't find file 'r_pelvis.vtp'.
[2026-02-16 15:54:16.784] [warning] Couldn't find file 'l_pelvis.vtp'.
[2026-02-16 15:54:16.784] [warning] Couldn't find file 'sacrum.vtp'.
[2026-02-16 15:54:16.784] [warning] Couldn't find file 'r_femur.vtp'.
[2026-02-16 15:54:16.784] [warning] Couldn't find file 'r_tibia.vtp'.
[2026-02-16 15:54:16.784] [warning] Couldn't find file 'r_fibula.vtp'.
[2026-02-16 15:54:16.784] [warning] Couldn't find file 'r_patella.vtp'.
[2026-02-16 15:54:16.784] [warning] Couldn't find file 'r_talus.vtp'.
[2026-02-16 15:54:16.784] [warning] Couldn't find file 'r_foot.vtp'.
[2026-02-16 15:54:16.784] [warning] Couldn't find file 'r_bofoot.vtp'.
[2026-02-16 15:54:16.784] [warning] Couldn't find file 'l_femur.vtp'.
[2026-02-16 15:54:16.784] [warning] Couldn't find file 'l_tibia.vtp'.
[2026-02-16 15:54:16.784] [warning] Couldn't find file 'l_fibula.vtp'.
[2026-02-16 15:54:16.784] [warning] Couldn't find file 'l_patella.vtp'.
[2026-02-16 15:54:16.784] [warning] Couldn't find file 'l_talus.vtp'.
[2026-02-16 15:54:16.784] [warning] Couldn't find file 'l_foot.vtp'.
[2026-02-16 15:54:16.784] [warning] Couldn't find file 'l_bofoot.vtp'.
[2026-02-16 15:54:16.785] [warning] Couldn't find file 'hat_spine.vtp'.
[2026-02-16 15:54:16.785] [warning] Couldn't find file 'hat_jaw.vtp'.
[2026-02-16 15:54:16.785] [warning] Couldn't find file 'hat_skull.vtp'.
[2026-02-16 15:54:16.785] [warning] Couldn't find file 'hat_ribs_scap.vtp'.
[2026-02-16 15:54:16.785] [warning] Couldn't find file 'humerus_rv.vtp'.
[2026-02-16 15:54:16.785] [warning] Couldn't find file 'ulna_rv.vtp'.
[2026-02-16 15:54:16.785] [warning] Couldn't find file 'radius_rv.vtp'.
[2026-02-16 15:54:16.785] [warning] Couldn't find file 'pisiform_rvs.vtp'.
[2026-02-16 15:54:16.785] [warning] Couldn't find file 'lunate_rvs.vtp'.
[2026-02-16 15:54:16.785] [warning] Couldn't find file 'scaphoid_rvs.vtp'.
[2026-02-16 15:54:16.785] [warning] Couldn't find file 'triquetrum_rvs.vtp'.
[2026-02-16 15:54:16.785] [warning] Couldn't find file 'hamate_rvs.vtp'.
[2026-02-16 15:54:16.785] [warning] Couldn't find file 'capitate_rvs.vtp'.
[2026-02-16 15:54:16.785] [warning] Couldn't find file 'trapezoid_rvs.vtp'.
[2026-02-16 15:54:16.785] [warning] Couldn't find file 'trapezium_rvs.vtp'.
[2026-02-16 15:54:16.785] [warning] Couldn't find file 'metacarpal2_rvs.vtp'.
[2026-02-16 15:54:16.785] [warning] Couldn't find file 'index_proximal_rvs.vtp'.
[2026-02-16 15:54:16.785] [warning] Couldn't find file 'index_medial_rvs.vtp'.
[2026-02-16 15:54:16.785] [warning] Couldn't find file 'index_distal_rvs.vtp'.
[2026-02-16 15:54:16.785] [warning] Couldn't find file 'metacarpal3_rvs.vtp'.
[2026-02-16 15:54:16.785] [warning] Couldn't find file 'middle_proximal_rvs.vtp'.
[2026-02-16 15:54:16.785] [warning] Couldn't find file 'middle_medial_rvs.vtp'.
[2026-02-16 15:54:16.785] [warning] Couldn't find file 'middle_distal_rvs.vtp'.
[2026-02-16 15:54:16.785] [warning] Couldn't find file 'metacarpal4_rvs.vtp'.
[2026-02-16 15:54:16.785] [warning] Couldn't find file 'ring_proximal_rvs.vtp'.
[2026-02-16 15:54:16.785] [warning] Couldn't find file 'ring_medial_rvs.vtp'.
[2026-02-16 15:54:16.786] [warning] Couldn't find file 'ring_distal_rvs.vtp'.
[2026-02-16 15:54:16.786] [warning] Couldn't find file 'metacarpal5_rvs.vtp'.
[2026-02-16 15:54:16.786] [warning] Couldn't find file 'little_proximal_rvs.vtp'.
[2026-02-16 15:54:16.786] [warning] Couldn't find file 'little_medial_rvs.vtp'.
[2026-02-16 15:54:16.786] [warning] Couldn't find file 'little_distal_rvs.vtp'.
[2026-02-16 15:54:16.786] [warning] Couldn't find file 'metacarpal1_rvs.vtp'.
[2026-02-16 15:54:16.786] [warning] Couldn't find file 'thumb_proximal_rvs.vtp'.
[2026-02-16 15:54:16.786] [warning] Couldn't find file 'thumb_distal_rvs.vtp'.
[2026-02-16 15:54:16.786] [warning] Couldn't find file 'humerus_lv.vtp'.
[2026-02-16 15:54:16.786] [warning] Couldn't find file 'ulna_lv.vtp'.
[2026-02-16 15:54:16.786] [warning] Couldn't find file 'radius_lv.vtp'.
[2026-02-16 15:54:16.786] [warning] Couldn't find file 'pisiform_lvs.vtp'.
[2026-02-16 15:54:16.786] [warning] Couldn't find file 'lunate_lvs.vtp'.
[2026-02-16 15:54:16.786] [warning] Couldn't find file 'scaphoid_lvs.vtp'.
[2026-02-16 15:54:16.786] [warning] Couldn't find file 'triquetrum_lvs.vtp'.
[2026-02-16 15:54:16.786] [warning] Couldn't find file 'hamate_lvs.vtp'.
[2026-02-16 15:54:16.786] [warning] Couldn't find file 'capitate_lvs.vtp'.
[2026-02-16 15:54:16.786] [warning] Couldn't find file 'trapezoid_lvs.vtp'.
[2026-02-16 15:54:16.786] [warning] Couldn't find file 'trapezium_lvs.vtp'.
[2026-02-16 15:54:16.786] [warning] Couldn't find file 'metacarpal2_lvs.vtp'.
[2026-02-16 15:54:16.786] [warning] Couldn't find file 'index_proximal_lvs.vtp'.
[2026-02-16 15:54:16.786] [warning] Couldn't find file 'index_medial_lvs.vtp'.
[2026-02-16 15:54:16.786] [warning] Couldn't find file 'index_distal_lvs.vtp'.
[2026-02-16 15:54:16.786] [warning] Couldn't find file 'metacarpal3_lvs.vtp'.
[2026-02-16 15:54:16.786] [warning] Couldn't find file 'middle_proximal_lvs.vtp'.
[2026-02-16 15:54:16.786] [warning] Couldn't find file 'middle_medial_lvs.vtp'.
[2026-02-16 15:54:16.786] [warning] Couldn't find file 'middle_distal_lvs.vtp'.
[2026-02-16 15:54:16.787] [warning] Couldn't find file 'metacarpal4_lvs.vtp'.
[2026-02-16 15:54:16.787] [warning] Couldn't find file 'ring_proximal_lvs.vtp'.
[2026-02-16 15:54:16.787] [warning] Couldn't find file 'ring_medial_lvs.vtp'.
[2026-02-16 15:54:16.787] [warning] Couldn't find file 'ring_distal_lvs.vtp'.
[2026-02-16 15:54:16.787] [warning] Couldn't find file 'metacarpal5_lvs.vtp'.
[2026-02-16 15:54:16.787] [warning] Couldn't find file 'little_proximal_lvs.vtp'.
[2026-02-16 15:54:16.787] [warning] Couldn't find file 'little_medial_lvs.vtp'.
[2026-02-16 15:54:16.787] [warning] Couldn't find file 'little_distal_lvs.vtp'.
[2026-02-16 15:54:16.787] [warning] Couldn't find file 'metacarpal1_lvs.vtp'.
[2026-02-16 15:54:16.787] [warning] Couldn't find file 'thumb_proximal_lvs.vtp'.
[2026-02-16 15:54:16.787] [warning] Couldn't find file 'thumb_distal_lvs.vtp'.
[2026-02-16 15:54:16.792] [info] AbstractTool IK_sub1_v2_t1 loading model C:\Users\Israel Luis\Documents\GitHub\GoalOptimized\Database\sub1\model\model_rajagopal2022_sub1.osim
[2026-02-16 15:54:16.805] [info] Updating Model file from 40000 to latest format...
[2026-02-16 15:54:16.824] [info] Loaded model 1_scaled_rajagopal2022 from file C:\Users\Israel Luis\Documents\GitHub\GoalOptimized\Database\sub1\model\model_rajagopal2022_sub1.osim
[2026-02-16 15:54:16.824] [warning] Couldn't find file 'r_pelvis.vtp'.
[2026-02-16 15:54:16.824] [warning] Couldn't find file 'l_pelvis.vtp'.
[2026-02-16 15:54:16.824] [warning] Couldn't find file 'sacrum.vtp'.
[2026-02-16 15:54:16.824] [warning] Couldn't find file 'r_femur.vtp'.
[2026-02-16 15:54:16.824] [warning] Couldn't find file 'r_tibia.vtp'.
[2026-02-16 15:54:16.824] [warning] Couldn't find file 'r_fibula.vtp'.
[2026-02-16 15:54:16.824] [warning] Couldn't find file 'r_patella.vtp'.
[2026-02-16 15:54:16.824] [warning] Couldn't find file 'r_talus.vtp'.
[2026-02-16 15:54:16.824] [warning] Couldn't find file 'r_foot.vtp'.
[2026-02-16 15:54:16.825] [warning] Couldn't find file 'r_bofoot.vtp'.
[2026-02-16 15:54:16.825] [warning] Couldn't find file 'l_femur.vtp'.
[2026-02-16 15:54:16.825] [warning] Couldn't find file 'l_tibia.vtp'.
[2026-02-16 15:54:16.825] [warning] Couldn't find file 'l_fibula.vtp'.
[2026-02-16 15:54:16.825] [warning] Couldn't find file 'l_patella.vtp'.
[2026-02-16 15:54:16.825] [warning] Couldn't find file 'l_talus.vtp'.
[2026-02-16 15:54:16.825] [warning] Couldn't find file 'l_foot.vtp'.
[2026-02-16 15:54:16.825] [warning] Couldn't find file 'l_bofoot.vtp'.
[2026-02-16 15:54:16.825] [warning] Couldn't find file 'hat_spine.vtp'.
[2026-02-16 15:54:16.825] [warning] Couldn't find file 'hat_jaw.vtp'.
[2026-02-16 15:54:16.825] [warning] Couldn't find file 'hat_skull.vtp'.
[2026-02-16 15:54:16.825] [warning] Couldn't find file 'hat_ribs_scap.vtp'.
[2026-02-16 15:54:16.825] [warning] Couldn't find file 'humerus_rv.vtp'.
[2026-02-16 15:54:16.825] [warning] Couldn't find file 'ulna_rv.vtp'.
[2026-02-16 15:54:16.825] [warning] Couldn't find file 'radius_rv.vtp'.
[2026-02-16 15:54:16.825] [warning] Couldn't find file 'pisiform_rvs.vtp'.
[2026-02-16 15:54:16.825] [warning] Couldn't find file 'lunate_rvs.vtp'.
[2026-02-16 15:54:16.825] [warning] Couldn't find file 'scaphoid_rvs.vtp'.
[2026-02-16 15:54:16.825] [warning] Couldn't find file 'triquetrum_rvs.vtp'.
[2026-02-16 15:54:16.825] [warning] Couldn't find file 'hamate_rvs.vtp'.
[2026-02-16 15:54:16.825] [warning] Couldn't find file 'capitate_rvs.vtp'.
[2026-02-16 15:54:16.825] [warning] Couldn't find file 'trapezoid_rvs.vtp'.
[2026-02-16 15:54:16.825] [warning] Couldn't find file 'trapezium_rvs.vtp'.
[2026-02-16 15:54:16.825] [warning] Couldn't find file 'metacarpal2_rvs.vtp'.
[2026-02-16 15:54:16.825] [warning] Couldn't find file 'index_proximal_rvs.vtp'.
[2026-02-16 15:54:16.825] [warning] Couldn't find file 'index_medial_rvs.vtp'.
[2026-02-16 15:54:16.825] [warning] Couldn't find file 'index_distal_rvs.vtp'.
[2026-02-16 15:54:16.825] [warning] Couldn't find file 'metacarpal3_rvs.vtp'.
[2026-02-16 15:54:16.826] [warning] Couldn't find file 'middle_proximal_rvs.vtp'.
[2026-02-16 15:54:16.826] [warning] Couldn't find file 'middle_medial_rvs.vtp'.
[2026-02-16 15:54:16.826] [warning] Couldn't find file 'middle_distal_rvs.vtp'.
[2026-02-16 15:54:16.826] [warning] Couldn't find file 'metacarpal4_rvs.vtp'.
[2026-02-16 15:54:16.826] [warning] Couldn't find file 'ring_proximal_rvs.vtp'.
[2026-02-16 15:54:16.826] [warning] Couldn't find file 'ring_medial_rvs.vtp'.
[2026-02-16 15:54:16.826] [warning] Couldn't find file 'ring_distal_rvs.vtp'.
[2026-02-16 15:54:16.826] [warning] Couldn't find file 'metacarpal5_rvs.vtp'.
[2026-02-16 15:54:16.826] [warning] Couldn't find file 'little_proximal_rvs.vtp'.
[2026-02-16 15:54:16.826] [warning] Couldn't find file 'little_medial_rvs.vtp'.
[2026-02-16 15:54:16.826] [warning] Couldn't find file 'little_distal_rvs.vtp'.
[2026-02-16 15:54:16.826] [warning] Couldn't find file 'metacarpal1_rvs.vtp'.
[2026-02-16 15:54:16.826] [warning] Couldn't find file 'thumb_proximal_rvs.vtp'.
[2026-02-16 15:54:16.826] [warning] Couldn't find file 'thumb_distal_rvs.vtp'.
[2026-02-16 15:54:16.826] [warning] Couldn't find file 'humerus_lv.vtp'.
[2026-02-16 15:54:16.826] [warning] Couldn't find file 'ulna_lv.vtp'.
[2026-02-16 15:54:16.826] [warning] Couldn't find file 'radius_lv.vtp'.
[2026-02-16 15:54:16.826] [warning] Couldn't find file 'pisiform_lvs.vtp'.
[2026-02-16 15:54:16.826] [warning] Couldn't find file 'lunate_lvs.vtp'.
[2026-02-16 15:54:16.826] [warning] Couldn't find file 'scaphoid_lvs.vtp'.
[2026-02-16 15:54:16.826] [warning] Couldn't find file 'triquetrum_lvs.vtp'.
[2026-02-16 15:54:16.826] [warning] Couldn't find file 'hamate_lvs.vtp'.
[2026-02-16 15:54:16.826] [warning] Couldn't find file 'capitate_lvs.vtp'.
[2026-02-16 15:54:16.826] [warning] Couldn't find file 'trapezoid_lvs.vtp'.
[2026-02-16 15:54:16.826] [warning] Couldn't find file 'trapezium_lvs.vtp'.
[2026-02-16 15:54:16.826] [warning] Couldn't find file 'metacarpal2_lvs.vtp'.
[2026-02-16 15:54:16.826] [warning] Couldn't find file 'index_proximal_lvs.vtp'.
[2026-02-16 15:54:16.826] [warning] Couldn't find file 'index_medial_lvs.vtp'.
[2026-02-16 15:54:16.827] [warning] Couldn't find file 'index_distal_lvs.vtp'.
[2026-02-16 15:54:16.827] [warning] Couldn't find file 'metacarpal3_lvs.vtp'.
[2026-02-16 15:54:16.827] [warning] Couldn't find file 'middle_proximal_lvs.vtp'.
[2026-02-16 15:54:16.827] [warning] Couldn't find file 'middle_medial_lvs.vtp'.
[2026-02-16 15:54:16.827] [warning] Couldn't find file 'middle_distal_lvs.vtp'.
[2026-02-16 15:54:16.827] [warning] Couldn't find file 'metacarpal4_lvs.vtp'.
[2026-02-16 15:54:16.827] [warning] Couldn't find file 'ring_proximal_lvs.vtp'.
[2026-02-16 15:54:16.827] [warning] Couldn't find file 'ring_medial_lvs.vtp'.
[2026-02-16 15:54:16.827] [warning] Couldn't find file 'ring_distal_lvs.vtp'.
[2026-02-16 15:54:16.827] [warning] Couldn't find file 'metacarpal5_lvs.vtp'.
[2026-02-16 15:54:16.827] [warning] Couldn't find file 'little_proximal_lvs.vtp'.
[2026-02-16 15:54:16.827] [warning] Couldn't find file 'little_medial_lvs.vtp'.
[2026-02-16 15:54:16.827] [warning] Couldn't find file 'little_distal_lvs.vtp'.
[2026-02-16 15:54:16.827] [warning] Couldn't find file 'metacarpal1_lvs.vtp'.
[2026-02-16 15:54:16.827] [warning] Couldn't find file 'thumb_proximal_lvs.vtp'.
[2026-02-16 15:54:16.827] [warning] Couldn't find file 'thumb_distal_lvs.vtp'.
[2026-02-16 15:54:16.832] [info] No external loads will be applied (external loads file not specified).
[2026-02-16 15:54:16.844] [info] Loading coordinates from file 'C:\Users\Israel Luis\Documents\GitHub\GoalOptimized\Database\sub1\IK\IK_sub1_v2_t1.mot'.
[2026-02-16 15:54:16.844] [info] Storage: read data file = C:\Users\Israel Luis\Documents\GitHub\GoalOptimized\Database\sub1\IK\IK_sub1_v2_t1.mot (nr=119 nc=40)
[2026-02-16 15:54:17.416] [info] Found 119 state vectors with time stamps ranging from 0.57 to 1.75.
[2026-02-16 15:54:17.416] [info] Executing the analyses from 0.57 to 1.75...
[2026-02-16 15:54:21.942] [info] Printing results of investigation IK_sub1_v2_t1 to C:\Users\Israel Luis\Documents\GitHub\GoalOptimized\ProjectResults\DSE\sub1\multiCycle\Je\MuscleAnalysis
[2026-02-16 15:56:26.352] [info] Updating Model file from 40000 to latest format...
[2026-02-16 15:56:26.370] [info] Loaded model 1_scaled_rajagopal2022 from file C:\Users\Israel Luis\Documents\GitHub\GoalOptimized\Database\sub1\model\model_rajagopal2022_sub1.osim
[2026-02-16 15:56:26.371] [warning] Couldn't find file 'r_pelvis.vtp'.
[2026-02-16 15:56:26.371] [warning] Couldn't find file 'l_pelvis.vtp'.
[2026-02-16 15:56:26.371] [warning] Couldn't find file 'sacrum.vtp'.
[2026-02-16 15:56:26.371] [warning] Couldn't find file 'r_femur.vtp'.
[2026-02-16 15:56:26.371] [warning] Couldn't find file 'r_tibia.vtp'.
[2026-02-16 15:56:26.371] [warning] Couldn't find file 'r_fibula.vtp'.
[2026-02-16 15:56:26.371] [warning] Couldn't find file 'r_patella.vtp'.
[2026-02-16 15:56:26.371] [warning] Couldn't find file 'r_talus.vtp'.
[2026-02-16 15:56:26.371] [warning] Couldn't find file 'r_foot.vtp'.
[2026-02-16 15:56:26.371] [warning] Couldn't find file 'r_bofoot.vtp'.
[2026-02-16 15:56:26.371] [warning] Couldn't find file 'l_femur.vtp'.
[2026-02-16 15:56:26.371] [warning] Couldn't find file 'l_tibia.vtp'.
[2026-02-16 15:56:26.371] [warning] Couldn't find file 'l_fibula.vtp'.
[2026-02-16 15:56:26.371] [warning] Couldn't find file 'l_patella.vtp'.
[2026-02-16 15:56:26.371] [warning] Couldn't find file 'l_talus.vtp'.
[2026-02-16 15:56:26.371] [warning] Couldn't find file 'l_foot.vtp'.
[2026-02-16 15:56:26.371] [warning] Couldn't find file 'l_bofoot.vtp'.
[2026-02-16 15:56:26.371] [warning] Couldn't find file 'hat_spine.vtp'.
[2026-02-16 15:56:26.371] [warning] Couldn't find file 'hat_jaw.vtp'.
[2026-02-16 15:56:26.371] [warning] Couldn't find file 'hat_skull.vtp'.
[2026-02-16 15:56:26.371] [warning] Couldn't find file 'hat_ribs_scap.vtp'.
[2026-02-16 15:56:26.371] [warning] Couldn't find file 'humerus_rv.vtp'.
[2026-02-16 15:56:26.371] [warning] Couldn't find file 'ulna_rv.vtp'.
[2026-02-16 15:56:26.372] [warning] Couldn't find file 'radius_rv.vtp'.
[2026-02-16 15:56:26.372] [warning] Couldn't find file 'pisiform_rvs.vtp'.
[2026-02-16 15:56:26.372] [warning] Couldn't find file 'lunate_rvs.vtp'.
[2026-02-16 15:56:26.372] [warning] Couldn't find file 'scaphoid_rvs.vtp'.
[2026-02-16 15:56:26.372] [warning] Couldn't find file 'triquetrum_rvs.vtp'.
[2026-02-16 15:56:26.372] [warning] Couldn't find file 'hamate_rvs.vtp'.
[2026-02-16 15:56:26.372] [warning] Couldn't find file 'capitate_rvs.vtp'.
[2026-02-16 15:56:26.372] [warning] Couldn't find file 'trapezoid_rvs.vtp'.
[2026-02-16 15:56:26.372] [warning] Couldn't find file 'trapezium_rvs.vtp'.
[2026-02-16 15:56:26.372] [warning] Couldn't find file 'metacarpal2_rvs.vtp'.
[2026-02-16 15:56:26.372] [warning] Couldn't find file 'index_proximal_rvs.vtp'.
[2026-02-16 15:56:26.372] [warning] Couldn't find file 'index_medial_rvs.vtp'.
[2026-02-16 15:56:26.372] [warning] Couldn't find file 'index_distal_rvs.vtp'.
[2026-02-16 15:56:26.372] [warning] Couldn't find file 'metacarpal3_rvs.vtp'.
[2026-02-16 15:56:26.372] [warning] Couldn't find file 'middle_proximal_rvs.vtp'.
[2026-02-16 15:56:26.372] [warning] Couldn't find file 'middle_medial_rvs.vtp'.
[2026-02-16 15:56:26.372] [warning] Couldn't find file 'middle_distal_rvs.vtp'.
[2026-02-16 15:56:26.372] [warning] Couldn't find file 'metacarpal4_rvs.vtp'.
[2026-02-16 15:56:26.372] [warning] Couldn't find file 'ring_proximal_rvs.vtp'.
[2026-02-16 15:56:26.372] [warning] Couldn't find file 'ring_medial_rvs.vtp'.
[2026-02-16 15:56:26.372] [warning] Couldn't find file 'ring_distal_rvs.vtp'.
[2026-02-16 15:56:26.372] [warning] Couldn't find file 'metacarpal5_rvs.vtp'.
[2026-02-16 15:56:26.372] [warning] Couldn't find file 'little_proximal_rvs.vtp'.
[2026-02-16 15:56:26.372] [warning] Couldn't find file 'little_medial_rvs.vtp'.
[2026-02-16 15:56:26.372] [warning] Couldn't find file 'little_distal_rvs.vtp'.
[2026-02-16 15:56:26.372] [warning] Couldn't find file 'metacarpal1_rvs.vtp'.
[2026-02-16 15:56:26.372] [warning] Couldn't find file 'thumb_proximal_rvs.vtp'.
[2026-02-16 15:56:26.372] [warning] Couldn't find file 'thumb_distal_rvs.vtp'.
[2026-02-16 15:56:26.373] [warning] Couldn't find file 'humerus_lv.vtp'.
[2026-02-16 15:56:26.373] [warning] Couldn't find file 'ulna_lv.vtp'.
[2026-02-16 15:56:26.373] [warning] Couldn't find file 'radius_lv.vtp'.
[2026-02-16 15:56:26.373] [warning] Couldn't find file 'pisiform_lvs.vtp'.
[2026-02-16 15:56:26.373] [warning] Couldn't find file 'lunate_lvs.vtp'.
[2026-02-16 15:56:26.373] [warning] Couldn't find file 'scaphoid_lvs.vtp'.
[2026-02-16 15:56:26.373] [warning] Couldn't find file 'triquetrum_lvs.vtp'.
[2026-02-16 15:56:26.373] [warning] Couldn't find file 'hamate_lvs.vtp'.
[2026-02-16 15:56:26.373] [warning] Couldn't find file 'capitate_lvs.vtp'.
[2026-02-16 15:56:26.373] [warning] Couldn't find file 'trapezoid_lvs.vtp'.
[2026-02-16 15:56:26.373] [warning] Couldn't find file 'trapezium_lvs.vtp'.
[2026-02-16 15:56:26.373] [warning] Couldn't find file 'metacarpal2_lvs.vtp'.
[2026-02-16 15:56:26.373] [warning] Couldn't find file 'index_proximal_lvs.vtp'.
[2026-02-16 15:56:26.373] [warning] Couldn't find file 'index_medial_lvs.vtp'.
[2026-02-16 15:56:26.373] [warning] Couldn't find file 'index_distal_lvs.vtp'.
[2026-02-16 15:56:26.373] [warning] Couldn't find file 'metacarpal3_lvs.vtp'.
[2026-02-16 15:56:26.373] [warning] Couldn't find file 'middle_proximal_lvs.vtp'.
[2026-02-16 15:56:26.373] [warning] Couldn't find file 'middle_medial_lvs.vtp'.
[2026-02-16 15:56:26.373] [warning] Couldn't find file 'middle_distal_lvs.vtp'.
[2026-02-16 15:56:26.373] [warning] Couldn't find file 'metacarpal4_lvs.vtp'.
[2026-02-16 15:56:26.373] [warning] Couldn't find file 'ring_proximal_lvs.vtp'.
[2026-02-16 15:56:26.373] [warning] Couldn't find file 'ring_medial_lvs.vtp'.
[2026-02-16 15:56:26.373] [warning] Couldn't find file 'ring_distal_lvs.vtp'.
[2026-02-16 15:56:26.373] [warning] Couldn't find file 'metacarpal5_lvs.vtp'.
[2026-02-16 15:56:26.373] [warning] Couldn't find file 'little_proximal_lvs.vtp'.
[2026-02-16 15:56:26.373] [warning] Couldn't find file 'little_medial_lvs.vtp'.
[2026-02-16 15:56:26.373] [warning] Couldn't find file 'little_distal_lvs.vtp'.
[2026-02-16 15:56:26.373] [warning] Couldn't find file 'metacarpal1_lvs.vtp'.
[2026-02-16 15:56:26.374] [warning] Couldn't find file 'thumb_proximal_lvs.vtp'.
[2026-02-16 15:56:26.374] [warning] Couldn't find file 'thumb_distal_lvs.vtp'.
[2026-02-16 15:56:26.378] [info] AbstractTool IK_sub1_v2_t1 loading model C:\Users\Israel Luis\Documents\GitHub\GoalOptimized\Database\sub1\model\model_rajagopal2022_sub1.osim
[2026-02-16 15:56:26.392] [info] Updating Model file from 40000 to latest format...
[2026-02-16 15:56:26.410] [info] Loaded model 1_scaled_rajagopal2022 from file C:\Users\Israel Luis\Documents\GitHub\GoalOptimized\Database\sub1\model\model_rajagopal2022_sub1.osim
[2026-02-16 15:56:26.411] [warning] Couldn't find file 'r_pelvis.vtp'.
[2026-02-16 15:56:26.411] [warning] Couldn't find file 'l_pelvis.vtp'.
[2026-02-16 15:56:26.411] [warning] Couldn't find file 'sacrum.vtp'.
[2026-02-16 15:56:26.411] [warning] Couldn't find file 'r_femur.vtp'.
[2026-02-16 15:56:26.411] [warning] Couldn't find file 'r_tibia.vtp'.
[2026-02-16 15:56:26.411] [warning] Couldn't find file 'r_fibula.vtp'.
[2026-02-16 15:56:26.411] [warning] Couldn't find file 'r_patella.vtp'.
[2026-02-16 15:56:26.411] [warning] Couldn't find file 'r_talus.vtp'.
[2026-02-16 15:56:26.411] [warning] Couldn't find file 'r_foot.vtp'.
[2026-02-16 15:56:26.411] [warning] Couldn't find file 'r_bofoot.vtp'.
[2026-02-16 15:56:26.411] [warning] Couldn't find file 'l_femur.vtp'.
[2026-02-16 15:56:26.411] [warning] Couldn't find file 'l_tibia.vtp'.
[2026-02-16 15:56:26.411] [warning] Couldn't find file 'l_fibula.vtp'.
[2026-02-16 15:56:26.411] [warning] Couldn't find file 'l_patella.vtp'.
[2026-02-16 15:56:26.411] [warning] Couldn't find file 'l_talus.vtp'.
[2026-02-16 15:56:26.411] [warning] Couldn't find file 'l_foot.vtp'.
[2026-02-16 15:56:26.411] [warning] Couldn't find file 'l_bofoot.vtp'.
[2026-02-16 15:56:26.411] [warning] Couldn't find file 'hat_spine.vtp'.
[2026-02-16 15:56:26.411] [warning] Couldn't find file 'hat_jaw.vtp'.
[2026-02-16 15:56:26.411] [warning] Couldn't find file 'hat_skull.vtp'.
[2026-02-16 15:56:26.411] [warning] Couldn't find file 'hat_ribs_scap.vtp'.
[2026-02-16 15:56:26.411] [warning] Couldn't find file 'humerus_rv.vtp'.
[2026-02-16 15:56:26.412] [warning] Couldn't find file 'ulna_rv.vtp'.
[2026-02-16 15:56:26.412] [warning] Couldn't find file 'radius_rv.vtp'.
[2026-02-16 15:56:26.412] [warning] Couldn't find file 'pisiform_rvs.vtp'.
[2026-02-16 15:56:26.412] [warning] Couldn't find file 'lunate_rvs.vtp'.
[2026-02-16 15:56:26.412] [warning] Couldn't find file 'scaphoid_rvs.vtp'.
[2026-02-16 15:56:26.412] [warning] Couldn't find file 'triquetrum_rvs.vtp'.
[2026-02-16 15:56:26.412] [warning] Couldn't find file 'hamate_rvs.vtp'.
[2026-02-16 15:56:26.412] [warning] Couldn't find file 'capitate_rvs.vtp'.
[2026-02-16 15:56:26.412] [warning] Couldn't find file 'trapezoid_rvs.vtp'.
[2026-02-16 15:56:26.412] [warning] Couldn't find file 'trapezium_rvs.vtp'.
[2026-02-16 15:56:26.412] [warning] Couldn't find file 'metacarpal2_rvs.vtp'.
[2026-02-16 15:56:26.412] [warning] Couldn't find file 'index_proximal_rvs.vtp'.
[2026-02-16 15:56:26.412] [warning] Couldn't find file 'index_medial_rvs.vtp'.
[2026-02-16 15:56:26.412] [warning] Couldn't find file 'index_distal_rvs.vtp'.
[2026-02-16 15:56:26.412] [warning] Couldn't find file 'metacarpal3_rvs.vtp'.
[2026-02-16 15:56:26.412] [warning] Couldn't find file 'middle_proximal_rvs.vtp'.
[2026-02-16 15:56:26.412] [warning] Couldn't find file 'middle_medial_rvs.vtp'.
[2026-02-16 15:56:26.412] [warning] Couldn't find file 'middle_distal_rvs.vtp'.
[2026-02-16 15:56:26.412] [warning] Couldn't find file 'metacarpal4_rvs.vtp'.
[2026-02-16 15:56:26.412] [warning] Couldn't find file 'ring_proximal_rvs.vtp'.
[2026-02-16 15:56:26.412] [warning] Couldn't find file 'ring_medial_rvs.vtp'.
[2026-02-16 15:56:26.412] [warning] Couldn't find file 'ring_distal_rvs.vtp'.
[2026-02-16 15:56:26.412] [warning] Couldn't find file 'metacarpal5_rvs.vtp'.
[2026-02-16 15:56:26.412] [warning] Couldn't find file 'little_proximal_rvs.vtp'.
[2026-02-16 15:56:26.412] [warning] Couldn't find file 'little_medial_rvs.vtp'.
[2026-02-16 15:56:26.412] [warning] Couldn't find file 'little_distal_rvs.vtp'.
[2026-02-16 15:56:26.412] [warning] Couldn't find file 'metacarpal1_rvs.vtp'.
[2026-02-16 15:56:26.412] [warning] Couldn't find file 'thumb_proximal_rvs.vtp'.
[2026-02-16 15:56:26.413] [warning] Couldn't find file 'thumb_distal_rvs.vtp'.
[2026-02-16 15:56:26.413] [warning] Couldn't find file 'humerus_lv.vtp'.
[2026-02-16 15:56:26.413] [warning] Couldn't find file 'ulna_lv.vtp'.
[2026-02-16 15:56:26.413] [warning] Couldn't find file 'radius_lv.vtp'.
[2026-02-16 15:56:26.413] [warning] Couldn't find file 'pisiform_lvs.vtp'.
[2026-02-16 15:56:26.413] [warning] Couldn't find file 'lunate_lvs.vtp'.
[2026-02-16 15:56:26.413] [warning] Couldn't find file 'scaphoid_lvs.vtp'.
[2026-02-16 15:56:26.413] [warning] Couldn't find file 'triquetrum_lvs.vtp'.
[2026-02-16 15:56:26.413] [warning] Couldn't find file 'hamate_lvs.vtp'.
[2026-02-16 15:56:26.413] [warning] Couldn't find file 'capitate_lvs.vtp'.
[2026-02-16 15:56:26.413] [warning] Couldn't find file 'trapezoid_lvs.vtp'.
[2026-02-16 15:56:26.413] [warning] Couldn't find file 'trapezium_lvs.vtp'.
[2026-02-16 15:56:26.413] [warning] Couldn't find file 'metacarpal2_lvs.vtp'.
[2026-02-16 15:56:26.413] [warning] Couldn't find file 'index_proximal_lvs.vtp'.
[2026-02-16 15:56:26.413] [warning] Couldn't find file 'index_medial_lvs.vtp'.
[2026-02-16 15:56:26.413] [warning] Couldn't find file 'index_distal_lvs.vtp'.
[2026-02-16 15:56:26.413] [warning] Couldn't find file 'metacarpal3_lvs.vtp'.
[2026-02-16 15:56:26.413] [warning] Couldn't find file 'middle_proximal_lvs.vtp'.
[2026-02-16 15:56:26.413] [warning] Couldn't find file 'middle_medial_lvs.vtp'.
[2026-02-16 15:56:26.413] [warning] Couldn't find file 'middle_distal_lvs.vtp'.
[2026-02-16 15:56:26.413] [warning] Couldn't find file 'metacarpal4_lvs.vtp'.
[2026-02-16 15:56:26.413] [warning] Couldn't find file 'ring_proximal_lvs.vtp'.
[2026-02-16 15:56:26.413] [warning] Couldn't find file 'ring_medial_lvs.vtp'.
[2026-02-16 15:56:26.413] [warning] Couldn't find file 'ring_distal_lvs.vtp'.
[2026-02-16 15:56:26.413] [warning] Couldn't find file 'metacarpal5_lvs.vtp'.
[2026-02-16 15:56:26.413] [warning] Couldn't find file 'little_proximal_lvs.vtp'.
[2026-02-16 15:56:26.413] [warning] Couldn't find file 'little_medial_lvs.vtp'.
[2026-02-16 15:56:26.414] [warning] Couldn't find file 'little_distal_lvs.vtp'.
[2026-02-16 15:56:26.414] [warning] Couldn't find file 'metacarpal1_lvs.vtp'.
[2026-02-16 15:56:26.414] [warning] Couldn't find file 'thumb_proximal_lvs.vtp'.
[2026-02-16 15:56:26.414] [warning] Couldn't find file 'thumb_distal_lvs.vtp'.
[2026-02-16 15:56:26.418] [info] No external loads will be applied (external loads file not specified).
[2026-02-16 15:56:26.436] [info] Loading coordinates from file 'C:\Users\Israel Luis\Documents\GitHub\GoalOptimized\Database\sub1\IK\IK_sub1_v2_t1.mot'.
[2026-02-16 15:56:26.437] [info] Storage: read data file = C:\Users\Israel Luis\Documents\GitHub\GoalOptimized\Database\sub1\IK\IK_sub1_v2_t1.mot (nr=119 nc=40)
[2026-02-16 15:56:27.012] [info] Found 119 state vectors with time stamps ranging from 0.57 to 1.75.
[2026-02-16 15:56:27.012] [info] Executing the analyses from 0.57 to 1.75...
[2026-02-16 15:56:31.458] [info] Printing results of investigation IK_sub1_v2_t1 to C:\Users\Israel Luis\Documents\GitHub\GoalOptimized\ProjectResults\DSE\sub1\multiCycle\Je\MuscleAnalysis
[2026-02-16 15:57:44.672] [info] Updating Model file from 40000 to latest format...
[2026-02-16 15:57:44.691] [info] Loaded model 1_scaled_rajagopal2022 from file C:\Users\Israel Luis\Documents\GitHub\GoalOptimized\Database\sub1\model\model_rajagopal2022_sub1.osim
[2026-02-16 15:57:44.691] [warning] Couldn't find file 'r_pelvis.vtp'.
[2026-02-16 15:57:44.691] [warning] Couldn't find file 'l_pelvis.vtp'.
[2026-02-16 15:57:44.691] [warning] Couldn't find file 'sacrum.vtp'.
[2026-02-16 15:57:44.691] [warning] Couldn't find file 'r_femur.vtp'.
[2026-02-16 15:57:44.691] [warning] Couldn't find file 'r_tibia.vtp'.
[2026-02-16 15:57:44.692] [warning] Couldn't find file 'r_fibula.vtp'.
[2026-02-16 15:57:44.692] [warning] Couldn't find file 'r_patella.vtp'.
[2026-02-16 15:57:44.692] [warning] Couldn't find file 'r_talus.vtp'.
[2026-02-16 15:57:44.692] [warning] Couldn't find file 'r_foot.vtp'.
[2026-02-16 15:57:44.692] [warning] Couldn't find file 'r_bofoot.vtp'.
[2026-02-16 15:57:44.692] [warning] Couldn't find file 'l_femur.vtp'.
[2026-02-16 15:57:44.692] [warning] Couldn't find file 'l_tibia.vtp'.
[2026-02-16 15:57:44.692] [warning] Couldn't find file 'l_fibula.vtp'.
[2026-02-16 15:57:44.692] [warning] Couldn't find file 'l_patella.vtp'.
[2026-02-16 15:57:44.692] [warning] Couldn't find file 'l_talus.vtp'.
[2026-02-16 15:57:44.692] [warning] Couldn't find file 'l_foot.vtp'.
[2026-02-16 15:57:44.692] [warning] Couldn't find file 'l_bofoot.vtp'.
[2026-02-16 15:57:44.692] [warning] Couldn't find file 'hat_spine.vtp'.
[2026-02-16 15:57:44.692] [warning] Couldn't find file 'hat_jaw.vtp'.
[2026-02-16 15:57:44.692] [warning] Couldn't find file 'hat_skull.vtp'.
[2026-02-16 15:57:44.692] [warning] Couldn't find file 'hat_ribs_scap.vtp'.
[2026-02-16 15:57:44.692] [warning] Couldn't find file 'humerus_rv.vtp'.
[2026-02-16 15:57:44.692] [warning] Couldn't find file 'ulna_rv.vtp'.
[2026-02-16 15:57:44.692] [warning] Couldn't find file 'radius_rv.vtp'.
[2026-02-16 15:57:44.692] [warning] Couldn't find file 'pisiform_rvs.vtp'.
[2026-02-16 15:57:44.692] [warning] Couldn't find file 'lunate_rvs.vtp'.
[2026-02-16 15:57:44.692] [warning] Couldn't find file 'scaphoid_rvs.vtp'.
[2026-02-16 15:57:44.692] [warning] Couldn't find file 'triquetrum_rvs.vtp'.
[2026-02-16 15:57:44.692] [warning] Couldn't find file 'hamate_rvs.vtp'.
[2026-02-16 15:57:44.692] [warning] Couldn't find file 'capitate_rvs.vtp'.
[2026-02-16 15:57:44.692] [warning] Couldn't find file 'trapezoid_rvs.vtp'.
[2026-02-16 15:57:44.692] [warning] Couldn't find file 'trapezium_rvs.vtp'.
[2026-02-16 15:57:44.693] [warning] Couldn't find file 'metacarpal2_rvs.vtp'.
[2026-02-16 15:57:44.693] [warning] Couldn't find file 'index_proximal_rvs.vtp'.
[2026-02-16 15:57:44.693] [warning] Couldn't find file 'index_medial_rvs.vtp'.
[2026-02-16 15:57:44.693] [warning] Couldn't find file 'index_distal_rvs.vtp'.
[2026-02-16 15:57:44.693] [warning] Couldn't find file 'metacarpal3_rvs.vtp'.
[2026-02-16 15:57:44.693] [warning] Couldn't find file 'middle_proximal_rvs.vtp'.
[2026-02-16 15:57:44.693] [warning] Couldn't find file 'middle_medial_rvs.vtp'.
[2026-02-16 15:57:44.693] [warning] Couldn't find file 'middle_distal_rvs.vtp'.
[2026-02-16 15:57:44.693] [warning] Couldn't find file 'metacarpal4_rvs.vtp'.
[2026-02-16 15:57:44.693] [warning] Couldn't find file 'ring_proximal_rvs.vtp'.
[2026-02-16 15:57:44.693] [warning] Couldn't find file 'ring_medial_rvs.vtp'.
[2026-02-16 15:57:44.693] [warning] Couldn't find file 'ring_distal_rvs.vtp'.
[2026-02-16 15:57:44.693] [warning] Couldn't find file 'metacarpal5_rvs.vtp'.
[2026-02-16 15:57:44.693] [warning] Couldn't find file 'little_proximal_rvs.vtp'.
[2026-02-16 15:57:44.693] [warning] Couldn't find file 'little_medial_rvs.vtp'.
[2026-02-16 15:57:44.693] [warning] Couldn't find file 'little_distal_rvs.vtp'.
[2026-02-16 15:57:44.693] [warning] Couldn't find file 'metacarpal1_rvs.vtp'.
[2026-02-16 15:57:44.693] [warning] Couldn't find file 'thumb_proximal_rvs.vtp'.
[2026-02-16 15:57:44.693] [warning] Couldn't find file 'thumb_distal_rvs.vtp'.
[2026-02-16 15:57:44.693] [warning] Couldn't find file 'humerus_lv.vtp'.
[2026-02-16 15:57:44.693] [warning] Couldn't find file 'ulna_lv.vtp'.
[2026-02-16 15:57:44.693] [warning] Couldn't find file 'radius_lv.vtp'.
[2026-02-16 15:57:44.693] [warning] Couldn't find file 'pisiform_lvs.vtp'.
[2026-02-16 15:57:44.693] [warning] Couldn't find file 'lunate_lvs.vtp'.
[2026-02-16 15:57:44.693] [warning] Couldn't find file 'scaphoid_lvs.vtp'.
[2026-02-16 15:57:44.693] [warning] Couldn't find file 'triquetrum_lvs.vtp'.
[2026-02-16 15:57:44.693] [warning] Couldn't find file 'hamate_lvs.vtp'.
[2026-02-16 15:57:44.694] [warning] Couldn't find file 'capitate_lvs.vtp'.
[2026-02-16 15:57:44.694] [warning] Couldn't find file 'trapezoid_lvs.vtp'.
[2026-02-16 15:57:44.694] [warning] Couldn't find file 'trapezium_lvs.vtp'.
[2026-02-16 15:57:44.694] [warning] Couldn't find file 'metacarpal2_lvs.vtp'.
[2026-02-16 15:57:44.694] [warning] Couldn't find file 'index_proximal_lvs.vtp'.
[2026-02-16 15:57:44.694] [warning] Couldn't find file 'index_medial_lvs.vtp'.
[2026-02-16 15:57:44.694] [warning] Couldn't find file 'index_distal_lvs.vtp'.
[2026-02-16 15:57:44.694] [warning] Couldn't find file 'metacarpal3_lvs.vtp'.
[2026-02-16 15:57:44.694] [warning] Couldn't find file 'middle_proximal_lvs.vtp'.
[2026-02-16 15:57:44.694] [warning] Couldn't find file 'middle_medial_lvs.vtp'.
[2026-02-16 15:57:44.694] [warning] Couldn't find file 'middle_distal_lvs.vtp'.
[2026-02-16 15:57:44.694] [warning] Couldn't find file 'metacarpal4_lvs.vtp'.
[2026-02-16 15:57:44.694] [warning] Couldn't find file 'ring_proximal_lvs.vtp'.
[2026-02-16 15:57:44.694] [warning] Couldn't find file 'ring_medial_lvs.vtp'.
[2026-02-16 15:57:44.694] [warning] Couldn't find file 'ring_distal_lvs.vtp'.
[2026-02-16 15:57:44.694] [warning] Couldn't find file 'metacarpal5_lvs.vtp'.
[2026-02-16 15:57:44.694] [warning] Couldn't find file 'little_proximal_lvs.vtp'.
[2026-02-16 15:57:44.694] [warning] Couldn't find file 'little_medial_lvs.vtp'.
[2026-02-16 15:57:44.694] [warning] Couldn't find file 'little_distal_lvs.vtp'.
[2026-02-16 15:57:44.694] [warning] Couldn't find file 'metacarpal1_lvs.vtp'.
[2026-02-16 15:57:44.694] [warning] Couldn't find file 'thumb_proximal_lvs.vtp'.
[2026-02-16 15:57:44.694] [warning] Couldn't find file 'thumb_distal_lvs.vtp'.
[2026-02-16 15:57:44.699] [info] AbstractTool IK_sub1_v2_t1 loading model C:\Users\Israel Luis\Documents\GitHub\GoalOptimized\Database\sub1\model\model_rajagopal2022_sub1.osim
[2026-02-16 15:57:44.713] [info] Updating Model file from 40000 to latest format...
[2026-02-16 15:57:44.731] [info] Loaded model 1_scaled_rajagopal2022 from file C:\Users\Israel Luis\Documents\GitHub\GoalOptimized\Database\sub1\model\model_rajagopal2022_sub1.osim
[2026-02-16 15:57:44.731] [warning] Couldn't find file 'r_pelvis.vtp'.
[2026-02-16 15:57:44.731] [warning] Couldn't find file 'l_pelvis.vtp'.
[2026-02-16 15:57:44.731] [warning] Couldn't find file 'sacrum.vtp'.
[2026-02-16 15:57:44.731] [warning] Couldn't find file 'r_femur.vtp'.
[2026-02-16 15:57:44.731] [warning] Couldn't find file 'r_tibia.vtp'.
[2026-02-16 15:57:44.732] [warning] Couldn't find file 'r_fibula.vtp'.
[2026-02-16 15:57:44.732] [warning] Couldn't find file 'r_patella.vtp'.
[2026-02-16 15:57:44.732] [warning] Couldn't find file 'r_talus.vtp'.
[2026-02-16 15:57:44.732] [warning] Couldn't find file 'r_foot.vtp'.
[2026-02-16 15:57:44.732] [warning] Couldn't find file 'r_bofoot.vtp'.
[2026-02-16 15:57:44.732] [warning] Couldn't find file 'l_femur.vtp'.
[2026-02-16 15:57:44.732] [warning] Couldn't find file 'l_tibia.vtp'.
[2026-02-16 15:57:44.732] [warning] Couldn't find file 'l_fibula.vtp'.
[2026-02-16 15:57:44.732] [warning] Couldn't find file 'l_patella.vtp'.
[2026-02-16 15:57:44.732] [warning] Couldn't find file 'l_talus.vtp'.
[2026-02-16 15:57:44.732] [warning] Couldn't find file 'l_foot.vtp'.
[2026-02-16 15:57:44.732] [warning] Couldn't find file 'l_bofoot.vtp'.
[2026-02-16 15:57:44.732] [warning] Couldn't find file 'hat_spine.vtp'.
[2026-02-16 15:57:44.732] [warning] Couldn't find file 'hat_jaw.vtp'.
[2026-02-16 15:57:44.732] [warning] Couldn't find file 'hat_skull.vtp'.
[2026-02-16 15:57:44.732] [warning] Couldn't find file 'hat_ribs_scap.vtp'.
[2026-02-16 15:57:44.732] [warning] Couldn't find file 'humerus_rv.vtp'.
[2026-02-16 15:57:44.732] [warning] Couldn't find file 'ulna_rv.vtp'.
[2026-02-16 15:57:44.732] [warning] Couldn't find file 'radius_rv.vtp'.
[2026-02-16 15:57:44.732] [warning] Couldn't find file 'pisiform_rvs.vtp'.
[2026-02-16 15:57:44.732] [warning] Couldn't find file 'lunate_rvs.vtp'.
[2026-02-16 15:57:44.732] [warning] Couldn't find file 'scaphoid_rvs.vtp'.
[2026-02-16 15:57:44.732] [warning] Couldn't find file 'triquetrum_rvs.vtp'.
[2026-02-16 15:57:44.732] [warning] Couldn't find file 'hamate_rvs.vtp'.
[2026-02-16 15:57:44.732] [warning] Couldn't find file 'capitate_rvs.vtp'.
[2026-02-16 15:57:44.732] [warning] Couldn't find file 'trapezoid_rvs.vtp'.
[2026-02-16 15:57:44.732] [warning] Couldn't find file 'trapezium_rvs.vtp'.
[2026-02-16 15:57:44.733] [warning] Couldn't find file 'metacarpal2_rvs.vtp'.
[2026-02-16 15:57:44.733] [warning] Couldn't find file 'index_proximal_rvs.vtp'.
[2026-02-16 15:57:44.733] [warning] Couldn't find file 'index_medial_rvs.vtp'.
[2026-02-16 15:57:44.733] [warning] Couldn't find file 'index_distal_rvs.vtp'.
[2026-02-16 15:57:44.733] [warning] Couldn't find file 'metacarpal3_rvs.vtp'.
[2026-02-16 15:57:44.733] [warning] Couldn't find file 'middle_proximal_rvs.vtp'.
[2026-02-16 15:57:44.733] [warning] Couldn't find file 'middle_medial_rvs.vtp'.
[2026-02-16 15:57:44.733] [warning] Couldn't find file 'middle_distal_rvs.vtp'.
[2026-02-16 15:57:44.733] [warning] Couldn't find file 'metacarpal4_rvs.vtp'.
[2026-02-16 15:57:44.733] [warning] Couldn't find file 'ring_proximal_rvs.vtp'.
[2026-02-16 15:57:44.733] [warning] Couldn't find file 'ring_medial_rvs.vtp'.
[2026-02-16 15:57:44.733] [warning] Couldn't find file 'ring_distal_rvs.vtp'.
[2026-02-16 15:57:44.733] [warning] Couldn't find file 'metacarpal5_rvs.vtp'.
[2026-02-16 15:57:44.733] [warning] Couldn't find file 'little_proximal_rvs.vtp'.
[2026-02-16 15:57:44.733] [warning] Couldn't find file 'little_medial_rvs.vtp'.
[2026-02-16 15:57:44.733] [warning] Couldn't find file 'little_distal_rvs.vtp'.
[2026-02-16 15:57:44.733] [warning] Couldn't find file 'metacarpal1_rvs.vtp'.
[2026-02-16 15:57:44.733] [warning] Couldn't find file 'thumb_proximal_rvs.vtp'.
[2026-02-16 15:57:44.733] [warning] Couldn't find file 'thumb_distal_rvs.vtp'.
[2026-02-16 15:57:44.733] [warning] Couldn't find file 'humerus_lv.vtp'.
[2026-02-16 15:57:44.733] [warning] Couldn't find file 'ulna_lv.vtp'.
[2026-02-16 15:57:44.733] [warning] Couldn't find file 'radius_lv.vtp'.
[2026-02-16 15:57:44.733] [warning] Couldn't find file 'pisiform_lvs.vtp'.
[2026-02-16 15:57:44.733] [warning] Couldn't find file 'lunate_lvs.vtp'.
[2026-02-16 15:57:44.733] [warning] Couldn't find file 'scaphoid_lvs.vtp'.
[2026-02-16 15:57:44.733] [warning] Couldn't find file 'triquetrum_lvs.vtp'.
[2026-02-16 15:57:44.733] [warning] Couldn't find file 'hamate_lvs.vtp'.
[2026-02-16 15:57:44.733] [warning] Couldn't find file 'capitate_lvs.vtp'.
[2026-02-16 15:57:44.733] [warning] Couldn't find file 'trapezoid_lvs.vtp'.
[2026-02-16 15:57:44.734] [warning] Couldn't find file 'trapezium_lvs.vtp'.
[2026-02-16 15:57:44.734] [warning] Couldn't find file 'metacarpal2_lvs.vtp'.
[2026-02-16 15:57:44.734] [warning] Couldn't find file 'index_proximal_lvs.vtp'.
[2026-02-16 15:57:44.734] [warning] Couldn't find file 'index_medial_lvs.vtp'.
[2026-02-16 15:57:44.734] [warning] Couldn't find file 'index_distal_lvs.vtp'.
[2026-02-16 15:57:44.734] [warning] Couldn't find file 'metacarpal3_lvs.vtp'.
[2026-02-16 15:57:44.734] [warning] Couldn't find file 'middle_proximal_lvs.vtp'.
[2026-02-16 15:57:44.734] [warning] Couldn't find file 'middle_medial_lvs.vtp'.
[2026-02-16 15:57:44.734] [warning] Couldn't find file 'middle_distal_lvs.vtp'.
[2026-02-16 15:57:44.734] [warning] Couldn't find file 'metacarpal4_lvs.vtp'.
[2026-02-16 15:57:44.734] [warning] Couldn't find file 'ring_proximal_lvs.vtp'.
[2026-02-16 15:57:44.734] [warning] Couldn't find file 'ring_medial_lvs.vtp'.
[2026-02-16 15:57:44.734] [warning] Couldn't find file 'ring_distal_lvs.vtp'.
[2026-02-16 15:57:44.734] [warning] Couldn't find file 'metacarpal5_lvs.vtp'.
[2026-02-16 15:57:44.734] [warning] Couldn't find file 'little_proximal_lvs.vtp'.
[2026-02-16 15:57:44.734] [warning] Couldn't find file 'little_medial_lvs.vtp'.
[2026-02-16 15:57:44.734] [warning] Couldn't find file 'little_distal_lvs.vtp'.
[2026-02-16 15:57:44.734] [warning] Couldn't find file 'metacarpal1_lvs.vtp'.
[2026-02-16 15:57:44.734] [warning] Couldn't find file 'thumb_proximal_lvs.vtp'.
[2026-02-16 15:57:44.734] [warning] Couldn't find file 'thumb_distal_lvs.vtp'.
[2026-02-16 15:57:44.739] [info] No external loads will be applied (external loads file not specified).
[2026-02-16 15:57:44.756] [info] Loading coordinates from file 'C:\Users\Israel Luis\Documents\GitHub\GoalOptimized\Database\sub1\IK\IK_sub1_v2_t1.mot'.
[2026-02-16 15:57:44.756] [info] Storage: read data file = C:\Users\Israel Luis\Documents\GitHub\GoalOptimized\Database\sub1\IK\IK_sub1_v2_t1.mot (nr=119 nc=40)
[2026-02-16 15:57:45.338] [info] Found 119 state vectors with time stamps ranging from 0.57 to 1.75.
[2026-02-16 15:57:45.338] [info] Executing the analyses from 0.57 to 1.75...
[2026-02-16 15:57:49.794] [info] Printing results of investigation IK_sub1_v2_t1 to C:\Users\Israel Luis\Documents\GitHub\GoalOptimized\ProjectResults\DSE\sub1\multiCycle\Je\MuscleAnalysis
[2026-02-16 16:00:18.739] [info] Updating Model file from 40000 to latest format...
[2026-02-16 16:00:18.758] [info] Loaded model 1_scaled_rajagopal2022 from file C:\Users\Israel Luis\Documents\GitHub\GoalOptimized\Database\sub1\model\model_rajagopal2022_sub1.osim
[2026-02-16 16:00:18.759] [warning] Couldn't find file 'r_pelvis.vtp'.
[2026-02-16 16:00:18.759] [warning] Couldn't find file 'l_pelvis.vtp'.
[2026-02-16 16:00:18.759] [warning] Couldn't find file 'sacrum.vtp'.
[2026-02-16 16:00:18.759] [warning] Couldn't find file 'r_femur.vtp'.
[2026-02-16 16:00:18.759] [warning] Couldn't find file 'r_tibia.vtp'.
[2026-02-16 16:00:18.759] [warning] Couldn't find file 'r_fibula.vtp'.
[2026-02-16 16:00:18.759] [warning] Couldn't find file 'r_patella.vtp'.
[2026-02-16 16:00:18.759] [warning] Couldn't find file 'r_talus.vtp'.
[2026-02-16 16:00:18.759] [warning] Couldn't find file 'r_foot.vtp'.
[2026-02-16 16:00:18.759] [warning] Couldn't find file 'r_bofoot.vtp'.
[2026-02-16 16:00:18.759] [warning] Couldn't find file 'l_femur.vtp'.
[2026-02-16 16:00:18.759] [warning] Couldn't find file 'l_tibia.vtp'.
[2026-02-16 16:00:18.759] [warning] Couldn't find file 'l_fibula.vtp'.
[2026-02-16 16:00:18.759] [warning] Couldn't find file 'l_patella.vtp'.
[2026-02-16 16:00:18.759] [warning] Couldn't find file 'l_talus.vtp'.
[2026-02-16 16:00:18.759] [warning] Couldn't find file 'l_foot.vtp'.
[2026-02-16 16:00:18.760] [warning] Couldn't find file 'l_bofoot.vtp'.
[2026-02-16 16:00:18.760] [warning] Couldn't find file 'hat_spine.vtp'.
[2026-02-16 16:00:18.760] [warning] Couldn't find file 'hat_jaw.vtp'.
[2026-02-16 16:00:18.760] [warning] Couldn't find file 'hat_skull.vtp'.
[2026-02-16 16:00:18.760] [warning] Couldn't find file 'hat_ribs_scap.vtp'.
[2026-02-16 16:00:18.760] [warning] Couldn't find file 'humerus_rv.vtp'.
[2026-02-16 16:00:18.760] [warning] Couldn't find file 'ulna_rv.vtp'.
[2026-02-16 16:00:18.760] [warning] Couldn't find file 'radius_rv.vtp'.
[2026-02-16 16:00:18.760] [warning] Couldn't find file 'pisiform_rvs.vtp'.
[2026-02-16 16:00:18.760] [warning] Couldn't find file 'lunate_rvs.vtp'.
[2026-02-16 16:00:18.760] [warning] Couldn't find file 'scaphoid_rvs.vtp'.
[2026-02-16 16:00:18.760] [warning] Couldn't find file 'triquetrum_rvs.vtp'.
[2026-02-16 16:00:18.760] [warning] Couldn't find file 'hamate_rvs.vtp'.
[2026-02-16 16:00:18.760] [warning] Couldn't find file 'capitate_rvs.vtp'.
[2026-02-16 16:00:18.760] [warning] Couldn't find file 'trapezoid_rvs.vtp'.
[2026-02-16 16:00:18.760] [warning] Couldn't find file 'trapezium_rvs.vtp'.
[2026-02-16 16:00:18.760] [warning] Couldn't find file 'metacarpal2_rvs.vtp'.
[2026-02-16 16:00:18.760] [warning] Couldn't find file 'index_proximal_rvs.vtp'.
[2026-02-16 16:00:18.760] [warning] Couldn't find file 'index_medial_rvs.vtp'.
[2026-02-16 16:00:18.760] [warning] Couldn't find file 'index_distal_rvs.vtp'.
[2026-02-16 16:00:18.760] [warning] Couldn't find file 'metacarpal3_rvs.vtp'.
[2026-02-16 16:00:18.760] [warning] Couldn't find file 'middle_proximal_rvs.vtp'.
[2026-02-16 16:00:18.760] [warning] Couldn't find file 'middle_medial_rvs.vtp'.
[2026-02-16 16:00:18.760] [warning] Couldn't find file 'middle_distal_rvs.vtp'.
[2026-02-16 16:00:18.760] [warning] Couldn't find file 'metacarpal4_rvs.vtp'.
[2026-02-16 16:00:18.760] [warning] Couldn't find file 'ring_proximal_rvs.vtp'.
[2026-02-16 16:00:18.760] [warning] Couldn't find file 'ring_medial_rvs.vtp'.
[2026-02-16 16:00:18.761] [warning] Couldn't find file 'ring_distal_rvs.vtp'.
[2026-02-16 16:00:18.761] [warning] Couldn't find file 'metacarpal5_rvs.vtp'.
[2026-02-16 16:00:18.761] [warning] Couldn't find file 'little_proximal_rvs.vtp'.
[2026-02-16 16:00:18.761] [warning] Couldn't find file 'little_medial_rvs.vtp'.
[2026-02-16 16:00:18.761] [warning] Couldn't find file 'little_distal_rvs.vtp'.
[2026-02-16 16:00:18.761] [warning] Couldn't find file 'metacarpal1_rvs.vtp'.
[2026-02-16 16:00:18.761] [warning] Couldn't find file 'thumb_proximal_rvs.vtp'.
[2026-02-16 16:00:18.761] [warning] Couldn't find file 'thumb_distal_rvs.vtp'.
[2026-02-16 16:00:18.761] [warning] Couldn't find file 'humerus_lv.vtp'.
[2026-02-16 16:00:18.761] [warning] Couldn't find file 'ulna_lv.vtp'.
[2026-02-16 16:00:18.761] [warning] Couldn't find file 'radius_lv.vtp'.
[2026-02-16 16:00:18.761] [warning] Couldn't find file 'pisiform_lvs.vtp'.
[2026-02-16 16:00:18.761] [warning] Couldn't find file 'lunate_lvs.vtp'.
[2026-02-16 16:00:18.761] [warning] Couldn't find file 'scaphoid_lvs.vtp'.
[2026-02-16 16:00:18.761] [warning] Couldn't find file 'triquetrum_lvs.vtp'.
[2026-02-16 16:00:18.761] [warning] Couldn't find file 'hamate_lvs.vtp'.
[2026-02-16 16:00:18.761] [warning] Couldn't find file 'capitate_lvs.vtp'.
[2026-02-16 16:00:18.761] [warning] Couldn't find file 'trapezoid_lvs.vtp'.
[2026-02-16 16:00:18.761] [warning] Couldn't find file 'trapezium_lvs.vtp'.
[2026-02-16 16:00:18.761] [warning] Couldn't find file 'metacarpal2_lvs.vtp'.
[2026-02-16 16:00:18.761] [warning] Couldn't find file 'index_proximal_lvs.vtp'.
[2026-02-16 16:00:18.761] [warning] Couldn't find file 'index_medial_lvs.vtp'.
[2026-02-16 16:00:18.761] [warning] Couldn't find file 'index_distal_lvs.vtp'.
[2026-02-16 16:00:18.761] [warning] Couldn't find file 'metacarpal3_lvs.vtp'.
[2026-02-16 16:00:18.761] [warning] Couldn't find file 'middle_proximal_lvs.vtp'.
[2026-02-16 16:00:18.761] [warning] Couldn't find file 'middle_medial_lvs.vtp'.
[2026-02-16 16:00:18.761] [warning] Couldn't find file 'middle_distal_lvs.vtp'.
[2026-02-16 16:00:18.762] [warning] Couldn't find file 'metacarpal4_lvs.vtp'.
[2026-02-16 16:00:18.762] [warning] Couldn't find file 'ring_proximal_lvs.vtp'.
[2026-02-16 16:00:18.762] [warning] Couldn't find file 'ring_medial_lvs.vtp'.
[2026-02-16 16:00:18.762] [warning] Couldn't find file 'ring_distal_lvs.vtp'.
[2026-02-16 16:00:18.762] [warning] Couldn't find file 'metacarpal5_lvs.vtp'.
[2026-02-16 16:00:18.762] [warning] Couldn't find file 'little_proximal_lvs.vtp'.
[2026-02-16 16:00:18.762] [warning] Couldn't find file 'little_medial_lvs.vtp'.
[2026-02-16 16:00:18.762] [warning] Couldn't find file 'little_distal_lvs.vtp'.
[2026-02-16 16:00:18.762] [warning] Couldn't find file 'metacarpal1_lvs.vtp'.
[2026-02-16 16:00:18.762] [warning] Couldn't find file 'thumb_proximal_lvs.vtp'.
[2026-02-16 16:00:18.762] [warning] Couldn't find file 'thumb_distal_lvs.vtp'.
[2026-02-16 16:00:18.767] [info] AbstractTool IK_sub1_v2_t1 loading model C:\Users\Israel Luis\Documents\GitHub\GoalOptimized\Database\sub1\model\model_rajagopal2022_sub1.osim
[2026-02-16 16:00:18.780] [info] Updating Model file from 40000 to latest format...
[2026-02-16 16:00:18.798] [info] Loaded model 1_scaled_rajagopal2022 from file C:\Users\Israel Luis\Documents\GitHub\GoalOptimized\Database\sub1\model\model_rajagopal2022_sub1.osim
[2026-02-16 16:00:18.798] [warning] Couldn't find file 'r_pelvis.vtp'.
[2026-02-16 16:00:18.798] [warning] Couldn't find file 'l_pelvis.vtp'.
[2026-02-16 16:00:18.798] [warning] Couldn't find file 'sacrum.vtp'.
[2026-02-16 16:00:18.798] [warning] Couldn't find file 'r_femur.vtp'.
[2026-02-16 16:00:18.798] [warning] Couldn't find file 'r_tibia.vtp'.
[2026-02-16 16:00:18.798] [warning] Couldn't find file 'r_fibula.vtp'.
[2026-02-16 16:00:18.798] [warning] Couldn't find file 'r_patella.vtp'.
[2026-02-16 16:00:18.798] [warning] Couldn't find file 'r_talus.vtp'.
[2026-02-16 16:00:18.798] [warning] Couldn't find file 'r_foot.vtp'.
[2026-02-16 16:00:18.798] [warning] Couldn't find file 'r_bofoot.vtp'.
[2026-02-16 16:00:18.798] [warning] Couldn't find file 'l_femur.vtp'.
[2026-02-16 16:00:18.798] [warning] Couldn't find file 'l_tibia.vtp'.
[2026-02-16 16:00:18.798] [warning] Couldn't find file 'l_fibula.vtp'.
[2026-02-16 16:00:18.799] [warning] Couldn't find file 'l_patella.vtp'.
[2026-02-16 16:00:18.799] [warning] Couldn't find file 'l_talus.vtp'.
[2026-02-16 16:00:18.799] [warning] Couldn't find file 'l_foot.vtp'.
[2026-02-16 16:00:18.799] [warning] Couldn't find file 'l_bofoot.vtp'.
[2026-02-16 16:00:18.799] [warning] Couldn't find file 'hat_spine.vtp'.
[2026-02-16 16:00:18.799] [warning] Couldn't find file 'hat_jaw.vtp'.
[2026-02-16 16:00:18.799] [warning] Couldn't find file 'hat_skull.vtp'.
[2026-02-16 16:00:18.799] [warning] Couldn't find file 'hat_ribs_scap.vtp'.
[2026-02-16 16:00:18.799] [warning] Couldn't find file 'humerus_rv.vtp'.
[2026-02-16 16:00:18.799] [warning] Couldn't find file 'ulna_rv.vtp'.
[2026-02-16 16:00:18.799] [warning] Couldn't find file 'radius_rv.vtp'.
[2026-02-16 16:00:18.799] [warning] Couldn't find file 'pisiform_rvs.vtp'.
[2026-02-16 16:00:18.799] [warning] Couldn't find file 'lunate_rvs.vtp'.
[2026-02-16 16:00:18.799] [warning] Couldn't find file 'scaphoid_rvs.vtp'.
[2026-02-16 16:00:18.799] [warning] Couldn't find file 'triquetrum_rvs.vtp'.
[2026-02-16 16:00:18.799] [warning] Couldn't find file 'hamate_rvs.vtp'.
[2026-02-16 16:00:18.799] [warning] Couldn't find file 'capitate_rvs.vtp'.
[2026-02-16 16:00:18.799] [warning] Couldn't find file 'trapezoid_rvs.vtp'.
[2026-02-16 16:00:18.799] [warning] Couldn't find file 'trapezium_rvs.vtp'.
[2026-02-16 16:00:18.799] [warning] Couldn't find file 'metacarpal2_rvs.vtp'.
[2026-02-16 16:00:18.799] [warning] Couldn't find file 'index_proximal_rvs.vtp'.
[2026-02-16 16:00:18.799] [warning] Couldn't find file 'index_medial_rvs.vtp'.
[2026-02-16 16:00:18.799] [warning] Couldn't find file 'index_distal_rvs.vtp'.
[2026-02-16 16:00:18.799] [warning] Couldn't find file 'metacarpal3_rvs.vtp'.
[2026-02-16 16:00:18.799] [warning] Couldn't find file 'middle_proximal_rvs.vtp'.
[2026-02-16 16:00:18.799] [warning] Couldn't find file 'middle_medial_rvs.vtp'.
[2026-02-16 16:00:18.799] [warning] Couldn't find file 'middle_distal_rvs.vtp'.
[2026-02-16 16:00:18.799] [warning] Couldn't find file 'metacarpal4_rvs.vtp'.
[2026-02-16 16:00:18.800] [warning] Couldn't find file 'ring_proximal_rvs.vtp'.
[2026-02-16 16:00:18.800] [warning] Couldn't find file 'ring_medial_rvs.vtp'.
[2026-02-16 16:00:18.800] [warning] Couldn't find file 'ring_distal_rvs.vtp'.
[2026-02-16 16:00:18.800] [warning] Couldn't find file 'metacarpal5_rvs.vtp'.
[2026-02-16 16:00:18.800] [warning] Couldn't find file 'little_proximal_rvs.vtp'.
[2026-02-16 16:00:18.800] [warning] Couldn't find file 'little_medial_rvs.vtp'.
[2026-02-16 16:00:18.800] [warning] Couldn't find file 'little_distal_rvs.vtp'.
[2026-02-16 16:00:18.800] [warning] Couldn't find file 'metacarpal1_rvs.vtp'.
[2026-02-16 16:00:18.800] [warning] Couldn't find file 'thumb_proximal_rvs.vtp'.
[2026-02-16 16:00:18.800] [warning] Couldn't find file 'thumb_distal_rvs.vtp'.
[2026-02-16 16:00:18.800] [warning] Couldn't find file 'humerus_lv.vtp'.
[2026-02-16 16:00:18.800] [warning] Couldn't find file 'ulna_lv.vtp'.
[2026-02-16 16:00:18.800] [warning] Couldn't find file 'radius_lv.vtp'.
[2026-02-16 16:00:18.800] [warning] Couldn't find file 'pisiform_lvs.vtp'.
[2026-02-16 16:00:18.800] [warning] Couldn't find file 'lunate_lvs.vtp'.
[2026-02-16 16:00:18.800] [warning] Couldn't find file 'scaphoid_lvs.vtp'.
[2026-02-16 16:00:18.800] [warning] Couldn't find file 'triquetrum_lvs.vtp'.
[2026-02-16 16:00:18.800] [warning] Couldn't find file 'hamate_lvs.vtp'.
[2026-02-16 16:00:18.800] [warning] Couldn't find file 'capitate_lvs.vtp'.
[2026-02-16 16:00:18.800] [warning] Couldn't find file 'trapezoid_lvs.vtp'.
[2026-02-16 16:00:18.800] [warning] Couldn't find file 'trapezium_lvs.vtp'.
[2026-02-16 16:00:18.800] [warning] Couldn't find file 'metacarpal2_lvs.vtp'.
[2026-02-16 16:00:18.800] [warning] Couldn't find file 'index_proximal_lvs.vtp'.
[2026-02-16 16:00:18.800] [warning] Couldn't find file 'index_medial_lvs.vtp'.
[2026-02-16 16:00:18.800] [warning] Couldn't find file 'index_distal_lvs.vtp'.
[2026-02-16 16:00:18.800] [warning] Couldn't find file 'metacarpal3_lvs.vtp'.
[2026-02-16 16:00:18.800] [warning] Couldn't find file 'middle_proximal_lvs.vtp'.
[2026-02-16 16:00:18.800] [warning] Couldn't find file 'middle_medial_lvs.vtp'.
[2026-02-16 16:00:18.800] [warning] Couldn't find file 'middle_distal_lvs.vtp'.
[2026-02-16 16:00:18.801] [warning] Couldn't find file 'metacarpal4_lvs.vtp'.
[2026-02-16 16:00:18.801] [warning] Couldn't find file 'ring_proximal_lvs.vtp'.
[2026-02-16 16:00:18.801] [warning] Couldn't find file 'ring_medial_lvs.vtp'.
[2026-02-16 16:00:18.801] [warning] Couldn't find file 'ring_distal_lvs.vtp'.
[2026-02-16 16:00:18.801] [warning] Couldn't find file 'metacarpal5_lvs.vtp'.
[2026-02-16 16:00:18.801] [warning] Couldn't find file 'little_proximal_lvs.vtp'.
[2026-02-16 16:00:18.801] [warning] Couldn't find file 'little_medial_lvs.vtp'.
[2026-02-16 16:00:18.801] [warning] Couldn't find file 'little_distal_lvs.vtp'.
[2026-02-16 16:00:18.801] [warning] Couldn't find file 'metacarpal1_lvs.vtp'.
[2026-02-16 16:00:18.801] [warning] Couldn't find file 'thumb_proximal_lvs.vtp'.
[2026-02-16 16:00:18.801] [warning] Couldn't find file 'thumb_distal_lvs.vtp'.
[2026-02-16 16:00:18.805] [info] No external loads will be applied (external loads file not specified).
[2026-02-16 16:00:18.822] [info] Loading coordinates from file 'C:\Users\Israel Luis\Documents\GitHub\GoalOptimized\Database\sub1\IK\IK_sub1_v2_t1.mot'.
[2026-02-16 16:00:18.822] [info] Storage: read data file = C:\Users\Israel Luis\Documents\GitHub\GoalOptimized\Database\sub1\IK\IK_sub1_v2_t1.mot (nr=119 nc=40)
[2026-02-16 16:00:19.401] [info] Found 119 state vectors with time stamps ranging from 0.57 to 1.75.
[2026-02-16 16:00:19.401] [info] Executing the analyses from 0.57 to 1.75...
[2026-02-16 16:00:23.852] [info] Printing results of investigation IK_sub1_v2_t1 to C:\Users\Israel Luis\Documents\GitHub\GoalOptimized\ProjectResults\DSE\sub1\multiCycle\Je\MuscleAnalysis
[2026-02-16 16:01:02.459] [info] Updating Model file from 40000 to latest format...
[2026-02-16 16:01:02.477] [info] Loaded model 1_scaled_rajagopal2022 from file C:\Users\Israel Luis\Documents\GitHub\GoalOptimized\Database\sub1\model\model_rajagopal2022_sub1.osim
[2026-02-16 16:01:02.477] [warning] Couldn't find file 'r_pelvis.vtp'.
[2026-02-16 16:01:02.478] [warning] Couldn't find file 'l_pelvis.vtp'.
[2026-02-16 16:01:02.478] [warning] Couldn't find file 'sacrum.vtp'.
[2026-02-16 16:01:02.478] [warning] Couldn't find file 'r_femur.vtp'.
[2026-02-16 16:01:02.478] [warning] Couldn't find file 'r_tibia.vtp'.
[2026-02-16 16:01:02.478] [warning] Couldn't find file 'r_fibula.vtp'.
[2026-02-16 16:01:02.478] [warning] Couldn't find file 'r_patella.vtp'.
[2026-02-16 16:01:02.478] [warning] Couldn't find file 'r_talus.vtp'.
[2026-02-16 16:01:02.478] [warning] Couldn't find file 'r_foot.vtp'.
[2026-02-16 16:01:02.478] [warning] Couldn't find file 'r_bofoot.vtp'.
[2026-02-16 16:01:02.478] [warning] Couldn't find file 'l_femur.vtp'.
[2026-02-16 16:01:02.478] [warning] Couldn't find file 'l_tibia.vtp'.
[2026-02-16 16:01:02.478] [warning] Couldn't find file 'l_fibula.vtp'.
[2026-02-16 16:01:02.478] [warning] Couldn't find file 'l_patella.vtp'.
[2026-02-16 16:01:02.478] [warning] Couldn't find file 'l_talus.vtp'.
[2026-02-16 16:01:02.478] [warning] Couldn't find file 'l_foot.vtp'.
[2026-02-16 16:01:02.478] [warning] Couldn't find file 'l_bofoot.vtp'.
[2026-02-16 16:01:02.478] [warning] Couldn't find file 'hat_spine.vtp'.
[2026-02-16 16:01:02.478] [warning] Couldn't find file 'hat_jaw.vtp'.
[2026-02-16 16:01:02.478] [warning] Couldn't find file 'hat_skull.vtp'.
[2026-02-16 16:01:02.478] [warning] Couldn't find file 'hat_ribs_scap.vtp'.
[2026-02-16 16:01:02.478] [warning] Couldn't find file 'humerus_rv.vtp'.
[2026-02-16 16:01:02.478] [warning] Couldn't find file 'ulna_rv.vtp'.
[2026-02-16 16:01:02.478] [warning] Couldn't find file 'radius_rv.vtp'.
[2026-02-16 16:01:02.478] [warning] Couldn't find file 'pisiform_rvs.vtp'.
[2026-02-16 16:01:02.478] [warning] Couldn't find file 'lunate_rvs.vtp'.
[2026-02-16 16:01:02.478] [warning] Couldn't find file 'scaphoid_rvs.vtp'.
[2026-02-16 16:01:02.479] [warning] Couldn't find file 'triquetrum_rvs.vtp'.
[2026-02-16 16:01:02.479] [warning] Couldn't find file 'hamate_rvs.vtp'.
[2026-02-16 16:01:02.479] [warning] Couldn't find file 'capitate_rvs.vtp'.
[2026-02-16 16:01:02.479] [warning] Couldn't find file 'trapezoid_rvs.vtp'.
[2026-02-16 16:01:02.479] [warning] Couldn't find file 'trapezium_rvs.vtp'.
[2026-02-16 16:01:02.479] [warning] Couldn't find file 'metacarpal2_rvs.vtp'.
[2026-02-16 16:01:02.479] [warning] Couldn't find file 'index_proximal_rvs.vtp'.
[2026-02-16 16:01:02.479] [warning] Couldn't find file 'index_medial_rvs.vtp'.
[2026-02-16 16:01:02.479] [warning] Couldn't find file 'index_distal_rvs.vtp'.
[2026-02-16 16:01:02.479] [warning] Couldn't find file 'metacarpal3_rvs.vtp'.
[2026-02-16 16:01:02.479] [warning] Couldn't find file 'middle_proximal_rvs.vtp'.
[2026-02-16 16:01:02.479] [warning] Couldn't find file 'middle_medial_rvs.vtp'.
[2026-02-16 16:01:02.479] [warning] Couldn't find file 'middle_distal_rvs.vtp'.
[2026-02-16 16:01:02.479] [warning] Couldn't find file 'metacarpal4_rvs.vtp'.
[2026-02-16 16:01:02.479] [warning] Couldn't find file 'ring_proximal_rvs.vtp'.
[2026-02-16 16:01:02.479] [warning] Couldn't find file 'ring_medial_rvs.vtp'.
[2026-02-16 16:01:02.479] [warning] Couldn't find file 'ring_distal_rvs.vtp'.
[2026-02-16 16:01:02.479] [warning] Couldn't find file 'metacarpal5_rvs.vtp'.
[2026-02-16 16:01:02.479] [warning] Couldn't find file 'little_proximal_rvs.vtp'.
[2026-02-16 16:01:02.479] [warning] Couldn't find file 'little_medial_rvs.vtp'.
[2026-02-16 16:01:02.479] [warning] Couldn't find file 'little_distal_rvs.vtp'.
[2026-02-16 16:01:02.479] [warning] Couldn't find file 'metacarpal1_rvs.vtp'.
[2026-02-16 16:01:02.479] [warning] Couldn't find file 'thumb_proximal_rvs.vtp'.
[2026-02-16 16:01:02.479] [warning] Couldn't find file 'thumb_distal_rvs.vtp'.
[2026-02-16 16:01:02.479] [warning] Couldn't find file 'humerus_lv.vtp'.
[2026-02-16 16:01:02.479] [warning] Couldn't find file 'ulna_lv.vtp'.
[2026-02-16 16:01:02.480] [warning] Couldn't find file 'radius_lv.vtp'.
[2026-02-16 16:01:02.480] [warning] Couldn't find file 'pisiform_lvs.vtp'.
[2026-02-16 16:01:02.480] [warning] Couldn't find file 'lunate_lvs.vtp'.
[2026-02-16 16:01:02.480] [warning] Couldn't find file 'scaphoid_lvs.vtp'.
[2026-02-16 16:01:02.480] [warning] Couldn't find file 'triquetrum_lvs.vtp'.
[2026-02-16 16:01:02.480] [warning] Couldn't find file 'hamate_lvs.vtp'.
[2026-02-16 16:01:02.480] [warning] Couldn't find file 'capitate_lvs.vtp'.
[2026-02-16 16:01:02.480] [warning] Couldn't find file 'trapezoid_lvs.vtp'.
[2026-02-16 16:01:02.480] [warning] Couldn't find file 'trapezium_lvs.vtp'.
[2026-02-16 16:01:02.480] [warning] Couldn't find file 'metacarpal2_lvs.vtp'.
[2026-02-16 16:01:02.480] [warning] Couldn't find file 'index_proximal_lvs.vtp'.
[2026-02-16 16:01:02.480] [warning] Couldn't find file 'index_medial_lvs.vtp'.
[2026-02-16 16:01:02.480] [warning] Couldn't find file 'index_distal_lvs.vtp'.
[2026-02-16 16:01:02.480] [warning] Couldn't find file 'metacarpal3_lvs.vtp'.
[2026-02-16 16:01:02.480] [warning] Couldn't find file 'middle_proximal_lvs.vtp'.
[2026-02-16 16:01:02.480] [warning] Couldn't find file 'middle_medial_lvs.vtp'.
[2026-02-16 16:01:02.480] [warning] Couldn't find file 'middle_distal_lvs.vtp'.
[2026-02-16 16:01:02.480] [warning] Couldn't find file 'metacarpal4_lvs.vtp'.
[2026-02-16 16:01:02.480] [warning] Couldn't find file 'ring_proximal_lvs.vtp'.
[2026-02-16 16:01:02.480] [warning] Couldn't find file 'ring_medial_lvs.vtp'.
[2026-02-16 16:01:02.480] [warning] Couldn't find file 'ring_distal_lvs.vtp'.
[2026-02-16 16:01:02.480] [warning] Couldn't find file 'metacarpal5_lvs.vtp'.
[2026-02-16 16:01:02.480] [warning] Couldn't find file 'little_proximal_lvs.vtp'.
[2026-02-16 16:01:02.480] [warning] Couldn't find file 'little_medial_lvs.vtp'.
[2026-02-16 16:01:02.480] [warning] Couldn't find file 'little_distal_lvs.vtp'.
[2026-02-16 16:01:02.480] [warning] Couldn't find file 'metacarpal1_lvs.vtp'.
[2026-02-16 16:01:02.481] [warning] Couldn't find file 'thumb_proximal_lvs.vtp'.
[2026-02-16 16:01:02.481] [warning] Couldn't find file 'thumb_distal_lvs.vtp'.
[2026-02-16 16:01:02.485] [info] AbstractTool IK_sub1_v2_t1 loading model C:\Users\Israel Luis\Documents\GitHub\GoalOptimized\Database\sub1\model\model_rajagopal2022_sub1.osim
[2026-02-16 16:01:02.499] [info] Updating Model file from 40000 to latest format...
[2026-02-16 16:01:02.518] [info] Loaded model 1_scaled_rajagopal2022 from file C:\Users\Israel Luis\Documents\GitHub\GoalOptimized\Database\sub1\model\model_rajagopal2022_sub1.osim
[2026-02-16 16:01:02.518] [warning] Couldn't find file 'r_pelvis.vtp'.
[2026-02-16 16:01:02.518] [warning] Couldn't find file 'l_pelvis.vtp'.
[2026-02-16 16:01:02.518] [warning] Couldn't find file 'sacrum.vtp'.
[2026-02-16 16:01:02.518] [warning] Couldn't find file 'r_femur.vtp'.
[2026-02-16 16:01:02.518] [warning] Couldn't find file 'r_tibia.vtp'.
[2026-02-16 16:01:02.518] [warning] Couldn't find file 'r_fibula.vtp'.
[2026-02-16 16:01:02.518] [warning] Couldn't find file 'r_patella.vtp'.
[2026-02-16 16:01:02.518] [warning] Couldn't find file 'r_talus.vtp'.
[2026-02-16 16:01:02.518] [warning] Couldn't find file 'r_foot.vtp'.
[2026-02-16 16:01:02.519] [warning] Couldn't find file 'r_bofoot.vtp'.
[2026-02-16 16:01:02.519] [warning] Couldn't find file 'l_femur.vtp'.
[2026-02-16 16:01:02.519] [warning] Couldn't find file 'l_tibia.vtp'.
[2026-02-16 16:01:02.519] [warning] Couldn't find file 'l_fibula.vtp'.
[2026-02-16 16:01:02.519] [warning] Couldn't find file 'l_patella.vtp'.
[2026-02-16 16:01:02.519] [warning] Couldn't find file 'l_talus.vtp'.
[2026-02-16 16:01:02.519] [warning] Couldn't find file 'l_foot.vtp'.
[2026-02-16 16:01:02.519] [warning] Couldn't find file 'l_bofoot.vtp'.
[2026-02-16 16:01:02.519] [warning] Couldn't find file 'hat_spine.vtp'.
[2026-02-16 16:01:02.519] [warning] Couldn't find file 'hat_jaw.vtp'.
[2026-02-16 16:01:02.519] [warning] Couldn't find file 'hat_skull.vtp'.
[2026-02-16 16:01:02.519] [warning] Couldn't find file 'hat_ribs_scap.vtp'.
[2026-02-16 16:01:02.519] [warning] Couldn't find file 'humerus_rv.vtp'.
[2026-02-16 16:01:02.519] [warning] Couldn't find file 'ulna_rv.vtp'.
[2026-02-16 16:01:02.519] [warning] Couldn't find file 'radius_rv.vtp'.
[2026-02-16 16:01:02.519] [warning] Couldn't find file 'pisiform_rvs.vtp'.
[2026-02-16 16:01:02.519] [warning] Couldn't find file 'lunate_rvs.vtp'.
[2026-02-16 16:01:02.519] [warning] Couldn't find file 'scaphoid_rvs.vtp'.
[2026-02-16 16:01:02.519] [warning] Couldn't find file 'triquetrum_rvs.vtp'.
[2026-02-16 16:01:02.519] [warning] Couldn't find file 'hamate_rvs.vtp'.
[2026-02-16 16:01:02.519] [warning] Couldn't find file 'capitate_rvs.vtp'.
[2026-02-16 16:01:02.519] [warning] Couldn't find file 'trapezoid_rvs.vtp'.
[2026-02-16 16:01:02.519] [warning] Couldn't find file 'trapezium_rvs.vtp'.
[2026-02-16 16:01:02.519] [warning] Couldn't find file 'metacarpal2_rvs.vtp'.
[2026-02-16 16:01:02.519] [warning] Couldn't find file 'index_proximal_rvs.vtp'.
[2026-02-16 16:01:02.519] [warning] Couldn't find file 'index_medial_rvs.vtp'.
[2026-02-16 16:01:02.519] [warning] Couldn't find file 'index_distal_rvs.vtp'.
[2026-02-16 16:01:02.519] [warning] Couldn't find file 'metacarpal3_rvs.vtp'.
[2026-02-16 16:01:02.520] [warning] Couldn't find file 'middle_proximal_rvs.vtp'.
[2026-02-16 16:01:02.520] [warning] Couldn't find file 'middle_medial_rvs.vtp'.
[2026-02-16 16:01:02.520] [warning] Couldn't find file 'middle_distal_rvs.vtp'.
[2026-02-16 16:01:02.520] [warning] Couldn't find file 'metacarpal4_rvs.vtp'.
[2026-02-16 16:01:02.520] [warning] Couldn't find file 'ring_proximal_rvs.vtp'.
[2026-02-16 16:01:02.520] [warning] Couldn't find file 'ring_medial_rvs.vtp'.
[2026-02-16 16:01:02.520] [warning] Couldn't find file 'ring_distal_rvs.vtp'.
[2026-02-16 16:01:02.520] [warning] Couldn't find file 'metacarpal5_rvs.vtp'.
[2026-02-16 16:01:02.520] [warning] Couldn't find file 'little_proximal_rvs.vtp'.
[2026-02-16 16:01:02.520] [warning] Couldn't find file 'little_medial_rvs.vtp'.
[2026-02-16 16:01:02.520] [warning] Couldn't find file 'little_distal_rvs.vtp'.
[2026-02-16 16:01:02.520] [warning] Couldn't find file 'metacarpal1_rvs.vtp'.
[2026-02-16 16:01:02.520] [warning] Couldn't find file 'thumb_proximal_rvs.vtp'.
[2026-02-16 16:01:02.520] [warning] Couldn't find file 'thumb_distal_rvs.vtp'.
[2026-02-16 16:01:02.520] [warning] Couldn't find file 'humerus_lv.vtp'.
[2026-02-16 16:01:02.520] [warning] Couldn't find file 'ulna_lv.vtp'.
[2026-02-16 16:01:02.520] [warning] Couldn't find file 'radius_lv.vtp'.
[2026-02-16 16:01:02.520] [warning] Couldn't find file 'pisiform_lvs.vtp'.
[2026-02-16 16:01:02.520] [warning] Couldn't find file 'lunate_lvs.vtp'.
[2026-02-16 16:01:02.520] [warning] Couldn't find file 'scaphoid_lvs.vtp'.
[2026-02-16 16:01:02.520] [warning] Couldn't find file 'triquetrum_lvs.vtp'.
[2026-02-16 16:01:02.520] [warning] Couldn't find file 'hamate_lvs.vtp'.
[2026-02-16 16:01:02.520] [warning] Couldn't find file 'capitate_lvs.vtp'.
[2026-02-16 16:01:02.520] [warning] Couldn't find file 'trapezoid_lvs.vtp'.
[2026-02-16 16:01:02.520] [warning] Couldn't find file 'trapezium_lvs.vtp'.
[2026-02-16 16:01:02.520] [warning] Couldn't find file 'metacarpal2_lvs.vtp'.
[2026-02-16 16:01:02.520] [warning] Couldn't find file 'index_proximal_lvs.vtp'.
[2026-02-16 16:01:02.520] [warning] Couldn't find file 'index_medial_lvs.vtp'.
[2026-02-16 16:01:02.520] [warning] Couldn't find file 'index_distal_lvs.vtp'.
[2026-02-16 16:01:02.521] [warning] Couldn't find file 'metacarpal3_lvs.vtp'.
[2026-02-16 16:01:02.521] [warning] Couldn't find file 'middle_proximal_lvs.vtp'.
[2026-02-16 16:01:02.521] [warning] Couldn't find file 'middle_medial_lvs.vtp'.
[2026-02-16 16:01:02.521] [warning] Couldn't find file 'middle_distal_lvs.vtp'.
[2026-02-16 16:01:02.521] [warning] Couldn't find file 'metacarpal4_lvs.vtp'.
[2026-02-16 16:01:02.521] [warning] Couldn't find file 'ring_proximal_lvs.vtp'.
[2026-02-16 16:01:02.521] [warning] Couldn't find file 'ring_medial_lvs.vtp'.
[2026-02-16 16:01:02.521] [warning] Couldn't find file 'ring_distal_lvs.vtp'.
[2026-02-16 16:01:02.521] [warning] Couldn't find file 'metacarpal5_lvs.vtp'.
[2026-02-16 16:01:02.521] [warning] Couldn't find file 'little_proximal_lvs.vtp'.
[2026-02-16 16:01:02.521] [warning] Couldn't find file 'little_medial_lvs.vtp'.
[2026-02-16 16:01:02.521] [warning] Couldn't find file 'little_distal_lvs.vtp'.
[2026-02-16 16:01:02.521] [warning] Couldn't find file 'metacarpal1_lvs.vtp'.
[2026-02-16 16:01:02.521] [warning] Couldn't find file 'thumb_proximal_lvs.vtp'.
[2026-02-16 16:01:02.521] [warning] Couldn't find file 'thumb_distal_lvs.vtp'.
[2026-02-16 16:01:02.525] [info] No external loads will be applied (external loads file not specified).
[2026-02-16 16:01:02.538] [info] Loading coordinates from file 'C:\Users\Israel Luis\Documents\GitHub\GoalOptimized\Database\sub1\IK\IK_sub1_v2_t1.mot'.
[2026-02-16 16:01:02.538] [info] Storage: read data file = C:\Users\Israel Luis\Documents\GitHub\GoalOptimized\Database\sub1\IK\IK_sub1_v2_t1.mot (nr=119 nc=40)
[2026-02-16 16:01:03.117] [info] Found 119 state vectors with time stamps ranging from 0.57 to 1.75.
[2026-02-16 16:01:03.117] [info] Executing the analyses from 0.57 to 1.75...
[2026-02-16 16:01:07.501] [info] Printing results of investigation IK_sub1_v2_t1 to C:\Users\Israel Luis\Documents\GitHub\GoalOptimized\ProjectResults\DSE\sub1\multiCycle\Je\MuscleAnalysis
[2026-02-16 16:03:57.197] [info] Updating Model file from 40000 to latest format...
[2026-02-16 16:03:57.215] [info] Loaded model 1_scaled_rajagopal2022 from file C:\Users\Israel Luis\Documents\GitHub\GoalOptimized\Database\sub1\model\model_rajagopal2022_sub1.osim
[2026-02-16 16:03:57.215] [warning] Couldn't find file 'r_pelvis.vtp'.
[2026-02-16 16:03:57.215] [warning] Couldn't find file 'l_pelvis.vtp'.
[2026-02-16 16:03:57.215] [warning] Couldn't find file 'sacrum.vtp'.
[2026-02-16 16:03:57.215] [warning] Couldn't find file 'r_femur.vtp'.
[2026-02-16 16:03:57.215] [warning] Couldn't find file 'r_tibia.vtp'.
[2026-02-16 16:03:57.215] [warning] Couldn't find file 'r_fibula.vtp'.
[2026-02-16 16:03:57.216] [warning] Couldn't find file 'r_patella.vtp'.
[2026-02-16 16:03:57.216] [warning] Couldn't find file 'r_talus.vtp'.
[2026-02-16 16:03:57.216] [warning] Couldn't find file 'r_foot.vtp'.
[2026-02-16 16:03:57.216] [warning] Couldn't find file 'r_bofoot.vtp'.
[2026-02-16 16:03:57.216] [warning] Couldn't find file 'l_femur.vtp'.
[2026-02-16 16:03:57.216] [warning] Couldn't find file 'l_tibia.vtp'.
[2026-02-16 16:03:57.216] [warning] Couldn't find file 'l_fibula.vtp'.
[2026-02-16 16:03:57.216] [warning] Couldn't find file 'l_patella.vtp'.
[2026-02-16 16:03:57.216] [warning] Couldn't find file 'l_talus.vtp'.
[2026-02-16 16:03:57.216] [warning] Couldn't find file 'l_foot.vtp'.
[2026-02-16 16:03:57.216] [warning] Couldn't find file 'l_bofoot.vtp'.
[2026-02-16 16:03:57.216] [warning] Couldn't find file 'hat_spine.vtp'.
[2026-02-16 16:03:57.216] [warning] Couldn't find file 'hat_jaw.vtp'.
[2026-02-16 16:03:57.216] [warning] Couldn't find file 'hat_skull.vtp'.
[2026-02-16 16:03:57.216] [warning] Couldn't find file 'hat_ribs_scap.vtp'.
[2026-02-16 16:03:57.216] [warning] Couldn't find file 'humerus_rv.vtp'.
[2026-02-16 16:03:57.216] [warning] Couldn't find file 'ulna_rv.vtp'.
[2026-02-16 16:03:57.216] [warning] Couldn't find file 'radius_rv.vtp'.
[2026-02-16 16:03:57.216] [warning] Couldn't find file 'pisiform_rvs.vtp'.
[2026-02-16 16:03:57.216] [warning] Couldn't find file 'lunate_rvs.vtp'.
[2026-02-16 16:03:57.216] [warning] Couldn't find file 'scaphoid_rvs.vtp'.
[2026-02-16 16:03:57.216] [warning] Couldn't find file 'triquetrum_rvs.vtp'.
[2026-02-16 16:03:57.216] [warning] Couldn't find file 'hamate_rvs.vtp'.
[2026-02-16 16:03:57.216] [warning] Couldn't find file 'capitate_rvs.vtp'.
[2026-02-16 16:03:57.216] [warning] Couldn't find file 'trapezoid_rvs.vtp'.
[2026-02-16 16:03:57.216] [warning] Couldn't find file 'trapezium_rvs.vtp'.
[2026-02-16 16:03:57.216] [warning] Couldn't find file 'metacarpal2_rvs.vtp'.
[2026-02-16 16:03:57.217] [warning] Couldn't find file 'index_proximal_rvs.vtp'.
[2026-02-16 16:03:57.217] [warning] Couldn't find file 'index_medial_rvs.vtp'.
[2026-02-16 16:03:57.217] [warning] Couldn't find file 'index_distal_rvs.vtp'.
[2026-02-16 16:03:57.217] [warning] Couldn't find file 'metacarpal3_rvs.vtp'.
[2026-02-16 16:03:57.217] [warning] Couldn't find file 'middle_proximal_rvs.vtp'.
[2026-02-16 16:03:57.217] [warning] Couldn't find file 'middle_medial_rvs.vtp'.
[2026-02-16 16:03:57.217] [warning] Couldn't find file 'middle_distal_rvs.vtp'.
[2026-02-16 16:03:57.217] [warning] Couldn't find file 'metacarpal4_rvs.vtp'.
[2026-02-16 16:03:57.217] [warning] Couldn't find file 'ring_proximal_rvs.vtp'.
[2026-02-16 16:03:57.217] [warning] Couldn't find file 'ring_medial_rvs.vtp'.
[2026-02-16 16:03:57.217] [warning] Couldn't find file 'ring_distal_rvs.vtp'.
[2026-02-16 16:03:57.217] [warning] Couldn't find file 'metacarpal5_rvs.vtp'.
[2026-02-16 16:03:57.217] [warning] Couldn't find file 'little_proximal_rvs.vtp'.
[2026-02-16 16:03:57.217] [warning] Couldn't find file 'little_medial_rvs.vtp'.
[2026-02-16 16:03:57.217] [warning] Couldn't find file 'little_distal_rvs.vtp'.
[2026-02-16 16:03:57.217] [warning] Couldn't find file 'metacarpal1_rvs.vtp'.
[2026-02-16 16:03:57.217] [warning] Couldn't find file 'thumb_proximal_rvs.vtp'.
[2026-02-16 16:03:57.217] [warning] Couldn't find file 'thumb_distal_rvs.vtp'.
[2026-02-16 16:03:57.217] [warning] Couldn't find file 'humerus_lv.vtp'.
[2026-02-16 16:03:57.217] [warning] Couldn't find file 'ulna_lv.vtp'.
[2026-02-16 16:03:57.217] [warning] Couldn't find file 'radius_lv.vtp'.
[2026-02-16 16:03:57.217] [warning] Couldn't find file 'pisiform_lvs.vtp'.
[2026-02-16 16:03:57.217] [warning] Couldn't find file 'lunate_lvs.vtp'.
[2026-02-16 16:03:57.217] [warning] Couldn't find file 'scaphoid_lvs.vtp'.
[2026-02-16 16:03:57.217] [warning] Couldn't find file 'triquetrum_lvs.vtp'.
[2026-02-16 16:03:57.217] [warning] Couldn't find file 'hamate_lvs.vtp'.
[2026-02-16 16:03:57.217] [warning] Couldn't find file 'capitate_lvs.vtp'.
[2026-02-16 16:03:57.217] [warning] Couldn't find file 'trapezoid_lvs.vtp'.
[2026-02-16 16:03:57.217] [warning] Couldn't find file 'trapezium_lvs.vtp'.
[2026-02-16 16:03:57.218] [warning] Couldn't find file 'metacarpal2_lvs.vtp'.
[2026-02-16 16:03:57.218] [warning] Couldn't find file 'index_proximal_lvs.vtp'.
[2026-02-16 16:03:57.218] [warning] Couldn't find file 'index_medial_lvs.vtp'.
[2026-02-16 16:03:57.218] [warning] Couldn't find file 'index_distal_lvs.vtp'.
[2026-02-16 16:03:57.218] [warning] Couldn't find file 'metacarpal3_lvs.vtp'.
[2026-02-16 16:03:57.218] [warning] Couldn't find file 'middle_proximal_lvs.vtp'.
[2026-02-16 16:03:57.218] [warning] Couldn't find file 'middle_medial_lvs.vtp'.
[2026-02-16 16:03:57.218] [warning] Couldn't find file 'middle_distal_lvs.vtp'.
[2026-02-16 16:03:57.218] [warning] Couldn't find file 'metacarpal4_lvs.vtp'.
[2026-02-16 16:03:57.218] [warning] Couldn't find file 'ring_proximal_lvs.vtp'.
[2026-02-16 16:03:57.218] [warning] Couldn't find file 'ring_medial_lvs.vtp'.
[2026-02-16 16:03:57.218] [warning] Couldn't find file 'ring_distal_lvs.vtp'.
[2026-02-16 16:03:57.218] [warning] Couldn't find file 'metacarpal5_lvs.vtp'.
[2026-02-16 16:03:57.218] [warning] Couldn't find file 'little_proximal_lvs.vtp'.
[2026-02-16 16:03:57.218] [warning] Couldn't find file 'little_medial_lvs.vtp'.
[2026-02-16 16:03:57.218] [warning] Couldn't find file 'little_distal_lvs.vtp'.
[2026-02-16 16:03:57.218] [warning] Couldn't find file 'metacarpal1_lvs.vtp'.
[2026-02-16 16:03:57.218] [warning] Couldn't find file 'thumb_proximal_lvs.vtp'.
[2026-02-16 16:03:57.218] [warning] Couldn't find file 'thumb_distal_lvs.vtp'.
[2026-02-16 16:03:57.222] [info] AbstractTool IK_sub1_v2_t1 loading model C:\Users\Israel Luis\Documents\GitHub\GoalOptimized\Database\sub1\model\model_rajagopal2022_sub1.osim
[2026-02-16 16:03:57.235] [info] Updating Model file from 40000 to latest format...
[2026-02-16 16:03:57.252] [info] Loaded model 1_scaled_rajagopal2022 from file C:\Users\Israel Luis\Documents\GitHub\GoalOptimized\Database\sub1\model\model_rajagopal2022_sub1.osim
[2026-02-16 16:03:57.252] [warning] Couldn't find file 'r_pelvis.vtp'.
[2026-02-16 16:03:57.252] [warning] Couldn't find file 'l_pelvis.vtp'.
[2026-02-16 16:03:57.252] [warning] Couldn't find file 'sacrum.vtp'.
[2026-02-16 16:03:57.252] [warning] Couldn't find file 'r_femur.vtp'.
[2026-02-16 16:03:57.252] [warning] Couldn't find file 'r_tibia.vtp'.
[2026-02-16 16:03:57.252] [warning] Couldn't find file 'r_fibula.vtp'.
[2026-02-16 16:03:57.252] [warning] Couldn't find file 'r_patella.vtp'.
[2026-02-16 16:03:57.252] [warning] Couldn't find file 'r_talus.vtp'.
[2026-02-16 16:03:57.252] [warning] Couldn't find file 'r_foot.vtp'.
[2026-02-16 16:03:57.252] [warning] Couldn't find file 'r_bofoot.vtp'.
[2026-02-16 16:03:57.252] [warning] Couldn't find file 'l_femur.vtp'.
[2026-02-16 16:03:57.252] [warning] Couldn't find file 'l_tibia.vtp'.
[2026-02-16 16:03:57.252] [warning] Couldn't find file 'l_fibula.vtp'.
[2026-02-16 16:03:57.252] [warning] Couldn't find file 'l_patella.vtp'.
[2026-02-16 16:03:57.252] [warning] Couldn't find file 'l_talus.vtp'.
[2026-02-16 16:03:57.252] [warning] Couldn't find file 'l_foot.vtp'.
[2026-02-16 16:03:57.253] [warning] Couldn't find file 'l_bofoot.vtp'.
[2026-02-16 16:03:57.253] [warning] Couldn't find file 'hat_spine.vtp'.
[2026-02-16 16:03:57.253] [warning] Couldn't find file 'hat_jaw.vtp'.
[2026-02-16 16:03:57.253] [warning] Couldn't find file 'hat_skull.vtp'.
[2026-02-16 16:03:57.253] [warning] Couldn't find file 'hat_ribs_scap.vtp'.
[2026-02-16 16:03:57.253] [warning] Couldn't find file 'humerus_rv.vtp'.
[2026-02-16 16:03:57.253] [warning] Couldn't find file 'ulna_rv.vtp'.
[2026-02-16 16:03:57.253] [warning] Couldn't find file 'radius_rv.vtp'.
[2026-02-16 16:03:57.253] [warning] Couldn't find file 'pisiform_rvs.vtp'.
[2026-02-16 16:03:57.253] [warning] Couldn't find file 'lunate_rvs.vtp'.
[2026-02-16 16:03:57.253] [warning] Couldn't find file 'scaphoid_rvs.vtp'.
[2026-02-16 16:03:57.253] [warning] Couldn't find file 'triquetrum_rvs.vtp'.
[2026-02-16 16:03:57.253] [warning] Couldn't find file 'hamate_rvs.vtp'.
[2026-02-16 16:03:57.253] [warning] Couldn't find file 'capitate_rvs.vtp'.
[2026-02-16 16:03:57.253] [warning] Couldn't find file 'trapezoid_rvs.vtp'.
[2026-02-16 16:03:57.253] [warning] Couldn't find file 'trapezium_rvs.vtp'.
[2026-02-16 16:03:57.253] [warning] Couldn't find file 'metacarpal2_rvs.vtp'.
[2026-02-16 16:03:57.253] [warning] Couldn't find file 'index_proximal_rvs.vtp'.
[2026-02-16 16:03:57.253] [warning] Couldn't find file 'index_medial_rvs.vtp'.
[2026-02-16 16:03:57.253] [warning] Couldn't find file 'index_distal_rvs.vtp'.
[2026-02-16 16:03:57.253] [warning] Couldn't find file 'metacarpal3_rvs.vtp'.
[2026-02-16 16:03:57.253] [warning] Couldn't find file 'middle_proximal_rvs.vtp'.
[2026-02-16 16:03:57.253] [warning] Couldn't find file 'middle_medial_rvs.vtp'.
[2026-02-16 16:03:57.253] [warning] Couldn't find file 'middle_distal_rvs.vtp'.
[2026-02-16 16:03:57.253] [warning] Couldn't find file 'metacarpal4_rvs.vtp'.
[2026-02-16 16:03:57.253] [warning] Couldn't find file 'ring_proximal_rvs.vtp'.
[2026-02-16 16:03:57.253] [warning] Couldn't find file 'ring_medial_rvs.vtp'.
[2026-02-16 16:03:57.253] [warning] Couldn't find file 'ring_distal_rvs.vtp'.
[2026-02-16 16:03:57.253] [warning] Couldn't find file 'metacarpal5_rvs.vtp'.
[2026-02-16 16:03:57.254] [warning] Couldn't find file 'little_proximal_rvs.vtp'.
[2026-02-16 16:03:57.254] [warning] Couldn't find file 'little_medial_rvs.vtp'.
[2026-02-16 16:03:57.254] [warning] Couldn't find file 'little_distal_rvs.vtp'.
[2026-02-16 16:03:57.254] [warning] Couldn't find file 'metacarpal1_rvs.vtp'.
[2026-02-16 16:03:57.254] [warning] Couldn't find file 'thumb_proximal_rvs.vtp'.
[2026-02-16 16:03:57.254] [warning] Couldn't find file 'thumb_distal_rvs.vtp'.
[2026-02-16 16:03:57.254] [warning] Couldn't find file 'humerus_lv.vtp'.
[2026-02-16 16:03:57.254] [warning] Couldn't find file 'ulna_lv.vtp'.
[2026-02-16 16:03:57.254] [warning] Couldn't find file 'radius_lv.vtp'.
[2026-02-16 16:03:57.254] [warning] Couldn't find file 'pisiform_lvs.vtp'.
[2026-02-16 16:03:57.254] [warning] Couldn't find file 'lunate_lvs.vtp'.
[2026-02-16 16:03:57.254] [warning] Couldn't find file 'scaphoid_lvs.vtp'.
[2026-02-16 16:03:57.254] [warning] Couldn't find file 'triquetrum_lvs.vtp'.
[2026-02-16 16:03:57.254] [warning] Couldn't find file 'hamate_lvs.vtp'.
[2026-02-16 16:03:57.254] [warning] Couldn't find file 'capitate_lvs.vtp'.
[2026-02-16 16:03:57.254] [warning] Couldn't find file 'trapezoid_lvs.vtp'.
[2026-02-16 16:03:57.254] [warning] Couldn't find file 'trapezium_lvs.vtp'.
[2026-02-16 16:03:57.254] [warning] Couldn't find file 'metacarpal2_lvs.vtp'.
[2026-02-16 16:03:57.254] [warning] Couldn't find file 'index_proximal_lvs.vtp'.
[2026-02-16 16:03:57.254] [warning] Couldn't find file 'index_medial_lvs.vtp'.
[2026-02-16 16:03:57.254] [warning] Couldn't find file 'index_distal_lvs.vtp'.
[2026-02-16 16:03:57.254] [warning] Couldn't find file 'metacarpal3_lvs.vtp'.
[2026-02-16 16:03:57.254] [warning] Couldn't find file 'middle_proximal_lvs.vtp'.
[2026-02-16 16:03:57.254] [warning] Couldn't find file 'middle_medial_lvs.vtp'.
[2026-02-16 16:03:57.254] [warning] Couldn't find file 'middle_distal_lvs.vtp'.
[2026-02-16 16:03:57.254] [warning] Couldn't find file 'metacarpal4_lvs.vtp'.
[2026-02-16 16:03:57.254] [warning] Couldn't find file 'ring_proximal_lvs.vtp'.
[2026-02-16 16:03:57.254] [warning] Couldn't find file 'ring_medial_lvs.vtp'.
[2026-02-16 16:03:57.255] [warning] Couldn't find file 'ring_distal_lvs.vtp'.
[2026-02-16 16:03:57.255] [warning] Couldn't find file 'metacarpal5_lvs.vtp'.
[2026-02-16 16:03:57.255] [warning] Couldn't find file 'little_proximal_lvs.vtp'.
[2026-02-16 16:03:57.255] [warning] Couldn't find file 'little_medial_lvs.vtp'.
[2026-02-16 16:03:57.255] [warning] Couldn't find file 'little_distal_lvs.vtp'.
[2026-02-16 16:03:57.255] [warning] Couldn't find file 'metacarpal1_lvs.vtp'.
[2026-02-16 16:03:57.255] [warning] Couldn't find file 'thumb_proximal_lvs.vtp'.
[2026-02-16 16:03:57.255] [warning] Couldn't find file 'thumb_distal_lvs.vtp'.
[2026-02-16 16:03:57.259] [info] No external loads will be applied (external loads file not specified).
[2026-02-16 16:03:57.270] [info] Loading coordinates from file 'C:\Users\Israel Luis\Documents\GitHub\GoalOptimized\Database\sub1\IK\IK_sub1_v2_t1.mot'.
[2026-02-16 16:03:57.270] [info] Storage: read data file = C:\Users\Israel Luis\Documents\GitHub\GoalOptimized\Database\sub1\IK\IK_sub1_v2_t1.mot (nr=119 nc=40)
[2026-02-16 16:03:57.837] [info] Found 119 state vectors with time stamps ranging from 0.57 to 1.75.
[2026-02-16 16:03:57.837] [info] Executing the analyses from 0.57 to 1.75...
[2026-02-16 16:04:02.292] [info] Printing results of investigation IK_sub1_v2_t1 to C:\Users\Israel Luis\Documents\GitHub\GoalOptimized\ProjectResults\DSE\sub1\multiCycle\Je\MuscleAnalysis
[2026-02-16 16:04:37.925] [info] Updating Model file from 40000 to latest format...
[2026-02-16 16:04:37.944] [info] Loaded model 1_scaled_rajagopal2022 from file C:\Users\Israel Luis\Documents\GitHub\GoalOptimized\Database\sub1\model\model_rajagopal2022_sub1.osim
[2026-02-16 16:04:37.945] [warning] Couldn't find file 'r_pelvis.vtp'.
[2026-02-16 16:04:37.945] [warning] Couldn't find file 'l_pelvis.vtp'.
[2026-02-16 16:04:37.945] [warning] Couldn't find file 'sacrum.vtp'.
[2026-02-16 16:04:37.945] [warning] Couldn't find file 'r_femur.vtp'.
[2026-02-16 16:04:37.945] [warning] Couldn't find file 'r_tibia.vtp'.
[2026-02-16 16:04:37.945] [warning] Couldn't find file 'r_fibula.vtp'.
[2026-02-16 16:04:37.945] [warning] Couldn't find file 'r_patella.vtp'.
[2026-02-16 16:04:37.945] [warning] Couldn't find file 'r_talus.vtp'.
[2026-02-16 16:04:37.945] [warning] Couldn't find file 'r_foot.vtp'.
[2026-02-16 16:04:37.945] [warning] Couldn't find file 'r_bofoot.vtp'.
[2026-02-16 16:04:37.945] [warning] Couldn't find file 'l_femur.vtp'.
[2026-02-16 16:04:37.945] [warning] Couldn't find file 'l_tibia.vtp'.
[2026-02-16 16:04:37.945] [warning] Couldn't find file 'l_fibula.vtp'.
[2026-02-16 16:04:37.945] [warning] Couldn't find file 'l_patella.vtp'.
[2026-02-16 16:04:37.945] [warning] Couldn't find file 'l_talus.vtp'.
[2026-02-16 16:04:37.945] [warning] Couldn't find file 'l_foot.vtp'.
[2026-02-16 16:04:37.945] [warning] Couldn't find file 'l_bofoot.vtp'.
[2026-02-16 16:04:37.945] [warning] Couldn't find file 'hat_spine.vtp'.
[2026-02-16 16:04:37.945] [warning] Couldn't find file 'hat_jaw.vtp'.
[2026-02-16 16:04:37.945] [warning] Couldn't find file 'hat_skull.vtp'.
[2026-02-16 16:04:37.946] [warning] Couldn't find file 'hat_ribs_scap.vtp'.
[2026-02-16 16:04:37.946] [warning] Couldn't find file 'humerus_rv.vtp'.
[2026-02-16 16:04:37.946] [warning] Couldn't find file 'ulna_rv.vtp'.
[2026-02-16 16:04:37.946] [warning] Couldn't find file 'radius_rv.vtp'.
[2026-02-16 16:04:37.946] [warning] Couldn't find file 'pisiform_rvs.vtp'.
[2026-02-16 16:04:37.946] [warning] Couldn't find file 'lunate_rvs.vtp'.
[2026-02-16 16:04:37.946] [warning] Couldn't find file 'scaphoid_rvs.vtp'.
[2026-02-16 16:04:37.946] [warning] Couldn't find file 'triquetrum_rvs.vtp'.
[2026-02-16 16:04:37.946] [warning] Couldn't find file 'hamate_rvs.vtp'.
[2026-02-16 16:04:37.946] [warning] Couldn't find file 'capitate_rvs.vtp'.
[2026-02-16 16:04:37.946] [warning] Couldn't find file 'trapezoid_rvs.vtp'.
[2026-02-16 16:04:37.946] [warning] Couldn't find file 'trapezium_rvs.vtp'.
[2026-02-16 16:04:37.946] [warning] Couldn't find file 'metacarpal2_rvs.vtp'.
[2026-02-16 16:04:37.946] [warning] Couldn't find file 'index_proximal_rvs.vtp'.
[2026-02-16 16:04:37.946] [warning] Couldn't find file 'index_medial_rvs.vtp'.
[2026-02-16 16:04:37.946] [warning] Couldn't find file 'index_distal_rvs.vtp'.
[2026-02-16 16:04:37.946] [warning] Couldn't find file 'metacarpal3_rvs.vtp'.
[2026-02-16 16:04:37.946] [warning] Couldn't find file 'middle_proximal_rvs.vtp'.
[2026-02-16 16:04:37.946] [warning] Couldn't find file 'middle_medial_rvs.vtp'.
[2026-02-16 16:04:37.946] [warning] Couldn't find file 'middle_distal_rvs.vtp'.
[2026-02-16 16:04:37.946] [warning] Couldn't find file 'metacarpal4_rvs.vtp'.
[2026-02-16 16:04:37.946] [warning] Couldn't find file 'ring_proximal_rvs.vtp'.
[2026-02-16 16:04:37.946] [warning] Couldn't find file 'ring_medial_rvs.vtp'.
[2026-02-16 16:04:37.946] [warning] Couldn't find file 'ring_distal_rvs.vtp'.
[2026-02-16 16:04:37.946] [warning] Couldn't find file 'metacarpal5_rvs.vtp'.
[2026-02-16 16:04:37.946] [warning] Couldn't find file 'little_proximal_rvs.vtp'.
[2026-02-16 16:04:37.946] [warning] Couldn't find file 'little_medial_rvs.vtp'.
[2026-02-16 16:04:37.947] [warning] Couldn't find file 'little_distal_rvs.vtp'.
[2026-02-16 16:04:37.947] [warning] Couldn't find file 'metacarpal1_rvs.vtp'.
[2026-02-16 16:04:37.947] [warning] Couldn't find file 'thumb_proximal_rvs.vtp'.
[2026-02-16 16:04:37.947] [warning] Couldn't find file 'thumb_distal_rvs.vtp'.
[2026-02-16 16:04:37.947] [warning] Couldn't find file 'humerus_lv.vtp'.
[2026-02-16 16:04:37.947] [warning] Couldn't find file 'ulna_lv.vtp'.
[2026-02-16 16:04:37.947] [warning] Couldn't find file 'radius_lv.vtp'.
[2026-02-16 16:04:37.947] [warning] Couldn't find file 'pisiform_lvs.vtp'.
[2026-02-16 16:04:37.947] [warning] Couldn't find file 'lunate_lvs.vtp'.
[2026-02-16 16:04:37.947] [warning] Couldn't find file 'scaphoid_lvs.vtp'.
[2026-02-16 16:04:37.947] [warning] Couldn't find file 'triquetrum_lvs.vtp'.
[2026-02-16 16:04:37.947] [warning] Couldn't find file 'hamate_lvs.vtp'.
[2026-02-16 16:04:37.947] [warning] Couldn't find file 'capitate_lvs.vtp'.
[2026-02-16 16:04:37.947] [warning] Couldn't find file 'trapezoid_lvs.vtp'.
[2026-02-16 16:04:37.947] [warning] Couldn't find file 'trapezium_lvs.vtp'.
[2026-02-16 16:04:37.947] [warning] Couldn't find file 'metacarpal2_lvs.vtp'.
[2026-02-16 16:04:37.947] [warning] Couldn't find file 'index_proximal_lvs.vtp'.
[2026-02-16 16:04:37.947] [warning] Couldn't find file 'index_medial_lvs.vtp'.
[2026-02-16 16:04:37.947] [warning] Couldn't find file 'index_distal_lvs.vtp'.
[2026-02-16 16:04:37.947] [warning] Couldn't find file 'metacarpal3_lvs.vtp'.
[2026-02-16 16:04:37.947] [warning] Couldn't find file 'middle_proximal_lvs.vtp'.
[2026-02-16 16:04:37.947] [warning] Couldn't find file 'middle_medial_lvs.vtp'.
[2026-02-16 16:04:37.947] [warning] Couldn't find file 'middle_distal_lvs.vtp'.
[2026-02-16 16:04:37.947] [warning] Couldn't find file 'metacarpal4_lvs.vtp'.
[2026-02-16 16:04:37.947] [warning] Couldn't find file 'ring_proximal_lvs.vtp'.
[2026-02-16 16:04:37.947] [warning] Couldn't find file 'ring_medial_lvs.vtp'.
[2026-02-16 16:04:37.947] [warning] Couldn't find file 'ring_distal_lvs.vtp'.
[2026-02-16 16:04:37.948] [warning] Couldn't find file 'metacarpal5_lvs.vtp'.
[2026-02-16 16:04:37.948] [warning] Couldn't find file 'little_proximal_lvs.vtp'.
[2026-02-16 16:04:37.948] [warning] Couldn't find file 'little_medial_lvs.vtp'.
[2026-02-16 16:04:37.948] [warning] Couldn't find file 'little_distal_lvs.vtp'.
[2026-02-16 16:04:37.948] [warning] Couldn't find file 'metacarpal1_lvs.vtp'.
[2026-02-16 16:04:37.948] [warning] Couldn't find file 'thumb_proximal_lvs.vtp'.
[2026-02-16 16:04:37.948] [warning] Couldn't find file 'thumb_distal_lvs.vtp'.
[2026-02-16 16:04:37.961] [info] AbstractTool IK_sub1_v2_t2 loading model C:\Users\Israel Luis\Documents\GitHub\GoalOptimized\Database\sub1\model\model_rajagopal2022_sub1.osim
[2026-02-16 16:04:37.975] [info] Updating Model file from 40000 to latest format...
[2026-02-16 16:04:37.993] [info] Loaded model 1_scaled_rajagopal2022 from file C:\Users\Israel Luis\Documents\GitHub\GoalOptimized\Database\sub1\model\model_rajagopal2022_sub1.osim
[2026-02-16 16:04:37.994] [warning] Couldn't find file 'r_pelvis.vtp'.
[2026-02-16 16:04:37.994] [warning] Couldn't find file 'l_pelvis.vtp'.
[2026-02-16 16:04:37.994] [warning] Couldn't find file 'sacrum.vtp'.
[2026-02-16 16:04:37.994] [warning] Couldn't find file 'r_femur.vtp'.
[2026-02-16 16:04:37.994] [warning] Couldn't find file 'r_tibia.vtp'.
[2026-02-16 16:04:37.994] [warning] Couldn't find file 'r_fibula.vtp'.
[2026-02-16 16:04:37.994] [warning] Couldn't find file 'r_patella.vtp'.
[2026-02-16 16:04:37.994] [warning] Couldn't find file 'r_talus.vtp'.
[2026-02-16 16:04:37.994] [warning] Couldn't find file 'r_foot.vtp'.
[2026-02-16 16:04:37.994] [warning] Couldn't find file 'r_bofoot.vtp'.
[2026-02-16 16:04:37.994] [warning] Couldn't find file 'l_femur.vtp'.
[2026-02-16 16:04:37.994] [warning] Couldn't find file 'l_tibia.vtp'.
[2026-02-16 16:04:37.994] [warning] Couldn't find file 'l_fibula.vtp'.
[2026-02-16 16:04:37.994] [warning] Couldn't find file 'l_patella.vtp'.
[2026-02-16 16:04:37.994] [warning] Couldn't find file 'l_talus.vtp'.
[2026-02-16 16:04:37.994] [warning] Couldn't find file 'l_foot.vtp'.
[2026-02-16 16:04:37.994] [warning] Couldn't find file 'l_bofoot.vtp'.
[2026-02-16 16:04:37.994] [warning] Couldn't find file 'hat_spine.vtp'.
[2026-02-16 16:04:37.994] [warning] Couldn't find file 'hat_jaw.vtp'.
[2026-02-16 16:04:37.994] [warning] Couldn't find file 'hat_skull.vtp'.
[2026-02-16 16:04:37.994] [warning] Couldn't find file 'hat_ribs_scap.vtp'.
[2026-02-16 16:04:37.994] [warning] Couldn't find file 'humerus_rv.vtp'.
[2026-02-16 16:04:37.995] [warning] Couldn't find file 'ulna_rv.vtp'.
[2026-02-16 16:04:37.995] [warning] Couldn't find file 'radius_rv.vtp'.
[2026-02-16 16:04:37.995] [warning] Couldn't find file 'pisiform_rvs.vtp'.
[2026-02-16 16:04:37.995] [warning] Couldn't find file 'lunate_rvs.vtp'.
[2026-02-16 16:04:37.995] [warning] Couldn't find file 'scaphoid_rvs.vtp'.
[2026-02-16 16:04:37.995] [warning] Couldn't find file 'triquetrum_rvs.vtp'.
[2026-02-16 16:04:37.995] [warning] Couldn't find file 'hamate_rvs.vtp'.
[2026-02-16 16:04:37.995] [warning] Couldn't find file 'capitate_rvs.vtp'.
[2026-02-16 16:04:37.995] [warning] Couldn't find file 'trapezoid_rvs.vtp'.
[2026-02-16 16:04:37.995] [warning] Couldn't find file 'trapezium_rvs.vtp'.
[2026-02-16 16:04:37.995] [warning] Couldn't find file 'metacarpal2_rvs.vtp'.
[2026-02-16 16:04:37.995] [warning] Couldn't find file 'index_proximal_rvs.vtp'.
[2026-02-16 16:04:37.995] [warning] Couldn't find file 'index_medial_rvs.vtp'.
[2026-02-16 16:04:37.995] [warning] Couldn't find file 'index_distal_rvs.vtp'.
[2026-02-16 16:04:37.995] [warning] Couldn't find file 'metacarpal3_rvs.vtp'.
[2026-02-16 16:04:37.995] [warning] Couldn't find file 'middle_proximal_rvs.vtp'.
[2026-02-16 16:04:37.995] [warning] Couldn't find file 'middle_medial_rvs.vtp'.
[2026-02-16 16:04:37.995] [warning] Couldn't find file 'middle_distal_rvs.vtp'.
[2026-02-16 16:04:37.995] [warning] Couldn't find file 'metacarpal4_rvs.vtp'.
[2026-02-16 16:04:37.995] [warning] Couldn't find file 'ring_proximal_rvs.vtp'.
[2026-02-16 16:04:37.995] [warning] Couldn't find file 'ring_medial_rvs.vtp'.
[2026-02-16 16:04:37.995] [warning] Couldn't find file 'ring_distal_rvs.vtp'.
[2026-02-16 16:04:37.995] [warning] Couldn't find file 'metacarpal5_rvs.vtp'.
[2026-02-16 16:04:37.995] [warning] Couldn't find file 'little_proximal_rvs.vtp'.
[2026-02-16 16:04:37.995] [warning] Couldn't find file 'little_medial_rvs.vtp'.
[2026-02-16 16:04:37.995] [warning] Couldn't find file 'little_distal_rvs.vtp'.
[2026-02-16 16:04:37.995] [warning] Couldn't find file 'metacarpal1_rvs.vtp'.
[2026-02-16 16:04:37.995] [warning] Couldn't find file 'thumb_proximal_rvs.vtp'.
[2026-02-16 16:04:37.996] [warning] Couldn't find file 'thumb_distal_rvs.vtp'.
[2026-02-16 16:04:37.996] [warning] Couldn't find file 'humerus_lv.vtp'.
[2026-02-16 16:04:37.996] [warning] Couldn't find file 'ulna_lv.vtp'.
[2026-02-16 16:04:37.996] [warning] Couldn't find file 'radius_lv.vtp'.
[2026-02-16 16:04:37.996] [warning] Couldn't find file 'pisiform_lvs.vtp'.
[2026-02-16 16:04:37.996] [warning] Couldn't find file 'lunate_lvs.vtp'.
[2026-02-16 16:04:37.996] [warning] Couldn't find file 'scaphoid_lvs.vtp'.
[2026-02-16 16:04:37.996] [warning] Couldn't find file 'triquetrum_lvs.vtp'.
[2026-02-16 16:04:37.996] [warning] Couldn't find file 'hamate_lvs.vtp'.
[2026-02-16 16:04:37.996] [warning] Couldn't find file 'capitate_lvs.vtp'.
[2026-02-16 16:04:37.996] [warning] Couldn't find file 'trapezoid_lvs.vtp'.
[2026-02-16 16:04:37.996] [warning] Couldn't find file 'trapezium_lvs.vtp'.
[2026-02-16 16:04:37.996] [warning] Couldn't find file 'metacarpal2_lvs.vtp'.
[2026-02-16 16:04:37.996] [warning] Couldn't find file 'index_proximal_lvs.vtp'.
[2026-02-16 16:04:37.996] [warning] Couldn't find file 'index_medial_lvs.vtp'.
[2026-02-16 16:04:37.996] [warning] Couldn't find file 'index_distal_lvs.vtp'.
[2026-02-16 16:04:37.996] [warning] Couldn't find file 'metacarpal3_lvs.vtp'.
[2026-02-16 16:04:37.996] [warning] Couldn't find file 'middle_proximal_lvs.vtp'.
[2026-02-16 16:04:37.996] [warning] Couldn't find file 'middle_medial_lvs.vtp'.
[2026-02-16 16:04:37.996] [warning] Couldn't find file 'middle_distal_lvs.vtp'.
[2026-02-16 16:04:37.996] [warning] Couldn't find file 'metacarpal4_lvs.vtp'.
[2026-02-16 16:04:37.996] [warning] Couldn't find file 'ring_proximal_lvs.vtp'.
[2026-02-16 16:04:37.996] [warning] Couldn't find file 'ring_medial_lvs.vtp'.
[2026-02-16 16:04:37.996] [warning] Couldn't find file 'ring_distal_lvs.vtp'.
[2026-02-16 16:04:37.996] [warning] Couldn't find file 'metacarpal5_lvs.vtp'.
[2026-02-16 16:04:37.996] [warning] Couldn't find file 'little_proximal_lvs.vtp'.
[2026-02-16 16:04:37.996] [warning] Couldn't find file 'little_medial_lvs.vtp'.
[2026-02-16 16:04:37.996] [warning] Couldn't find file 'little_distal_lvs.vtp'.
[2026-02-16 16:04:37.996] [warning] Couldn't find file 'metacarpal1_lvs.vtp'.
[2026-02-16 16:04:37.997] [warning] Couldn't find file 'thumb_proximal_lvs.vtp'.
[2026-02-16 16:04:37.997] [warning] Couldn't find file 'thumb_distal_lvs.vtp'.
[2026-02-16 16:04:38.001] [info] No external loads will be applied (external loads file not specified).
[2026-02-16 16:04:38.013] [info] Loading coordinates from file 'C:\Users\Israel Luis\Documents\GitHub\GoalOptimized\Database\sub1\IK\IK_sub1_v2_t2.mot'.
[2026-02-16 16:04:38.013] [info] Storage: read data file = C:\Users\Israel Luis\Documents\GitHub\GoalOptimized\Database\sub1\IK\IK_sub1_v2_t2.mot (nr=118 nc=40)
[2026-02-16 16:04:38.571] [info] Found 118 state vectors with time stamps ranging from 0.04 to 1.21.
[2026-02-16 16:04:38.571] [info] Executing the analyses from 0.04 to 1.21...
[2026-02-16 16:04:42.902] [info] Printing results of investigation IK_sub1_v2_t2 to C:\Users\Israel Luis\Documents\GitHub\GoalOptimized\ProjectResults\DSE\sub1\multiCycle\Je\MuscleAnalysis
[2026-02-16 16:05:07.369] [info] Updating Model file from 40000 to latest format...
[2026-02-16 16:05:07.387] [info] Loaded model 1_scaled_rajagopal2022 from file C:\Users\Israel Luis\Documents\GitHub\GoalOptimized\Database\sub1\model\model_rajagopal2022_sub1.osim
[2026-02-16 16:05:07.388] [warning] Couldn't find file 'r_pelvis.vtp'.
[2026-02-16 16:05:07.388] [warning] Couldn't find file 'l_pelvis.vtp'.
[2026-02-16 16:05:07.388] [warning] Couldn't find file 'sacrum.vtp'.
[2026-02-16 16:05:07.388] [warning] Couldn't find file 'r_femur.vtp'.
[2026-02-16 16:05:07.388] [warning] Couldn't find file 'r_tibia.vtp'.
[2026-02-16 16:05:07.388] [warning] Couldn't find file 'r_fibula.vtp'.
[2026-02-16 16:05:07.388] [warning] Couldn't find file 'r_patella.vtp'.
[2026-02-16 16:05:07.388] [warning] Couldn't find file 'r_talus.vtp'.
[2026-02-16 16:05:07.388] [warning] Couldn't find file 'r_foot.vtp'.
[2026-02-16 16:05:07.388] [warning] Couldn't find file 'r_bofoot.vtp'.
[2026-02-16 16:05:07.388] [warning] Couldn't find file 'l_femur.vtp'.
[2026-02-16 16:05:07.388] [warning] Couldn't find file 'l_tibia.vtp'.
[2026-02-16 16:05:07.388] [warning] Couldn't find file 'l_fibula.vtp'.
[2026-02-16 16:05:07.388] [warning] Couldn't find file 'l_patella.vtp'.
[2026-02-16 16:05:07.388] [warning] Couldn't find file 'l_talus.vtp'.
[2026-02-16 16:05:07.388] [warning] Couldn't find file 'l_foot.vtp'.
[2026-02-16 16:05:07.388] [warning] Couldn't find file 'l_bofoot.vtp'.
[2026-02-16 16:05:07.388] [warning] Couldn't find file 'hat_spine.vtp'.
[2026-02-16 16:05:07.388] [warning] Couldn't find file 'hat_jaw.vtp'.
[2026-02-16 16:05:07.388] [warning] Couldn't find file 'hat_skull.vtp'.
[2026-02-16 16:05:07.388] [warning] Couldn't find file 'hat_ribs_scap.vtp'.
[2026-02-16 16:05:07.389] [warning] Couldn't find file 'humerus_rv.vtp'.
[2026-02-16 16:05:07.389] [warning] Couldn't find file 'ulna_rv.vtp'.
[2026-02-16 16:05:07.389] [warning] Couldn't find file 'radius_rv.vtp'.
[2026-02-16 16:05:07.389] [warning] Couldn't find file 'pisiform_rvs.vtp'.
[2026-02-16 16:05:07.389] [warning] Couldn't find file 'lunate_rvs.vtp'.
[2026-02-16 16:05:07.389] [warning] Couldn't find file 'scaphoid_rvs.vtp'.
[2026-02-16 16:05:07.389] [warning] Couldn't find file 'triquetrum_rvs.vtp'.
[2026-02-16 16:05:07.389] [warning] Couldn't find file 'hamate_rvs.vtp'.
[2026-02-16 16:05:07.389] [warning] Couldn't find file 'capitate_rvs.vtp'.
[2026-02-16 16:05:07.389] [warning] Couldn't find file 'trapezoid_rvs.vtp'.
[2026-02-16 16:05:07.389] [warning] Couldn't find file 'trapezium_rvs.vtp'.
[2026-02-16 16:05:07.389] [warning] Couldn't find file 'metacarpal2_rvs.vtp'.
[2026-02-16 16:05:07.389] [warning] Couldn't find file 'index_proximal_rvs.vtp'.
[2026-02-16 16:05:07.389] [warning] Couldn't find file 'index_medial_rvs.vtp'.
[2026-02-16 16:05:07.389] [warning] Couldn't find file 'index_distal_rvs.vtp'.
[2026-02-16 16:05:07.389] [warning] Couldn't find file 'metacarpal3_rvs.vtp'.
[2026-02-16 16:05:07.389] [warning] Couldn't find file 'middle_proximal_rvs.vtp'.
[2026-02-16 16:05:07.389] [warning] Couldn't find file 'middle_medial_rvs.vtp'.
[2026-02-16 16:05:07.389] [warning] Couldn't find file 'middle_distal_rvs.vtp'.
[2026-02-16 16:05:07.389] [warning] Couldn't find file 'metacarpal4_rvs.vtp'.
[2026-02-16 16:05:07.389] [warning] Couldn't find file 'ring_proximal_rvs.vtp'.
[2026-02-16 16:05:07.389] [warning] Couldn't find file 'ring_medial_rvs.vtp'.
[2026-02-16 16:05:07.389] [warning] Couldn't find file 'ring_distal_rvs.vtp'.
[2026-02-16 16:05:07.389] [warning] Couldn't find file 'metacarpal5_rvs.vtp'.
[2026-02-16 16:05:07.389] [warning] Couldn't find file 'little_proximal_rvs.vtp'.
[2026-02-16 16:05:07.389] [warning] Couldn't find file 'little_medial_rvs.vtp'.
[2026-02-16 16:05:07.389] [warning] Couldn't find file 'little_distal_rvs.vtp'.
[2026-02-16 16:05:07.390] [warning] Couldn't find file 'metacarpal1_rvs.vtp'.
[2026-02-16 16:05:07.390] [warning] Couldn't find file 'thumb_proximal_rvs.vtp'.
[2026-02-16 16:05:07.390] [warning] Couldn't find file 'thumb_distal_rvs.vtp'.
[2026-02-16 16:05:07.390] [warning] Couldn't find file 'humerus_lv.vtp'.
[2026-02-16 16:05:07.390] [warning] Couldn't find file 'ulna_lv.vtp'.
[2026-02-16 16:05:07.390] [warning] Couldn't find file 'radius_lv.vtp'.
[2026-02-16 16:05:07.390] [warning] Couldn't find file 'pisiform_lvs.vtp'.
[2026-02-16 16:05:07.390] [warning] Couldn't find file 'lunate_lvs.vtp'.
[2026-02-16 16:05:07.390] [warning] Couldn't find file 'scaphoid_lvs.vtp'.
[2026-02-16 16:05:07.390] [warning] Couldn't find file 'triquetrum_lvs.vtp'.
[2026-02-16 16:05:07.390] [warning] Couldn't find file 'hamate_lvs.vtp'.
[2026-02-16 16:05:07.390] [warning] Couldn't find file 'capitate_lvs.vtp'.
[2026-02-16 16:05:07.390] [warning] Couldn't find file 'trapezoid_lvs.vtp'.
[2026-02-16 16:05:07.390] [warning] Couldn't find file 'trapezium_lvs.vtp'.
[2026-02-16 16:05:07.390] [warning] Couldn't find file 'metacarpal2_lvs.vtp'.
[2026-02-16 16:05:07.390] [warning] Couldn't find file 'index_proximal_lvs.vtp'.
[2026-02-16 16:05:07.390] [warning] Couldn't find file 'index_medial_lvs.vtp'.
[2026-02-16 16:05:07.390] [warning] Couldn't find file 'index_distal_lvs.vtp'.
[2026-02-16 16:05:07.390] [warning] Couldn't find file 'metacarpal3_lvs.vtp'.
[2026-02-16 16:05:07.390] [warning] Couldn't find file 'middle_proximal_lvs.vtp'.
[2026-02-16 16:05:07.390] [warning] Couldn't find file 'middle_medial_lvs.vtp'.
[2026-02-16 16:05:07.390] [warning] Couldn't find file 'middle_distal_lvs.vtp'.
[2026-02-16 16:05:07.390] [warning] Couldn't find file 'metacarpal4_lvs.vtp'.
[2026-02-16 16:05:07.390] [warning] Couldn't find file 'ring_proximal_lvs.vtp'.
[2026-02-16 16:05:07.390] [warning] Couldn't find file 'ring_medial_lvs.vtp'.
[2026-02-16 16:05:07.390] [warning] Couldn't find file 'ring_distal_lvs.vtp'.
[2026-02-16 16:05:07.390] [warning] Couldn't find file 'metacarpal5_lvs.vtp'.
[2026-02-16 16:05:07.390] [warning] Couldn't find file 'little_proximal_lvs.vtp'.
[2026-02-16 16:05:07.391] [warning] Couldn't find file 'little_medial_lvs.vtp'.
[2026-02-16 16:05:07.391] [warning] Couldn't find file 'little_distal_lvs.vtp'.
[2026-02-16 16:05:07.391] [warning] Couldn't find file 'metacarpal1_lvs.vtp'.
[2026-02-16 16:05:07.391] [warning] Couldn't find file 'thumb_proximal_lvs.vtp'.
[2026-02-16 16:05:07.391] [warning] Couldn't find file 'thumb_distal_lvs.vtp'.
[2026-02-16 16:05:07.404] [info] AbstractTool IK_sub1_v2_t3 loading model C:\Users\Israel Luis\Documents\GitHub\GoalOptimized\Database\sub1\model\model_rajagopal2022_sub1.osim
[2026-02-16 16:05:07.417] [info] Updating Model file from 40000 to latest format...
[2026-02-16 16:05:07.435] [info] Loaded model 1_scaled_rajagopal2022 from file C:\Users\Israel Luis\Documents\GitHub\GoalOptimized\Database\sub1\model\model_rajagopal2022_sub1.osim
[2026-02-16 16:05:07.435] [warning] Couldn't find file 'r_pelvis.vtp'.
[2026-02-16 16:05:07.435] [warning] Couldn't find file 'l_pelvis.vtp'.
[2026-02-16 16:05:07.435] [warning] Couldn't find file 'sacrum.vtp'.
[2026-02-16 16:05:07.435] [warning] Couldn't find file 'r_femur.vtp'.
[2026-02-16 16:05:07.435] [warning] Couldn't find file 'r_tibia.vtp'.
[2026-02-16 16:05:07.435] [warning] Couldn't find file 'r_fibula.vtp'.
[2026-02-16 16:05:07.435] [warning] Couldn't find file 'r_patella.vtp'.
[2026-02-16 16:05:07.435] [warning] Couldn't find file 'r_talus.vtp'.
[2026-02-16 16:05:07.435] [warning] Couldn't find file 'r_foot.vtp'.
[2026-02-16 16:05:07.435] [warning] Couldn't find file 'r_bofoot.vtp'.
[2026-02-16 16:05:07.435] [warning] Couldn't find file 'l_femur.vtp'.
[2026-02-16 16:05:07.436] [warning] Couldn't find file 'l_tibia.vtp'.
[2026-02-16 16:05:07.436] [warning] Couldn't find file 'l_fibula.vtp'.
[2026-02-16 16:05:07.436] [warning] Couldn't find file 'l_patella.vtp'.
[2026-02-16 16:05:07.436] [warning] Couldn't find file 'l_talus.vtp'.
[2026-02-16 16:05:07.436] [warning] Couldn't find file 'l_foot.vtp'.
[2026-02-16 16:05:07.436] [warning] Couldn't find file 'l_bofoot.vtp'.
[2026-02-16 16:05:07.436] [warning] Couldn't find file 'hat_spine.vtp'.
[2026-02-16 16:05:07.436] [warning] Couldn't find file 'hat_jaw.vtp'.
[2026-02-16 16:05:07.436] [warning] Couldn't find file 'hat_skull.vtp'.
[2026-02-16 16:05:07.436] [warning] Couldn't find file 'hat_ribs_scap.vtp'.
[2026-02-16 16:05:07.436] [warning] Couldn't find file 'humerus_rv.vtp'.
[2026-02-16 16:05:07.436] [warning] Couldn't find file 'ulna_rv.vtp'.
[2026-02-16 16:05:07.436] [warning] Couldn't find file 'radius_rv.vtp'.
[2026-02-16 16:05:07.436] [warning] Couldn't find file 'pisiform_rvs.vtp'.
[2026-02-16 16:05:07.436] [warning] Couldn't find file 'lunate_rvs.vtp'.
[2026-02-16 16:05:07.436] [warning] Couldn't find file 'scaphoid_rvs.vtp'.
[2026-02-16 16:05:07.436] [warning] Couldn't find file 'triquetrum_rvs.vtp'.
[2026-02-16 16:05:07.436] [warning] Couldn't find file 'hamate_rvs.vtp'.
[2026-02-16 16:05:07.436] [warning] Couldn't find file 'capitate_rvs.vtp'.
[2026-02-16 16:05:07.436] [warning] Couldn't find file 'trapezoid_rvs.vtp'.
[2026-02-16 16:05:07.436] [warning] Couldn't find file 'trapezium_rvs.vtp'.
[2026-02-16 16:05:07.436] [warning] Couldn't find file 'metacarpal2_rvs.vtp'.
[2026-02-16 16:05:07.436] [warning] Couldn't find file 'index_proximal_rvs.vtp'.
[2026-02-16 16:05:07.436] [warning] Couldn't find file 'index_medial_rvs.vtp'.
[2026-02-16 16:05:07.436] [warning] Couldn't find file 'index_distal_rvs.vtp'.
[2026-02-16 16:05:07.436] [warning] Couldn't find file 'metacarpal3_rvs.vtp'.
[2026-02-16 16:05:07.436] [warning] Couldn't find file 'middle_proximal_rvs.vtp'.
[2026-02-16 16:05:07.437] [warning] Couldn't find file 'middle_medial_rvs.vtp'.
[2026-02-16 16:05:07.437] [warning] Couldn't find file 'middle_distal_rvs.vtp'.
[2026-02-16 16:05:07.437] [warning] Couldn't find file 'metacarpal4_rvs.vtp'.
[2026-02-16 16:05:07.437] [warning] Couldn't find file 'ring_proximal_rvs.vtp'.
[2026-02-16 16:05:07.437] [warning] Couldn't find file 'ring_medial_rvs.vtp'.
[2026-02-16 16:05:07.437] [warning] Couldn't find file 'ring_distal_rvs.vtp'.
[2026-02-16 16:05:07.437] [warning] Couldn't find file 'metacarpal5_rvs.vtp'.
[2026-02-16 16:05:07.437] [warning] Couldn't find file 'little_proximal_rvs.vtp'.
[2026-02-16 16:05:07.437] [warning] Couldn't find file 'little_medial_rvs.vtp'.
[2026-02-16 16:05:07.437] [warning] Couldn't find file 'little_distal_rvs.vtp'.
[2026-02-16 16:05:07.437] [warning] Couldn't find file 'metacarpal1_rvs.vtp'.
[2026-02-16 16:05:07.437] [warning] Couldn't find file 'thumb_proximal_rvs.vtp'.
[2026-02-16 16:05:07.437] [warning] Couldn't find file 'thumb_distal_rvs.vtp'.
[2026-02-16 16:05:07.437] [warning] Couldn't find file 'humerus_lv.vtp'.
[2026-02-16 16:05:07.437] [warning] Couldn't find file 'ulna_lv.vtp'.
[2026-02-16 16:05:07.437] [warning] Couldn't find file 'radius_lv.vtp'.
[2026-02-16 16:05:07.437] [warning] Couldn't find file 'pisiform_lvs.vtp'.
[2026-02-16 16:05:07.437] [warning] Couldn't find file 'lunate_lvs.vtp'.
[2026-02-16 16:05:07.437] [warning] Couldn't find file 'scaphoid_lvs.vtp'.
[2026-02-16 16:05:07.437] [warning] Couldn't find file 'triquetrum_lvs.vtp'.
[2026-02-16 16:05:07.437] [warning] Couldn't find file 'hamate_lvs.vtp'.
[2026-02-16 16:05:07.437] [warning] Couldn't find file 'capitate_lvs.vtp'.
[2026-02-16 16:05:07.437] [warning] Couldn't find file 'trapezoid_lvs.vtp'.
[2026-02-16 16:05:07.437] [warning] Couldn't find file 'trapezium_lvs.vtp'.
[2026-02-16 16:05:07.437] [warning] Couldn't find file 'metacarpal2_lvs.vtp'.
[2026-02-16 16:05:07.437] [warning] Couldn't find file 'index_proximal_lvs.vtp'.
[2026-02-16 16:05:07.438] [warning] Couldn't find file 'index_medial_lvs.vtp'.
[2026-02-16 16:05:07.438] [warning] Couldn't find file 'index_distal_lvs.vtp'.
[2026-02-16 16:05:07.438] [warning] Couldn't find file 'metacarpal3_lvs.vtp'.
[2026-02-16 16:05:07.438] [warning] Couldn't find file 'middle_proximal_lvs.vtp'.
[2026-02-16 16:05:07.438] [warning] Couldn't find file 'middle_medial_lvs.vtp'.
[2026-02-16 16:05:07.438] [warning] Couldn't find file 'middle_distal_lvs.vtp'.
[2026-02-16 16:05:07.438] [warning] Couldn't find file 'metacarpal4_lvs.vtp'.
[2026-02-16 16:05:07.438] [warning] Couldn't find file 'ring_proximal_lvs.vtp'.
[2026-02-16 16:05:07.438] [warning] Couldn't find file 'ring_medial_lvs.vtp'.
[2026-02-16 16:05:07.438] [warning] Couldn't find file 'ring_distal_lvs.vtp'.
[2026-02-16 16:05:07.438] [warning] Couldn't find file 'metacarpal5_lvs.vtp'.
[2026-02-16 16:05:07.438] [warning] Couldn't find file 'little_proximal_lvs.vtp'.
[2026-02-16 16:05:07.438] [warning] Couldn't find file 'little_medial_lvs.vtp'.
[2026-02-16 16:05:07.438] [warning] Couldn't find file 'little_distal_lvs.vtp'.
[2026-02-16 16:05:07.438] [warning] Couldn't find file 'metacarpal1_lvs.vtp'.
[2026-02-16 16:05:07.438] [warning] Couldn't find file 'thumb_proximal_lvs.vtp'.
[2026-02-16 16:05:07.438] [warning] Couldn't find file 'thumb_distal_lvs.vtp'.
[2026-02-16 16:05:07.445] [info] No external loads will be applied (external loads file not specified).
[2026-02-16 16:05:07.456] [info] Loading coordinates from file 'C:\Users\Israel Luis\Documents\GitHub\GoalOptimized\Database\sub1\IK\IK_sub1_v2_t3.mot'.
[2026-02-16 16:05:07.456] [info] Storage: read data file = C:\Users\Israel Luis\Documents\GitHub\GoalOptimized\Database\sub1\IK\IK_sub1_v2_t3.mot (nr=115 nc=40)
[2026-02-16 16:05:07.993] [info] Found 115 state vectors with time stamps ranging from 1.11 to 2.25.
[2026-02-16 16:05:07.993] [info] Executing the analyses from 1.11 to 2.25...
[2026-02-16 16:05:12.243] [info] Printing results of investigation IK_sub1_v2_t3 to C:\Users\Israel Luis\Documents\GitHub\GoalOptimized\ProjectResults\DSE\sub1\multiCycle\Je\MuscleAnalysis
[2026-02-16 16:07:24.405] [info] Updating Model file from 40000 to latest format...
[2026-02-16 16:07:24.423] [info] Loaded model 1_scaled_rajagopal2022 from file C:\Users\Israel Luis\Documents\GitHub\GoalOptimized\Database\sub1\model\model_rajagopal2022_sub1.osim
[2026-02-16 16:07:24.423] [warning] Couldn't find file 'r_pelvis.vtp'.
[2026-02-16 16:07:24.423] [warning] Couldn't find file 'l_pelvis.vtp'.
[2026-02-16 16:07:24.423] [warning] Couldn't find file 'sacrum.vtp'.
[2026-02-16 16:07:24.423] [warning] Couldn't find file 'r_femur.vtp'.
[2026-02-16 16:07:24.423] [warning] Couldn't find file 'r_tibia.vtp'.
[2026-02-16 16:07:24.423] [warning] Couldn't find file 'r_fibula.vtp'.
[2026-02-16 16:07:24.424] [warning] Couldn't find file 'r_patella.vtp'.
[2026-02-16 16:07:24.424] [warning] Couldn't find file 'r_talus.vtp'.
[2026-02-16 16:07:24.424] [warning] Couldn't find file 'r_foot.vtp'.
[2026-02-16 16:07:24.424] [warning] Couldn't find file 'r_bofoot.vtp'.
[2026-02-16 16:07:24.424] [warning] Couldn't find file 'l_femur.vtp'.
[2026-02-16 16:07:24.424] [warning] Couldn't find file 'l_tibia.vtp'.
[2026-02-16 16:07:24.424] [warning] Couldn't find file 'l_fibula.vtp'.
[2026-02-16 16:07:24.424] [warning] Couldn't find file 'l_patella.vtp'.
[2026-02-16 16:07:24.424] [warning] Couldn't find file 'l_talus.vtp'.
[2026-02-16 16:07:24.424] [warning] Couldn't find file 'l_foot.vtp'.
[2026-02-16 16:07:24.424] [warning] Couldn't find file 'l_bofoot.vtp'.
[2026-02-16 16:07:24.424] [warning] Couldn't find file 'hat_spine.vtp'.
[2026-02-16 16:07:24.424] [warning] Couldn't find file 'hat_jaw.vtp'.
[2026-02-16 16:07:24.424] [warning] Couldn't find file 'hat_skull.vtp'.
[2026-02-16 16:07:24.424] [warning] Couldn't find file 'hat_ribs_scap.vtp'.
[2026-02-16 16:07:24.424] [warning] Couldn't find file 'humerus_rv.vtp'.
[2026-02-16 16:07:24.424] [warning] Couldn't find file 'ulna_rv.vtp'.
[2026-02-16 16:07:24.424] [warning] Couldn't find file 'radius_rv.vtp'.
[2026-02-16 16:07:24.424] [warning] Couldn't find file 'pisiform_rvs.vtp'.
[2026-02-16 16:07:24.424] [warning] Couldn't find file 'lunate_rvs.vtp'.
[2026-02-16 16:07:24.424] [warning] Couldn't find file 'scaphoid_rvs.vtp'.
[2026-02-16 16:07:24.424] [warning] Couldn't find file 'triquetrum_rvs.vtp'.
[2026-02-16 16:07:24.424] [warning] Couldn't find file 'hamate_rvs.vtp'.
[2026-02-16 16:07:24.424] [warning] Couldn't find file 'capitate_rvs.vtp'.
[2026-02-16 16:07:24.424] [warning] Couldn't find file 'trapezoid_rvs.vtp'.
[2026-02-16 16:07:24.424] [warning] Couldn't find file 'trapezium_rvs.vtp'.
[2026-02-16 16:07:24.425] [warning] Couldn't find file 'metacarpal2_rvs.vtp'.
[2026-02-16 16:07:24.425] [warning] Couldn't find file 'index_proximal_rvs.vtp'.
[2026-02-16 16:07:24.425] [warning] Couldn't find file 'index_medial_rvs.vtp'.
[2026-02-16 16:07:24.425] [warning] Couldn't find file 'index_distal_rvs.vtp'.
[2026-02-16 16:07:24.425] [warning] Couldn't find file 'metacarpal3_rvs.vtp'.
[2026-02-16 16:07:24.425] [warning] Couldn't find file 'middle_proximal_rvs.vtp'.
[2026-02-16 16:07:24.425] [warning] Couldn't find file 'middle_medial_rvs.vtp'.
[2026-02-16 16:07:24.425] [warning] Couldn't find file 'middle_distal_rvs.vtp'.
[2026-02-16 16:07:24.425] [warning] Couldn't find file 'metacarpal4_rvs.vtp'.
[2026-02-16 16:07:24.425] [warning] Couldn't find file 'ring_proximal_rvs.vtp'.
[2026-02-16 16:07:24.425] [warning] Couldn't find file 'ring_medial_rvs.vtp'.
[2026-02-16 16:07:24.425] [warning] Couldn't find file 'ring_distal_rvs.vtp'.
[2026-02-16 16:07:24.425] [warning] Couldn't find file 'metacarpal5_rvs.vtp'.
[2026-02-16 16:07:24.425] [warning] Couldn't find file 'little_proximal_rvs.vtp'.
[2026-02-16 16:07:24.425] [warning] Couldn't find file 'little_medial_rvs.vtp'.
[2026-02-16 16:07:24.425] [warning] Couldn't find file 'little_distal_rvs.vtp'.
[2026-02-16 16:07:24.425] [warning] Couldn't find file 'metacarpal1_rvs.vtp'.
[2026-02-16 16:07:24.425] [warning] Couldn't find file 'thumb_proximal_rvs.vtp'.
[2026-02-16 16:07:24.425] [warning] Couldn't find file 'thumb_distal_rvs.vtp'.
[2026-02-16 16:07:24.425] [warning] Couldn't find file 'humerus_lv.vtp'.
[2026-02-16 16:07:24.425] [warning] Couldn't find file 'ulna_lv.vtp'.
[2026-02-16 16:07:24.425] [warning] Couldn't find file 'radius_lv.vtp'.
[2026-02-16 16:07:24.425] [warning] Couldn't find file 'pisiform_lvs.vtp'.
[2026-02-16 16:07:24.425] [warning] Couldn't find file 'lunate_lvs.vtp'.
[2026-02-16 16:07:24.425] [warning] Couldn't find file 'scaphoid_lvs.vtp'.
[2026-02-16 16:07:24.425] [warning] Couldn't find file 'triquetrum_lvs.vtp'.
[2026-02-16 16:07:24.425] [warning] Couldn't find file 'hamate_lvs.vtp'.
[2026-02-16 16:07:24.425] [warning] Couldn't find file 'capitate_lvs.vtp'.
[2026-02-16 16:07:24.425] [warning] Couldn't find file 'trapezoid_lvs.vtp'.
[2026-02-16 16:07:24.426] [warning] Couldn't find file 'trapezium_lvs.vtp'.
[2026-02-16 16:07:24.426] [warning] Couldn't find file 'metacarpal2_lvs.vtp'.
[2026-02-16 16:07:24.426] [warning] Couldn't find file 'index_proximal_lvs.vtp'.
[2026-02-16 16:07:24.426] [warning] Couldn't find file 'index_medial_lvs.vtp'.
[2026-02-16 16:07:24.426] [warning] Couldn't find file 'index_distal_lvs.vtp'.
[2026-02-16 16:07:24.426] [warning] Couldn't find file 'metacarpal3_lvs.vtp'.
[2026-02-16 16:07:24.426] [warning] Couldn't find file 'middle_proximal_lvs.vtp'.
[2026-02-16 16:07:24.426] [warning] Couldn't find file 'middle_medial_lvs.vtp'.
[2026-02-16 16:07:24.426] [warning] Couldn't find file 'middle_distal_lvs.vtp'.
[2026-02-16 16:07:24.426] [warning] Couldn't find file 'metacarpal4_lvs.vtp'.
[2026-02-16 16:07:24.426] [warning] Couldn't find file 'ring_proximal_lvs.vtp'.
[2026-02-16 16:07:24.426] [warning] Couldn't find file 'ring_medial_lvs.vtp'.
[2026-02-16 16:07:24.426] [warning] Couldn't find file 'ring_distal_lvs.vtp'.
[2026-02-16 16:07:24.426] [warning] Couldn't find file 'metacarpal5_lvs.vtp'.
[2026-02-16 16:07:24.426] [warning] Couldn't find file 'little_proximal_lvs.vtp'.
[2026-02-16 16:07:24.426] [warning] Couldn't find file 'little_medial_lvs.vtp'.
[2026-02-16 16:07:24.426] [warning] Couldn't find file 'little_distal_lvs.vtp'.
[2026-02-16 16:07:24.426] [warning] Couldn't find file 'metacarpal1_lvs.vtp'.
[2026-02-16 16:07:24.426] [warning] Couldn't find file 'thumb_proximal_lvs.vtp'.
[2026-02-16 16:07:24.426] [warning] Couldn't find file 'thumb_distal_lvs.vtp'.
[2026-02-16 16:07:24.431] [info] AbstractTool IK_sub1_v2_t1 loading model C:\Users\Israel Luis\Documents\GitHub\GoalOptimized\Database\sub1\model\model_rajagopal2022_sub1.osim
[2026-02-16 16:07:24.445] [info] Updating Model file from 40000 to latest format...
[2026-02-16 16:07:24.464] [info] Loaded model 1_scaled_rajagopal2022 from file C:\Users\Israel Luis\Documents\GitHub\GoalOptimized\Database\sub1\model\model_rajagopal2022_sub1.osim
[2026-02-16 16:07:24.464] [warning] Couldn't find file 'r_pelvis.vtp'.
[2026-02-16 16:07:24.464] [warning] Couldn't find file 'l_pelvis.vtp'.
[2026-02-16 16:07:24.465] [warning] Couldn't find file 'sacrum.vtp'.
[2026-02-16 16:07:24.465] [warning] Couldn't find file 'r_femur.vtp'.
[2026-02-16 16:07:24.465] [warning] Couldn't find file 'r_tibia.vtp'.
[2026-02-16 16:07:24.465] [warning] Couldn't find file 'r_fibula.vtp'.
[2026-02-16 16:07:24.465] [warning] Couldn't find file 'r_patella.vtp'.
[2026-02-16 16:07:24.465] [warning] Couldn't find file 'r_talus.vtp'.
[2026-02-16 16:07:24.465] [warning] Couldn't find file 'r_foot.vtp'.
[2026-02-16 16:07:24.465] [warning] Couldn't find file 'r_bofoot.vtp'.
[2026-02-16 16:07:24.465] [warning] Couldn't find file 'l_femur.vtp'.
[2026-02-16 16:07:24.465] [warning] Couldn't find file 'l_tibia.vtp'.
[2026-02-16 16:07:24.465] [warning] Couldn't find file 'l_fibula.vtp'.
[2026-02-16 16:07:24.465] [warning] Couldn't find file 'l_patella.vtp'.
[2026-02-16 16:07:24.465] [warning] Couldn't find file 'l_talus.vtp'.
[2026-02-16 16:07:24.465] [warning] Couldn't find file 'l_foot.vtp'.
[2026-02-16 16:07:24.465] [warning] Couldn't find file 'l_bofoot.vtp'.
[2026-02-16 16:07:24.465] [warning] Couldn't find file 'hat_spine.vtp'.
[2026-02-16 16:07:24.465] [warning] Couldn't find file 'hat_jaw.vtp'.
[2026-02-16 16:07:24.465] [warning] Couldn't find file 'hat_skull.vtp'.
[2026-02-16 16:07:24.465] [warning] Couldn't find file 'hat_ribs_scap.vtp'.
[2026-02-16 16:07:24.465] [warning] Couldn't find file 'humerus_rv.vtp'.
[2026-02-16 16:07:24.465] [warning] Couldn't find file 'ulna_rv.vtp'.
[2026-02-16 16:07:24.465] [warning] Couldn't find file 'radius_rv.vtp'.
[2026-02-16 16:07:24.465] [warning] Couldn't find file 'pisiform_rvs.vtp'.
[2026-02-16 16:07:24.465] [warning] Couldn't find file 'lunate_rvs.vtp'.
[2026-02-16 16:07:24.465] [warning] Couldn't find file 'scaphoid_rvs.vtp'.
[2026-02-16 16:07:24.465] [warning] Couldn't find file 'triquetrum_rvs.vtp'.
[2026-02-16 16:07:24.466] [warning] Couldn't find file 'hamate_rvs.vtp'.
[2026-02-16 16:07:24.466] [warning] Couldn't find file 'capitate_rvs.vtp'.
[2026-02-16 16:07:24.466] [warning] Couldn't find file 'trapezoid_rvs.vtp'.
[2026-02-16 16:07:24.466] [warning] Couldn't find file 'trapezium_rvs.vtp'.
[2026-02-16 16:07:24.466] [warning] Couldn't find file 'metacarpal2_rvs.vtp'.
[2026-02-16 16:07:24.466] [warning] Couldn't find file 'index_proximal_rvs.vtp'.
[2026-02-16 16:07:24.466] [warning] Couldn't find file 'index_medial_rvs.vtp'.
[2026-02-16 16:07:24.466] [warning] Couldn't find file 'index_distal_rvs.vtp'.
[2026-02-16 16:07:24.466] [warning] Couldn't find file 'metacarpal3_rvs.vtp'.
[2026-02-16 16:07:24.466] [warning] Couldn't find file 'middle_proximal_rvs.vtp'.
[2026-02-16 16:07:24.466] [warning] Couldn't find file 'middle_medial_rvs.vtp'.
[2026-02-16 16:07:24.466] [warning] Couldn't find file 'middle_distal_rvs.vtp'.
[2026-02-16 16:07:24.466] [warning] Couldn't find file 'metacarpal4_rvs.vtp'.
[2026-02-16 16:07:24.466] [warning] Couldn't find file 'ring_proximal_rvs.vtp'.
[2026-02-16 16:07:24.466] [warning] Couldn't find file 'ring_medial_rvs.vtp'.
[2026-02-16 16:07:24.466] [warning] Couldn't find file 'ring_distal_rvs.vtp'.
[2026-02-16 16:07:24.466] [warning] Couldn't find file 'metacarpal5_rvs.vtp'.
[2026-02-16 16:07:24.466] [warning] Couldn't find file 'little_proximal_rvs.vtp'.
[2026-02-16 16:07:24.466] [warning] Couldn't find file 'little_medial_rvs.vtp'.
[2026-02-16 16:07:24.466] [warning] Couldn't find file 'little_distal_rvs.vtp'.
[2026-02-16 16:07:24.466] [warning] Couldn't find file 'metacarpal1_rvs.vtp'.
[2026-02-16 16:07:24.466] [warning] Couldn't find file 'thumb_proximal_rvs.vtp'.
[2026-02-16 16:07:24.466] [warning] Couldn't find file 'thumb_distal_rvs.vtp'.
[2026-02-16 16:07:24.466] [warning] Couldn't find file 'humerus_lv.vtp'.
[2026-02-16 16:07:24.466] [warning] Couldn't find file 'ulna_lv.vtp'.
[2026-02-16 16:07:24.466] [warning] Couldn't find file 'radius_lv.vtp'.
[2026-02-16 16:07:24.466] [warning] Couldn't find file 'pisiform_lvs.vtp'.
[2026-02-16 16:07:24.466] [warning] Couldn't find file 'lunate_lvs.vtp'.
[2026-02-16 16:07:24.467] [warning] Couldn't find file 'scaphoid_lvs.vtp'.
[2026-02-16 16:07:24.467] [warning] Couldn't find file 'triquetrum_lvs.vtp'.
[2026-02-16 16:07:24.467] [warning] Couldn't find file 'hamate_lvs.vtp'.
[2026-02-16 16:07:24.467] [warning] Couldn't find file 'capitate_lvs.vtp'.
[2026-02-16 16:07:24.467] [warning] Couldn't find file 'trapezoid_lvs.vtp'.
[2026-02-16 16:07:24.467] [warning] Couldn't find file 'trapezium_lvs.vtp'.
[2026-02-16 16:07:24.467] [warning] Couldn't find file 'metacarpal2_lvs.vtp'.
[2026-02-16 16:07:24.467] [warning] Couldn't find file 'index_proximal_lvs.vtp'.
[2026-02-16 16:07:24.467] [warning] Couldn't find file 'index_medial_lvs.vtp'.
[2026-02-16 16:07:24.467] [warning] Couldn't find file 'index_distal_lvs.vtp'.
[2026-02-16 16:07:24.467] [warning] Couldn't find file 'metacarpal3_lvs.vtp'.
[2026-02-16 16:07:24.467] [warning] Couldn't find file 'middle_proximal_lvs.vtp'.
[2026-02-16 16:07:24.467] [warning] Couldn't find file 'middle_medial_lvs.vtp'.
[2026-02-16 16:07:24.467] [warning] Couldn't find file 'middle_distal_lvs.vtp'.
[2026-02-16 16:07:24.467] [warning] Couldn't find file 'metacarpal4_lvs.vtp'.
[2026-02-16 16:07:24.467] [warning] Couldn't find file 'ring_proximal_lvs.vtp'.
[2026-02-16 16:07:24.467] [warning] Couldn't find file 'ring_medial_lvs.vtp'.
[2026-02-16 16:07:24.467] [warning] Couldn't find file 'ring_distal_lvs.vtp'.
[2026-02-16 16:07:24.467] [warning] Couldn't find file 'metacarpal5_lvs.vtp'.
[2026-02-16 16:07:24.467] [warning] Couldn't find file 'little_proximal_lvs.vtp'.
[2026-02-16 16:07:24.467] [warning] Couldn't find file 'little_medial_lvs.vtp'.
[2026-02-16 16:07:24.467] [warning] Couldn't find file 'little_distal_lvs.vtp'.
[2026-02-16 16:07:24.467] [warning] Couldn't find file 'metacarpal1_lvs.vtp'.
[2026-02-16 16:07:24.467] [warning] Couldn't find file 'thumb_proximal_lvs.vtp'.
[2026-02-16 16:07:24.467] [warning] Couldn't find file 'thumb_distal_lvs.vtp'.
[2026-02-16 16:07:24.472] [info] No external loads will be applied (external loads file not specified).
[2026-02-16 16:07:24.484] [info] Loading coordinates from file 'C:\Users\Israel Luis\Documents\GitHub\GoalOptimized\Database\sub1\IK\IK_sub1_v2_t1.mot'.
[2026-02-16 16:07:24.485] [info] Storage: read data file = C:\Users\Israel Luis\Documents\GitHub\GoalOptimized\Database\sub1\IK\IK_sub1_v2_t1.mot (nr=119 nc=40)
[2026-02-16 16:07:25.064] [info] Found 119 state vectors with time stamps ranging from 0.57 to 1.75.
[2026-02-16 16:07:25.064] [info] Executing the analyses from 0.57 to 1.75...
[2026-02-16 16:07:29.429] [info] Printing results of investigation IK_sub1_v2_t1 to C:\Users\Israel Luis\Documents\GitHub\GoalOptimized\ProjectResults\DSE\sub1\multiCycle\Je\MuscleAnalysis
[2026-02-16 16:07:33.735] [info] Updating Model file from 40000 to latest format...
[2026-02-16 16:07:33.754] [info] Loaded model 1_scaled_rajagopal2022 from file C:\Users\Israel Luis\Documents\GitHub\GoalOptimized\Database\sub1\model\model_rajagopal2022_sub1.osim
[2026-02-16 16:07:33.754] [warning] Couldn't find file 'r_pelvis.vtp'.
[2026-02-16 16:07:33.754] [warning] Couldn't find file 'l_pelvis.vtp'.
[2026-02-16 16:07:33.754] [warning] Couldn't find file 'sacrum.vtp'.
[2026-02-16 16:07:33.754] [warning] Couldn't find file 'r_femur.vtp'.
[2026-02-16 16:07:33.754] [warning] Couldn't find file 'r_tibia.vtp'.
[2026-02-16 16:07:33.754] [warning] Couldn't find file 'r_fibula.vtp'.
[2026-02-16 16:07:33.754] [warning] Couldn't find file 'r_patella.vtp'.
[2026-02-16 16:07:33.754] [warning] Couldn't find file 'r_talus.vtp'.
[2026-02-16 16:07:33.754] [warning] Couldn't find file 'r_foot.vtp'.
[2026-02-16 16:07:33.754] [warning] Couldn't find file 'r_bofoot.vtp'.
[2026-02-16 16:07:33.754] [warning] Couldn't find file 'l_femur.vtp'.
[2026-02-16 16:07:33.755] [warning] Couldn't find file 'l_tibia.vtp'.
[2026-02-16 16:07:33.755] [warning] Couldn't find file 'l_fibula.vtp'.
[2026-02-16 16:07:33.755] [warning] Couldn't find file 'l_patella.vtp'.
[2026-02-16 16:07:33.755] [warning] Couldn't find file 'l_talus.vtp'.
[2026-02-16 16:07:33.755] [warning] Couldn't find file 'l_foot.vtp'.
[2026-02-16 16:07:33.755] [warning] Couldn't find file 'l_bofoot.vtp'.
[2026-02-16 16:07:33.755] [warning] Couldn't find file 'hat_spine.vtp'.
[2026-02-16 16:07:33.755] [warning] Couldn't find file 'hat_jaw.vtp'.
[2026-02-16 16:07:33.755] [warning] Couldn't find file 'hat_skull.vtp'.
[2026-02-16 16:07:33.755] [warning] Couldn't find file 'hat_ribs_scap.vtp'.
[2026-02-16 16:07:33.755] [warning] Couldn't find file 'humerus_rv.vtp'.
[2026-02-16 16:07:33.755] [warning] Couldn't find file 'ulna_rv.vtp'.
[2026-02-16 16:07:33.755] [warning] Couldn't find file 'radius_rv.vtp'.
[2026-02-16 16:07:33.755] [warning] Couldn't find file 'pisiform_rvs.vtp'.
[2026-02-16 16:07:33.755] [warning] Couldn't find file 'lunate_rvs.vtp'.
[2026-02-16 16:07:33.755] [warning] Couldn't find file 'scaphoid_rvs.vtp'.
[2026-02-16 16:07:33.755] [warning] Couldn't find file 'triquetrum_rvs.vtp'.
[2026-02-16 16:07:33.755] [warning] Couldn't find file 'hamate_rvs.vtp'.
[2026-02-16 16:07:33.755] [warning] Couldn't find file 'capitate_rvs.vtp'.
[2026-02-16 16:07:33.755] [warning] Couldn't find file 'trapezoid_rvs.vtp'.
[2026-02-16 16:07:33.755] [warning] Couldn't find file 'trapezium_rvs.vtp'.
[2026-02-16 16:07:33.755] [warning] Couldn't find file 'metacarpal2_rvs.vtp'.
[2026-02-16 16:07:33.755] [warning] Couldn't find file 'index_proximal_rvs.vtp'.
[2026-02-16 16:07:33.755] [warning] Couldn't find file 'index_medial_rvs.vtp'.
[2026-02-16 16:07:33.755] [warning] Couldn't find file 'index_distal_rvs.vtp'.
[2026-02-16 16:07:33.755] [warning] Couldn't find file 'metacarpal3_rvs.vtp'.
[2026-02-16 16:07:33.755] [warning] Couldn't find file 'middle_proximal_rvs.vtp'.
[2026-02-16 16:07:33.756] [warning] Couldn't find file 'middle_medial_rvs.vtp'.
[2026-02-16 16:07:33.756] [warning] Couldn't find file 'middle_distal_rvs.vtp'.
[2026-02-16 16:07:33.756] [warning] Couldn't find file 'metacarpal4_rvs.vtp'.
[2026-02-16 16:07:33.756] [warning] Couldn't find file 'ring_proximal_rvs.vtp'.
[2026-02-16 16:07:33.756] [warning] Couldn't find file 'ring_medial_rvs.vtp'.
[2026-02-16 16:07:33.756] [warning] Couldn't find file 'ring_distal_rvs.vtp'.
[2026-02-16 16:07:33.756] [warning] Couldn't find file 'metacarpal5_rvs.vtp'.
[2026-02-16 16:07:33.756] [warning] Couldn't find file 'little_proximal_rvs.vtp'.
[2026-02-16 16:07:33.756] [warning] Couldn't find file 'little_medial_rvs.vtp'.
[2026-02-16 16:07:33.756] [warning] Couldn't find file 'little_distal_rvs.vtp'.
[2026-02-16 16:07:33.756] [warning] Couldn't find file 'metacarpal1_rvs.vtp'.
[2026-02-16 16:07:33.756] [warning] Couldn't find file 'thumb_proximal_rvs.vtp'.
[2026-02-16 16:07:33.756] [warning] Couldn't find file 'thumb_distal_rvs.vtp'.
[2026-02-16 16:07:33.756] [warning] Couldn't find file 'humerus_lv.vtp'.
[2026-02-16 16:07:33.756] [warning] Couldn't find file 'ulna_lv.vtp'.
[2026-02-16 16:07:33.756] [warning] Couldn't find file 'radius_lv.vtp'.
[2026-02-16 16:07:33.756] [warning] Couldn't find file 'pisiform_lvs.vtp'.
[2026-02-16 16:07:33.756] [warning] Couldn't find file 'lunate_lvs.vtp'.
[2026-02-16 16:07:33.756] [warning] Couldn't find file 'scaphoid_lvs.vtp'.
[2026-02-16 16:07:33.756] [warning] Couldn't find file 'triquetrum_lvs.vtp'.
[2026-02-16 16:07:33.756] [warning] Couldn't find file 'hamate_lvs.vtp'.
[2026-02-16 16:07:33.756] [warning] Couldn't find file 'capitate_lvs.vtp'.
[2026-02-16 16:07:33.756] [warning] Couldn't find file 'trapezoid_lvs.vtp'.
[2026-02-16 16:07:33.756] [warning] Couldn't find file 'trapezium_lvs.vtp'.
[2026-02-16 16:07:33.756] [warning] Couldn't find file 'metacarpal2_lvs.vtp'.
[2026-02-16 16:07:33.756] [warning] Couldn't find file 'index_proximal_lvs.vtp'.
[2026-02-16 16:07:33.756] [warning] Couldn't find file 'index_medial_lvs.vtp'.
[2026-02-16 16:07:33.757] [warning] Couldn't find file 'index_distal_lvs.vtp'.
[2026-02-16 16:07:33.757] [warning] Couldn't find file 'metacarpal3_lvs.vtp'.
[2026-02-16 16:07:33.757] [warning] Couldn't find file 'middle_proximal_lvs.vtp'.
[2026-02-16 16:07:33.757] [warning] Couldn't find file 'middle_medial_lvs.vtp'.
[2026-02-16 16:07:33.757] [warning] Couldn't find file 'middle_distal_lvs.vtp'.
[2026-02-16 16:07:33.757] [warning] Couldn't find file 'metacarpal4_lvs.vtp'.
[2026-02-16 16:07:33.757] [warning] Couldn't find file 'ring_proximal_lvs.vtp'.
[2026-02-16 16:07:33.757] [warning] Couldn't find file 'ring_medial_lvs.vtp'.
[2026-02-16 16:07:33.757] [warning] Couldn't find file 'ring_distal_lvs.vtp'.
[2026-02-16 16:07:33.757] [warning] Couldn't find file 'metacarpal5_lvs.vtp'.
[2026-02-16 16:07:33.757] [warning] Couldn't find file 'little_proximal_lvs.vtp'.
[2026-02-16 16:07:33.757] [warning] Couldn't find file 'little_medial_lvs.vtp'.
[2026-02-16 16:07:33.757] [warning] Couldn't find file 'little_distal_lvs.vtp'.
[2026-02-16 16:07:33.757] [warning] Couldn't find file 'metacarpal1_lvs.vtp'.
[2026-02-16 16:07:33.757] [warning] Couldn't find file 'thumb_proximal_lvs.vtp'.
[2026-02-16 16:07:33.757] [warning] Couldn't find file 'thumb_distal_lvs.vtp'.
[2026-02-16 16:07:33.761] [info] AbstractTool IK_sub1_v2_t2 loading model C:\Users\Israel Luis\Documents\GitHub\GoalOptimized\Database\sub1\model\model_rajagopal2022_sub1.osim
[2026-02-16 16:07:33.775] [info] Updating Model file from 40000 to latest format...
[2026-02-16 16:07:33.794] [info] Loaded model 1_scaled_rajagopal2022 from file C:\Users\Israel Luis\Documents\GitHub\GoalOptimized\Database\sub1\model\model_rajagopal2022_sub1.osim
[2026-02-16 16:07:33.794] [warning] Couldn't find file 'r_pelvis.vtp'.
[2026-02-16 16:07:33.794] [warning] Couldn't find file 'l_pelvis.vtp'.
[2026-02-16 16:07:33.795] [warning] Couldn't find file 'sacrum.vtp'.
[2026-02-16 16:07:33.795] [warning] Couldn't find file 'r_femur.vtp'.
[2026-02-16 16:07:33.795] [warning] Couldn't find file 'r_tibia.vtp'.
[2026-02-16 16:07:33.795] [warning] Couldn't find file 'r_fibula.vtp'.
[2026-02-16 16:07:33.795] [warning] Couldn't find file 'r_patella.vtp'.
[2026-02-16 16:07:33.795] [warning] Couldn't find file 'r_talus.vtp'.
[2026-02-16 16:07:33.795] [warning] Couldn't find file 'r_foot.vtp'.
[2026-02-16 16:07:33.795] [warning] Couldn't find file 'r_bofoot.vtp'.
[2026-02-16 16:07:33.795] [warning] Couldn't find file 'l_femur.vtp'.
[2026-02-16 16:07:33.795] [warning] Couldn't find file 'l_tibia.vtp'.
[2026-02-16 16:07:33.795] [warning] Couldn't find file 'l_fibula.vtp'.
[2026-02-16 16:07:33.795] [warning] Couldn't find file 'l_patella.vtp'.
[2026-02-16 16:07:33.795] [warning] Couldn't find file 'l_talus.vtp'.
[2026-02-16 16:07:33.795] [warning] Couldn't find file 'l_foot.vtp'.
[2026-02-16 16:07:33.795] [warning] Couldn't find file 'l_bofoot.vtp'.
[2026-02-16 16:07:33.795] [warning] Couldn't find file 'hat_spine.vtp'.
[2026-02-16 16:07:33.795] [warning] Couldn't find file 'hat_jaw.vtp'.
[2026-02-16 16:07:33.795] [warning] Couldn't find file 'hat_skull.vtp'.
[2026-02-16 16:07:33.795] [warning] Couldn't find file 'hat_ribs_scap.vtp'.
[2026-02-16 16:07:33.795] [warning] Couldn't find file 'humerus_rv.vtp'.
[2026-02-16 16:07:33.795] [warning] Couldn't find file 'ulna_rv.vtp'.
[2026-02-16 16:07:33.795] [warning] Couldn't find file 'radius_rv.vtp'.
[2026-02-16 16:07:33.795] [warning] Couldn't find file 'pisiform_rvs.vtp'.
[2026-02-16 16:07:33.795] [warning] Couldn't find file 'lunate_rvs.vtp'.
[2026-02-16 16:07:33.795] [warning] Couldn't find file 'scaphoid_rvs.vtp'.
[2026-02-16 16:07:33.795] [warning] Couldn't find file 'triquetrum_rvs.vtp'.
[2026-02-16 16:07:33.796] [warning] Couldn't find file 'hamate_rvs.vtp'.
[2026-02-16 16:07:33.796] [warning] Couldn't find file 'capitate_rvs.vtp'.
[2026-02-16 16:07:33.796] [warning] Couldn't find file 'trapezoid_rvs.vtp'.
[2026-02-16 16:07:33.796] [warning] Couldn't find file 'trapezium_rvs.vtp'.
[2026-02-16 16:07:33.796] [warning] Couldn't find file 'metacarpal2_rvs.vtp'.
[2026-02-16 16:07:33.796] [warning] Couldn't find file 'index_proximal_rvs.vtp'.
[2026-02-16 16:07:33.796] [warning] Couldn't find file 'index_medial_rvs.vtp'.
[2026-02-16 16:07:33.796] [warning] Couldn't find file 'index_distal_rvs.vtp'.
[2026-02-16 16:07:33.796] [warning] Couldn't find file 'metacarpal3_rvs.vtp'.
[2026-02-16 16:07:33.796] [warning] Couldn't find file 'middle_proximal_rvs.vtp'.
[2026-02-16 16:07:33.796] [warning] Couldn't find file 'middle_medial_rvs.vtp'.
[2026-02-16 16:07:33.796] [warning] Couldn't find file 'middle_distal_rvs.vtp'.
[2026-02-16 16:07:33.796] [warning] Couldn't find file 'metacarpal4_rvs.vtp'.
[2026-02-16 16:07:33.796] [warning] Couldn't find file 'ring_proximal_rvs.vtp'.
[2026-02-16 16:07:33.796] [warning] Couldn't find file 'ring_medial_rvs.vtp'.
[2026-02-16 16:07:33.796] [warning] Couldn't find file 'ring_distal_rvs.vtp'.
[2026-02-16 16:07:33.796] [warning] Couldn't find file 'metacarpal5_rvs.vtp'.
[2026-02-16 16:07:33.796] [warning] Couldn't find file 'little_proximal_rvs.vtp'.
[2026-02-16 16:07:33.796] [warning] Couldn't find file 'little_medial_rvs.vtp'.
[2026-02-16 16:07:33.796] [warning] Couldn't find file 'little_distal_rvs.vtp'.
[2026-02-16 16:07:33.796] [warning] Couldn't find file 'metacarpal1_rvs.vtp'.
[2026-02-16 16:07:33.796] [warning] Couldn't find file 'thumb_proximal_rvs.vtp'.
[2026-02-16 16:07:33.796] [warning] Couldn't find file 'thumb_distal_rvs.vtp'.
[2026-02-16 16:07:33.796] [warning] Couldn't find file 'humerus_lv.vtp'.
[2026-02-16 16:07:33.796] [warning] Couldn't find file 'ulna_lv.vtp'.
[2026-02-16 16:07:33.796] [warning] Couldn't find file 'radius_lv.vtp'.
[2026-02-16 16:07:33.796] [warning] Couldn't find file 'pisiform_lvs.vtp'.
[2026-02-16 16:07:33.796] [warning] Couldn't find file 'lunate_lvs.vtp'.
[2026-02-16 16:07:33.796] [warning] Couldn't find file 'scaphoid_lvs.vtp'.
[2026-02-16 16:07:33.797] [warning] Couldn't find file 'triquetrum_lvs.vtp'.
[2026-02-16 16:07:33.797] [warning] Couldn't find file 'hamate_lvs.vtp'.
[2026-02-16 16:07:33.797] [warning] Couldn't find file 'capitate_lvs.vtp'.
[2026-02-16 16:07:33.797] [warning] Couldn't find file 'trapezoid_lvs.vtp'.
[2026-02-16 16:07:33.797] [warning] Couldn't find file 'trapezium_lvs.vtp'.
[2026-02-16 16:07:33.797] [warning] Couldn't find file 'metacarpal2_lvs.vtp'.
[2026-02-16 16:07:33.797] [warning] Couldn't find file 'index_proximal_lvs.vtp'.
[2026-02-16 16:07:33.797] [warning] Couldn't find file 'index_medial_lvs.vtp'.
[2026-02-16 16:07:33.797] [warning] Couldn't find file 'index_distal_lvs.vtp'.
[2026-02-16 16:07:33.797] [warning] Couldn't find file 'metacarpal3_lvs.vtp'.
[2026-02-16 16:07:33.797] [warning] Couldn't find file 'middle_proximal_lvs.vtp'.
[2026-02-16 16:07:33.797] [warning] Couldn't find file 'middle_medial_lvs.vtp'.
[2026-02-16 16:07:33.797] [warning] Couldn't find file 'middle_distal_lvs.vtp'.
[2026-02-16 16:07:33.797] [warning] Couldn't find file 'metacarpal4_lvs.vtp'.
[2026-02-16 16:07:33.797] [warning] Couldn't find file 'ring_proximal_lvs.vtp'.
[2026-02-16 16:07:33.797] [warning] Couldn't find file 'ring_medial_lvs.vtp'.
[2026-02-16 16:07:33.797] [warning] Couldn't find file 'ring_distal_lvs.vtp'.
[2026-02-16 16:07:33.797] [warning] Couldn't find file 'metacarpal5_lvs.vtp'.
[2026-02-16 16:07:33.797] [warning] Couldn't find file 'little_proximal_lvs.vtp'.
[2026-02-16 16:07:33.797] [warning] Couldn't find file 'little_medial_lvs.vtp'.
[2026-02-16 16:07:33.797] [warning] Couldn't find file 'little_distal_lvs.vtp'.
[2026-02-16 16:07:33.797] [warning] Couldn't find file 'metacarpal1_lvs.vtp'.
[2026-02-16 16:07:33.797] [warning] Couldn't find file 'thumb_proximal_lvs.vtp'.
[2026-02-16 16:07:33.797] [warning] Couldn't find file 'thumb_distal_lvs.vtp'.
[2026-02-16 16:07:33.802] [info] No external loads will be applied (external loads file not specified).
[2026-02-16 16:07:33.814] [info] Loading coordinates from file 'C:\Users\Israel Luis\Documents\GitHub\GoalOptimized\Database\sub1\IK\IK_sub1_v2_t2.mot'.
[2026-02-16 16:07:33.814] [info] Storage: read data file = C:\Users\Israel Luis\Documents\GitHub\GoalOptimized\Database\sub1\IK\IK_sub1_v2_t2.mot (nr=118 nc=40)
[2026-02-16 16:07:34.375] [info] Found 118 state vectors with time stamps ranging from 0.04 to 1.21.
[2026-02-16 16:07:34.375] [info] Executing the analyses from 0.04 to 1.21...
[2026-02-16 16:07:38.677] [info] Printing results of investigation IK_sub1_v2_t2 to C:\Users\Israel Luis\Documents\GitHub\GoalOptimized\ProjectResults\DSE\sub1\multiCycle\Je\MuscleAnalysis
[2026-02-16 16:07:42.954] [info] Updating Model file from 40000 to latest format...
[2026-02-16 16:07:42.971] [info] Loaded model 1_scaled_rajagopal2022 from file C:\Users\Israel Luis\Documents\GitHub\GoalOptimized\Database\sub1\model\model_rajagopal2022_sub1.osim
[2026-02-16 16:07:42.972] [warning] Couldn't find file 'r_pelvis.vtp'.
[2026-02-16 16:07:42.972] [warning] Couldn't find file 'l_pelvis.vtp'.
[2026-02-16 16:07:42.972] [warning] Couldn't find file 'sacrum.vtp'.
[2026-02-16 16:07:42.972] [warning] Couldn't find file 'r_femur.vtp'.
[2026-02-16 16:07:42.972] [warning] Couldn't find file 'r_tibia.vtp'.
[2026-02-16 16:07:42.972] [warning] Couldn't find file 'r_fibula.vtp'.
[2026-02-16 16:07:42.972] [warning] Couldn't find file 'r_patella.vtp'.
[2026-02-16 16:07:42.972] [warning] Couldn't find file 'r_talus.vtp'.
[2026-02-16 16:07:42.972] [warning] Couldn't find file 'r_foot.vtp'.
[2026-02-16 16:07:42.972] [warning] Couldn't find file 'r_bofoot.vtp'.
[2026-02-16 16:07:42.972] [warning] Couldn't find file 'l_femur.vtp'.
[2026-02-16 16:07:42.972] [warning] Couldn't find file 'l_tibia.vtp'.
[2026-02-16 16:07:42.972] [warning] Couldn't find file 'l_fibula.vtp'.
[2026-02-16 16:07:42.972] [warning] Couldn't find file 'l_patella.vtp'.
[2026-02-16 16:07:42.972] [warning] Couldn't find file 'l_talus.vtp'.
[2026-02-16 16:07:42.972] [warning] Couldn't find file 'l_foot.vtp'.
[2026-02-16 16:07:42.972] [warning] Couldn't find file 'l_bofoot.vtp'.
[2026-02-16 16:07:42.972] [warning] Couldn't find file 'hat_spine.vtp'.
[2026-02-16 16:07:42.972] [warning] Couldn't find file 'hat_jaw.vtp'.
[2026-02-16 16:07:42.972] [warning] Couldn't find file 'hat_skull.vtp'.
[2026-02-16 16:07:42.973] [warning] Couldn't find file 'hat_ribs_scap.vtp'.
[2026-02-16 16:07:42.973] [warning] Couldn't find file 'humerus_rv.vtp'.
[2026-02-16 16:07:42.973] [warning] Couldn't find file 'ulna_rv.vtp'.
[2026-02-16 16:07:42.973] [warning] Couldn't find file 'radius_rv.vtp'.
[2026-02-16 16:07:42.973] [warning] Couldn't find file 'pisiform_rvs.vtp'.
[2026-02-16 16:07:42.973] [warning] Couldn't find file 'lunate_rvs.vtp'.
[2026-02-16 16:07:42.973] [warning] Couldn't find file 'scaphoid_rvs.vtp'.
[2026-02-16 16:07:42.973] [warning] Couldn't find file 'triquetrum_rvs.vtp'.
[2026-02-16 16:07:42.973] [warning] Couldn't find file 'hamate_rvs.vtp'.
[2026-02-16 16:07:42.973] [warning] Couldn't find file 'capitate_rvs.vtp'.
[2026-02-16 16:07:42.973] [warning] Couldn't find file 'trapezoid_rvs.vtp'.
[2026-02-16 16:07:42.973] [warning] Couldn't find file 'trapezium_rvs.vtp'.
[2026-02-16 16:07:42.973] [warning] Couldn't find file 'metacarpal2_rvs.vtp'.
[2026-02-16 16:07:42.973] [warning] Couldn't find file 'index_proximal_rvs.vtp'.
[2026-02-16 16:07:42.973] [warning] Couldn't find file 'index_medial_rvs.vtp'.
[2026-02-16 16:07:42.973] [warning] Couldn't find file 'index_distal_rvs.vtp'.
[2026-02-16 16:07:42.973] [warning] Couldn't find file 'metacarpal3_rvs.vtp'.
[2026-02-16 16:07:42.973] [warning] Couldn't find file 'middle_proximal_rvs.vtp'.
[2026-02-16 16:07:42.973] [warning] Couldn't find file 'middle_medial_rvs.vtp'.
[2026-02-16 16:07:42.973] [warning] Couldn't find file 'middle_distal_rvs.vtp'.
[2026-02-16 16:07:42.973] [warning] Couldn't find file 'metacarpal4_rvs.vtp'.
[2026-02-16 16:07:42.973] [warning] Couldn't find file 'ring_proximal_rvs.vtp'.
[2026-02-16 16:07:42.973] [warning] Couldn't find file 'ring_medial_rvs.vtp'.
[2026-02-16 16:07:42.973] [warning] Couldn't find file 'ring_distal_rvs.vtp'.
[2026-02-16 16:07:42.973] [warning] Couldn't find file 'metacarpal5_rvs.vtp'.
[2026-02-16 16:07:42.973] [warning] Couldn't find file 'little_proximal_rvs.vtp'.
[2026-02-16 16:07:42.973] [warning] Couldn't find file 'little_medial_rvs.vtp'.
[2026-02-16 16:07:42.974] [warning] Couldn't find file 'little_distal_rvs.vtp'.
[2026-02-16 16:07:42.974] [warning] Couldn't find file 'metacarpal1_rvs.vtp'.
[2026-02-16 16:07:42.974] [warning] Couldn't find file 'thumb_proximal_rvs.vtp'.
[2026-02-16 16:07:42.974] [warning] Couldn't find file 'thumb_distal_rvs.vtp'.
[2026-02-16 16:07:42.974] [warning] Couldn't find file 'humerus_lv.vtp'.
[2026-02-16 16:07:42.974] [warning] Couldn't find file 'ulna_lv.vtp'.
[2026-02-16 16:07:42.974] [warning] Couldn't find file 'radius_lv.vtp'.
[2026-02-16 16:07:42.974] [warning] Couldn't find file 'pisiform_lvs.vtp'.
[2026-02-16 16:07:42.974] [warning] Couldn't find file 'lunate_lvs.vtp'.
[2026-02-16 16:07:42.974] [warning] Couldn't find file 'scaphoid_lvs.vtp'.
[2026-02-16 16:07:42.974] [warning] Couldn't find file 'triquetrum_lvs.vtp'.
[2026-02-16 16:07:42.974] [warning] Couldn't find file 'hamate_lvs.vtp'.
[2026-02-16 16:07:42.974] [warning] Couldn't find file 'capitate_lvs.vtp'.
[2026-02-16 16:07:42.974] [warning] Couldn't find file 'trapezoid_lvs.vtp'.
[2026-02-16 16:07:42.974] [warning] Couldn't find file 'trapezium_lvs.vtp'.
[2026-02-16 16:07:42.974] [warning] Couldn't find file 'metacarpal2_lvs.vtp'.
[2026-02-16 16:07:42.974] [warning] Couldn't find file 'index_proximal_lvs.vtp'.
[2026-02-16 16:07:42.974] [warning] Couldn't find file 'index_medial_lvs.vtp'.
[2026-02-16 16:07:42.974] [warning] Couldn't find file 'index_distal_lvs.vtp'.
[2026-02-16 16:07:42.974] [warning] Couldn't find file 'metacarpal3_lvs.vtp'.
[2026-02-16 16:07:42.974] [warning] Couldn't find file 'middle_proximal_lvs.vtp'.
[2026-02-16 16:07:42.974] [warning] Couldn't find file 'middle_medial_lvs.vtp'.
[2026-02-16 16:07:42.974] [warning] Couldn't find file 'middle_distal_lvs.vtp'.
[2026-02-16 16:07:42.974] [warning] Couldn't find file 'metacarpal4_lvs.vtp'.
[2026-02-16 16:07:42.974] [warning] Couldn't find file 'ring_proximal_lvs.vtp'.
[2026-02-16 16:07:42.974] [warning] Couldn't find file 'ring_medial_lvs.vtp'.
[2026-02-16 16:07:42.974] [warning] Couldn't find file 'ring_distal_lvs.vtp'.
[2026-02-16 16:07:42.975] [warning] Couldn't find file 'metacarpal5_lvs.vtp'.
[2026-02-16 16:07:42.975] [warning] Couldn't find file 'little_proximal_lvs.vtp'.
[2026-02-16 16:07:42.975] [warning] Couldn't find file 'little_medial_lvs.vtp'.
[2026-02-16 16:07:42.975] [warning] Couldn't find file 'little_distal_lvs.vtp'.
[2026-02-16 16:07:42.975] [warning] Couldn't find file 'metacarpal1_lvs.vtp'.
[2026-02-16 16:07:42.975] [warning] Couldn't find file 'thumb_proximal_lvs.vtp'.
[2026-02-16 16:07:42.975] [warning] Couldn't find file 'thumb_distal_lvs.vtp'.
[2026-02-16 16:07:42.979] [info] AbstractTool IK_sub1_v2_t3 loading model C:\Users\Israel Luis\Documents\GitHub\GoalOptimized\Database\sub1\model\model_rajagopal2022_sub1.osim
[2026-02-16 16:07:42.994] [info] Updating Model file from 40000 to latest format...
[2026-02-16 16:07:43.013] [info] Loaded model 1_scaled_rajagopal2022 from file C:\Users\Israel Luis\Documents\GitHub\GoalOptimized\Database\sub1\model\model_rajagopal2022_sub1.osim
[2026-02-16 16:07:43.013] [warning] Couldn't find file 'r_pelvis.vtp'.
[2026-02-16 16:07:43.013] [warning] Couldn't find file 'l_pelvis.vtp'.
[2026-02-16 16:07:43.013] [warning] Couldn't find file 'sacrum.vtp'.
[2026-02-16 16:07:43.013] [warning] Couldn't find file 'r_femur.vtp'.
[2026-02-16 16:07:43.013] [warning] Couldn't find file 'r_tibia.vtp'.
[2026-02-16 16:07:43.013] [warning] Couldn't find file 'r_fibula.vtp'.
[2026-02-16 16:07:43.013] [warning] Couldn't find file 'r_patella.vtp'.
[2026-02-16 16:07:43.013] [warning] Couldn't find file 'r_talus.vtp'.
[2026-02-16 16:07:43.013] [warning] Couldn't find file 'r_foot.vtp'.
[2026-02-16 16:07:43.013] [warning] Couldn't find file 'r_bofoot.vtp'.
[2026-02-16 16:07:43.013] [warning] Couldn't find file 'l_femur.vtp'.
[2026-02-16 16:07:43.014] [warning] Couldn't find file 'l_tibia.vtp'.
[2026-02-16 16:07:43.014] [warning] Couldn't find file 'l_fibula.vtp'.
[2026-02-16 16:07:43.014] [warning] Couldn't find file 'l_patella.vtp'.
[2026-02-16 16:07:43.014] [warning] Couldn't find file 'l_talus.vtp'.
[2026-02-16 16:07:43.014] [warning] Couldn't find file 'l_foot.vtp'.
[2026-02-16 16:07:43.014] [warning] Couldn't find file 'l_bofoot.vtp'.
[2026-02-16 16:07:43.014] [warning] Couldn't find file 'hat_spine.vtp'.
[2026-02-16 16:07:43.014] [warning] Couldn't find file 'hat_jaw.vtp'.
[2026-02-16 16:07:43.014] [warning] Couldn't find file 'hat_skull.vtp'.
[2026-02-16 16:07:43.014] [warning] Couldn't find file 'hat_ribs_scap.vtp'.
[2026-02-16 16:07:43.014] [warning] Couldn't find file 'humerus_rv.vtp'.
[2026-02-16 16:07:43.014] [warning] Couldn't find file 'ulna_rv.vtp'.
[2026-02-16 16:07:43.014] [warning] Couldn't find file 'radius_rv.vtp'.
[2026-02-16 16:07:43.014] [warning] Couldn't find file 'pisiform_rvs.vtp'.
[2026-02-16 16:07:43.014] [warning] Couldn't find file 'lunate_rvs.vtp'.
[2026-02-16 16:07:43.014] [warning] Couldn't find file 'scaphoid_rvs.vtp'.
[2026-02-16 16:07:43.014] [warning] Couldn't find file 'triquetrum_rvs.vtp'.
[2026-02-16 16:07:43.014] [warning] Couldn't find file 'hamate_rvs.vtp'.
[2026-02-16 16:07:43.014] [warning] Couldn't find file 'capitate_rvs.vtp'.
[2026-02-16 16:07:43.014] [warning] Couldn't find file 'trapezoid_rvs.vtp'.
[2026-02-16 16:07:43.014] [warning] Couldn't find file 'trapezium_rvs.vtp'.
[2026-02-16 16:07:43.014] [warning] Couldn't find file 'metacarpal2_rvs.vtp'.
[2026-02-16 16:07:43.014] [warning] Couldn't find file 'index_proximal_rvs.vtp'.
[2026-02-16 16:07:43.014] [warning] Couldn't find file 'index_medial_rvs.vtp'.
[2026-02-16 16:07:43.014] [warning] Couldn't find file 'index_distal_rvs.vtp'.
[2026-02-16 16:07:43.014] [warning] Couldn't find file 'metacarpal3_rvs.vtp'.
[2026-02-16 16:07:43.014] [warning] Couldn't find file 'middle_proximal_rvs.vtp'.
[2026-02-16 16:07:43.015] [warning] Couldn't find file 'middle_medial_rvs.vtp'.
[2026-02-16 16:07:43.015] [warning] Couldn't find file 'middle_distal_rvs.vtp'.
[2026-02-16 16:07:43.015] [warning] Couldn't find file 'metacarpal4_rvs.vtp'.
[2026-02-16 16:07:43.015] [warning] Couldn't find file 'ring_proximal_rvs.vtp'.
[2026-02-16 16:07:43.015] [warning] Couldn't find file 'ring_medial_rvs.vtp'.
[2026-02-16 16:07:43.015] [warning] Couldn't find file 'ring_distal_rvs.vtp'.
[2026-02-16 16:07:43.015] [warning] Couldn't find file 'metacarpal5_rvs.vtp'.
[2026-02-16 16:07:43.015] [warning] Couldn't find file 'little_proximal_rvs.vtp'.
[2026-02-16 16:07:43.015] [warning] Couldn't find file 'little_medial_rvs.vtp'.
[2026-02-16 16:07:43.015] [warning] Couldn't find file 'little_distal_rvs.vtp'.
[2026-02-16 16:07:43.015] [warning] Couldn't find file 'metacarpal1_rvs.vtp'.
[2026-02-16 16:07:43.015] [warning] Couldn't find file 'thumb_proximal_rvs.vtp'.
[2026-02-16 16:07:43.015] [warning] Couldn't find file 'thumb_distal_rvs.vtp'.
[2026-02-16 16:07:43.015] [warning] Couldn't find file 'humerus_lv.vtp'.
[2026-02-16 16:07:43.015] [warning] Couldn't find file 'ulna_lv.vtp'.
[2026-02-16 16:07:43.015] [warning] Couldn't find file 'radius_lv.vtp'.
[2026-02-16 16:07:43.015] [warning] Couldn't find file 'pisiform_lvs.vtp'.
[2026-02-16 16:07:43.015] [warning] Couldn't find file 'lunate_lvs.vtp'.
[2026-02-16 16:07:43.015] [warning] Couldn't find file 'scaphoid_lvs.vtp'.
[2026-02-16 16:07:43.015] [warning] Couldn't find file 'triquetrum_lvs.vtp'.
[2026-02-16 16:07:43.015] [warning] Couldn't find file 'hamate_lvs.vtp'.
[2026-02-16 16:07:43.015] [warning] Couldn't find file 'capitate_lvs.vtp'.
[2026-02-16 16:07:43.015] [warning] Couldn't find file 'trapezoid_lvs.vtp'.
[2026-02-16 16:07:43.015] [warning] Couldn't find file 'trapezium_lvs.vtp'.
[2026-02-16 16:07:43.015] [warning] Couldn't find file 'metacarpal2_lvs.vtp'.
[2026-02-16 16:07:43.015] [warning] Couldn't find file 'index_proximal_lvs.vtp'.
[2026-02-16 16:07:43.015] [warning] Couldn't find file 'index_medial_lvs.vtp'.
[2026-02-16 16:07:43.015] [warning] Couldn't find file 'index_distal_lvs.vtp'.
[2026-02-16 16:07:43.016] [warning] Couldn't find file 'metacarpal3_lvs.vtp'.
[2026-02-16 16:07:43.016] [warning] Couldn't find file 'middle_proximal_lvs.vtp'.
[2026-02-16 16:07:43.016] [warning] Couldn't find file 'middle_medial_lvs.vtp'.
[2026-02-16 16:07:43.016] [warning] Couldn't find file 'middle_distal_lvs.vtp'.
[2026-02-16 16:07:43.016] [warning] Couldn't find file 'metacarpal4_lvs.vtp'.
[2026-02-16 16:07:43.016] [warning] Couldn't find file 'ring_proximal_lvs.vtp'.
[2026-02-16 16:07:43.016] [warning] Couldn't find file 'ring_medial_lvs.vtp'.
[2026-02-16 16:07:43.016] [warning] Couldn't find file 'ring_distal_lvs.vtp'.
[2026-02-16 16:07:43.016] [warning] Couldn't find file 'metacarpal5_lvs.vtp'.
[2026-02-16 16:07:43.016] [warning] Couldn't find file 'little_proximal_lvs.vtp'.
[2026-02-16 16:07:43.016] [warning] Couldn't find file 'little_medial_lvs.vtp'.
[2026-02-16 16:07:43.016] [warning] Couldn't find file 'little_distal_lvs.vtp'.
[2026-02-16 16:07:43.016] [warning] Couldn't find file 'metacarpal1_lvs.vtp'.
[2026-02-16 16:07:43.016] [warning] Couldn't find file 'thumb_proximal_lvs.vtp'.
[2026-02-16 16:07:43.016] [warning] Couldn't find file 'thumb_distal_lvs.vtp'.
[2026-02-16 16:07:43.021] [info] No external loads will be applied (external loads file not specified).
[2026-02-16 16:07:43.033] [info] Loading coordinates from file 'C:\Users\Israel Luis\Documents\GitHub\GoalOptimized\Database\sub1\IK\IK_sub1_v2_t3.mot'.
[2026-02-16 16:07:43.033] [info] Storage: read data file = C:\Users\Israel Luis\Documents\GitHub\GoalOptimized\Database\sub1\IK\IK_sub1_v2_t3.mot (nr=115 nc=40)
[2026-02-16 16:07:43.590] [info] Found 115 state vectors with time stamps ranging from 1.11 to 2.25.
[2026-02-16 16:07:43.590] [info] Executing the analyses from 1.11 to 2.25...
[2026-02-16 16:07:47.845] [info] Printing results of investigation IK_sub1_v2_t3 to C:\Users\Israel Luis\Documents\GitHub\GoalOptimized\ProjectResults\DSE\sub1\multiCycle\Je\MuscleAnalysis
[2026-02-16 16:09:21.668] [info] Updating Model file from 40000 to latest format...
[2026-02-16 16:09:21.688] [info] Loaded model 1_scaled_rajagopal2022 from file C:\Users\Israel Luis\Documents\GitHub\GoalOptimized\Database\sub1\model\model_rajagopal2022_sub1.osim
[2026-02-16 16:09:21.688] [warning] Couldn't find file 'r_pelvis.vtp'.
[2026-02-16 16:09:21.688] [warning] Couldn't find file 'l_pelvis.vtp'.
[2026-02-16 16:09:21.688] [warning] Couldn't find file 'sacrum.vtp'.
[2026-02-16 16:09:21.688] [warning] Couldn't find file 'r_femur.vtp'.
[2026-02-16 16:09:21.688] [warning] Couldn't find file 'r_tibia.vtp'.
[2026-02-16 16:09:21.688] [warning] Couldn't find file 'r_fibula.vtp'.
[2026-02-16 16:09:21.688] [warning] Couldn't find file 'r_patella.vtp'.
[2026-02-16 16:09:21.688] [warning] Couldn't find file 'r_talus.vtp'.
[2026-02-16 16:09:21.688] [warning] Couldn't find file 'r_foot.vtp'.
[2026-02-16 16:09:21.688] [warning] Couldn't find file 'r_bofoot.vtp'.
[2026-02-16 16:09:21.689] [warning] Couldn't find file 'l_femur.vtp'.
[2026-02-16 16:09:21.689] [warning] Couldn't find file 'l_tibia.vtp'.
[2026-02-16 16:09:21.689] [warning] Couldn't find file 'l_fibula.vtp'.
[2026-02-16 16:09:21.689] [warning] Couldn't find file 'l_patella.vtp'.
[2026-02-16 16:09:21.689] [warning] Couldn't find file 'l_talus.vtp'.
[2026-02-16 16:09:21.689] [warning] Couldn't find file 'l_foot.vtp'.
[2026-02-16 16:09:21.689] [warning] Couldn't find file 'l_bofoot.vtp'.
[2026-02-16 16:09:21.689] [warning] Couldn't find file 'hat_spine.vtp'.
[2026-02-16 16:09:21.689] [warning] Couldn't find file 'hat_jaw.vtp'.
[2026-02-16 16:09:21.689] [warning] Couldn't find file 'hat_skull.vtp'.
[2026-02-16 16:09:21.689] [warning] Couldn't find file 'hat_ribs_scap.vtp'.
[2026-02-16 16:09:21.689] [warning] Couldn't find file 'humerus_rv.vtp'.
[2026-02-16 16:09:21.689] [warning] Couldn't find file 'ulna_rv.vtp'.
[2026-02-16 16:09:21.689] [warning] Couldn't find file 'radius_rv.vtp'.
[2026-02-16 16:09:21.689] [warning] Couldn't find file 'pisiform_rvs.vtp'.
[2026-02-16 16:09:21.689] [warning] Couldn't find file 'lunate_rvs.vtp'.
[2026-02-16 16:09:21.689] [warning] Couldn't find file 'scaphoid_rvs.vtp'.
[2026-02-16 16:09:21.689] [warning] Couldn't find file 'triquetrum_rvs.vtp'.
[2026-02-16 16:09:21.689] [warning] Couldn't find file 'hamate_rvs.vtp'.
[2026-02-16 16:09:21.689] [warning] Couldn't find file 'capitate_rvs.vtp'.
[2026-02-16 16:09:21.689] [warning] Couldn't find file 'trapezoid_rvs.vtp'.
[2026-02-16 16:09:21.689] [warning] Couldn't find file 'trapezium_rvs.vtp'.
[2026-02-16 16:09:21.689] [warning] Couldn't find file 'metacarpal2_rvs.vtp'.
[2026-02-16 16:09:21.689] [warning] Couldn't find file 'index_proximal_rvs.vtp'.
[2026-02-16 16:09:21.689] [warning] Couldn't find file 'index_medial_rvs.vtp'.
[2026-02-16 16:09:21.690] [warning] Couldn't find file 'index_distal_rvs.vtp'.
[2026-02-16 16:09:21.690] [warning] Couldn't find file 'metacarpal3_rvs.vtp'.
[2026-02-16 16:09:21.690] [warning] Couldn't find file 'middle_proximal_rvs.vtp'.
[2026-02-16 16:09:21.690] [warning] Couldn't find file 'middle_medial_rvs.vtp'.
[2026-02-16 16:09:21.690] [warning] Couldn't find file 'middle_distal_rvs.vtp'.
[2026-02-16 16:09:21.690] [warning] Couldn't find file 'metacarpal4_rvs.vtp'.
[2026-02-16 16:09:21.690] [warning] Couldn't find file 'ring_proximal_rvs.vtp'.
[2026-02-16 16:09:21.690] [warning] Couldn't find file 'ring_medial_rvs.vtp'.
[2026-02-16 16:09:21.690] [warning] Couldn't find file 'ring_distal_rvs.vtp'.
[2026-02-16 16:09:21.690] [warning] Couldn't find file 'metacarpal5_rvs.vtp'.
[2026-02-16 16:09:21.690] [warning] Couldn't find file 'little_proximal_rvs.vtp'.
[2026-02-16 16:09:21.690] [warning] Couldn't find file 'little_medial_rvs.vtp'.
[2026-02-16 16:09:21.690] [warning] Couldn't find file 'little_distal_rvs.vtp'.
[2026-02-16 16:09:21.690] [warning] Couldn't find file 'metacarpal1_rvs.vtp'.
[2026-02-16 16:09:21.690] [warning] Couldn't find file 'thumb_proximal_rvs.vtp'.
[2026-02-16 16:09:21.690] [warning] Couldn't find file 'thumb_distal_rvs.vtp'.
[2026-02-16 16:09:21.690] [warning] Couldn't find file 'humerus_lv.vtp'.
[2026-02-16 16:09:21.690] [warning] Couldn't find file 'ulna_lv.vtp'.
[2026-02-16 16:09:21.690] [warning] Couldn't find file 'radius_lv.vtp'.
[2026-02-16 16:09:21.690] [warning] Couldn't find file 'pisiform_lvs.vtp'.
[2026-02-16 16:09:21.690] [warning] Couldn't find file 'lunate_lvs.vtp'.
[2026-02-16 16:09:21.690] [warning] Couldn't find file 'scaphoid_lvs.vtp'.
[2026-02-16 16:09:21.690] [warning] Couldn't find file 'triquetrum_lvs.vtp'.
[2026-02-16 16:09:21.690] [warning] Couldn't find file 'hamate_lvs.vtp'.
[2026-02-16 16:09:21.690] [warning] Couldn't find file 'capitate_lvs.vtp'.
[2026-02-16 16:09:21.691] [warning] Couldn't find file 'trapezoid_lvs.vtp'.
[2026-02-16 16:09:21.691] [warning] Couldn't find file 'trapezium_lvs.vtp'.
[2026-02-16 16:09:21.691] [warning] Couldn't find file 'metacarpal2_lvs.vtp'.
[2026-02-16 16:09:21.691] [warning] Couldn't find file 'index_proximal_lvs.vtp'.
[2026-02-16 16:09:21.691] [warning] Couldn't find file 'index_medial_lvs.vtp'.
[2026-02-16 16:09:21.691] [warning] Couldn't find file 'index_distal_lvs.vtp'.
[2026-02-16 16:09:21.691] [warning] Couldn't find file 'metacarpal3_lvs.vtp'.
[2026-02-16 16:09:21.691] [warning] Couldn't find file 'middle_proximal_lvs.vtp'.
[2026-02-16 16:09:21.691] [warning] Couldn't find file 'middle_medial_lvs.vtp'.
[2026-02-16 16:09:21.691] [warning] Couldn't find file 'middle_distal_lvs.vtp'.
[2026-02-16 16:09:21.691] [warning] Couldn't find file 'metacarpal4_lvs.vtp'.
[2026-02-16 16:09:21.691] [warning] Couldn't find file 'ring_proximal_lvs.vtp'.
[2026-02-16 16:09:21.691] [warning] Couldn't find file 'ring_medial_lvs.vtp'.
[2026-02-16 16:09:21.691] [warning] Couldn't find file 'ring_distal_lvs.vtp'.
[2026-02-16 16:09:21.691] [warning] Couldn't find file 'metacarpal5_lvs.vtp'.
[2026-02-16 16:09:21.691] [warning] Couldn't find file 'little_proximal_lvs.vtp'.
[2026-02-16 16:09:21.691] [warning] Couldn't find file 'little_medial_lvs.vtp'.
[2026-02-16 16:09:21.691] [warning] Couldn't find file 'little_distal_lvs.vtp'.
[2026-02-16 16:09:21.691] [warning] Couldn't find file 'metacarpal1_lvs.vtp'.
[2026-02-16 16:09:21.691] [warning] Couldn't find file 'thumb_proximal_lvs.vtp'.
[2026-02-16 16:09:21.691] [warning] Couldn't find file 'thumb_distal_lvs.vtp'.
[2026-02-16 16:09:21.696] [info] AbstractTool IK_sub1_v2_t1 loading model C:\Users\Israel Luis\Documents\GitHub\GoalOptimized\Database\sub1\model\model_rajagopal2022_sub1.osim
[2026-02-16 16:09:21.710] [info] Updating Model file from 40000 to latest format...
[2026-02-16 16:09:21.727] [info] Loaded model 1_scaled_rajagopal2022 from file C:\Users\Israel Luis\Documents\GitHub\GoalOptimized\Database\sub1\model\model_rajagopal2022_sub1.osim
[2026-02-16 16:09:21.727] [warning] Couldn't find file 'r_pelvis.vtp'.
[2026-02-16 16:09:21.727] [warning] Couldn't find file 'l_pelvis.vtp'.
[2026-02-16 16:09:21.727] [warning] Couldn't find file 'sacrum.vtp'.
[2026-02-16 16:09:21.727] [warning] Couldn't find file 'r_femur.vtp'.
[2026-02-16 16:09:21.727] [warning] Couldn't find file 'r_tibia.vtp'.
[2026-02-16 16:09:21.727] [warning] Couldn't find file 'r_fibula.vtp'.
[2026-02-16 16:09:21.727] [warning] Couldn't find file 'r_patella.vtp'.
[2026-02-16 16:09:21.727] [warning] Couldn't find file 'r_talus.vtp'.
[2026-02-16 16:09:21.727] [warning] Couldn't find file 'r_foot.vtp'.
[2026-02-16 16:09:21.727] [warning] Couldn't find file 'r_bofoot.vtp'.
[2026-02-16 16:09:21.727] [warning] Couldn't find file 'l_femur.vtp'.
[2026-02-16 16:09:21.727] [warning] Couldn't find file 'l_tibia.vtp'.
[2026-02-16 16:09:21.727] [warning] Couldn't find file 'l_fibula.vtp'.
[2026-02-16 16:09:21.727] [warning] Couldn't find file 'l_patella.vtp'.
[2026-02-16 16:09:21.727] [warning] Couldn't find file 'l_talus.vtp'.
[2026-02-16 16:09:21.728] [warning] Couldn't find file 'l_foot.vtp'.
[2026-02-16 16:09:21.728] [warning] Couldn't find file 'l_bofoot.vtp'.
[2026-02-16 16:09:21.728] [warning] Couldn't find file 'hat_spine.vtp'.
[2026-02-16 16:09:21.728] [warning] Couldn't find file 'hat_jaw.vtp'.
[2026-02-16 16:09:21.728] [warning] Couldn't find file 'hat_skull.vtp'.
[2026-02-16 16:09:21.728] [warning] Couldn't find file 'hat_ribs_scap.vtp'.
[2026-02-16 16:09:21.728] [warning] Couldn't find file 'humerus_rv.vtp'.
[2026-02-16 16:09:21.728] [warning] Couldn't find file 'ulna_rv.vtp'.
[2026-02-16 16:09:21.728] [warning] Couldn't find file 'radius_rv.vtp'.
[2026-02-16 16:09:21.728] [warning] Couldn't find file 'pisiform_rvs.vtp'.
[2026-02-16 16:09:21.728] [warning] Couldn't find file 'lunate_rvs.vtp'.
[2026-02-16 16:09:21.728] [warning] Couldn't find file 'scaphoid_rvs.vtp'.
[2026-02-16 16:09:21.728] [warning] Couldn't find file 'triquetrum_rvs.vtp'.
[2026-02-16 16:09:21.728] [warning] Couldn't find file 'hamate_rvs.vtp'.
[2026-02-16 16:09:21.728] [warning] Couldn't find file 'capitate_rvs.vtp'.
[2026-02-16 16:09:21.728] [warning] Couldn't find file 'trapezoid_rvs.vtp'.
[2026-02-16 16:09:21.728] [warning] Couldn't find file 'trapezium_rvs.vtp'.
[2026-02-16 16:09:21.728] [warning] Couldn't find file 'metacarpal2_rvs.vtp'.
[2026-02-16 16:09:21.728] [warning] Couldn't find file 'index_proximal_rvs.vtp'.
[2026-02-16 16:09:21.728] [warning] Couldn't find file 'index_medial_rvs.vtp'.
[2026-02-16 16:09:21.728] [warning] Couldn't find file 'index_distal_rvs.vtp'.
[2026-02-16 16:09:21.728] [warning] Couldn't find file 'metacarpal3_rvs.vtp'.
[2026-02-16 16:09:21.728] [warning] Couldn't find file 'middle_proximal_rvs.vtp'.
[2026-02-16 16:09:21.728] [warning] Couldn't find file 'middle_medial_rvs.vtp'.
[2026-02-16 16:09:21.728] [warning] Couldn't find file 'middle_distal_rvs.vtp'.
[2026-02-16 16:09:21.728] [warning] Couldn't find file 'metacarpal4_rvs.vtp'.
[2026-02-16 16:09:21.728] [warning] Couldn't find file 'ring_proximal_rvs.vtp'.
[2026-02-16 16:09:21.729] [warning] Couldn't find file 'ring_medial_rvs.vtp'.
[2026-02-16 16:09:21.729] [warning] Couldn't find file 'ring_distal_rvs.vtp'.
[2026-02-16 16:09:21.729] [warning] Couldn't find file 'metacarpal5_rvs.vtp'.
[2026-02-16 16:09:21.729] [warning] Couldn't find file 'little_proximal_rvs.vtp'.
[2026-02-16 16:09:21.729] [warning] Couldn't find file 'little_medial_rvs.vtp'.
[2026-02-16 16:09:21.729] [warning] Couldn't find file 'little_distal_rvs.vtp'.
[2026-02-16 16:09:21.729] [warning] Couldn't find file 'metacarpal1_rvs.vtp'.
[2026-02-16 16:09:21.729] [warning] Couldn't find file 'thumb_proximal_rvs.vtp'.
[2026-02-16 16:09:21.729] [warning] Couldn't find file 'thumb_distal_rvs.vtp'.
[2026-02-16 16:09:21.729] [warning] Couldn't find file 'humerus_lv.vtp'.
[2026-02-16 16:09:21.729] [warning] Couldn't find file 'ulna_lv.vtp'.
[2026-02-16 16:09:21.729] [warning] Couldn't find file 'radius_lv.vtp'.
[2026-02-16 16:09:21.729] [warning] Couldn't find file 'pisiform_lvs.vtp'.
[2026-02-16 16:09:21.729] [warning] Couldn't find file 'lunate_lvs.vtp'.
[2026-02-16 16:09:21.729] [warning] Couldn't find file 'scaphoid_lvs.vtp'.
[2026-02-16 16:09:21.729] [warning] Couldn't find file 'triquetrum_lvs.vtp'.
[2026-02-16 16:09:21.729] [warning] Couldn't find file 'hamate_lvs.vtp'.
[2026-02-16 16:09:21.729] [warning] Couldn't find file 'capitate_lvs.vtp'.
[2026-02-16 16:09:21.729] [warning] Couldn't find file 'trapezoid_lvs.vtp'.
[2026-02-16 16:09:21.729] [warning] Couldn't find file 'trapezium_lvs.vtp'.
[2026-02-16 16:09:21.729] [warning] Couldn't find file 'metacarpal2_lvs.vtp'.
[2026-02-16 16:09:21.729] [warning] Couldn't find file 'index_proximal_lvs.vtp'.
[2026-02-16 16:09:21.729] [warning] Couldn't find file 'index_medial_lvs.vtp'.
[2026-02-16 16:09:21.729] [warning] Couldn't find file 'index_distal_lvs.vtp'.
[2026-02-16 16:09:21.729] [warning] Couldn't find file 'metacarpal3_lvs.vtp'.
[2026-02-16 16:09:21.729] [warning] Couldn't find file 'middle_proximal_lvs.vtp'.
[2026-02-16 16:09:21.729] [warning] Couldn't find file 'middle_medial_lvs.vtp'.
[2026-02-16 16:09:21.729] [warning] Couldn't find file 'middle_distal_lvs.vtp'.
[2026-02-16 16:09:21.730] [warning] Couldn't find file 'metacarpal4_lvs.vtp'.
[2026-02-16 16:09:21.730] [warning] Couldn't find file 'ring_proximal_lvs.vtp'.
[2026-02-16 16:09:21.730] [warning] Couldn't find file 'ring_medial_lvs.vtp'.
[2026-02-16 16:09:21.730] [warning] Couldn't find file 'ring_distal_lvs.vtp'.
[2026-02-16 16:09:21.730] [warning] Couldn't find file 'metacarpal5_lvs.vtp'.
[2026-02-16 16:09:21.730] [warning] Couldn't find file 'little_proximal_lvs.vtp'.
[2026-02-16 16:09:21.730] [warning] Couldn't find file 'little_medial_lvs.vtp'.
[2026-02-16 16:09:21.730] [warning] Couldn't find file 'little_distal_lvs.vtp'.
[2026-02-16 16:09:21.730] [warning] Couldn't find file 'metacarpal1_lvs.vtp'.
[2026-02-16 16:09:21.730] [warning] Couldn't find file 'thumb_proximal_lvs.vtp'.
[2026-02-16 16:09:21.730] [warning] Couldn't find file 'thumb_distal_lvs.vtp'.
[2026-02-16 16:09:21.734] [info] No external loads will be applied (external loads file not specified).
[2026-02-16 16:09:21.745] [info] Loading coordinates from file 'C:\Users\Israel Luis\Documents\GitHub\GoalOptimized\Database\sub1\IK\IK_sub1_v2_t1.mot'.
[2026-02-16 16:09:21.745] [info] Storage: read data file = C:\Users\Israel Luis\Documents\GitHub\GoalOptimized\Database\sub1\IK\IK_sub1_v2_t1.mot (nr=119 nc=40)
[2026-02-16 16:09:22.330] [info] Found 119 state vectors with time stamps ranging from 0.57 to 1.75.
[2026-02-16 16:09:22.331] [info] Executing the analyses from 0.57 to 1.75...
[2026-02-16 16:09:26.772] [info] Printing results of investigation IK_sub1_v2_t1 to C:\Users\Israel Luis\Documents\GitHub\GoalOptimized\ProjectResults\DSE\sub1\multiCycle\Je\MuscleAnalysis
[2026-02-16 16:09:31.018] [info] Updating Model file from 40000 to latest format...
[2026-02-16 16:09:31.035] [info] Loaded model 1_scaled_rajagopal2022 from file C:\Users\Israel Luis\Documents\GitHub\GoalOptimized\Database\sub1\model\model_rajagopal2022_sub1.osim
[2026-02-16 16:09:31.036] [warning] Couldn't find file 'r_pelvis.vtp'.
[2026-02-16 16:09:31.036] [warning] Couldn't find file 'l_pelvis.vtp'.
[2026-02-16 16:09:31.036] [warning] Couldn't find file 'sacrum.vtp'.
[2026-02-16 16:09:31.036] [warning] Couldn't find file 'r_femur.vtp'.
[2026-02-16 16:09:31.036] [warning] Couldn't find file 'r_tibia.vtp'.
[2026-02-16 16:09:31.036] [warning] Couldn't find file 'r_fibula.vtp'.
[2026-02-16 16:09:31.036] [warning] Couldn't find file 'r_patella.vtp'.
[2026-02-16 16:09:31.036] [warning] Couldn't find file 'r_talus.vtp'.
[2026-02-16 16:09:31.036] [warning] Couldn't find file 'r_foot.vtp'.
[2026-02-16 16:09:31.036] [warning] Couldn't find file 'r_bofoot.vtp'.
[2026-02-16 16:09:31.036] [warning] Couldn't find file 'l_femur.vtp'.
[2026-02-16 16:09:31.036] [warning] Couldn't find file 'l_tibia.vtp'.
[2026-02-16 16:09:31.036] [warning] Couldn't find file 'l_fibula.vtp'.
[2026-02-16 16:09:31.036] [warning] Couldn't find file 'l_patella.vtp'.
[2026-02-16 16:09:31.036] [warning] Couldn't find file 'l_talus.vtp'.
[2026-02-16 16:09:31.036] [warning] Couldn't find file 'l_foot.vtp'.
[2026-02-16 16:09:31.036] [warning] Couldn't find file 'l_bofoot.vtp'.
[2026-02-16 16:09:31.036] [warning] Couldn't find file 'hat_spine.vtp'.
[2026-02-16 16:09:31.036] [warning] Couldn't find file 'hat_jaw.vtp'.
[2026-02-16 16:09:31.036] [warning] Couldn't find file 'hat_skull.vtp'.
[2026-02-16 16:09:31.036] [warning] Couldn't find file 'hat_ribs_scap.vtp'.
[2026-02-16 16:09:31.037] [warning] Couldn't find file 'humerus_rv.vtp'.
[2026-02-16 16:09:31.037] [warning] Couldn't find file 'ulna_rv.vtp'.
[2026-02-16 16:09:31.037] [warning] Couldn't find file 'radius_rv.vtp'.
[2026-02-16 16:09:31.037] [warning] Couldn't find file 'pisiform_rvs.vtp'.
[2026-02-16 16:09:31.037] [warning] Couldn't find file 'lunate_rvs.vtp'.
[2026-02-16 16:09:31.037] [warning] Couldn't find file 'scaphoid_rvs.vtp'.
[2026-02-16 16:09:31.037] [warning] Couldn't find file 'triquetrum_rvs.vtp'.
[2026-02-16 16:09:31.037] [warning] Couldn't find file 'hamate_rvs.vtp'.
[2026-02-16 16:09:31.037] [warning] Couldn't find file 'capitate_rvs.vtp'.
[2026-02-16 16:09:31.037] [warning] Couldn't find file 'trapezoid_rvs.vtp'.
[2026-02-16 16:09:31.037] [warning] Couldn't find file 'trapezium_rvs.vtp'.
[2026-02-16 16:09:31.037] [warning] Couldn't find file 'metacarpal2_rvs.vtp'.
[2026-02-16 16:09:31.037] [warning] Couldn't find file 'index_proximal_rvs.vtp'.
[2026-02-16 16:09:31.037] [warning] Couldn't find file 'index_medial_rvs.vtp'.
[2026-02-16 16:09:31.037] [warning] Couldn't find file 'index_distal_rvs.vtp'.
[2026-02-16 16:09:31.037] [warning] Couldn't find file 'metacarpal3_rvs.vtp'.
[2026-02-16 16:09:31.037] [warning] Couldn't find file 'middle_proximal_rvs.vtp'.
[2026-02-16 16:09:31.037] [warning] Couldn't find file 'middle_medial_rvs.vtp'.
[2026-02-16 16:09:31.037] [warning] Couldn't find file 'middle_distal_rvs.vtp'.
[2026-02-16 16:09:31.037] [warning] Couldn't find file 'metacarpal4_rvs.vtp'.
[2026-02-16 16:09:31.037] [warning] Couldn't find file 'ring_proximal_rvs.vtp'.
[2026-02-16 16:09:31.037] [warning] Couldn't find file 'ring_medial_rvs.vtp'.
[2026-02-16 16:09:31.037] [warning] Couldn't find file 'ring_distal_rvs.vtp'.
[2026-02-16 16:09:31.037] [warning] Couldn't find file 'metacarpal5_rvs.vtp'.
[2026-02-16 16:09:31.037] [warning] Couldn't find file 'little_proximal_rvs.vtp'.
[2026-02-16 16:09:31.037] [warning] Couldn't find file 'little_medial_rvs.vtp'.
[2026-02-16 16:09:31.037] [warning] Couldn't find file 'little_distal_rvs.vtp'.
[2026-02-16 16:09:31.037] [warning] Couldn't find file 'metacarpal1_rvs.vtp'.
[2026-02-16 16:09:31.038] [warning] Couldn't find file 'thumb_proximal_rvs.vtp'.
[2026-02-16 16:09:31.038] [warning] Couldn't find file 'thumb_distal_rvs.vtp'.
[2026-02-16 16:09:31.038] [warning] Couldn't find file 'humerus_lv.vtp'.
[2026-02-16 16:09:31.038] [warning] Couldn't find file 'ulna_lv.vtp'.
[2026-02-16 16:09:31.038] [warning] Couldn't find file 'radius_lv.vtp'.
[2026-02-16 16:09:31.038] [warning] Couldn't find file 'pisiform_lvs.vtp'.
[2026-02-16 16:09:31.038] [warning] Couldn't find file 'lunate_lvs.vtp'.
[2026-02-16 16:09:31.038] [warning] Couldn't find file 'scaphoid_lvs.vtp'.
[2026-02-16 16:09:31.038] [warning] Couldn't find file 'triquetrum_lvs.vtp'.
[2026-02-16 16:09:31.038] [warning] Couldn't find file 'hamate_lvs.vtp'.
[2026-02-16 16:09:31.038] [warning] Couldn't find file 'capitate_lvs.vtp'.
[2026-02-16 16:09:31.038] [warning] Couldn't find file 'trapezoid_lvs.vtp'.
[2026-02-16 16:09:31.038] [warning] Couldn't find file 'trapezium_lvs.vtp'.
[2026-02-16 16:09:31.038] [warning] Couldn't find file 'metacarpal2_lvs.vtp'.
[2026-02-16 16:09:31.038] [warning] Couldn't find file 'index_proximal_lvs.vtp'.
[2026-02-16 16:09:31.038] [warning] Couldn't find file 'index_medial_lvs.vtp'.
[2026-02-16 16:09:31.038] [warning] Couldn't find file 'index_distal_lvs.vtp'.
[2026-02-16 16:09:31.038] [warning] Couldn't find file 'metacarpal3_lvs.vtp'.
[2026-02-16 16:09:31.038] [warning] Couldn't find file 'middle_proximal_lvs.vtp'.
[2026-02-16 16:09:31.038] [warning] Couldn't find file 'middle_medial_lvs.vtp'.
[2026-02-16 16:09:31.038] [warning] Couldn't find file 'middle_distal_lvs.vtp'.
[2026-02-16 16:09:31.038] [warning] Couldn't find file 'metacarpal4_lvs.vtp'.
[2026-02-16 16:09:31.038] [warning] Couldn't find file 'ring_proximal_lvs.vtp'.
[2026-02-16 16:09:31.038] [warning] Couldn't find file 'ring_medial_lvs.vtp'.
[2026-02-16 16:09:31.038] [warning] Couldn't find file 'ring_distal_lvs.vtp'.
[2026-02-16 16:09:31.038] [warning] Couldn't find file 'metacarpal5_lvs.vtp'.
[2026-02-16 16:09:31.038] [warning] Couldn't find file 'little_proximal_lvs.vtp'.
[2026-02-16 16:09:31.038] [warning] Couldn't find file 'little_medial_lvs.vtp'.
[2026-02-16 16:09:31.039] [warning] Couldn't find file 'little_distal_lvs.vtp'.
[2026-02-16 16:09:31.039] [warning] Couldn't find file 'metacarpal1_lvs.vtp'.
[2026-02-16 16:09:31.039] [warning] Couldn't find file 'thumb_proximal_lvs.vtp'.
[2026-02-16 16:09:31.039] [warning] Couldn't find file 'thumb_distal_lvs.vtp'.
[2026-02-16 16:09:31.043] [info] AbstractTool IK_sub1_v2_t2 loading model C:\Users\Israel Luis\Documents\GitHub\GoalOptimized\Database\sub1\model\model_rajagopal2022_sub1.osim
[2026-02-16 16:09:31.056] [info] Updating Model file from 40000 to latest format...
[2026-02-16 16:09:31.075] [info] Loaded model 1_scaled_rajagopal2022 from file C:\Users\Israel Luis\Documents\GitHub\GoalOptimized\Database\sub1\model\model_rajagopal2022_sub1.osim
[2026-02-16 16:09:31.075] [warning] Couldn't find file 'r_pelvis.vtp'.
[2026-02-16 16:09:31.075] [warning] Couldn't find file 'l_pelvis.vtp'.
[2026-02-16 16:09:31.075] [warning] Couldn't find file 'sacrum.vtp'.
[2026-02-16 16:09:31.075] [warning] Couldn't find file 'r_femur.vtp'.
[2026-02-16 16:09:31.075] [warning] Couldn't find file 'r_tibia.vtp'.
[2026-02-16 16:09:31.075] [warning] Couldn't find file 'r_fibula.vtp'.
[2026-02-16 16:09:31.075] [warning] Couldn't find file 'r_patella.vtp'.
[2026-02-16 16:09:31.075] [warning] Couldn't find file 'r_talus.vtp'.
[2026-02-16 16:09:31.075] [warning] Couldn't find file 'r_foot.vtp'.
[2026-02-16 16:09:31.075] [warning] Couldn't find file 'r_bofoot.vtp'.
[2026-02-16 16:09:31.075] [warning] Couldn't find file 'l_femur.vtp'.
[2026-02-16 16:09:31.075] [warning] Couldn't find file 'l_tibia.vtp'.
[2026-02-16 16:09:31.075] [warning] Couldn't find file 'l_fibula.vtp'.
[2026-02-16 16:09:31.075] [warning] Couldn't find file 'l_patella.vtp'.
[2026-02-16 16:09:31.075] [warning] Couldn't find file 'l_talus.vtp'.
[2026-02-16 16:09:31.075] [warning] Couldn't find file 'l_foot.vtp'.
[2026-02-16 16:09:31.075] [warning] Couldn't find file 'l_bofoot.vtp'.
[2026-02-16 16:09:31.075] [warning] Couldn't find file 'hat_spine.vtp'.
[2026-02-16 16:09:31.076] [warning] Couldn't find file 'hat_jaw.vtp'.
[2026-02-16 16:09:31.076] [warning] Couldn't find file 'hat_skull.vtp'.
[2026-02-16 16:09:31.076] [warning] Couldn't find file 'hat_ribs_scap.vtp'.
[2026-02-16 16:09:31.076] [warning] Couldn't find file 'humerus_rv.vtp'.
[2026-02-16 16:09:31.076] [warning] Couldn't find file 'ulna_rv.vtp'.
[2026-02-16 16:09:31.076] [warning] Couldn't find file 'radius_rv.vtp'.
[2026-02-16 16:09:31.076] [warning] Couldn't find file 'pisiform_rvs.vtp'.
[2026-02-16 16:09:31.076] [warning] Couldn't find file 'lunate_rvs.vtp'.
[2026-02-16 16:09:31.076] [warning] Couldn't find file 'scaphoid_rvs.vtp'.
[2026-02-16 16:09:31.076] [warning] Couldn't find file 'triquetrum_rvs.vtp'.
[2026-02-16 16:09:31.076] [warning] Couldn't find file 'hamate_rvs.vtp'.
[2026-02-16 16:09:31.076] [warning] Couldn't find file 'capitate_rvs.vtp'.
[2026-02-16 16:09:31.076] [warning] Couldn't find file 'trapezoid_rvs.vtp'.
[2026-02-16 16:09:31.076] [warning] Couldn't find file 'trapezium_rvs.vtp'.
[2026-02-16 16:09:31.076] [warning] Couldn't find file 'metacarpal2_rvs.vtp'.
[2026-02-16 16:09:31.076] [warning] Couldn't find file 'index_proximal_rvs.vtp'.
[2026-02-16 16:09:31.076] [warning] Couldn't find file 'index_medial_rvs.vtp'.
[2026-02-16 16:09:31.076] [warning] Couldn't find file 'index_distal_rvs.vtp'.
[2026-02-16 16:09:31.076] [warning] Couldn't find file 'metacarpal3_rvs.vtp'.
[2026-02-16 16:09:31.076] [warning] Couldn't find file 'middle_proximal_rvs.vtp'.
[2026-02-16 16:09:31.076] [warning] Couldn't find file 'middle_medial_rvs.vtp'.
[2026-02-16 16:09:31.076] [warning] Couldn't find file 'middle_distal_rvs.vtp'.
[2026-02-16 16:09:31.076] [warning] Couldn't find file 'metacarpal4_rvs.vtp'.
[2026-02-16 16:09:31.076] [warning] Couldn't find file 'ring_proximal_rvs.vtp'.
[2026-02-16 16:09:31.076] [warning] Couldn't find file 'ring_medial_rvs.vtp'.
[2026-02-16 16:09:31.076] [warning] Couldn't find file 'ring_distal_rvs.vtp'.
[2026-02-16 16:09:31.076] [warning] Couldn't find file 'metacarpal5_rvs.vtp'.
[2026-02-16 16:09:31.076] [warning] Couldn't find file 'little_proximal_rvs.vtp'.
[2026-02-16 16:09:31.076] [warning] Couldn't find file 'little_medial_rvs.vtp'.
[2026-02-16 16:09:31.076] [warning] Couldn't find file 'little_distal_rvs.vtp'.
[2026-02-16 16:09:31.077] [warning] Couldn't find file 'metacarpal1_rvs.vtp'.
[2026-02-16 16:09:31.077] [warning] Couldn't find file 'thumb_proximal_rvs.vtp'.
[2026-02-16 16:09:31.077] [warning] Couldn't find file 'thumb_distal_rvs.vtp'.
[2026-02-16 16:09:31.077] [warning] Couldn't find file 'humerus_lv.vtp'.
[2026-02-16 16:09:31.077] [warning] Couldn't find file 'ulna_lv.vtp'.
[2026-02-16 16:09:31.077] [warning] Couldn't find file 'radius_lv.vtp'.
[2026-02-16 16:09:31.077] [warning] Couldn't find file 'pisiform_lvs.vtp'.
[2026-02-16 16:09:31.077] [warning] Couldn't find file 'lunate_lvs.vtp'.
[2026-02-16 16:09:31.077] [warning] Couldn't find file 'scaphoid_lvs.vtp'.
[2026-02-16 16:09:31.077] [warning] Couldn't find file 'triquetrum_lvs.vtp'.
[2026-02-16 16:09:31.077] [warning] Couldn't find file 'hamate_lvs.vtp'.
[2026-02-16 16:09:31.077] [warning] Couldn't find file 'capitate_lvs.vtp'.
[2026-02-16 16:09:31.077] [warning] Couldn't find file 'trapezoid_lvs.vtp'.
[2026-02-16 16:09:31.077] [warning] Couldn't find file 'trapezium_lvs.vtp'.
[2026-02-16 16:09:31.077] [warning] Couldn't find file 'metacarpal2_lvs.vtp'.
[2026-02-16 16:09:31.077] [warning] Couldn't find file 'index_proximal_lvs.vtp'.
[2026-02-16 16:09:31.077] [warning] Couldn't find file 'index_medial_lvs.vtp'.
[2026-02-16 16:09:31.077] [warning] Couldn't find file 'index_distal_lvs.vtp'.
[2026-02-16 16:09:31.077] [warning] Couldn't find file 'metacarpal3_lvs.vtp'.
[2026-02-16 16:09:31.077] [warning] Couldn't find file 'middle_proximal_lvs.vtp'.
[2026-02-16 16:09:31.077] [warning] Couldn't find file 'middle_medial_lvs.vtp'.
[2026-02-16 16:09:31.077] [warning] Couldn't find file 'middle_distal_lvs.vtp'.
[2026-02-16 16:09:31.077] [warning] Couldn't find file 'metacarpal4_lvs.vtp'.
[2026-02-16 16:09:31.077] [warning] Couldn't find file 'ring_proximal_lvs.vtp'.
[2026-02-16 16:09:31.077] [warning] Couldn't find file 'ring_medial_lvs.vtp'.
[2026-02-16 16:09:31.077] [warning] Couldn't find file 'ring_distal_lvs.vtp'.
[2026-02-16 16:09:31.077] [warning] Couldn't find file 'metacarpal5_lvs.vtp'.
[2026-02-16 16:09:31.077] [warning] Couldn't find file 'little_proximal_lvs.vtp'.
[2026-02-16 16:09:31.077] [warning] Couldn't find file 'little_medial_lvs.vtp'.
[2026-02-16 16:09:31.077] [warning] Couldn't find file 'little_distal_lvs.vtp'.
[2026-02-16 16:09:31.078] [warning] Couldn't find file 'metacarpal1_lvs.vtp'.
[2026-02-16 16:09:31.078] [warning] Couldn't find file 'thumb_proximal_lvs.vtp'.
[2026-02-16 16:09:31.078] [warning] Couldn't find file 'thumb_distal_lvs.vtp'.
[2026-02-16 16:09:31.082] [info] No external loads will be applied (external loads file not specified).
[2026-02-16 16:09:31.093] [info] Loading coordinates from file 'C:\Users\Israel Luis\Documents\GitHub\GoalOptimized\Database\sub1\IK\IK_sub1_v2_t2.mot'.
[2026-02-16 16:09:31.094] [info] Storage: read data file = C:\Users\Israel Luis\Documents\GitHub\GoalOptimized\Database\sub1\IK\IK_sub1_v2_t2.mot (nr=118 nc=40)
[2026-02-16 16:09:31.659] [info] Found 118 state vectors with time stamps ranging from 0.04 to 1.21.
[2026-02-16 16:09:31.659] [info] Executing the analyses from 0.04 to 1.21...
[2026-02-16 16:09:36.027] [info] Printing results of investigation IK_sub1_v2_t2 to C:\Users\Israel Luis\Documents\GitHub\GoalOptimized\ProjectResults\DSE\sub1\multiCycle\Je\MuscleAnalysis
[2026-02-16 16:09:40.326] [info] Updating Model file from 40000 to latest format...
[2026-02-16 16:09:40.344] [info] Loaded model 1_scaled_rajagopal2022 from file C:\Users\Israel Luis\Documents\GitHub\GoalOptimized\Database\sub1\model\model_rajagopal2022_sub1.osim
[2026-02-16 16:09:40.344] [warning] Couldn't find file 'r_pelvis.vtp'.
[2026-02-16 16:09:40.344] [warning] Couldn't find file 'l_pelvis.vtp'.
[2026-02-16 16:09:40.344] [warning] Couldn't find file 'sacrum.vtp'.
[2026-02-16 16:09:40.344] [warning] Couldn't find file 'r_femur.vtp'.
[2026-02-16 16:09:40.344] [warning] Couldn't find file 'r_tibia.vtp'.
[2026-02-16 16:09:40.344] [warning] Couldn't find file 'r_fibula.vtp'.
[2026-02-16 16:09:40.344] [warning] Couldn't find file 'r_patella.vtp'.
[2026-02-16 16:09:40.344] [warning] Couldn't find file 'r_talus.vtp'.
[2026-02-16 16:09:40.344] [warning] Couldn't find file 'r_foot.vtp'.
[2026-02-16 16:09:40.345] [warning] Couldn't find file 'r_bofoot.vtp'.
[2026-02-16 16:09:40.345] [warning] Couldn't find file 'l_femur.vtp'.
[2026-02-16 16:09:40.345] [warning] Couldn't find file 'l_tibia.vtp'.
[2026-02-16 16:09:40.345] [warning] Couldn't find file 'l_fibula.vtp'.
[2026-02-16 16:09:40.345] [warning] Couldn't find file 'l_patella.vtp'.
[2026-02-16 16:09:40.345] [warning] Couldn't find file 'l_talus.vtp'.
[2026-02-16 16:09:40.345] [warning] Couldn't find file 'l_foot.vtp'.
[2026-02-16 16:09:40.345] [warning] Couldn't find file 'l_bofoot.vtp'.
[2026-02-16 16:09:40.345] [warning] Couldn't find file 'hat_spine.vtp'.
[2026-02-16 16:09:40.345] [warning] Couldn't find file 'hat_jaw.vtp'.
[2026-02-16 16:09:40.345] [warning] Couldn't find file 'hat_skull.vtp'.
[2026-02-16 16:09:40.345] [warning] Couldn't find file 'hat_ribs_scap.vtp'.
[2026-02-16 16:09:40.345] [warning] Couldn't find file 'humerus_rv.vtp'.
[2026-02-16 16:09:40.345] [warning] Couldn't find file 'ulna_rv.vtp'.
[2026-02-16 16:09:40.345] [warning] Couldn't find file 'radius_rv.vtp'.
[2026-02-16 16:09:40.345] [warning] Couldn't find file 'pisiform_rvs.vtp'.
[2026-02-16 16:09:40.345] [warning] Couldn't find file 'lunate_rvs.vtp'.
[2026-02-16 16:09:40.345] [warning] Couldn't find file 'scaphoid_rvs.vtp'.
[2026-02-16 16:09:40.345] [warning] Couldn't find file 'triquetrum_rvs.vtp'.
[2026-02-16 16:09:40.345] [warning] Couldn't find file 'hamate_rvs.vtp'.
[2026-02-16 16:09:40.345] [warning] Couldn't find file 'capitate_rvs.vtp'.
[2026-02-16 16:09:40.345] [warning] Couldn't find file 'trapezoid_rvs.vtp'.
[2026-02-16 16:09:40.345] [warning] Couldn't find file 'trapezium_rvs.vtp'.
[2026-02-16 16:09:40.345] [warning] Couldn't find file 'metacarpal2_rvs.vtp'.
[2026-02-16 16:09:40.345] [warning] Couldn't find file 'index_proximal_rvs.vtp'.
[2026-02-16 16:09:40.345] [warning] Couldn't find file 'index_medial_rvs.vtp'.
[2026-02-16 16:09:40.346] [warning] Couldn't find file 'index_distal_rvs.vtp'.
[2026-02-16 16:09:40.346] [warning] Couldn't find file 'metacarpal3_rvs.vtp'.
[2026-02-16 16:09:40.346] [warning] Couldn't find file 'middle_proximal_rvs.vtp'.
[2026-02-16 16:09:40.346] [warning] Couldn't find file 'middle_medial_rvs.vtp'.
[2026-02-16 16:09:40.346] [warning] Couldn't find file 'middle_distal_rvs.vtp'.
[2026-02-16 16:09:40.346] [warning] Couldn't find file 'metacarpal4_rvs.vtp'.
[2026-02-16 16:09:40.346] [warning] Couldn't find file 'ring_proximal_rvs.vtp'.
[2026-02-16 16:09:40.346] [warning] Couldn't find file 'ring_medial_rvs.vtp'.
[2026-02-16 16:09:40.346] [warning] Couldn't find file 'ring_distal_rvs.vtp'.
[2026-02-16 16:09:40.346] [warning] Couldn't find file 'metacarpal5_rvs.vtp'.
[2026-02-16 16:09:40.346] [warning] Couldn't find file 'little_proximal_rvs.vtp'.
[2026-02-16 16:09:40.346] [warning] Couldn't find file 'little_medial_rvs.vtp'.
[2026-02-16 16:09:40.346] [warning] Couldn't find file 'little_distal_rvs.vtp'.
[2026-02-16 16:09:40.346] [warning] Couldn't find file 'metacarpal1_rvs.vtp'.
[2026-02-16 16:09:40.346] [warning] Couldn't find file 'thumb_proximal_rvs.vtp'.
[2026-02-16 16:09:40.346] [warning] Couldn't find file 'thumb_distal_rvs.vtp'.
[2026-02-16 16:09:40.346] [warning] Couldn't find file 'humerus_lv.vtp'.
[2026-02-16 16:09:40.346] [warning] Couldn't find file 'ulna_lv.vtp'.
[2026-02-16 16:09:40.346] [warning] Couldn't find file 'radius_lv.vtp'.
[2026-02-16 16:09:40.346] [warning] Couldn't find file 'pisiform_lvs.vtp'.
[2026-02-16 16:09:40.346] [warning] Couldn't find file 'lunate_lvs.vtp'.
[2026-02-16 16:09:40.346] [warning] Couldn't find file 'scaphoid_lvs.vtp'.
[2026-02-16 16:09:40.346] [warning] Couldn't find file 'triquetrum_lvs.vtp'.
[2026-02-16 16:09:40.346] [warning] Couldn't find file 'hamate_lvs.vtp'.
[2026-02-16 16:09:40.346] [warning] Couldn't find file 'capitate_lvs.vtp'.
[2026-02-16 16:09:40.346] [warning] Couldn't find file 'trapezoid_lvs.vtp'.
[2026-02-16 16:09:40.346] [warning] Couldn't find file 'trapezium_lvs.vtp'.
[2026-02-16 16:09:40.346] [warning] Couldn't find file 'metacarpal2_lvs.vtp'.
[2026-02-16 16:09:40.347] [warning] Couldn't find file 'index_proximal_lvs.vtp'.
[2026-02-16 16:09:40.347] [warning] Couldn't find file 'index_medial_lvs.vtp'.
[2026-02-16 16:09:40.347] [warning] Couldn't find file 'index_distal_lvs.vtp'.
[2026-02-16 16:09:40.347] [warning] Couldn't find file 'metacarpal3_lvs.vtp'.
[2026-02-16 16:09:40.347] [warning] Couldn't find file 'middle_proximal_lvs.vtp'.
[2026-02-16 16:09:40.347] [warning] Couldn't find file 'middle_medial_lvs.vtp'.
[2026-02-16 16:09:40.347] [warning] Couldn't find file 'middle_distal_lvs.vtp'.
[2026-02-16 16:09:40.347] [warning] Couldn't find file 'metacarpal4_lvs.vtp'.
[2026-02-16 16:09:40.347] [warning] Couldn't find file 'ring_proximal_lvs.vtp'.
[2026-02-16 16:09:40.347] [warning] Couldn't find file 'ring_medial_lvs.vtp'.
[2026-02-16 16:09:40.347] [warning] Couldn't find file 'ring_distal_lvs.vtp'.
[2026-02-16 16:09:40.347] [warning] Couldn't find file 'metacarpal5_lvs.vtp'.
[2026-02-16 16:09:40.347] [warning] Couldn't find file 'little_proximal_lvs.vtp'.
[2026-02-16 16:09:40.347] [warning] Couldn't find file 'little_medial_lvs.vtp'.
[2026-02-16 16:09:40.347] [warning] Couldn't find file 'little_distal_lvs.vtp'.
[2026-02-16 16:09:40.347] [warning] Couldn't find file 'metacarpal1_lvs.vtp'.
[2026-02-16 16:09:40.347] [warning] Couldn't find file 'thumb_proximal_lvs.vtp'.
[2026-02-16 16:09:40.347] [warning] Couldn't find file 'thumb_distal_lvs.vtp'.
[2026-02-16 16:09:40.352] [info] AbstractTool IK_sub1_v2_t3 loading model C:\Users\Israel Luis\Documents\GitHub\GoalOptimized\Database\sub1\model\model_rajagopal2022_sub1.osim
[2026-02-16 16:09:40.366] [info] Updating Model file from 40000 to latest format...
[2026-02-16 16:09:40.386] [info] Loaded model 1_scaled_rajagopal2022 from file C:\Users\Israel Luis\Documents\GitHub\GoalOptimized\Database\sub1\model\model_rajagopal2022_sub1.osim
[2026-02-16 16:09:40.386] [warning] Couldn't find file 'r_pelvis.vtp'.
[2026-02-16 16:09:40.386] [warning] Couldn't find file 'l_pelvis.vtp'.
[2026-02-16 16:09:40.386] [warning] Couldn't find file 'sacrum.vtp'.
[2026-02-16 16:09:40.386] [warning] Couldn't find file 'r_femur.vtp'.
[2026-02-16 16:09:40.386] [warning] Couldn't find file 'r_tibia.vtp'.
[2026-02-16 16:09:40.386] [warning] Couldn't find file 'r_fibula.vtp'.
[2026-02-16 16:09:40.386] [warning] Couldn't find file 'r_patella.vtp'.
[2026-02-16 16:09:40.386] [warning] Couldn't find file 'r_talus.vtp'.
[2026-02-16 16:09:40.386] [warning] Couldn't find file 'r_foot.vtp'.
[2026-02-16 16:09:40.386] [warning] Couldn't find file 'r_bofoot.vtp'.
[2026-02-16 16:09:40.386] [warning] Couldn't find file 'l_femur.vtp'.
[2026-02-16 16:09:40.386] [warning] Couldn't find file 'l_tibia.vtp'.
[2026-02-16 16:09:40.386] [warning] Couldn't find file 'l_fibula.vtp'.
[2026-02-16 16:09:40.386] [warning] Couldn't find file 'l_patella.vtp'.
[2026-02-16 16:09:40.386] [warning] Couldn't find file 'l_talus.vtp'.
[2026-02-16 16:09:40.386] [warning] Couldn't find file 'l_foot.vtp'.
[2026-02-16 16:09:40.386] [warning] Couldn't find file 'l_bofoot.vtp'.
[2026-02-16 16:09:40.387] [warning] Couldn't find file 'hat_spine.vtp'.
[2026-02-16 16:09:40.387] [warning] Couldn't find file 'hat_jaw.vtp'.
[2026-02-16 16:09:40.387] [warning] Couldn't find file 'hat_skull.vtp'.
[2026-02-16 16:09:40.387] [warning] Couldn't find file 'hat_ribs_scap.vtp'.
[2026-02-16 16:09:40.387] [warning] Couldn't find file 'humerus_rv.vtp'.
[2026-02-16 16:09:40.387] [warning] Couldn't find file 'ulna_rv.vtp'.
[2026-02-16 16:09:40.387] [warning] Couldn't find file 'radius_rv.vtp'.
[2026-02-16 16:09:40.387] [warning] Couldn't find file 'pisiform_rvs.vtp'.
[2026-02-16 16:09:40.387] [warning] Couldn't find file 'lunate_rvs.vtp'.
[2026-02-16 16:09:40.387] [warning] Couldn't find file 'scaphoid_rvs.vtp'.
[2026-02-16 16:09:40.387] [warning] Couldn't find file 'triquetrum_rvs.vtp'.
[2026-02-16 16:09:40.387] [warning] Couldn't find file 'hamate_rvs.vtp'.
[2026-02-16 16:09:40.387] [warning] Couldn't find file 'capitate_rvs.vtp'.
[2026-02-16 16:09:40.387] [warning] Couldn't find file 'trapezoid_rvs.vtp'.
[2026-02-16 16:09:40.387] [warning] Couldn't find file 'trapezium_rvs.vtp'.
[2026-02-16 16:09:40.387] [warning] Couldn't find file 'metacarpal2_rvs.vtp'.
[2026-02-16 16:09:40.387] [warning] Couldn't find file 'index_proximal_rvs.vtp'.
[2026-02-16 16:09:40.387] [warning] Couldn't find file 'index_medial_rvs.vtp'.
[2026-02-16 16:09:40.387] [warning] Couldn't find file 'index_distal_rvs.vtp'.
[2026-02-16 16:09:40.387] [warning] Couldn't find file 'metacarpal3_rvs.vtp'.
[2026-02-16 16:09:40.387] [warning] Couldn't find file 'middle_proximal_rvs.vtp'.
[2026-02-16 16:09:40.387] [warning] Couldn't find file 'middle_medial_rvs.vtp'.
[2026-02-16 16:09:40.387] [warning] Couldn't find file 'middle_distal_rvs.vtp'.
[2026-02-16 16:09:40.387] [warning] Couldn't find file 'metacarpal4_rvs.vtp'.
[2026-02-16 16:09:40.387] [warning] Couldn't find file 'ring_proximal_rvs.vtp'.
[2026-02-16 16:09:40.387] [warning] Couldn't find file 'ring_medial_rvs.vtp'.
[2026-02-16 16:09:40.387] [warning] Couldn't find file 'ring_distal_rvs.vtp'.
[2026-02-16 16:09:40.387] [warning] Couldn't find file 'metacarpal5_rvs.vtp'.
[2026-02-16 16:09:40.388] [warning] Couldn't find file 'little_proximal_rvs.vtp'.
[2026-02-16 16:09:40.388] [warning] Couldn't find file 'little_medial_rvs.vtp'.
[2026-02-16 16:09:40.388] [warning] Couldn't find file 'little_distal_rvs.vtp'.
[2026-02-16 16:09:40.388] [warning] Couldn't find file 'metacarpal1_rvs.vtp'.
[2026-02-16 16:09:40.388] [warning] Couldn't find file 'thumb_proximal_rvs.vtp'.
[2026-02-16 16:09:40.388] [warning] Couldn't find file 'thumb_distal_rvs.vtp'.
[2026-02-16 16:09:40.388] [warning] Couldn't find file 'humerus_lv.vtp'.
[2026-02-16 16:09:40.388] [warning] Couldn't find file 'ulna_lv.vtp'.
[2026-02-16 16:09:40.388] [warning] Couldn't find file 'radius_lv.vtp'.
[2026-02-16 16:09:40.388] [warning] Couldn't find file 'pisiform_lvs.vtp'.
[2026-02-16 16:09:40.388] [warning] Couldn't find file 'lunate_lvs.vtp'.
[2026-02-16 16:09:40.388] [warning] Couldn't find file 'scaphoid_lvs.vtp'.
[2026-02-16 16:09:40.388] [warning] Couldn't find file 'triquetrum_lvs.vtp'.
[2026-02-16 16:09:40.388] [warning] Couldn't find file 'hamate_lvs.vtp'.
[2026-02-16 16:09:40.388] [warning] Couldn't find file 'capitate_lvs.vtp'.
[2026-02-16 16:09:40.388] [warning] Couldn't find file 'trapezoid_lvs.vtp'.
[2026-02-16 16:09:40.388] [warning] Couldn't find file 'trapezium_lvs.vtp'.
[2026-02-16 16:09:40.388] [warning] Couldn't find file 'metacarpal2_lvs.vtp'.
[2026-02-16 16:09:40.388] [warning] Couldn't find file 'index_proximal_lvs.vtp'.
[2026-02-16 16:09:40.388] [warning] Couldn't find file 'index_medial_lvs.vtp'.
[2026-02-16 16:09:40.388] [warning] Couldn't find file 'index_distal_lvs.vtp'.
[2026-02-16 16:09:40.388] [warning] Couldn't find file 'metacarpal3_lvs.vtp'.
[2026-02-16 16:09:40.388] [warning] Couldn't find file 'middle_proximal_lvs.vtp'.
[2026-02-16 16:09:40.388] [warning] Couldn't find file 'middle_medial_lvs.vtp'.
[2026-02-16 16:09:40.388] [warning] Couldn't find file 'middle_distal_lvs.vtp'.
[2026-02-16 16:09:40.388] [warning] Couldn't find file 'metacarpal4_lvs.vtp'.
[2026-02-16 16:09:40.388] [warning] Couldn't find file 'ring_proximal_lvs.vtp'.
[2026-02-16 16:09:40.389] [warning] Couldn't find file 'ring_medial_lvs.vtp'.
[2026-02-16 16:09:40.389] [warning] Couldn't find file 'ring_distal_lvs.vtp'.
[2026-02-16 16:09:40.389] [warning] Couldn't find file 'metacarpal5_lvs.vtp'.
[2026-02-16 16:09:40.389] [warning] Couldn't find file 'little_proximal_lvs.vtp'.
[2026-02-16 16:09:40.389] [warning] Couldn't find file 'little_medial_lvs.vtp'.
[2026-02-16 16:09:40.389] [warning] Couldn't find file 'little_distal_lvs.vtp'.
[2026-02-16 16:09:40.389] [warning] Couldn't find file 'metacarpal1_lvs.vtp'.
[2026-02-16 16:09:40.389] [warning] Couldn't find file 'thumb_proximal_lvs.vtp'.
[2026-02-16 16:09:40.389] [warning] Couldn't find file 'thumb_distal_lvs.vtp'.
[2026-02-16 16:09:40.393] [info] No external loads will be applied (external loads file not specified).
[2026-02-16 16:09:40.406] [info] Loading coordinates from file 'C:\Users\Israel Luis\Documents\GitHub\GoalOptimized\Database\sub1\IK\IK_sub1_v2_t3.mot'.
[2026-02-16 16:09:40.406] [info] Storage: read data file = C:\Users\Israel Luis\Documents\GitHub\GoalOptimized\Database\sub1\IK\IK_sub1_v2_t3.mot (nr=115 nc=40)
[2026-02-16 16:09:40.960] [info] Found 115 state vectors with time stamps ranging from 1.11 to 2.25.
[2026-02-16 16:09:40.960] [info] Executing the analyses from 1.11 to 2.25...
[2026-02-16 16:09:45.195] [info] Printing results of investigation IK_sub1_v2_t3 to C:\Users\Israel Luis\Documents\GitHub\GoalOptimized\ProjectResults\DSE\sub1\multiCycle\Je\MuscleAnalysis
[2026-02-16 16:10:51.692] [info] Updating Model file from 40000 to latest format...
[2026-02-16 16:10:51.711] [info] Loaded model 1_scaled_rajagopal2022 from file C:\Users\Israel Luis\Documents\GitHub\GoalOptimized\Database\sub1\model\model_rajagopal2022_sub1.osim
[2026-02-16 16:10:51.711] [warning] Couldn't find file 'r_pelvis.vtp'.
[2026-02-16 16:10:51.711] [warning] Couldn't find file 'l_pelvis.vtp'.
[2026-02-16 16:10:51.711] [warning] Couldn't find file 'sacrum.vtp'.
[2026-02-16 16:10:51.711] [warning] Couldn't find file 'r_femur.vtp'.
[2026-02-16 16:10:51.711] [warning] Couldn't find file 'r_tibia.vtp'.
[2026-02-16 16:10:51.711] [warning] Couldn't find file 'r_fibula.vtp'.
[2026-02-16 16:10:51.711] [warning] Couldn't find file 'r_patella.vtp'.
[2026-02-16 16:10:51.711] [warning] Couldn't find file 'r_talus.vtp'.
[2026-02-16 16:10:51.711] [warning] Couldn't find file 'r_foot.vtp'.
[2026-02-16 16:10:51.711] [warning] Couldn't find file 'r_bofoot.vtp'.
[2026-02-16 16:10:51.711] [warning] Couldn't find file 'l_femur.vtp'.
[2026-02-16 16:10:51.711] [warning] Couldn't find file 'l_tibia.vtp'.
[2026-02-16 16:10:51.711] [warning] Couldn't find file 'l_fibula.vtp'.
[2026-02-16 16:10:51.711] [warning] Couldn't find file 'l_patella.vtp'.
[2026-02-16 16:10:51.711] [warning] Couldn't find file 'l_talus.vtp'.
[2026-02-16 16:10:51.711] [warning] Couldn't find file 'l_foot.vtp'.
[2026-02-16 16:10:51.711] [warning] Couldn't find file 'l_bofoot.vtp'.
[2026-02-16 16:10:51.712] [warning] Couldn't find file 'hat_spine.vtp'.
[2026-02-16 16:10:51.712] [warning] Couldn't find file 'hat_jaw.vtp'.
[2026-02-16 16:10:51.712] [warning] Couldn't find file 'hat_skull.vtp'.
[2026-02-16 16:10:51.712] [warning] Couldn't find file 'hat_ribs_scap.vtp'.
[2026-02-16 16:10:51.712] [warning] Couldn't find file 'humerus_rv.vtp'.
[2026-02-16 16:10:51.712] [warning] Couldn't find file 'ulna_rv.vtp'.
[2026-02-16 16:10:51.712] [warning] Couldn't find file 'radius_rv.vtp'.
[2026-02-16 16:10:51.712] [warning] Couldn't find file 'pisiform_rvs.vtp'.
[2026-02-16 16:10:51.712] [warning] Couldn't find file 'lunate_rvs.vtp'.
[2026-02-16 16:10:51.712] [warning] Couldn't find file 'scaphoid_rvs.vtp'.
[2026-02-16 16:10:51.712] [warning] Couldn't find file 'triquetrum_rvs.vtp'.
[2026-02-16 16:10:51.712] [warning] Couldn't find file 'hamate_rvs.vtp'.
[2026-02-16 16:10:51.712] [warning] Couldn't find file 'capitate_rvs.vtp'.
[2026-02-16 16:10:51.712] [warning] Couldn't find file 'trapezoid_rvs.vtp'.
[2026-02-16 16:10:51.712] [warning] Couldn't find file 'trapezium_rvs.vtp'.
[2026-02-16 16:10:51.712] [warning] Couldn't find file 'metacarpal2_rvs.vtp'.
[2026-02-16 16:10:51.712] [warning] Couldn't find file 'index_proximal_rvs.vtp'.
[2026-02-16 16:10:51.712] [warning] Couldn't find file 'index_medial_rvs.vtp'.
[2026-02-16 16:10:51.712] [warning] Couldn't find file 'index_distal_rvs.vtp'.
[2026-02-16 16:10:51.712] [warning] Couldn't find file 'metacarpal3_rvs.vtp'.
[2026-02-16 16:10:51.712] [warning] Couldn't find file 'middle_proximal_rvs.vtp'.
[2026-02-16 16:10:51.712] [warning] Couldn't find file 'middle_medial_rvs.vtp'.
[2026-02-16 16:10:51.712] [warning] Couldn't find file 'middle_distal_rvs.vtp'.
[2026-02-16 16:10:51.712] [warning] Couldn't find file 'metacarpal4_rvs.vtp'.
[2026-02-16 16:10:51.712] [warning] Couldn't find file 'ring_proximal_rvs.vtp'.
[2026-02-16 16:10:51.712] [warning] Couldn't find file 'ring_medial_rvs.vtp'.
[2026-02-16 16:10:51.712] [warning] Couldn't find file 'ring_distal_rvs.vtp'.
[2026-02-16 16:10:51.713] [warning] Couldn't find file 'metacarpal5_rvs.vtp'.
[2026-02-16 16:10:51.713] [warning] Couldn't find file 'little_proximal_rvs.vtp'.
[2026-02-16 16:10:51.713] [warning] Couldn't find file 'little_medial_rvs.vtp'.
[2026-02-16 16:10:51.713] [warning] Couldn't find file 'little_distal_rvs.vtp'.
[2026-02-16 16:10:51.713] [warning] Couldn't find file 'metacarpal1_rvs.vtp'.
[2026-02-16 16:10:51.713] [warning] Couldn't find file 'thumb_proximal_rvs.vtp'.
[2026-02-16 16:10:51.713] [warning] Couldn't find file 'thumb_distal_rvs.vtp'.
[2026-02-16 16:10:51.713] [warning] Couldn't find file 'humerus_lv.vtp'.
[2026-02-16 16:10:51.713] [warning] Couldn't find file 'ulna_lv.vtp'.
[2026-02-16 16:10:51.713] [warning] Couldn't find file 'radius_lv.vtp'.
[2026-02-16 16:10:51.713] [warning] Couldn't find file 'pisiform_lvs.vtp'.
[2026-02-16 16:10:51.713] [warning] Couldn't find file 'lunate_lvs.vtp'.
[2026-02-16 16:10:51.713] [warning] Couldn't find file 'scaphoid_lvs.vtp'.
[2026-02-16 16:10:51.713] [warning] Couldn't find file 'triquetrum_lvs.vtp'.
[2026-02-16 16:10:51.713] [warning] Couldn't find file 'hamate_lvs.vtp'.
[2026-02-16 16:10:51.713] [warning] Couldn't find file 'capitate_lvs.vtp'.
[2026-02-16 16:10:51.713] [warning] Couldn't find file 'trapezoid_lvs.vtp'.
[2026-02-16 16:10:51.713] [warning] Couldn't find file 'trapezium_lvs.vtp'.
[2026-02-16 16:10:51.713] [warning] Couldn't find file 'metacarpal2_lvs.vtp'.
[2026-02-16 16:10:51.713] [warning] Couldn't find file 'index_proximal_lvs.vtp'.
[2026-02-16 16:10:51.713] [warning] Couldn't find file 'index_medial_lvs.vtp'.
[2026-02-16 16:10:51.713] [warning] Couldn't find file 'index_distal_lvs.vtp'.
[2026-02-16 16:10:51.713] [warning] Couldn't find file 'metacarpal3_lvs.vtp'.
[2026-02-16 16:10:51.713] [warning] Couldn't find file 'middle_proximal_lvs.vtp'.
[2026-02-16 16:10:51.713] [warning] Couldn't find file 'middle_medial_lvs.vtp'.
[2026-02-16 16:10:51.713] [warning] Couldn't find file 'middle_distal_lvs.vtp'.
[2026-02-16 16:10:51.713] [warning] Couldn't find file 'metacarpal4_lvs.vtp'.
[2026-02-16 16:10:51.713] [warning] Couldn't find file 'ring_proximal_lvs.vtp'.
[2026-02-16 16:10:51.714] [warning] Couldn't find file 'ring_medial_lvs.vtp'.
[2026-02-16 16:10:51.714] [warning] Couldn't find file 'ring_distal_lvs.vtp'.
[2026-02-16 16:10:51.714] [warning] Couldn't find file 'metacarpal5_lvs.vtp'.
[2026-02-16 16:10:51.714] [warning] Couldn't find file 'little_proximal_lvs.vtp'.
[2026-02-16 16:10:51.714] [warning] Couldn't find file 'little_medial_lvs.vtp'.
[2026-02-16 16:10:51.714] [warning] Couldn't find file 'little_distal_lvs.vtp'.
[2026-02-16 16:10:51.714] [warning] Couldn't find file 'metacarpal1_lvs.vtp'.
[2026-02-16 16:10:51.714] [warning] Couldn't find file 'thumb_proximal_lvs.vtp'.
[2026-02-16 16:10:51.714] [warning] Couldn't find file 'thumb_distal_lvs.vtp'.
[2026-02-16 16:10:51.718] [info] AbstractTool IK_sub1_v2_t1 loading model C:\Users\Israel Luis\Documents\GitHub\GoalOptimized\Database\sub1\model\model_rajagopal2022_sub1.osim
[2026-02-16 16:10:51.731] [info] Updating Model file from 40000 to latest format...
[2026-02-16 16:10:51.748] [info] Loaded model 1_scaled_rajagopal2022 from file C:\Users\Israel Luis\Documents\GitHub\GoalOptimized\Database\sub1\model\model_rajagopal2022_sub1.osim
[2026-02-16 16:10:51.748] [warning] Couldn't find file 'r_pelvis.vtp'.
[2026-02-16 16:10:51.748] [warning] Couldn't find file 'l_pelvis.vtp'.
[2026-02-16 16:10:51.748] [warning] Couldn't find file 'sacrum.vtp'.
[2026-02-16 16:10:51.748] [warning] Couldn't find file 'r_femur.vtp'.
[2026-02-16 16:10:51.748] [warning] Couldn't find file 'r_tibia.vtp'.
[2026-02-16 16:10:51.749] [warning] Couldn't find file 'r_fibula.vtp'.
[2026-02-16 16:10:51.749] [warning] Couldn't find file 'r_patella.vtp'.
[2026-02-16 16:10:51.749] [warning] Couldn't find file 'r_talus.vtp'.
[2026-02-16 16:10:51.749] [warning] Couldn't find file 'r_foot.vtp'.
[2026-02-16 16:10:51.749] [warning] Couldn't find file 'r_bofoot.vtp'.
[2026-02-16 16:10:51.749] [warning] Couldn't find file 'l_femur.vtp'.
[2026-02-16 16:10:51.749] [warning] Couldn't find file 'l_tibia.vtp'.
[2026-02-16 16:10:51.749] [warning] Couldn't find file 'l_fibula.vtp'.
[2026-02-16 16:10:51.749] [warning] Couldn't find file 'l_patella.vtp'.
[2026-02-16 16:10:51.749] [warning] Couldn't find file 'l_talus.vtp'.
[2026-02-16 16:10:51.749] [warning] Couldn't find file 'l_foot.vtp'.
[2026-02-16 16:10:51.749] [warning] Couldn't find file 'l_bofoot.vtp'.
[2026-02-16 16:10:51.749] [warning] Couldn't find file 'hat_spine.vtp'.
[2026-02-16 16:10:51.749] [warning] Couldn't find file 'hat_jaw.vtp'.
[2026-02-16 16:10:51.749] [warning] Couldn't find file 'hat_skull.vtp'.
[2026-02-16 16:10:51.749] [warning] Couldn't find file 'hat_ribs_scap.vtp'.
[2026-02-16 16:10:51.749] [warning] Couldn't find file 'humerus_rv.vtp'.
[2026-02-16 16:10:51.749] [warning] Couldn't find file 'ulna_rv.vtp'.
[2026-02-16 16:10:51.749] [warning] Couldn't find file 'radius_rv.vtp'.
[2026-02-16 16:10:51.749] [warning] Couldn't find file 'pisiform_rvs.vtp'.
[2026-02-16 16:10:51.749] [warning] Couldn't find file 'lunate_rvs.vtp'.
[2026-02-16 16:10:51.749] [warning] Couldn't find file 'scaphoid_rvs.vtp'.
[2026-02-16 16:10:51.749] [warning] Couldn't find file 'triquetrum_rvs.vtp'.
[2026-02-16 16:10:51.749] [warning] Couldn't find file 'hamate_rvs.vtp'.
[2026-02-16 16:10:51.749] [warning] Couldn't find file 'capitate_rvs.vtp'.
[2026-02-16 16:10:51.749] [warning] Couldn't find file 'trapezoid_rvs.vtp'.
[2026-02-16 16:10:51.749] [warning] Couldn't find file 'trapezium_rvs.vtp'.
[2026-02-16 16:10:51.749] [warning] Couldn't find file 'metacarpal2_rvs.vtp'.
[2026-02-16 16:10:51.750] [warning] Couldn't find file 'index_proximal_rvs.vtp'.
[2026-02-16 16:10:51.750] [warning] Couldn't find file 'index_medial_rvs.vtp'.
[2026-02-16 16:10:51.750] [warning] Couldn't find file 'index_distal_rvs.vtp'.
[2026-02-16 16:10:51.750] [warning] Couldn't find file 'metacarpal3_rvs.vtp'.
[2026-02-16 16:10:51.750] [warning] Couldn't find file 'middle_proximal_rvs.vtp'.
[2026-02-16 16:10:51.750] [warning] Couldn't find file 'middle_medial_rvs.vtp'.
[2026-02-16 16:10:51.750] [warning] Couldn't find file 'middle_distal_rvs.vtp'.
[2026-02-16 16:10:51.750] [warning] Couldn't find file 'metacarpal4_rvs.vtp'.
[2026-02-16 16:10:51.750] [warning] Couldn't find file 'ring_proximal_rvs.vtp'.
[2026-02-16 16:10:51.750] [warning] Couldn't find file 'ring_medial_rvs.vtp'.
[2026-02-16 16:10:51.750] [warning] Couldn't find file 'ring_distal_rvs.vtp'.
[2026-02-16 16:10:51.750] [warning] Couldn't find file 'metacarpal5_rvs.vtp'.
[2026-02-16 16:10:51.750] [warning] Couldn't find file 'little_proximal_rvs.vtp'.
[2026-02-16 16:10:51.750] [warning] Couldn't find file 'little_medial_rvs.vtp'.
[2026-02-16 16:10:51.750] [warning] Couldn't find file 'little_distal_rvs.vtp'.
[2026-02-16 16:10:51.750] [warning] Couldn't find file 'metacarpal1_rvs.vtp'.
[2026-02-16 16:10:51.750] [warning] Couldn't find file 'thumb_proximal_rvs.vtp'.
[2026-02-16 16:10:51.750] [warning] Couldn't find file 'thumb_distal_rvs.vtp'.
[2026-02-16 16:10:51.750] [warning] Couldn't find file 'humerus_lv.vtp'.
[2026-02-16 16:10:51.750] [warning] Couldn't find file 'ulna_lv.vtp'.
[2026-02-16 16:10:51.750] [warning] Couldn't find file 'radius_lv.vtp'.
[2026-02-16 16:10:51.750] [warning] Couldn't find file 'pisiform_lvs.vtp'.
[2026-02-16 16:10:51.750] [warning] Couldn't find file 'lunate_lvs.vtp'.
[2026-02-16 16:10:51.750] [warning] Couldn't find file 'scaphoid_lvs.vtp'.
[2026-02-16 16:10:51.750] [warning] Couldn't find file 'triquetrum_lvs.vtp'.
[2026-02-16 16:10:51.750] [warning] Couldn't find file 'hamate_lvs.vtp'.
[2026-02-16 16:10:51.750] [warning] Couldn't find file 'capitate_lvs.vtp'.
[2026-02-16 16:10:51.750] [warning] Couldn't find file 'trapezoid_lvs.vtp'.
[2026-02-16 16:10:51.751] [warning] Couldn't find file 'trapezium_lvs.vtp'.
[2026-02-16 16:10:51.751] [warning] Couldn't find file 'metacarpal2_lvs.vtp'.
[2026-02-16 16:10:51.751] [warning] Couldn't find file 'index_proximal_lvs.vtp'.
[2026-02-16 16:10:51.751] [warning] Couldn't find file 'index_medial_lvs.vtp'.
[2026-02-16 16:10:51.751] [warning] Couldn't find file 'index_distal_lvs.vtp'.
[2026-02-16 16:10:51.751] [warning] Couldn't find file 'metacarpal3_lvs.vtp'.
[2026-02-16 16:10:51.751] [warning] Couldn't find file 'middle_proximal_lvs.vtp'.
[2026-02-16 16:10:51.751] [warning] Couldn't find file 'middle_medial_lvs.vtp'.
[2026-02-16 16:10:51.751] [warning] Couldn't find file 'middle_distal_lvs.vtp'.
[2026-02-16 16:10:51.751] [warning] Couldn't find file 'metacarpal4_lvs.vtp'.
[2026-02-16 16:10:51.751] [warning] Couldn't find file 'ring_proximal_lvs.vtp'.
[2026-02-16 16:10:51.751] [warning] Couldn't find file 'ring_medial_lvs.vtp'.
[2026-02-16 16:10:51.751] [warning] Couldn't find file 'ring_distal_lvs.vtp'.
[2026-02-16 16:10:51.751] [warning] Couldn't find file 'metacarpal5_lvs.vtp'.
[2026-02-16 16:10:51.751] [warning] Couldn't find file 'little_proximal_lvs.vtp'.
[2026-02-16 16:10:51.751] [warning] Couldn't find file 'little_medial_lvs.vtp'.
[2026-02-16 16:10:51.751] [warning] Couldn't find file 'little_distal_lvs.vtp'.
[2026-02-16 16:10:51.751] [warning] Couldn't find file 'metacarpal1_lvs.vtp'.
[2026-02-16 16:10:51.751] [warning] Couldn't find file 'thumb_proximal_lvs.vtp'.
[2026-02-16 16:10:51.751] [warning] Couldn't find file 'thumb_distal_lvs.vtp'.
[2026-02-16 16:10:51.756] [info] No external loads will be applied (external loads file not specified).
[2026-02-16 16:10:51.767] [info] Loading coordinates from file 'C:\Users\Israel Luis\Documents\GitHub\GoalOptimized\Database\sub1\IK\IK_sub1_v2_t1.mot'.
[2026-02-16 16:10:51.767] [info] Storage: read data file = C:\Users\Israel Luis\Documents\GitHub\GoalOptimized\Database\sub1\IK\IK_sub1_v2_t1.mot (nr=119 nc=40)
[2026-02-16 16:10:52.344] [info] Found 119 state vectors with time stamps ranging from 0.57 to 1.75.
[2026-02-16 16:10:52.344] [info] Executing the analyses from 0.57 to 1.75...
[2026-02-16 16:10:56.760] [info] Printing results of investigation IK_sub1_v2_t1 to C:\Users\Israel Luis\Documents\GitHub\GoalOptimized\ProjectResults\DSE\sub1\multiCycle\Je\MuscleAnalysis
[2026-02-16 16:11:01.031] [info] Updating Model file from 40000 to latest format...
[2026-02-16 16:11:01.048] [info] Loaded model 1_scaled_rajagopal2022 from file C:\Users\Israel Luis\Documents\GitHub\GoalOptimized\Database\sub1\model\model_rajagopal2022_sub1.osim
[2026-02-16 16:11:01.048] [warning] Couldn't find file 'r_pelvis.vtp'.
[2026-02-16 16:11:01.048] [warning] Couldn't find file 'l_pelvis.vtp'.
[2026-02-16 16:11:01.048] [warning] Couldn't find file 'sacrum.vtp'.
[2026-02-16 16:11:01.048] [warning] Couldn't find file 'r_femur.vtp'.
[2026-02-16 16:11:01.049] [warning] Couldn't find file 'r_tibia.vtp'.
[2026-02-16 16:11:01.049] [warning] Couldn't find file 'r_fibula.vtp'.
[2026-02-16 16:11:01.049] [warning] Couldn't find file 'r_patella.vtp'.
[2026-02-16 16:11:01.049] [warning] Couldn't find file 'r_talus.vtp'.
[2026-02-16 16:11:01.049] [warning] Couldn't find file 'r_foot.vtp'.
[2026-02-16 16:11:01.049] [warning] Couldn't find file 'r_bofoot.vtp'.
[2026-02-16 16:11:01.049] [warning] Couldn't find file 'l_femur.vtp'.
[2026-02-16 16:11:01.049] [warning] Couldn't find file 'l_tibia.vtp'.
[2026-02-16 16:11:01.049] [warning] Couldn't find file 'l_fibula.vtp'.
[2026-02-16 16:11:01.049] [warning] Couldn't find file 'l_patella.vtp'.
[2026-02-16 16:11:01.049] [warning] Couldn't find file 'l_talus.vtp'.
[2026-02-16 16:11:01.049] [warning] Couldn't find file 'l_foot.vtp'.
[2026-02-16 16:11:01.049] [warning] Couldn't find file 'l_bofoot.vtp'.
[2026-02-16 16:11:01.049] [warning] Couldn't find file 'hat_spine.vtp'.
[2026-02-16 16:11:01.049] [warning] Couldn't find file 'hat_jaw.vtp'.
[2026-02-16 16:11:01.049] [warning] Couldn't find file 'hat_skull.vtp'.
[2026-02-16 16:11:01.049] [warning] Couldn't find file 'hat_ribs_scap.vtp'.
[2026-02-16 16:11:01.049] [warning] Couldn't find file 'humerus_rv.vtp'.
[2026-02-16 16:11:01.049] [warning] Couldn't find file 'ulna_rv.vtp'.
[2026-02-16 16:11:01.049] [warning] Couldn't find file 'radius_rv.vtp'.
[2026-02-16 16:11:01.049] [warning] Couldn't find file 'pisiform_rvs.vtp'.
[2026-02-16 16:11:01.049] [warning] Couldn't find file 'lunate_rvs.vtp'.
[2026-02-16 16:11:01.049] [warning] Couldn't find file 'scaphoid_rvs.vtp'.
[2026-02-16 16:11:01.049] [warning] Couldn't find file 'triquetrum_rvs.vtp'.
[2026-02-16 16:11:01.049] [warning] Couldn't find file 'hamate_rvs.vtp'.
[2026-02-16 16:11:01.049] [warning] Couldn't find file 'capitate_rvs.vtp'.
[2026-02-16 16:11:01.049] [warning] Couldn't find file 'trapezoid_rvs.vtp'.
[2026-02-16 16:11:01.050] [warning] Couldn't find file 'trapezium_rvs.vtp'.
[2026-02-16 16:11:01.050] [warning] Couldn't find file 'metacarpal2_rvs.vtp'.
[2026-02-16 16:11:01.050] [warning] Couldn't find file 'index_proximal_rvs.vtp'.
[2026-02-16 16:11:01.050] [warning] Couldn't find file 'index_medial_rvs.vtp'.
[2026-02-16 16:11:01.050] [warning] Couldn't find file 'index_distal_rvs.vtp'.
[2026-02-16 16:11:01.050] [warning] Couldn't find file 'metacarpal3_rvs.vtp'.
[2026-02-16 16:11:01.050] [warning] Couldn't find file 'middle_proximal_rvs.vtp'.
[2026-02-16 16:11:01.050] [warning] Couldn't find file 'middle_medial_rvs.vtp'.
[2026-02-16 16:11:01.050] [warning] Couldn't find file 'middle_distal_rvs.vtp'.
[2026-02-16 16:11:01.050] [warning] Couldn't find file 'metacarpal4_rvs.vtp'.
[2026-02-16 16:11:01.050] [warning] Couldn't find file 'ring_proximal_rvs.vtp'.
[2026-02-16 16:11:01.050] [warning] Couldn't find file 'ring_medial_rvs.vtp'.
[2026-02-16 16:11:01.050] [warning] Couldn't find file 'ring_distal_rvs.vtp'.
[2026-02-16 16:11:01.050] [warning] Couldn't find file 'metacarpal5_rvs.vtp'.
[2026-02-16 16:11:01.050] [warning] Couldn't find file 'little_proximal_rvs.vtp'.
[2026-02-16 16:11:01.050] [warning] Couldn't find file 'little_medial_rvs.vtp'.
[2026-02-16 16:11:01.050] [warning] Couldn't find file 'little_distal_rvs.vtp'.
[2026-02-16 16:11:01.050] [warning] Couldn't find file 'metacarpal1_rvs.vtp'.
[2026-02-16 16:11:01.050] [warning] Couldn't find file 'thumb_proximal_rvs.vtp'.
[2026-02-16 16:11:01.050] [warning] Couldn't find file 'thumb_distal_rvs.vtp'.
[2026-02-16 16:11:01.050] [warning] Couldn't find file 'humerus_lv.vtp'.
[2026-02-16 16:11:01.050] [warning] Couldn't find file 'ulna_lv.vtp'.
[2026-02-16 16:11:01.050] [warning] Couldn't find file 'radius_lv.vtp'.
[2026-02-16 16:11:01.050] [warning] Couldn't find file 'pisiform_lvs.vtp'.
[2026-02-16 16:11:01.050] [warning] Couldn't find file 'lunate_lvs.vtp'.
[2026-02-16 16:11:01.050] [warning] Couldn't find file 'scaphoid_lvs.vtp'.
[2026-02-16 16:11:01.050] [warning] Couldn't find file 'triquetrum_lvs.vtp'.
[2026-02-16 16:11:01.050] [warning] Couldn't find file 'hamate_lvs.vtp'.
[2026-02-16 16:11:01.051] [warning] Couldn't find file 'capitate_lvs.vtp'.
[2026-02-16 16:11:01.051] [warning] Couldn't find file 'trapezoid_lvs.vtp'.
[2026-02-16 16:11:01.051] [warning] Couldn't find file 'trapezium_lvs.vtp'.
[2026-02-16 16:11:01.051] [warning] Couldn't find file 'metacarpal2_lvs.vtp'.
[2026-02-16 16:11:01.051] [warning] Couldn't find file 'index_proximal_lvs.vtp'.
[2026-02-16 16:11:01.051] [warning] Couldn't find file 'index_medial_lvs.vtp'.
[2026-02-16 16:11:01.051] [warning] Couldn't find file 'index_distal_lvs.vtp'.
[2026-02-16 16:11:01.051] [warning] Couldn't find file 'metacarpal3_lvs.vtp'.
[2026-02-16 16:11:01.051] [warning] Couldn't find file 'middle_proximal_lvs.vtp'.
[2026-02-16 16:11:01.051] [warning] Couldn't find file 'middle_medial_lvs.vtp'.
[2026-02-16 16:11:01.051] [warning] Couldn't find file 'middle_distal_lvs.vtp'.
[2026-02-16 16:11:01.051] [warning] Couldn't find file 'metacarpal4_lvs.vtp'.
[2026-02-16 16:11:01.051] [warning] Couldn't find file 'ring_proximal_lvs.vtp'.
[2026-02-16 16:11:01.051] [warning] Couldn't find file 'ring_medial_lvs.vtp'.
[2026-02-16 16:11:01.051] [warning] Couldn't find file 'ring_distal_lvs.vtp'.
[2026-02-16 16:11:01.051] [warning] Couldn't find file 'metacarpal5_lvs.vtp'.
[2026-02-16 16:11:01.051] [warning] Couldn't find file 'little_proximal_lvs.vtp'.
[2026-02-16 16:11:01.051] [warning] Couldn't find file 'little_medial_lvs.vtp'.
[2026-02-16 16:11:01.051] [warning] Couldn't find file 'little_distal_lvs.vtp'.
[2026-02-16 16:11:01.051] [warning] Couldn't find file 'metacarpal1_lvs.vtp'.
[2026-02-16 16:11:01.051] [warning] Couldn't find file 'thumb_proximal_lvs.vtp'.
[2026-02-16 16:11:01.051] [warning] Couldn't find file 'thumb_distal_lvs.vtp'.
[2026-02-16 16:11:01.055] [info] AbstractTool IK_sub1_v2_t2 loading model C:\Users\Israel Luis\Documents\GitHub\GoalOptimized\Database\sub1\model\model_rajagopal2022_sub1.osim
[2026-02-16 16:11:01.069] [info] Updating Model file from 40000 to latest format...
[2026-02-16 16:11:01.087] [info] Loaded model 1_scaled_rajagopal2022 from file C:\Users\Israel Luis\Documents\GitHub\GoalOptimized\Database\sub1\model\model_rajagopal2022_sub1.osim
[2026-02-16 16:11:01.088] [warning] Couldn't find file 'r_pelvis.vtp'.
[2026-02-16 16:11:01.088] [warning] Couldn't find file 'l_pelvis.vtp'.
[2026-02-16 16:11:01.088] [warning] Couldn't find file 'sacrum.vtp'.
[2026-02-16 16:11:01.088] [warning] Couldn't find file 'r_femur.vtp'.
[2026-02-16 16:11:01.088] [warning] Couldn't find file 'r_tibia.vtp'.
[2026-02-16 16:11:01.088] [warning] Couldn't find file 'r_fibula.vtp'.
[2026-02-16 16:11:01.088] [warning] Couldn't find file 'r_patella.vtp'.
[2026-02-16 16:11:01.088] [warning] Couldn't find file 'r_talus.vtp'.
[2026-02-16 16:11:01.088] [warning] Couldn't find file 'r_foot.vtp'.
[2026-02-16 16:11:01.088] [warning] Couldn't find file 'r_bofoot.vtp'.
[2026-02-16 16:11:01.088] [warning] Couldn't find file 'l_femur.vtp'.
[2026-02-16 16:11:01.088] [warning] Couldn't find file 'l_tibia.vtp'.
[2026-02-16 16:11:01.088] [warning] Couldn't find file 'l_fibula.vtp'.
[2026-02-16 16:11:01.088] [warning] Couldn't find file 'l_patella.vtp'.
[2026-02-16 16:11:01.088] [warning] Couldn't find file 'l_talus.vtp'.
[2026-02-16 16:11:01.088] [warning] Couldn't find file 'l_foot.vtp'.
[2026-02-16 16:11:01.088] [warning] Couldn't find file 'l_bofoot.vtp'.
[2026-02-16 16:11:01.088] [warning] Couldn't find file 'hat_spine.vtp'.
[2026-02-16 16:11:01.088] [warning] Couldn't find file 'hat_jaw.vtp'.
[2026-02-16 16:11:01.088] [warning] Couldn't find file 'hat_skull.vtp'.
[2026-02-16 16:11:01.088] [warning] Couldn't find file 'hat_ribs_scap.vtp'.
[2026-02-16 16:11:01.088] [warning] Couldn't find file 'humerus_rv.vtp'.
[2026-02-16 16:11:01.088] [warning] Couldn't find file 'ulna_rv.vtp'.
[2026-02-16 16:11:01.089] [warning] Couldn't find file 'radius_rv.vtp'.
[2026-02-16 16:11:01.089] [warning] Couldn't find file 'pisiform_rvs.vtp'.
[2026-02-16 16:11:01.089] [warning] Couldn't find file 'lunate_rvs.vtp'.
[2026-02-16 16:11:01.089] [warning] Couldn't find file 'scaphoid_rvs.vtp'.
[2026-02-16 16:11:01.089] [warning] Couldn't find file 'triquetrum_rvs.vtp'.
[2026-02-16 16:11:01.089] [warning] Couldn't find file 'hamate_rvs.vtp'.
[2026-02-16 16:11:01.089] [warning] Couldn't find file 'capitate_rvs.vtp'.
[2026-02-16 16:11:01.089] [warning] Couldn't find file 'trapezoid_rvs.vtp'.
[2026-02-16 16:11:01.089] [warning] Couldn't find file 'trapezium_rvs.vtp'.
[2026-02-16 16:11:01.089] [warning] Couldn't find file 'metacarpal2_rvs.vtp'.
[2026-02-16 16:11:01.089] [warning] Couldn't find file 'index_proximal_rvs.vtp'.
[2026-02-16 16:11:01.089] [warning] Couldn't find file 'index_medial_rvs.vtp'.
[2026-02-16 16:11:01.089] [warning] Couldn't find file 'index_distal_rvs.vtp'.
[2026-02-16 16:11:01.089] [warning] Couldn't find file 'metacarpal3_rvs.vtp'.
[2026-02-16 16:11:01.089] [warning] Couldn't find file 'middle_proximal_rvs.vtp'.
[2026-02-16 16:11:01.089] [warning] Couldn't find file 'middle_medial_rvs.vtp'.
[2026-02-16 16:11:01.089] [warning] Couldn't find file 'middle_distal_rvs.vtp'.
[2026-02-16 16:11:01.089] [warning] Couldn't find file 'metacarpal4_rvs.vtp'.
[2026-02-16 16:11:01.089] [warning] Couldn't find file 'ring_proximal_rvs.vtp'.
[2026-02-16 16:11:01.089] [warning] Couldn't find file 'ring_medial_rvs.vtp'.
[2026-02-16 16:11:01.089] [warning] Couldn't find file 'ring_distal_rvs.vtp'.
[2026-02-16 16:11:01.089] [warning] Couldn't find file 'metacarpal5_rvs.vtp'.
[2026-02-16 16:11:01.089] [warning] Couldn't find file 'little_proximal_rvs.vtp'.
[2026-02-16 16:11:01.089] [warning] Couldn't find file 'little_medial_rvs.vtp'.
[2026-02-16 16:11:01.089] [warning] Couldn't find file 'little_distal_rvs.vtp'.
[2026-02-16 16:11:01.089] [warning] Couldn't find file 'metacarpal1_rvs.vtp'.
[2026-02-16 16:11:01.089] [warning] Couldn't find file 'thumb_proximal_rvs.vtp'.
[2026-02-16 16:11:01.089] [warning] Couldn't find file 'thumb_distal_rvs.vtp'.
[2026-02-16 16:11:01.089] [warning] Couldn't find file 'humerus_lv.vtp'.
[2026-02-16 16:11:01.089] [warning] Couldn't find file 'ulna_lv.vtp'.
[2026-02-16 16:11:01.090] [warning] Couldn't find file 'radius_lv.vtp'.
[2026-02-16 16:11:01.090] [warning] Couldn't find file 'pisiform_lvs.vtp'.
[2026-02-16 16:11:01.090] [warning] Couldn't find file 'lunate_lvs.vtp'.
[2026-02-16 16:11:01.090] [warning] Couldn't find file 'scaphoid_lvs.vtp'.
[2026-02-16 16:11:01.090] [warning] Couldn't find file 'triquetrum_lvs.vtp'.
[2026-02-16 16:11:01.090] [warning] Couldn't find file 'hamate_lvs.vtp'.
[2026-02-16 16:11:01.090] [warning] Couldn't find file 'capitate_lvs.vtp'.
[2026-02-16 16:11:01.090] [warning] Couldn't find file 'trapezoid_lvs.vtp'.
[2026-02-16 16:11:01.090] [warning] Couldn't find file 'trapezium_lvs.vtp'.
[2026-02-16 16:11:01.090] [warning] Couldn't find file 'metacarpal2_lvs.vtp'.
[2026-02-16 16:11:01.090] [warning] Couldn't find file 'index_proximal_lvs.vtp'.
[2026-02-16 16:11:01.090] [warning] Couldn't find file 'index_medial_lvs.vtp'.
[2026-02-16 16:11:01.090] [warning] Couldn't find file 'index_distal_lvs.vtp'.
[2026-02-16 16:11:01.090] [warning] Couldn't find file 'metacarpal3_lvs.vtp'.
[2026-02-16 16:11:01.090] [warning] Couldn't find file 'middle_proximal_lvs.vtp'.
[2026-02-16 16:11:01.090] [warning] Couldn't find file 'middle_medial_lvs.vtp'.
[2026-02-16 16:11:01.090] [warning] Couldn't find file 'middle_distal_lvs.vtp'.
[2026-02-16 16:11:01.090] [warning] Couldn't find file 'metacarpal4_lvs.vtp'.
[2026-02-16 16:11:01.090] [warning] Couldn't find file 'ring_proximal_lvs.vtp'.
[2026-02-16 16:11:01.090] [warning] Couldn't find file 'ring_medial_lvs.vtp'.
[2026-02-16 16:11:01.090] [warning] Couldn't find file 'ring_distal_lvs.vtp'.
[2026-02-16 16:11:01.090] [warning] Couldn't find file 'metacarpal5_lvs.vtp'.
[2026-02-16 16:11:01.090] [warning] Couldn't find file 'little_proximal_lvs.vtp'.
[2026-02-16 16:11:01.090] [warning] Couldn't find file 'little_medial_lvs.vtp'.
[2026-02-16 16:11:01.090] [warning] Couldn't find file 'little_distal_lvs.vtp'.
[2026-02-16 16:11:01.090] [warning] Couldn't find file 'metacarpal1_lvs.vtp'.
[2026-02-16 16:11:01.090] [warning] Couldn't find file 'thumb_proximal_lvs.vtp'.
[2026-02-16 16:11:01.090] [warning] Couldn't find file 'thumb_distal_lvs.vtp'.
[2026-02-16 16:11:01.095] [info] No external loads will be applied (external loads file not specified).
[2026-02-16 16:11:01.106] [info] Loading coordinates from file 'C:\Users\Israel Luis\Documents\GitHub\GoalOptimized\Database\sub1\IK\IK_sub1_v2_t2.mot'.
[2026-02-16 16:11:01.106] [info] Storage: read data file = C:\Users\Israel Luis\Documents\GitHub\GoalOptimized\Database\sub1\IK\IK_sub1_v2_t2.mot (nr=118 nc=40)
[2026-02-16 16:11:01.674] [info] Found 118 state vectors with time stamps ranging from 0.04 to 1.21.
[2026-02-16 16:11:01.674] [info] Executing the analyses from 0.04 to 1.21...
[2026-02-16 16:11:06.024] [info] Printing results of investigation IK_sub1_v2_t2 to C:\Users\Israel Luis\Documents\GitHub\GoalOptimized\ProjectResults\DSE\sub1\multiCycle\Je\MuscleAnalysis
[2026-02-16 16:11:10.285] [info] Updating Model file from 40000 to latest format...
[2026-02-16 16:11:10.302] [info] Loaded model 1_scaled_rajagopal2022 from file C:\Users\Israel Luis\Documents\GitHub\GoalOptimized\Database\sub1\model\model_rajagopal2022_sub1.osim
[2026-02-16 16:11:10.303] [warning] Couldn't find file 'r_pelvis.vtp'.
[2026-02-16 16:11:10.303] [warning] Couldn't find file 'l_pelvis.vtp'.
[2026-02-16 16:11:10.303] [warning] Couldn't find file 'sacrum.vtp'.
[2026-02-16 16:11:10.303] [warning] Couldn't find file 'r_femur.vtp'.
[2026-02-16 16:11:10.303] [warning] Couldn't find file 'r_tibia.vtp'.
[2026-02-16 16:11:10.303] [warning] Couldn't find file 'r_fibula.vtp'.
[2026-02-16 16:11:10.303] [warning] Couldn't find file 'r_patella.vtp'.
[2026-02-16 16:11:10.303] [warning] Couldn't find file 'r_talus.vtp'.
[2026-02-16 16:11:10.303] [warning] Couldn't find file 'r_foot.vtp'.
[2026-02-16 16:11:10.303] [warning] Couldn't find file 'r_bofoot.vtp'.
[2026-02-16 16:11:10.303] [warning] Couldn't find file 'l_femur.vtp'.
[2026-02-16 16:11:10.303] [warning] Couldn't find file 'l_tibia.vtp'.
[2026-02-16 16:11:10.303] [warning] Couldn't find file 'l_fibula.vtp'.
[2026-02-16 16:11:10.303] [warning] Couldn't find file 'l_patella.vtp'.
[2026-02-16 16:11:10.303] [warning] Couldn't find file 'l_talus.vtp'.
[2026-02-16 16:11:10.303] [warning] Couldn't find file 'l_foot.vtp'.
[2026-02-16 16:11:10.303] [warning] Couldn't find file 'l_bofoot.vtp'.
[2026-02-16 16:11:10.303] [warning] Couldn't find file 'hat_spine.vtp'.
[2026-02-16 16:11:10.303] [warning] Couldn't find file 'hat_jaw.vtp'.
[2026-02-16 16:11:10.303] [warning] Couldn't find file 'hat_skull.vtp'.
[2026-02-16 16:11:10.304] [warning] Couldn't find file 'hat_ribs_scap.vtp'.
[2026-02-16 16:11:10.304] [warning] Couldn't find file 'humerus_rv.vtp'.
[2026-02-16 16:11:10.304] [warning] Couldn't find file 'ulna_rv.vtp'.
[2026-02-16 16:11:10.304] [warning] Couldn't find file 'radius_rv.vtp'.
[2026-02-16 16:11:10.304] [warning] Couldn't find file 'pisiform_rvs.vtp'.
[2026-02-16 16:11:10.304] [warning] Couldn't find file 'lunate_rvs.vtp'.
[2026-02-16 16:11:10.304] [warning] Couldn't find file 'scaphoid_rvs.vtp'.
[2026-02-16 16:11:10.304] [warning] Couldn't find file 'triquetrum_rvs.vtp'.
[2026-02-16 16:11:10.304] [warning] Couldn't find file 'hamate_rvs.vtp'.
[2026-02-16 16:11:10.304] [warning] Couldn't find file 'capitate_rvs.vtp'.
[2026-02-16 16:11:10.304] [warning] Couldn't find file 'trapezoid_rvs.vtp'.
[2026-02-16 16:11:10.304] [warning] Couldn't find file 'trapezium_rvs.vtp'.
[2026-02-16 16:11:10.304] [warning] Couldn't find file 'metacarpal2_rvs.vtp'.
[2026-02-16 16:11:10.304] [warning] Couldn't find file 'index_proximal_rvs.vtp'.
[2026-02-16 16:11:10.304] [warning] Couldn't find file 'index_medial_rvs.vtp'.
[2026-02-16 16:11:10.304] [warning] Couldn't find file 'index_distal_rvs.vtp'.
[2026-02-16 16:11:10.304] [warning] Couldn't find file 'metacarpal3_rvs.vtp'.
[2026-02-16 16:11:10.304] [warning] Couldn't find file 'middle_proximal_rvs.vtp'.
[2026-02-16 16:11:10.304] [warning] Couldn't find file 'middle_medial_rvs.vtp'.
[2026-02-16 16:11:10.304] [warning] Couldn't find file 'middle_distal_rvs.vtp'.
[2026-02-16 16:11:10.304] [warning] Couldn't find file 'metacarpal4_rvs.vtp'.
[2026-02-16 16:11:10.304] [warning] Couldn't find file 'ring_proximal_rvs.vtp'.
[2026-02-16 16:11:10.304] [warning] Couldn't find file 'ring_medial_rvs.vtp'.
[2026-02-16 16:11:10.304] [warning] Couldn't find file 'ring_distal_rvs.vtp'.
[2026-02-16 16:11:10.304] [warning] Couldn't find file 'metacarpal5_rvs.vtp'.
[2026-02-16 16:11:10.304] [warning] Couldn't find file 'little_proximal_rvs.vtp'.
[2026-02-16 16:11:10.304] [warning] Couldn't find file 'little_medial_rvs.vtp'.
[2026-02-16 16:11:10.305] [warning] Couldn't find file 'little_distal_rvs.vtp'.
[2026-02-16 16:11:10.305] [warning] Couldn't find file 'metacarpal1_rvs.vtp'.
[2026-02-16 16:11:10.305] [warning] Couldn't find file 'thumb_proximal_rvs.vtp'.
[2026-02-16 16:11:10.305] [warning] Couldn't find file 'thumb_distal_rvs.vtp'.
[2026-02-16 16:11:10.305] [warning] Couldn't find file 'humerus_lv.vtp'.
[2026-02-16 16:11:10.305] [warning] Couldn't find file 'ulna_lv.vtp'.
[2026-02-16 16:11:10.305] [warning] Couldn't find file 'radius_lv.vtp'.
[2026-02-16 16:11:10.305] [warning] Couldn't find file 'pisiform_lvs.vtp'.
[2026-02-16 16:11:10.305] [warning] Couldn't find file 'lunate_lvs.vtp'.
[2026-02-16 16:11:10.305] [warning] Couldn't find file 'scaphoid_lvs.vtp'.
[2026-02-16 16:11:10.305] [warning] Couldn't find file 'triquetrum_lvs.vtp'.
[2026-02-16 16:11:10.305] [warning] Couldn't find file 'hamate_lvs.vtp'.
[2026-02-16 16:11:10.305] [warning] Couldn't find file 'capitate_lvs.vtp'.
[2026-02-16 16:11:10.305] [warning] Couldn't find file 'trapezoid_lvs.vtp'.
[2026-02-16 16:11:10.305] [warning] Couldn't find file 'trapezium_lvs.vtp'.
[2026-02-16 16:11:10.305] [warning] Couldn't find file 'metacarpal2_lvs.vtp'.
[2026-02-16 16:11:10.305] [warning] Couldn't find file 'index_proximal_lvs.vtp'.
[2026-02-16 16:11:10.305] [warning] Couldn't find file 'index_medial_lvs.vtp'.
[2026-02-16 16:11:10.305] [warning] Couldn't find file 'index_distal_lvs.vtp'.
[2026-02-16 16:11:10.305] [warning] Couldn't find file 'metacarpal3_lvs.vtp'.
[2026-02-16 16:11:10.305] [warning] Couldn't find file 'middle_proximal_lvs.vtp'.
[2026-02-16 16:11:10.305] [warning] Couldn't find file 'middle_medial_lvs.vtp'.
[2026-02-16 16:11:10.305] [warning] Couldn't find file 'middle_distal_lvs.vtp'.
[2026-02-16 16:11:10.305] [warning] Couldn't find file 'metacarpal4_lvs.vtp'.
[2026-02-16 16:11:10.305] [warning] Couldn't find file 'ring_proximal_lvs.vtp'.
[2026-02-16 16:11:10.305] [warning] Couldn't find file 'ring_medial_lvs.vtp'.
[2026-02-16 16:11:10.305] [warning] Couldn't find file 'ring_distal_lvs.vtp'.
[2026-02-16 16:11:10.306] [warning] Couldn't find file 'metacarpal5_lvs.vtp'.
[2026-02-16 16:11:10.306] [warning] Couldn't find file 'little_proximal_lvs.vtp'.
[2026-02-16 16:11:10.306] [warning] Couldn't find file 'little_medial_lvs.vtp'.
[2026-02-16 16:11:10.306] [warning] Couldn't find file 'little_distal_lvs.vtp'.
[2026-02-16 16:11:10.306] [warning] Couldn't find file 'metacarpal1_lvs.vtp'.
[2026-02-16 16:11:10.306] [warning] Couldn't find file 'thumb_proximal_lvs.vtp'.
[2026-02-16 16:11:10.306] [warning] Couldn't find file 'thumb_distal_lvs.vtp'.
[2026-02-16 16:11:10.310] [info] AbstractTool IK_sub1_v2_t3 loading model C:\Users\Israel Luis\Documents\GitHub\GoalOptimized\Database\sub1\model\model_rajagopal2022_sub1.osim
[2026-02-16 16:11:10.324] [info] Updating Model file from 40000 to latest format...
[2026-02-16 16:11:10.343] [info] Loaded model 1_scaled_rajagopal2022 from file C:\Users\Israel Luis\Documents\GitHub\GoalOptimized\Database\sub1\model\model_rajagopal2022_sub1.osim
[2026-02-16 16:11:10.343] [warning] Couldn't find file 'r_pelvis.vtp'.
[2026-02-16 16:11:10.343] [warning] Couldn't find file 'l_pelvis.vtp'.
[2026-02-16 16:11:10.343] [warning] Couldn't find file 'sacrum.vtp'.
[2026-02-16 16:11:10.343] [warning] Couldn't find file 'r_femur.vtp'.
[2026-02-16 16:11:10.343] [warning] Couldn't find file 'r_tibia.vtp'.
[2026-02-16 16:11:10.343] [warning] Couldn't find file 'r_fibula.vtp'.
[2026-02-16 16:11:10.343] [warning] Couldn't find file 'r_patella.vtp'.
[2026-02-16 16:11:10.343] [warning] Couldn't find file 'r_talus.vtp'.
[2026-02-16 16:11:10.343] [warning] Couldn't find file 'r_foot.vtp'.
[2026-02-16 16:11:10.343] [warning] Couldn't find file 'r_bofoot.vtp'.
[2026-02-16 16:11:10.343] [warning] Couldn't find file 'l_femur.vtp'.
[2026-02-16 16:11:10.344] [warning] Couldn't find file 'l_tibia.vtp'.
[2026-02-16 16:11:10.344] [warning] Couldn't find file 'l_fibula.vtp'.
[2026-02-16 16:11:10.344] [warning] Couldn't find file 'l_patella.vtp'.
[2026-02-16 16:11:10.344] [warning] Couldn't find file 'l_talus.vtp'.
[2026-02-16 16:11:10.344] [warning] Couldn't find file 'l_foot.vtp'.
[2026-02-16 16:11:10.344] [warning] Couldn't find file 'l_bofoot.vtp'.
[2026-02-16 16:11:10.344] [warning] Couldn't find file 'hat_spine.vtp'.
[2026-02-16 16:11:10.344] [warning] Couldn't find file 'hat_jaw.vtp'.
[2026-02-16 16:11:10.344] [warning] Couldn't find file 'hat_skull.vtp'.
[2026-02-16 16:11:10.344] [warning] Couldn't find file 'hat_ribs_scap.vtp'.
[2026-02-16 16:11:10.344] [warning] Couldn't find file 'humerus_rv.vtp'.
[2026-02-16 16:11:10.344] [warning] Couldn't find file 'ulna_rv.vtp'.
[2026-02-16 16:11:10.344] [warning] Couldn't find file 'radius_rv.vtp'.
[2026-02-16 16:11:10.344] [warning] Couldn't find file 'pisiform_rvs.vtp'.
[2026-02-16 16:11:10.344] [warning] Couldn't find file 'lunate_rvs.vtp'.
[2026-02-16 16:11:10.344] [warning] Couldn't find file 'scaphoid_rvs.vtp'.
[2026-02-16 16:11:10.344] [warning] Couldn't find file 'triquetrum_rvs.vtp'.
[2026-02-16 16:11:10.344] [warning] Couldn't find file 'hamate_rvs.vtp'.
[2026-02-16 16:11:10.344] [warning] Couldn't find file 'capitate_rvs.vtp'.
[2026-02-16 16:11:10.344] [warning] Couldn't find file 'trapezoid_rvs.vtp'.
[2026-02-16 16:11:10.344] [warning] Couldn't find file 'trapezium_rvs.vtp'.
[2026-02-16 16:11:10.344] [warning] Couldn't find file 'metacarpal2_rvs.vtp'.
[2026-02-16 16:11:10.344] [warning] Couldn't find file 'index_proximal_rvs.vtp'.
[2026-02-16 16:11:10.344] [warning] Couldn't find file 'index_medial_rvs.vtp'.
[2026-02-16 16:11:10.344] [warning] Couldn't find file 'index_distal_rvs.vtp'.
[2026-02-16 16:11:10.344] [warning] Couldn't find file 'metacarpal3_rvs.vtp'.
[2026-02-16 16:11:10.344] [warning] Couldn't find file 'middle_proximal_rvs.vtp'.
[2026-02-16 16:11:10.345] [warning] Couldn't find file 'middle_medial_rvs.vtp'.
[2026-02-16 16:11:10.345] [warning] Couldn't find file 'middle_distal_rvs.vtp'.
[2026-02-16 16:11:10.345] [warning] Couldn't find file 'metacarpal4_rvs.vtp'.
[2026-02-16 16:11:10.345] [warning] Couldn't find file 'ring_proximal_rvs.vtp'.
[2026-02-16 16:11:10.345] [warning] Couldn't find file 'ring_medial_rvs.vtp'.
[2026-02-16 16:11:10.345] [warning] Couldn't find file 'ring_distal_rvs.vtp'.
[2026-02-16 16:11:10.345] [warning] Couldn't find file 'metacarpal5_rvs.vtp'.
[2026-02-16 16:11:10.345] [warning] Couldn't find file 'little_proximal_rvs.vtp'.
[2026-02-16 16:11:10.345] [warning] Couldn't find file 'little_medial_rvs.vtp'.
[2026-02-16 16:11:10.345] [warning] Couldn't find file 'little_distal_rvs.vtp'.
[2026-02-16 16:11:10.345] [warning] Couldn't find file 'metacarpal1_rvs.vtp'.
[2026-02-16 16:11:10.345] [warning] Couldn't find file 'thumb_proximal_rvs.vtp'.
[2026-02-16 16:11:10.345] [warning] Couldn't find file 'thumb_distal_rvs.vtp'.
[2026-02-16 16:11:10.345] [warning] Couldn't find file 'humerus_lv.vtp'.
[2026-02-16 16:11:10.345] [warning] Couldn't find file 'ulna_lv.vtp'.
[2026-02-16 16:11:10.345] [warning] Couldn't find file 'radius_lv.vtp'.
[2026-02-16 16:11:10.345] [warning] Couldn't find file 'pisiform_lvs.vtp'.
[2026-02-16 16:11:10.345] [warning] Couldn't find file 'lunate_lvs.vtp'.
[2026-02-16 16:11:10.345] [warning] Couldn't find file 'scaphoid_lvs.vtp'.
[2026-02-16 16:11:10.345] [warning] Couldn't find file 'triquetrum_lvs.vtp'.
[2026-02-16 16:11:10.345] [warning] Couldn't find file 'hamate_lvs.vtp'.
[2026-02-16 16:11:10.345] [warning] Couldn't find file 'capitate_lvs.vtp'.
[2026-02-16 16:11:10.345] [warning] Couldn't find file 'trapezoid_lvs.vtp'.
[2026-02-16 16:11:10.345] [warning] Couldn't find file 'trapezium_lvs.vtp'.
[2026-02-16 16:11:10.345] [warning] Couldn't find file 'metacarpal2_lvs.vtp'.
[2026-02-16 16:11:10.345] [warning] Couldn't find file 'index_proximal_lvs.vtp'.
[2026-02-16 16:11:10.345] [warning] Couldn't find file 'index_medial_lvs.vtp'.
[2026-02-16 16:11:10.346] [warning] Couldn't find file 'index_distal_lvs.vtp'.
[2026-02-16 16:11:10.346] [warning] Couldn't find file 'metacarpal3_lvs.vtp'.
[2026-02-16 16:11:10.346] [warning] Couldn't find file 'middle_proximal_lvs.vtp'.
[2026-02-16 16:11:10.346] [warning] Couldn't find file 'middle_medial_lvs.vtp'.
[2026-02-16 16:11:10.346] [warning] Couldn't find file 'middle_distal_lvs.vtp'.
[2026-02-16 16:11:10.346] [warning] Couldn't find file 'metacarpal4_lvs.vtp'.
[2026-02-16 16:11:10.346] [warning] Couldn't find file 'ring_proximal_lvs.vtp'.
[2026-02-16 16:11:10.346] [warning] Couldn't find file 'ring_medial_lvs.vtp'.
[2026-02-16 16:11:10.346] [warning] Couldn't find file 'ring_distal_lvs.vtp'.
[2026-02-16 16:11:10.346] [warning] Couldn't find file 'metacarpal5_lvs.vtp'.
[2026-02-16 16:11:10.346] [warning] Couldn't find file 'little_proximal_lvs.vtp'.
[2026-02-16 16:11:10.346] [warning] Couldn't find file 'little_medial_lvs.vtp'.
[2026-02-16 16:11:10.346] [warning] Couldn't find file 'little_distal_lvs.vtp'.
[2026-02-16 16:11:10.346] [warning] Couldn't find file 'metacarpal1_lvs.vtp'.
[2026-02-16 16:11:10.346] [warning] Couldn't find file 'thumb_proximal_lvs.vtp'.
[2026-02-16 16:11:10.346] [warning] Couldn't find file 'thumb_distal_lvs.vtp'.
[2026-02-16 16:11:10.350] [info] No external loads will be applied (external loads file not specified).
[2026-02-16 16:11:10.363] [info] Loading coordinates from file 'C:\Users\Israel Luis\Documents\GitHub\GoalOptimized\Database\sub1\IK\IK_sub1_v2_t3.mot'.
[2026-02-16 16:11:10.363] [info] Storage: read data file = C:\Users\Israel Luis\Documents\GitHub\GoalOptimized\Database\sub1\IK\IK_sub1_v2_t3.mot (nr=115 nc=40)
[2026-02-16 16:11:10.911] [info] Found 115 state vectors with time stamps ranging from 1.11 to 2.25.
[2026-02-16 16:11:10.911] [info] Executing the analyses from 1.11 to 2.25...
[2026-02-16 16:11:15.156] [info] Printing results of investigation IK_sub1_v2_t3 to C:\Users\Israel Luis\Documents\GitHub\GoalOptimized\ProjectResults\DSE\sub1\multiCycle\Je\MuscleAnalysis
[2026-02-16 16:15:07.659] [info] Updating Model file from 40000 to latest format...
[2026-02-16 16:15:07.677] [info] Loaded model 1_scaled_rajagopal2022 from file C:\Users\Israel Luis\Documents\GitHub\GoalOptimized\Database\sub1\model\model_rajagopal2022_sub1.osim
[2026-02-16 16:15:07.677] [warning] Couldn't find file 'r_pelvis.vtp'.
[2026-02-16 16:15:07.677] [warning] Couldn't find file 'l_pelvis.vtp'.
[2026-02-16 16:15:07.678] [warning] Couldn't find file 'sacrum.vtp'.
[2026-02-16 16:15:07.678] [warning] Couldn't find file 'r_femur.vtp'.
[2026-02-16 16:15:07.678] [warning] Couldn't find file 'r_tibia.vtp'.
[2026-02-16 16:15:07.678] [warning] Couldn't find file 'r_fibula.vtp'.
[2026-02-16 16:15:07.678] [warning] Couldn't find file 'r_patella.vtp'.
[2026-02-16 16:15:07.678] [warning] Couldn't find file 'r_talus.vtp'.
[2026-02-16 16:15:07.678] [warning] Couldn't find file 'r_foot.vtp'.
[2026-02-16 16:15:07.678] [warning] Couldn't find file 'r_bofoot.vtp'.
[2026-02-16 16:15:07.678] [warning] Couldn't find file 'l_femur.vtp'.
[2026-02-16 16:15:07.678] [warning] Couldn't find file 'l_tibia.vtp'.
[2026-02-16 16:15:07.678] [warning] Couldn't find file 'l_fibula.vtp'.
[2026-02-16 16:15:07.678] [warning] Couldn't find file 'l_patella.vtp'.
[2026-02-16 16:15:07.678] [warning] Couldn't find file 'l_talus.vtp'.
[2026-02-16 16:15:07.678] [warning] Couldn't find file 'l_foot.vtp'.
[2026-02-16 16:15:07.678] [warning] Couldn't find file 'l_bofoot.vtp'.
[2026-02-16 16:15:07.678] [warning] Couldn't find file 'hat_spine.vtp'.
[2026-02-16 16:15:07.678] [warning] Couldn't find file 'hat_jaw.vtp'.
[2026-02-16 16:15:07.678] [warning] Couldn't find file 'hat_skull.vtp'.
[2026-02-16 16:15:07.678] [warning] Couldn't find file 'hat_ribs_scap.vtp'.
[2026-02-16 16:15:07.678] [warning] Couldn't find file 'humerus_rv.vtp'.
[2026-02-16 16:15:07.678] [warning] Couldn't find file 'ulna_rv.vtp'.
[2026-02-16 16:15:07.678] [warning] Couldn't find file 'radius_rv.vtp'.
[2026-02-16 16:15:07.678] [warning] Couldn't find file 'pisiform_rvs.vtp'.
[2026-02-16 16:15:07.678] [warning] Couldn't find file 'lunate_rvs.vtp'.
[2026-02-16 16:15:07.678] [warning] Couldn't find file 'scaphoid_rvs.vtp'.
[2026-02-16 16:15:07.679] [warning] Couldn't find file 'triquetrum_rvs.vtp'.
[2026-02-16 16:15:07.679] [warning] Couldn't find file 'hamate_rvs.vtp'.
[2026-02-16 16:15:07.679] [warning] Couldn't find file 'capitate_rvs.vtp'.
[2026-02-16 16:15:07.679] [warning] Couldn't find file 'trapezoid_rvs.vtp'.
[2026-02-16 16:15:07.679] [warning] Couldn't find file 'trapezium_rvs.vtp'.
[2026-02-16 16:15:07.679] [warning] Couldn't find file 'metacarpal2_rvs.vtp'.
[2026-02-16 16:15:07.679] [warning] Couldn't find file 'index_proximal_rvs.vtp'.
[2026-02-16 16:15:07.679] [warning] Couldn't find file 'index_medial_rvs.vtp'.
[2026-02-16 16:15:07.679] [warning] Couldn't find file 'index_distal_rvs.vtp'.
[2026-02-16 16:15:07.679] [warning] Couldn't find file 'metacarpal3_rvs.vtp'.
[2026-02-16 16:15:07.679] [warning] Couldn't find file 'middle_proximal_rvs.vtp'.
[2026-02-16 16:15:07.679] [warning] Couldn't find file 'middle_medial_rvs.vtp'.
[2026-02-16 16:15:07.679] [warning] Couldn't find file 'middle_distal_rvs.vtp'.
[2026-02-16 16:15:07.679] [warning] Couldn't find file 'metacarpal4_rvs.vtp'.
[2026-02-16 16:15:07.679] [warning] Couldn't find file 'ring_proximal_rvs.vtp'.
[2026-02-16 16:15:07.679] [warning] Couldn't find file 'ring_medial_rvs.vtp'.
[2026-02-16 16:15:07.679] [warning] Couldn't find file 'ring_distal_rvs.vtp'.
[2026-02-16 16:15:07.679] [warning] Couldn't find file 'metacarpal5_rvs.vtp'.
[2026-02-16 16:15:07.679] [warning] Couldn't find file 'little_proximal_rvs.vtp'.
[2026-02-16 16:15:07.679] [warning] Couldn't find file 'little_medial_rvs.vtp'.
[2026-02-16 16:15:07.679] [warning] Couldn't find file 'little_distal_rvs.vtp'.
[2026-02-16 16:15:07.679] [warning] Couldn't find file 'metacarpal1_rvs.vtp'.
[2026-02-16 16:15:07.679] [warning] Couldn't find file 'thumb_proximal_rvs.vtp'.
[2026-02-16 16:15:07.679] [warning] Couldn't find file 'thumb_distal_rvs.vtp'.
[2026-02-16 16:15:07.679] [warning] Couldn't find file 'humerus_lv.vtp'.
[2026-02-16 16:15:07.679] [warning] Couldn't find file 'ulna_lv.vtp'.
[2026-02-16 16:15:07.680] [warning] Couldn't find file 'radius_lv.vtp'.
[2026-02-16 16:15:07.680] [warning] Couldn't find file 'pisiform_lvs.vtp'.
[2026-02-16 16:15:07.680] [warning] Couldn't find file 'lunate_lvs.vtp'.
[2026-02-16 16:15:07.680] [warning] Couldn't find file 'scaphoid_lvs.vtp'.
[2026-02-16 16:15:07.680] [warning] Couldn't find file 'triquetrum_lvs.vtp'.
[2026-02-16 16:15:07.680] [warning] Couldn't find file 'hamate_lvs.vtp'.
[2026-02-16 16:15:07.680] [warning] Couldn't find file 'capitate_lvs.vtp'.
[2026-02-16 16:15:07.680] [warning] Couldn't find file 'trapezoid_lvs.vtp'.
[2026-02-16 16:15:07.680] [warning] Couldn't find file 'trapezium_lvs.vtp'.
[2026-02-16 16:15:07.680] [warning] Couldn't find file 'metacarpal2_lvs.vtp'.
[2026-02-16 16:15:07.680] [warning] Couldn't find file 'index_proximal_lvs.vtp'.
[2026-02-16 16:15:07.680] [warning] Couldn't find file 'index_medial_lvs.vtp'.
[2026-02-16 16:15:07.680] [warning] Couldn't find file 'index_distal_lvs.vtp'.
[2026-02-16 16:15:07.680] [warning] Couldn't find file 'metacarpal3_lvs.vtp'.
[2026-02-16 16:15:07.680] [warning] Couldn't find file 'middle_proximal_lvs.vtp'.
[2026-02-16 16:15:07.680] [warning] Couldn't find file 'middle_medial_lvs.vtp'.
[2026-02-16 16:15:07.680] [warning] Couldn't find file 'middle_distal_lvs.vtp'.
[2026-02-16 16:15:07.680] [warning] Couldn't find file 'metacarpal4_lvs.vtp'.
[2026-02-16 16:15:07.680] [warning] Couldn't find file 'ring_proximal_lvs.vtp'.
[2026-02-16 16:15:07.680] [warning] Couldn't find file 'ring_medial_lvs.vtp'.
[2026-02-16 16:15:07.680] [warning] Couldn't find file 'ring_distal_lvs.vtp'.
[2026-02-16 16:15:07.680] [warning] Couldn't find file 'metacarpal5_lvs.vtp'.
[2026-02-16 16:15:07.680] [warning] Couldn't find file 'little_proximal_lvs.vtp'.
[2026-02-16 16:15:07.680] [warning] Couldn't find file 'little_medial_lvs.vtp'.
[2026-02-16 16:15:07.680] [warning] Couldn't find file 'little_distal_lvs.vtp'.
[2026-02-16 16:15:07.680] [warning] Couldn't find file 'metacarpal1_lvs.vtp'.
[2026-02-16 16:15:07.681] [warning] Couldn't find file 'thumb_proximal_lvs.vtp'.
[2026-02-16 16:15:07.681] [warning] Couldn't find file 'thumb_distal_lvs.vtp'.
[2026-02-16 16:15:07.708] [info] AbstractTool IK_sub1_v2_t1 loading model C:\Users\Israel Luis\Documents\GitHub\GoalOptimized\Database\sub1\model\model_rajagopal2022_sub1.osim
[2026-02-16 16:15:07.722] [info] Updating Model file from 40000 to latest format...
[2026-02-16 16:15:07.740] [info] Loaded model 1_scaled_rajagopal2022 from file C:\Users\Israel Luis\Documents\GitHub\GoalOptimized\Database\sub1\model\model_rajagopal2022_sub1.osim
[2026-02-16 16:15:07.740] [warning] Couldn't find file 'r_pelvis.vtp'.
[2026-02-16 16:15:07.740] [warning] Couldn't find file 'l_pelvis.vtp'.
[2026-02-16 16:15:07.740] [warning] Couldn't find file 'sacrum.vtp'.
[2026-02-16 16:15:07.740] [warning] Couldn't find file 'r_femur.vtp'.
[2026-02-16 16:15:07.740] [warning] Couldn't find file 'r_tibia.vtp'.
[2026-02-16 16:15:07.740] [warning] Couldn't find file 'r_fibula.vtp'.
[2026-02-16 16:15:07.740] [warning] Couldn't find file 'r_patella.vtp'.
[2026-02-16 16:15:07.740] [warning] Couldn't find file 'r_talus.vtp'.
[2026-02-16 16:15:07.740] [warning] Couldn't find file 'r_foot.vtp'.
[2026-02-16 16:15:07.740] [warning] Couldn't find file 'r_bofoot.vtp'.
[2026-02-16 16:15:07.740] [warning] Couldn't find file 'l_femur.vtp'.
[2026-02-16 16:15:07.740] [warning] Couldn't find file 'l_tibia.vtp'.
[2026-02-16 16:15:07.740] [warning] Couldn't find file 'l_fibula.vtp'.
[2026-02-16 16:15:07.740] [warning] Couldn't find file 'l_patella.vtp'.
[2026-02-16 16:15:07.740] [warning] Couldn't find file 'l_talus.vtp'.
[2026-02-16 16:15:07.741] [warning] Couldn't find file 'l_foot.vtp'.
[2026-02-16 16:15:07.741] [warning] Couldn't find file 'l_bofoot.vtp'.
[2026-02-16 16:15:07.741] [warning] Couldn't find file 'hat_spine.vtp'.
[2026-02-16 16:15:07.741] [warning] Couldn't find file 'hat_jaw.vtp'.
[2026-02-16 16:15:07.741] [warning] Couldn't find file 'hat_skull.vtp'.
[2026-02-16 16:15:07.741] [warning] Couldn't find file 'hat_ribs_scap.vtp'.
[2026-02-16 16:15:07.741] [warning] Couldn't find file 'humerus_rv.vtp'.
[2026-02-16 16:15:07.741] [warning] Couldn't find file 'ulna_rv.vtp'.
[2026-02-16 16:15:07.741] [warning] Couldn't find file 'radius_rv.vtp'.
[2026-02-16 16:15:07.741] [warning] Couldn't find file 'pisiform_rvs.vtp'.
[2026-02-16 16:15:07.741] [warning] Couldn't find file 'lunate_rvs.vtp'.
[2026-02-16 16:15:07.741] [warning] Couldn't find file 'scaphoid_rvs.vtp'.
[2026-02-16 16:15:07.741] [warning] Couldn't find file 'triquetrum_rvs.vtp'.
[2026-02-16 16:15:07.741] [warning] Couldn't find file 'hamate_rvs.vtp'.
[2026-02-16 16:15:07.741] [warning] Couldn't find file 'capitate_rvs.vtp'.
[2026-02-16 16:15:07.741] [warning] Couldn't find file 'trapezoid_rvs.vtp'.
[2026-02-16 16:15:07.741] [warning] Couldn't find file 'trapezium_rvs.vtp'.
[2026-02-16 16:15:07.741] [warning] Couldn't find file 'metacarpal2_rvs.vtp'.
[2026-02-16 16:15:07.741] [warning] Couldn't find file 'index_proximal_rvs.vtp'.
[2026-02-16 16:15:07.741] [warning] Couldn't find file 'index_medial_rvs.vtp'.
[2026-02-16 16:15:07.741] [warning] Couldn't find file 'index_distal_rvs.vtp'.
[2026-02-16 16:15:07.741] [warning] Couldn't find file 'metacarpal3_rvs.vtp'.
[2026-02-16 16:15:07.741] [warning] Couldn't find file 'middle_proximal_rvs.vtp'.
[2026-02-16 16:15:07.741] [warning] Couldn't find file 'middle_medial_rvs.vtp'.
[2026-02-16 16:15:07.741] [warning] Couldn't find file 'middle_distal_rvs.vtp'.
[2026-02-16 16:15:07.741] [warning] Couldn't find file 'metacarpal4_rvs.vtp'.
[2026-02-16 16:15:07.741] [warning] Couldn't find file 'ring_proximal_rvs.vtp'.
[2026-02-16 16:15:07.741] [warning] Couldn't find file 'ring_medial_rvs.vtp'.
[2026-02-16 16:15:07.742] [warning] Couldn't find file 'ring_distal_rvs.vtp'.
[2026-02-16 16:15:07.742] [warning] Couldn't find file 'metacarpal5_rvs.vtp'.
[2026-02-16 16:15:07.742] [warning] Couldn't find file 'little_proximal_rvs.vtp'.
[2026-02-16 16:15:07.742] [warning] Couldn't find file 'little_medial_rvs.vtp'.
[2026-02-16 16:15:07.742] [warning] Couldn't find file 'little_distal_rvs.vtp'.
[2026-02-16 16:15:07.742] [warning] Couldn't find file 'metacarpal1_rvs.vtp'.
[2026-02-16 16:15:07.742] [warning] Couldn't find file 'thumb_proximal_rvs.vtp'.
[2026-02-16 16:15:07.742] [warning] Couldn't find file 'thumb_distal_rvs.vtp'.
[2026-02-16 16:15:07.742] [warning] Couldn't find file 'humerus_lv.vtp'.
[2026-02-16 16:15:07.742] [warning] Couldn't find file 'ulna_lv.vtp'.
[2026-02-16 16:15:07.742] [warning] Couldn't find file 'radius_lv.vtp'.
[2026-02-16 16:15:07.742] [warning] Couldn't find file 'pisiform_lvs.vtp'.
[2026-02-16 16:15:07.742] [warning] Couldn't find file 'lunate_lvs.vtp'.
[2026-02-16 16:15:07.742] [warning] Couldn't find file 'scaphoid_lvs.vtp'.
[2026-02-16 16:15:07.742] [warning] Couldn't find file 'triquetrum_lvs.vtp'.
[2026-02-16 16:15:07.742] [warning] Couldn't find file 'hamate_lvs.vtp'.
[2026-02-16 16:15:07.742] [warning] Couldn't find file 'capitate_lvs.vtp'.
[2026-02-16 16:15:07.742] [warning] Couldn't find file 'trapezoid_lvs.vtp'.
[2026-02-16 16:15:07.742] [warning] Couldn't find file 'trapezium_lvs.vtp'.
[2026-02-16 16:15:07.742] [warning] Couldn't find file 'metacarpal2_lvs.vtp'.
[2026-02-16 16:15:07.742] [warning] Couldn't find file 'index_proximal_lvs.vtp'.
[2026-02-16 16:15:07.742] [warning] Couldn't find file 'index_medial_lvs.vtp'.
[2026-02-16 16:15:07.742] [warning] Couldn't find file 'index_distal_lvs.vtp'.
[2026-02-16 16:15:07.742] [warning] Couldn't find file 'metacarpal3_lvs.vtp'.
[2026-02-16 16:15:07.742] [warning] Couldn't find file 'middle_proximal_lvs.vtp'.
[2026-02-16 16:15:07.742] [warning] Couldn't find file 'middle_medial_lvs.vtp'.
[2026-02-16 16:15:07.742] [warning] Couldn't find file 'middle_distal_lvs.vtp'.
[2026-02-16 16:15:07.742] [warning] Couldn't find file 'metacarpal4_lvs.vtp'.
[2026-02-16 16:15:07.743] [warning] Couldn't find file 'ring_proximal_lvs.vtp'.
[2026-02-16 16:15:07.743] [warning] Couldn't find file 'ring_medial_lvs.vtp'.
[2026-02-16 16:15:07.743] [warning] Couldn't find file 'ring_distal_lvs.vtp'.
[2026-02-16 16:15:07.743] [warning] Couldn't find file 'metacarpal5_lvs.vtp'.
[2026-02-16 16:15:07.743] [warning] Couldn't find file 'little_proximal_lvs.vtp'.
[2026-02-16 16:15:07.743] [warning] Couldn't find file 'little_medial_lvs.vtp'.
[2026-02-16 16:15:07.743] [warning] Couldn't find file 'little_distal_lvs.vtp'.
[2026-02-16 16:15:07.743] [warning] Couldn't find file 'metacarpal1_lvs.vtp'.
[2026-02-16 16:15:07.743] [warning] Couldn't find file 'thumb_proximal_lvs.vtp'.
[2026-02-16 16:15:07.743] [warning] Couldn't find file 'thumb_distal_lvs.vtp'.
[2026-02-16 16:15:07.749] [info] No external loads will be applied (external loads file not specified).
[2026-02-16 16:15:07.761] [info] Loading coordinates from file 'C:\Users\Israel Luis\Documents\GitHub\GoalOptimized\Database\sub1\IK\IK_sub1_v2_t1.mot'.
[2026-02-16 16:15:07.761] [info] Storage: read data file = C:\Users\Israel Luis\Documents\GitHub\GoalOptimized\Database\sub1\IK\IK_sub1_v2_t1.mot (nr=119 nc=40)
[2026-02-16 16:15:08.343] [info] Found 119 state vectors with time stamps ranging from 0.57 to 1.75.
[2026-02-16 16:15:08.343] [info] Executing the analyses from 0.57 to 1.75...
[2026-02-16 16:15:12.602] [info] Printing results of investigation IK_sub1_v2_t1 to C:\Users\Israel Luis\Documents\GitHub\GoalOptimized\ProjectResults\DSE\sub1\multiCycle\Je\MuscleAnalysis
[2026-02-16 16:15:16.596] [info] Updating Model file from 40000 to latest format...
[2026-02-16 16:15:16.613] [info] Loaded model 1_scaled_rajagopal2022 from file C:\Users\Israel Luis\Documents\GitHub\GoalOptimized\Database\sub1\model\model_rajagopal2022_sub1.osim
[2026-02-16 16:15:16.613] [warning] Couldn't find file 'r_pelvis.vtp'.
[2026-02-16 16:15:16.614] [warning] Couldn't find file 'l_pelvis.vtp'.
[2026-02-16 16:15:16.614] [warning] Couldn't find file 'sacrum.vtp'.
[2026-02-16 16:15:16.614] [warning] Couldn't find file 'r_femur.vtp'.
[2026-02-16 16:15:16.614] [warning] Couldn't find file 'r_tibia.vtp'.
[2026-02-16 16:15:16.614] [warning] Couldn't find file 'r_fibula.vtp'.
[2026-02-16 16:15:16.614] [warning] Couldn't find file 'r_patella.vtp'.
[2026-02-16 16:15:16.614] [warning] Couldn't find file 'r_talus.vtp'.
[2026-02-16 16:15:16.614] [warning] Couldn't find file 'r_foot.vtp'.
[2026-02-16 16:15:16.614] [warning] Couldn't find file 'r_bofoot.vtp'.
[2026-02-16 16:15:16.614] [warning] Couldn't find file 'l_femur.vtp'.
[2026-02-16 16:15:16.614] [warning] Couldn't find file 'l_tibia.vtp'.
[2026-02-16 16:15:16.614] [warning] Couldn't find file 'l_fibula.vtp'.
[2026-02-16 16:15:16.614] [warning] Couldn't find file 'l_patella.vtp'.
[2026-02-16 16:15:16.614] [warning] Couldn't find file 'l_talus.vtp'.
[2026-02-16 16:15:16.614] [warning] Couldn't find file 'l_foot.vtp'.
[2026-02-16 16:15:16.614] [warning] Couldn't find file 'l_bofoot.vtp'.
[2026-02-16 16:15:16.614] [warning] Couldn't find file 'hat_spine.vtp'.
[2026-02-16 16:15:16.614] [warning] Couldn't find file 'hat_jaw.vtp'.
[2026-02-16 16:15:16.614] [warning] Couldn't find file 'hat_skull.vtp'.
[2026-02-16 16:15:16.614] [warning] Couldn't find file 'hat_ribs_scap.vtp'.
[2026-02-16 16:15:16.614] [warning] Couldn't find file 'humerus_rv.vtp'.
[2026-02-16 16:15:16.614] [warning] Couldn't find file 'ulna_rv.vtp'.
[2026-02-16 16:15:16.614] [warning] Couldn't find file 'radius_rv.vtp'.
[2026-02-16 16:15:16.614] [warning] Couldn't find file 'pisiform_rvs.vtp'.
[2026-02-16 16:15:16.614] [warning] Couldn't find file 'lunate_rvs.vtp'.
[2026-02-16 16:15:16.614] [warning] Couldn't find file 'scaphoid_rvs.vtp'.
[2026-02-16 16:15:16.615] [warning] Couldn't find file 'triquetrum_rvs.vtp'.
[2026-02-16 16:15:16.615] [warning] Couldn't find file 'hamate_rvs.vtp'.
[2026-02-16 16:15:16.615] [warning] Couldn't find file 'capitate_rvs.vtp'.
[2026-02-16 16:15:16.615] [warning] Couldn't find file 'trapezoid_rvs.vtp'.
[2026-02-16 16:15:16.615] [warning] Couldn't find file 'trapezium_rvs.vtp'.
[2026-02-16 16:15:16.615] [warning] Couldn't find file 'metacarpal2_rvs.vtp'.
[2026-02-16 16:15:16.615] [warning] Couldn't find file 'index_proximal_rvs.vtp'.
[2026-02-16 16:15:16.615] [warning] Couldn't find file 'index_medial_rvs.vtp'.
[2026-02-16 16:15:16.615] [warning] Couldn't find file 'index_distal_rvs.vtp'.
[2026-02-16 16:15:16.615] [warning] Couldn't find file 'metacarpal3_rvs.vtp'.
[2026-02-16 16:15:16.615] [warning] Couldn't find file 'middle_proximal_rvs.vtp'.
[2026-02-16 16:15:16.615] [warning] Couldn't find file 'middle_medial_rvs.vtp'.
[2026-02-16 16:15:16.615] [warning] Couldn't find file 'middle_distal_rvs.vtp'.
[2026-02-16 16:15:16.615] [warning] Couldn't find file 'metacarpal4_rvs.vtp'.
[2026-02-16 16:15:16.615] [warning] Couldn't find file 'ring_proximal_rvs.vtp'.
[2026-02-16 16:15:16.615] [warning] Couldn't find file 'ring_medial_rvs.vtp'.
[2026-02-16 16:15:16.615] [warning] Couldn't find file 'ring_distal_rvs.vtp'.
[2026-02-16 16:15:16.615] [warning] Couldn't find file 'metacarpal5_rvs.vtp'.
[2026-02-16 16:15:16.615] [warning] Couldn't find file 'little_proximal_rvs.vtp'.
[2026-02-16 16:15:16.615] [warning] Couldn't find file 'little_medial_rvs.vtp'.
[2026-02-16 16:15:16.615] [warning] Couldn't find file 'little_distal_rvs.vtp'.
[2026-02-16 16:15:16.615] [warning] Couldn't find file 'metacarpal1_rvs.vtp'.
[2026-02-16 16:15:16.615] [warning] Couldn't find file 'thumb_proximal_rvs.vtp'.
[2026-02-16 16:15:16.615] [warning] Couldn't find file 'thumb_distal_rvs.vtp'.
[2026-02-16 16:15:16.615] [warning] Couldn't find file 'humerus_lv.vtp'.
[2026-02-16 16:15:16.615] [warning] Couldn't find file 'ulna_lv.vtp'.
[2026-02-16 16:15:16.615] [warning] Couldn't find file 'radius_lv.vtp'.
[2026-02-16 16:15:16.615] [warning] Couldn't find file 'pisiform_lvs.vtp'.
[2026-02-16 16:15:16.615] [warning] Couldn't find file 'lunate_lvs.vtp'.
[2026-02-16 16:15:16.616] [warning] Couldn't find file 'scaphoid_lvs.vtp'.
[2026-02-16 16:15:16.616] [warning] Couldn't find file 'triquetrum_lvs.vtp'.
[2026-02-16 16:15:16.616] [warning] Couldn't find file 'hamate_lvs.vtp'.
[2026-02-16 16:15:16.616] [warning] Couldn't find file 'capitate_lvs.vtp'.
[2026-02-16 16:15:16.616] [warning] Couldn't find file 'trapezoid_lvs.vtp'.
[2026-02-16 16:15:16.616] [warning] Couldn't find file 'trapezium_lvs.vtp'.
[2026-02-16 16:15:16.616] [warning] Couldn't find file 'metacarpal2_lvs.vtp'.
[2026-02-16 16:15:16.616] [warning] Couldn't find file 'index_proximal_lvs.vtp'.
[2026-02-16 16:15:16.616] [warning] Couldn't find file 'index_medial_lvs.vtp'.
[2026-02-16 16:15:16.616] [warning] Couldn't find file 'index_distal_lvs.vtp'.
[2026-02-16 16:15:16.616] [warning] Couldn't find file 'metacarpal3_lvs.vtp'.
[2026-02-16 16:15:16.616] [warning] Couldn't find file 'middle_proximal_lvs.vtp'.
[2026-02-16 16:15:16.616] [warning] Couldn't find file 'middle_medial_lvs.vtp'.
[2026-02-16 16:15:16.616] [warning] Couldn't find file 'middle_distal_lvs.vtp'.
[2026-02-16 16:15:16.616] [warning] Couldn't find file 'metacarpal4_lvs.vtp'.
[2026-02-16 16:15:16.616] [warning] Couldn't find file 'ring_proximal_lvs.vtp'.
[2026-02-16 16:15:16.616] [warning] Couldn't find file 'ring_medial_lvs.vtp'.
[2026-02-16 16:15:16.616] [warning] Couldn't find file 'ring_distal_lvs.vtp'.
[2026-02-16 16:15:16.616] [warning] Couldn't find file 'metacarpal5_lvs.vtp'.
[2026-02-16 16:15:16.616] [warning] Couldn't find file 'little_proximal_lvs.vtp'.
[2026-02-16 16:15:16.616] [warning] Couldn't find file 'little_medial_lvs.vtp'.
[2026-02-16 16:15:16.616] [warning] Couldn't find file 'little_distal_lvs.vtp'.
[2026-02-16 16:15:16.616] [warning] Couldn't find file 'metacarpal1_lvs.vtp'.
[2026-02-16 16:15:16.616] [warning] Couldn't find file 'thumb_proximal_lvs.vtp'.
[2026-02-16 16:15:16.616] [warning] Couldn't find file 'thumb_distal_lvs.vtp'.
[2026-02-16 16:15:16.629] [info] AbstractTool IK_sub1_v2_t2 loading model C:\Users\Israel Luis\Documents\GitHub\GoalOptimized\Database\sub1\model\model_rajagopal2022_sub1.osim
[2026-02-16 16:15:16.643] [info] Updating Model file from 40000 to latest format...
[2026-02-16 16:15:16.660] [info] Loaded model 1_scaled_rajagopal2022 from file C:\Users\Israel Luis\Documents\GitHub\GoalOptimized\Database\sub1\model\model_rajagopal2022_sub1.osim
[2026-02-16 16:15:16.660] [warning] Couldn't find file 'r_pelvis.vtp'.
[2026-02-16 16:15:16.660] [warning] Couldn't find file 'l_pelvis.vtp'.
[2026-02-16 16:15:16.661] [warning] Couldn't find file 'sacrum.vtp'.
[2026-02-16 16:15:16.661] [warning] Couldn't find file 'r_femur.vtp'.
[2026-02-16 16:15:16.661] [warning] Couldn't find file 'r_tibia.vtp'.
[2026-02-16 16:15:16.661] [warning] Couldn't find file 'r_fibula.vtp'.
[2026-02-16 16:15:16.661] [warning] Couldn't find file 'r_patella.vtp'.
[2026-02-16 16:15:16.661] [warning] Couldn't find file 'r_talus.vtp'.
[2026-02-16 16:15:16.661] [warning] Couldn't find file 'r_foot.vtp'.
[2026-02-16 16:15:16.661] [warning] Couldn't find file 'r_bofoot.vtp'.
[2026-02-16 16:15:16.661] [warning] Couldn't find file 'l_femur.vtp'.
[2026-02-16 16:15:16.661] [warning] Couldn't find file 'l_tibia.vtp'.
[2026-02-16 16:15:16.661] [warning] Couldn't find file 'l_fibula.vtp'.
[2026-02-16 16:15:16.661] [warning] Couldn't find file 'l_patella.vtp'.
[2026-02-16 16:15:16.661] [warning] Couldn't find file 'l_talus.vtp'.
[2026-02-16 16:15:16.661] [warning] Couldn't find file 'l_foot.vtp'.
[2026-02-16 16:15:16.661] [warning] Couldn't find file 'l_bofoot.vtp'.
[2026-02-16 16:15:16.661] [warning] Couldn't find file 'hat_spine.vtp'.
[2026-02-16 16:15:16.661] [warning] Couldn't find file 'hat_jaw.vtp'.
[2026-02-16 16:15:16.661] [warning] Couldn't find file 'hat_skull.vtp'.
[2026-02-16 16:15:16.661] [warning] Couldn't find file 'hat_ribs_scap.vtp'.
[2026-02-16 16:15:16.661] [warning] Couldn't find file 'humerus_rv.vtp'.
[2026-02-16 16:15:16.661] [warning] Couldn't find file 'ulna_rv.vtp'.
[2026-02-16 16:15:16.661] [warning] Couldn't find file 'radius_rv.vtp'.
[2026-02-16 16:15:16.661] [warning] Couldn't find file 'pisiform_rvs.vtp'.
[2026-02-16 16:15:16.661] [warning] Couldn't find file 'lunate_rvs.vtp'.
[2026-02-16 16:15:16.661] [warning] Couldn't find file 'scaphoid_rvs.vtp'.
[2026-02-16 16:15:16.661] [warning] Couldn't find file 'triquetrum_rvs.vtp'.
[2026-02-16 16:15:16.661] [warning] Couldn't find file 'hamate_rvs.vtp'.
[2026-02-16 16:15:16.662] [warning] Couldn't find file 'capitate_rvs.vtp'.
[2026-02-16 16:15:16.662] [warning] Couldn't find file 'trapezoid_rvs.vtp'.
[2026-02-16 16:15:16.662] [warning] Couldn't find file 'trapezium_rvs.vtp'.
[2026-02-16 16:15:16.662] [warning] Couldn't find file 'metacarpal2_rvs.vtp'.
[2026-02-16 16:15:16.662] [warning] Couldn't find file 'index_proximal_rvs.vtp'.
[2026-02-16 16:15:16.662] [warning] Couldn't find file 'index_medial_rvs.vtp'.
[2026-02-16 16:15:16.662] [warning] Couldn't find file 'index_distal_rvs.vtp'.
[2026-02-16 16:15:16.662] [warning] Couldn't find file 'metacarpal3_rvs.vtp'.
[2026-02-16 16:15:16.662] [warning] Couldn't find file 'middle_proximal_rvs.vtp'.
[2026-02-16 16:15:16.662] [warning] Couldn't find file 'middle_medial_rvs.vtp'.
[2026-02-16 16:15:16.662] [warning] Couldn't find file 'middle_distal_rvs.vtp'.
[2026-02-16 16:15:16.662] [warning] Couldn't find file 'metacarpal4_rvs.vtp'.
[2026-02-16 16:15:16.662] [warning] Couldn't find file 'ring_proximal_rvs.vtp'.
[2026-02-16 16:15:16.662] [warning] Couldn't find file 'ring_medial_rvs.vtp'.
[2026-02-16 16:15:16.662] [warning] Couldn't find file 'ring_distal_rvs.vtp'.
[2026-02-16 16:15:16.662] [warning] Couldn't find file 'metacarpal5_rvs.vtp'.
[2026-02-16 16:15:16.662] [warning] Couldn't find file 'little_proximal_rvs.vtp'.
[2026-02-16 16:15:16.662] [warning] Couldn't find file 'little_medial_rvs.vtp'.
[2026-02-16 16:15:16.662] [warning] Couldn't find file 'little_distal_rvs.vtp'.
[2026-02-16 16:15:16.662] [warning] Couldn't find file 'metacarpal1_rvs.vtp'.
[2026-02-16 16:15:16.662] [warning] Couldn't find file 'thumb_proximal_rvs.vtp'.
[2026-02-16 16:15:16.662] [warning] Couldn't find file 'thumb_distal_rvs.vtp'.
[2026-02-16 16:15:16.662] [warning] Couldn't find file 'humerus_lv.vtp'.
[2026-02-16 16:15:16.662] [warning] Couldn't find file 'ulna_lv.vtp'.
[2026-02-16 16:15:16.662] [warning] Couldn't find file 'radius_lv.vtp'.
[2026-02-16 16:15:16.662] [warning] Couldn't find file 'pisiform_lvs.vtp'.
[2026-02-16 16:15:16.662] [warning] Couldn't find file 'lunate_lvs.vtp'.
[2026-02-16 16:15:16.662] [warning] Couldn't find file 'scaphoid_lvs.vtp'.
[2026-02-16 16:15:16.662] [warning] Couldn't find file 'triquetrum_lvs.vtp'.
[2026-02-16 16:15:16.663] [warning] Couldn't find file 'hamate_lvs.vtp'.
[2026-02-16 16:15:16.663] [warning] Couldn't find file 'capitate_lvs.vtp'.
[2026-02-16 16:15:16.663] [warning] Couldn't find file 'trapezoid_lvs.vtp'.
[2026-02-16 16:15:16.663] [warning] Couldn't find file 'trapezium_lvs.vtp'.
[2026-02-16 16:15:16.663] [warning] Couldn't find file 'metacarpal2_lvs.vtp'.
[2026-02-16 16:15:16.663] [warning] Couldn't find file 'index_proximal_lvs.vtp'.
[2026-02-16 16:15:16.663] [warning] Couldn't find file 'index_medial_lvs.vtp'.
[2026-02-16 16:15:16.663] [warning] Couldn't find file 'index_distal_lvs.vtp'.
[2026-02-16 16:15:16.663] [warning] Couldn't find file 'metacarpal3_lvs.vtp'.
[2026-02-16 16:15:16.663] [warning] Couldn't find file 'middle_proximal_lvs.vtp'.
[2026-02-16 16:15:16.663] [warning] Couldn't find file 'middle_medial_lvs.vtp'.
[2026-02-16 16:15:16.663] [warning] Couldn't find file 'middle_distal_lvs.vtp'.
[2026-02-16 16:15:16.663] [warning] Couldn't find file 'metacarpal4_lvs.vtp'.
[2026-02-16 16:15:16.663] [warning] Couldn't find file 'ring_proximal_lvs.vtp'.
[2026-02-16 16:15:16.663] [warning] Couldn't find file 'ring_medial_lvs.vtp'.
[2026-02-16 16:15:16.663] [warning] Couldn't find file 'ring_distal_lvs.vtp'.
[2026-02-16 16:15:16.663] [warning] Couldn't find file 'metacarpal5_lvs.vtp'.
[2026-02-16 16:15:16.663] [warning] Couldn't find file 'little_proximal_lvs.vtp'.
[2026-02-16 16:15:16.663] [warning] Couldn't find file 'little_medial_lvs.vtp'.
[2026-02-16 16:15:16.663] [warning] Couldn't find file 'little_distal_lvs.vtp'.
[2026-02-16 16:15:16.663] [warning] Couldn't find file 'metacarpal1_lvs.vtp'.
[2026-02-16 16:15:16.663] [warning] Couldn't find file 'thumb_proximal_lvs.vtp'.
[2026-02-16 16:15:16.663] [warning] Couldn't find file 'thumb_distal_lvs.vtp'.
[2026-02-16 16:15:16.668] [info] No external loads will be applied (external loads file not specified).
[2026-02-16 16:15:16.679] [info] Loading coordinates from file 'C:\Users\Israel Luis\Documents\GitHub\GoalOptimized\Database\sub1\IK\IK_sub1_v2_t2.mot'.
[2026-02-16 16:15:16.679] [info] Storage: read data file = C:\Users\Israel Luis\Documents\GitHub\GoalOptimized\Database\sub1\IK\IK_sub1_v2_t2.mot (nr=118 nc=40)
[2026-02-16 16:15:17.259] [info] Found 118 state vectors with time stamps ranging from 0.04 to 1.21.
[2026-02-16 16:15:17.259] [info] Executing the analyses from 0.04 to 1.21...
[2026-02-16 16:15:21.478] [info] Printing results of investigation IK_sub1_v2_t2 to C:\Users\Israel Luis\Documents\GitHub\GoalOptimized\ProjectResults\DSE\sub1\multiCycle\Je\MuscleAnalysis
[2026-02-16 16:15:25.201] [info] Updating Model file from 40000 to latest format...
[2026-02-16 16:15:25.218] [info] Loaded model 1_scaled_rajagopal2022 from file C:\Users\Israel Luis\Documents\GitHub\GoalOptimized\Database\sub1\model\model_rajagopal2022_sub1.osim
[2026-02-16 16:15:25.219] [warning] Couldn't find file 'r_pelvis.vtp'.
[2026-02-16 16:15:25.219] [warning] Couldn't find file 'l_pelvis.vtp'.
[2026-02-16 16:15:25.219] [warning] Couldn't find file 'sacrum.vtp'.
[2026-02-16 16:15:25.219] [warning] Couldn't find file 'r_femur.vtp'.
[2026-02-16 16:15:25.219] [warning] Couldn't find file 'r_tibia.vtp'.
[2026-02-16 16:15:25.219] [warning] Couldn't find file 'r_fibula.vtp'.
[2026-02-16 16:15:25.219] [warning] Couldn't find file 'r_patella.vtp'.
[2026-02-16 16:15:25.219] [warning] Couldn't find file 'r_talus.vtp'.
[2026-02-16 16:15:25.219] [warning] Couldn't find file 'r_foot.vtp'.
[2026-02-16 16:15:25.219] [warning] Couldn't find file 'r_bofoot.vtp'.
[2026-02-16 16:15:25.219] [warning] Couldn't find file 'l_femur.vtp'.
[2026-02-16 16:15:25.219] [warning] Couldn't find file 'l_tibia.vtp'.
[2026-02-16 16:15:25.219] [warning] Couldn't find file 'l_fibula.vtp'.
[2026-02-16 16:15:25.219] [warning] Couldn't find file 'l_patella.vtp'.
[2026-02-16 16:15:25.219] [warning] Couldn't find file 'l_talus.vtp'.
[2026-02-16 16:15:25.219] [warning] Couldn't find file 'l_foot.vtp'.
[2026-02-16 16:15:25.219] [warning] Couldn't find file 'l_bofoot.vtp'.
[2026-02-16 16:15:25.219] [warning] Couldn't find file 'hat_spine.vtp'.
[2026-02-16 16:15:25.219] [warning] Couldn't find file 'hat_jaw.vtp'.
[2026-02-16 16:15:25.219] [warning] Couldn't find file 'hat_skull.vtp'.
[2026-02-16 16:15:25.219] [warning] Couldn't find file 'hat_ribs_scap.vtp'.
[2026-02-16 16:15:25.219] [warning] Couldn't find file 'humerus_rv.vtp'.
[2026-02-16 16:15:25.219] [warning] Couldn't find file 'ulna_rv.vtp'.
[2026-02-16 16:15:25.219] [warning] Couldn't find file 'radius_rv.vtp'.
[2026-02-16 16:15:25.219] [warning] Couldn't find file 'pisiform_rvs.vtp'.
[2026-02-16 16:15:25.220] [warning] Couldn't find file 'lunate_rvs.vtp'.
[2026-02-16 16:15:25.220] [warning] Couldn't find file 'scaphoid_rvs.vtp'.
[2026-02-16 16:15:25.220] [warning] Couldn't find file 'triquetrum_rvs.vtp'.
[2026-02-16 16:15:25.220] [warning] Couldn't find file 'hamate_rvs.vtp'.
[2026-02-16 16:15:25.220] [warning] Couldn't find file 'capitate_rvs.vtp'.
[2026-02-16 16:15:25.220] [warning] Couldn't find file 'trapezoid_rvs.vtp'.
[2026-02-16 16:15:25.220] [warning] Couldn't find file 'trapezium_rvs.vtp'.
[2026-02-16 16:15:25.220] [warning] Couldn't find file 'metacarpal2_rvs.vtp'.
[2026-02-16 16:15:25.220] [warning] Couldn't find file 'index_proximal_rvs.vtp'.
[2026-02-16 16:15:25.220] [warning] Couldn't find file 'index_medial_rvs.vtp'.
[2026-02-16 16:15:25.220] [warning] Couldn't find file 'index_distal_rvs.vtp'.
[2026-02-16 16:15:25.220] [warning] Couldn't find file 'metacarpal3_rvs.vtp'.
[2026-02-16 16:15:25.220] [warning] Couldn't find file 'middle_proximal_rvs.vtp'.
[2026-02-16 16:15:25.220] [warning] Couldn't find file 'middle_medial_rvs.vtp'.
[2026-02-16 16:15:25.220] [warning] Couldn't find file 'middle_distal_rvs.vtp'.
[2026-02-16 16:15:25.220] [warning] Couldn't find file 'metacarpal4_rvs.vtp'.
[2026-02-16 16:15:25.220] [warning] Couldn't find file 'ring_proximal_rvs.vtp'.
[2026-02-16 16:15:25.220] [warning] Couldn't find file 'ring_medial_rvs.vtp'.
[2026-02-16 16:15:25.220] [warning] Couldn't find file 'ring_distal_rvs.vtp'.
[2026-02-16 16:15:25.220] [warning] Couldn't find file 'metacarpal5_rvs.vtp'.
[2026-02-16 16:15:25.220] [warning] Couldn't find file 'little_proximal_rvs.vtp'.
[2026-02-16 16:15:25.220] [warning] Couldn't find file 'little_medial_rvs.vtp'.
[2026-02-16 16:15:25.220] [warning] Couldn't find file 'little_distal_rvs.vtp'.
[2026-02-16 16:15:25.220] [warning] Couldn't find file 'metacarpal1_rvs.vtp'.
[2026-02-16 16:15:25.220] [warning] Couldn't find file 'thumb_proximal_rvs.vtp'.
[2026-02-16 16:15:25.220] [warning] Couldn't find file 'thumb_distal_rvs.vtp'.
[2026-02-16 16:15:25.220] [warning] Couldn't find file 'humerus_lv.vtp'.
[2026-02-16 16:15:25.220] [warning] Couldn't find file 'ulna_lv.vtp'.
[2026-02-16 16:15:25.221] [warning] Couldn't find file 'radius_lv.vtp'.
[2026-02-16 16:15:25.221] [warning] Couldn't find file 'pisiform_lvs.vtp'.
[2026-02-16 16:15:25.221] [warning] Couldn't find file 'lunate_lvs.vtp'.
[2026-02-16 16:15:25.221] [warning] Couldn't find file 'scaphoid_lvs.vtp'.
[2026-02-16 16:15:25.221] [warning] Couldn't find file 'triquetrum_lvs.vtp'.
[2026-02-16 16:15:25.221] [warning] Couldn't find file 'hamate_lvs.vtp'.
[2026-02-16 16:15:25.221] [warning] Couldn't find file 'capitate_lvs.vtp'.
[2026-02-16 16:15:25.221] [warning] Couldn't find file 'trapezoid_lvs.vtp'.
[2026-02-16 16:15:25.221] [warning] Couldn't find file 'trapezium_lvs.vtp'.
[2026-02-16 16:15:25.221] [warning] Couldn't find file 'metacarpal2_lvs.vtp'.
[2026-02-16 16:15:25.221] [warning] Couldn't find file 'index_proximal_lvs.vtp'.
[2026-02-16 16:15:25.221] [warning] Couldn't find file 'index_medial_lvs.vtp'.
[2026-02-16 16:15:25.221] [warning] Couldn't find file 'index_distal_lvs.vtp'.
[2026-02-16 16:15:25.221] [warning] Couldn't find file 'metacarpal3_lvs.vtp'.
[2026-02-16 16:15:25.221] [warning] Couldn't find file 'middle_proximal_lvs.vtp'.
[2026-02-16 16:15:25.221] [warning] Couldn't find file 'middle_medial_lvs.vtp'.
[2026-02-16 16:15:25.221] [warning] Couldn't find file 'middle_distal_lvs.vtp'.
[2026-02-16 16:15:25.221] [warning] Couldn't find file 'metacarpal4_lvs.vtp'.
[2026-02-16 16:15:25.221] [warning] Couldn't find file 'ring_proximal_lvs.vtp'.
[2026-02-16 16:15:25.221] [warning] Couldn't find file 'ring_medial_lvs.vtp'.
[2026-02-16 16:15:25.221] [warning] Couldn't find file 'ring_distal_lvs.vtp'.
[2026-02-16 16:15:25.221] [warning] Couldn't find file 'metacarpal5_lvs.vtp'.
[2026-02-16 16:15:25.221] [warning] Couldn't find file 'little_proximal_lvs.vtp'.
[2026-02-16 16:15:25.221] [warning] Couldn't find file 'little_medial_lvs.vtp'.
[2026-02-16 16:15:25.221] [warning] Couldn't find file 'little_distal_lvs.vtp'.
[2026-02-16 16:15:25.221] [warning] Couldn't find file 'metacarpal1_lvs.vtp'.
[2026-02-16 16:15:25.221] [warning] Couldn't find file 'thumb_proximal_lvs.vtp'.
[2026-02-16 16:15:25.221] [warning] Couldn't find file 'thumb_distal_lvs.vtp'.
[2026-02-16 16:15:25.234] [info] AbstractTool IK_sub1_v2_t3 loading model C:\Users\Israel Luis\Documents\GitHub\GoalOptimized\Database\sub1\model\model_rajagopal2022_sub1.osim
[2026-02-16 16:15:25.248] [info] Updating Model file from 40000 to latest format...
[2026-02-16 16:15:25.266] [info] Loaded model 1_scaled_rajagopal2022 from file C:\Users\Israel Luis\Documents\GitHub\GoalOptimized\Database\sub1\model\model_rajagopal2022_sub1.osim
[2026-02-16 16:15:25.266] [warning] Couldn't find file 'r_pelvis.vtp'.
[2026-02-16 16:15:25.266] [warning] Couldn't find file 'l_pelvis.vtp'.
[2026-02-16 16:15:25.266] [warning] Couldn't find file 'sacrum.vtp'.
[2026-02-16 16:15:25.266] [warning] Couldn't find file 'r_femur.vtp'.
[2026-02-16 16:15:25.266] [warning] Couldn't find file 'r_tibia.vtp'.
[2026-02-16 16:15:25.266] [warning] Couldn't find file 'r_fibula.vtp'.
[2026-02-16 16:15:25.266] [warning] Couldn't find file 'r_patella.vtp'.
[2026-02-16 16:15:25.266] [warning] Couldn't find file 'r_talus.vtp'.
[2026-02-16 16:15:25.266] [warning] Couldn't find file 'r_foot.vtp'.
[2026-02-16 16:15:25.266] [warning] Couldn't find file 'r_bofoot.vtp'.
[2026-02-16 16:15:25.266] [warning] Couldn't find file 'l_femur.vtp'.
[2026-02-16 16:15:25.266] [warning] Couldn't find file 'l_tibia.vtp'.
[2026-02-16 16:15:25.266] [warning] Couldn't find file 'l_fibula.vtp'.
[2026-02-16 16:15:25.266] [warning] Couldn't find file 'l_patella.vtp'.
[2026-02-16 16:15:25.266] [warning] Couldn't find file 'l_talus.vtp'.
[2026-02-16 16:15:25.266] [warning] Couldn't find file 'l_foot.vtp'.
[2026-02-16 16:15:25.266] [warning] Couldn't find file 'l_bofoot.vtp'.
[2026-02-16 16:15:25.267] [warning] Couldn't find file 'hat_spine.vtp'.
[2026-02-16 16:15:25.267] [warning] Couldn't find file 'hat_jaw.vtp'.
[2026-02-16 16:15:25.267] [warning] Couldn't find file 'hat_skull.vtp'.
[2026-02-16 16:15:25.267] [warning] Couldn't find file 'hat_ribs_scap.vtp'.
[2026-02-16 16:15:25.267] [warning] Couldn't find file 'humerus_rv.vtp'.
[2026-02-16 16:15:25.267] [warning] Couldn't find file 'ulna_rv.vtp'.
[2026-02-16 16:15:25.267] [warning] Couldn't find file 'radius_rv.vtp'.
[2026-02-16 16:15:25.267] [warning] Couldn't find file 'pisiform_rvs.vtp'.
[2026-02-16 16:15:25.267] [warning] Couldn't find file 'lunate_rvs.vtp'.
[2026-02-16 16:15:25.267] [warning] Couldn't find file 'scaphoid_rvs.vtp'.
[2026-02-16 16:15:25.267] [warning] Couldn't find file 'triquetrum_rvs.vtp'.
[2026-02-16 16:15:25.267] [warning] Couldn't find file 'hamate_rvs.vtp'.
[2026-02-16 16:15:25.267] [warning] Couldn't find file 'capitate_rvs.vtp'.
[2026-02-16 16:15:25.267] [warning] Couldn't find file 'trapezoid_rvs.vtp'.
[2026-02-16 16:15:25.267] [warning] Couldn't find file 'trapezium_rvs.vtp'.
[2026-02-16 16:15:25.267] [warning] Couldn't find file 'metacarpal2_rvs.vtp'.
[2026-02-16 16:15:25.267] [warning] Couldn't find file 'index_proximal_rvs.vtp'.
[2026-02-16 16:15:25.267] [warning] Couldn't find file 'index_medial_rvs.vtp'.
[2026-02-16 16:15:25.267] [warning] Couldn't find file 'index_distal_rvs.vtp'.
[2026-02-16 16:15:25.267] [warning] Couldn't find file 'metacarpal3_rvs.vtp'.
[2026-02-16 16:15:25.267] [warning] Couldn't find file 'middle_proximal_rvs.vtp'.
[2026-02-16 16:15:25.267] [warning] Couldn't find file 'middle_medial_rvs.vtp'.
[2026-02-16 16:15:25.267] [warning] Couldn't find file 'middle_distal_rvs.vtp'.
[2026-02-16 16:15:25.267] [warning] Couldn't find file 'metacarpal4_rvs.vtp'.
[2026-02-16 16:15:25.267] [warning] Couldn't find file 'ring_proximal_rvs.vtp'.
[2026-02-16 16:15:25.267] [warning] Couldn't find file 'ring_medial_rvs.vtp'.
[2026-02-16 16:15:25.267] [warning] Couldn't find file 'ring_distal_rvs.vtp'.
[2026-02-16 16:15:25.267] [warning] Couldn't find file 'metacarpal5_rvs.vtp'.
[2026-02-16 16:15:25.267] [warning] Couldn't find file 'little_proximal_rvs.vtp'.
[2026-02-16 16:15:25.268] [warning] Couldn't find file 'little_medial_rvs.vtp'.
[2026-02-16 16:15:25.268] [warning] Couldn't find file 'little_distal_rvs.vtp'.
[2026-02-16 16:15:25.268] [warning] Couldn't find file 'metacarpal1_rvs.vtp'.
[2026-02-16 16:15:25.268] [warning] Couldn't find file 'thumb_proximal_rvs.vtp'.
[2026-02-16 16:15:25.268] [warning] Couldn't find file 'thumb_distal_rvs.vtp'.
[2026-02-16 16:15:25.268] [warning] Couldn't find file 'humerus_lv.vtp'.
[2026-02-16 16:15:25.268] [warning] Couldn't find file 'ulna_lv.vtp'.
[2026-02-16 16:15:25.268] [warning] Couldn't find file 'radius_lv.vtp'.
[2026-02-16 16:15:25.268] [warning] Couldn't find file 'pisiform_lvs.vtp'.
[2026-02-16 16:15:25.268] [warning] Couldn't find file 'lunate_lvs.vtp'.
[2026-02-16 16:15:25.268] [warning] Couldn't find file 'scaphoid_lvs.vtp'.
[2026-02-16 16:15:25.268] [warning] Couldn't find file 'triquetrum_lvs.vtp'.
[2026-02-16 16:15:25.268] [warning] Couldn't find file 'hamate_lvs.vtp'.
[2026-02-16 16:15:25.268] [warning] Couldn't find file 'capitate_lvs.vtp'.
[2026-02-16 16:15:25.268] [warning] Couldn't find file 'trapezoid_lvs.vtp'.
[2026-02-16 16:15:25.268] [warning] Couldn't find file 'trapezium_lvs.vtp'.
[2026-02-16 16:15:25.268] [warning] Couldn't find file 'metacarpal2_lvs.vtp'.
[2026-02-16 16:15:25.268] [warning] Couldn't find file 'index_proximal_lvs.vtp'.
[2026-02-16 16:15:25.268] [warning] Couldn't find file 'index_medial_lvs.vtp'.
[2026-02-16 16:15:25.268] [warning] Couldn't find file 'index_distal_lvs.vtp'.
[2026-02-16 16:15:25.268] [warning] Couldn't find file 'metacarpal3_lvs.vtp'.
[2026-02-16 16:15:25.268] [warning] Couldn't find file 'middle_proximal_lvs.vtp'.
[2026-02-16 16:15:25.268] [warning] Couldn't find file 'middle_medial_lvs.vtp'.
[2026-02-16 16:15:25.268] [warning] Couldn't find file 'middle_distal_lvs.vtp'.
[2026-02-16 16:15:25.268] [warning] Couldn't find file 'metacarpal4_lvs.vtp'.
[2026-02-16 16:15:25.268] [warning] Couldn't find file 'ring_proximal_lvs.vtp'.
[2026-02-16 16:15:25.268] [warning] Couldn't find file 'ring_medial_lvs.vtp'.
[2026-02-16 16:15:25.268] [warning] Couldn't find file 'ring_distal_lvs.vtp'.
[2026-02-16 16:15:25.268] [warning] Couldn't find file 'metacarpal5_lvs.vtp'.
[2026-02-16 16:15:25.269] [warning] Couldn't find file 'little_proximal_lvs.vtp'.
[2026-02-16 16:15:25.269] [warning] Couldn't find file 'little_medial_lvs.vtp'.
[2026-02-16 16:15:25.269] [warning] Couldn't find file 'little_distal_lvs.vtp'.
[2026-02-16 16:15:25.269] [warning] Couldn't find file 'metacarpal1_lvs.vtp'.
[2026-02-16 16:15:25.269] [warning] Couldn't find file 'thumb_proximal_lvs.vtp'.
[2026-02-16 16:15:25.269] [warning] Couldn't find file 'thumb_distal_lvs.vtp'.
[2026-02-16 16:15:25.273] [info] No external loads will be applied (external loads file not specified).
[2026-02-16 16:15:25.285] [info] Loading coordinates from file 'C:\Users\Israel Luis\Documents\GitHub\GoalOptimized\Database\sub1\IK\IK_sub1_v2_t3.mot'.
[2026-02-16 16:15:25.285] [info] Storage: read data file = C:\Users\Israel Luis\Documents\GitHub\GoalOptimized\Database\sub1\IK\IK_sub1_v2_t3.mot (nr=115 nc=40)
[2026-02-16 16:15:25.819] [info] Found 115 state vectors with time stamps ranging from 1.11 to 2.25.
[2026-02-16 16:15:25.819] [info] Executing the analyses from 1.11 to 2.25...
[2026-02-16 16:15:29.893] [info] Printing results of investigation IK_sub1_v2_t3 to C:\Users\Israel Luis\Documents\GitHub\GoalOptimized\ProjectResults\DSE\sub1\multiCycle\Je\MuscleAnalysis
[2026-02-16 16:16:05.186] [info] Updating Model file from 40000 to latest format...
[2026-02-16 16:16:05.204] [info] Loaded model 1_scaled_rajagopal2022 from file C:\Users\Israel Luis\Documents\GitHub\GoalOptimized\Database\sub1\model\model_rajagopal2022_sub1.osim
[2026-02-16 16:16:05.204] [warning] Couldn't find file 'r_pelvis.vtp'.
[2026-02-16 16:16:05.204] [warning] Couldn't find file 'l_pelvis.vtp'.
[2026-02-16 16:16:05.204] [warning] Couldn't find file 'sacrum.vtp'.
[2026-02-16 16:16:05.204] [warning] Couldn't find file 'r_femur.vtp'.
[2026-02-16 16:16:05.204] [warning] Couldn't find file 'r_tibia.vtp'.
[2026-02-16 16:16:05.204] [warning] Couldn't find file 'r_fibula.vtp'.
[2026-02-16 16:16:05.204] [warning] Couldn't find file 'r_patella.vtp'.
[2026-02-16 16:16:05.204] [warning] Couldn't find file 'r_talus.vtp'.
[2026-02-16 16:16:05.204] [warning] Couldn't find file 'r_foot.vtp'.
[2026-02-16 16:16:05.204] [warning] Couldn't find file 'r_bofoot.vtp'.
[2026-02-16 16:16:05.204] [warning] Couldn't find file 'l_femur.vtp'.
[2026-02-16 16:16:05.205] [warning] Couldn't find file 'l_tibia.vtp'.
[2026-02-16 16:16:05.205] [warning] Couldn't find file 'l_fibula.vtp'.
[2026-02-16 16:16:05.205] [warning] Couldn't find file 'l_patella.vtp'.
[2026-02-16 16:16:05.205] [warning] Couldn't find file 'l_talus.vtp'.
[2026-02-16 16:16:05.205] [warning] Couldn't find file 'l_foot.vtp'.
[2026-02-16 16:16:05.205] [warning] Couldn't find file 'l_bofoot.vtp'.
[2026-02-16 16:16:05.205] [warning] Couldn't find file 'hat_spine.vtp'.
[2026-02-16 16:16:05.205] [warning] Couldn't find file 'hat_jaw.vtp'.
[2026-02-16 16:16:05.205] [warning] Couldn't find file 'hat_skull.vtp'.
[2026-02-16 16:16:05.205] [warning] Couldn't find file 'hat_ribs_scap.vtp'.
[2026-02-16 16:16:05.205] [warning] Couldn't find file 'humerus_rv.vtp'.
[2026-02-16 16:16:05.205] [warning] Couldn't find file 'ulna_rv.vtp'.
[2026-02-16 16:16:05.205] [warning] Couldn't find file 'radius_rv.vtp'.
[2026-02-16 16:16:05.205] [warning] Couldn't find file 'pisiform_rvs.vtp'.
[2026-02-16 16:16:05.205] [warning] Couldn't find file 'lunate_rvs.vtp'.
[2026-02-16 16:16:05.205] [warning] Couldn't find file 'scaphoid_rvs.vtp'.
[2026-02-16 16:16:05.205] [warning] Couldn't find file 'triquetrum_rvs.vtp'.
[2026-02-16 16:16:05.205] [warning] Couldn't find file 'hamate_rvs.vtp'.
[2026-02-16 16:16:05.205] [warning] Couldn't find file 'capitate_rvs.vtp'.
[2026-02-16 16:16:05.205] [warning] Couldn't find file 'trapezoid_rvs.vtp'.
[2026-02-16 16:16:05.205] [warning] Couldn't find file 'trapezium_rvs.vtp'.
[2026-02-16 16:16:05.205] [warning] Couldn't find file 'metacarpal2_rvs.vtp'.
[2026-02-16 16:16:05.205] [warning] Couldn't find file 'index_proximal_rvs.vtp'.
[2026-02-16 16:16:05.205] [warning] Couldn't find file 'index_medial_rvs.vtp'.
[2026-02-16 16:16:05.206] [warning] Couldn't find file 'index_distal_rvs.vtp'.
[2026-02-16 16:16:05.206] [warning] Couldn't find file 'metacarpal3_rvs.vtp'.
[2026-02-16 16:16:05.206] [warning] Couldn't find file 'middle_proximal_rvs.vtp'.
[2026-02-16 16:16:05.206] [warning] Couldn't find file 'middle_medial_rvs.vtp'.
[2026-02-16 16:16:05.206] [warning] Couldn't find file 'middle_distal_rvs.vtp'.
[2026-02-16 16:16:05.206] [warning] Couldn't find file 'metacarpal4_rvs.vtp'.
[2026-02-16 16:16:05.206] [warning] Couldn't find file 'ring_proximal_rvs.vtp'.
[2026-02-16 16:16:05.206] [warning] Couldn't find file 'ring_medial_rvs.vtp'.
[2026-02-16 16:16:05.206] [warning] Couldn't find file 'ring_distal_rvs.vtp'.
[2026-02-16 16:16:05.206] [warning] Couldn't find file 'metacarpal5_rvs.vtp'.
[2026-02-16 16:16:05.206] [warning] Couldn't find file 'little_proximal_rvs.vtp'.
[2026-02-16 16:16:05.206] [warning] Couldn't find file 'little_medial_rvs.vtp'.
[2026-02-16 16:16:05.206] [warning] Couldn't find file 'little_distal_rvs.vtp'.
[2026-02-16 16:16:05.206] [warning] Couldn't find file 'metacarpal1_rvs.vtp'.
[2026-02-16 16:16:05.206] [warning] Couldn't find file 'thumb_proximal_rvs.vtp'.
[2026-02-16 16:16:05.206] [warning] Couldn't find file 'thumb_distal_rvs.vtp'.
[2026-02-16 16:16:05.206] [warning] Couldn't find file 'humerus_lv.vtp'.
[2026-02-16 16:16:05.206] [warning] Couldn't find file 'ulna_lv.vtp'.
[2026-02-16 16:16:05.206] [warning] Couldn't find file 'radius_lv.vtp'.
[2026-02-16 16:16:05.206] [warning] Couldn't find file 'pisiform_lvs.vtp'.
[2026-02-16 16:16:05.206] [warning] Couldn't find file 'lunate_lvs.vtp'.
[2026-02-16 16:16:05.206] [warning] Couldn't find file 'scaphoid_lvs.vtp'.
[2026-02-16 16:16:05.206] [warning] Couldn't find file 'triquetrum_lvs.vtp'.
[2026-02-16 16:16:05.206] [warning] Couldn't find file 'hamate_lvs.vtp'.
[2026-02-16 16:16:05.206] [warning] Couldn't find file 'capitate_lvs.vtp'.
[2026-02-16 16:16:05.206] [warning] Couldn't find file 'trapezoid_lvs.vtp'.
[2026-02-16 16:16:05.206] [warning] Couldn't find file 'trapezium_lvs.vtp'.
[2026-02-16 16:16:05.207] [warning] Couldn't find file 'metacarpal2_lvs.vtp'.
[2026-02-16 16:16:05.207] [warning] Couldn't find file 'index_proximal_lvs.vtp'.
[2026-02-16 16:16:05.207] [warning] Couldn't find file 'index_medial_lvs.vtp'.
[2026-02-16 16:16:05.207] [warning] Couldn't find file 'index_distal_lvs.vtp'.
[2026-02-16 16:16:05.207] [warning] Couldn't find file 'metacarpal3_lvs.vtp'.
[2026-02-16 16:16:05.207] [warning] Couldn't find file 'middle_proximal_lvs.vtp'.
[2026-02-16 16:16:05.207] [warning] Couldn't find file 'middle_medial_lvs.vtp'.
[2026-02-16 16:16:05.207] [warning] Couldn't find file 'middle_distal_lvs.vtp'.
[2026-02-16 16:16:05.207] [warning] Couldn't find file 'metacarpal4_lvs.vtp'.
[2026-02-16 16:16:05.207] [warning] Couldn't find file 'ring_proximal_lvs.vtp'.
[2026-02-16 16:16:05.207] [warning] Couldn't find file 'ring_medial_lvs.vtp'.
[2026-02-16 16:16:05.207] [warning] Couldn't find file 'ring_distal_lvs.vtp'.
[2026-02-16 16:16:05.207] [warning] Couldn't find file 'metacarpal5_lvs.vtp'.
[2026-02-16 16:16:05.207] [warning] Couldn't find file 'little_proximal_lvs.vtp'.
[2026-02-16 16:16:05.207] [warning] Couldn't find file 'little_medial_lvs.vtp'.
[2026-02-16 16:16:05.207] [warning] Couldn't find file 'little_distal_lvs.vtp'.
[2026-02-16 16:16:05.207] [warning] Couldn't find file 'metacarpal1_lvs.vtp'.
[2026-02-16 16:16:05.207] [warning] Couldn't find file 'thumb_proximal_lvs.vtp'.
[2026-02-16 16:16:05.207] [warning] Couldn't find file 'thumb_distal_lvs.vtp'.
[2026-02-16 16:16:05.212] [info] AbstractTool IK_sub1_v2_t1 loading model C:\Users\Israel Luis\Documents\GitHub\GoalOptimized\Database\sub1\model\model_rajagopal2022_sub1.osim
[2026-02-16 16:16:05.225] [info] Updating Model file from 40000 to latest format...
[2026-02-16 16:16:05.242] [info] Loaded model 1_scaled_rajagopal2022 from file C:\Users\Israel Luis\Documents\GitHub\GoalOptimized\Database\sub1\model\model_rajagopal2022_sub1.osim
[2026-02-16 16:16:05.242] [warning] Couldn't find file 'r_pelvis.vtp'.
[2026-02-16 16:16:05.242] [warning] Couldn't find file 'l_pelvis.vtp'.
[2026-02-16 16:16:05.242] [warning] Couldn't find file 'sacrum.vtp'.
[2026-02-16 16:16:05.242] [warning] Couldn't find file 'r_femur.vtp'.
[2026-02-16 16:16:05.242] [warning] Couldn't find file 'r_tibia.vtp'.
[2026-02-16 16:16:05.242] [warning] Couldn't find file 'r_fibula.vtp'.
[2026-02-16 16:16:05.242] [warning] Couldn't find file 'r_patella.vtp'.
[2026-02-16 16:16:05.242] [warning] Couldn't find file 'r_talus.vtp'.
[2026-02-16 16:16:05.242] [warning] Couldn't find file 'r_foot.vtp'.
[2026-02-16 16:16:05.243] [warning] Couldn't find file 'r_bofoot.vtp'.
[2026-02-16 16:16:05.243] [warning] Couldn't find file 'l_femur.vtp'.
[2026-02-16 16:16:05.243] [warning] Couldn't find file 'l_tibia.vtp'.
[2026-02-16 16:16:05.243] [warning] Couldn't find file 'l_fibula.vtp'.
[2026-02-16 16:16:05.243] [warning] Couldn't find file 'l_patella.vtp'.
[2026-02-16 16:16:05.243] [warning] Couldn't find file 'l_talus.vtp'.
[2026-02-16 16:16:05.243] [warning] Couldn't find file 'l_foot.vtp'.
[2026-02-16 16:16:05.243] [warning] Couldn't find file 'l_bofoot.vtp'.
[2026-02-16 16:16:05.243] [warning] Couldn't find file 'hat_spine.vtp'.
[2026-02-16 16:16:05.243] [warning] Couldn't find file 'hat_jaw.vtp'.
[2026-02-16 16:16:05.243] [warning] Couldn't find file 'hat_skull.vtp'.
[2026-02-16 16:16:05.243] [warning] Couldn't find file 'hat_ribs_scap.vtp'.
[2026-02-16 16:16:05.243] [warning] Couldn't find file 'humerus_rv.vtp'.
[2026-02-16 16:16:05.243] [warning] Couldn't find file 'ulna_rv.vtp'.
[2026-02-16 16:16:05.243] [warning] Couldn't find file 'radius_rv.vtp'.
[2026-02-16 16:16:05.243] [warning] Couldn't find file 'pisiform_rvs.vtp'.
[2026-02-16 16:16:05.243] [warning] Couldn't find file 'lunate_rvs.vtp'.
[2026-02-16 16:16:05.243] [warning] Couldn't find file 'scaphoid_rvs.vtp'.
[2026-02-16 16:16:05.243] [warning] Couldn't find file 'triquetrum_rvs.vtp'.
[2026-02-16 16:16:05.243] [warning] Couldn't find file 'hamate_rvs.vtp'.
[2026-02-16 16:16:05.243] [warning] Couldn't find file 'capitate_rvs.vtp'.
[2026-02-16 16:16:05.243] [warning] Couldn't find file 'trapezoid_rvs.vtp'.
[2026-02-16 16:16:05.243] [warning] Couldn't find file 'trapezium_rvs.vtp'.
[2026-02-16 16:16:05.243] [warning] Couldn't find file 'metacarpal2_rvs.vtp'.
[2026-02-16 16:16:05.243] [warning] Couldn't find file 'index_proximal_rvs.vtp'.
[2026-02-16 16:16:05.243] [warning] Couldn't find file 'index_medial_rvs.vtp'.
[2026-02-16 16:16:05.243] [warning] Couldn't find file 'index_distal_rvs.vtp'.
[2026-02-16 16:16:05.243] [warning] Couldn't find file 'metacarpal3_rvs.vtp'.
[2026-02-16 16:16:05.244] [warning] Couldn't find file 'middle_proximal_rvs.vtp'.
[2026-02-16 16:16:05.244] [warning] Couldn't find file 'middle_medial_rvs.vtp'.
[2026-02-16 16:16:05.244] [warning] Couldn't find file 'middle_distal_rvs.vtp'.
[2026-02-16 16:16:05.244] [warning] Couldn't find file 'metacarpal4_rvs.vtp'.
[2026-02-16 16:16:05.244] [warning] Couldn't find file 'ring_proximal_rvs.vtp'.
[2026-02-16 16:16:05.244] [warning] Couldn't find file 'ring_medial_rvs.vtp'.
[2026-02-16 16:16:05.244] [warning] Couldn't find file 'ring_distal_rvs.vtp'.
[2026-02-16 16:16:05.244] [warning] Couldn't find file 'metacarpal5_rvs.vtp'.
[2026-02-16 16:16:05.244] [warning] Couldn't find file 'little_proximal_rvs.vtp'.
[2026-02-16 16:16:05.244] [warning] Couldn't find file 'little_medial_rvs.vtp'.
[2026-02-16 16:16:05.244] [warning] Couldn't find file 'little_distal_rvs.vtp'.
[2026-02-16 16:16:05.244] [warning] Couldn't find file 'metacarpal1_rvs.vtp'.
[2026-02-16 16:16:05.244] [warning] Couldn't find file 'thumb_proximal_rvs.vtp'.
[2026-02-16 16:16:05.244] [warning] Couldn't find file 'thumb_distal_rvs.vtp'.
[2026-02-16 16:16:05.244] [warning] Couldn't find file 'humerus_lv.vtp'.
[2026-02-16 16:16:05.244] [warning] Couldn't find file 'ulna_lv.vtp'.
[2026-02-16 16:16:05.244] [warning] Couldn't find file 'radius_lv.vtp'.
[2026-02-16 16:16:05.244] [warning] Couldn't find file 'pisiform_lvs.vtp'.
[2026-02-16 16:16:05.244] [warning] Couldn't find file 'lunate_lvs.vtp'.
[2026-02-16 16:16:05.244] [warning] Couldn't find file 'scaphoid_lvs.vtp'.
[2026-02-16 16:16:05.244] [warning] Couldn't find file 'triquetrum_lvs.vtp'.
[2026-02-16 16:16:05.244] [warning] Couldn't find file 'hamate_lvs.vtp'.
[2026-02-16 16:16:05.244] [warning] Couldn't find file 'capitate_lvs.vtp'.
[2026-02-16 16:16:05.244] [warning] Couldn't find file 'trapezoid_lvs.vtp'.
[2026-02-16 16:16:05.244] [warning] Couldn't find file 'trapezium_lvs.vtp'.
[2026-02-16 16:16:05.244] [warning] Couldn't find file 'metacarpal2_lvs.vtp'.
[2026-02-16 16:16:05.244] [warning] Couldn't find file 'index_proximal_lvs.vtp'.
[2026-02-16 16:16:05.244] [warning] Couldn't find file 'index_medial_lvs.vtp'.
[2026-02-16 16:16:05.245] [warning] Couldn't find file 'index_distal_lvs.vtp'.
[2026-02-16 16:16:05.245] [warning] Couldn't find file 'metacarpal3_lvs.vtp'.
[2026-02-16 16:16:05.245] [warning] Couldn't find file 'middle_proximal_lvs.vtp'.
[2026-02-16 16:16:05.245] [warning] Couldn't find file 'middle_medial_lvs.vtp'.
[2026-02-16 16:16:05.245] [warning] Couldn't find file 'middle_distal_lvs.vtp'.
[2026-02-16 16:16:05.245] [warning] Couldn't find file 'metacarpal4_lvs.vtp'.
[2026-02-16 16:16:05.245] [warning] Couldn't find file 'ring_proximal_lvs.vtp'.
[2026-02-16 16:16:05.245] [warning] Couldn't find file 'ring_medial_lvs.vtp'.
[2026-02-16 16:16:05.245] [warning] Couldn't find file 'ring_distal_lvs.vtp'.
[2026-02-16 16:16:05.245] [warning] Couldn't find file 'metacarpal5_lvs.vtp'.
[2026-02-16 16:16:05.245] [warning] Couldn't find file 'little_proximal_lvs.vtp'.
[2026-02-16 16:16:05.245] [warning] Couldn't find file 'little_medial_lvs.vtp'.
[2026-02-16 16:16:05.245] [warning] Couldn't find file 'little_distal_lvs.vtp'.
[2026-02-16 16:16:05.245] [warning] Couldn't find file 'metacarpal1_lvs.vtp'.
[2026-02-16 16:16:05.245] [warning] Couldn't find file 'thumb_proximal_lvs.vtp'.
[2026-02-16 16:16:05.245] [warning] Couldn't find file 'thumb_distal_lvs.vtp'.
[2026-02-16 16:16:05.250] [info] No external loads will be applied (external loads file not specified).
[2026-02-16 16:16:05.261] [info] Loading coordinates from file 'C:\Users\Israel Luis\Documents\GitHub\GoalOptimized\Database\sub1\IK\IK_sub1_v2_t1.mot'.
[2026-02-16 16:16:05.261] [info] Storage: read data file = C:\Users\Israel Luis\Documents\GitHub\GoalOptimized\Database\sub1\IK\IK_sub1_v2_t1.mot (nr=119 nc=40)
[2026-02-16 16:16:05.848] [info] Found 119 state vectors with time stamps ranging from 0.57 to 1.75.
[2026-02-16 16:16:05.848] [info] Executing the analyses from 0.57 to 1.75...
[2026-02-16 16:16:10.084] [info] Printing results of investigation IK_sub1_v2_t1 to C:\Users\Israel Luis\Documents\GitHub\GoalOptimized\ProjectResults\DSE\sub1\multiCycle\Je\MuscleAnalysis
[2026-02-16 16:16:13.781] [info] Updating Model file from 40000 to latest format...
[2026-02-16 16:16:13.798] [info] Loaded model 1_scaled_rajagopal2022 from file C:\Users\Israel Luis\Documents\GitHub\GoalOptimized\Database\sub1\model\model_rajagopal2022_sub1.osim
[2026-02-16 16:16:13.799] [warning] Couldn't find file 'r_pelvis.vtp'.
[2026-02-16 16:16:13.799] [warning] Couldn't find file 'l_pelvis.vtp'.
[2026-02-16 16:16:13.799] [warning] Couldn't find file 'sacrum.vtp'.
[2026-02-16 16:16:13.799] [warning] Couldn't find file 'r_femur.vtp'.
[2026-02-16 16:16:13.799] [warning] Couldn't find file 'r_tibia.vtp'.
[2026-02-16 16:16:13.799] [warning] Couldn't find file 'r_fibula.vtp'.
[2026-02-16 16:16:13.799] [warning] Couldn't find file 'r_patella.vtp'.
[2026-02-16 16:16:13.799] [warning] Couldn't find file 'r_talus.vtp'.
[2026-02-16 16:16:13.799] [warning] Couldn't find file 'r_foot.vtp'.
[2026-02-16 16:16:13.799] [warning] Couldn't find file 'r_bofoot.vtp'.
[2026-02-16 16:16:13.799] [warning] Couldn't find file 'l_femur.vtp'.
[2026-02-16 16:16:13.799] [warning] Couldn't find file 'l_tibia.vtp'.
[2026-02-16 16:16:13.799] [warning] Couldn't find file 'l_fibula.vtp'.
[2026-02-16 16:16:13.799] [warning] Couldn't find file 'l_patella.vtp'.
[2026-02-16 16:16:13.799] [warning] Couldn't find file 'l_talus.vtp'.
[2026-02-16 16:16:13.799] [warning] Couldn't find file 'l_foot.vtp'.
[2026-02-16 16:16:13.799] [warning] Couldn't find file 'l_bofoot.vtp'.
[2026-02-16 16:16:13.799] [warning] Couldn't find file 'hat_spine.vtp'.
[2026-02-16 16:16:13.799] [warning] Couldn't find file 'hat_jaw.vtp'.
[2026-02-16 16:16:13.799] [warning] Couldn't find file 'hat_skull.vtp'.
[2026-02-16 16:16:13.799] [warning] Couldn't find file 'hat_ribs_scap.vtp'.
[2026-02-16 16:16:13.799] [warning] Couldn't find file 'humerus_rv.vtp'.
[2026-02-16 16:16:13.799] [warning] Couldn't find file 'ulna_rv.vtp'.
[2026-02-16 16:16:13.799] [warning] Couldn't find file 'radius_rv.vtp'.
[2026-02-16 16:16:13.800] [warning] Couldn't find file 'pisiform_rvs.vtp'.
[2026-02-16 16:16:13.800] [warning] Couldn't find file 'lunate_rvs.vtp'.
[2026-02-16 16:16:13.800] [warning] Couldn't find file 'scaphoid_rvs.vtp'.
[2026-02-16 16:16:13.800] [warning] Couldn't find file 'triquetrum_rvs.vtp'.
[2026-02-16 16:16:13.800] [warning] Couldn't find file 'hamate_rvs.vtp'.
[2026-02-16 16:16:13.800] [warning] Couldn't find file 'capitate_rvs.vtp'.
[2026-02-16 16:16:13.800] [warning] Couldn't find file 'trapezoid_rvs.vtp'.
[2026-02-16 16:16:13.800] [warning] Couldn't find file 'trapezium_rvs.vtp'.
[2026-02-16 16:16:13.800] [warning] Couldn't find file 'metacarpal2_rvs.vtp'.
[2026-02-16 16:16:13.800] [warning] Couldn't find file 'index_proximal_rvs.vtp'.
[2026-02-16 16:16:13.800] [warning] Couldn't find file 'index_medial_rvs.vtp'.
[2026-02-16 16:16:13.800] [warning] Couldn't find file 'index_distal_rvs.vtp'.
[2026-02-16 16:16:13.800] [warning] Couldn't find file 'metacarpal3_rvs.vtp'.
[2026-02-16 16:16:13.800] [warning] Couldn't find file 'middle_proximal_rvs.vtp'.
[2026-02-16 16:16:13.800] [warning] Couldn't find file 'middle_medial_rvs.vtp'.
[2026-02-16 16:16:13.800] [warning] Couldn't find file 'middle_distal_rvs.vtp'.
[2026-02-16 16:16:13.800] [warning] Couldn't find file 'metacarpal4_rvs.vtp'.
[2026-02-16 16:16:13.800] [warning] Couldn't find file 'ring_proximal_rvs.vtp'.
[2026-02-16 16:16:13.800] [warning] Couldn't find file 'ring_medial_rvs.vtp'.
[2026-02-16 16:16:13.800] [warning] Couldn't find file 'ring_distal_rvs.vtp'.
[2026-02-16 16:16:13.800] [warning] Couldn't find file 'metacarpal5_rvs.vtp'.
[2026-02-16 16:16:13.800] [warning] Couldn't find file 'little_proximal_rvs.vtp'.
[2026-02-16 16:16:13.800] [warning] Couldn't find file 'little_medial_rvs.vtp'.
[2026-02-16 16:16:13.800] [warning] Couldn't find file 'little_distal_rvs.vtp'.
[2026-02-16 16:16:13.800] [warning] Couldn't find file 'metacarpal1_rvs.vtp'.
[2026-02-16 16:16:13.800] [warning] Couldn't find file 'thumb_proximal_rvs.vtp'.
[2026-02-16 16:16:13.801] [warning] Couldn't find file 'thumb_distal_rvs.vtp'.
[2026-02-16 16:16:13.801] [warning] Couldn't find file 'humerus_lv.vtp'.
[2026-02-16 16:16:13.801] [warning] Couldn't find file 'ulna_lv.vtp'.
[2026-02-16 16:16:13.801] [warning] Couldn't find file 'radius_lv.vtp'.
[2026-02-16 16:16:13.801] [warning] Couldn't find file 'pisiform_lvs.vtp'.
[2026-02-16 16:16:13.801] [warning] Couldn't find file 'lunate_lvs.vtp'.
[2026-02-16 16:16:13.801] [warning] Couldn't find file 'scaphoid_lvs.vtp'.
[2026-02-16 16:16:13.801] [warning] Couldn't find file 'triquetrum_lvs.vtp'.
[2026-02-16 16:16:13.801] [warning] Couldn't find file 'hamate_lvs.vtp'.
[2026-02-16 16:16:13.801] [warning] Couldn't find file 'capitate_lvs.vtp'.
[2026-02-16 16:16:13.801] [warning] Couldn't find file 'trapezoid_lvs.vtp'.
[2026-02-16 16:16:13.801] [warning] Couldn't find file 'trapezium_lvs.vtp'.
[2026-02-16 16:16:13.801] [warning] Couldn't find file 'metacarpal2_lvs.vtp'.
[2026-02-16 16:16:13.801] [warning] Couldn't find file 'index_proximal_lvs.vtp'.
[2026-02-16 16:16:13.801] [warning] Couldn't find file 'index_medial_lvs.vtp'.
[2026-02-16 16:16:13.801] [warning] Couldn't find file 'index_distal_lvs.vtp'.
[2026-02-16 16:16:13.801] [warning] Couldn't find file 'metacarpal3_lvs.vtp'.
[2026-02-16 16:16:13.801] [warning] Couldn't find file 'middle_proximal_lvs.vtp'.
[2026-02-16 16:16:13.801] [warning] Couldn't find file 'middle_medial_lvs.vtp'.
[2026-02-16 16:16:13.801] [warning] Couldn't find file 'middle_distal_lvs.vtp'.
[2026-02-16 16:16:13.801] [warning] Couldn't find file 'metacarpal4_lvs.vtp'.
[2026-02-16 16:16:13.801] [warning] Couldn't find file 'ring_proximal_lvs.vtp'.
[2026-02-16 16:16:13.801] [warning] Couldn't find file 'ring_medial_lvs.vtp'.
[2026-02-16 16:16:13.801] [warning] Couldn't find file 'ring_distal_lvs.vtp'.
[2026-02-16 16:16:13.801] [warning] Couldn't find file 'metacarpal5_lvs.vtp'.
[2026-02-16 16:16:13.801] [warning] Couldn't find file 'little_proximal_lvs.vtp'.
[2026-02-16 16:16:13.801] [warning] Couldn't find file 'little_medial_lvs.vtp'.
[2026-02-16 16:16:13.801] [warning] Couldn't find file 'little_distal_lvs.vtp'.
[2026-02-16 16:16:13.802] [warning] Couldn't find file 'metacarpal1_lvs.vtp'.
[2026-02-16 16:16:13.802] [warning] Couldn't find file 'thumb_proximal_lvs.vtp'.
[2026-02-16 16:16:13.802] [warning] Couldn't find file 'thumb_distal_lvs.vtp'.
[2026-02-16 16:16:13.817] [info] AbstractTool IK_sub1_v2_t2 loading model C:\Users\Israel Luis\Documents\GitHub\GoalOptimized\Database\sub1\model\model_rajagopal2022_sub1.osim
[2026-02-16 16:16:13.831] [info] Updating Model file from 40000 to latest format...
[2026-02-16 16:16:13.848] [info] Loaded model 1_scaled_rajagopal2022 from file C:\Users\Israel Luis\Documents\GitHub\GoalOptimized\Database\sub1\model\model_rajagopal2022_sub1.osim
[2026-02-16 16:16:13.848] [warning] Couldn't find file 'r_pelvis.vtp'.
[2026-02-16 16:16:13.848] [warning] Couldn't find file 'l_pelvis.vtp'.
[2026-02-16 16:16:13.848] [warning] Couldn't find file 'sacrum.vtp'.
[2026-02-16 16:16:13.848] [warning] Couldn't find file 'r_femur.vtp'.
[2026-02-16 16:16:13.849] [warning] Couldn't find file 'r_tibia.vtp'.
[2026-02-16 16:16:13.849] [warning] Couldn't find file 'r_fibula.vtp'.
[2026-02-16 16:16:13.849] [warning] Couldn't find file 'r_patella.vtp'.
[2026-02-16 16:16:13.849] [warning] Couldn't find file 'r_talus.vtp'.
[2026-02-16 16:16:13.849] [warning] Couldn't find file 'r_foot.vtp'.
[2026-02-16 16:16:13.849] [warning] Couldn't find file 'r_bofoot.vtp'.
[2026-02-16 16:16:13.849] [warning] Couldn't find file 'l_femur.vtp'.
[2026-02-16 16:16:13.849] [warning] Couldn't find file 'l_tibia.vtp'.
[2026-02-16 16:16:13.849] [warning] Couldn't find file 'l_fibula.vtp'.
[2026-02-16 16:16:13.849] [warning] Couldn't find file 'l_patella.vtp'.
[2026-02-16 16:16:13.849] [warning] Couldn't find file 'l_talus.vtp'.
[2026-02-16 16:16:13.849] [warning] Couldn't find file 'l_foot.vtp'.
[2026-02-16 16:16:13.849] [warning] Couldn't find file 'l_bofoot.vtp'.
[2026-02-16 16:16:13.849] [warning] Couldn't find file 'hat_spine.vtp'.
[2026-02-16 16:16:13.849] [warning] Couldn't find file 'hat_jaw.vtp'.
[2026-02-16 16:16:13.849] [warning] Couldn't find file 'hat_skull.vtp'.
[2026-02-16 16:16:13.849] [warning] Couldn't find file 'hat_ribs_scap.vtp'.
[2026-02-16 16:16:13.849] [warning] Couldn't find file 'humerus_rv.vtp'.
[2026-02-16 16:16:13.849] [warning] Couldn't find file 'ulna_rv.vtp'.
[2026-02-16 16:16:13.849] [warning] Couldn't find file 'radius_rv.vtp'.
[2026-02-16 16:16:13.849] [warning] Couldn't find file 'pisiform_rvs.vtp'.
[2026-02-16 16:16:13.849] [warning] Couldn't find file 'lunate_rvs.vtp'.
[2026-02-16 16:16:13.849] [warning] Couldn't find file 'scaphoid_rvs.vtp'.
[2026-02-16 16:16:13.849] [warning] Couldn't find file 'triquetrum_rvs.vtp'.
[2026-02-16 16:16:13.849] [warning] Couldn't find file 'hamate_rvs.vtp'.
[2026-02-16 16:16:13.849] [warning] Couldn't find file 'capitate_rvs.vtp'.
[2026-02-16 16:16:13.849] [warning] Couldn't find file 'trapezoid_rvs.vtp'.
[2026-02-16 16:16:13.850] [warning] Couldn't find file 'trapezium_rvs.vtp'.
[2026-02-16 16:16:13.850] [warning] Couldn't find file 'metacarpal2_rvs.vtp'.
[2026-02-16 16:16:13.850] [warning] Couldn't find file 'index_proximal_rvs.vtp'.
[2026-02-16 16:16:13.850] [warning] Couldn't find file 'index_medial_rvs.vtp'.
[2026-02-16 16:16:13.850] [warning] Couldn't find file 'index_distal_rvs.vtp'.
[2026-02-16 16:16:13.850] [warning] Couldn't find file 'metacarpal3_rvs.vtp'.
[2026-02-16 16:16:13.850] [warning] Couldn't find file 'middle_proximal_rvs.vtp'.
[2026-02-16 16:16:13.850] [warning] Couldn't find file 'middle_medial_rvs.vtp'.
[2026-02-16 16:16:13.850] [warning] Couldn't find file 'middle_distal_rvs.vtp'.
[2026-02-16 16:16:13.850] [warning] Couldn't find file 'metacarpal4_rvs.vtp'.
[2026-02-16 16:16:13.850] [warning] Couldn't find file 'ring_proximal_rvs.vtp'.
[2026-02-16 16:16:13.850] [warning] Couldn't find file 'ring_medial_rvs.vtp'.
[2026-02-16 16:16:13.850] [warning] Couldn't find file 'ring_distal_rvs.vtp'.
[2026-02-16 16:16:13.850] [warning] Couldn't find file 'metacarpal5_rvs.vtp'.
[2026-02-16 16:16:13.850] [warning] Couldn't find file 'little_proximal_rvs.vtp'.
[2026-02-16 16:16:13.850] [warning] Couldn't find file 'little_medial_rvs.vtp'.
[2026-02-16 16:16:13.850] [warning] Couldn't find file 'little_distal_rvs.vtp'.
[2026-02-16 16:16:13.850] [warning] Couldn't find file 'metacarpal1_rvs.vtp'.
[2026-02-16 16:16:13.850] [warning] Couldn't find file 'thumb_proximal_rvs.vtp'.
[2026-02-16 16:16:13.850] [warning] Couldn't find file 'thumb_distal_rvs.vtp'.
[2026-02-16 16:16:13.850] [warning] Couldn't find file 'humerus_lv.vtp'.
[2026-02-16 16:16:13.850] [warning] Couldn't find file 'ulna_lv.vtp'.
[2026-02-16 16:16:13.850] [warning] Couldn't find file 'radius_lv.vtp'.
[2026-02-16 16:16:13.850] [warning] Couldn't find file 'pisiform_lvs.vtp'.
[2026-02-16 16:16:13.850] [warning] Couldn't find file 'lunate_lvs.vtp'.
[2026-02-16 16:16:13.850] [warning] Couldn't find file 'scaphoid_lvs.vtp'.
[2026-02-16 16:16:13.850] [warning] Couldn't find file 'triquetrum_lvs.vtp'.
[2026-02-16 16:16:13.851] [warning] Couldn't find file 'hamate_lvs.vtp'.
[2026-02-16 16:16:13.851] [warning] Couldn't find file 'capitate_lvs.vtp'.
[2026-02-16 16:16:13.851] [warning] Couldn't find file 'trapezoid_lvs.vtp'.
[2026-02-16 16:16:13.851] [warning] Couldn't find file 'trapezium_lvs.vtp'.
[2026-02-16 16:16:13.851] [warning] Couldn't find file 'metacarpal2_lvs.vtp'.
[2026-02-16 16:16:13.851] [warning] Couldn't find file 'index_proximal_lvs.vtp'.
[2026-02-16 16:16:13.851] [warning] Couldn't find file 'index_medial_lvs.vtp'.
[2026-02-16 16:16:13.851] [warning] Couldn't find file 'index_distal_lvs.vtp'.
[2026-02-16 16:16:13.851] [warning] Couldn't find file 'metacarpal3_lvs.vtp'.
[2026-02-16 16:16:13.851] [warning] Couldn't find file 'middle_proximal_lvs.vtp'.
[2026-02-16 16:16:13.851] [warning] Couldn't find file 'middle_medial_lvs.vtp'.
[2026-02-16 16:16:13.851] [warning] Couldn't find file 'middle_distal_lvs.vtp'.
[2026-02-16 16:16:13.851] [warning] Couldn't find file 'metacarpal4_lvs.vtp'.
[2026-02-16 16:16:13.851] [warning] Couldn't find file 'ring_proximal_lvs.vtp'.
[2026-02-16 16:16:13.851] [warning] Couldn't find file 'ring_medial_lvs.vtp'.
[2026-02-16 16:16:13.851] [warning] Couldn't find file 'ring_distal_lvs.vtp'.
[2026-02-16 16:16:13.851] [warning] Couldn't find file 'metacarpal5_lvs.vtp'.
[2026-02-16 16:16:13.851] [warning] Couldn't find file 'little_proximal_lvs.vtp'.
[2026-02-16 16:16:13.851] [warning] Couldn't find file 'little_medial_lvs.vtp'.
[2026-02-16 16:16:13.851] [warning] Couldn't find file 'little_distal_lvs.vtp'.
[2026-02-16 16:16:13.851] [warning] Couldn't find file 'metacarpal1_lvs.vtp'.
[2026-02-16 16:16:13.851] [warning] Couldn't find file 'thumb_proximal_lvs.vtp'.
[2026-02-16 16:16:13.851] [warning] Couldn't find file 'thumb_distal_lvs.vtp'.
[2026-02-16 16:16:13.856] [info] No external loads will be applied (external loads file not specified).
[2026-02-16 16:16:13.868] [info] Loading coordinates from file 'C:\Users\Israel Luis\Documents\GitHub\GoalOptimized\Database\sub1\IK\IK_sub1_v2_t2.mot'.
[2026-02-16 16:16:13.868] [info] Storage: read data file = C:\Users\Israel Luis\Documents\GitHub\GoalOptimized\Database\sub1\IK\IK_sub1_v2_t2.mot (nr=118 nc=40)
[2026-02-16 16:16:14.428] [info] Found 118 state vectors with time stamps ranging from 0.04 to 1.21.
[2026-02-16 16:16:14.428] [info] Executing the analyses from 0.04 to 1.21...
[2026-02-16 16:16:18.666] [info] Printing results of investigation IK_sub1_v2_t2 to C:\Users\Israel Luis\Documents\GitHub\GoalOptimized\ProjectResults\DSE\sub1\multiCycle\Je\MuscleAnalysis
[2026-02-16 16:16:22.315] [info] Updating Model file from 40000 to latest format...
[2026-02-16 16:16:22.332] [info] Loaded model 1_scaled_rajagopal2022 from file C:\Users\Israel Luis\Documents\GitHub\GoalOptimized\Database\sub1\model\model_rajagopal2022_sub1.osim
[2026-02-16 16:16:22.333] [warning] Couldn't find file 'r_pelvis.vtp'.
[2026-02-16 16:16:22.333] [warning] Couldn't find file 'l_pelvis.vtp'.
[2026-02-16 16:16:22.333] [warning] Couldn't find file 'sacrum.vtp'.
[2026-02-16 16:16:22.333] [warning] Couldn't find file 'r_femur.vtp'.
[2026-02-16 16:16:22.333] [warning] Couldn't find file 'r_tibia.vtp'.
[2026-02-16 16:16:22.333] [warning] Couldn't find file 'r_fibula.vtp'.
[2026-02-16 16:16:22.333] [warning] Couldn't find file 'r_patella.vtp'.
[2026-02-16 16:16:22.333] [warning] Couldn't find file 'r_talus.vtp'.
[2026-02-16 16:16:22.333] [warning] Couldn't find file 'r_foot.vtp'.
[2026-02-16 16:16:22.333] [warning] Couldn't find file 'r_bofoot.vtp'.
[2026-02-16 16:16:22.333] [warning] Couldn't find file 'l_femur.vtp'.
[2026-02-16 16:16:22.333] [warning] Couldn't find file 'l_tibia.vtp'.
[2026-02-16 16:16:22.333] [warning] Couldn't find file 'l_fibula.vtp'.
[2026-02-16 16:16:22.333] [warning] Couldn't find file 'l_patella.vtp'.
[2026-02-16 16:16:22.333] [warning] Couldn't find file 'l_talus.vtp'.
[2026-02-16 16:16:22.333] [warning] Couldn't find file 'l_foot.vtp'.
[2026-02-16 16:16:22.333] [warning] Couldn't find file 'l_bofoot.vtp'.
[2026-02-16 16:16:22.333] [warning] Couldn't find file 'hat_spine.vtp'.
[2026-02-16 16:16:22.333] [warning] Couldn't find file 'hat_jaw.vtp'.
[2026-02-16 16:16:22.334] [warning] Couldn't find file 'hat_skull.vtp'.
[2026-02-16 16:16:22.334] [warning] Couldn't find file 'hat_ribs_scap.vtp'.
[2026-02-16 16:16:22.334] [warning] Couldn't find file 'humerus_rv.vtp'.
[2026-02-16 16:16:22.334] [warning] Couldn't find file 'ulna_rv.vtp'.
[2026-02-16 16:16:22.334] [warning] Couldn't find file 'radius_rv.vtp'.
[2026-02-16 16:16:22.334] [warning] Couldn't find file 'pisiform_rvs.vtp'.
[2026-02-16 16:16:22.334] [warning] Couldn't find file 'lunate_rvs.vtp'.
[2026-02-16 16:16:22.334] [warning] Couldn't find file 'scaphoid_rvs.vtp'.
[2026-02-16 16:16:22.334] [warning] Couldn't find file 'triquetrum_rvs.vtp'.
[2026-02-16 16:16:22.334] [warning] Couldn't find file 'hamate_rvs.vtp'.
[2026-02-16 16:16:22.334] [warning] Couldn't find file 'capitate_rvs.vtp'.
[2026-02-16 16:16:22.334] [warning] Couldn't find file 'trapezoid_rvs.vtp'.
[2026-02-16 16:16:22.334] [warning] Couldn't find file 'trapezium_rvs.vtp'.
[2026-02-16 16:16:22.334] [warning] Couldn't find file 'metacarpal2_rvs.vtp'.
[2026-02-16 16:16:22.334] [warning] Couldn't find file 'index_proximal_rvs.vtp'.
[2026-02-16 16:16:22.334] [warning] Couldn't find file 'index_medial_rvs.vtp'.
[2026-02-16 16:16:22.334] [warning] Couldn't find file 'index_distal_rvs.vtp'.
[2026-02-16 16:16:22.334] [warning] Couldn't find file 'metacarpal3_rvs.vtp'.
[2026-02-16 16:16:22.334] [warning] Couldn't find file 'middle_proximal_rvs.vtp'.
[2026-02-16 16:16:22.334] [warning] Couldn't find file 'middle_medial_rvs.vtp'.
[2026-02-16 16:16:22.334] [warning] Couldn't find file 'middle_distal_rvs.vtp'.
[2026-02-16 16:16:22.334] [warning] Couldn't find file 'metacarpal4_rvs.vtp'.
[2026-02-16 16:16:22.334] [warning] Couldn't find file 'ring_proximal_rvs.vtp'.
[2026-02-16 16:16:22.334] [warning] Couldn't find file 'ring_medial_rvs.vtp'.
[2026-02-16 16:16:22.334] [warning] Couldn't find file 'ring_distal_rvs.vtp'.
[2026-02-16 16:16:22.334] [warning] Couldn't find file 'metacarpal5_rvs.vtp'.
[2026-02-16 16:16:22.334] [warning] Couldn't find file 'little_proximal_rvs.vtp'.
[2026-02-16 16:16:22.334] [warning] Couldn't find file 'little_medial_rvs.vtp'.
[2026-02-16 16:16:22.334] [warning] Couldn't find file 'little_distal_rvs.vtp'.
[2026-02-16 16:16:22.335] [warning] Couldn't find file 'metacarpal1_rvs.vtp'.
[2026-02-16 16:16:22.335] [warning] Couldn't find file 'thumb_proximal_rvs.vtp'.
[2026-02-16 16:16:22.335] [warning] Couldn't find file 'thumb_distal_rvs.vtp'.
[2026-02-16 16:16:22.335] [warning] Couldn't find file 'humerus_lv.vtp'.
[2026-02-16 16:16:22.335] [warning] Couldn't find file 'ulna_lv.vtp'.
[2026-02-16 16:16:22.335] [warning] Couldn't find file 'radius_lv.vtp'.
[2026-02-16 16:16:22.335] [warning] Couldn't find file 'pisiform_lvs.vtp'.
[2026-02-16 16:16:22.335] [warning] Couldn't find file 'lunate_lvs.vtp'.
[2026-02-16 16:16:22.335] [warning] Couldn't find file 'scaphoid_lvs.vtp'.
[2026-02-16 16:16:22.335] [warning] Couldn't find file 'triquetrum_lvs.vtp'.
[2026-02-16 16:16:22.335] [warning] Couldn't find file 'hamate_lvs.vtp'.
[2026-02-16 16:16:22.335] [warning] Couldn't find file 'capitate_lvs.vtp'.
[2026-02-16 16:16:22.335] [warning] Couldn't find file 'trapezoid_lvs.vtp'.
[2026-02-16 16:16:22.335] [warning] Couldn't find file 'trapezium_lvs.vtp'.
[2026-02-16 16:16:22.335] [warning] Couldn't find file 'metacarpal2_lvs.vtp'.
[2026-02-16 16:16:22.335] [warning] Couldn't find file 'index_proximal_lvs.vtp'.
[2026-02-16 16:16:22.335] [warning] Couldn't find file 'index_medial_lvs.vtp'.
[2026-02-16 16:16:22.335] [warning] Couldn't find file 'index_distal_lvs.vtp'.
[2026-02-16 16:16:22.335] [warning] Couldn't find file 'metacarpal3_lvs.vtp'.
[2026-02-16 16:16:22.335] [warning] Couldn't find file 'middle_proximal_lvs.vtp'.
[2026-02-16 16:16:22.335] [warning] Couldn't find file 'middle_medial_lvs.vtp'.
[2026-02-16 16:16:22.335] [warning] Couldn't find file 'middle_distal_lvs.vtp'.
[2026-02-16 16:16:22.335] [warning] Couldn't find file 'metacarpal4_lvs.vtp'.
[2026-02-16 16:16:22.335] [warning] Couldn't find file 'ring_proximal_lvs.vtp'.
[2026-02-16 16:16:22.335] [warning] Couldn't find file 'ring_medial_lvs.vtp'.
[2026-02-16 16:16:22.335] [warning] Couldn't find file 'ring_distal_lvs.vtp'.
[2026-02-16 16:16:22.335] [warning] Couldn't find file 'metacarpal5_lvs.vtp'.
[2026-02-16 16:16:22.335] [warning] Couldn't find file 'little_proximal_lvs.vtp'.
[2026-02-16 16:16:22.335] [warning] Couldn't find file 'little_medial_lvs.vtp'.
[2026-02-16 16:16:22.336] [warning] Couldn't find file 'little_distal_lvs.vtp'.
[2026-02-16 16:16:22.336] [warning] Couldn't find file 'metacarpal1_lvs.vtp'.
[2026-02-16 16:16:22.336] [warning] Couldn't find file 'thumb_proximal_lvs.vtp'.
[2026-02-16 16:16:22.336] [warning] Couldn't find file 'thumb_distal_lvs.vtp'.
[2026-02-16 16:16:22.340] [info] AbstractTool IK_sub1_v2_t3 loading model C:\Users\Israel Luis\Documents\GitHub\GoalOptimized\Database\sub1\model\model_rajagopal2022_sub1.osim
[2026-02-16 16:16:22.354] [info] Updating Model file from 40000 to latest format...
[2026-02-16 16:16:22.371] [info] Loaded model 1_scaled_rajagopal2022 from file C:\Users\Israel Luis\Documents\GitHub\GoalOptimized\Database\sub1\model\model_rajagopal2022_sub1.osim
[2026-02-16 16:16:22.372] [warning] Couldn't find file 'r_pelvis.vtp'.
[2026-02-16 16:16:22.372] [warning] Couldn't find file 'l_pelvis.vtp'.
[2026-02-16 16:16:22.372] [warning] Couldn't find file 'sacrum.vtp'.
[2026-02-16 16:16:22.372] [warning] Couldn't find file 'r_femur.vtp'.
[2026-02-16 16:16:22.372] [warning] Couldn't find file 'r_tibia.vtp'.
[2026-02-16 16:16:22.372] [warning] Couldn't find file 'r_fibula.vtp'.
[2026-02-16 16:16:22.372] [warning] Couldn't find file 'r_patella.vtp'.
[2026-02-16 16:16:22.372] [warning] Couldn't find file 'r_talus.vtp'.
[2026-02-16 16:16:22.372] [warning] Couldn't find file 'r_foot.vtp'.
[2026-02-16 16:16:22.372] [warning] Couldn't find file 'r_bofoot.vtp'.
[2026-02-16 16:16:22.372] [warning] Couldn't find file 'l_femur.vtp'.
[2026-02-16 16:16:22.372] [warning] Couldn't find file 'l_tibia.vtp'.
[2026-02-16 16:16:22.372] [warning] Couldn't find file 'l_fibula.vtp'.
[2026-02-16 16:16:22.372] [warning] Couldn't find file 'l_patella.vtp'.
[2026-02-16 16:16:22.372] [warning] Couldn't find file 'l_talus.vtp'.
[2026-02-16 16:16:22.372] [warning] Couldn't find file 'l_foot.vtp'.
[2026-02-16 16:16:22.372] [warning] Couldn't find file 'l_bofoot.vtp'.
[2026-02-16 16:16:22.372] [warning] Couldn't find file 'hat_spine.vtp'.
[2026-02-16 16:16:22.372] [warning] Couldn't find file 'hat_jaw.vtp'.
[2026-02-16 16:16:22.372] [warning] Couldn't find file 'hat_skull.vtp'.
[2026-02-16 16:16:22.372] [warning] Couldn't find file 'hat_ribs_scap.vtp'.
[2026-02-16 16:16:22.372] [warning] Couldn't find file 'humerus_rv.vtp'.
[2026-02-16 16:16:22.373] [warning] Couldn't find file 'ulna_rv.vtp'.
[2026-02-16 16:16:22.373] [warning] Couldn't find file 'radius_rv.vtp'.
[2026-02-16 16:16:22.373] [warning] Couldn't find file 'pisiform_rvs.vtp'.
[2026-02-16 16:16:22.373] [warning] Couldn't find file 'lunate_rvs.vtp'.
[2026-02-16 16:16:22.373] [warning] Couldn't find file 'scaphoid_rvs.vtp'.
[2026-02-16 16:16:22.373] [warning] Couldn't find file 'triquetrum_rvs.vtp'.
[2026-02-16 16:16:22.373] [warning] Couldn't find file 'hamate_rvs.vtp'.
[2026-02-16 16:16:22.373] [warning] Couldn't find file 'capitate_rvs.vtp'.
[2026-02-16 16:16:22.373] [warning] Couldn't find file 'trapezoid_rvs.vtp'.
[2026-02-16 16:16:22.373] [warning] Couldn't find file 'trapezium_rvs.vtp'.
[2026-02-16 16:16:22.373] [warning] Couldn't find file 'metacarpal2_rvs.vtp'.
[2026-02-16 16:16:22.373] [warning] Couldn't find file 'index_proximal_rvs.vtp'.
[2026-02-16 16:16:22.373] [warning] Couldn't find file 'index_medial_rvs.vtp'.
[2026-02-16 16:16:22.373] [warning] Couldn't find file 'index_distal_rvs.vtp'.
[2026-02-16 16:16:22.373] [warning] Couldn't find file 'metacarpal3_rvs.vtp'.
[2026-02-16 16:16:22.373] [warning] Couldn't find file 'middle_proximal_rvs.vtp'.
[2026-02-16 16:16:22.373] [warning] Couldn't find file 'middle_medial_rvs.vtp'.
[2026-02-16 16:16:22.373] [warning] Couldn't find file 'middle_distal_rvs.vtp'.
[2026-02-16 16:16:22.373] [warning] Couldn't find file 'metacarpal4_rvs.vtp'.
[2026-02-16 16:16:22.373] [warning] Couldn't find file 'ring_proximal_rvs.vtp'.
[2026-02-16 16:16:22.373] [warning] Couldn't find file 'ring_medial_rvs.vtp'.
[2026-02-16 16:16:22.373] [warning] Couldn't find file 'ring_distal_rvs.vtp'.
[2026-02-16 16:16:22.373] [warning] Couldn't find file 'metacarpal5_rvs.vtp'.
[2026-02-16 16:16:22.373] [warning] Couldn't find file 'little_proximal_rvs.vtp'.
[2026-02-16 16:16:22.373] [warning] Couldn't find file 'little_medial_rvs.vtp'.
[2026-02-16 16:16:22.373] [warning] Couldn't find file 'little_distal_rvs.vtp'.
[2026-02-16 16:16:22.373] [warning] Couldn't find file 'metacarpal1_rvs.vtp'.
[2026-02-16 16:16:22.373] [warning] Couldn't find file 'thumb_proximal_rvs.vtp'.
[2026-02-16 16:16:22.373] [warning] Couldn't find file 'thumb_distal_rvs.vtp'.
[2026-02-16 16:16:22.374] [warning] Couldn't find file 'humerus_lv.vtp'.
[2026-02-16 16:16:22.374] [warning] Couldn't find file 'ulna_lv.vtp'.
[2026-02-16 16:16:22.374] [warning] Couldn't find file 'radius_lv.vtp'.
[2026-02-16 16:16:22.374] [warning] Couldn't find file 'pisiform_lvs.vtp'.
[2026-02-16 16:16:22.374] [warning] Couldn't find file 'lunate_lvs.vtp'.
[2026-02-16 16:16:22.374] [warning] Couldn't find file 'scaphoid_lvs.vtp'.
[2026-02-16 16:16:22.374] [warning] Couldn't find file 'triquetrum_lvs.vtp'.
[2026-02-16 16:16:22.374] [warning] Couldn't find file 'hamate_lvs.vtp'.
[2026-02-16 16:16:22.374] [warning] Couldn't find file 'capitate_lvs.vtp'.
[2026-02-16 16:16:22.374] [warning] Couldn't find file 'trapezoid_lvs.vtp'.
[2026-02-16 16:16:22.374] [warning] Couldn't find file 'trapezium_lvs.vtp'.
[2026-02-16 16:16:22.374] [warning] Couldn't find file 'metacarpal2_lvs.vtp'.
[2026-02-16 16:16:22.374] [warning] Couldn't find file 'index_proximal_lvs.vtp'.
[2026-02-16 16:16:22.374] [warning] Couldn't find file 'index_medial_lvs.vtp'.
[2026-02-16 16:16:22.374] [warning] Couldn't find file 'index_distal_lvs.vtp'.
[2026-02-16 16:16:22.374] [warning] Couldn't find file 'metacarpal3_lvs.vtp'.
[2026-02-16 16:16:22.374] [warning] Couldn't find file 'middle_proximal_lvs.vtp'.
[2026-02-16 16:16:22.374] [warning] Couldn't find file 'middle_medial_lvs.vtp'.
[2026-02-16 16:16:22.374] [warning] Couldn't find file 'middle_distal_lvs.vtp'.
[2026-02-16 16:16:22.374] [warning] Couldn't find file 'metacarpal4_lvs.vtp'.
[2026-02-16 16:16:22.374] [warning] Couldn't find file 'ring_proximal_lvs.vtp'.
[2026-02-16 16:16:22.374] [warning] Couldn't find file 'ring_medial_lvs.vtp'.
[2026-02-16 16:16:22.374] [warning] Couldn't find file 'ring_distal_lvs.vtp'.
[2026-02-16 16:16:22.374] [warning] Couldn't find file 'metacarpal5_lvs.vtp'.
[2026-02-16 16:16:22.374] [warning] Couldn't find file 'little_proximal_lvs.vtp'.
[2026-02-16 16:16:22.374] [warning] Couldn't find file 'little_medial_lvs.vtp'.
[2026-02-16 16:16:22.374] [warning] Couldn't find file 'little_distal_lvs.vtp'.
[2026-02-16 16:16:22.374] [warning] Couldn't find file 'metacarpal1_lvs.vtp'.
[2026-02-16 16:16:22.374] [warning] Couldn't find file 'thumb_proximal_lvs.vtp'.
[2026-02-16 16:16:22.374] [warning] Couldn't find file 'thumb_distal_lvs.vtp'.
[2026-02-16 16:16:22.379] [info] No external loads will be applied (external loads file not specified).
[2026-02-16 16:16:22.390] [info] Loading coordinates from file 'C:\Users\Israel Luis\Documents\GitHub\GoalOptimized\Database\sub1\IK\IK_sub1_v2_t3.mot'.
[2026-02-16 16:16:22.390] [info] Storage: read data file = C:\Users\Israel Luis\Documents\GitHub\GoalOptimized\Database\sub1\IK\IK_sub1_v2_t3.mot (nr=115 nc=40)
[2026-02-16 16:16:22.930] [info] Found 115 state vectors with time stamps ranging from 1.11 to 2.25.
[2026-02-16 16:16:22.930] [info] Executing the analyses from 1.11 to 2.25...
[2026-02-16 16:16:27.022] [info] Printing results of investigation IK_sub1_v2_t3 to C:\Users\Israel Luis\Documents\GitHub\GoalOptimized\ProjectResults\DSE\sub1\multiCycle\Je\MuscleAnalysis
[2026-02-16 16:20:01.370] [info] Updating Model file from 40000 to latest format...
[2026-02-16 16:20:01.388] [info] Loaded model 1_scaled_rajagopal2022 from file C:\Users\Israel Luis\Documents\GitHub\GoalOptimized\Database\sub1\model\model_rajagopal2022_sub1.osim
[2026-02-16 16:20:01.388] [warning] Couldn't find file 'r_pelvis.vtp'.
[2026-02-16 16:20:01.388] [warning] Couldn't find file 'l_pelvis.vtp'.
[2026-02-16 16:20:01.388] [warning] Couldn't find file 'sacrum.vtp'.
[2026-02-16 16:20:01.388] [warning] Couldn't find file 'r_femur.vtp'.
[2026-02-16 16:20:01.388] [warning] Couldn't find file 'r_tibia.vtp'.
[2026-02-16 16:20:01.388] [warning] Couldn't find file 'r_fibula.vtp'.
[2026-02-16 16:20:01.388] [warning] Couldn't find file 'r_patella.vtp'.
[2026-02-16 16:20:01.388] [warning] Couldn't find file 'r_talus.vtp'.
[2026-02-16 16:20:01.388] [warning] Couldn't find file 'r_foot.vtp'.
[2026-02-16 16:20:01.388] [warning] Couldn't find file 'r_bofoot.vtp'.
[2026-02-16 16:20:01.388] [warning] Couldn't find file 'l_femur.vtp'.
[2026-02-16 16:20:01.388] [warning] Couldn't find file 'l_tibia.vtp'.
[2026-02-16 16:20:01.388] [warning] Couldn't find file 'l_fibula.vtp'.
[2026-02-16 16:20:01.388] [warning] Couldn't find file 'l_patella.vtp'.
[2026-02-16 16:20:01.388] [warning] Couldn't find file 'l_talus.vtp'.
[2026-02-16 16:20:01.388] [warning] Couldn't find file 'l_foot.vtp'.
[2026-02-16 16:20:01.388] [warning] Couldn't find file 'l_bofoot.vtp'.
[2026-02-16 16:20:01.388] [warning] Couldn't find file 'hat_spine.vtp'.
[2026-02-16 16:20:01.389] [warning] Couldn't find file 'hat_jaw.vtp'.
[2026-02-16 16:20:01.389] [warning] Couldn't find file 'hat_skull.vtp'.
[2026-02-16 16:20:01.389] [warning] Couldn't find file 'hat_ribs_scap.vtp'.
[2026-02-16 16:20:01.389] [warning] Couldn't find file 'humerus_rv.vtp'.
[2026-02-16 16:20:01.389] [warning] Couldn't find file 'ulna_rv.vtp'.
[2026-02-16 16:20:01.389] [warning] Couldn't find file 'radius_rv.vtp'.
[2026-02-16 16:20:01.389] [warning] Couldn't find file 'pisiform_rvs.vtp'.
[2026-02-16 16:20:01.389] [warning] Couldn't find file 'lunate_rvs.vtp'.
[2026-02-16 16:20:01.389] [warning] Couldn't find file 'scaphoid_rvs.vtp'.
[2026-02-16 16:20:01.389] [warning] Couldn't find file 'triquetrum_rvs.vtp'.
[2026-02-16 16:20:01.389] [warning] Couldn't find file 'hamate_rvs.vtp'.
[2026-02-16 16:20:01.389] [warning] Couldn't find file 'capitate_rvs.vtp'.
[2026-02-16 16:20:01.389] [warning] Couldn't find file 'trapezoid_rvs.vtp'.
[2026-02-16 16:20:01.389] [warning] Couldn't find file 'trapezium_rvs.vtp'.
[2026-02-16 16:20:01.389] [warning] Couldn't find file 'metacarpal2_rvs.vtp'.
[2026-02-16 16:20:01.389] [warning] Couldn't find file 'index_proximal_rvs.vtp'.
[2026-02-16 16:20:01.389] [warning] Couldn't find file 'index_medial_rvs.vtp'.
[2026-02-16 16:20:01.389] [warning] Couldn't find file 'index_distal_rvs.vtp'.
[2026-02-16 16:20:01.389] [warning] Couldn't find file 'metacarpal3_rvs.vtp'.
[2026-02-16 16:20:01.389] [warning] Couldn't find file 'middle_proximal_rvs.vtp'.
[2026-02-16 16:20:01.389] [warning] Couldn't find file 'middle_medial_rvs.vtp'.
[2026-02-16 16:20:01.389] [warning] Couldn't find file 'middle_distal_rvs.vtp'.
[2026-02-16 16:20:01.389] [warning] Couldn't find file 'metacarpal4_rvs.vtp'.
[2026-02-16 16:20:01.389] [warning] Couldn't find file 'ring_proximal_rvs.vtp'.
[2026-02-16 16:20:01.389] [warning] Couldn't find file 'ring_medial_rvs.vtp'.
[2026-02-16 16:20:01.389] [warning] Couldn't find file 'ring_distal_rvs.vtp'.
[2026-02-16 16:20:01.389] [warning] Couldn't find file 'metacarpal5_rvs.vtp'.
[2026-02-16 16:20:01.389] [warning] Couldn't find file 'little_proximal_rvs.vtp'.
[2026-02-16 16:20:01.389] [warning] Couldn't find file 'little_medial_rvs.vtp'.
[2026-02-16 16:20:01.390] [warning] Couldn't find file 'little_distal_rvs.vtp'.
[2026-02-16 16:20:01.390] [warning] Couldn't find file 'metacarpal1_rvs.vtp'.
[2026-02-16 16:20:01.390] [warning] Couldn't find file 'thumb_proximal_rvs.vtp'.
[2026-02-16 16:20:01.390] [warning] Couldn't find file 'thumb_distal_rvs.vtp'.
[2026-02-16 16:20:01.390] [warning] Couldn't find file 'humerus_lv.vtp'.
[2026-02-16 16:20:01.390] [warning] Couldn't find file 'ulna_lv.vtp'.
[2026-02-16 16:20:01.390] [warning] Couldn't find file 'radius_lv.vtp'.
[2026-02-16 16:20:01.390] [warning] Couldn't find file 'pisiform_lvs.vtp'.
[2026-02-16 16:20:01.390] [warning] Couldn't find file 'lunate_lvs.vtp'.
[2026-02-16 16:20:01.390] [warning] Couldn't find file 'scaphoid_lvs.vtp'.
[2026-02-16 16:20:01.390] [warning] Couldn't find file 'triquetrum_lvs.vtp'.
[2026-02-16 16:20:01.390] [warning] Couldn't find file 'hamate_lvs.vtp'.
[2026-02-16 16:20:01.390] [warning] Couldn't find file 'capitate_lvs.vtp'.
[2026-02-16 16:20:01.390] [warning] Couldn't find file 'trapezoid_lvs.vtp'.
[2026-02-16 16:20:01.390] [warning] Couldn't find file 'trapezium_lvs.vtp'.
[2026-02-16 16:20:01.390] [warning] Couldn't find file 'metacarpal2_lvs.vtp'.
[2026-02-16 16:20:01.390] [warning] Couldn't find file 'index_proximal_lvs.vtp'.
[2026-02-16 16:20:01.390] [warning] Couldn't find file 'index_medial_lvs.vtp'.
[2026-02-16 16:20:01.390] [warning] Couldn't find file 'index_distal_lvs.vtp'.
[2026-02-16 16:20:01.390] [warning] Couldn't find file 'metacarpal3_lvs.vtp'.
[2026-02-16 16:20:01.390] [warning] Couldn't find file 'middle_proximal_lvs.vtp'.
[2026-02-16 16:20:01.390] [warning] Couldn't find file 'middle_medial_lvs.vtp'.
[2026-02-16 16:20:01.390] [warning] Couldn't find file 'middle_distal_lvs.vtp'.
[2026-02-16 16:20:01.390] [warning] Couldn't find file 'metacarpal4_lvs.vtp'.
[2026-02-16 16:20:01.390] [warning] Couldn't find file 'ring_proximal_lvs.vtp'.
[2026-02-16 16:20:01.390] [warning] Couldn't find file 'ring_medial_lvs.vtp'.
[2026-02-16 16:20:01.390] [warning] Couldn't find file 'ring_distal_lvs.vtp'.
[2026-02-16 16:20:01.391] [warning] Couldn't find file 'metacarpal5_lvs.vtp'.
[2026-02-16 16:20:01.391] [warning] Couldn't find file 'little_proximal_lvs.vtp'.
[2026-02-16 16:20:01.391] [warning] Couldn't find file 'little_medial_lvs.vtp'.
[2026-02-16 16:20:01.391] [warning] Couldn't find file 'little_distal_lvs.vtp'.
[2026-02-16 16:20:01.391] [warning] Couldn't find file 'metacarpal1_lvs.vtp'.
[2026-02-16 16:20:01.391] [warning] Couldn't find file 'thumb_proximal_lvs.vtp'.
[2026-02-16 16:20:01.391] [warning] Couldn't find file 'thumb_distal_lvs.vtp'.
[2026-02-16 16:20:01.395] [info] AbstractTool IK_sub1_v2_t1 loading model C:\Users\Israel Luis\Documents\GitHub\GoalOptimized\Database\sub1\model\model_rajagopal2022_sub1.osim
[2026-02-16 16:20:01.409] [info] Updating Model file from 40000 to latest format...
[2026-02-16 16:20:01.426] [info] Loaded model 1_scaled_rajagopal2022 from file C:\Users\Israel Luis\Documents\GitHub\GoalOptimized\Database\sub1\model\model_rajagopal2022_sub1.osim
[2026-02-16 16:20:01.426] [warning] Couldn't find file 'r_pelvis.vtp'.
[2026-02-16 16:20:01.426] [warning] Couldn't find file 'l_pelvis.vtp'.
[2026-02-16 16:20:01.427] [warning] Couldn't find file 'sacrum.vtp'.
[2026-02-16 16:20:01.427] [warning] Couldn't find file 'r_femur.vtp'.
[2026-02-16 16:20:01.427] [warning] Couldn't find file 'r_tibia.vtp'.
[2026-02-16 16:20:01.427] [warning] Couldn't find file 'r_fibula.vtp'.
[2026-02-16 16:20:01.427] [warning] Couldn't find file 'r_patella.vtp'.
[2026-02-16 16:20:01.427] [warning] Couldn't find file 'r_talus.vtp'.
[2026-02-16 16:20:01.427] [warning] Couldn't find file 'r_foot.vtp'.
[2026-02-16 16:20:01.427] [warning] Couldn't find file 'r_bofoot.vtp'.
[2026-02-16 16:20:01.427] [warning] Couldn't find file 'l_femur.vtp'.
[2026-02-16 16:20:01.427] [warning] Couldn't find file 'l_tibia.vtp'.
[2026-02-16 16:20:01.427] [warning] Couldn't find file 'l_fibula.vtp'.
[2026-02-16 16:20:01.427] [warning] Couldn't find file 'l_patella.vtp'.
[2026-02-16 16:20:01.427] [warning] Couldn't find file 'l_talus.vtp'.
[2026-02-16 16:20:01.427] [warning] Couldn't find file 'l_foot.vtp'.
[2026-02-16 16:20:01.427] [warning] Couldn't find file 'l_bofoot.vtp'.
[2026-02-16 16:20:01.427] [warning] Couldn't find file 'hat_spine.vtp'.
[2026-02-16 16:20:01.427] [warning] Couldn't find file 'hat_jaw.vtp'.
[2026-02-16 16:20:01.427] [warning] Couldn't find file 'hat_skull.vtp'.
[2026-02-16 16:20:01.427] [warning] Couldn't find file 'hat_ribs_scap.vtp'.
[2026-02-16 16:20:01.427] [warning] Couldn't find file 'humerus_rv.vtp'.
[2026-02-16 16:20:01.427] [warning] Couldn't find file 'ulna_rv.vtp'.
[2026-02-16 16:20:01.427] [warning] Couldn't find file 'radius_rv.vtp'.
[2026-02-16 16:20:01.427] [warning] Couldn't find file 'pisiform_rvs.vtp'.
[2026-02-16 16:20:01.427] [warning] Couldn't find file 'lunate_rvs.vtp'.
[2026-02-16 16:20:01.427] [warning] Couldn't find file 'scaphoid_rvs.vtp'.
[2026-02-16 16:20:01.427] [warning] Couldn't find file 'triquetrum_rvs.vtp'.
[2026-02-16 16:20:01.428] [warning] Couldn't find file 'hamate_rvs.vtp'.
[2026-02-16 16:20:01.428] [warning] Couldn't find file 'capitate_rvs.vtp'.
[2026-02-16 16:20:01.428] [warning] Couldn't find file 'trapezoid_rvs.vtp'.
[2026-02-16 16:20:01.428] [warning] Couldn't find file 'trapezium_rvs.vtp'.
[2026-02-16 16:20:01.428] [warning] Couldn't find file 'metacarpal2_rvs.vtp'.
[2026-02-16 16:20:01.428] [warning] Couldn't find file 'index_proximal_rvs.vtp'.
[2026-02-16 16:20:01.428] [warning] Couldn't find file 'index_medial_rvs.vtp'.
[2026-02-16 16:20:01.428] [warning] Couldn't find file 'index_distal_rvs.vtp'.
[2026-02-16 16:20:01.428] [warning] Couldn't find file 'metacarpal3_rvs.vtp'.
[2026-02-16 16:20:01.428] [warning] Couldn't find file 'middle_proximal_rvs.vtp'.
[2026-02-16 16:20:01.428] [warning] Couldn't find file 'middle_medial_rvs.vtp'.
[2026-02-16 16:20:01.428] [warning] Couldn't find file 'middle_distal_rvs.vtp'.
[2026-02-16 16:20:01.428] [warning] Couldn't find file 'metacarpal4_rvs.vtp'.
[2026-02-16 16:20:01.428] [warning] Couldn't find file 'ring_proximal_rvs.vtp'.
[2026-02-16 16:20:01.428] [warning] Couldn't find file 'ring_medial_rvs.vtp'.
[2026-02-16 16:20:01.428] [warning] Couldn't find file 'ring_distal_rvs.vtp'.
[2026-02-16 16:20:01.428] [warning] Couldn't find file 'metacarpal5_rvs.vtp'.
[2026-02-16 16:20:01.428] [warning] Couldn't find file 'little_proximal_rvs.vtp'.
[2026-02-16 16:20:01.428] [warning] Couldn't find file 'little_medial_rvs.vtp'.
[2026-02-16 16:20:01.428] [warning] Couldn't find file 'little_distal_rvs.vtp'.
[2026-02-16 16:20:01.428] [warning] Couldn't find file 'metacarpal1_rvs.vtp'.
[2026-02-16 16:20:01.428] [warning] Couldn't find file 'thumb_proximal_rvs.vtp'.
[2026-02-16 16:20:01.428] [warning] Couldn't find file 'thumb_distal_rvs.vtp'.
[2026-02-16 16:20:01.428] [warning] Couldn't find file 'humerus_lv.vtp'.
[2026-02-16 16:20:01.428] [warning] Couldn't find file 'ulna_lv.vtp'.
[2026-02-16 16:20:01.428] [warning] Couldn't find file 'radius_lv.vtp'.
[2026-02-16 16:20:01.428] [warning] Couldn't find file 'pisiform_lvs.vtp'.
[2026-02-16 16:20:01.428] [warning] Couldn't find file 'lunate_lvs.vtp'.
[2026-02-16 16:20:01.428] [warning] Couldn't find file 'scaphoid_lvs.vtp'.
[2026-02-16 16:20:01.429] [warning] Couldn't find file 'triquetrum_lvs.vtp'.
[2026-02-16 16:20:01.429] [warning] Couldn't find file 'hamate_lvs.vtp'.
[2026-02-16 16:20:01.429] [warning] Couldn't find file 'capitate_lvs.vtp'.
[2026-02-16 16:20:01.429] [warning] Couldn't find file 'trapezoid_lvs.vtp'.
[2026-02-16 16:20:01.429] [warning] Couldn't find file 'trapezium_lvs.vtp'.
[2026-02-16 16:20:01.429] [warning] Couldn't find file 'metacarpal2_lvs.vtp'.
[2026-02-16 16:20:01.429] [warning] Couldn't find file 'index_proximal_lvs.vtp'.
[2026-02-16 16:20:01.429] [warning] Couldn't find file 'index_medial_lvs.vtp'.
[2026-02-16 16:20:01.429] [warning] Couldn't find file 'index_distal_lvs.vtp'.
[2026-02-16 16:20:01.429] [warning] Couldn't find file 'metacarpal3_lvs.vtp'.
[2026-02-16 16:20:01.429] [warning] Couldn't find file 'middle_proximal_lvs.vtp'.
[2026-02-16 16:20:01.429] [warning] Couldn't find file 'middle_medial_lvs.vtp'.
[2026-02-16 16:20:01.429] [warning] Couldn't find file 'middle_distal_lvs.vtp'.
[2026-02-16 16:20:01.429] [warning] Couldn't find file 'metacarpal4_lvs.vtp'.
[2026-02-16 16:20:01.429] [warning] Couldn't find file 'ring_proximal_lvs.vtp'.
[2026-02-16 16:20:01.429] [warning] Couldn't find file 'ring_medial_lvs.vtp'.
[2026-02-16 16:20:01.429] [warning] Couldn't find file 'ring_distal_lvs.vtp'.
[2026-02-16 16:20:01.429] [warning] Couldn't find file 'metacarpal5_lvs.vtp'.
[2026-02-16 16:20:01.429] [warning] Couldn't find file 'little_proximal_lvs.vtp'.
[2026-02-16 16:20:01.429] [warning] Couldn't find file 'little_medial_lvs.vtp'.
[2026-02-16 16:20:01.429] [warning] Couldn't find file 'little_distal_lvs.vtp'.
[2026-02-16 16:20:01.429] [warning] Couldn't find file 'metacarpal1_lvs.vtp'.
[2026-02-16 16:20:01.429] [warning] Couldn't find file 'thumb_proximal_lvs.vtp'.
[2026-02-16 16:20:01.429] [warning] Couldn't find file 'thumb_distal_lvs.vtp'.
[2026-02-16 16:20:01.434] [info] No external loads will be applied (external loads file not specified).
[2026-02-16 16:20:01.446] [info] Loading coordinates from file 'C:\Users\Israel Luis\Documents\GitHub\GoalOptimized\Database\sub1\IK\IK_sub1_v2_t1.mot'.
[2026-02-16 16:20:01.446] [info] Storage: read data file = C:\Users\Israel Luis\Documents\GitHub\GoalOptimized\Database\sub1\IK\IK_sub1_v2_t1.mot (nr=119 nc=40)
[2026-02-16 16:20:02.012] [info] Found 119 state vectors with time stamps ranging from 0.57 to 1.75.
[2026-02-16 16:20:02.012] [info] Executing the analyses from 0.57 to 1.75...
[2026-02-16 16:20:06.251] [info] Printing results of investigation IK_sub1_v2_t1 to C:\Users\Israel Luis\Documents\GitHub\GoalOptimized\ProjectResults\DSE\sub1\multiCycle\Je\MuscleAnalysis
[2026-02-16 16:20:10.015] [info] Updating Model file from 40000 to latest format...
[2026-02-16 16:20:10.031] [info] Loaded model 1_scaled_rajagopal2022 from file C:\Users\Israel Luis\Documents\GitHub\GoalOptimized\Database\sub1\model\model_rajagopal2022_sub1.osim
[2026-02-16 16:20:10.032] [warning] Couldn't find file 'r_pelvis.vtp'.
[2026-02-16 16:20:10.032] [warning] Couldn't find file 'l_pelvis.vtp'.
[2026-02-16 16:20:10.032] [warning] Couldn't find file 'sacrum.vtp'.
[2026-02-16 16:20:10.032] [warning] Couldn't find file 'r_femur.vtp'.
[2026-02-16 16:20:10.032] [warning] Couldn't find file 'r_tibia.vtp'.
[2026-02-16 16:20:10.032] [warning] Couldn't find file 'r_fibula.vtp'.
[2026-02-16 16:20:10.032] [warning] Couldn't find file 'r_patella.vtp'.
[2026-02-16 16:20:10.032] [warning] Couldn't find file 'r_talus.vtp'.
[2026-02-16 16:20:10.032] [warning] Couldn't find file 'r_foot.vtp'.
[2026-02-16 16:20:10.032] [warning] Couldn't find file 'r_bofoot.vtp'.
[2026-02-16 16:20:10.032] [warning] Couldn't find file 'l_femur.vtp'.
[2026-02-16 16:20:10.032] [warning] Couldn't find file 'l_tibia.vtp'.
[2026-02-16 16:20:10.032] [warning] Couldn't find file 'l_fibula.vtp'.
[2026-02-16 16:20:10.032] [warning] Couldn't find file 'l_patella.vtp'.
[2026-02-16 16:20:10.032] [warning] Couldn't find file 'l_talus.vtp'.
[2026-02-16 16:20:10.032] [warning] Couldn't find file 'l_foot.vtp'.
[2026-02-16 16:20:10.032] [warning] Couldn't find file 'l_bofoot.vtp'.
[2026-02-16 16:20:10.032] [warning] Couldn't find file 'hat_spine.vtp'.
[2026-02-16 16:20:10.032] [warning] Couldn't find file 'hat_jaw.vtp'.
[2026-02-16 16:20:10.032] [warning] Couldn't find file 'hat_skull.vtp'.
[2026-02-16 16:20:10.032] [warning] Couldn't find file 'hat_ribs_scap.vtp'.
[2026-02-16 16:20:10.032] [warning] Couldn't find file 'humerus_rv.vtp'.
[2026-02-16 16:20:10.032] [warning] Couldn't find file 'ulna_rv.vtp'.
[2026-02-16 16:20:10.032] [warning] Couldn't find file 'radius_rv.vtp'.
[2026-02-16 16:20:10.033] [warning] Couldn't find file 'pisiform_rvs.vtp'.
[2026-02-16 16:20:10.033] [warning] Couldn't find file 'lunate_rvs.vtp'.
[2026-02-16 16:20:10.033] [warning] Couldn't find file 'scaphoid_rvs.vtp'.
[2026-02-16 16:20:10.033] [warning] Couldn't find file 'triquetrum_rvs.vtp'.
[2026-02-16 16:20:10.033] [warning] Couldn't find file 'hamate_rvs.vtp'.
[2026-02-16 16:20:10.033] [warning] Couldn't find file 'capitate_rvs.vtp'.
[2026-02-16 16:20:10.033] [warning] Couldn't find file 'trapezoid_rvs.vtp'.
[2026-02-16 16:20:10.033] [warning] Couldn't find file 'trapezium_rvs.vtp'.
[2026-02-16 16:20:10.033] [warning] Couldn't find file 'metacarpal2_rvs.vtp'.
[2026-02-16 16:20:10.033] [warning] Couldn't find file 'index_proximal_rvs.vtp'.
[2026-02-16 16:20:10.033] [warning] Couldn't find file 'index_medial_rvs.vtp'.
[2026-02-16 16:20:10.033] [warning] Couldn't find file 'index_distal_rvs.vtp'.
[2026-02-16 16:20:10.033] [warning] Couldn't find file 'metacarpal3_rvs.vtp'.
[2026-02-16 16:20:10.033] [warning] Couldn't find file 'middle_proximal_rvs.vtp'.
[2026-02-16 16:20:10.033] [warning] Couldn't find file 'middle_medial_rvs.vtp'.
[2026-02-16 16:20:10.033] [warning] Couldn't find file 'middle_distal_rvs.vtp'.
[2026-02-16 16:20:10.033] [warning] Couldn't find file 'metacarpal4_rvs.vtp'.
[2026-02-16 16:20:10.033] [warning] Couldn't find file 'ring_proximal_rvs.vtp'.
[2026-02-16 16:20:10.033] [warning] Couldn't find file 'ring_medial_rvs.vtp'.
[2026-02-16 16:20:10.033] [warning] Couldn't find file 'ring_distal_rvs.vtp'.
[2026-02-16 16:20:10.033] [warning] Couldn't find file 'metacarpal5_rvs.vtp'.
[2026-02-16 16:20:10.033] [warning] Couldn't find file 'little_proximal_rvs.vtp'.
[2026-02-16 16:20:10.033] [warning] Couldn't find file 'little_medial_rvs.vtp'.
[2026-02-16 16:20:10.033] [warning] Couldn't find file 'little_distal_rvs.vtp'.
[2026-02-16 16:20:10.033] [warning] Couldn't find file 'metacarpal1_rvs.vtp'.
[2026-02-16 16:20:10.033] [warning] Couldn't find file 'thumb_proximal_rvs.vtp'.
[2026-02-16 16:20:10.033] [warning] Couldn't find file 'thumb_distal_rvs.vtp'.
[2026-02-16 16:20:10.033] [warning] Couldn't find file 'humerus_lv.vtp'.
[2026-02-16 16:20:10.033] [warning] Couldn't find file 'ulna_lv.vtp'.
[2026-02-16 16:20:10.034] [warning] Couldn't find file 'radius_lv.vtp'.
[2026-02-16 16:20:10.034] [warning] Couldn't find file 'pisiform_lvs.vtp'.
[2026-02-16 16:20:10.034] [warning] Couldn't find file 'lunate_lvs.vtp'.
[2026-02-16 16:20:10.034] [warning] Couldn't find file 'scaphoid_lvs.vtp'.
[2026-02-16 16:20:10.034] [warning] Couldn't find file 'triquetrum_lvs.vtp'.
[2026-02-16 16:20:10.034] [warning] Couldn't find file 'hamate_lvs.vtp'.
[2026-02-16 16:20:10.034] [warning] Couldn't find file 'capitate_lvs.vtp'.
[2026-02-16 16:20:10.034] [warning] Couldn't find file 'trapezoid_lvs.vtp'.
[2026-02-16 16:20:10.034] [warning] Couldn't find file 'trapezium_lvs.vtp'.
[2026-02-16 16:20:10.034] [warning] Couldn't find file 'metacarpal2_lvs.vtp'.
[2026-02-16 16:20:10.034] [warning] Couldn't find file 'index_proximal_lvs.vtp'.
[2026-02-16 16:20:10.034] [warning] Couldn't find file 'index_medial_lvs.vtp'.
[2026-02-16 16:20:10.034] [warning] Couldn't find file 'index_distal_lvs.vtp'.
[2026-02-16 16:20:10.034] [warning] Couldn't find file 'metacarpal3_lvs.vtp'.
[2026-02-16 16:20:10.034] [warning] Couldn't find file 'middle_proximal_lvs.vtp'.
[2026-02-16 16:20:10.034] [warning] Couldn't find file 'middle_medial_lvs.vtp'.
[2026-02-16 16:20:10.034] [warning] Couldn't find file 'middle_distal_lvs.vtp'.
[2026-02-16 16:20:10.034] [warning] Couldn't find file 'metacarpal4_lvs.vtp'.
[2026-02-16 16:20:10.034] [warning] Couldn't find file 'ring_proximal_lvs.vtp'.
[2026-02-16 16:20:10.034] [warning] Couldn't find file 'ring_medial_lvs.vtp'.
[2026-02-16 16:20:10.034] [warning] Couldn't find file 'ring_distal_lvs.vtp'.
[2026-02-16 16:20:10.034] [warning] Couldn't find file 'metacarpal5_lvs.vtp'.
[2026-02-16 16:20:10.034] [warning] Couldn't find file 'little_proximal_lvs.vtp'.
[2026-02-16 16:20:10.034] [warning] Couldn't find file 'little_medial_lvs.vtp'.
[2026-02-16 16:20:10.034] [warning] Couldn't find file 'little_distal_lvs.vtp'.
[2026-02-16 16:20:10.034] [warning] Couldn't find file 'metacarpal1_lvs.vtp'.
[2026-02-16 16:20:10.034] [warning] Couldn't find file 'thumb_proximal_lvs.vtp'.
[2026-02-16 16:20:10.034] [warning] Couldn't find file 'thumb_distal_lvs.vtp'.
[2026-02-16 16:20:10.038] [info] AbstractTool IK_sub1_v2_t2 loading model C:\Users\Israel Luis\Documents\GitHub\GoalOptimized\Database\sub1\model\model_rajagopal2022_sub1.osim
[2026-02-16 16:20:10.052] [info] Updating Model file from 40000 to latest format...
[2026-02-16 16:20:10.070] [info] Loaded model 1_scaled_rajagopal2022 from file C:\Users\Israel Luis\Documents\GitHub\GoalOptimized\Database\sub1\model\model_rajagopal2022_sub1.osim
[2026-02-16 16:20:10.070] [warning] Couldn't find file 'r_pelvis.vtp'.
[2026-02-16 16:20:10.070] [warning] Couldn't find file 'l_pelvis.vtp'.
[2026-02-16 16:20:10.070] [warning] Couldn't find file 'sacrum.vtp'.
[2026-02-16 16:20:10.070] [warning] Couldn't find file 'r_femur.vtp'.
[2026-02-16 16:20:10.070] [warning] Couldn't find file 'r_tibia.vtp'.
[2026-02-16 16:20:10.070] [warning] Couldn't find file 'r_fibula.vtp'.
[2026-02-16 16:20:10.070] [warning] Couldn't find file 'r_patella.vtp'.
[2026-02-16 16:20:10.070] [warning] Couldn't find file 'r_talus.vtp'.
[2026-02-16 16:20:10.070] [warning] Couldn't find file 'r_foot.vtp'.
[2026-02-16 16:20:10.070] [warning] Couldn't find file 'r_bofoot.vtp'.
[2026-02-16 16:20:10.070] [warning] Couldn't find file 'l_femur.vtp'.
[2026-02-16 16:20:10.070] [warning] Couldn't find file 'l_tibia.vtp'.
[2026-02-16 16:20:10.070] [warning] Couldn't find file 'l_fibula.vtp'.
[2026-02-16 16:20:10.070] [warning] Couldn't find file 'l_patella.vtp'.
[2026-02-16 16:20:10.070] [warning] Couldn't find file 'l_talus.vtp'.
[2026-02-16 16:20:10.070] [warning] Couldn't find file 'l_foot.vtp'.
[2026-02-16 16:20:10.070] [warning] Couldn't find file 'l_bofoot.vtp'.
[2026-02-16 16:20:10.071] [warning] Couldn't find file 'hat_spine.vtp'.
[2026-02-16 16:20:10.071] [warning] Couldn't find file 'hat_jaw.vtp'.
[2026-02-16 16:20:10.071] [warning] Couldn't find file 'hat_skull.vtp'.
[2026-02-16 16:20:10.071] [warning] Couldn't find file 'hat_ribs_scap.vtp'.
[2026-02-16 16:20:10.071] [warning] Couldn't find file 'humerus_rv.vtp'.
[2026-02-16 16:20:10.071] [warning] Couldn't find file 'ulna_rv.vtp'.
[2026-02-16 16:20:10.071] [warning] Couldn't find file 'radius_rv.vtp'.
[2026-02-16 16:20:10.071] [warning] Couldn't find file 'pisiform_rvs.vtp'.
[2026-02-16 16:20:10.071] [warning] Couldn't find file 'lunate_rvs.vtp'.
[2026-02-16 16:20:10.071] [warning] Couldn't find file 'scaphoid_rvs.vtp'.
[2026-02-16 16:20:10.071] [warning] Couldn't find file 'triquetrum_rvs.vtp'.
[2026-02-16 16:20:10.071] [warning] Couldn't find file 'hamate_rvs.vtp'.
[2026-02-16 16:20:10.071] [warning] Couldn't find file 'capitate_rvs.vtp'.
[2026-02-16 16:20:10.071] [warning] Couldn't find file 'trapezoid_rvs.vtp'.
[2026-02-16 16:20:10.071] [warning] Couldn't find file 'trapezium_rvs.vtp'.
[2026-02-16 16:20:10.071] [warning] Couldn't find file 'metacarpal2_rvs.vtp'.
[2026-02-16 16:20:10.071] [warning] Couldn't find file 'index_proximal_rvs.vtp'.
[2026-02-16 16:20:10.071] [warning] Couldn't find file 'index_medial_rvs.vtp'.
[2026-02-16 16:20:10.071] [warning] Couldn't find file 'index_distal_rvs.vtp'.
[2026-02-16 16:20:10.071] [warning] Couldn't find file 'metacarpal3_rvs.vtp'.
[2026-02-16 16:20:10.071] [warning] Couldn't find file 'middle_proximal_rvs.vtp'.
[2026-02-16 16:20:10.071] [warning] Couldn't find file 'middle_medial_rvs.vtp'.
[2026-02-16 16:20:10.071] [warning] Couldn't find file 'middle_distal_rvs.vtp'.
[2026-02-16 16:20:10.071] [warning] Couldn't find file 'metacarpal4_rvs.vtp'.
[2026-02-16 16:20:10.071] [warning] Couldn't find file 'ring_proximal_rvs.vtp'.
[2026-02-16 16:20:10.071] [warning] Couldn't find file 'ring_medial_rvs.vtp'.
[2026-02-16 16:20:10.071] [warning] Couldn't find file 'ring_distal_rvs.vtp'.
[2026-02-16 16:20:10.071] [warning] Couldn't find file 'metacarpal5_rvs.vtp'.
[2026-02-16 16:20:10.071] [warning] Couldn't find file 'little_proximal_rvs.vtp'.
[2026-02-16 16:20:10.072] [warning] Couldn't find file 'little_medial_rvs.vtp'.
[2026-02-16 16:20:10.072] [warning] Couldn't find file 'little_distal_rvs.vtp'.
[2026-02-16 16:20:10.072] [warning] Couldn't find file 'metacarpal1_rvs.vtp'.
[2026-02-16 16:20:10.072] [warning] Couldn't find file 'thumb_proximal_rvs.vtp'.
[2026-02-16 16:20:10.072] [warning] Couldn't find file 'thumb_distal_rvs.vtp'.
[2026-02-16 16:20:10.072] [warning] Couldn't find file 'humerus_lv.vtp'.
[2026-02-16 16:20:10.072] [warning] Couldn't find file 'ulna_lv.vtp'.
[2026-02-16 16:20:10.072] [warning] Couldn't find file 'radius_lv.vtp'.
[2026-02-16 16:20:10.072] [warning] Couldn't find file 'pisiform_lvs.vtp'.
[2026-02-16 16:20:10.072] [warning] Couldn't find file 'lunate_lvs.vtp'.
[2026-02-16 16:20:10.072] [warning] Couldn't find file 'scaphoid_lvs.vtp'.
[2026-02-16 16:20:10.072] [warning] Couldn't find file 'triquetrum_lvs.vtp'.
[2026-02-16 16:20:10.072] [warning] Couldn't find file 'hamate_lvs.vtp'.
[2026-02-16 16:20:10.072] [warning] Couldn't find file 'capitate_lvs.vtp'.
[2026-02-16 16:20:10.072] [warning] Couldn't find file 'trapezoid_lvs.vtp'.
[2026-02-16 16:20:10.072] [warning] Couldn't find file 'trapezium_lvs.vtp'.
[2026-02-16 16:20:10.072] [warning] Couldn't find file 'metacarpal2_lvs.vtp'.
[2026-02-16 16:20:10.072] [warning] Couldn't find file 'index_proximal_lvs.vtp'.
[2026-02-16 16:20:10.072] [warning] Couldn't find file 'index_medial_lvs.vtp'.
[2026-02-16 16:20:10.072] [warning] Couldn't find file 'index_distal_lvs.vtp'.
[2026-02-16 16:20:10.072] [warning] Couldn't find file 'metacarpal3_lvs.vtp'.
[2026-02-16 16:20:10.072] [warning] Couldn't find file 'middle_proximal_lvs.vtp'.
[2026-02-16 16:20:10.072] [warning] Couldn't find file 'middle_medial_lvs.vtp'.
[2026-02-16 16:20:10.072] [warning] Couldn't find file 'middle_distal_lvs.vtp'.
[2026-02-16 16:20:10.072] [warning] Couldn't find file 'metacarpal4_lvs.vtp'.
[2026-02-16 16:20:10.072] [warning] Couldn't find file 'ring_proximal_lvs.vtp'.
[2026-02-16 16:20:10.072] [warning] Couldn't find file 'ring_medial_lvs.vtp'.
[2026-02-16 16:20:10.072] [warning] Couldn't find file 'ring_distal_lvs.vtp'.
[2026-02-16 16:20:10.072] [warning] Couldn't find file 'metacarpal5_lvs.vtp'.
[2026-02-16 16:20:10.072] [warning] Couldn't find file 'little_proximal_lvs.vtp'.
[2026-02-16 16:20:10.073] [warning] Couldn't find file 'little_medial_lvs.vtp'.
[2026-02-16 16:20:10.073] [warning] Couldn't find file 'little_distal_lvs.vtp'.
[2026-02-16 16:20:10.073] [warning] Couldn't find file 'metacarpal1_lvs.vtp'.
[2026-02-16 16:20:10.073] [warning] Couldn't find file 'thumb_proximal_lvs.vtp'.
[2026-02-16 16:20:10.073] [warning] Couldn't find file 'thumb_distal_lvs.vtp'.
[2026-02-16 16:20:10.077] [info] No external loads will be applied (external loads file not specified).
[2026-02-16 16:20:10.088] [info] Loading coordinates from file 'C:\Users\Israel Luis\Documents\GitHub\GoalOptimized\Database\sub1\IK\IK_sub1_v2_t2.mot'.
[2026-02-16 16:20:10.088] [info] Storage: read data file = C:\Users\Israel Luis\Documents\GitHub\GoalOptimized\Database\sub1\IK\IK_sub1_v2_t2.mot (nr=118 nc=40)
[2026-02-16 16:20:10.646] [info] Found 118 state vectors with time stamps ranging from 0.04 to 1.21.
[2026-02-16 16:20:10.646] [info] Executing the analyses from 0.04 to 1.21...
[2026-02-16 16:20:14.888] [info] Printing results of investigation IK_sub1_v2_t2 to C:\Users\Israel Luis\Documents\GitHub\GoalOptimized\ProjectResults\DSE\sub1\multiCycle\Je\MuscleAnalysis
[2026-02-16 16:20:18.613] [info] Updating Model file from 40000 to latest format...
[2026-02-16 16:20:18.629] [info] Loaded model 1_scaled_rajagopal2022 from file C:\Users\Israel Luis\Documents\GitHub\GoalOptimized\Database\sub1\model\model_rajagopal2022_sub1.osim
[2026-02-16 16:20:18.629] [warning] Couldn't find file 'r_pelvis.vtp'.
[2026-02-16 16:20:18.629] [warning] Couldn't find file 'l_pelvis.vtp'.
[2026-02-16 16:20:18.629] [warning] Couldn't find file 'sacrum.vtp'.
[2026-02-16 16:20:18.629] [warning] Couldn't find file 'r_femur.vtp'.
[2026-02-16 16:20:18.629] [warning] Couldn't find file 'r_tibia.vtp'.
[2026-02-16 16:20:18.629] [warning] Couldn't find file 'r_fibula.vtp'.
[2026-02-16 16:20:18.629] [warning] Couldn't find file 'r_patella.vtp'.
[2026-02-16 16:20:18.629] [warning] Couldn't find file 'r_talus.vtp'.
[2026-02-16 16:20:18.629] [warning] Couldn't find file 'r_foot.vtp'.
[2026-02-16 16:20:18.629] [warning] Couldn't find file 'r_bofoot.vtp'.
[2026-02-16 16:20:18.630] [warning] Couldn't find file 'l_femur.vtp'.
[2026-02-16 16:20:18.630] [warning] Couldn't find file 'l_tibia.vtp'.
[2026-02-16 16:20:18.630] [warning] Couldn't find file 'l_fibula.vtp'.
[2026-02-16 16:20:18.630] [warning] Couldn't find file 'l_patella.vtp'.
[2026-02-16 16:20:18.630] [warning] Couldn't find file 'l_talus.vtp'.
[2026-02-16 16:20:18.630] [warning] Couldn't find file 'l_foot.vtp'.
[2026-02-16 16:20:18.630] [warning] Couldn't find file 'l_bofoot.vtp'.
[2026-02-16 16:20:18.630] [warning] Couldn't find file 'hat_spine.vtp'.
[2026-02-16 16:20:18.630] [warning] Couldn't find file 'hat_jaw.vtp'.
[2026-02-16 16:20:18.630] [warning] Couldn't find file 'hat_skull.vtp'.
[2026-02-16 16:20:18.630] [warning] Couldn't find file 'hat_ribs_scap.vtp'.
[2026-02-16 16:20:18.630] [warning] Couldn't find file 'humerus_rv.vtp'.
[2026-02-16 16:20:18.630] [warning] Couldn't find file 'ulna_rv.vtp'.
[2026-02-16 16:20:18.630] [warning] Couldn't find file 'radius_rv.vtp'.
[2026-02-16 16:20:18.630] [warning] Couldn't find file 'pisiform_rvs.vtp'.
[2026-02-16 16:20:18.630] [warning] Couldn't find file 'lunate_rvs.vtp'.
[2026-02-16 16:20:18.630] [warning] Couldn't find file 'scaphoid_rvs.vtp'.
[2026-02-16 16:20:18.630] [warning] Couldn't find file 'triquetrum_rvs.vtp'.
[2026-02-16 16:20:18.630] [warning] Couldn't find file 'hamate_rvs.vtp'.
[2026-02-16 16:20:18.630] [warning] Couldn't find file 'capitate_rvs.vtp'.
[2026-02-16 16:20:18.630] [warning] Couldn't find file 'trapezoid_rvs.vtp'.
[2026-02-16 16:20:18.630] [warning] Couldn't find file 'trapezium_rvs.vtp'.
[2026-02-16 16:20:18.630] [warning] Couldn't find file 'metacarpal2_rvs.vtp'.
[2026-02-16 16:20:18.630] [warning] Couldn't find file 'index_proximal_rvs.vtp'.
[2026-02-16 16:20:18.630] [warning] Couldn't find file 'index_medial_rvs.vtp'.
[2026-02-16 16:20:18.630] [warning] Couldn't find file 'index_distal_rvs.vtp'.
[2026-02-16 16:20:18.630] [warning] Couldn't find file 'metacarpal3_rvs.vtp'.
[2026-02-16 16:20:18.631] [warning] Couldn't find file 'middle_proximal_rvs.vtp'.
[2026-02-16 16:20:18.631] [warning] Couldn't find file 'middle_medial_rvs.vtp'.
[2026-02-16 16:20:18.631] [warning] Couldn't find file 'middle_distal_rvs.vtp'.
[2026-02-16 16:20:18.631] [warning] Couldn't find file 'metacarpal4_rvs.vtp'.
[2026-02-16 16:20:18.631] [warning] Couldn't find file 'ring_proximal_rvs.vtp'.
[2026-02-16 16:20:18.631] [warning] Couldn't find file 'ring_medial_rvs.vtp'.
[2026-02-16 16:20:18.631] [warning] Couldn't find file 'ring_distal_rvs.vtp'.
[2026-02-16 16:20:18.631] [warning] Couldn't find file 'metacarpal5_rvs.vtp'.
[2026-02-16 16:20:18.631] [warning] Couldn't find file 'little_proximal_rvs.vtp'.
[2026-02-16 16:20:18.631] [warning] Couldn't find file 'little_medial_rvs.vtp'.
[2026-02-16 16:20:18.631] [warning] Couldn't find file 'little_distal_rvs.vtp'.
[2026-02-16 16:20:18.631] [warning] Couldn't find file 'metacarpal1_rvs.vtp'.
[2026-02-16 16:20:18.631] [warning] Couldn't find file 'thumb_proximal_rvs.vtp'.
[2026-02-16 16:20:18.631] [warning] Couldn't find file 'thumb_distal_rvs.vtp'.
[2026-02-16 16:20:18.631] [warning] Couldn't find file 'humerus_lv.vtp'.
[2026-02-16 16:20:18.631] [warning] Couldn't find file 'ulna_lv.vtp'.
[2026-02-16 16:20:18.631] [warning] Couldn't find file 'radius_lv.vtp'.
[2026-02-16 16:20:18.631] [warning] Couldn't find file 'pisiform_lvs.vtp'.
[2026-02-16 16:20:18.631] [warning] Couldn't find file 'lunate_lvs.vtp'.
[2026-02-16 16:20:18.631] [warning] Couldn't find file 'scaphoid_lvs.vtp'.
[2026-02-16 16:20:18.631] [warning] Couldn't find file 'triquetrum_lvs.vtp'.
[2026-02-16 16:20:18.631] [warning] Couldn't find file 'hamate_lvs.vtp'.
[2026-02-16 16:20:18.631] [warning] Couldn't find file 'capitate_lvs.vtp'.
[2026-02-16 16:20:18.631] [warning] Couldn't find file 'trapezoid_lvs.vtp'.
[2026-02-16 16:20:18.631] [warning] Couldn't find file 'trapezium_lvs.vtp'.
[2026-02-16 16:20:18.631] [warning] Couldn't find file 'metacarpal2_lvs.vtp'.
[2026-02-16 16:20:18.631] [warning] Couldn't find file 'index_proximal_lvs.vtp'.
[2026-02-16 16:20:18.631] [warning] Couldn't find file 'index_medial_lvs.vtp'.
[2026-02-16 16:20:18.631] [warning] Couldn't find file 'index_distal_lvs.vtp'.
[2026-02-16 16:20:18.632] [warning] Couldn't find file 'metacarpal3_lvs.vtp'.
[2026-02-16 16:20:18.632] [warning] Couldn't find file 'middle_proximal_lvs.vtp'.
[2026-02-16 16:20:18.632] [warning] Couldn't find file 'middle_medial_lvs.vtp'.
[2026-02-16 16:20:18.632] [warning] Couldn't find file 'middle_distal_lvs.vtp'.
[2026-02-16 16:20:18.632] [warning] Couldn't find file 'metacarpal4_lvs.vtp'.
[2026-02-16 16:20:18.632] [warning] Couldn't find file 'ring_proximal_lvs.vtp'.
[2026-02-16 16:20:18.632] [warning] Couldn't find file 'ring_medial_lvs.vtp'.
[2026-02-16 16:20:18.632] [warning] Couldn't find file 'ring_distal_lvs.vtp'.
[2026-02-16 16:20:18.632] [warning] Couldn't find file 'metacarpal5_lvs.vtp'.
[2026-02-16 16:20:18.632] [warning] Couldn't find file 'little_proximal_lvs.vtp'.
[2026-02-16 16:20:18.632] [warning] Couldn't find file 'little_medial_lvs.vtp'.
[2026-02-16 16:20:18.632] [warning] Couldn't find file 'little_distal_lvs.vtp'.
[2026-02-16 16:20:18.632] [warning] Couldn't find file 'metacarpal1_lvs.vtp'.
[2026-02-16 16:20:18.632] [warning] Couldn't find file 'thumb_proximal_lvs.vtp'.
[2026-02-16 16:20:18.632] [warning] Couldn't find file 'thumb_distal_lvs.vtp'.
[2026-02-16 16:20:18.636] [info] AbstractTool IK_sub1_v2_t3 loading model C:\Users\Israel Luis\Documents\GitHub\GoalOptimized\Database\sub1\model\model_rajagopal2022_sub1.osim
[2026-02-16 16:20:18.650] [info] Updating Model file from 40000 to latest format...
[2026-02-16 16:20:18.667] [info] Loaded model 1_scaled_rajagopal2022 from file C:\Users\Israel Luis\Documents\GitHub\GoalOptimized\Database\sub1\model\model_rajagopal2022_sub1.osim
[2026-02-16 16:20:18.667] [warning] Couldn't find file 'r_pelvis.vtp'.
[2026-02-16 16:20:18.667] [warning] Couldn't find file 'l_pelvis.vtp'.
[2026-02-16 16:20:18.667] [warning] Couldn't find file 'sacrum.vtp'.
[2026-02-16 16:20:18.667] [warning] Couldn't find file 'r_femur.vtp'.
[2026-02-16 16:20:18.668] [warning] Couldn't find file 'r_tibia.vtp'.
[2026-02-16 16:20:18.668] [warning] Couldn't find file 'r_fibula.vtp'.
[2026-02-16 16:20:18.668] [warning] Couldn't find file 'r_patella.vtp'.
[2026-02-16 16:20:18.668] [warning] Couldn't find file 'r_talus.vtp'.
[2026-02-16 16:20:18.668] [warning] Couldn't find file 'r_foot.vtp'.
[2026-02-16 16:20:18.668] [warning] Couldn't find file 'r_bofoot.vtp'.
[2026-02-16 16:20:18.668] [warning] Couldn't find file 'l_femur.vtp'.
[2026-02-16 16:20:18.668] [warning] Couldn't find file 'l_tibia.vtp'.
[2026-02-16 16:20:18.668] [warning] Couldn't find file 'l_fibula.vtp'.
[2026-02-16 16:20:18.668] [warning] Couldn't find file 'l_patella.vtp'.
[2026-02-16 16:20:18.668] [warning] Couldn't find file 'l_talus.vtp'.
[2026-02-16 16:20:18.668] [warning] Couldn't find file 'l_foot.vtp'.
[2026-02-16 16:20:18.668] [warning] Couldn't find file 'l_bofoot.vtp'.
[2026-02-16 16:20:18.668] [warning] Couldn't find file 'hat_spine.vtp'.
[2026-02-16 16:20:18.668] [warning] Couldn't find file 'hat_jaw.vtp'.
[2026-02-16 16:20:18.668] [warning] Couldn't find file 'hat_skull.vtp'.
[2026-02-16 16:20:18.668] [warning] Couldn't find file 'hat_ribs_scap.vtp'.
[2026-02-16 16:20:18.668] [warning] Couldn't find file 'humerus_rv.vtp'.
[2026-02-16 16:20:18.668] [warning] Couldn't find file 'ulna_rv.vtp'.
[2026-02-16 16:20:18.668] [warning] Couldn't find file 'radius_rv.vtp'.
[2026-02-16 16:20:18.668] [warning] Couldn't find file 'pisiform_rvs.vtp'.
[2026-02-16 16:20:18.668] [warning] Couldn't find file 'lunate_rvs.vtp'.
[2026-02-16 16:20:18.668] [warning] Couldn't find file 'scaphoid_rvs.vtp'.
[2026-02-16 16:20:18.668] [warning] Couldn't find file 'triquetrum_rvs.vtp'.
[2026-02-16 16:20:18.668] [warning] Couldn't find file 'hamate_rvs.vtp'.
[2026-02-16 16:20:18.668] [warning] Couldn't find file 'capitate_rvs.vtp'.
[2026-02-16 16:20:18.668] [warning] Couldn't find file 'trapezoid_rvs.vtp'.
[2026-02-16 16:20:18.668] [warning] Couldn't find file 'trapezium_rvs.vtp'.
[2026-02-16 16:20:18.668] [warning] Couldn't find file 'metacarpal2_rvs.vtp'.
[2026-02-16 16:20:18.669] [warning] Couldn't find file 'index_proximal_rvs.vtp'.
[2026-02-16 16:20:18.669] [warning] Couldn't find file 'index_medial_rvs.vtp'.
[2026-02-16 16:20:18.669] [warning] Couldn't find file 'index_distal_rvs.vtp'.
[2026-02-16 16:20:18.669] [warning] Couldn't find file 'metacarpal3_rvs.vtp'.
[2026-02-16 16:20:18.669] [warning] Couldn't find file 'middle_proximal_rvs.vtp'.
[2026-02-16 16:20:18.669] [warning] Couldn't find file 'middle_medial_rvs.vtp'.
[2026-02-16 16:20:18.669] [warning] Couldn't find file 'middle_distal_rvs.vtp'.
[2026-02-16 16:20:18.669] [warning] Couldn't find file 'metacarpal4_rvs.vtp'.
[2026-02-16 16:20:18.669] [warning] Couldn't find file 'ring_proximal_rvs.vtp'.
[2026-02-16 16:20:18.669] [warning] Couldn't find file 'ring_medial_rvs.vtp'.
[2026-02-16 16:20:18.669] [warning] Couldn't find file 'ring_distal_rvs.vtp'.
[2026-02-16 16:20:18.669] [warning] Couldn't find file 'metacarpal5_rvs.vtp'.
[2026-02-16 16:20:18.669] [warning] Couldn't find file 'little_proximal_rvs.vtp'.
[2026-02-16 16:20:18.669] [warning] Couldn't find file 'little_medial_rvs.vtp'.
[2026-02-16 16:20:18.669] [warning] Couldn't find file 'little_distal_rvs.vtp'.
[2026-02-16 16:20:18.669] [warning] Couldn't find file 'metacarpal1_rvs.vtp'.
[2026-02-16 16:20:18.669] [warning] Couldn't find file 'thumb_proximal_rvs.vtp'.
[2026-02-16 16:20:18.669] [warning] Couldn't find file 'thumb_distal_rvs.vtp'.
[2026-02-16 16:20:18.669] [warning] Couldn't find file 'humerus_lv.vtp'.
[2026-02-16 16:20:18.669] [warning] Couldn't find file 'ulna_lv.vtp'.
[2026-02-16 16:20:18.669] [warning] Couldn't find file 'radius_lv.vtp'.
[2026-02-16 16:20:18.669] [warning] Couldn't find file 'pisiform_lvs.vtp'.
[2026-02-16 16:20:18.669] [warning] Couldn't find file 'lunate_lvs.vtp'.
[2026-02-16 16:20:18.669] [warning] Couldn't find file 'scaphoid_lvs.vtp'.
[2026-02-16 16:20:18.669] [warning] Couldn't find file 'triquetrum_lvs.vtp'.
[2026-02-16 16:20:18.669] [warning] Couldn't find file 'hamate_lvs.vtp'.
[2026-02-16 16:20:18.669] [warning] Couldn't find file 'capitate_lvs.vtp'.
[2026-02-16 16:20:18.669] [warning] Couldn't find file 'trapezoid_lvs.vtp'.
[2026-02-16 16:20:18.669] [warning] Couldn't find file 'trapezium_lvs.vtp'.
[2026-02-16 16:20:18.670] [warning] Couldn't find file 'metacarpal2_lvs.vtp'.
[2026-02-16 16:20:18.670] [warning] Couldn't find file 'index_proximal_lvs.vtp'.
[2026-02-16 16:20:18.670] [warning] Couldn't find file 'index_medial_lvs.vtp'.
[2026-02-16 16:20:18.670] [warning] Couldn't find file 'index_distal_lvs.vtp'.
[2026-02-16 16:20:18.670] [warning] Couldn't find file 'metacarpal3_lvs.vtp'.
[2026-02-16 16:20:18.670] [warning] Couldn't find file 'middle_proximal_lvs.vtp'.
[2026-02-16 16:20:18.670] [warning] Couldn't find file 'middle_medial_lvs.vtp'.
[2026-02-16 16:20:18.670] [warning] Couldn't find file 'middle_distal_lvs.vtp'.
[2026-02-16 16:20:18.670] [warning] Couldn't find file 'metacarpal4_lvs.vtp'.
[2026-02-16 16:20:18.670] [warning] Couldn't find file 'ring_proximal_lvs.vtp'.
[2026-02-16 16:20:18.670] [warning] Couldn't find file 'ring_medial_lvs.vtp'.
[2026-02-16 16:20:18.670] [warning] Couldn't find file 'ring_distal_lvs.vtp'.
[2026-02-16 16:20:18.670] [warning] Couldn't find file 'metacarpal5_lvs.vtp'.
[2026-02-16 16:20:18.670] [warning] Couldn't find file 'little_proximal_lvs.vtp'.
[2026-02-16 16:20:18.670] [warning] Couldn't find file 'little_medial_lvs.vtp'.
[2026-02-16 16:20:18.670] [warning] Couldn't find file 'little_distal_lvs.vtp'.
[2026-02-16 16:20:18.670] [warning] Couldn't find file 'metacarpal1_lvs.vtp'.
[2026-02-16 16:20:18.670] [warning] Couldn't find file 'thumb_proximal_lvs.vtp'.
[2026-02-16 16:20:18.670] [warning] Couldn't find file 'thumb_distal_lvs.vtp'.
[2026-02-16 16:20:18.674] [info] No external loads will be applied (external loads file not specified).
[2026-02-16 16:20:18.685] [info] Loading coordinates from file 'C:\Users\Israel Luis\Documents\GitHub\GoalOptimized\Database\sub1\IK\IK_sub1_v2_t3.mot'.
[2026-02-16 16:20:18.685] [info] Storage: read data file = C:\Users\Israel Luis\Documents\GitHub\GoalOptimized\Database\sub1\IK\IK_sub1_v2_t3.mot (nr=115 nc=40)
[2026-02-16 16:20:19.214] [info] Found 115 state vectors with time stamps ranging from 1.11 to 2.25.
[2026-02-16 16:20:19.214] [info] Executing the analyses from 1.11 to 2.25...
[2026-02-16 16:20:23.304] [info] Printing results of investigation IK_sub1_v2_t3 to C:\Users\Israel Luis\Documents\GitHub\GoalOptimized\ProjectResults\DSE\sub1\multiCycle\Je\MuscleAnalysis
[2026-02-16 16:22:05.835] [info] Updating Model file from 40000 to latest format...
[2026-02-16 16:22:05.853] [info] Loaded model 1_scaled_rajagopal2022 from file C:\Users\Israel Luis\Documents\GitHub\GoalOptimized\Database\sub1\model\model_rajagopal2022_sub1.osim
[2026-02-16 16:22:05.853] [warning] Couldn't find file 'r_pelvis.vtp'.
[2026-02-16 16:22:05.853] [warning] Couldn't find file 'l_pelvis.vtp'.
[2026-02-16 16:22:05.853] [warning] Couldn't find file 'sacrum.vtp'.
[2026-02-16 16:22:05.853] [warning] Couldn't find file 'r_femur.vtp'.
[2026-02-16 16:22:05.853] [warning] Couldn't find file 'r_tibia.vtp'.
[2026-02-16 16:22:05.853] [warning] Couldn't find file 'r_fibula.vtp'.
[2026-02-16 16:22:05.853] [warning] Couldn't find file 'r_patella.vtp'.
[2026-02-16 16:22:05.853] [warning] Couldn't find file 'r_talus.vtp'.
[2026-02-16 16:22:05.853] [warning] Couldn't find file 'r_foot.vtp'.
[2026-02-16 16:22:05.853] [warning] Couldn't find file 'r_bofoot.vtp'.
[2026-02-16 16:22:05.854] [warning] Couldn't find file 'l_femur.vtp'.
[2026-02-16 16:22:05.854] [warning] Couldn't find file 'l_tibia.vtp'.
[2026-02-16 16:22:05.854] [warning] Couldn't find file 'l_fibula.vtp'.
[2026-02-16 16:22:05.854] [warning] Couldn't find file 'l_patella.vtp'.
[2026-02-16 16:22:05.854] [warning] Couldn't find file 'l_talus.vtp'.
[2026-02-16 16:22:05.854] [warning] Couldn't find file 'l_foot.vtp'.
[2026-02-16 16:22:05.854] [warning] Couldn't find file 'l_bofoot.vtp'.
[2026-02-16 16:22:05.854] [warning] Couldn't find file 'hat_spine.vtp'.
[2026-02-16 16:22:05.854] [warning] Couldn't find file 'hat_jaw.vtp'.
[2026-02-16 16:22:05.854] [warning] Couldn't find file 'hat_skull.vtp'.
[2026-02-16 16:22:05.854] [warning] Couldn't find file 'hat_ribs_scap.vtp'.
[2026-02-16 16:22:05.854] [warning] Couldn't find file 'humerus_rv.vtp'.
[2026-02-16 16:22:05.854] [warning] Couldn't find file 'ulna_rv.vtp'.
[2026-02-16 16:22:05.854] [warning] Couldn't find file 'radius_rv.vtp'.
[2026-02-16 16:22:05.854] [warning] Couldn't find file 'pisiform_rvs.vtp'.
[2026-02-16 16:22:05.854] [warning] Couldn't find file 'lunate_rvs.vtp'.
[2026-02-16 16:22:05.854] [warning] Couldn't find file 'scaphoid_rvs.vtp'.
[2026-02-16 16:22:05.854] [warning] Couldn't find file 'triquetrum_rvs.vtp'.
[2026-02-16 16:22:05.854] [warning] Couldn't find file 'hamate_rvs.vtp'.
[2026-02-16 16:22:05.854] [warning] Couldn't find file 'capitate_rvs.vtp'.
[2026-02-16 16:22:05.854] [warning] Couldn't find file 'trapezoid_rvs.vtp'.
[2026-02-16 16:22:05.854] [warning] Couldn't find file 'trapezium_rvs.vtp'.
[2026-02-16 16:22:05.854] [warning] Couldn't find file 'metacarpal2_rvs.vtp'.
[2026-02-16 16:22:05.854] [warning] Couldn't find file 'index_proximal_rvs.vtp'.
[2026-02-16 16:22:05.854] [warning] Couldn't find file 'index_medial_rvs.vtp'.
[2026-02-16 16:22:05.854] [warning] Couldn't find file 'index_distal_rvs.vtp'.
[2026-02-16 16:22:05.855] [warning] Couldn't find file 'metacarpal3_rvs.vtp'.
[2026-02-16 16:22:05.855] [warning] Couldn't find file 'middle_proximal_rvs.vtp'.
[2026-02-16 16:22:05.855] [warning] Couldn't find file 'middle_medial_rvs.vtp'.
[2026-02-16 16:22:05.855] [warning] Couldn't find file 'middle_distal_rvs.vtp'.
[2026-02-16 16:22:05.855] [warning] Couldn't find file 'metacarpal4_rvs.vtp'.
[2026-02-16 16:22:05.855] [warning] Couldn't find file 'ring_proximal_rvs.vtp'.
[2026-02-16 16:22:05.855] [warning] Couldn't find file 'ring_medial_rvs.vtp'.
[2026-02-16 16:22:05.855] [warning] Couldn't find file 'ring_distal_rvs.vtp'.
[2026-02-16 16:22:05.855] [warning] Couldn't find file 'metacarpal5_rvs.vtp'.
[2026-02-16 16:22:05.855] [warning] Couldn't find file 'little_proximal_rvs.vtp'.
[2026-02-16 16:22:05.855] [warning] Couldn't find file 'little_medial_rvs.vtp'.
[2026-02-16 16:22:05.855] [warning] Couldn't find file 'little_distal_rvs.vtp'.
[2026-02-16 16:22:05.855] [warning] Couldn't find file 'metacarpal1_rvs.vtp'.
[2026-02-16 16:22:05.855] [warning] Couldn't find file 'thumb_proximal_rvs.vtp'.
[2026-02-16 16:22:05.855] [warning] Couldn't find file 'thumb_distal_rvs.vtp'.
[2026-02-16 16:22:05.855] [warning] Couldn't find file 'humerus_lv.vtp'.
[2026-02-16 16:22:05.855] [warning] Couldn't find file 'ulna_lv.vtp'.
[2026-02-16 16:22:05.855] [warning] Couldn't find file 'radius_lv.vtp'.
[2026-02-16 16:22:05.855] [warning] Couldn't find file 'pisiform_lvs.vtp'.
[2026-02-16 16:22:05.855] [warning] Couldn't find file 'lunate_lvs.vtp'.
[2026-02-16 16:22:05.855] [warning] Couldn't find file 'scaphoid_lvs.vtp'.
[2026-02-16 16:22:05.855] [warning] Couldn't find file 'triquetrum_lvs.vtp'.
[2026-02-16 16:22:05.855] [warning] Couldn't find file 'hamate_lvs.vtp'.
[2026-02-16 16:22:05.855] [warning] Couldn't find file 'capitate_lvs.vtp'.
[2026-02-16 16:22:05.855] [warning] Couldn't find file 'trapezoid_lvs.vtp'.
[2026-02-16 16:22:05.855] [warning] Couldn't find file 'trapezium_lvs.vtp'.
[2026-02-16 16:22:05.855] [warning] Couldn't find file 'metacarpal2_lvs.vtp'.
[2026-02-16 16:22:05.855] [warning] Couldn't find file 'index_proximal_lvs.vtp'.
[2026-02-16 16:22:05.856] [warning] Couldn't find file 'index_medial_lvs.vtp'.
[2026-02-16 16:22:05.856] [warning] Couldn't find file 'index_distal_lvs.vtp'.
[2026-02-16 16:22:05.856] [warning] Couldn't find file 'metacarpal3_lvs.vtp'.
[2026-02-16 16:22:05.856] [warning] Couldn't find file 'middle_proximal_lvs.vtp'.
[2026-02-16 16:22:05.856] [warning] Couldn't find file 'middle_medial_lvs.vtp'.
[2026-02-16 16:22:05.856] [warning] Couldn't find file 'middle_distal_lvs.vtp'.
[2026-02-16 16:22:05.856] [warning] Couldn't find file 'metacarpal4_lvs.vtp'.
[2026-02-16 16:22:05.856] [warning] Couldn't find file 'ring_proximal_lvs.vtp'.
[2026-02-16 16:22:05.856] [warning] Couldn't find file 'ring_medial_lvs.vtp'.
[2026-02-16 16:22:05.856] [warning] Couldn't find file 'ring_distal_lvs.vtp'.
[2026-02-16 16:22:05.856] [warning] Couldn't find file 'metacarpal5_lvs.vtp'.
[2026-02-16 16:22:05.856] [warning] Couldn't find file 'little_proximal_lvs.vtp'.
[2026-02-16 16:22:05.856] [warning] Couldn't find file 'little_medial_lvs.vtp'.
[2026-02-16 16:22:05.856] [warning] Couldn't find file 'little_distal_lvs.vtp'.
[2026-02-16 16:22:05.856] [warning] Couldn't find file 'metacarpal1_lvs.vtp'.
[2026-02-16 16:22:05.856] [warning] Couldn't find file 'thumb_proximal_lvs.vtp'.
[2026-02-16 16:22:05.856] [warning] Couldn't find file 'thumb_distal_lvs.vtp'.
[2026-02-16 16:22:05.860] [info] AbstractTool IK_sub1_v2_t1 loading model C:\Users\Israel Luis\Documents\GitHub\GoalOptimized\Database\sub1\model\model_rajagopal2022_sub1.osim
[2026-02-16 16:22:05.874] [info] Updating Model file from 40000 to latest format...
[2026-02-16 16:22:05.891] [info] Loaded model 1_scaled_rajagopal2022 from file C:\Users\Israel Luis\Documents\GitHub\GoalOptimized\Database\sub1\model\model_rajagopal2022_sub1.osim
[2026-02-16 16:22:05.891] [warning] Couldn't find file 'r_pelvis.vtp'.
[2026-02-16 16:22:05.891] [warning] Couldn't find file 'l_pelvis.vtp'.
[2026-02-16 16:22:05.891] [warning] Couldn't find file 'sacrum.vtp'.
[2026-02-16 16:22:05.891] [warning] Couldn't find file 'r_femur.vtp'.
[2026-02-16 16:22:05.891] [warning] Couldn't find file 'r_tibia.vtp'.
[2026-02-16 16:22:05.891] [warning] Couldn't find file 'r_fibula.vtp'.
[2026-02-16 16:22:05.891] [warning] Couldn't find file 'r_patella.vtp'.
[2026-02-16 16:22:05.891] [warning] Couldn't find file 'r_talus.vtp'.
[2026-02-16 16:22:05.891] [warning] Couldn't find file 'r_foot.vtp'.
[2026-02-16 16:22:05.891] [warning] Couldn't find file 'r_bofoot.vtp'.
[2026-02-16 16:22:05.891] [warning] Couldn't find file 'l_femur.vtp'.
[2026-02-16 16:22:05.891] [warning] Couldn't find file 'l_tibia.vtp'.
[2026-02-16 16:22:05.891] [warning] Couldn't find file 'l_fibula.vtp'.
[2026-02-16 16:22:05.891] [warning] Couldn't find file 'l_patella.vtp'.
[2026-02-16 16:22:05.891] [warning] Couldn't find file 'l_talus.vtp'.
[2026-02-16 16:22:05.891] [warning] Couldn't find file 'l_foot.vtp'.
[2026-02-16 16:22:05.891] [warning] Couldn't find file 'l_bofoot.vtp'.
[2026-02-16 16:22:05.891] [warning] Couldn't find file 'hat_spine.vtp'.
[2026-02-16 16:22:05.891] [warning] Couldn't find file 'hat_jaw.vtp'.
[2026-02-16 16:22:05.891] [warning] Couldn't find file 'hat_skull.vtp'.
[2026-02-16 16:22:05.892] [warning] Couldn't find file 'hat_ribs_scap.vtp'.
[2026-02-16 16:22:05.892] [warning] Couldn't find file 'humerus_rv.vtp'.
[2026-02-16 16:22:05.892] [warning] Couldn't find file 'ulna_rv.vtp'.
[2026-02-16 16:22:05.892] [warning] Couldn't find file 'radius_rv.vtp'.
[2026-02-16 16:22:05.892] [warning] Couldn't find file 'pisiform_rvs.vtp'.
[2026-02-16 16:22:05.892] [warning] Couldn't find file 'lunate_rvs.vtp'.
[2026-02-16 16:22:05.892] [warning] Couldn't find file 'scaphoid_rvs.vtp'.
[2026-02-16 16:22:05.892] [warning] Couldn't find file 'triquetrum_rvs.vtp'.
[2026-02-16 16:22:05.892] [warning] Couldn't find file 'hamate_rvs.vtp'.
[2026-02-16 16:22:05.892] [warning] Couldn't find file 'capitate_rvs.vtp'.
[2026-02-16 16:22:05.892] [warning] Couldn't find file 'trapezoid_rvs.vtp'.
[2026-02-16 16:22:05.892] [warning] Couldn't find file 'trapezium_rvs.vtp'.
[2026-02-16 16:22:05.892] [warning] Couldn't find file 'metacarpal2_rvs.vtp'.
[2026-02-16 16:22:05.892] [warning] Couldn't find file 'index_proximal_rvs.vtp'.
[2026-02-16 16:22:05.892] [warning] Couldn't find file 'index_medial_rvs.vtp'.
[2026-02-16 16:22:05.892] [warning] Couldn't find file 'index_distal_rvs.vtp'.
[2026-02-16 16:22:05.892] [warning] Couldn't find file 'metacarpal3_rvs.vtp'.
[2026-02-16 16:22:05.892] [warning] Couldn't find file 'middle_proximal_rvs.vtp'.
[2026-02-16 16:22:05.892] [warning] Couldn't find file 'middle_medial_rvs.vtp'.
[2026-02-16 16:22:05.892] [warning] Couldn't find file 'middle_distal_rvs.vtp'.
[2026-02-16 16:22:05.892] [warning] Couldn't find file 'metacarpal4_rvs.vtp'.
[2026-02-16 16:22:05.892] [warning] Couldn't find file 'ring_proximal_rvs.vtp'.
[2026-02-16 16:22:05.892] [warning] Couldn't find file 'ring_medial_rvs.vtp'.
[2026-02-16 16:22:05.892] [warning] Couldn't find file 'ring_distal_rvs.vtp'.
[2026-02-16 16:22:05.892] [warning] Couldn't find file 'metacarpal5_rvs.vtp'.
[2026-02-16 16:22:05.892] [warning] Couldn't find file 'little_proximal_rvs.vtp'.
[2026-02-16 16:22:05.892] [warning] Couldn't find file 'little_medial_rvs.vtp'.
[2026-02-16 16:22:05.892] [warning] Couldn't find file 'little_distal_rvs.vtp'.
[2026-02-16 16:22:05.893] [warning] Couldn't find file 'metacarpal1_rvs.vtp'.
[2026-02-16 16:22:05.893] [warning] Couldn't find file 'thumb_proximal_rvs.vtp'.
[2026-02-16 16:22:05.893] [warning] Couldn't find file 'thumb_distal_rvs.vtp'.
[2026-02-16 16:22:05.893] [warning] Couldn't find file 'humerus_lv.vtp'.
[2026-02-16 16:22:05.893] [warning] Couldn't find file 'ulna_lv.vtp'.
[2026-02-16 16:22:05.893] [warning] Couldn't find file 'radius_lv.vtp'.
[2026-02-16 16:22:05.893] [warning] Couldn't find file 'pisiform_lvs.vtp'.
[2026-02-16 16:22:05.893] [warning] Couldn't find file 'lunate_lvs.vtp'.
[2026-02-16 16:22:05.893] [warning] Couldn't find file 'scaphoid_lvs.vtp'.
[2026-02-16 16:22:05.893] [warning] Couldn't find file 'triquetrum_lvs.vtp'.
[2026-02-16 16:22:05.893] [warning] Couldn't find file 'hamate_lvs.vtp'.
[2026-02-16 16:22:05.893] [warning] Couldn't find file 'capitate_lvs.vtp'.
[2026-02-16 16:22:05.893] [warning] Couldn't find file 'trapezoid_lvs.vtp'.
[2026-02-16 16:22:05.893] [warning] Couldn't find file 'trapezium_lvs.vtp'.
[2026-02-16 16:22:05.893] [warning] Couldn't find file 'metacarpal2_lvs.vtp'.
[2026-02-16 16:22:05.893] [warning] Couldn't find file 'index_proximal_lvs.vtp'.
[2026-02-16 16:22:05.893] [warning] Couldn't find file 'index_medial_lvs.vtp'.
[2026-02-16 16:22:05.893] [warning] Couldn't find file 'index_distal_lvs.vtp'.
[2026-02-16 16:22:05.893] [warning] Couldn't find file 'metacarpal3_lvs.vtp'.
[2026-02-16 16:22:05.893] [warning] Couldn't find file 'middle_proximal_lvs.vtp'.
[2026-02-16 16:22:05.893] [warning] Couldn't find file 'middle_medial_lvs.vtp'.
[2026-02-16 16:22:05.893] [warning] Couldn't find file 'middle_distal_lvs.vtp'.
[2026-02-16 16:22:05.893] [warning] Couldn't find file 'metacarpal4_lvs.vtp'.
[2026-02-16 16:22:05.893] [warning] Couldn't find file 'ring_proximal_lvs.vtp'.
[2026-02-16 16:22:05.893] [warning] Couldn't find file 'ring_medial_lvs.vtp'.
[2026-02-16 16:22:05.893] [warning] Couldn't find file 'ring_distal_lvs.vtp'.
[2026-02-16 16:22:05.893] [warning] Couldn't find file 'metacarpal5_lvs.vtp'.
[2026-02-16 16:22:05.893] [warning] Couldn't find file 'little_proximal_lvs.vtp'.
[2026-02-16 16:22:05.893] [warning] Couldn't find file 'little_medial_lvs.vtp'.
[2026-02-16 16:22:05.894] [warning] Couldn't find file 'little_distal_lvs.vtp'.
[2026-02-16 16:22:05.894] [warning] Couldn't find file 'metacarpal1_lvs.vtp'.
[2026-02-16 16:22:05.894] [warning] Couldn't find file 'thumb_proximal_lvs.vtp'.
[2026-02-16 16:22:05.894] [warning] Couldn't find file 'thumb_distal_lvs.vtp'.
[2026-02-16 16:22:05.898] [info] No external loads will be applied (external loads file not specified).
[2026-02-16 16:22:05.910] [info] Loading coordinates from file 'C:\Users\Israel Luis\Documents\GitHub\GoalOptimized\Database\sub1\IK\IK_sub1_v2_t1.mot'.
[2026-02-16 16:22:05.910] [info] Storage: read data file = C:\Users\Israel Luis\Documents\GitHub\GoalOptimized\Database\sub1\IK\IK_sub1_v2_t1.mot (nr=119 nc=40)
[2026-02-16 16:22:06.500] [info] Found 119 state vectors with time stamps ranging from 0.57 to 1.75.
[2026-02-16 16:22:06.500] [info] Executing the analyses from 0.57 to 1.75...
[2026-02-16 16:22:10.781] [info] Printing results of investigation IK_sub1_v2_t1 to C:\Users\Israel Luis\Documents\GitHub\GoalOptimized\ProjectResults\DSE\sub1\multiCycle\Je\MuscleAnalysis
[2026-02-16 16:22:14.488] [info] Updating Model file from 40000 to latest format...
[2026-02-16 16:22:14.505] [info] Loaded model 1_scaled_rajagopal2022 from file C:\Users\Israel Luis\Documents\GitHub\GoalOptimized\Database\sub1\model\model_rajagopal2022_sub1.osim
[2026-02-16 16:22:14.505] [warning] Couldn't find file 'r_pelvis.vtp'.
[2026-02-16 16:22:14.505] [warning] Couldn't find file 'l_pelvis.vtp'.
[2026-02-16 16:22:14.505] [warning] Couldn't find file 'sacrum.vtp'.
[2026-02-16 16:22:14.505] [warning] Couldn't find file 'r_femur.vtp'.
[2026-02-16 16:22:14.505] [warning] Couldn't find file 'r_tibia.vtp'.
[2026-02-16 16:22:14.505] [warning] Couldn't find file 'r_fibula.vtp'.
[2026-02-16 16:22:14.505] [warning] Couldn't find file 'r_patella.vtp'.
[2026-02-16 16:22:14.505] [warning] Couldn't find file 'r_talus.vtp'.
[2026-02-16 16:22:14.505] [warning] Couldn't find file 'r_foot.vtp'.
[2026-02-16 16:22:14.505] [warning] Couldn't find file 'r_bofoot.vtp'.
[2026-02-16 16:22:14.505] [warning] Couldn't find file 'l_femur.vtp'.
[2026-02-16 16:22:14.505] [warning] Couldn't find file 'l_tibia.vtp'.
[2026-02-16 16:22:14.505] [warning] Couldn't find file 'l_fibula.vtp'.
[2026-02-16 16:22:14.505] [warning] Couldn't find file 'l_patella.vtp'.
[2026-02-16 16:22:14.505] [warning] Couldn't find file 'l_talus.vtp'.
[2026-02-16 16:22:14.506] [warning] Couldn't find file 'l_foot.vtp'.
[2026-02-16 16:22:14.506] [warning] Couldn't find file 'l_bofoot.vtp'.
[2026-02-16 16:22:14.506] [warning] Couldn't find file 'hat_spine.vtp'.
[2026-02-16 16:22:14.506] [warning] Couldn't find file 'hat_jaw.vtp'.
[2026-02-16 16:22:14.506] [warning] Couldn't find file 'hat_skull.vtp'.
[2026-02-16 16:22:14.506] [warning] Couldn't find file 'hat_ribs_scap.vtp'.
[2026-02-16 16:22:14.506] [warning] Couldn't find file 'humerus_rv.vtp'.
[2026-02-16 16:22:14.506] [warning] Couldn't find file 'ulna_rv.vtp'.
[2026-02-16 16:22:14.506] [warning] Couldn't find file 'radius_rv.vtp'.
[2026-02-16 16:22:14.506] [warning] Couldn't find file 'pisiform_rvs.vtp'.
[2026-02-16 16:22:14.506] [warning] Couldn't find file 'lunate_rvs.vtp'.
[2026-02-16 16:22:14.506] [warning] Couldn't find file 'scaphoid_rvs.vtp'.
[2026-02-16 16:22:14.506] [warning] Couldn't find file 'triquetrum_rvs.vtp'.
[2026-02-16 16:22:14.506] [warning] Couldn't find file 'hamate_rvs.vtp'.
[2026-02-16 16:22:14.506] [warning] Couldn't find file 'capitate_rvs.vtp'.
[2026-02-16 16:22:14.506] [warning] Couldn't find file 'trapezoid_rvs.vtp'.
[2026-02-16 16:22:14.506] [warning] Couldn't find file 'trapezium_rvs.vtp'.
[2026-02-16 16:22:14.506] [warning] Couldn't find file 'metacarpal2_rvs.vtp'.
[2026-02-16 16:22:14.506] [warning] Couldn't find file 'index_proximal_rvs.vtp'.
[2026-02-16 16:22:14.506] [warning] Couldn't find file 'index_medial_rvs.vtp'.
[2026-02-16 16:22:14.506] [warning] Couldn't find file 'index_distal_rvs.vtp'.
[2026-02-16 16:22:14.506] [warning] Couldn't find file 'metacarpal3_rvs.vtp'.
[2026-02-16 16:22:14.506] [warning] Couldn't find file 'middle_proximal_rvs.vtp'.
[2026-02-16 16:22:14.506] [warning] Couldn't find file 'middle_medial_rvs.vtp'.
[2026-02-16 16:22:14.506] [warning] Couldn't find file 'middle_distal_rvs.vtp'.
[2026-02-16 16:22:14.506] [warning] Couldn't find file 'metacarpal4_rvs.vtp'.
[2026-02-16 16:22:14.507] [warning] Couldn't find file 'ring_proximal_rvs.vtp'.
[2026-02-16 16:22:14.507] [warning] Couldn't find file 'ring_medial_rvs.vtp'.
[2026-02-16 16:22:14.507] [warning] Couldn't find file 'ring_distal_rvs.vtp'.
[2026-02-16 16:22:14.507] [warning] Couldn't find file 'metacarpal5_rvs.vtp'.
[2026-02-16 16:22:14.507] [warning] Couldn't find file 'little_proximal_rvs.vtp'.
[2026-02-16 16:22:14.507] [warning] Couldn't find file 'little_medial_rvs.vtp'.
[2026-02-16 16:22:14.507] [warning] Couldn't find file 'little_distal_rvs.vtp'.
[2026-02-16 16:22:14.507] [warning] Couldn't find file 'metacarpal1_rvs.vtp'.
[2026-02-16 16:22:14.507] [warning] Couldn't find file 'thumb_proximal_rvs.vtp'.
[2026-02-16 16:22:14.507] [warning] Couldn't find file 'thumb_distal_rvs.vtp'.
[2026-02-16 16:22:14.507] [warning] Couldn't find file 'humerus_lv.vtp'.
[2026-02-16 16:22:14.507] [warning] Couldn't find file 'ulna_lv.vtp'.
[2026-02-16 16:22:14.507] [warning] Couldn't find file 'radius_lv.vtp'.
[2026-02-16 16:22:14.507] [warning] Couldn't find file 'pisiform_lvs.vtp'.
[2026-02-16 16:22:14.507] [warning] Couldn't find file 'lunate_lvs.vtp'.
[2026-02-16 16:22:14.507] [warning] Couldn't find file 'scaphoid_lvs.vtp'.
[2026-02-16 16:22:14.507] [warning] Couldn't find file 'triquetrum_lvs.vtp'.
[2026-02-16 16:22:14.507] [warning] Couldn't find file 'hamate_lvs.vtp'.
[2026-02-16 16:22:14.507] [warning] Couldn't find file 'capitate_lvs.vtp'.
[2026-02-16 16:22:14.507] [warning] Couldn't find file 'trapezoid_lvs.vtp'.
[2026-02-16 16:22:14.507] [warning] Couldn't find file 'trapezium_lvs.vtp'.
[2026-02-16 16:22:14.507] [warning] Couldn't find file 'metacarpal2_lvs.vtp'.
[2026-02-16 16:22:14.507] [warning] Couldn't find file 'index_proximal_lvs.vtp'.
[2026-02-16 16:22:14.507] [warning] Couldn't find file 'index_medial_lvs.vtp'.
[2026-02-16 16:22:14.507] [warning] Couldn't find file 'index_distal_lvs.vtp'.
[2026-02-16 16:22:14.507] [warning] Couldn't find file 'metacarpal3_lvs.vtp'.
[2026-02-16 16:22:14.507] [warning] Couldn't find file 'middle_proximal_lvs.vtp'.
[2026-02-16 16:22:14.507] [warning] Couldn't find file 'middle_medial_lvs.vtp'.
[2026-02-16 16:22:14.508] [warning] Couldn't find file 'middle_distal_lvs.vtp'.
[2026-02-16 16:22:14.508] [warning] Couldn't find file 'metacarpal4_lvs.vtp'.
[2026-02-16 16:22:14.508] [warning] Couldn't find file 'ring_proximal_lvs.vtp'.
[2026-02-16 16:22:14.508] [warning] Couldn't find file 'ring_medial_lvs.vtp'.
[2026-02-16 16:22:14.508] [warning] Couldn't find file 'ring_distal_lvs.vtp'.
[2026-02-16 16:22:14.508] [warning] Couldn't find file 'metacarpal5_lvs.vtp'.
[2026-02-16 16:22:14.508] [warning] Couldn't find file 'little_proximal_lvs.vtp'.
[2026-02-16 16:22:14.508] [warning] Couldn't find file 'little_medial_lvs.vtp'.
[2026-02-16 16:22:14.508] [warning] Couldn't find file 'little_distal_lvs.vtp'.
[2026-02-16 16:22:14.508] [warning] Couldn't find file 'metacarpal1_lvs.vtp'.
[2026-02-16 16:22:14.508] [warning] Couldn't find file 'thumb_proximal_lvs.vtp'.
[2026-02-16 16:22:14.508] [warning] Couldn't find file 'thumb_distal_lvs.vtp'.
[2026-02-16 16:22:14.512] [info] AbstractTool IK_sub1_v2_t2 loading model C:\Users\Israel Luis\Documents\GitHub\GoalOptimized\Database\sub1\model\model_rajagopal2022_sub1.osim
[2026-02-16 16:22:14.526] [info] Updating Model file from 40000 to latest format...
[2026-02-16 16:22:14.544] [info] Loaded model 1_scaled_rajagopal2022 from file C:\Users\Israel Luis\Documents\GitHub\GoalOptimized\Database\sub1\model\model_rajagopal2022_sub1.osim
[2026-02-16 16:22:14.544] [warning] Couldn't find file 'r_pelvis.vtp'.
[2026-02-16 16:22:14.544] [warning] Couldn't find file 'l_pelvis.vtp'.
[2026-02-16 16:22:14.544] [warning] Couldn't find file 'sacrum.vtp'.
[2026-02-16 16:22:14.544] [warning] Couldn't find file 'r_femur.vtp'.
[2026-02-16 16:22:14.544] [warning] Couldn't find file 'r_tibia.vtp'.
[2026-02-16 16:22:14.544] [warning] Couldn't find file 'r_fibula.vtp'.
[2026-02-16 16:22:14.544] [warning] Couldn't find file 'r_patella.vtp'.
[2026-02-16 16:22:14.544] [warning] Couldn't find file 'r_talus.vtp'.
[2026-02-16 16:22:14.544] [warning] Couldn't find file 'r_foot.vtp'.
[2026-02-16 16:22:14.544] [warning] Couldn't find file 'r_bofoot.vtp'.
[2026-02-16 16:22:14.544] [warning] Couldn't find file 'l_femur.vtp'.
[2026-02-16 16:22:14.544] [warning] Couldn't find file 'l_tibia.vtp'.
[2026-02-16 16:22:14.544] [warning] Couldn't find file 'l_fibula.vtp'.
[2026-02-16 16:22:14.544] [warning] Couldn't find file 'l_patella.vtp'.
[2026-02-16 16:22:14.544] [warning] Couldn't find file 'l_talus.vtp'.
[2026-02-16 16:22:14.544] [warning] Couldn't find file 'l_foot.vtp'.
[2026-02-16 16:22:14.544] [warning] Couldn't find file 'l_bofoot.vtp'.
[2026-02-16 16:22:14.544] [warning] Couldn't find file 'hat_spine.vtp'.
[2026-02-16 16:22:14.545] [warning] Couldn't find file 'hat_jaw.vtp'.
[2026-02-16 16:22:14.545] [warning] Couldn't find file 'hat_skull.vtp'.
[2026-02-16 16:22:14.545] [warning] Couldn't find file 'hat_ribs_scap.vtp'.
[2026-02-16 16:22:14.545] [warning] Couldn't find file 'humerus_rv.vtp'.
[2026-02-16 16:22:14.545] [warning] Couldn't find file 'ulna_rv.vtp'.
[2026-02-16 16:22:14.545] [warning] Couldn't find file 'radius_rv.vtp'.
[2026-02-16 16:22:14.545] [warning] Couldn't find file 'pisiform_rvs.vtp'.
[2026-02-16 16:22:14.545] [warning] Couldn't find file 'lunate_rvs.vtp'.
[2026-02-16 16:22:14.545] [warning] Couldn't find file 'scaphoid_rvs.vtp'.
[2026-02-16 16:22:14.545] [warning] Couldn't find file 'triquetrum_rvs.vtp'.
[2026-02-16 16:22:14.545] [warning] Couldn't find file 'hamate_rvs.vtp'.
[2026-02-16 16:22:14.545] [warning] Couldn't find file 'capitate_rvs.vtp'.
[2026-02-16 16:22:14.545] [warning] Couldn't find file 'trapezoid_rvs.vtp'.
[2026-02-16 16:22:14.545] [warning] Couldn't find file 'trapezium_rvs.vtp'.
[2026-02-16 16:22:14.545] [warning] Couldn't find file 'metacarpal2_rvs.vtp'.
[2026-02-16 16:22:14.545] [warning] Couldn't find file 'index_proximal_rvs.vtp'.
[2026-02-16 16:22:14.545] [warning] Couldn't find file 'index_medial_rvs.vtp'.
[2026-02-16 16:22:14.545] [warning] Couldn't find file 'index_distal_rvs.vtp'.
[2026-02-16 16:22:14.545] [warning] Couldn't find file 'metacarpal3_rvs.vtp'.
[2026-02-16 16:22:14.545] [warning] Couldn't find file 'middle_proximal_rvs.vtp'.
[2026-02-16 16:22:14.545] [warning] Couldn't find file 'middle_medial_rvs.vtp'.
[2026-02-16 16:22:14.545] [warning] Couldn't find file 'middle_distal_rvs.vtp'.
[2026-02-16 16:22:14.545] [warning] Couldn't find file 'metacarpal4_rvs.vtp'.
[2026-02-16 16:22:14.545] [warning] Couldn't find file 'ring_proximal_rvs.vtp'.
[2026-02-16 16:22:14.545] [warning] Couldn't find file 'ring_medial_rvs.vtp'.
[2026-02-16 16:22:14.545] [warning] Couldn't find file 'ring_distal_rvs.vtp'.
[2026-02-16 16:22:14.545] [warning] Couldn't find file 'metacarpal5_rvs.vtp'.
[2026-02-16 16:22:14.545] [warning] Couldn't find file 'little_proximal_rvs.vtp'.
[2026-02-16 16:22:14.545] [warning] Couldn't find file 'little_medial_rvs.vtp'.
[2026-02-16 16:22:14.546] [warning] Couldn't find file 'little_distal_rvs.vtp'.
[2026-02-16 16:22:14.546] [warning] Couldn't find file 'metacarpal1_rvs.vtp'.
[2026-02-16 16:22:14.546] [warning] Couldn't find file 'thumb_proximal_rvs.vtp'.
[2026-02-16 16:22:14.546] [warning] Couldn't find file 'thumb_distal_rvs.vtp'.
[2026-02-16 16:22:14.546] [warning] Couldn't find file 'humerus_lv.vtp'.
[2026-02-16 16:22:14.546] [warning] Couldn't find file 'ulna_lv.vtp'.
[2026-02-16 16:22:14.546] [warning] Couldn't find file 'radius_lv.vtp'.
[2026-02-16 16:22:14.546] [warning] Couldn't find file 'pisiform_lvs.vtp'.
[2026-02-16 16:22:14.546] [warning] Couldn't find file 'lunate_lvs.vtp'.
[2026-02-16 16:22:14.546] [warning] Couldn't find file 'scaphoid_lvs.vtp'.
[2026-02-16 16:22:14.546] [warning] Couldn't find file 'triquetrum_lvs.vtp'.
[2026-02-16 16:22:14.546] [warning] Couldn't find file 'hamate_lvs.vtp'.
[2026-02-16 16:22:14.546] [warning] Couldn't find file 'capitate_lvs.vtp'.
[2026-02-16 16:22:14.546] [warning] Couldn't find file 'trapezoid_lvs.vtp'.
[2026-02-16 16:22:14.546] [warning] Couldn't find file 'trapezium_lvs.vtp'.
[2026-02-16 16:22:14.546] [warning] Couldn't find file 'metacarpal2_lvs.vtp'.
[2026-02-16 16:22:14.546] [warning] Couldn't find file 'index_proximal_lvs.vtp'.
[2026-02-16 16:22:14.546] [warning] Couldn't find file 'index_medial_lvs.vtp'.
[2026-02-16 16:22:14.546] [warning] Couldn't find file 'index_distal_lvs.vtp'.
[2026-02-16 16:22:14.546] [warning] Couldn't find file 'metacarpal3_lvs.vtp'.
[2026-02-16 16:22:14.546] [warning] Couldn't find file 'middle_proximal_lvs.vtp'.
[2026-02-16 16:22:14.546] [warning] Couldn't find file 'middle_medial_lvs.vtp'.
[2026-02-16 16:22:14.546] [warning] Couldn't find file 'middle_distal_lvs.vtp'.
[2026-02-16 16:22:14.546] [warning] Couldn't find file 'metacarpal4_lvs.vtp'.
[2026-02-16 16:22:14.546] [warning] Couldn't find file 'ring_proximal_lvs.vtp'.
[2026-02-16 16:22:14.546] [warning] Couldn't find file 'ring_medial_lvs.vtp'.
[2026-02-16 16:22:14.546] [warning] Couldn't find file 'ring_distal_lvs.vtp'.
[2026-02-16 16:22:14.546] [warning] Couldn't find file 'metacarpal5_lvs.vtp'.
[2026-02-16 16:22:14.546] [warning] Couldn't find file 'little_proximal_lvs.vtp'.
[2026-02-16 16:22:14.547] [warning] Couldn't find file 'little_medial_lvs.vtp'.
[2026-02-16 16:22:14.547] [warning] Couldn't find file 'little_distal_lvs.vtp'.
[2026-02-16 16:22:14.547] [warning] Couldn't find file 'metacarpal1_lvs.vtp'.
[2026-02-16 16:22:14.547] [warning] Couldn't find file 'thumb_proximal_lvs.vtp'.
[2026-02-16 16:22:14.547] [warning] Couldn't find file 'thumb_distal_lvs.vtp'.
[2026-02-16 16:22:14.551] [info] No external loads will be applied (external loads file not specified).
[2026-02-16 16:22:14.562] [info] Loading coordinates from file 'C:\Users\Israel Luis\Documents\GitHub\GoalOptimized\Database\sub1\IK\IK_sub1_v2_t2.mot'.
[2026-02-16 16:22:14.562] [info] Storage: read data file = C:\Users\Israel Luis\Documents\GitHub\GoalOptimized\Database\sub1\IK\IK_sub1_v2_t2.mot (nr=118 nc=40)
[2026-02-16 16:22:15.120] [info] Found 118 state vectors with time stamps ranging from 0.04 to 1.21.
[2026-02-16 16:22:15.120] [info] Executing the analyses from 0.04 to 1.21...
[2026-02-16 16:22:19.360] [info] Printing results of investigation IK_sub1_v2_t2 to C:\Users\Israel Luis\Documents\GitHub\GoalOptimized\ProjectResults\DSE\sub1\multiCycle\Je\MuscleAnalysis
[2026-02-16 16:22:23.036] [info] Updating Model file from 40000 to latest format...
[2026-02-16 16:22:23.053] [info] Loaded model 1_scaled_rajagopal2022 from file C:\Users\Israel Luis\Documents\GitHub\GoalOptimized\Database\sub1\model\model_rajagopal2022_sub1.osim
[2026-02-16 16:22:23.053] [warning] Couldn't find file 'r_pelvis.vtp'.
[2026-02-16 16:22:23.053] [warning] Couldn't find file 'l_pelvis.vtp'.
[2026-02-16 16:22:23.053] [warning] Couldn't find file 'sacrum.vtp'.
[2026-02-16 16:22:23.053] [warning] Couldn't find file 'r_femur.vtp'.
[2026-02-16 16:22:23.053] [warning] Couldn't find file 'r_tibia.vtp'.
[2026-02-16 16:22:23.053] [warning] Couldn't find file 'r_fibula.vtp'.
[2026-02-16 16:22:23.053] [warning] Couldn't find file 'r_patella.vtp'.
[2026-02-16 16:22:23.053] [warning] Couldn't find file 'r_talus.vtp'.
[2026-02-16 16:22:23.053] [warning] Couldn't find file 'r_foot.vtp'.
[2026-02-16 16:22:23.053] [warning] Couldn't find file 'r_bofoot.vtp'.
[2026-02-16 16:22:23.053] [warning] Couldn't find file 'l_femur.vtp'.
[2026-02-16 16:22:23.053] [warning] Couldn't find file 'l_tibia.vtp'.
[2026-02-16 16:22:23.053] [warning] Couldn't find file 'l_fibula.vtp'.
[2026-02-16 16:22:23.053] [warning] Couldn't find file 'l_patella.vtp'.
[2026-02-16 16:22:23.053] [warning] Couldn't find file 'l_talus.vtp'.
[2026-02-16 16:22:23.053] [warning] Couldn't find file 'l_foot.vtp'.
[2026-02-16 16:22:23.054] [warning] Couldn't find file 'l_bofoot.vtp'.
[2026-02-16 16:22:23.054] [warning] Couldn't find file 'hat_spine.vtp'.
[2026-02-16 16:22:23.054] [warning] Couldn't find file 'hat_jaw.vtp'.
[2026-02-16 16:22:23.054] [warning] Couldn't find file 'hat_skull.vtp'.
[2026-02-16 16:22:23.054] [warning] Couldn't find file 'hat_ribs_scap.vtp'.
[2026-02-16 16:22:23.054] [warning] Couldn't find file 'humerus_rv.vtp'.
[2026-02-16 16:22:23.054] [warning] Couldn't find file 'ulna_rv.vtp'.
[2026-02-16 16:22:23.054] [warning] Couldn't find file 'radius_rv.vtp'.
[2026-02-16 16:22:23.054] [warning] Couldn't find file 'pisiform_rvs.vtp'.
[2026-02-16 16:22:23.054] [warning] Couldn't find file 'lunate_rvs.vtp'.
[2026-02-16 16:22:23.054] [warning] Couldn't find file 'scaphoid_rvs.vtp'.
[2026-02-16 16:22:23.054] [warning] Couldn't find file 'triquetrum_rvs.vtp'.
[2026-02-16 16:22:23.054] [warning] Couldn't find file 'hamate_rvs.vtp'.
[2026-02-16 16:22:23.054] [warning] Couldn't find file 'capitate_rvs.vtp'.
[2026-02-16 16:22:23.054] [warning] Couldn't find file 'trapezoid_rvs.vtp'.
[2026-02-16 16:22:23.054] [warning] Couldn't find file 'trapezium_rvs.vtp'.
[2026-02-16 16:22:23.054] [warning] Couldn't find file 'metacarpal2_rvs.vtp'.
[2026-02-16 16:22:23.054] [warning] Couldn't find file 'index_proximal_rvs.vtp'.
[2026-02-16 16:22:23.054] [warning] Couldn't find file 'index_medial_rvs.vtp'.
[2026-02-16 16:22:23.054] [warning] Couldn't find file 'index_distal_rvs.vtp'.
[2026-02-16 16:22:23.054] [warning] Couldn't find file 'metacarpal3_rvs.vtp'.
[2026-02-16 16:22:23.054] [warning] Couldn't find file 'middle_proximal_rvs.vtp'.
[2026-02-16 16:22:23.054] [warning] Couldn't find file 'middle_medial_rvs.vtp'.
[2026-02-16 16:22:23.054] [warning] Couldn't find file 'middle_distal_rvs.vtp'.
[2026-02-16 16:22:23.054] [warning] Couldn't find file 'metacarpal4_rvs.vtp'.
[2026-02-16 16:22:23.054] [warning] Couldn't find file 'ring_proximal_rvs.vtp'.
[2026-02-16 16:22:23.054] [warning] Couldn't find file 'ring_medial_rvs.vtp'.
[2026-02-16 16:22:23.054] [warning] Couldn't find file 'ring_distal_rvs.vtp'.
[2026-02-16 16:22:23.055] [warning] Couldn't find file 'metacarpal5_rvs.vtp'.
[2026-02-16 16:22:23.055] [warning] Couldn't find file 'little_proximal_rvs.vtp'.
[2026-02-16 16:22:23.055] [warning] Couldn't find file 'little_medial_rvs.vtp'.
[2026-02-16 16:22:23.055] [warning] Couldn't find file 'little_distal_rvs.vtp'.
[2026-02-16 16:22:23.055] [warning] Couldn't find file 'metacarpal1_rvs.vtp'.
[2026-02-16 16:22:23.055] [warning] Couldn't find file 'thumb_proximal_rvs.vtp'.
[2026-02-16 16:22:23.055] [warning] Couldn't find file 'thumb_distal_rvs.vtp'.
[2026-02-16 16:22:23.055] [warning] Couldn't find file 'humerus_lv.vtp'.
[2026-02-16 16:22:23.055] [warning] Couldn't find file 'ulna_lv.vtp'.
[2026-02-16 16:22:23.055] [warning] Couldn't find file 'radius_lv.vtp'.
[2026-02-16 16:22:23.055] [warning] Couldn't find file 'pisiform_lvs.vtp'.
[2026-02-16 16:22:23.055] [warning] Couldn't find file 'lunate_lvs.vtp'.
[2026-02-16 16:22:23.055] [warning] Couldn't find file 'scaphoid_lvs.vtp'.
[2026-02-16 16:22:23.055] [warning] Couldn't find file 'triquetrum_lvs.vtp'.
[2026-02-16 16:22:23.055] [warning] Couldn't find file 'hamate_lvs.vtp'.
[2026-02-16 16:22:23.055] [warning] Couldn't find file 'capitate_lvs.vtp'.
[2026-02-16 16:22:23.055] [warning] Couldn't find file 'trapezoid_lvs.vtp'.
[2026-02-16 16:22:23.055] [warning] Couldn't find file 'trapezium_lvs.vtp'.
[2026-02-16 16:22:23.055] [warning] Couldn't find file 'metacarpal2_lvs.vtp'.
[2026-02-16 16:22:23.055] [warning] Couldn't find file 'index_proximal_lvs.vtp'.
[2026-02-16 16:22:23.055] [warning] Couldn't find file 'index_medial_lvs.vtp'.
[2026-02-16 16:22:23.055] [warning] Couldn't find file 'index_distal_lvs.vtp'.
[2026-02-16 16:22:23.055] [warning] Couldn't find file 'metacarpal3_lvs.vtp'.
[2026-02-16 16:22:23.055] [warning] Couldn't find file 'middle_proximal_lvs.vtp'.
[2026-02-16 16:22:23.055] [warning] Couldn't find file 'middle_medial_lvs.vtp'.
[2026-02-16 16:22:23.055] [warning] Couldn't find file 'middle_distal_lvs.vtp'.
[2026-02-16 16:22:23.055] [warning] Couldn't find file 'metacarpal4_lvs.vtp'.
[2026-02-16 16:22:23.055] [warning] Couldn't find file 'ring_proximal_lvs.vtp'.
[2026-02-16 16:22:23.056] [warning] Couldn't find file 'ring_medial_lvs.vtp'.
[2026-02-16 16:22:23.056] [warning] Couldn't find file 'ring_distal_lvs.vtp'.
[2026-02-16 16:22:23.056] [warning] Couldn't find file 'metacarpal5_lvs.vtp'.
[2026-02-16 16:22:23.056] [warning] Couldn't find file 'little_proximal_lvs.vtp'.
[2026-02-16 16:22:23.056] [warning] Couldn't find file 'little_medial_lvs.vtp'.
[2026-02-16 16:22:23.056] [warning] Couldn't find file 'little_distal_lvs.vtp'.
[2026-02-16 16:22:23.056] [warning] Couldn't find file 'metacarpal1_lvs.vtp'.
[2026-02-16 16:22:23.056] [warning] Couldn't find file 'thumb_proximal_lvs.vtp'.
[2026-02-16 16:22:23.056] [warning] Couldn't find file 'thumb_distal_lvs.vtp'.
[2026-02-16 16:22:23.060] [info] AbstractTool IK_sub1_v2_t3 loading model C:\Users\Israel Luis\Documents\GitHub\GoalOptimized\Database\sub1\model\model_rajagopal2022_sub1.osim
[2026-02-16 16:22:23.074] [info] Updating Model file from 40000 to latest format...
[2026-02-16 16:22:23.091] [info] Loaded model 1_scaled_rajagopal2022 from file C:\Users\Israel Luis\Documents\GitHub\GoalOptimized\Database\sub1\model\model_rajagopal2022_sub1.osim
[2026-02-16 16:22:23.092] [warning] Couldn't find file 'r_pelvis.vtp'.
[2026-02-16 16:22:23.092] [warning] Couldn't find file 'l_pelvis.vtp'.
[2026-02-16 16:22:23.092] [warning] Couldn't find file 'sacrum.vtp'.
[2026-02-16 16:22:23.092] [warning] Couldn't find file 'r_femur.vtp'.
[2026-02-16 16:22:23.092] [warning] Couldn't find file 'r_tibia.vtp'.
[2026-02-16 16:22:23.092] [warning] Couldn't find file 'r_fibula.vtp'.
[2026-02-16 16:22:23.092] [warning] Couldn't find file 'r_patella.vtp'.
[2026-02-16 16:22:23.092] [warning] Couldn't find file 'r_talus.vtp'.
[2026-02-16 16:22:23.092] [warning] Couldn't find file 'r_foot.vtp'.
[2026-02-16 16:22:23.092] [warning] Couldn't find file 'r_bofoot.vtp'.
[2026-02-16 16:22:23.092] [warning] Couldn't find file 'l_femur.vtp'.
[2026-02-16 16:22:23.092] [warning] Couldn't find file 'l_tibia.vtp'.
[2026-02-16 16:22:23.092] [warning] Couldn't find file 'l_fibula.vtp'.
[2026-02-16 16:22:23.092] [warning] Couldn't find file 'l_patella.vtp'.
[2026-02-16 16:22:23.092] [warning] Couldn't find file 'l_talus.vtp'.
[2026-02-16 16:22:23.092] [warning] Couldn't find file 'l_foot.vtp'.
[2026-02-16 16:22:23.092] [warning] Couldn't find file 'l_bofoot.vtp'.
[2026-02-16 16:22:23.092] [warning] Couldn't find file 'hat_spine.vtp'.
[2026-02-16 16:22:23.092] [warning] Couldn't find file 'hat_jaw.vtp'.
[2026-02-16 16:22:23.092] [warning] Couldn't find file 'hat_skull.vtp'.
[2026-02-16 16:22:23.092] [warning] Couldn't find file 'hat_ribs_scap.vtp'.
[2026-02-16 16:22:23.093] [warning] Couldn't find file 'humerus_rv.vtp'.
[2026-02-16 16:22:23.093] [warning] Couldn't find file 'ulna_rv.vtp'.
[2026-02-16 16:22:23.093] [warning] Couldn't find file 'radius_rv.vtp'.
[2026-02-16 16:22:23.093] [warning] Couldn't find file 'pisiform_rvs.vtp'.
[2026-02-16 16:22:23.093] [warning] Couldn't find file 'lunate_rvs.vtp'.
[2026-02-16 16:22:23.093] [warning] Couldn't find file 'scaphoid_rvs.vtp'.
[2026-02-16 16:22:23.093] [warning] Couldn't find file 'triquetrum_rvs.vtp'.
[2026-02-16 16:22:23.093] [warning] Couldn't find file 'hamate_rvs.vtp'.
[2026-02-16 16:22:23.093] [warning] Couldn't find file 'capitate_rvs.vtp'.
[2026-02-16 16:22:23.093] [warning] Couldn't find file 'trapezoid_rvs.vtp'.
[2026-02-16 16:22:23.093] [warning] Couldn't find file 'trapezium_rvs.vtp'.
[2026-02-16 16:22:23.093] [warning] Couldn't find file 'metacarpal2_rvs.vtp'.
[2026-02-16 16:22:23.093] [warning] Couldn't find file 'index_proximal_rvs.vtp'.
[2026-02-16 16:22:23.093] [warning] Couldn't find file 'index_medial_rvs.vtp'.
[2026-02-16 16:22:23.093] [warning] Couldn't find file 'index_distal_rvs.vtp'.
[2026-02-16 16:22:23.093] [warning] Couldn't find file 'metacarpal3_rvs.vtp'.
[2026-02-16 16:22:23.093] [warning] Couldn't find file 'middle_proximal_rvs.vtp'.
[2026-02-16 16:22:23.093] [warning] Couldn't find file 'middle_medial_rvs.vtp'.
[2026-02-16 16:22:23.093] [warning] Couldn't find file 'middle_distal_rvs.vtp'.
[2026-02-16 16:22:23.093] [warning] Couldn't find file 'metacarpal4_rvs.vtp'.
[2026-02-16 16:22:23.093] [warning] Couldn't find file 'ring_proximal_rvs.vtp'.
[2026-02-16 16:22:23.093] [warning] Couldn't find file 'ring_medial_rvs.vtp'.
[2026-02-16 16:22:23.093] [warning] Couldn't find file 'ring_distal_rvs.vtp'.
[2026-02-16 16:22:23.093] [warning] Couldn't find file 'metacarpal5_rvs.vtp'.
[2026-02-16 16:22:23.093] [warning] Couldn't find file 'little_proximal_rvs.vtp'.
[2026-02-16 16:22:23.093] [warning] Couldn't find file 'little_medial_rvs.vtp'.
[2026-02-16 16:22:23.093] [warning] Couldn't find file 'little_distal_rvs.vtp'.
[2026-02-16 16:22:23.093] [warning] Couldn't find file 'metacarpal1_rvs.vtp'.
[2026-02-16 16:22:23.094] [warning] Couldn't find file 'thumb_proximal_rvs.vtp'.
[2026-02-16 16:22:23.094] [warning] Couldn't find file 'thumb_distal_rvs.vtp'.
[2026-02-16 16:22:23.094] [warning] Couldn't find file 'humerus_lv.vtp'.
[2026-02-16 16:22:23.094] [warning] Couldn't find file 'ulna_lv.vtp'.
[2026-02-16 16:22:23.094] [warning] Couldn't find file 'radius_lv.vtp'.
[2026-02-16 16:22:23.094] [warning] Couldn't find file 'pisiform_lvs.vtp'.
[2026-02-16 16:22:23.094] [warning] Couldn't find file 'lunate_lvs.vtp'.
[2026-02-16 16:22:23.094] [warning] Couldn't find file 'scaphoid_lvs.vtp'.
[2026-02-16 16:22:23.094] [warning] Couldn't find file 'triquetrum_lvs.vtp'.
[2026-02-16 16:22:23.094] [warning] Couldn't find file 'hamate_lvs.vtp'.
[2026-02-16 16:22:23.094] [warning] Couldn't find file 'capitate_lvs.vtp'.
[2026-02-16 16:22:23.094] [warning] Couldn't find file 'trapezoid_lvs.vtp'.
[2026-02-16 16:22:23.094] [warning] Couldn't find file 'trapezium_lvs.vtp'.
[2026-02-16 16:22:23.094] [warning] Couldn't find file 'metacarpal2_lvs.vtp'.
[2026-02-16 16:22:23.094] [warning] Couldn't find file 'index_proximal_lvs.vtp'.
[2026-02-16 16:22:23.094] [warning] Couldn't find file 'index_medial_lvs.vtp'.
[2026-02-16 16:22:23.094] [warning] Couldn't find file 'index_distal_lvs.vtp'.
[2026-02-16 16:22:23.094] [warning] Couldn't find file 'metacarpal3_lvs.vtp'.
[2026-02-16 16:22:23.094] [warning] Couldn't find file 'middle_proximal_lvs.vtp'.
[2026-02-16 16:22:23.094] [warning] Couldn't find file 'middle_medial_lvs.vtp'.
[2026-02-16 16:22:23.094] [warning] Couldn't find file 'middle_distal_lvs.vtp'.
[2026-02-16 16:22:23.094] [warning] Couldn't find file 'metacarpal4_lvs.vtp'.
[2026-02-16 16:22:23.094] [warning] Couldn't find file 'ring_proximal_lvs.vtp'.
[2026-02-16 16:22:23.094] [warning] Couldn't find file 'ring_medial_lvs.vtp'.
[2026-02-16 16:22:23.094] [warning] Couldn't find file 'ring_distal_lvs.vtp'.
[2026-02-16 16:22:23.094] [warning] Couldn't find file 'metacarpal5_lvs.vtp'.
[2026-02-16 16:22:23.094] [warning] Couldn't find file 'little_proximal_lvs.vtp'.
[2026-02-16 16:22:23.094] [warning] Couldn't find file 'little_medial_lvs.vtp'.
[2026-02-16 16:22:23.094] [warning] Couldn't find file 'little_distal_lvs.vtp'.
[2026-02-16 16:22:23.095] [warning] Couldn't find file 'metacarpal1_lvs.vtp'.
[2026-02-16 16:22:23.095] [warning] Couldn't find file 'thumb_proximal_lvs.vtp'.
[2026-02-16 16:22:23.095] [warning] Couldn't find file 'thumb_distal_lvs.vtp'.
[2026-02-16 16:22:23.099] [info] No external loads will be applied (external loads file not specified).
[2026-02-16 16:22:23.110] [info] Loading coordinates from file 'C:\Users\Israel Luis\Documents\GitHub\GoalOptimized\Database\sub1\IK\IK_sub1_v2_t3.mot'.
[2026-02-16 16:22:23.110] [info] Storage: read data file = C:\Users\Israel Luis\Documents\GitHub\GoalOptimized\Database\sub1\IK\IK_sub1_v2_t3.mot (nr=115 nc=40)
[2026-02-16 16:22:23.640] [info] Found 115 state vectors with time stamps ranging from 1.11 to 2.25.
[2026-02-16 16:22:23.640] [info] Executing the analyses from 1.11 to 2.25...
[2026-02-16 16:22:27.745] [info] Printing results of investigation IK_sub1_v2_t3 to C:\Users\Israel Luis\Documents\GitHub\GoalOptimized\ProjectResults\DSE\sub1\multiCycle\Je\MuscleAnalysis
[2026-02-17 10:08:00.731] [info] Updating Model file from 40000 to latest format...
[2026-02-17 10:08:00.749] [info] Loaded model 1_scaled_rajagopal2022 from file C:\Users\Israel Luis\Documents\GitHub\GoalOptimized\Database\sub1\model\model_rajagopal2022_sub1.osim
[2026-02-17 10:08:00.750] [warning] Couldn't find file 'r_pelvis.vtp'.
[2026-02-17 10:08:00.750] [warning] Couldn't find file 'l_pelvis.vtp'.
[2026-02-17 10:08:00.750] [warning] Couldn't find file 'sacrum.vtp'.
[2026-02-17 10:08:00.750] [warning] Couldn't find file 'r_femur.vtp'.
[2026-02-17 10:08:00.750] [warning] Couldn't find file 'r_tibia.vtp'.
[2026-02-17 10:08:00.750] [warning] Couldn't find file 'r_fibula.vtp'.
[2026-02-17 10:08:00.750] [warning] Couldn't find file 'r_patella.vtp'.
[2026-02-17 10:08:00.750] [warning] Couldn't find file 'r_talus.vtp'.
[2026-02-17 10:08:00.750] [warning] Couldn't find file 'r_foot.vtp'.
[2026-02-17 10:08:00.750] [warning] Couldn't find file 'r_bofoot.vtp'.
[2026-02-17 10:08:00.750] [warning] Couldn't find file 'l_femur.vtp'.
[2026-02-17 10:08:00.750] [warning] Couldn't find file 'l_tibia.vtp'.
[2026-02-17 10:08:00.750] [warning] Couldn't find file 'l_fibula.vtp'.
[2026-02-17 10:08:00.750] [warning] Couldn't find file 'l_patella.vtp'.
[2026-02-17 10:08:00.750] [warning] Couldn't find file 'l_talus.vtp'.
[2026-02-17 10:08:00.750] [warning] Couldn't find file 'l_foot.vtp'.
[2026-02-17 10:08:00.750] [warning] Couldn't find file 'l_bofoot.vtp'.
[2026-02-17 10:08:00.750] [warning] Couldn't find file 'hat_spine.vtp'.
[2026-02-17 10:08:00.750] [warning] Couldn't find file 'hat_jaw.vtp'.
[2026-02-17 10:08:00.751] [warning] Couldn't find file 'hat_skull.vtp'.
[2026-02-17 10:08:00.751] [warning] Couldn't find file 'hat_ribs_scap.vtp'.
[2026-02-17 10:08:00.751] [warning] Couldn't find file 'humerus_rv.vtp'.
[2026-02-17 10:08:00.751] [warning] Couldn't find file 'ulna_rv.vtp'.
[2026-02-17 10:08:00.751] [warning] Couldn't find file 'radius_rv.vtp'.
[2026-02-17 10:08:00.751] [warning] Couldn't find file 'pisiform_rvs.vtp'.
[2026-02-17 10:08:00.751] [warning] Couldn't find file 'lunate_rvs.vtp'.
[2026-02-17 10:08:00.751] [warning] Couldn't find file 'scaphoid_rvs.vtp'.
[2026-02-17 10:08:00.751] [warning] Couldn't find file 'triquetrum_rvs.vtp'.
[2026-02-17 10:08:00.751] [warning] Couldn't find file 'hamate_rvs.vtp'.
[2026-02-17 10:08:00.751] [warning] Couldn't find file 'capitate_rvs.vtp'.
[2026-02-17 10:08:00.751] [warning] Couldn't find file 'trapezoid_rvs.vtp'.
[2026-02-17 10:08:00.751] [warning] Couldn't find file 'trapezium_rvs.vtp'.
[2026-02-17 10:08:00.751] [warning] Couldn't find file 'metacarpal2_rvs.vtp'.
[2026-02-17 10:08:00.751] [warning] Couldn't find file 'index_proximal_rvs.vtp'.
[2026-02-17 10:08:00.751] [warning] Couldn't find file 'index_medial_rvs.vtp'.
[2026-02-17 10:08:00.751] [warning] Couldn't find file 'index_distal_rvs.vtp'.
[2026-02-17 10:08:00.751] [warning] Couldn't find file 'metacarpal3_rvs.vtp'.
[2026-02-17 10:08:00.751] [warning] Couldn't find file 'middle_proximal_rvs.vtp'.
[2026-02-17 10:08:00.751] [warning] Couldn't find file 'middle_medial_rvs.vtp'.
[2026-02-17 10:08:00.751] [warning] Couldn't find file 'middle_distal_rvs.vtp'.
[2026-02-17 10:08:00.751] [warning] Couldn't find file 'metacarpal4_rvs.vtp'.
[2026-02-17 10:08:00.751] [warning] Couldn't find file 'ring_proximal_rvs.vtp'.
[2026-02-17 10:08:00.751] [warning] Couldn't find file 'ring_medial_rvs.vtp'.
[2026-02-17 10:08:00.751] [warning] Couldn't find file 'ring_distal_rvs.vtp'.
[2026-02-17 10:08:00.751] [warning] Couldn't find file 'metacarpal5_rvs.vtp'.
[2026-02-17 10:08:00.751] [warning] Couldn't find file 'little_proximal_rvs.vtp'.
[2026-02-17 10:08:00.751] [warning] Couldn't find file 'little_medial_rvs.vtp'.
[2026-02-17 10:08:00.752] [warning] Couldn't find file 'little_distal_rvs.vtp'.
[2026-02-17 10:08:00.752] [warning] Couldn't find file 'metacarpal1_rvs.vtp'.
[2026-02-17 10:08:00.752] [warning] Couldn't find file 'thumb_proximal_rvs.vtp'.
[2026-02-17 10:08:00.752] [warning] Couldn't find file 'thumb_distal_rvs.vtp'.
[2026-02-17 10:08:00.752] [warning] Couldn't find file 'humerus_lv.vtp'.
[2026-02-17 10:08:00.752] [warning] Couldn't find file 'ulna_lv.vtp'.
[2026-02-17 10:08:00.752] [warning] Couldn't find file 'radius_lv.vtp'.
[2026-02-17 10:08:00.752] [warning] Couldn't find file 'pisiform_lvs.vtp'.
[2026-02-17 10:08:00.752] [warning] Couldn't find file 'lunate_lvs.vtp'.
[2026-02-17 10:08:00.752] [warning] Couldn't find file 'scaphoid_lvs.vtp'.
[2026-02-17 10:08:00.752] [warning] Couldn't find file 'triquetrum_lvs.vtp'.
[2026-02-17 10:08:00.752] [warning] Couldn't find file 'hamate_lvs.vtp'.
[2026-02-17 10:08:00.752] [warning] Couldn't find file 'capitate_lvs.vtp'.
[2026-02-17 10:08:00.752] [warning] Couldn't find file 'trapezoid_lvs.vtp'.
[2026-02-17 10:08:00.752] [warning] Couldn't find file 'trapezium_lvs.vtp'.
[2026-02-17 10:08:00.752] [warning] Couldn't find file 'metacarpal2_lvs.vtp'.
[2026-02-17 10:08:00.752] [warning] Couldn't find file 'index_proximal_lvs.vtp'.
[2026-02-17 10:08:00.752] [warning] Couldn't find file 'index_medial_lvs.vtp'.
[2026-02-17 10:08:00.752] [warning] Couldn't find file 'index_distal_lvs.vtp'.
[2026-02-17 10:08:00.752] [warning] Couldn't find file 'metacarpal3_lvs.vtp'.
[2026-02-17 10:08:00.752] [warning] Couldn't find file 'middle_proximal_lvs.vtp'.
[2026-02-17 10:08:00.752] [warning] Couldn't find file 'middle_medial_lvs.vtp'.
[2026-02-17 10:08:00.752] [warning] Couldn't find file 'middle_distal_lvs.vtp'.
[2026-02-17 10:08:00.752] [warning] Couldn't find file 'metacarpal4_lvs.vtp'.
[2026-02-17 10:08:00.752] [warning] Couldn't find file 'ring_proximal_lvs.vtp'.
[2026-02-17 10:08:00.753] [warning] Couldn't find file 'ring_medial_lvs.vtp'.
[2026-02-17 10:08:00.753] [warning] Couldn't find file 'ring_distal_lvs.vtp'.
[2026-02-17 10:08:00.753] [warning] Couldn't find file 'metacarpal5_lvs.vtp'.
[2026-02-17 10:08:00.753] [warning] Couldn't find file 'little_proximal_lvs.vtp'.
[2026-02-17 10:08:00.753] [warning] Couldn't find file 'little_medial_lvs.vtp'.
[2026-02-17 10:08:00.753] [warning] Couldn't find file 'little_distal_lvs.vtp'.
[2026-02-17 10:08:00.753] [warning] Couldn't find file 'metacarpal1_lvs.vtp'.
[2026-02-17 10:08:00.753] [warning] Couldn't find file 'thumb_proximal_lvs.vtp'.
[2026-02-17 10:08:00.753] [warning] Couldn't find file 'thumb_distal_lvs.vtp'.
[2026-02-17 10:08:00.764] [info] AbstractTool IK_sub1_v2_t1 loading model C:\Users\Israel Luis\Documents\GitHub\GoalOptimized\Database\sub1\model\model_rajagopal2022_sub1.osim
[2026-02-17 10:08:00.777] [info] Updating Model file from 40000 to latest format...
[2026-02-17 10:08:00.794] [info] Loaded model 1_scaled_rajagopal2022 from file C:\Users\Israel Luis\Documents\GitHub\GoalOptimized\Database\sub1\model\model_rajagopal2022_sub1.osim
[2026-02-17 10:08:00.794] [warning] Couldn't find file 'r_pelvis.vtp'.
[2026-02-17 10:08:00.794] [warning] Couldn't find file 'l_pelvis.vtp'.
[2026-02-17 10:08:00.794] [warning] Couldn't find file 'sacrum.vtp'.
[2026-02-17 10:08:00.794] [warning] Couldn't find file 'r_femur.vtp'.
[2026-02-17 10:08:00.795] [warning] Couldn't find file 'r_tibia.vtp'.
[2026-02-17 10:08:00.795] [warning] Couldn't find file 'r_fibula.vtp'.
[2026-02-17 10:08:00.795] [warning] Couldn't find file 'r_patella.vtp'.
[2026-02-17 10:08:00.795] [warning] Couldn't find file 'r_talus.vtp'.
[2026-02-17 10:08:00.795] [warning] Couldn't find file 'r_foot.vtp'.
[2026-02-17 10:08:00.795] [warning] Couldn't find file 'r_bofoot.vtp'.
[2026-02-17 10:08:00.795] [warning] Couldn't find file 'l_femur.vtp'.
[2026-02-17 10:08:00.795] [warning] Couldn't find file 'l_tibia.vtp'.
[2026-02-17 10:08:00.795] [warning] Couldn't find file 'l_fibula.vtp'.
[2026-02-17 10:08:00.795] [warning] Couldn't find file 'l_patella.vtp'.
[2026-02-17 10:08:00.795] [warning] Couldn't find file 'l_talus.vtp'.
[2026-02-17 10:08:00.795] [warning] Couldn't find file 'l_foot.vtp'.
[2026-02-17 10:08:00.795] [warning] Couldn't find file 'l_bofoot.vtp'.
[2026-02-17 10:08:00.795] [warning] Couldn't find file 'hat_spine.vtp'.
[2026-02-17 10:08:00.795] [warning] Couldn't find file 'hat_jaw.vtp'.
[2026-02-17 10:08:00.795] [warning] Couldn't find file 'hat_skull.vtp'.
[2026-02-17 10:08:00.795] [warning] Couldn't find file 'hat_ribs_scap.vtp'.
[2026-02-17 10:08:00.795] [warning] Couldn't find file 'humerus_rv.vtp'.
[2026-02-17 10:08:00.795] [warning] Couldn't find file 'ulna_rv.vtp'.
[2026-02-17 10:08:00.795] [warning] Couldn't find file 'radius_rv.vtp'.
[2026-02-17 10:08:00.795] [warning] Couldn't find file 'pisiform_rvs.vtp'.
[2026-02-17 10:08:00.795] [warning] Couldn't find file 'lunate_rvs.vtp'.
[2026-02-17 10:08:00.795] [warning] Couldn't find file 'scaphoid_rvs.vtp'.
[2026-02-17 10:08:00.795] [warning] Couldn't find file 'triquetrum_rvs.vtp'.
[2026-02-17 10:08:00.795] [warning] Couldn't find file 'hamate_rvs.vtp'.
[2026-02-17 10:08:00.795] [warning] Couldn't find file 'capitate_rvs.vtp'.
[2026-02-17 10:08:00.795] [warning] Couldn't find file 'trapezoid_rvs.vtp'.
[2026-02-17 10:08:00.796] [warning] Couldn't find file 'trapezium_rvs.vtp'.
[2026-02-17 10:08:00.796] [warning] Couldn't find file 'metacarpal2_rvs.vtp'.
[2026-02-17 10:08:00.796] [warning] Couldn't find file 'index_proximal_rvs.vtp'.
[2026-02-17 10:08:00.796] [warning] Couldn't find file 'index_medial_rvs.vtp'.
[2026-02-17 10:08:00.796] [warning] Couldn't find file 'index_distal_rvs.vtp'.
[2026-02-17 10:08:00.796] [warning] Couldn't find file 'metacarpal3_rvs.vtp'.
[2026-02-17 10:08:00.796] [warning] Couldn't find file 'middle_proximal_rvs.vtp'.
[2026-02-17 10:08:00.796] [warning] Couldn't find file 'middle_medial_rvs.vtp'.
[2026-02-17 10:08:00.796] [warning] Couldn't find file 'middle_distal_rvs.vtp'.
[2026-02-17 10:08:00.796] [warning] Couldn't find file 'metacarpal4_rvs.vtp'.
[2026-02-17 10:08:00.796] [warning] Couldn't find file 'ring_proximal_rvs.vtp'.
[2026-02-17 10:08:00.796] [warning] Couldn't find file 'ring_medial_rvs.vtp'.
[2026-02-17 10:08:00.796] [warning] Couldn't find file 'ring_distal_rvs.vtp'.
[2026-02-17 10:08:00.796] [warning] Couldn't find file 'metacarpal5_rvs.vtp'.
[2026-02-17 10:08:00.796] [warning] Couldn't find file 'little_proximal_rvs.vtp'.
[2026-02-17 10:08:00.796] [warning] Couldn't find file 'little_medial_rvs.vtp'.
[2026-02-17 10:08:00.796] [warning] Couldn't find file 'little_distal_rvs.vtp'.
[2026-02-17 10:08:00.796] [warning] Couldn't find file 'metacarpal1_rvs.vtp'.
[2026-02-17 10:08:00.796] [warning] Couldn't find file 'thumb_proximal_rvs.vtp'.
[2026-02-17 10:08:00.796] [warning] Couldn't find file 'thumb_distal_rvs.vtp'.
[2026-02-17 10:08:00.796] [warning] Couldn't find file 'humerus_lv.vtp'.
[2026-02-17 10:08:00.796] [warning] Couldn't find file 'ulna_lv.vtp'.
[2026-02-17 10:08:00.796] [warning] Couldn't find file 'radius_lv.vtp'.
[2026-02-17 10:08:00.796] [warning] Couldn't find file 'pisiform_lvs.vtp'.
[2026-02-17 10:08:00.796] [warning] Couldn't find file 'lunate_lvs.vtp'.
[2026-02-17 10:08:00.796] [warning] Couldn't find file 'scaphoid_lvs.vtp'.
[2026-02-17 10:08:00.796] [warning] Couldn't find file 'triquetrum_lvs.vtp'.
[2026-02-17 10:08:00.796] [warning] Couldn't find file 'hamate_lvs.vtp'.
[2026-02-17 10:08:00.796] [warning] Couldn't find file 'capitate_lvs.vtp'.
[2026-02-17 10:08:00.797] [warning] Couldn't find file 'trapezoid_lvs.vtp'.
[2026-02-17 10:08:00.797] [warning] Couldn't find file 'trapezium_lvs.vtp'.
[2026-02-17 10:08:00.797] [warning] Couldn't find file 'metacarpal2_lvs.vtp'.
[2026-02-17 10:08:00.797] [warning] Couldn't find file 'index_proximal_lvs.vtp'.
[2026-02-17 10:08:00.797] [warning] Couldn't find file 'index_medial_lvs.vtp'.
[2026-02-17 10:08:00.797] [warning] Couldn't find file 'index_distal_lvs.vtp'.
[2026-02-17 10:08:00.797] [warning] Couldn't find file 'metacarpal3_lvs.vtp'.
[2026-02-17 10:08:00.797] [warning] Couldn't find file 'middle_proximal_lvs.vtp'.
[2026-02-17 10:08:00.797] [warning] Couldn't find file 'middle_medial_lvs.vtp'.
[2026-02-17 10:08:00.797] [warning] Couldn't find file 'middle_distal_lvs.vtp'.
[2026-02-17 10:08:00.797] [warning] Couldn't find file 'metacarpal4_lvs.vtp'.
[2026-02-17 10:08:00.797] [warning] Couldn't find file 'ring_proximal_lvs.vtp'.
[2026-02-17 10:08:00.797] [warning] Couldn't find file 'ring_medial_lvs.vtp'.
[2026-02-17 10:08:00.797] [warning] Couldn't find file 'ring_distal_lvs.vtp'.
[2026-02-17 10:08:00.797] [warning] Couldn't find file 'metacarpal5_lvs.vtp'.
[2026-02-17 10:08:00.797] [warning] Couldn't find file 'little_proximal_lvs.vtp'.
[2026-02-17 10:08:00.797] [warning] Couldn't find file 'little_medial_lvs.vtp'.
[2026-02-17 10:08:00.797] [warning] Couldn't find file 'little_distal_lvs.vtp'.
[2026-02-17 10:08:00.797] [warning] Couldn't find file 'metacarpal1_lvs.vtp'.
[2026-02-17 10:08:00.797] [warning] Couldn't find file 'thumb_proximal_lvs.vtp'.
[2026-02-17 10:08:00.797] [warning] Couldn't find file 'thumb_distal_lvs.vtp'.
[2026-02-17 10:08:00.802] [info] No external loads will be applied (external loads file not specified).
[2026-02-17 10:08:00.813] [info] Loading coordinates from file 'C:\Users\Israel Luis\Documents\GitHub\GoalOptimized\Database\sub1\IK\IK_sub1_v2_t1.mot'.
[2026-02-17 10:08:00.813] [info] Storage: read data file = C:\Users\Israel Luis\Documents\GitHub\GoalOptimized\Database\sub1\IK\IK_sub1_v2_t1.mot (nr=119 nc=40)
[2026-02-17 10:08:01.389] [info] Found 119 state vectors with time stamps ranging from 0.57 to 1.75.
[2026-02-17 10:08:01.389] [info] Executing the analyses from 0.57 to 1.75...
[2026-02-17 10:08:05.696] [info] Printing results of investigation IK_sub1_v2_t1 to C:\Users\Israel Luis\Documents\GitHub\GoalOptimized\ProjectResults\DSE\sub1\multiCycle\Je\MuscleAnalysis
[2026-02-17 10:08:09.482] [info] Updating Model file from 40000 to latest format...
[2026-02-17 10:08:09.499] [info] Loaded model 1_scaled_rajagopal2022 from file C:\Users\Israel Luis\Documents\GitHub\GoalOptimized\Database\sub1\model\model_rajagopal2022_sub1.osim
[2026-02-17 10:08:09.500] [warning] Couldn't find file 'r_pelvis.vtp'.
[2026-02-17 10:08:09.500] [warning] Couldn't find file 'l_pelvis.vtp'.
[2026-02-17 10:08:09.500] [warning] Couldn't find file 'sacrum.vtp'.
[2026-02-17 10:08:09.500] [warning] Couldn't find file 'r_femur.vtp'.
[2026-02-17 10:08:09.500] [warning] Couldn't find file 'r_tibia.vtp'.
[2026-02-17 10:08:09.500] [warning] Couldn't find file 'r_fibula.vtp'.
[2026-02-17 10:08:09.500] [warning] Couldn't find file 'r_patella.vtp'.
[2026-02-17 10:08:09.500] [warning] Couldn't find file 'r_talus.vtp'.
[2026-02-17 10:08:09.500] [warning] Couldn't find file 'r_foot.vtp'.
[2026-02-17 10:08:09.500] [warning] Couldn't find file 'r_bofoot.vtp'.
[2026-02-17 10:08:09.500] [warning] Couldn't find file 'l_femur.vtp'.
[2026-02-17 10:08:09.500] [warning] Couldn't find file 'l_tibia.vtp'.
[2026-02-17 10:08:09.500] [warning] Couldn't find file 'l_fibula.vtp'.
[2026-02-17 10:08:09.500] [warning] Couldn't find file 'l_patella.vtp'.
[2026-02-17 10:08:09.500] [warning] Couldn't find file 'l_talus.vtp'.
[2026-02-17 10:08:09.500] [warning] Couldn't find file 'l_foot.vtp'.
[2026-02-17 10:08:09.500] [warning] Couldn't find file 'l_bofoot.vtp'.
[2026-02-17 10:08:09.500] [warning] Couldn't find file 'hat_spine.vtp'.
[2026-02-17 10:08:09.500] [warning] Couldn't find file 'hat_jaw.vtp'.
[2026-02-17 10:08:09.500] [warning] Couldn't find file 'hat_skull.vtp'.
[2026-02-17 10:08:09.500] [warning] Couldn't find file 'hat_ribs_scap.vtp'.
[2026-02-17 10:08:09.500] [warning] Couldn't find file 'humerus_rv.vtp'.
[2026-02-17 10:08:09.500] [warning] Couldn't find file 'ulna_rv.vtp'.
[2026-02-17 10:08:09.500] [warning] Couldn't find file 'radius_rv.vtp'.
[2026-02-17 10:08:09.500] [warning] Couldn't find file 'pisiform_rvs.vtp'.
[2026-02-17 10:08:09.501] [warning] Couldn't find file 'lunate_rvs.vtp'.
[2026-02-17 10:08:09.501] [warning] Couldn't find file 'scaphoid_rvs.vtp'.
[2026-02-17 10:08:09.501] [warning] Couldn't find file 'triquetrum_rvs.vtp'.
[2026-02-17 10:08:09.501] [warning] Couldn't find file 'hamate_rvs.vtp'.
[2026-02-17 10:08:09.501] [warning] Couldn't find file 'capitate_rvs.vtp'.
[2026-02-17 10:08:09.501] [warning] Couldn't find file 'trapezoid_rvs.vtp'.
[2026-02-17 10:08:09.501] [warning] Couldn't find file 'trapezium_rvs.vtp'.
[2026-02-17 10:08:09.501] [warning] Couldn't find file 'metacarpal2_rvs.vtp'.
[2026-02-17 10:08:09.501] [warning] Couldn't find file 'index_proximal_rvs.vtp'.
[2026-02-17 10:08:09.501] [warning] Couldn't find file 'index_medial_rvs.vtp'.
[2026-02-17 10:08:09.501] [warning] Couldn't find file 'index_distal_rvs.vtp'.
[2026-02-17 10:08:09.501] [warning] Couldn't find file 'metacarpal3_rvs.vtp'.
[2026-02-17 10:08:09.501] [warning] Couldn't find file 'middle_proximal_rvs.vtp'.
[2026-02-17 10:08:09.501] [warning] Couldn't find file 'middle_medial_rvs.vtp'.
[2026-02-17 10:08:09.501] [warning] Couldn't find file 'middle_distal_rvs.vtp'.
[2026-02-17 10:08:09.501] [warning] Couldn't find file 'metacarpal4_rvs.vtp'.
[2026-02-17 10:08:09.501] [warning] Couldn't find file 'ring_proximal_rvs.vtp'.
[2026-02-17 10:08:09.501] [warning] Couldn't find file 'ring_medial_rvs.vtp'.
[2026-02-17 10:08:09.501] [warning] Couldn't find file 'ring_distal_rvs.vtp'.
[2026-02-17 10:08:09.501] [warning] Couldn't find file 'metacarpal5_rvs.vtp'.
[2026-02-17 10:08:09.501] [warning] Couldn't find file 'little_proximal_rvs.vtp'.
[2026-02-17 10:08:09.501] [warning] Couldn't find file 'little_medial_rvs.vtp'.
[2026-02-17 10:08:09.501] [warning] Couldn't find file 'little_distal_rvs.vtp'.
[2026-02-17 10:08:09.501] [warning] Couldn't find file 'metacarpal1_rvs.vtp'.
[2026-02-17 10:08:09.501] [warning] Couldn't find file 'thumb_proximal_rvs.vtp'.
[2026-02-17 10:08:09.501] [warning] Couldn't find file 'thumb_distal_rvs.vtp'.
[2026-02-17 10:08:09.501] [warning] Couldn't find file 'humerus_lv.vtp'.
[2026-02-17 10:08:09.501] [warning] Couldn't find file 'ulna_lv.vtp'.
[2026-02-17 10:08:09.501] [warning] Couldn't find file 'radius_lv.vtp'.
[2026-02-17 10:08:09.502] [warning] Couldn't find file 'pisiform_lvs.vtp'.
[2026-02-17 10:08:09.502] [warning] Couldn't find file 'lunate_lvs.vtp'.
[2026-02-17 10:08:09.502] [warning] Couldn't find file 'scaphoid_lvs.vtp'.
[2026-02-17 10:08:09.502] [warning] Couldn't find file 'triquetrum_lvs.vtp'.
[2026-02-17 10:08:09.502] [warning] Couldn't find file 'hamate_lvs.vtp'.
[2026-02-17 10:08:09.502] [warning] Couldn't find file 'capitate_lvs.vtp'.
[2026-02-17 10:08:09.502] [warning] Couldn't find file 'trapezoid_lvs.vtp'.
[2026-02-17 10:08:09.502] [warning] Couldn't find file 'trapezium_lvs.vtp'.
[2026-02-17 10:08:09.502] [warning] Couldn't find file 'metacarpal2_lvs.vtp'.
[2026-02-17 10:08:09.502] [warning] Couldn't find file 'index_proximal_lvs.vtp'.
[2026-02-17 10:08:09.502] [warning] Couldn't find file 'index_medial_lvs.vtp'.
[2026-02-17 10:08:09.502] [warning] Couldn't find file 'index_distal_lvs.vtp'.
[2026-02-17 10:08:09.502] [warning] Couldn't find file 'metacarpal3_lvs.vtp'.
[2026-02-17 10:08:09.502] [warning] Couldn't find file 'middle_proximal_lvs.vtp'.
[2026-02-17 10:08:09.502] [warning] Couldn't find file 'middle_medial_lvs.vtp'.
[2026-02-17 10:08:09.502] [warning] Couldn't find file 'middle_distal_lvs.vtp'.
[2026-02-17 10:08:09.502] [warning] Couldn't find file 'metacarpal4_lvs.vtp'.
[2026-02-17 10:08:09.502] [warning] Couldn't find file 'ring_proximal_lvs.vtp'.
[2026-02-17 10:08:09.502] [warning] Couldn't find file 'ring_medial_lvs.vtp'.
[2026-02-17 10:08:09.502] [warning] Couldn't find file 'ring_distal_lvs.vtp'.
[2026-02-17 10:08:09.502] [warning] Couldn't find file 'metacarpal5_lvs.vtp'.
[2026-02-17 10:08:09.502] [warning] Couldn't find file 'little_proximal_lvs.vtp'.
[2026-02-17 10:08:09.502] [warning] Couldn't find file 'little_medial_lvs.vtp'.
[2026-02-17 10:08:09.502] [warning] Couldn't find file 'little_distal_lvs.vtp'.
[2026-02-17 10:08:09.502] [warning] Couldn't find file 'metacarpal1_lvs.vtp'.
[2026-02-17 10:08:09.502] [warning] Couldn't find file 'thumb_proximal_lvs.vtp'.
[2026-02-17 10:08:09.502] [warning] Couldn't find file 'thumb_distal_lvs.vtp'.
[2026-02-17 10:08:09.515] [info] AbstractTool IK_sub1_v2_t2 loading model C:\Users\Israel Luis\Documents\GitHub\GoalOptimized\Database\sub1\model\model_rajagopal2022_sub1.osim
[2026-02-17 10:08:09.528] [info] Updating Model file from 40000 to latest format...
[2026-02-17 10:08:09.546] [info] Loaded model 1_scaled_rajagopal2022 from file C:\Users\Israel Luis\Documents\GitHub\GoalOptimized\Database\sub1\model\model_rajagopal2022_sub1.osim
[2026-02-17 10:08:09.546] [warning] Couldn't find file 'r_pelvis.vtp'.
[2026-02-17 10:08:09.546] [warning] Couldn't find file 'l_pelvis.vtp'.
[2026-02-17 10:08:09.546] [warning] Couldn't find file 'sacrum.vtp'.
[2026-02-17 10:08:09.547] [warning] Couldn't find file 'r_femur.vtp'.
[2026-02-17 10:08:09.547] [warning] Couldn't find file 'r_tibia.vtp'.
[2026-02-17 10:08:09.547] [warning] Couldn't find file 'r_fibula.vtp'.
[2026-02-17 10:08:09.547] [warning] Couldn't find file 'r_patella.vtp'.
[2026-02-17 10:08:09.547] [warning] Couldn't find file 'r_talus.vtp'.
[2026-02-17 10:08:09.547] [warning] Couldn't find file 'r_foot.vtp'.
[2026-02-17 10:08:09.547] [warning] Couldn't find file 'r_bofoot.vtp'.
[2026-02-17 10:08:09.547] [warning] Couldn't find file 'l_femur.vtp'.
[2026-02-17 10:08:09.547] [warning] Couldn't find file 'l_tibia.vtp'.
[2026-02-17 10:08:09.547] [warning] Couldn't find file 'l_fibula.vtp'.
[2026-02-17 10:08:09.547] [warning] Couldn't find file 'l_patella.vtp'.
[2026-02-17 10:08:09.547] [warning] Couldn't find file 'l_talus.vtp'.
[2026-02-17 10:08:09.547] [warning] Couldn't find file 'l_foot.vtp'.
[2026-02-17 10:08:09.547] [warning] Couldn't find file 'l_bofoot.vtp'.
[2026-02-17 10:08:09.547] [warning] Couldn't find file 'hat_spine.vtp'.
[2026-02-17 10:08:09.547] [warning] Couldn't find file 'hat_jaw.vtp'.
[2026-02-17 10:08:09.547] [warning] Couldn't find file 'hat_skull.vtp'.
[2026-02-17 10:08:09.547] [warning] Couldn't find file 'hat_ribs_scap.vtp'.
[2026-02-17 10:08:09.547] [warning] Couldn't find file 'humerus_rv.vtp'.
[2026-02-17 10:08:09.547] [warning] Couldn't find file 'ulna_rv.vtp'.
[2026-02-17 10:08:09.547] [warning] Couldn't find file 'radius_rv.vtp'.
[2026-02-17 10:08:09.547] [warning] Couldn't find file 'pisiform_rvs.vtp'.
[2026-02-17 10:08:09.547] [warning] Couldn't find file 'lunate_rvs.vtp'.
[2026-02-17 10:08:09.547] [warning] Couldn't find file 'scaphoid_rvs.vtp'.
[2026-02-17 10:08:09.547] [warning] Couldn't find file 'triquetrum_rvs.vtp'.
[2026-02-17 10:08:09.547] [warning] Couldn't find file 'hamate_rvs.vtp'.
[2026-02-17 10:08:09.547] [warning] Couldn't find file 'capitate_rvs.vtp'.
[2026-02-17 10:08:09.547] [warning] Couldn't find file 'trapezoid_rvs.vtp'.
[2026-02-17 10:08:09.548] [warning] Couldn't find file 'trapezium_rvs.vtp'.
[2026-02-17 10:08:09.548] [warning] Couldn't find file 'metacarpal2_rvs.vtp'.
[2026-02-17 10:08:09.548] [warning] Couldn't find file 'index_proximal_rvs.vtp'.
[2026-02-17 10:08:09.548] [warning] Couldn't find file 'index_medial_rvs.vtp'.
[2026-02-17 10:08:09.548] [warning] Couldn't find file 'index_distal_rvs.vtp'.
[2026-02-17 10:08:09.548] [warning] Couldn't find file 'metacarpal3_rvs.vtp'.
[2026-02-17 10:08:09.548] [warning] Couldn't find file 'middle_proximal_rvs.vtp'.
[2026-02-17 10:08:09.548] [warning] Couldn't find file 'middle_medial_rvs.vtp'.
[2026-02-17 10:08:09.548] [warning] Couldn't find file 'middle_distal_rvs.vtp'.
[2026-02-17 10:08:09.548] [warning] Couldn't find file 'metacarpal4_rvs.vtp'.
[2026-02-17 10:08:09.548] [warning] Couldn't find file 'ring_proximal_rvs.vtp'.
[2026-02-17 10:08:09.548] [warning] Couldn't find file 'ring_medial_rvs.vtp'.
[2026-02-17 10:08:09.548] [warning] Couldn't find file 'ring_distal_rvs.vtp'.
[2026-02-17 10:08:09.548] [warning] Couldn't find file 'metacarpal5_rvs.vtp'.
[2026-02-17 10:08:09.548] [warning] Couldn't find file 'little_proximal_rvs.vtp'.
[2026-02-17 10:08:09.548] [warning] Couldn't find file 'little_medial_rvs.vtp'.
[2026-02-17 10:08:09.548] [warning] Couldn't find file 'little_distal_rvs.vtp'.
[2026-02-17 10:08:09.548] [warning] Couldn't find file 'metacarpal1_rvs.vtp'.
[2026-02-17 10:08:09.548] [warning] Couldn't find file 'thumb_proximal_rvs.vtp'.
[2026-02-17 10:08:09.548] [warning] Couldn't find file 'thumb_distal_rvs.vtp'.
[2026-02-17 10:08:09.548] [warning] Couldn't find file 'humerus_lv.vtp'.
[2026-02-17 10:08:09.548] [warning] Couldn't find file 'ulna_lv.vtp'.
[2026-02-17 10:08:09.548] [warning] Couldn't find file 'radius_lv.vtp'.
[2026-02-17 10:08:09.548] [warning] Couldn't find file 'pisiform_lvs.vtp'.
[2026-02-17 10:08:09.548] [warning] Couldn't find file 'lunate_lvs.vtp'.
[2026-02-17 10:08:09.548] [warning] Couldn't find file 'scaphoid_lvs.vtp'.
[2026-02-17 10:08:09.548] [warning] Couldn't find file 'triquetrum_lvs.vtp'.
[2026-02-17 10:08:09.549] [warning] Couldn't find file 'hamate_lvs.vtp'.
[2026-02-17 10:08:09.549] [warning] Couldn't find file 'capitate_lvs.vtp'.
[2026-02-17 10:08:09.549] [warning] Couldn't find file 'trapezoid_lvs.vtp'.
[2026-02-17 10:08:09.549] [warning] Couldn't find file 'trapezium_lvs.vtp'.
[2026-02-17 10:08:09.549] [warning] Couldn't find file 'metacarpal2_lvs.vtp'.
[2026-02-17 10:08:09.549] [warning] Couldn't find file 'index_proximal_lvs.vtp'.
[2026-02-17 10:08:09.549] [warning] Couldn't find file 'index_medial_lvs.vtp'.
[2026-02-17 10:08:09.549] [warning] Couldn't find file 'index_distal_lvs.vtp'.
[2026-02-17 10:08:09.549] [warning] Couldn't find file 'metacarpal3_lvs.vtp'.
[2026-02-17 10:08:09.549] [warning] Couldn't find file 'middle_proximal_lvs.vtp'.
[2026-02-17 10:08:09.549] [warning] Couldn't find file 'middle_medial_lvs.vtp'.
[2026-02-17 10:08:09.549] [warning] Couldn't find file 'middle_distal_lvs.vtp'.
[2026-02-17 10:08:09.549] [warning] Couldn't find file 'metacarpal4_lvs.vtp'.
[2026-02-17 10:08:09.549] [warning] Couldn't find file 'ring_proximal_lvs.vtp'.
[2026-02-17 10:08:09.549] [warning] Couldn't find file 'ring_medial_lvs.vtp'.
[2026-02-17 10:08:09.549] [warning] Couldn't find file 'ring_distal_lvs.vtp'.
[2026-02-17 10:08:09.549] [warning] Couldn't find file 'metacarpal5_lvs.vtp'.
[2026-02-17 10:08:09.549] [warning] Couldn't find file 'little_proximal_lvs.vtp'.
[2026-02-17 10:08:09.549] [warning] Couldn't find file 'little_medial_lvs.vtp'.
[2026-02-17 10:08:09.549] [warning] Couldn't find file 'little_distal_lvs.vtp'.
[2026-02-17 10:08:09.549] [warning] Couldn't find file 'metacarpal1_lvs.vtp'.
[2026-02-17 10:08:09.549] [warning] Couldn't find file 'thumb_proximal_lvs.vtp'.
[2026-02-17 10:08:09.549] [warning] Couldn't find file 'thumb_distal_lvs.vtp'.
[2026-02-17 10:08:09.554] [info] No external loads will be applied (external loads file not specified).
[2026-02-17 10:08:09.565] [info] Loading coordinates from file 'C:\Users\Israel Luis\Documents\GitHub\GoalOptimized\Database\sub1\IK\IK_sub1_v2_t2.mot'.
[2026-02-17 10:08:09.565] [info] Storage: read data file = C:\Users\Israel Luis\Documents\GitHub\GoalOptimized\Database\sub1\IK\IK_sub1_v2_t2.mot (nr=118 nc=40)
[2026-02-17 10:08:10.112] [info] Found 118 state vectors with time stamps ranging from 0.04 to 1.21.
[2026-02-17 10:08:10.112] [info] Executing the analyses from 0.04 to 1.21...
[2026-02-17 10:08:14.290] [info] Printing results of investigation IK_sub1_v2_t2 to C:\Users\Israel Luis\Documents\GitHub\GoalOptimized\ProjectResults\DSE\sub1\multiCycle\Je\MuscleAnalysis
[2026-02-17 10:08:18.158] [info] Updating Model file from 40000 to latest format...
[2026-02-17 10:08:18.176] [info] Loaded model 1_scaled_rajagopal2022 from file C:\Users\Israel Luis\Documents\GitHub\GoalOptimized\Database\sub1\model\model_rajagopal2022_sub1.osim
[2026-02-17 10:08:18.176] [warning] Couldn't find file 'r_pelvis.vtp'.
[2026-02-17 10:08:18.176] [warning] Couldn't find file 'l_pelvis.vtp'.
[2026-02-17 10:08:18.176] [warning] Couldn't find file 'sacrum.vtp'.
[2026-02-17 10:08:18.176] [warning] Couldn't find file 'r_femur.vtp'.
[2026-02-17 10:08:18.176] [warning] Couldn't find file 'r_tibia.vtp'.
[2026-02-17 10:08:18.176] [warning] Couldn't find file 'r_fibula.vtp'.
[2026-02-17 10:08:18.176] [warning] Couldn't find file 'r_patella.vtp'.
[2026-02-17 10:08:18.176] [warning] Couldn't find file 'r_talus.vtp'.
[2026-02-17 10:08:18.176] [warning] Couldn't find file 'r_foot.vtp'.
[2026-02-17 10:08:18.176] [warning] Couldn't find file 'r_bofoot.vtp'.
[2026-02-17 10:08:18.176] [warning] Couldn't find file 'l_femur.vtp'.
[2026-02-17 10:08:18.176] [warning] Couldn't find file 'l_tibia.vtp'.
[2026-02-17 10:08:18.176] [warning] Couldn't find file 'l_fibula.vtp'.
[2026-02-17 10:08:18.177] [warning] Couldn't find file 'l_patella.vtp'.
[2026-02-17 10:08:18.177] [warning] Couldn't find file 'l_talus.vtp'.
[2026-02-17 10:08:18.177] [warning] Couldn't find file 'l_foot.vtp'.
[2026-02-17 10:08:18.177] [warning] Couldn't find file 'l_bofoot.vtp'.
[2026-02-17 10:08:18.177] [warning] Couldn't find file 'hat_spine.vtp'.
[2026-02-17 10:08:18.177] [warning] Couldn't find file 'hat_jaw.vtp'.
[2026-02-17 10:08:18.177] [warning] Couldn't find file 'hat_skull.vtp'.
[2026-02-17 10:08:18.177] [warning] Couldn't find file 'hat_ribs_scap.vtp'.
[2026-02-17 10:08:18.177] [warning] Couldn't find file 'humerus_rv.vtp'.
[2026-02-17 10:08:18.177] [warning] Couldn't find file 'ulna_rv.vtp'.
[2026-02-17 10:08:18.177] [warning] Couldn't find file 'radius_rv.vtp'.
[2026-02-17 10:08:18.177] [warning] Couldn't find file 'pisiform_rvs.vtp'.
[2026-02-17 10:08:18.177] [warning] Couldn't find file 'lunate_rvs.vtp'.
[2026-02-17 10:08:18.177] [warning] Couldn't find file 'scaphoid_rvs.vtp'.
[2026-02-17 10:08:18.177] [warning] Couldn't find file 'triquetrum_rvs.vtp'.
[2026-02-17 10:08:18.177] [warning] Couldn't find file 'hamate_rvs.vtp'.
[2026-02-17 10:08:18.177] [warning] Couldn't find file 'capitate_rvs.vtp'.
[2026-02-17 10:08:18.177] [warning] Couldn't find file 'trapezoid_rvs.vtp'.
[2026-02-17 10:08:18.177] [warning] Couldn't find file 'trapezium_rvs.vtp'.
[2026-02-17 10:08:18.177] [warning] Couldn't find file 'metacarpal2_rvs.vtp'.
[2026-02-17 10:08:18.177] [warning] Couldn't find file 'index_proximal_rvs.vtp'.
[2026-02-17 10:08:18.177] [warning] Couldn't find file 'index_medial_rvs.vtp'.
[2026-02-17 10:08:18.177] [warning] Couldn't find file 'index_distal_rvs.vtp'.
[2026-02-17 10:08:18.177] [warning] Couldn't find file 'metacarpal3_rvs.vtp'.
[2026-02-17 10:08:18.177] [warning] Couldn't find file 'middle_proximal_rvs.vtp'.
[2026-02-17 10:08:18.177] [warning] Couldn't find file 'middle_medial_rvs.vtp'.
[2026-02-17 10:08:18.178] [warning] Couldn't find file 'middle_distal_rvs.vtp'.
[2026-02-17 10:08:18.178] [warning] Couldn't find file 'metacarpal4_rvs.vtp'.
[2026-02-17 10:08:18.178] [warning] Couldn't find file 'ring_proximal_rvs.vtp'.
[2026-02-17 10:08:18.178] [warning] Couldn't find file 'ring_medial_rvs.vtp'.
[2026-02-17 10:08:18.178] [warning] Couldn't find file 'ring_distal_rvs.vtp'.
[2026-02-17 10:08:18.178] [warning] Couldn't find file 'metacarpal5_rvs.vtp'.
[2026-02-17 10:08:18.178] [warning] Couldn't find file 'little_proximal_rvs.vtp'.
[2026-02-17 10:08:18.178] [warning] Couldn't find file 'little_medial_rvs.vtp'.
[2026-02-17 10:08:18.178] [warning] Couldn't find file 'little_distal_rvs.vtp'.
[2026-02-17 10:08:18.178] [warning] Couldn't find file 'metacarpal1_rvs.vtp'.
[2026-02-17 10:08:18.178] [warning] Couldn't find file 'thumb_proximal_rvs.vtp'.
[2026-02-17 10:08:18.178] [warning] Couldn't find file 'thumb_distal_rvs.vtp'.
[2026-02-17 10:08:18.178] [warning] Couldn't find file 'humerus_lv.vtp'.
[2026-02-17 10:08:18.178] [warning] Couldn't find file 'ulna_lv.vtp'.
[2026-02-17 10:08:18.178] [warning] Couldn't find file 'radius_lv.vtp'.
[2026-02-17 10:08:18.178] [warning] Couldn't find file 'pisiform_lvs.vtp'.
[2026-02-17 10:08:18.178] [warning] Couldn't find file 'lunate_lvs.vtp'.
[2026-02-17 10:08:18.178] [warning] Couldn't find file 'scaphoid_lvs.vtp'.
[2026-02-17 10:08:18.178] [warning] Couldn't find file 'triquetrum_lvs.vtp'.
[2026-02-17 10:08:18.178] [warning] Couldn't find file 'hamate_lvs.vtp'.
[2026-02-17 10:08:18.178] [warning] Couldn't find file 'capitate_lvs.vtp'.
[2026-02-17 10:08:18.178] [warning] Couldn't find file 'trapezoid_lvs.vtp'.
[2026-02-17 10:08:18.178] [warning] Couldn't find file 'trapezium_lvs.vtp'.
[2026-02-17 10:08:18.178] [warning] Couldn't find file 'metacarpal2_lvs.vtp'.
[2026-02-17 10:08:18.178] [warning] Couldn't find file 'index_proximal_lvs.vtp'.
[2026-02-17 10:08:18.178] [warning] Couldn't find file 'index_medial_lvs.vtp'.
[2026-02-17 10:08:18.178] [warning] Couldn't find file 'index_distal_lvs.vtp'.
[2026-02-17 10:08:18.178] [warning] Couldn't find file 'metacarpal3_lvs.vtp'.
[2026-02-17 10:08:18.179] [warning] Couldn't find file 'middle_proximal_lvs.vtp'.
[2026-02-17 10:08:18.179] [warning] Couldn't find file 'middle_medial_lvs.vtp'.
[2026-02-17 10:08:18.179] [warning] Couldn't find file 'middle_distal_lvs.vtp'.
[2026-02-17 10:08:18.179] [warning] Couldn't find file 'metacarpal4_lvs.vtp'.
[2026-02-17 10:08:18.179] [warning] Couldn't find file 'ring_proximal_lvs.vtp'.
[2026-02-17 10:08:18.179] [warning] Couldn't find file 'ring_medial_lvs.vtp'.
[2026-02-17 10:08:18.179] [warning] Couldn't find file 'ring_distal_lvs.vtp'.
[2026-02-17 10:08:18.179] [warning] Couldn't find file 'metacarpal5_lvs.vtp'.
[2026-02-17 10:08:18.179] [warning] Couldn't find file 'little_proximal_lvs.vtp'.
[2026-02-17 10:08:18.179] [warning] Couldn't find file 'little_medial_lvs.vtp'.
[2026-02-17 10:08:18.179] [warning] Couldn't find file 'little_distal_lvs.vtp'.
[2026-02-17 10:08:18.179] [warning] Couldn't find file 'metacarpal1_lvs.vtp'.
[2026-02-17 10:08:18.179] [warning] Couldn't find file 'thumb_proximal_lvs.vtp'.
[2026-02-17 10:08:18.179] [warning] Couldn't find file 'thumb_distal_lvs.vtp'.
[2026-02-17 10:08:18.191] [info] AbstractTool IK_sub1_v2_t3 loading model C:\Users\Israel Luis\Documents\GitHub\GoalOptimized\Database\sub1\model\model_rajagopal2022_sub1.osim
[2026-02-17 10:08:18.204] [info] Updating Model file from 40000 to latest format...
[2026-02-17 10:08:18.222] [info] Loaded model 1_scaled_rajagopal2022 from file C:\Users\Israel Luis\Documents\GitHub\GoalOptimized\Database\sub1\model\model_rajagopal2022_sub1.osim
[2026-02-17 10:08:18.222] [warning] Couldn't find file 'r_pelvis.vtp'.
[2026-02-17 10:08:18.222] [warning] Couldn't find file 'l_pelvis.vtp'.
[2026-02-17 10:08:18.222] [warning] Couldn't find file 'sacrum.vtp'.
[2026-02-17 10:08:18.222] [warning] Couldn't find file 'r_femur.vtp'.
[2026-02-17 10:08:18.222] [warning] Couldn't find file 'r_tibia.vtp'.
[2026-02-17 10:08:18.222] [warning] Couldn't find file 'r_fibula.vtp'.
[2026-02-17 10:08:18.222] [warning] Couldn't find file 'r_patella.vtp'.
[2026-02-17 10:08:18.222] [warning] Couldn't find file 'r_talus.vtp'.
[2026-02-17 10:08:18.222] [warning] Couldn't find file 'r_foot.vtp'.
[2026-02-17 10:08:18.223] [warning] Couldn't find file 'r_bofoot.vtp'.
[2026-02-17 10:08:18.223] [warning] Couldn't find file 'l_femur.vtp'.
[2026-02-17 10:08:18.223] [warning] Couldn't find file 'l_tibia.vtp'.
[2026-02-17 10:08:18.223] [warning] Couldn't find file 'l_fibula.vtp'.
[2026-02-17 10:08:18.223] [warning] Couldn't find file 'l_patella.vtp'.
[2026-02-17 10:08:18.223] [warning] Couldn't find file 'l_talus.vtp'.
[2026-02-17 10:08:18.223] [warning] Couldn't find file 'l_foot.vtp'.
[2026-02-17 10:08:18.223] [warning] Couldn't find file 'l_bofoot.vtp'.
[2026-02-17 10:08:18.223] [warning] Couldn't find file 'hat_spine.vtp'.
[2026-02-17 10:08:18.223] [warning] Couldn't find file 'hat_jaw.vtp'.
[2026-02-17 10:08:18.223] [warning] Couldn't find file 'hat_skull.vtp'.
[2026-02-17 10:08:18.223] [warning] Couldn't find file 'hat_ribs_scap.vtp'.
[2026-02-17 10:08:18.223] [warning] Couldn't find file 'humerus_rv.vtp'.
[2026-02-17 10:08:18.223] [warning] Couldn't find file 'ulna_rv.vtp'.
[2026-02-17 10:08:18.223] [warning] Couldn't find file 'radius_rv.vtp'.
[2026-02-17 10:08:18.223] [warning] Couldn't find file 'pisiform_rvs.vtp'.
[2026-02-17 10:08:18.223] [warning] Couldn't find file 'lunate_rvs.vtp'.
[2026-02-17 10:08:18.223] [warning] Couldn't find file 'scaphoid_rvs.vtp'.
[2026-02-17 10:08:18.223] [warning] Couldn't find file 'triquetrum_rvs.vtp'.
[2026-02-17 10:08:18.223] [warning] Couldn't find file 'hamate_rvs.vtp'.
[2026-02-17 10:08:18.223] [warning] Couldn't find file 'capitate_rvs.vtp'.
[2026-02-17 10:08:18.223] [warning] Couldn't find file 'trapezoid_rvs.vtp'.
[2026-02-17 10:08:18.223] [warning] Couldn't find file 'trapezium_rvs.vtp'.
[2026-02-17 10:08:18.223] [warning] Couldn't find file 'metacarpal2_rvs.vtp'.
[2026-02-17 10:08:18.223] [warning] Couldn't find file 'index_proximal_rvs.vtp'.
[2026-02-17 10:08:18.223] [warning] Couldn't find file 'index_medial_rvs.vtp'.
[2026-02-17 10:08:18.223] [warning] Couldn't find file 'index_distal_rvs.vtp'.
[2026-02-17 10:08:18.223] [warning] Couldn't find file 'metacarpal3_rvs.vtp'.
[2026-02-17 10:08:18.224] [warning] Couldn't find file 'middle_proximal_rvs.vtp'.
[2026-02-17 10:08:18.224] [warning] Couldn't find file 'middle_medial_rvs.vtp'.
[2026-02-17 10:08:18.224] [warning] Couldn't find file 'middle_distal_rvs.vtp'.
[2026-02-17 10:08:18.224] [warning] Couldn't find file 'metacarpal4_rvs.vtp'.
[2026-02-17 10:08:18.224] [warning] Couldn't find file 'ring_proximal_rvs.vtp'.
[2026-02-17 10:08:18.224] [warning] Couldn't find file 'ring_medial_rvs.vtp'.
[2026-02-17 10:08:18.224] [warning] Couldn't find file 'ring_distal_rvs.vtp'.
[2026-02-17 10:08:18.224] [warning] Couldn't find file 'metacarpal5_rvs.vtp'.
[2026-02-17 10:08:18.224] [warning] Couldn't find file 'little_proximal_rvs.vtp'.
[2026-02-17 10:08:18.224] [warning] Couldn't find file 'little_medial_rvs.vtp'.
[2026-02-17 10:08:18.224] [warning] Couldn't find file 'little_distal_rvs.vtp'.
[2026-02-17 10:08:18.224] [warning] Couldn't find file 'metacarpal1_rvs.vtp'.
[2026-02-17 10:08:18.224] [warning] Couldn't find file 'thumb_proximal_rvs.vtp'.
[2026-02-17 10:08:18.224] [warning] Couldn't find file 'thumb_distal_rvs.vtp'.
[2026-02-17 10:08:18.224] [warning] Couldn't find file 'humerus_lv.vtp'.
[2026-02-17 10:08:18.224] [warning] Couldn't find file 'ulna_lv.vtp'.
[2026-02-17 10:08:18.224] [warning] Couldn't find file 'radius_lv.vtp'.
[2026-02-17 10:08:18.224] [warning] Couldn't find file 'pisiform_lvs.vtp'.
[2026-02-17 10:08:18.224] [warning] Couldn't find file 'lunate_lvs.vtp'.
[2026-02-17 10:08:18.224] [warning] Couldn't find file 'scaphoid_lvs.vtp'.
[2026-02-17 10:08:18.224] [warning] Couldn't find file 'triquetrum_lvs.vtp'.
[2026-02-17 10:08:18.224] [warning] Couldn't find file 'hamate_lvs.vtp'.
[2026-02-17 10:08:18.224] [warning] Couldn't find file 'capitate_lvs.vtp'.
[2026-02-17 10:08:18.224] [warning] Couldn't find file 'trapezoid_lvs.vtp'.
[2026-02-17 10:08:18.224] [warning] Couldn't find file 'trapezium_lvs.vtp'.
[2026-02-17 10:08:18.224] [warning] Couldn't find file 'metacarpal2_lvs.vtp'.
[2026-02-17 10:08:18.224] [warning] Couldn't find file 'index_proximal_lvs.vtp'.
[2026-02-17 10:08:18.224] [warning] Couldn't find file 'index_medial_lvs.vtp'.
[2026-02-17 10:08:18.225] [warning] Couldn't find file 'index_distal_lvs.vtp'.
[2026-02-17 10:08:18.225] [warning] Couldn't find file 'metacarpal3_lvs.vtp'.
[2026-02-17 10:08:18.225] [warning] Couldn't find file 'middle_proximal_lvs.vtp'.
[2026-02-17 10:08:18.225] [warning] Couldn't find file 'middle_medial_lvs.vtp'.
[2026-02-17 10:08:18.225] [warning] Couldn't find file 'middle_distal_lvs.vtp'.
[2026-02-17 10:08:18.225] [warning] Couldn't find file 'metacarpal4_lvs.vtp'.
[2026-02-17 10:08:18.225] [warning] Couldn't find file 'ring_proximal_lvs.vtp'.
[2026-02-17 10:08:18.225] [warning] Couldn't find file 'ring_medial_lvs.vtp'.
[2026-02-17 10:08:18.225] [warning] Couldn't find file 'ring_distal_lvs.vtp'.
[2026-02-17 10:08:18.225] [warning] Couldn't find file 'metacarpal5_lvs.vtp'.
[2026-02-17 10:08:18.225] [warning] Couldn't find file 'little_proximal_lvs.vtp'.
[2026-02-17 10:08:18.225] [warning] Couldn't find file 'little_medial_lvs.vtp'.
[2026-02-17 10:08:18.225] [warning] Couldn't find file 'little_distal_lvs.vtp'.
[2026-02-17 10:08:18.225] [warning] Couldn't find file 'metacarpal1_lvs.vtp'.
[2026-02-17 10:08:18.225] [warning] Couldn't find file 'thumb_proximal_lvs.vtp'.
[2026-02-17 10:08:18.225] [warning] Couldn't find file 'thumb_distal_lvs.vtp'.
[2026-02-17 10:08:18.229] [info] No external loads will be applied (external loads file not specified).
[2026-02-17 10:08:18.241] [info] Loading coordinates from file 'C:\Users\Israel Luis\Documents\GitHub\GoalOptimized\Database\sub1\IK\IK_sub1_v2_t3.mot'.
[2026-02-17 10:08:18.241] [info] Storage: read data file = C:\Users\Israel Luis\Documents\GitHub\GoalOptimized\Database\sub1\IK\IK_sub1_v2_t3.mot (nr=115 nc=40)
[2026-02-17 10:08:18.786] [info] Found 115 state vectors with time stamps ranging from 1.11 to 2.25.
[2026-02-17 10:08:18.786] [info] Executing the analyses from 1.11 to 2.25...
[2026-02-17 10:08:22.859] [info] Printing results of investigation IK_sub1_v2_t3 to C:\Users\Israel Luis\Documents\GitHub\GoalOptimized\ProjectResults\DSE\sub1\multiCycle\Je\MuscleAnalysis
[2026-02-17 10:13:06.078] [info] Updating Model file from 40000 to latest format...
[2026-02-17 10:13:06.095] [info] Loaded model 2_scaled_rajagopal2022 from file C:\Users\Israel Luis\Documents\GitHub\GoalOptimized\Database\sub2\model\model_rajagopal2022_sub2.osim
[2026-02-17 10:13:06.096] [warning] Couldn't find file 'r_pelvis.vtp'.
[2026-02-17 10:13:06.096] [warning] Couldn't find file 'l_pelvis.vtp'.
[2026-02-17 10:13:06.096] [warning] Couldn't find file 'sacrum.vtp'.
[2026-02-17 10:13:06.096] [warning] Couldn't find file 'r_femur.vtp'.
[2026-02-17 10:13:06.096] [warning] Couldn't find file 'r_tibia.vtp'.
[2026-02-17 10:13:06.096] [warning] Couldn't find file 'r_fibula.vtp'.
[2026-02-17 10:13:06.096] [warning] Couldn't find file 'r_patella.vtp'.
[2026-02-17 10:13:06.096] [warning] Couldn't find file 'r_talus.vtp'.
[2026-02-17 10:13:06.096] [warning] Couldn't find file 'r_foot.vtp'.
[2026-02-17 10:13:06.096] [warning] Couldn't find file 'r_bofoot.vtp'.
[2026-02-17 10:13:06.096] [warning] Couldn't find file 'l_femur.vtp'.
[2026-02-17 10:13:06.096] [warning] Couldn't find file 'l_tibia.vtp'.
[2026-02-17 10:13:06.096] [warning] Couldn't find file 'l_fibula.vtp'.
[2026-02-17 10:13:06.096] [warning] Couldn't find file 'l_patella.vtp'.
[2026-02-17 10:13:06.096] [warning] Couldn't find file 'l_talus.vtp'.
[2026-02-17 10:13:06.096] [warning] Couldn't find file 'l_foot.vtp'.
[2026-02-17 10:13:06.096] [warning] Couldn't find file 'l_bofoot.vtp'.
[2026-02-17 10:13:06.096] [warning] Couldn't find file 'hat_spine.vtp'.
[2026-02-17 10:13:06.096] [warning] Couldn't find file 'hat_jaw.vtp'.
[2026-02-17 10:13:06.097] [warning] Couldn't find file 'hat_skull.vtp'.
[2026-02-17 10:13:06.097] [warning] Couldn't find file 'hat_ribs_scap.vtp'.
[2026-02-17 10:13:06.097] [warning] Couldn't find file 'humerus_rv.vtp'.
[2026-02-17 10:13:06.097] [warning] Couldn't find file 'ulna_rv.vtp'.
[2026-02-17 10:13:06.097] [warning] Couldn't find file 'radius_rv.vtp'.
[2026-02-17 10:13:06.097] [warning] Couldn't find file 'pisiform_rvs.vtp'.
[2026-02-17 10:13:06.097] [warning] Couldn't find file 'lunate_rvs.vtp'.
[2026-02-17 10:13:06.097] [warning] Couldn't find file 'scaphoid_rvs.vtp'.
[2026-02-17 10:13:06.097] [warning] Couldn't find file 'triquetrum_rvs.vtp'.
[2026-02-17 10:13:06.097] [warning] Couldn't find file 'hamate_rvs.vtp'.
[2026-02-17 10:13:06.097] [warning] Couldn't find file 'capitate_rvs.vtp'.
[2026-02-17 10:13:06.097] [warning] Couldn't find file 'trapezoid_rvs.vtp'.
[2026-02-17 10:13:06.097] [warning] Couldn't find file 'trapezium_rvs.vtp'.
[2026-02-17 10:13:06.097] [warning] Couldn't find file 'metacarpal2_rvs.vtp'.
[2026-02-17 10:13:06.097] [warning] Couldn't find file 'index_proximal_rvs.vtp'.
[2026-02-17 10:13:06.097] [warning] Couldn't find file 'index_medial_rvs.vtp'.
[2026-02-17 10:13:06.097] [warning] Couldn't find file 'index_distal_rvs.vtp'.
[2026-02-17 10:13:06.097] [warning] Couldn't find file 'metacarpal3_rvs.vtp'.
[2026-02-17 10:13:06.097] [warning] Couldn't find file 'middle_proximal_rvs.vtp'.
[2026-02-17 10:13:06.097] [warning] Couldn't find file 'middle_medial_rvs.vtp'.
[2026-02-17 10:13:06.097] [warning] Couldn't find file 'middle_distal_rvs.vtp'.
[2026-02-17 10:13:06.097] [warning] Couldn't find file 'metacarpal4_rvs.vtp'.
[2026-02-17 10:13:06.097] [warning] Couldn't find file 'ring_proximal_rvs.vtp'.
[2026-02-17 10:13:06.097] [warning] Couldn't find file 'ring_medial_rvs.vtp'.
[2026-02-17 10:13:06.097] [warning] Couldn't find file 'ring_distal_rvs.vtp'.
[2026-02-17 10:13:06.097] [warning] Couldn't find file 'metacarpal5_rvs.vtp'.
[2026-02-17 10:13:06.097] [warning] Couldn't find file 'little_proximal_rvs.vtp'.
[2026-02-17 10:13:06.097] [warning] Couldn't find file 'little_medial_rvs.vtp'.
[2026-02-17 10:13:06.098] [warning] Couldn't find file 'little_distal_rvs.vtp'.
[2026-02-17 10:13:06.098] [warning] Couldn't find file 'metacarpal1_rvs.vtp'.
[2026-02-17 10:13:06.098] [warning] Couldn't find file 'thumb_proximal_rvs.vtp'.
[2026-02-17 10:13:06.098] [warning] Couldn't find file 'thumb_distal_rvs.vtp'.
[2026-02-17 10:13:06.098] [warning] Couldn't find file 'humerus_lv.vtp'.
[2026-02-17 10:13:06.098] [warning] Couldn't find file 'ulna_lv.vtp'.
[2026-02-17 10:13:06.098] [warning] Couldn't find file 'radius_lv.vtp'.
[2026-02-17 10:13:06.098] [warning] Couldn't find file 'pisiform_lvs.vtp'.
[2026-02-17 10:13:06.098] [warning] Couldn't find file 'lunate_lvs.vtp'.
[2026-02-17 10:13:06.098] [warning] Couldn't find file 'scaphoid_lvs.vtp'.
[2026-02-17 10:13:06.098] [warning] Couldn't find file 'triquetrum_lvs.vtp'.
[2026-02-17 10:13:06.098] [warning] Couldn't find file 'hamate_lvs.vtp'.
[2026-02-17 10:13:06.098] [warning] Couldn't find file 'capitate_lvs.vtp'.
[2026-02-17 10:13:06.098] [warning] Couldn't find file 'trapezoid_lvs.vtp'.
[2026-02-17 10:13:06.098] [warning] Couldn't find file 'trapezium_lvs.vtp'.
[2026-02-17 10:13:06.098] [warning] Couldn't find file 'metacarpal2_lvs.vtp'.
[2026-02-17 10:13:06.098] [warning] Couldn't find file 'index_proximal_lvs.vtp'.
[2026-02-17 10:13:06.098] [warning] Couldn't find file 'index_medial_lvs.vtp'.
[2026-02-17 10:13:06.098] [warning] Couldn't find file 'index_distal_lvs.vtp'.
[2026-02-17 10:13:06.098] [warning] Couldn't find file 'metacarpal3_lvs.vtp'.
[2026-02-17 10:13:06.098] [warning] Couldn't find file 'middle_proximal_lvs.vtp'.
[2026-02-17 10:13:06.098] [warning] Couldn't find file 'middle_medial_lvs.vtp'.
[2026-02-17 10:13:06.098] [warning] Couldn't find file 'middle_distal_lvs.vtp'.
[2026-02-17 10:13:06.098] [warning] Couldn't find file 'metacarpal4_lvs.vtp'.
[2026-02-17 10:13:06.098] [warning] Couldn't find file 'ring_proximal_lvs.vtp'.
[2026-02-17 10:13:06.098] [warning] Couldn't find file 'ring_medial_lvs.vtp'.
[2026-02-17 10:13:06.098] [warning] Couldn't find file 'ring_distal_lvs.vtp'.
[2026-02-17 10:13:06.099] [warning] Couldn't find file 'metacarpal5_lvs.vtp'.
[2026-02-17 10:13:06.099] [warning] Couldn't find file 'little_proximal_lvs.vtp'.
[2026-02-17 10:13:06.099] [warning] Couldn't find file 'little_medial_lvs.vtp'.
[2026-02-17 10:13:06.099] [warning] Couldn't find file 'little_distal_lvs.vtp'.
[2026-02-17 10:13:06.099] [warning] Couldn't find file 'metacarpal1_lvs.vtp'.
[2026-02-17 10:13:06.099] [warning] Couldn't find file 'thumb_proximal_lvs.vtp'.
[2026-02-17 10:13:06.099] [warning] Couldn't find file 'thumb_distal_lvs.vtp'.
[2026-02-17 10:13:06.111] [info] AbstractTool IK_sub2_v2_t1 loading model C:\Users\Israel Luis\Documents\GitHub\GoalOptimized\Database\sub2\model\model_rajagopal2022_sub2.osim
[2026-02-17 10:13:06.124] [info] Updating Model file from 40000 to latest format...
[2026-02-17 10:13:06.142] [info] Loaded model 2_scaled_rajagopal2022 from file C:\Users\Israel Luis\Documents\GitHub\GoalOptimized\Database\sub2\model\model_rajagopal2022_sub2.osim
[2026-02-17 10:13:06.142] [warning] Couldn't find file 'r_pelvis.vtp'.
[2026-02-17 10:13:06.143] [warning] Couldn't find file 'l_pelvis.vtp'.
[2026-02-17 10:13:06.143] [warning] Couldn't find file 'sacrum.vtp'.
[2026-02-17 10:13:06.143] [warning] Couldn't find file 'r_femur.vtp'.
[2026-02-17 10:13:06.143] [warning] Couldn't find file 'r_tibia.vtp'.
[2026-02-17 10:13:06.143] [warning] Couldn't find file 'r_fibula.vtp'.
[2026-02-17 10:13:06.143] [warning] Couldn't find file 'r_patella.vtp'.
[2026-02-17 10:13:06.143] [warning] Couldn't find file 'r_talus.vtp'.
[2026-02-17 10:13:06.143] [warning] Couldn't find file 'r_foot.vtp'.
[2026-02-17 10:13:06.143] [warning] Couldn't find file 'r_bofoot.vtp'.
[2026-02-17 10:13:06.143] [warning] Couldn't find file 'l_femur.vtp'.
[2026-02-17 10:13:06.143] [warning] Couldn't find file 'l_tibia.vtp'.
[2026-02-17 10:13:06.143] [warning] Couldn't find file 'l_fibula.vtp'.
[2026-02-17 10:13:06.143] [warning] Couldn't find file 'l_patella.vtp'.
[2026-02-17 10:13:06.143] [warning] Couldn't find file 'l_talus.vtp'.
[2026-02-17 10:13:06.143] [warning] Couldn't find file 'l_foot.vtp'.
[2026-02-17 10:13:06.143] [warning] Couldn't find file 'l_bofoot.vtp'.
[2026-02-17 10:13:06.143] [warning] Couldn't find file 'hat_spine.vtp'.
[2026-02-17 10:13:06.143] [warning] Couldn't find file 'hat_jaw.vtp'.
[2026-02-17 10:13:06.143] [warning] Couldn't find file 'hat_skull.vtp'.
[2026-02-17 10:13:06.143] [warning] Couldn't find file 'hat_ribs_scap.vtp'.
[2026-02-17 10:13:06.143] [warning] Couldn't find file 'humerus_rv.vtp'.
[2026-02-17 10:13:06.143] [warning] Couldn't find file 'ulna_rv.vtp'.
[2026-02-17 10:13:06.143] [warning] Couldn't find file 'radius_rv.vtp'.
[2026-02-17 10:13:06.143] [warning] Couldn't find file 'pisiform_rvs.vtp'.
[2026-02-17 10:13:06.143] [warning] Couldn't find file 'lunate_rvs.vtp'.
[2026-02-17 10:13:06.143] [warning] Couldn't find file 'scaphoid_rvs.vtp'.
[2026-02-17 10:13:06.143] [warning] Couldn't find file 'triquetrum_rvs.vtp'.
[2026-02-17 10:13:06.144] [warning] Couldn't find file 'hamate_rvs.vtp'.
[2026-02-17 10:13:06.144] [warning] Couldn't find file 'capitate_rvs.vtp'.
[2026-02-17 10:13:06.144] [warning] Couldn't find file 'trapezoid_rvs.vtp'.
[2026-02-17 10:13:06.144] [warning] Couldn't find file 'trapezium_rvs.vtp'.
[2026-02-17 10:13:06.144] [warning] Couldn't find file 'metacarpal2_rvs.vtp'.
[2026-02-17 10:13:06.144] [warning] Couldn't find file 'index_proximal_rvs.vtp'.
[2026-02-17 10:13:06.144] [warning] Couldn't find file 'index_medial_rvs.vtp'.
[2026-02-17 10:13:06.144] [warning] Couldn't find file 'index_distal_rvs.vtp'.
[2026-02-17 10:13:06.144] [warning] Couldn't find file 'metacarpal3_rvs.vtp'.
[2026-02-17 10:13:06.144] [warning] Couldn't find file 'middle_proximal_rvs.vtp'.
[2026-02-17 10:13:06.144] [warning] Couldn't find file 'middle_medial_rvs.vtp'.
[2026-02-17 10:13:06.144] [warning] Couldn't find file 'middle_distal_rvs.vtp'.
[2026-02-17 10:13:06.144] [warning] Couldn't find file 'metacarpal4_rvs.vtp'.
[2026-02-17 10:13:06.144] [warning] Couldn't find file 'ring_proximal_rvs.vtp'.
[2026-02-17 10:13:06.144] [warning] Couldn't find file 'ring_medial_rvs.vtp'.
[2026-02-17 10:13:06.144] [warning] Couldn't find file 'ring_distal_rvs.vtp'.
[2026-02-17 10:13:06.144] [warning] Couldn't find file 'metacarpal5_rvs.vtp'.
[2026-02-17 10:13:06.144] [warning] Couldn't find file 'little_proximal_rvs.vtp'.
[2026-02-17 10:13:06.144] [warning] Couldn't find file 'little_medial_rvs.vtp'.
[2026-02-17 10:13:06.144] [warning] Couldn't find file 'little_distal_rvs.vtp'.
[2026-02-17 10:13:06.144] [warning] Couldn't find file 'metacarpal1_rvs.vtp'.
[2026-02-17 10:13:06.144] [warning] Couldn't find file 'thumb_proximal_rvs.vtp'.
[2026-02-17 10:13:06.144] [warning] Couldn't find file 'thumb_distal_rvs.vtp'.
[2026-02-17 10:13:06.144] [warning] Couldn't find file 'humerus_lv.vtp'.
[2026-02-17 10:13:06.144] [warning] Couldn't find file 'ulna_lv.vtp'.
[2026-02-17 10:13:06.144] [warning] Couldn't find file 'radius_lv.vtp'.
[2026-02-17 10:13:06.144] [warning] Couldn't find file 'pisiform_lvs.vtp'.
[2026-02-17 10:13:06.144] [warning] Couldn't find file 'lunate_lvs.vtp'.
[2026-02-17 10:13:06.145] [warning] Couldn't find file 'scaphoid_lvs.vtp'.
[2026-02-17 10:13:06.145] [warning] Couldn't find file 'triquetrum_lvs.vtp'.
[2026-02-17 10:13:06.145] [warning] Couldn't find file 'hamate_lvs.vtp'.
[2026-02-17 10:13:06.145] [warning] Couldn't find file 'capitate_lvs.vtp'.
[2026-02-17 10:13:06.145] [warning] Couldn't find file 'trapezoid_lvs.vtp'.
[2026-02-17 10:13:06.145] [warning] Couldn't find file 'trapezium_lvs.vtp'.
[2026-02-17 10:13:06.145] [warning] Couldn't find file 'metacarpal2_lvs.vtp'.
[2026-02-17 10:13:06.145] [warning] Couldn't find file 'index_proximal_lvs.vtp'.
[2026-02-17 10:13:06.145] [warning] Couldn't find file 'index_medial_lvs.vtp'.
[2026-02-17 10:13:06.145] [warning] Couldn't find file 'index_distal_lvs.vtp'.
[2026-02-17 10:13:06.145] [warning] Couldn't find file 'metacarpal3_lvs.vtp'.
[2026-02-17 10:13:06.145] [warning] Couldn't find file 'middle_proximal_lvs.vtp'.
[2026-02-17 10:13:06.145] [warning] Couldn't find file 'middle_medial_lvs.vtp'.
[2026-02-17 10:13:06.145] [warning] Couldn't find file 'middle_distal_lvs.vtp'.
[2026-02-17 10:13:06.145] [warning] Couldn't find file 'metacarpal4_lvs.vtp'.
[2026-02-17 10:13:06.145] [warning] Couldn't find file 'ring_proximal_lvs.vtp'.
[2026-02-17 10:13:06.145] [warning] Couldn't find file 'ring_medial_lvs.vtp'.
[2026-02-17 10:13:06.145] [warning] Couldn't find file 'ring_distal_lvs.vtp'.
[2026-02-17 10:13:06.145] [warning] Couldn't find file 'metacarpal5_lvs.vtp'.
[2026-02-17 10:13:06.145] [warning] Couldn't find file 'little_proximal_lvs.vtp'.
[2026-02-17 10:13:06.145] [warning] Couldn't find file 'little_medial_lvs.vtp'.
[2026-02-17 10:13:06.145] [warning] Couldn't find file 'little_distal_lvs.vtp'.
[2026-02-17 10:13:06.145] [warning] Couldn't find file 'metacarpal1_lvs.vtp'.
[2026-02-17 10:13:06.145] [warning] Couldn't find file 'thumb_proximal_lvs.vtp'.
[2026-02-17 10:13:06.145] [warning] Couldn't find file 'thumb_distal_lvs.vtp'.
[2026-02-17 10:13:06.150] [info] No external loads will be applied (external loads file not specified).
[2026-02-17 10:13:06.162] [info] Loading coordinates from file 'C:\Users\Israel Luis\Documents\GitHub\GoalOptimized\Database\sub2\IK\IK_sub2_v2_t1.mot'.
[2026-02-17 10:13:06.162] [info] Storage: read data file = C:\Users\Israel Luis\Documents\GitHub\GoalOptimized\Database\sub2\IK\IK_sub2_v2_t1.mot (nr=116 nc=40)
[2026-02-17 10:13:06.790] [info] Found 116 state vectors with time stamps ranging from 1.2 to 2.35.
[2026-02-17 10:13:06.790] [info] Executing the analyses from 1.2 to 2.35...
[2026-02-17 10:13:10.985] [info] Printing results of investigation IK_sub2_v2_t1 to C:\Users\Israel Luis\Documents\GitHub\GoalOptimized\ProjectResults\DSE\sub2\multiCycle\Je\MuscleAnalysis
[2026-02-17 10:13:14.890] [info] Updating Model file from 40000 to latest format...
[2026-02-17 10:13:14.907] [info] Loaded model 2_scaled_rajagopal2022 from file C:\Users\Israel Luis\Documents\GitHub\GoalOptimized\Database\sub2\model\model_rajagopal2022_sub2.osim
[2026-02-17 10:13:14.907] [warning] Couldn't find file 'r_pelvis.vtp'.
[2026-02-17 10:13:14.907] [warning] Couldn't find file 'l_pelvis.vtp'.
[2026-02-17 10:13:14.907] [warning] Couldn't find file 'sacrum.vtp'.
[2026-02-17 10:13:14.907] [warning] Couldn't find file 'r_femur.vtp'.
[2026-02-17 10:13:14.907] [warning] Couldn't find file 'r_tibia.vtp'.
[2026-02-17 10:13:14.907] [warning] Couldn't find file 'r_fibula.vtp'.
[2026-02-17 10:13:14.907] [warning] Couldn't find file 'r_patella.vtp'.
[2026-02-17 10:13:14.907] [warning] Couldn't find file 'r_talus.vtp'.
[2026-02-17 10:13:14.907] [warning] Couldn't find file 'r_foot.vtp'.
[2026-02-17 10:13:14.907] [warning] Couldn't find file 'r_bofoot.vtp'.
[2026-02-17 10:13:14.907] [warning] Couldn't find file 'l_femur.vtp'.
[2026-02-17 10:13:14.907] [warning] Couldn't find file 'l_tibia.vtp'.
[2026-02-17 10:13:14.907] [warning] Couldn't find file 'l_fibula.vtp'.
[2026-02-17 10:13:14.907] [warning] Couldn't find file 'l_patella.vtp'.
[2026-02-17 10:13:14.907] [warning] Couldn't find file 'l_talus.vtp'.
[2026-02-17 10:13:14.908] [warning] Couldn't find file 'l_foot.vtp'.
[2026-02-17 10:13:14.908] [warning] Couldn't find file 'l_bofoot.vtp'.
[2026-02-17 10:13:14.908] [warning] Couldn't find file 'hat_spine.vtp'.
[2026-02-17 10:13:14.908] [warning] Couldn't find file 'hat_jaw.vtp'.
[2026-02-17 10:13:14.908] [warning] Couldn't find file 'hat_skull.vtp'.
[2026-02-17 10:13:14.908] [warning] Couldn't find file 'hat_ribs_scap.vtp'.
[2026-02-17 10:13:14.908] [warning] Couldn't find file 'humerus_rv.vtp'.
[2026-02-17 10:13:14.908] [warning] Couldn't find file 'ulna_rv.vtp'.
[2026-02-17 10:13:14.908] [warning] Couldn't find file 'radius_rv.vtp'.
[2026-02-17 10:13:14.908] [warning] Couldn't find file 'pisiform_rvs.vtp'.
[2026-02-17 10:13:14.908] [warning] Couldn't find file 'lunate_rvs.vtp'.
[2026-02-17 10:13:14.908] [warning] Couldn't find file 'scaphoid_rvs.vtp'.
[2026-02-17 10:13:14.908] [warning] Couldn't find file 'triquetrum_rvs.vtp'.
[2026-02-17 10:13:14.908] [warning] Couldn't find file 'hamate_rvs.vtp'.
[2026-02-17 10:13:14.908] [warning] Couldn't find file 'capitate_rvs.vtp'.
[2026-02-17 10:13:14.908] [warning] Couldn't find file 'trapezoid_rvs.vtp'.
[2026-02-17 10:13:14.908] [warning] Couldn't find file 'trapezium_rvs.vtp'.
[2026-02-17 10:13:14.908] [warning] Couldn't find file 'metacarpal2_rvs.vtp'.
[2026-02-17 10:13:14.908] [warning] Couldn't find file 'index_proximal_rvs.vtp'.
[2026-02-17 10:13:14.908] [warning] Couldn't find file 'index_medial_rvs.vtp'.
[2026-02-17 10:13:14.908] [warning] Couldn't find file 'index_distal_rvs.vtp'.
[2026-02-17 10:13:14.908] [warning] Couldn't find file 'metacarpal3_rvs.vtp'.
[2026-02-17 10:13:14.908] [warning] Couldn't find file 'middle_proximal_rvs.vtp'.
[2026-02-17 10:13:14.908] [warning] Couldn't find file 'middle_medial_rvs.vtp'.
[2026-02-17 10:13:14.908] [warning] Couldn't find file 'middle_distal_rvs.vtp'.
[2026-02-17 10:13:14.908] [warning] Couldn't find file 'metacarpal4_rvs.vtp'.
[2026-02-17 10:13:14.908] [warning] Couldn't find file 'ring_proximal_rvs.vtp'.
[2026-02-17 10:13:14.909] [warning] Couldn't find file 'ring_medial_rvs.vtp'.
[2026-02-17 10:13:14.909] [warning] Couldn't find file 'ring_distal_rvs.vtp'.
[2026-02-17 10:13:14.909] [warning] Couldn't find file 'metacarpal5_rvs.vtp'.
[2026-02-17 10:13:14.909] [warning] Couldn't find file 'little_proximal_rvs.vtp'.
[2026-02-17 10:13:14.909] [warning] Couldn't find file 'little_medial_rvs.vtp'.
[2026-02-17 10:13:14.909] [warning] Couldn't find file 'little_distal_rvs.vtp'.
[2026-02-17 10:13:14.909] [warning] Couldn't find file 'metacarpal1_rvs.vtp'.
[2026-02-17 10:13:14.909] [warning] Couldn't find file 'thumb_proximal_rvs.vtp'.
[2026-02-17 10:13:14.909] [warning] Couldn't find file 'thumb_distal_rvs.vtp'.
[2026-02-17 10:13:14.909] [warning] Couldn't find file 'humerus_lv.vtp'.
[2026-02-17 10:13:14.909] [warning] Couldn't find file 'ulna_lv.vtp'.
[2026-02-17 10:13:14.909] [warning] Couldn't find file 'radius_lv.vtp'.
[2026-02-17 10:13:14.909] [warning] Couldn't find file 'pisiform_lvs.vtp'.
[2026-02-17 10:13:14.909] [warning] Couldn't find file 'lunate_lvs.vtp'.
[2026-02-17 10:13:14.909] [warning] Couldn't find file 'scaphoid_lvs.vtp'.
[2026-02-17 10:13:14.909] [warning] Couldn't find file 'triquetrum_lvs.vtp'.
[2026-02-17 10:13:14.909] [warning] Couldn't find file 'hamate_lvs.vtp'.
[2026-02-17 10:13:14.909] [warning] Couldn't find file 'capitate_lvs.vtp'.
[2026-02-17 10:13:14.909] [warning] Couldn't find file 'trapezoid_lvs.vtp'.
[2026-02-17 10:13:14.909] [warning] Couldn't find file 'trapezium_lvs.vtp'.
[2026-02-17 10:13:14.909] [warning] Couldn't find file 'metacarpal2_lvs.vtp'.
[2026-02-17 10:13:14.909] [warning] Couldn't find file 'index_proximal_lvs.vtp'.
[2026-02-17 10:13:14.909] [warning] Couldn't find file 'index_medial_lvs.vtp'.
[2026-02-17 10:13:14.909] [warning] Couldn't find file 'index_distal_lvs.vtp'.
[2026-02-17 10:13:14.909] [warning] Couldn't find file 'metacarpal3_lvs.vtp'.
[2026-02-17 10:13:14.909] [warning] Couldn't find file 'middle_proximal_lvs.vtp'.
[2026-02-17 10:13:14.909] [warning] Couldn't find file 'middle_medial_lvs.vtp'.
[2026-02-17 10:13:14.909] [warning] Couldn't find file 'middle_distal_lvs.vtp'.
[2026-02-17 10:13:14.910] [warning] Couldn't find file 'metacarpal4_lvs.vtp'.
[2026-02-17 10:13:14.910] [warning] Couldn't find file 'ring_proximal_lvs.vtp'.
[2026-02-17 10:13:14.910] [warning] Couldn't find file 'ring_medial_lvs.vtp'.
[2026-02-17 10:13:14.910] [warning] Couldn't find file 'ring_distal_lvs.vtp'.
[2026-02-17 10:13:14.910] [warning] Couldn't find file 'metacarpal5_lvs.vtp'.
[2026-02-17 10:13:14.910] [warning] Couldn't find file 'little_proximal_lvs.vtp'.
[2026-02-17 10:13:14.910] [warning] Couldn't find file 'little_medial_lvs.vtp'.
[2026-02-17 10:13:14.910] [warning] Couldn't find file 'little_distal_lvs.vtp'.
[2026-02-17 10:13:14.910] [warning] Couldn't find file 'metacarpal1_lvs.vtp'.
[2026-02-17 10:13:14.910] [warning] Couldn't find file 'thumb_proximal_lvs.vtp'.
[2026-02-17 10:13:14.910] [warning] Couldn't find file 'thumb_distal_lvs.vtp'.
[2026-02-17 10:13:14.922] [info] AbstractTool IK_sub2_v2_t2 loading model C:\Users\Israel Luis\Documents\GitHub\GoalOptimized\Database\sub2\model\model_rajagopal2022_sub2.osim
[2026-02-17 10:13:14.936] [info] Updating Model file from 40000 to latest format...
[2026-02-17 10:13:14.953] [info] Loaded model 2_scaled_rajagopal2022 from file C:\Users\Israel Luis\Documents\GitHub\GoalOptimized\Database\sub2\model\model_rajagopal2022_sub2.osim
[2026-02-17 10:13:14.953] [warning] Couldn't find file 'r_pelvis.vtp'.
[2026-02-17 10:13:14.953] [warning] Couldn't find file 'l_pelvis.vtp'.
[2026-02-17 10:13:14.953] [warning] Couldn't find file 'sacrum.vtp'.
[2026-02-17 10:13:14.953] [warning] Couldn't find file 'r_femur.vtp'.
[2026-02-17 10:13:14.953] [warning] Couldn't find file 'r_tibia.vtp'.
[2026-02-17 10:13:14.953] [warning] Couldn't find file 'r_fibula.vtp'.
[2026-02-17 10:13:14.954] [warning] Couldn't find file 'r_patella.vtp'.
[2026-02-17 10:13:14.954] [warning] Couldn't find file 'r_talus.vtp'.
[2026-02-17 10:13:14.954] [warning] Couldn't find file 'r_foot.vtp'.
[2026-02-17 10:13:14.954] [warning] Couldn't find file 'r_bofoot.vtp'.
[2026-02-17 10:13:14.954] [warning] Couldn't find file 'l_femur.vtp'.
[2026-02-17 10:13:14.954] [warning] Couldn't find file 'l_tibia.vtp'.
[2026-02-17 10:13:14.954] [warning] Couldn't find file 'l_fibula.vtp'.
[2026-02-17 10:13:14.954] [warning] Couldn't find file 'l_patella.vtp'.
[2026-02-17 10:13:14.954] [warning] Couldn't find file 'l_talus.vtp'.
[2026-02-17 10:13:14.954] [warning] Couldn't find file 'l_foot.vtp'.
[2026-02-17 10:13:14.954] [warning] Couldn't find file 'l_bofoot.vtp'.
[2026-02-17 10:13:14.954] [warning] Couldn't find file 'hat_spine.vtp'.
[2026-02-17 10:13:14.954] [warning] Couldn't find file 'hat_jaw.vtp'.
[2026-02-17 10:13:14.954] [warning] Couldn't find file 'hat_skull.vtp'.
[2026-02-17 10:13:14.954] [warning] Couldn't find file 'hat_ribs_scap.vtp'.
[2026-02-17 10:13:14.954] [warning] Couldn't find file 'humerus_rv.vtp'.
[2026-02-17 10:13:14.954] [warning] Couldn't find file 'ulna_rv.vtp'.
[2026-02-17 10:13:14.954] [warning] Couldn't find file 'radius_rv.vtp'.
[2026-02-17 10:13:14.954] [warning] Couldn't find file 'pisiform_rvs.vtp'.
[2026-02-17 10:13:14.954] [warning] Couldn't find file 'lunate_rvs.vtp'.
[2026-02-17 10:13:14.954] [warning] Couldn't find file 'scaphoid_rvs.vtp'.
[2026-02-17 10:13:14.954] [warning] Couldn't find file 'triquetrum_rvs.vtp'.
[2026-02-17 10:13:14.954] [warning] Couldn't find file 'hamate_rvs.vtp'.
[2026-02-17 10:13:14.954] [warning] Couldn't find file 'capitate_rvs.vtp'.
[2026-02-17 10:13:14.954] [warning] Couldn't find file 'trapezoid_rvs.vtp'.
[2026-02-17 10:13:14.954] [warning] Couldn't find file 'trapezium_rvs.vtp'.
[2026-02-17 10:13:14.954] [warning] Couldn't find file 'metacarpal2_rvs.vtp'.
[2026-02-17 10:13:14.954] [warning] Couldn't find file 'index_proximal_rvs.vtp'.
[2026-02-17 10:13:14.955] [warning] Couldn't find file 'index_medial_rvs.vtp'.
[2026-02-17 10:13:14.955] [warning] Couldn't find file 'index_distal_rvs.vtp'.
[2026-02-17 10:13:14.955] [warning] Couldn't find file 'metacarpal3_rvs.vtp'.
[2026-02-17 10:13:14.955] [warning] Couldn't find file 'middle_proximal_rvs.vtp'.
[2026-02-17 10:13:14.955] [warning] Couldn't find file 'middle_medial_rvs.vtp'.
[2026-02-17 10:13:14.955] [warning] Couldn't find file 'middle_distal_rvs.vtp'.
[2026-02-17 10:13:14.955] [warning] Couldn't find file 'metacarpal4_rvs.vtp'.
[2026-02-17 10:13:14.955] [warning] Couldn't find file 'ring_proximal_rvs.vtp'.
[2026-02-17 10:13:14.955] [warning] Couldn't find file 'ring_medial_rvs.vtp'.
[2026-02-17 10:13:14.955] [warning] Couldn't find file 'ring_distal_rvs.vtp'.
[2026-02-17 10:13:14.955] [warning] Couldn't find file 'metacarpal5_rvs.vtp'.
[2026-02-17 10:13:14.955] [warning] Couldn't find file 'little_proximal_rvs.vtp'.
[2026-02-17 10:13:14.955] [warning] Couldn't find file 'little_medial_rvs.vtp'.
[2026-02-17 10:13:14.955] [warning] Couldn't find file 'little_distal_rvs.vtp'.
[2026-02-17 10:13:14.955] [warning] Couldn't find file 'metacarpal1_rvs.vtp'.
[2026-02-17 10:13:14.955] [warning] Couldn't find file 'thumb_proximal_rvs.vtp'.
[2026-02-17 10:13:14.955] [warning] Couldn't find file 'thumb_distal_rvs.vtp'.
[2026-02-17 10:13:14.955] [warning] Couldn't find file 'humerus_lv.vtp'.
[2026-02-17 10:13:14.955] [warning] Couldn't find file 'ulna_lv.vtp'.
[2026-02-17 10:13:14.955] [warning] Couldn't find file 'radius_lv.vtp'.
[2026-02-17 10:13:14.955] [warning] Couldn't find file 'pisiform_lvs.vtp'.
[2026-02-17 10:13:14.955] [warning] Couldn't find file 'lunate_lvs.vtp'.
[2026-02-17 10:13:14.955] [warning] Couldn't find file 'scaphoid_lvs.vtp'.
[2026-02-17 10:13:14.955] [warning] Couldn't find file 'triquetrum_lvs.vtp'.
[2026-02-17 10:13:14.955] [warning] Couldn't find file 'hamate_lvs.vtp'.
[2026-02-17 10:13:14.955] [warning] Couldn't find file 'capitate_lvs.vtp'.
[2026-02-17 10:13:14.955] [warning] Couldn't find file 'trapezoid_lvs.vtp'.
[2026-02-17 10:13:14.955] [warning] Couldn't find file 'trapezium_lvs.vtp'.
[2026-02-17 10:13:14.956] [warning] Couldn't find file 'metacarpal2_lvs.vtp'.
[2026-02-17 10:13:14.956] [warning] Couldn't find file 'index_proximal_lvs.vtp'.
[2026-02-17 10:13:14.956] [warning] Couldn't find file 'index_medial_lvs.vtp'.
[2026-02-17 10:13:14.956] [warning] Couldn't find file 'index_distal_lvs.vtp'.
[2026-02-17 10:13:14.956] [warning] Couldn't find file 'metacarpal3_lvs.vtp'.
[2026-02-17 10:13:14.956] [warning] Couldn't find file 'middle_proximal_lvs.vtp'.
[2026-02-17 10:13:14.956] [warning] Couldn't find file 'middle_medial_lvs.vtp'.
[2026-02-17 10:13:14.956] [warning] Couldn't find file 'middle_distal_lvs.vtp'.
[2026-02-17 10:13:14.956] [warning] Couldn't find file 'metacarpal4_lvs.vtp'.
[2026-02-17 10:13:14.956] [warning] Couldn't find file 'ring_proximal_lvs.vtp'.
[2026-02-17 10:13:14.956] [warning] Couldn't find file 'ring_medial_lvs.vtp'.
[2026-02-17 10:13:14.956] [warning] Couldn't find file 'ring_distal_lvs.vtp'.
[2026-02-17 10:13:14.956] [warning] Couldn't find file 'metacarpal5_lvs.vtp'.
[2026-02-17 10:13:14.956] [warning] Couldn't find file 'little_proximal_lvs.vtp'.
[2026-02-17 10:13:14.956] [warning] Couldn't find file 'little_medial_lvs.vtp'.
[2026-02-17 10:13:14.956] [warning] Couldn't find file 'little_distal_lvs.vtp'.
[2026-02-17 10:13:14.956] [warning] Couldn't find file 'metacarpal1_lvs.vtp'.
[2026-02-17 10:13:14.956] [warning] Couldn't find file 'thumb_proximal_lvs.vtp'.
[2026-02-17 10:13:14.956] [warning] Couldn't find file 'thumb_distal_lvs.vtp'.
[2026-02-17 10:13:14.961] [info] No external loads will be applied (external loads file not specified).
[2026-02-17 10:13:14.971] [info] Loading coordinates from file 'C:\Users\Israel Luis\Documents\GitHub\GoalOptimized\Database\sub2\IK\IK_sub2_v2_t2.mot'.
[2026-02-17 10:13:14.972] [info] Storage: read data file = C:\Users\Israel Luis\Documents\GitHub\GoalOptimized\Database\sub2\IK\IK_sub2_v2_t2.mot (nr=117 nc=40)
[2026-02-17 10:13:15.521] [info] Found 117 state vectors with time stamps ranging from 0.21 to 1.37.
[2026-02-17 10:13:15.521] [info] Executing the analyses from 0.21 to 1.37...
[2026-02-17 10:13:19.638] [info] Printing results of investigation IK_sub2_v2_t2 to C:\Users\Israel Luis\Documents\GitHub\GoalOptimized\ProjectResults\DSE\sub2\multiCycle\Je\MuscleAnalysis
[2026-02-17 10:13:23.482] [info] Updating Model file from 40000 to latest format...
[2026-02-17 10:13:23.499] [info] Loaded model 2_scaled_rajagopal2022 from file C:\Users\Israel Luis\Documents\GitHub\GoalOptimized\Database\sub2\model\model_rajagopal2022_sub2.osim
[2026-02-17 10:13:23.499] [warning] Couldn't find file 'r_pelvis.vtp'.
[2026-02-17 10:13:23.499] [warning] Couldn't find file 'l_pelvis.vtp'.
[2026-02-17 10:13:23.499] [warning] Couldn't find file 'sacrum.vtp'.
[2026-02-17 10:13:23.499] [warning] Couldn't find file 'r_femur.vtp'.
[2026-02-17 10:13:23.499] [warning] Couldn't find file 'r_tibia.vtp'.
[2026-02-17 10:13:23.499] [warning] Couldn't find file 'r_fibula.vtp'.
[2026-02-17 10:13:23.500] [warning] Couldn't find file 'r_patella.vtp'.
[2026-02-17 10:13:23.500] [warning] Couldn't find file 'r_talus.vtp'.
[2026-02-17 10:13:23.500] [warning] Couldn't find file 'r_foot.vtp'.
[2026-02-17 10:13:23.500] [warning] Couldn't find file 'r_bofoot.vtp'.
[2026-02-17 10:13:23.500] [warning] Couldn't find file 'l_femur.vtp'.
[2026-02-17 10:13:23.500] [warning] Couldn't find file 'l_tibia.vtp'.
[2026-02-17 10:13:23.500] [warning] Couldn't find file 'l_fibula.vtp'.
[2026-02-17 10:13:23.500] [warning] Couldn't find file 'l_patella.vtp'.
[2026-02-17 10:13:23.500] [warning] Couldn't find file 'l_talus.vtp'.
[2026-02-17 10:13:23.500] [warning] Couldn't find file 'l_foot.vtp'.
[2026-02-17 10:13:23.500] [warning] Couldn't find file 'l_bofoot.vtp'.
[2026-02-17 10:13:23.500] [warning] Couldn't find file 'hat_spine.vtp'.
[2026-02-17 10:13:23.500] [warning] Couldn't find file 'hat_jaw.vtp'.
[2026-02-17 10:13:23.500] [warning] Couldn't find file 'hat_skull.vtp'.
[2026-02-17 10:13:23.500] [warning] Couldn't find file 'hat_ribs_scap.vtp'.
[2026-02-17 10:13:23.500] [warning] Couldn't find file 'humerus_rv.vtp'.
[2026-02-17 10:13:23.500] [warning] Couldn't find file 'ulna_rv.vtp'.
[2026-02-17 10:13:23.500] [warning] Couldn't find file 'radius_rv.vtp'.
[2026-02-17 10:13:23.500] [warning] Couldn't find file 'pisiform_rvs.vtp'.
[2026-02-17 10:13:23.500] [warning] Couldn't find file 'lunate_rvs.vtp'.
[2026-02-17 10:13:23.500] [warning] Couldn't find file 'scaphoid_rvs.vtp'.
[2026-02-17 10:13:23.500] [warning] Couldn't find file 'triquetrum_rvs.vtp'.
[2026-02-17 10:13:23.500] [warning] Couldn't find file 'hamate_rvs.vtp'.
[2026-02-17 10:13:23.500] [warning] Couldn't find file 'capitate_rvs.vtp'.
[2026-02-17 10:13:23.500] [warning] Couldn't find file 'trapezoid_rvs.vtp'.
[2026-02-17 10:13:23.500] [warning] Couldn't find file 'trapezium_rvs.vtp'.
[2026-02-17 10:13:23.500] [warning] Couldn't find file 'metacarpal2_rvs.vtp'.
[2026-02-17 10:13:23.501] [warning] Couldn't find file 'index_proximal_rvs.vtp'.
[2026-02-17 10:13:23.501] [warning] Couldn't find file 'index_medial_rvs.vtp'.
[2026-02-17 10:13:23.501] [warning] Couldn't find file 'index_distal_rvs.vtp'.
[2026-02-17 10:13:23.501] [warning] Couldn't find file 'metacarpal3_rvs.vtp'.
[2026-02-17 10:13:23.501] [warning] Couldn't find file 'middle_proximal_rvs.vtp'.
[2026-02-17 10:13:23.501] [warning] Couldn't find file 'middle_medial_rvs.vtp'.
[2026-02-17 10:13:23.501] [warning] Couldn't find file 'middle_distal_rvs.vtp'.
[2026-02-17 10:13:23.501] [warning] Couldn't find file 'metacarpal4_rvs.vtp'.
[2026-02-17 10:13:23.501] [warning] Couldn't find file 'ring_proximal_rvs.vtp'.
[2026-02-17 10:13:23.501] [warning] Couldn't find file 'ring_medial_rvs.vtp'.
[2026-02-17 10:13:23.501] [warning] Couldn't find file 'ring_distal_rvs.vtp'.
[2026-02-17 10:13:23.501] [warning] Couldn't find file 'metacarpal5_rvs.vtp'.
[2026-02-17 10:13:23.501] [warning] Couldn't find file 'little_proximal_rvs.vtp'.
[2026-02-17 10:13:23.501] [warning] Couldn't find file 'little_medial_rvs.vtp'.
[2026-02-17 10:13:23.501] [warning] Couldn't find file 'little_distal_rvs.vtp'.
[2026-02-17 10:13:23.501] [warning] Couldn't find file 'metacarpal1_rvs.vtp'.
[2026-02-17 10:13:23.501] [warning] Couldn't find file 'thumb_proximal_rvs.vtp'.
[2026-02-17 10:13:23.501] [warning] Couldn't find file 'thumb_distal_rvs.vtp'.
[2026-02-17 10:13:23.501] [warning] Couldn't find file 'humerus_lv.vtp'.
[2026-02-17 10:13:23.501] [warning] Couldn't find file 'ulna_lv.vtp'.
[2026-02-17 10:13:23.501] [warning] Couldn't find file 'radius_lv.vtp'.
[2026-02-17 10:13:23.501] [warning] Couldn't find file 'pisiform_lvs.vtp'.
[2026-02-17 10:13:23.501] [warning] Couldn't find file 'lunate_lvs.vtp'.
[2026-02-17 10:13:23.501] [warning] Couldn't find file 'scaphoid_lvs.vtp'.
[2026-02-17 10:13:23.501] [warning] Couldn't find file 'triquetrum_lvs.vtp'.
[2026-02-17 10:13:23.501] [warning] Couldn't find file 'hamate_lvs.vtp'.
[2026-02-17 10:13:23.501] [warning] Couldn't find file 'capitate_lvs.vtp'.
[2026-02-17 10:13:23.501] [warning] Couldn't find file 'trapezoid_lvs.vtp'.
[2026-02-17 10:13:23.502] [warning] Couldn't find file 'trapezium_lvs.vtp'.
[2026-02-17 10:13:23.502] [warning] Couldn't find file 'metacarpal2_lvs.vtp'.
[2026-02-17 10:13:23.502] [warning] Couldn't find file 'index_proximal_lvs.vtp'.
[2026-02-17 10:13:23.502] [warning] Couldn't find file 'index_medial_lvs.vtp'.
[2026-02-17 10:13:23.502] [warning] Couldn't find file 'index_distal_lvs.vtp'.
[2026-02-17 10:13:23.502] [warning] Couldn't find file 'metacarpal3_lvs.vtp'.
[2026-02-17 10:13:23.502] [warning] Couldn't find file 'middle_proximal_lvs.vtp'.
[2026-02-17 10:13:23.502] [warning] Couldn't find file 'middle_medial_lvs.vtp'.
[2026-02-17 10:13:23.502] [warning] Couldn't find file 'middle_distal_lvs.vtp'.
[2026-02-17 10:13:23.502] [warning] Couldn't find file 'metacarpal4_lvs.vtp'.
[2026-02-17 10:13:23.502] [warning] Couldn't find file 'ring_proximal_lvs.vtp'.
[2026-02-17 10:13:23.502] [warning] Couldn't find file 'ring_medial_lvs.vtp'.
[2026-02-17 10:13:23.502] [warning] Couldn't find file 'ring_distal_lvs.vtp'.
[2026-02-17 10:13:23.502] [warning] Couldn't find file 'metacarpal5_lvs.vtp'.
[2026-02-17 10:13:23.502] [warning] Couldn't find file 'little_proximal_lvs.vtp'.
[2026-02-17 10:13:23.502] [warning] Couldn't find file 'little_medial_lvs.vtp'.
[2026-02-17 10:13:23.502] [warning] Couldn't find file 'little_distal_lvs.vtp'.
[2026-02-17 10:13:23.502] [warning] Couldn't find file 'metacarpal1_lvs.vtp'.
[2026-02-17 10:13:23.502] [warning] Couldn't find file 'thumb_proximal_lvs.vtp'.
[2026-02-17 10:13:23.502] [warning] Couldn't find file 'thumb_distal_lvs.vtp'.
[2026-02-17 10:13:23.514] [info] AbstractTool IK_sub2_v2_t3 loading model C:\Users\Israel Luis\Documents\GitHub\GoalOptimized\Database\sub2\model\model_rajagopal2022_sub2.osim
[2026-02-17 10:13:23.528] [info] Updating Model file from 40000 to latest format...
[2026-02-17 10:13:23.546] [info] Loaded model 2_scaled_rajagopal2022 from file C:\Users\Israel Luis\Documents\GitHub\GoalOptimized\Database\sub2\model\model_rajagopal2022_sub2.osim
[2026-02-17 10:13:23.546] [warning] Couldn't find file 'r_pelvis.vtp'.
[2026-02-17 10:13:23.546] [warning] Couldn't find file 'l_pelvis.vtp'.
[2026-02-17 10:13:23.546] [warning] Couldn't find file 'sacrum.vtp'.
[2026-02-17 10:13:23.546] [warning] Couldn't find file 'r_femur.vtp'.
[2026-02-17 10:13:23.547] [warning] Couldn't find file 'r_tibia.vtp'.
[2026-02-17 10:13:23.547] [warning] Couldn't find file 'r_fibula.vtp'.
[2026-02-17 10:13:23.547] [warning] Couldn't find file 'r_patella.vtp'.
[2026-02-17 10:13:23.547] [warning] Couldn't find file 'r_talus.vtp'.
[2026-02-17 10:13:23.547] [warning] Couldn't find file 'r_foot.vtp'.
[2026-02-17 10:13:23.547] [warning] Couldn't find file 'r_bofoot.vtp'.
[2026-02-17 10:13:23.547] [warning] Couldn't find file 'l_femur.vtp'.
[2026-02-17 10:13:23.547] [warning] Couldn't find file 'l_tibia.vtp'.
[2026-02-17 10:13:23.547] [warning] Couldn't find file 'l_fibula.vtp'.
[2026-02-17 10:13:23.547] [warning] Couldn't find file 'l_patella.vtp'.
[2026-02-17 10:13:23.547] [warning] Couldn't find file 'l_talus.vtp'.
[2026-02-17 10:13:23.547] [warning] Couldn't find file 'l_foot.vtp'.
[2026-02-17 10:13:23.547] [warning] Couldn't find file 'l_bofoot.vtp'.
[2026-02-17 10:13:23.547] [warning] Couldn't find file 'hat_spine.vtp'.
[2026-02-17 10:13:23.547] [warning] Couldn't find file 'hat_jaw.vtp'.
[2026-02-17 10:13:23.547] [warning] Couldn't find file 'hat_skull.vtp'.
[2026-02-17 10:13:23.547] [warning] Couldn't find file 'hat_ribs_scap.vtp'.
[2026-02-17 10:13:23.547] [warning] Couldn't find file 'humerus_rv.vtp'.
[2026-02-17 10:13:23.547] [warning] Couldn't find file 'ulna_rv.vtp'.
[2026-02-17 10:13:23.547] [warning] Couldn't find file 'radius_rv.vtp'.
[2026-02-17 10:13:23.547] [warning] Couldn't find file 'pisiform_rvs.vtp'.
[2026-02-17 10:13:23.547] [warning] Couldn't find file 'lunate_rvs.vtp'.
[2026-02-17 10:13:23.547] [warning] Couldn't find file 'scaphoid_rvs.vtp'.
[2026-02-17 10:13:23.547] [warning] Couldn't find file 'triquetrum_rvs.vtp'.
[2026-02-17 10:13:23.547] [warning] Couldn't find file 'hamate_rvs.vtp'.
[2026-02-17 10:13:23.547] [warning] Couldn't find file 'capitate_rvs.vtp'.
[2026-02-17 10:13:23.547] [warning] Couldn't find file 'trapezoid_rvs.vtp'.
[2026-02-17 10:13:23.548] [warning] Couldn't find file 'trapezium_rvs.vtp'.
[2026-02-17 10:13:23.548] [warning] Couldn't find file 'metacarpal2_rvs.vtp'.
[2026-02-17 10:13:23.548] [warning] Couldn't find file 'index_proximal_rvs.vtp'.
[2026-02-17 10:13:23.548] [warning] Couldn't find file 'index_medial_rvs.vtp'.
[2026-02-17 10:13:23.548] [warning] Couldn't find file 'index_distal_rvs.vtp'.
[2026-02-17 10:13:23.548] [warning] Couldn't find file 'metacarpal3_rvs.vtp'.
[2026-02-17 10:13:23.548] [warning] Couldn't find file 'middle_proximal_rvs.vtp'.
[2026-02-17 10:13:23.548] [warning] Couldn't find file 'middle_medial_rvs.vtp'.
[2026-02-17 10:13:23.548] [warning] Couldn't find file 'middle_distal_rvs.vtp'.
[2026-02-17 10:13:23.548] [warning] Couldn't find file 'metacarpal4_rvs.vtp'.
[2026-02-17 10:13:23.548] [warning] Couldn't find file 'ring_proximal_rvs.vtp'.
[2026-02-17 10:13:23.548] [warning] Couldn't find file 'ring_medial_rvs.vtp'.
[2026-02-17 10:13:23.548] [warning] Couldn't find file 'ring_distal_rvs.vtp'.
[2026-02-17 10:13:23.548] [warning] Couldn't find file 'metacarpal5_rvs.vtp'.
[2026-02-17 10:13:23.548] [warning] Couldn't find file 'little_proximal_rvs.vtp'.
[2026-02-17 10:13:23.548] [warning] Couldn't find file 'little_medial_rvs.vtp'.
[2026-02-17 10:13:23.548] [warning] Couldn't find file 'little_distal_rvs.vtp'.
[2026-02-17 10:13:23.548] [warning] Couldn't find file 'metacarpal1_rvs.vtp'.
[2026-02-17 10:13:23.548] [warning] Couldn't find file 'thumb_proximal_rvs.vtp'.
[2026-02-17 10:13:23.548] [warning] Couldn't find file 'thumb_distal_rvs.vtp'.
[2026-02-17 10:13:23.548] [warning] Couldn't find file 'humerus_lv.vtp'.
[2026-02-17 10:13:23.548] [warning] Couldn't find file 'ulna_lv.vtp'.
[2026-02-17 10:13:23.548] [warning] Couldn't find file 'radius_lv.vtp'.
[2026-02-17 10:13:23.548] [warning] Couldn't find file 'pisiform_lvs.vtp'.
[2026-02-17 10:13:23.548] [warning] Couldn't find file 'lunate_lvs.vtp'.
[2026-02-17 10:13:23.548] [warning] Couldn't find file 'scaphoid_lvs.vtp'.
[2026-02-17 10:13:23.548] [warning] Couldn't find file 'triquetrum_lvs.vtp'.
[2026-02-17 10:13:23.549] [warning] Couldn't find file 'hamate_lvs.vtp'.
[2026-02-17 10:13:23.549] [warning] Couldn't find file 'capitate_lvs.vtp'.
[2026-02-17 10:13:23.549] [warning] Couldn't find file 'trapezoid_lvs.vtp'.
[2026-02-17 10:13:23.549] [warning] Couldn't find file 'trapezium_lvs.vtp'.
[2026-02-17 10:13:23.549] [warning] Couldn't find file 'metacarpal2_lvs.vtp'.
[2026-02-17 10:13:23.549] [warning] Couldn't find file 'index_proximal_lvs.vtp'.
[2026-02-17 10:13:23.549] [warning] Couldn't find file 'index_medial_lvs.vtp'.
[2026-02-17 10:13:23.549] [warning] Couldn't find file 'index_distal_lvs.vtp'.
[2026-02-17 10:13:23.549] [warning] Couldn't find file 'metacarpal3_lvs.vtp'.
[2026-02-17 10:13:23.549] [warning] Couldn't find file 'middle_proximal_lvs.vtp'.
[2026-02-17 10:13:23.549] [warning] Couldn't find file 'middle_medial_lvs.vtp'.
[2026-02-17 10:13:23.549] [warning] Couldn't find file 'middle_distal_lvs.vtp'.
[2026-02-17 10:13:23.549] [warning] Couldn't find file 'metacarpal4_lvs.vtp'.
[2026-02-17 10:13:23.549] [warning] Couldn't find file 'ring_proximal_lvs.vtp'.
[2026-02-17 10:13:23.549] [warning] Couldn't find file 'ring_medial_lvs.vtp'.
[2026-02-17 10:13:23.549] [warning] Couldn't find file 'ring_distal_lvs.vtp'.
[2026-02-17 10:13:23.549] [warning] Couldn't find file 'metacarpal5_lvs.vtp'.
[2026-02-17 10:13:23.549] [warning] Couldn't find file 'little_proximal_lvs.vtp'.
[2026-02-17 10:13:23.549] [warning] Couldn't find file 'little_medial_lvs.vtp'.
[2026-02-17 10:13:23.549] [warning] Couldn't find file 'little_distal_lvs.vtp'.
[2026-02-17 10:13:23.549] [warning] Couldn't find file 'metacarpal1_lvs.vtp'.
[2026-02-17 10:13:23.549] [warning] Couldn't find file 'thumb_proximal_lvs.vtp'.
[2026-02-17 10:13:23.549] [warning] Couldn't find file 'thumb_distal_lvs.vtp'.
[2026-02-17 10:13:23.554] [info] No external loads will be applied (external loads file not specified).
[2026-02-17 10:13:23.566] [info] Loading coordinates from file 'C:\Users\Israel Luis\Documents\GitHub\GoalOptimized\Database\sub2\IK\IK_sub2_v2_t3.mot'.
[2026-02-17 10:13:23.566] [info] Storage: read data file = C:\Users\Israel Luis\Documents\GitHub\GoalOptimized\Database\sub2\IK\IK_sub2_v2_t3.mot (nr=116 nc=40)
[2026-02-17 10:13:24.125] [info] Found 116 state vectors with time stamps ranging from 1.27 to 2.42.
[2026-02-17 10:13:24.125] [info] Executing the analyses from 1.27 to 2.42...
[2026-02-17 10:13:28.251] [info] Printing results of investigation IK_sub2_v2_t3 to C:\Users\Israel Luis\Documents\GitHub\GoalOptimized\ProjectResults\DSE\sub2\multiCycle\Je\MuscleAnalysis
[2026-02-17 10:17:41.103] [info] Updating Model file from 40000 to latest format...
[2026-02-17 10:17:41.120] [info] Loaded model 7_scaledH_rajagopal2016_1802_7 from file C:\Users\Israel Luis\Documents\GitHub\GoalOptimized\Database\sub3\model\model_rajagopal2022_sub3.osim
[2026-02-17 10:17:41.121] [warning] Couldn't find file 'r_pelvis.vtp'.
[2026-02-17 10:17:41.121] [warning] Couldn't find file 'l_pelvis.vtp'.
[2026-02-17 10:17:41.121] [warning] Couldn't find file 'sacrum.vtp'.
[2026-02-17 10:17:41.121] [warning] Couldn't find file 'r_femur.vtp'.
[2026-02-17 10:17:41.121] [warning] Couldn't find file 'r_tibia.vtp'.
[2026-02-17 10:17:41.121] [warning] Couldn't find file 'r_fibula.vtp'.
[2026-02-17 10:17:41.121] [warning] Couldn't find file 'r_patella.vtp'.
[2026-02-17 10:17:41.121] [warning] Couldn't find file 'r_talus.vtp'.
[2026-02-17 10:17:41.121] [warning] Couldn't find file 'r_foot.vtp'.
[2026-02-17 10:17:41.121] [warning] Couldn't find file 'r_bofoot.vtp'.
[2026-02-17 10:17:41.121] [warning] Couldn't find file 'l_femur.vtp'.
[2026-02-17 10:17:41.121] [warning] Couldn't find file 'l_tibia.vtp'.
[2026-02-17 10:17:41.121] [warning] Couldn't find file 'l_fibula.vtp'.
[2026-02-17 10:17:41.121] [warning] Couldn't find file 'l_patella.vtp'.
[2026-02-17 10:17:41.121] [warning] Couldn't find file 'l_talus.vtp'.
[2026-02-17 10:17:41.121] [warning] Couldn't find file 'l_foot.vtp'.
[2026-02-17 10:17:41.121] [warning] Couldn't find file 'l_bofoot.vtp'.
[2026-02-17 10:17:41.121] [warning] Couldn't find file 'hat_spine.vtp'.
[2026-02-17 10:17:41.121] [warning] Couldn't find file 'hat_jaw.vtp'.
[2026-02-17 10:17:41.121] [warning] Couldn't find file 'hat_skull.vtp'.
[2026-02-17 10:17:41.121] [warning] Couldn't find file 'hat_ribs_scap.vtp'.
[2026-02-17 10:17:41.121] [warning] Couldn't find file 'humerus_rv.vtp'.
[2026-02-17 10:17:41.121] [warning] Couldn't find file 'ulna_rv.vtp'.
[2026-02-17 10:17:41.121] [warning] Couldn't find file 'radius_rv.vtp'.
[2026-02-17 10:17:41.121] [warning] Couldn't find file 'pisiform_rvs.vtp'.
[2026-02-17 10:17:41.122] [warning] Couldn't find file 'lunate_rvs.vtp'.
[2026-02-17 10:17:41.122] [warning] Couldn't find file 'scaphoid_rvs.vtp'.
[2026-02-17 10:17:41.122] [warning] Couldn't find file 'triquetrum_rvs.vtp'.
[2026-02-17 10:17:41.122] [warning] Couldn't find file 'hamate_rvs.vtp'.
[2026-02-17 10:17:41.122] [warning] Couldn't find file 'capitate_rvs.vtp'.
[2026-02-17 10:17:41.122] [warning] Couldn't find file 'trapezoid_rvs.vtp'.
[2026-02-17 10:17:41.122] [warning] Couldn't find file 'trapezium_rvs.vtp'.
[2026-02-17 10:17:41.122] [warning] Couldn't find file 'metacarpal2_rvs.vtp'.
[2026-02-17 10:17:41.122] [warning] Couldn't find file 'index_proximal_rvs.vtp'.
[2026-02-17 10:17:41.122] [warning] Couldn't find file 'index_medial_rvs.vtp'.
[2026-02-17 10:17:41.122] [warning] Couldn't find file 'index_distal_rvs.vtp'.
[2026-02-17 10:17:41.122] [warning] Couldn't find file 'metacarpal3_rvs.vtp'.
[2026-02-17 10:17:41.122] [warning] Couldn't find file 'middle_proximal_rvs.vtp'.
[2026-02-17 10:17:41.122] [warning] Couldn't find file 'middle_medial_rvs.vtp'.
[2026-02-17 10:17:41.122] [warning] Couldn't find file 'middle_distal_rvs.vtp'.
[2026-02-17 10:17:41.122] [warning] Couldn't find file 'metacarpal4_rvs.vtp'.
[2026-02-17 10:17:41.122] [warning] Couldn't find file 'ring_proximal_rvs.vtp'.
[2026-02-17 10:17:41.122] [warning] Couldn't find file 'ring_medial_rvs.vtp'.
[2026-02-17 10:17:41.122] [warning] Couldn't find file 'ring_distal_rvs.vtp'.
[2026-02-17 10:17:41.122] [warning] Couldn't find file 'metacarpal5_rvs.vtp'.
[2026-02-17 10:17:41.122] [warning] Couldn't find file 'little_proximal_rvs.vtp'.
[2026-02-17 10:17:41.122] [warning] Couldn't find file 'little_medial_rvs.vtp'.
[2026-02-17 10:17:41.122] [warning] Couldn't find file 'little_distal_rvs.vtp'.
[2026-02-17 10:17:41.122] [warning] Couldn't find file 'metacarpal1_rvs.vtp'.
[2026-02-17 10:17:41.122] [warning] Couldn't find file 'thumb_proximal_rvs.vtp'.
[2026-02-17 10:17:41.122] [warning] Couldn't find file 'thumb_distal_rvs.vtp'.
[2026-02-17 10:17:41.122] [warning] Couldn't find file 'humerus_lv.vtp'.
[2026-02-17 10:17:41.122] [warning] Couldn't find file 'ulna_lv.vtp'.
[2026-02-17 10:17:41.123] [warning] Couldn't find file 'radius_lv.vtp'.
[2026-02-17 10:17:41.123] [warning] Couldn't find file 'pisiform_lvs.vtp'.
[2026-02-17 10:17:41.123] [warning] Couldn't find file 'lunate_lvs.vtp'.
[2026-02-17 10:17:41.123] [warning] Couldn't find file 'scaphoid_lvs.vtp'.
[2026-02-17 10:17:41.123] [warning] Couldn't find file 'triquetrum_lvs.vtp'.
[2026-02-17 10:17:41.123] [warning] Couldn't find file 'hamate_lvs.vtp'.
[2026-02-17 10:17:41.123] [warning] Couldn't find file 'capitate_lvs.vtp'.
[2026-02-17 10:17:41.123] [warning] Couldn't find file 'trapezoid_lvs.vtp'.
[2026-02-17 10:17:41.123] [warning] Couldn't find file 'trapezium_lvs.vtp'.
[2026-02-17 10:17:41.123] [warning] Couldn't find file 'metacarpal2_lvs.vtp'.
[2026-02-17 10:17:41.123] [warning] Couldn't find file 'index_proximal_lvs.vtp'.
[2026-02-17 10:17:41.123] [warning] Couldn't find file 'index_medial_lvs.vtp'.
[2026-02-17 10:17:41.123] [warning] Couldn't find file 'index_distal_lvs.vtp'.
[2026-02-17 10:17:41.123] [warning] Couldn't find file 'metacarpal3_lvs.vtp'.
[2026-02-17 10:17:41.123] [warning] Couldn't find file 'middle_proximal_lvs.vtp'.
[2026-02-17 10:17:41.123] [warning] Couldn't find file 'middle_medial_lvs.vtp'.
[2026-02-17 10:17:41.123] [warning] Couldn't find file 'middle_distal_lvs.vtp'.
[2026-02-17 10:17:41.123] [warning] Couldn't find file 'metacarpal4_lvs.vtp'.
[2026-02-17 10:17:41.123] [warning] Couldn't find file 'ring_proximal_lvs.vtp'.
[2026-02-17 10:17:41.123] [warning] Couldn't find file 'ring_medial_lvs.vtp'.
[2026-02-17 10:17:41.123] [warning] Couldn't find file 'ring_distal_lvs.vtp'.
[2026-02-17 10:17:41.123] [warning] Couldn't find file 'metacarpal5_lvs.vtp'.
[2026-02-17 10:17:41.123] [warning] Couldn't find file 'little_proximal_lvs.vtp'.
[2026-02-17 10:17:41.123] [warning] Couldn't find file 'little_medial_lvs.vtp'.
[2026-02-17 10:17:41.123] [warning] Couldn't find file 'little_distal_lvs.vtp'.
[2026-02-17 10:17:41.123] [warning] Couldn't find file 'metacarpal1_lvs.vtp'.
[2026-02-17 10:17:41.123] [warning] Couldn't find file 'thumb_proximal_lvs.vtp'.
[2026-02-17 10:17:41.123] [warning] Couldn't find file 'thumb_distal_lvs.vtp'.
[2026-02-17 10:17:41.134] [info] AbstractTool IK_sub3_v2_t1 loading model C:\Users\Israel Luis\Documents\GitHub\GoalOptimized\Database\sub3\model\model_rajagopal2022_sub3.osim
[2026-02-17 10:17:41.151] [info] Updating Model file from 40000 to latest format...
[2026-02-17 10:17:41.181] [info] Loaded model 7_scaledH_rajagopal2016_1802_7 from file C:\Users\Israel Luis\Documents\GitHub\GoalOptimized\Database\sub3\model\model_rajagopal2022_sub3.osim
[2026-02-17 10:17:41.182] [warning] Couldn't find file 'r_pelvis.vtp'.
[2026-02-17 10:17:41.182] [warning] Couldn't find file 'l_pelvis.vtp'.
[2026-02-17 10:17:41.182] [warning] Couldn't find file 'sacrum.vtp'.
[2026-02-17 10:17:41.182] [warning] Couldn't find file 'r_femur.vtp'.
[2026-02-17 10:17:41.182] [warning] Couldn't find file 'r_tibia.vtp'.
[2026-02-17 10:17:41.182] [warning] Couldn't find file 'r_fibula.vtp'.
[2026-02-17 10:17:41.182] [warning] Couldn't find file 'r_patella.vtp'.
[2026-02-17 10:17:41.182] [warning] Couldn't find file 'r_talus.vtp'.
[2026-02-17 10:17:41.182] [warning] Couldn't find file 'r_foot.vtp'.
[2026-02-17 10:17:41.182] [warning] Couldn't find file 'r_bofoot.vtp'.
[2026-02-17 10:17:41.182] [warning] Couldn't find file 'l_femur.vtp'.
[2026-02-17 10:17:41.182] [warning] Couldn't find file 'l_tibia.vtp'.
[2026-02-17 10:17:41.182] [warning] Couldn't find file 'l_fibula.vtp'.
[2026-02-17 10:17:41.182] [warning] Couldn't find file 'l_patella.vtp'.
[2026-02-17 10:17:41.182] [warning] Couldn't find file 'l_talus.vtp'.
[2026-02-17 10:17:41.183] [warning] Couldn't find file 'l_foot.vtp'.
[2026-02-17 10:17:41.183] [warning] Couldn't find file 'l_bofoot.vtp'.
[2026-02-17 10:17:41.183] [warning] Couldn't find file 'hat_spine.vtp'.
[2026-02-17 10:17:41.183] [warning] Couldn't find file 'hat_jaw.vtp'.
[2026-02-17 10:17:41.183] [warning] Couldn't find file 'hat_skull.vtp'.
[2026-02-17 10:17:41.183] [warning] Couldn't find file 'hat_ribs_scap.vtp'.
[2026-02-17 10:17:41.183] [warning] Couldn't find file 'humerus_rv.vtp'.
[2026-02-17 10:17:41.183] [warning] Couldn't find file 'ulna_rv.vtp'.
[2026-02-17 10:17:41.183] [warning] Couldn't find file 'radius_rv.vtp'.
[2026-02-17 10:17:41.183] [warning] Couldn't find file 'pisiform_rvs.vtp'.
[2026-02-17 10:17:41.183] [warning] Couldn't find file 'lunate_rvs.vtp'.
[2026-02-17 10:17:41.183] [warning] Couldn't find file 'scaphoid_rvs.vtp'.
[2026-02-17 10:17:41.183] [warning] Couldn't find file 'triquetrum_rvs.vtp'.
[2026-02-17 10:17:41.183] [warning] Couldn't find file 'hamate_rvs.vtp'.
[2026-02-17 10:17:41.183] [warning] Couldn't find file 'capitate_rvs.vtp'.
[2026-02-17 10:17:41.183] [warning] Couldn't find file 'trapezoid_rvs.vtp'.
[2026-02-17 10:17:41.183] [warning] Couldn't find file 'trapezium_rvs.vtp'.
[2026-02-17 10:17:41.183] [warning] Couldn't find file 'metacarpal2_rvs.vtp'.
[2026-02-17 10:17:41.183] [warning] Couldn't find file 'index_proximal_rvs.vtp'.
[2026-02-17 10:17:41.184] [warning] Couldn't find file 'index_medial_rvs.vtp'.
[2026-02-17 10:17:41.184] [warning] Couldn't find file 'index_distal_rvs.vtp'.
[2026-02-17 10:17:41.184] [warning] Couldn't find file 'metacarpal3_rvs.vtp'.
[2026-02-17 10:17:41.184] [warning] Couldn't find file 'middle_proximal_rvs.vtp'.
[2026-02-17 10:17:41.184] [warning] Couldn't find file 'middle_medial_rvs.vtp'.
[2026-02-17 10:17:41.184] [warning] Couldn't find file 'middle_distal_rvs.vtp'.
[2026-02-17 10:17:41.184] [warning] Couldn't find file 'metacarpal4_rvs.vtp'.
[2026-02-17 10:17:41.184] [warning] Couldn't find file 'ring_proximal_rvs.vtp'.
[2026-02-17 10:17:41.184] [warning] Couldn't find file 'ring_medial_rvs.vtp'.
[2026-02-17 10:17:41.184] [warning] Couldn't find file 'ring_distal_rvs.vtp'.
[2026-02-17 10:17:41.184] [warning] Couldn't find file 'metacarpal5_rvs.vtp'.
[2026-02-17 10:17:41.184] [warning] Couldn't find file 'little_proximal_rvs.vtp'.
[2026-02-17 10:17:41.184] [warning] Couldn't find file 'little_medial_rvs.vtp'.
[2026-02-17 10:17:41.184] [warning] Couldn't find file 'little_distal_rvs.vtp'.
[2026-02-17 10:17:41.184] [warning] Couldn't find file 'metacarpal1_rvs.vtp'.
[2026-02-17 10:17:41.184] [warning] Couldn't find file 'thumb_proximal_rvs.vtp'.
[2026-02-17 10:17:41.184] [warning] Couldn't find file 'thumb_distal_rvs.vtp'.
[2026-02-17 10:17:41.184] [warning] Couldn't find file 'humerus_lv.vtp'.
[2026-02-17 10:17:41.184] [warning] Couldn't find file 'ulna_lv.vtp'.
[2026-02-17 10:17:41.185] [warning] Couldn't find file 'radius_lv.vtp'.
[2026-02-17 10:17:41.185] [warning] Couldn't find file 'pisiform_lvs.vtp'.
[2026-02-17 10:17:41.185] [warning] Couldn't find file 'lunate_lvs.vtp'.
[2026-02-17 10:17:41.185] [warning] Couldn't find file 'scaphoid_lvs.vtp'.
[2026-02-17 10:17:41.185] [warning] Couldn't find file 'triquetrum_lvs.vtp'.
[2026-02-17 10:17:41.185] [warning] Couldn't find file 'hamate_lvs.vtp'.
[2026-02-17 10:17:41.185] [warning] Couldn't find file 'capitate_lvs.vtp'.
[2026-02-17 10:17:41.185] [warning] Couldn't find file 'trapezoid_lvs.vtp'.
[2026-02-17 10:17:41.185] [warning] Couldn't find file 'trapezium_lvs.vtp'.
[2026-02-17 10:17:41.185] [warning] Couldn't find file 'metacarpal2_lvs.vtp'.
[2026-02-17 10:17:41.185] [warning] Couldn't find file 'index_proximal_lvs.vtp'.
[2026-02-17 10:17:41.185] [warning] Couldn't find file 'index_medial_lvs.vtp'.
[2026-02-17 10:17:41.185] [warning] Couldn't find file 'index_distal_lvs.vtp'.
[2026-02-17 10:17:41.185] [warning] Couldn't find file 'metacarpal3_lvs.vtp'.
[2026-02-17 10:17:41.185] [warning] Couldn't find file 'middle_proximal_lvs.vtp'.
[2026-02-17 10:17:41.185] [warning] Couldn't find file 'middle_medial_lvs.vtp'.
[2026-02-17 10:17:41.185] [warning] Couldn't find file 'middle_distal_lvs.vtp'.
[2026-02-17 10:17:41.185] [warning] Couldn't find file 'metacarpal4_lvs.vtp'.
[2026-02-17 10:17:41.185] [warning] Couldn't find file 'ring_proximal_lvs.vtp'.
[2026-02-17 10:17:41.185] [warning] Couldn't find file 'ring_medial_lvs.vtp'.
[2026-02-17 10:17:41.186] [warning] Couldn't find file 'ring_distal_lvs.vtp'.
[2026-02-17 10:17:41.186] [warning] Couldn't find file 'metacarpal5_lvs.vtp'.
[2026-02-17 10:17:41.186] [warning] Couldn't find file 'little_proximal_lvs.vtp'.
[2026-02-17 10:17:41.186] [warning] Couldn't find file 'little_medial_lvs.vtp'.
[2026-02-17 10:17:41.186] [warning] Couldn't find file 'little_distal_lvs.vtp'.
[2026-02-17 10:17:41.186] [warning] Couldn't find file 'metacarpal1_lvs.vtp'.
[2026-02-17 10:17:41.186] [warning] Couldn't find file 'thumb_proximal_lvs.vtp'.
[2026-02-17 10:17:41.186] [warning] Couldn't find file 'thumb_distal_lvs.vtp'.
[2026-02-17 10:17:41.193] [info] No external loads will be applied (external loads file not specified).
[2026-02-17 10:17:41.205] [info] Loading coordinates from file 'C:\Users\Israel Luis\Documents\GitHub\GoalOptimized\Database\sub3\IK\IK_sub3_v2_t1.mot'.
[2026-02-17 10:17:41.205] [info] Storage: read data file = C:\Users\Israel Luis\Documents\GitHub\GoalOptimized\Database\sub3\IK\IK_sub3_v2_t1.mot (nr=114 nc=40)
[2026-02-17 10:17:41.785] [info] Found 114 state vectors with time stamps ranging from 1.26 to 2.39.
[2026-02-17 10:17:41.785] [info] Executing the analyses from 1.26 to 2.39...
[2026-02-17 10:17:46.081] [info] Printing results of investigation IK_sub3_v2_t1 to C:\Users\Israel Luis\Documents\GitHub\GoalOptimized\ProjectResults\DSE\sub3\multiCycle\Je\MuscleAnalysis
[2026-02-17 10:17:50.073] [info] Updating Model file from 40000 to latest format...
[2026-02-17 10:17:50.090] [info] Loaded model 7_scaledH_rajagopal2016_1802_7 from file C:\Users\Israel Luis\Documents\GitHub\GoalOptimized\Database\sub3\model\model_rajagopal2022_sub3.osim
[2026-02-17 10:17:50.091] [warning] Couldn't find file 'r_pelvis.vtp'.
[2026-02-17 10:17:50.091] [warning] Couldn't find file 'l_pelvis.vtp'.
[2026-02-17 10:17:50.091] [warning] Couldn't find file 'sacrum.vtp'.
[2026-02-17 10:17:50.091] [warning] Couldn't find file 'r_femur.vtp'.
[2026-02-17 10:17:50.091] [warning] Couldn't find file 'r_tibia.vtp'.
[2026-02-17 10:17:50.091] [warning] Couldn't find file 'r_fibula.vtp'.
[2026-02-17 10:17:50.091] [warning] Couldn't find file 'r_patella.vtp'.
[2026-02-17 10:17:50.091] [warning] Couldn't find file 'r_talus.vtp'.
[2026-02-17 10:17:50.091] [warning] Couldn't find file 'r_foot.vtp'.
[2026-02-17 10:17:50.091] [warning] Couldn't find file 'r_bofoot.vtp'.
[2026-02-17 10:17:50.091] [warning] Couldn't find file 'l_femur.vtp'.
[2026-02-17 10:17:50.091] [warning] Couldn't find file 'l_tibia.vtp'.
[2026-02-17 10:17:50.091] [warning] Couldn't find file 'l_fibula.vtp'.
[2026-02-17 10:17:50.091] [warning] Couldn't find file 'l_patella.vtp'.
[2026-02-17 10:17:50.091] [warning] Couldn't find file 'l_talus.vtp'.
[2026-02-17 10:17:50.091] [warning] Couldn't find file 'l_foot.vtp'.
[2026-02-17 10:17:50.091] [warning] Couldn't find file 'l_bofoot.vtp'.
[2026-02-17 10:17:50.091] [warning] Couldn't find file 'hat_spine.vtp'.
[2026-02-17 10:17:50.091] [warning] Couldn't find file 'hat_jaw.vtp'.
[2026-02-17 10:17:50.091] [warning] Couldn't find file 'hat_skull.vtp'.
[2026-02-17 10:17:50.091] [warning] Couldn't find file 'hat_ribs_scap.vtp'.
[2026-02-17 10:17:50.091] [warning] Couldn't find file 'humerus_rv.vtp'.
[2026-02-17 10:17:50.092] [warning] Couldn't find file 'ulna_rv.vtp'.
[2026-02-17 10:17:50.092] [warning] Couldn't find file 'radius_rv.vtp'.
[2026-02-17 10:17:50.092] [warning] Couldn't find file 'pisiform_rvs.vtp'.
[2026-02-17 10:17:50.092] [warning] Couldn't find file 'lunate_rvs.vtp'.
[2026-02-17 10:17:50.092] [warning] Couldn't find file 'scaphoid_rvs.vtp'.
[2026-02-17 10:17:50.092] [warning] Couldn't find file 'triquetrum_rvs.vtp'.
[2026-02-17 10:17:50.092] [warning] Couldn't find file 'hamate_rvs.vtp'.
[2026-02-17 10:17:50.092] [warning] Couldn't find file 'capitate_rvs.vtp'.
[2026-02-17 10:17:50.092] [warning] Couldn't find file 'trapezoid_rvs.vtp'.
[2026-02-17 10:17:50.092] [warning] Couldn't find file 'trapezium_rvs.vtp'.
[2026-02-17 10:17:50.092] [warning] Couldn't find file 'metacarpal2_rvs.vtp'.
[2026-02-17 10:17:50.092] [warning] Couldn't find file 'index_proximal_rvs.vtp'.
[2026-02-17 10:17:50.092] [warning] Couldn't find file 'index_medial_rvs.vtp'.
[2026-02-17 10:17:50.092] [warning] Couldn't find file 'index_distal_rvs.vtp'.
[2026-02-17 10:17:50.092] [warning] Couldn't find file 'metacarpal3_rvs.vtp'.
[2026-02-17 10:17:50.092] [warning] Couldn't find file 'middle_proximal_rvs.vtp'.
[2026-02-17 10:17:50.092] [warning] Couldn't find file 'middle_medial_rvs.vtp'.
[2026-02-17 10:17:50.092] [warning] Couldn't find file 'middle_distal_rvs.vtp'.
[2026-02-17 10:17:50.092] [warning] Couldn't find file 'metacarpal4_rvs.vtp'.
[2026-02-17 10:17:50.092] [warning] Couldn't find file 'ring_proximal_rvs.vtp'.
[2026-02-17 10:17:50.092] [warning] Couldn't find file 'ring_medial_rvs.vtp'.
[2026-02-17 10:17:50.092] [warning] Couldn't find file 'ring_distal_rvs.vtp'.
[2026-02-17 10:17:50.092] [warning] Couldn't find file 'metacarpal5_rvs.vtp'.
[2026-02-17 10:17:50.092] [warning] Couldn't find file 'little_proximal_rvs.vtp'.
[2026-02-17 10:17:50.092] [warning] Couldn't find file 'little_medial_rvs.vtp'.
[2026-02-17 10:17:50.092] [warning] Couldn't find file 'little_distal_rvs.vtp'.
[2026-02-17 10:17:50.092] [warning] Couldn't find file 'metacarpal1_rvs.vtp'.
[2026-02-17 10:17:50.092] [warning] Couldn't find file 'thumb_proximal_rvs.vtp'.
[2026-02-17 10:17:50.093] [warning] Couldn't find file 'thumb_distal_rvs.vtp'.
[2026-02-17 10:17:50.093] [warning] Couldn't find file 'humerus_lv.vtp'.
[2026-02-17 10:17:50.093] [warning] Couldn't find file 'ulna_lv.vtp'.
[2026-02-17 10:17:50.093] [warning] Couldn't find file 'radius_lv.vtp'.
[2026-02-17 10:17:50.093] [warning] Couldn't find file 'pisiform_lvs.vtp'.
[2026-02-17 10:17:50.093] [warning] Couldn't find file 'lunate_lvs.vtp'.
[2026-02-17 10:17:50.093] [warning] Couldn't find file 'scaphoid_lvs.vtp'.
[2026-02-17 10:17:50.093] [warning] Couldn't find file 'triquetrum_lvs.vtp'.
[2026-02-17 10:17:50.093] [warning] Couldn't find file 'hamate_lvs.vtp'.
[2026-02-17 10:17:50.093] [warning] Couldn't find file 'capitate_lvs.vtp'.
[2026-02-17 10:17:50.093] [warning] Couldn't find file 'trapezoid_lvs.vtp'.
[2026-02-17 10:17:50.093] [warning] Couldn't find file 'trapezium_lvs.vtp'.
[2026-02-17 10:17:50.093] [warning] Couldn't find file 'metacarpal2_lvs.vtp'.
[2026-02-17 10:17:50.093] [warning] Couldn't find file 'index_proximal_lvs.vtp'.
[2026-02-17 10:17:50.093] [warning] Couldn't find file 'index_medial_lvs.vtp'.
[2026-02-17 10:17:50.093] [warning] Couldn't find file 'index_distal_lvs.vtp'.
[2026-02-17 10:17:50.093] [warning] Couldn't find file 'metacarpal3_lvs.vtp'.
[2026-02-17 10:17:50.093] [warning] Couldn't find file 'middle_proximal_lvs.vtp'.
[2026-02-17 10:17:50.093] [warning] Couldn't find file 'middle_medial_lvs.vtp'.
[2026-02-17 10:17:50.093] [warning] Couldn't find file 'middle_distal_lvs.vtp'.
[2026-02-17 10:17:50.093] [warning] Couldn't find file 'metacarpal4_lvs.vtp'.
[2026-02-17 10:17:50.093] [warning] Couldn't find file 'ring_proximal_lvs.vtp'.
[2026-02-17 10:17:50.093] [warning] Couldn't find file 'ring_medial_lvs.vtp'.
[2026-02-17 10:17:50.093] [warning] Couldn't find file 'ring_distal_lvs.vtp'.
[2026-02-17 10:17:50.093] [warning] Couldn't find file 'metacarpal5_lvs.vtp'.
[2026-02-17 10:17:50.093] [warning] Couldn't find file 'little_proximal_lvs.vtp'.
[2026-02-17 10:17:50.093] [warning] Couldn't find file 'little_medial_lvs.vtp'.
[2026-02-17 10:17:50.093] [warning] Couldn't find file 'little_distal_lvs.vtp'.
[2026-02-17 10:17:50.094] [warning] Couldn't find file 'metacarpal1_lvs.vtp'.
[2026-02-17 10:17:50.094] [warning] Couldn't find file 'thumb_proximal_lvs.vtp'.
[2026-02-17 10:17:50.094] [warning] Couldn't find file 'thumb_distal_lvs.vtp'.
[2026-02-17 10:17:50.106] [info] AbstractTool IK_sub3_v2_t2 loading model C:\Users\Israel Luis\Documents\GitHub\GoalOptimized\Database\sub3\model\model_rajagopal2022_sub3.osim
[2026-02-17 10:17:50.120] [info] Updating Model file from 40000 to latest format...
[2026-02-17 10:17:50.138] [info] Loaded model 7_scaledH_rajagopal2016_1802_7 from file C:\Users\Israel Luis\Documents\GitHub\GoalOptimized\Database\sub3\model\model_rajagopal2022_sub3.osim
[2026-02-17 10:17:50.138] [warning] Couldn't find file 'r_pelvis.vtp'.
[2026-02-17 10:17:50.138] [warning] Couldn't find file 'l_pelvis.vtp'.
[2026-02-17 10:17:50.138] [warning] Couldn't find file 'sacrum.vtp'.
[2026-02-17 10:17:50.138] [warning] Couldn't find file 'r_femur.vtp'.
[2026-02-17 10:17:50.139] [warning] Couldn't find file 'r_tibia.vtp'.
[2026-02-17 10:17:50.139] [warning] Couldn't find file 'r_fibula.vtp'.
[2026-02-17 10:17:50.139] [warning] Couldn't find file 'r_patella.vtp'.
[2026-02-17 10:17:50.139] [warning] Couldn't find file 'r_talus.vtp'.
[2026-02-17 10:17:50.139] [warning] Couldn't find file 'r_foot.vtp'.
[2026-02-17 10:17:50.139] [warning] Couldn't find file 'r_bofoot.vtp'.
[2026-02-17 10:17:50.139] [warning] Couldn't find file 'l_femur.vtp'.
[2026-02-17 10:17:50.139] [warning] Couldn't find file 'l_tibia.vtp'.
[2026-02-17 10:17:50.139] [warning] Couldn't find file 'l_fibula.vtp'.
[2026-02-17 10:17:50.139] [warning] Couldn't find file 'l_patella.vtp'.
[2026-02-17 10:17:50.139] [warning] Couldn't find file 'l_talus.vtp'.
[2026-02-17 10:17:50.139] [warning] Couldn't find file 'l_foot.vtp'.
[2026-02-17 10:17:50.139] [warning] Couldn't find file 'l_bofoot.vtp'.
[2026-02-17 10:17:50.139] [warning] Couldn't find file 'hat_spine.vtp'.
[2026-02-17 10:17:50.139] [warning] Couldn't find file 'hat_jaw.vtp'.
[2026-02-17 10:17:50.139] [warning] Couldn't find file 'hat_skull.vtp'.
[2026-02-17 10:17:50.139] [warning] Couldn't find file 'hat_ribs_scap.vtp'.
[2026-02-17 10:17:50.139] [warning] Couldn't find file 'humerus_rv.vtp'.
[2026-02-17 10:17:50.139] [warning] Couldn't find file 'ulna_rv.vtp'.
[2026-02-17 10:17:50.139] [warning] Couldn't find file 'radius_rv.vtp'.
[2026-02-17 10:17:50.139] [warning] Couldn't find file 'pisiform_rvs.vtp'.
[2026-02-17 10:17:50.139] [warning] Couldn't find file 'lunate_rvs.vtp'.
[2026-02-17 10:17:50.139] [warning] Couldn't find file 'scaphoid_rvs.vtp'.
[2026-02-17 10:17:50.139] [warning] Couldn't find file 'triquetrum_rvs.vtp'.
[2026-02-17 10:17:50.139] [warning] Couldn't find file 'hamate_rvs.vtp'.
[2026-02-17 10:17:50.140] [warning] Couldn't find file 'capitate_rvs.vtp'.
[2026-02-17 10:17:50.140] [warning] Couldn't find file 'trapezoid_rvs.vtp'.
[2026-02-17 10:17:50.140] [warning] Couldn't find file 'trapezium_rvs.vtp'.
[2026-02-17 10:17:50.140] [warning] Couldn't find file 'metacarpal2_rvs.vtp'.
[2026-02-17 10:17:50.140] [warning] Couldn't find file 'index_proximal_rvs.vtp'.
[2026-02-17 10:17:50.140] [warning] Couldn't find file 'index_medial_rvs.vtp'.
[2026-02-17 10:17:50.140] [warning] Couldn't find file 'index_distal_rvs.vtp'.
[2026-02-17 10:17:50.140] [warning] Couldn't find file 'metacarpal3_rvs.vtp'.
[2026-02-17 10:17:50.140] [warning] Couldn't find file 'middle_proximal_rvs.vtp'.
[2026-02-17 10:17:50.140] [warning] Couldn't find file 'middle_medial_rvs.vtp'.
[2026-02-17 10:17:50.140] [warning] Couldn't find file 'middle_distal_rvs.vtp'.
[2026-02-17 10:17:50.140] [warning] Couldn't find file 'metacarpal4_rvs.vtp'.
[2026-02-17 10:17:50.140] [warning] Couldn't find file 'ring_proximal_rvs.vtp'.
[2026-02-17 10:17:50.140] [warning] Couldn't find file 'ring_medial_rvs.vtp'.
[2026-02-17 10:17:50.140] [warning] Couldn't find file 'ring_distal_rvs.vtp'.
[2026-02-17 10:17:50.140] [warning] Couldn't find file 'metacarpal5_rvs.vtp'.
[2026-02-17 10:17:50.140] [warning] Couldn't find file 'little_proximal_rvs.vtp'.
[2026-02-17 10:17:50.140] [warning] Couldn't find file 'little_medial_rvs.vtp'.
[2026-02-17 10:17:50.140] [warning] Couldn't find file 'little_distal_rvs.vtp'.
[2026-02-17 10:17:50.140] [warning] Couldn't find file 'metacarpal1_rvs.vtp'.
[2026-02-17 10:17:50.140] [warning] Couldn't find file 'thumb_proximal_rvs.vtp'.
[2026-02-17 10:17:50.140] [warning] Couldn't find file 'thumb_distal_rvs.vtp'.
[2026-02-17 10:17:50.140] [warning] Couldn't find file 'humerus_lv.vtp'.
[2026-02-17 10:17:50.140] [warning] Couldn't find file 'ulna_lv.vtp'.
[2026-02-17 10:17:50.140] [warning] Couldn't find file 'radius_lv.vtp'.
[2026-02-17 10:17:50.140] [warning] Couldn't find file 'pisiform_lvs.vtp'.
[2026-02-17 10:17:50.140] [warning] Couldn't find file 'lunate_lvs.vtp'.
[2026-02-17 10:17:50.140] [warning] Couldn't find file 'scaphoid_lvs.vtp'.
[2026-02-17 10:17:50.141] [warning] Couldn't find file 'triquetrum_lvs.vtp'.
[2026-02-17 10:17:50.141] [warning] Couldn't find file 'hamate_lvs.vtp'.
[2026-02-17 10:17:50.141] [warning] Couldn't find file 'capitate_lvs.vtp'.
[2026-02-17 10:17:50.141] [warning] Couldn't find file 'trapezoid_lvs.vtp'.
[2026-02-17 10:17:50.141] [warning] Couldn't find file 'trapezium_lvs.vtp'.
[2026-02-17 10:17:50.141] [warning] Couldn't find file 'metacarpal2_lvs.vtp'.
[2026-02-17 10:17:50.141] [warning] Couldn't find file 'index_proximal_lvs.vtp'.
[2026-02-17 10:17:50.141] [warning] Couldn't find file 'index_medial_lvs.vtp'.
[2026-02-17 10:17:50.141] [warning] Couldn't find file 'index_distal_lvs.vtp'.
[2026-02-17 10:17:50.141] [warning] Couldn't find file 'metacarpal3_lvs.vtp'.
[2026-02-17 10:17:50.141] [warning] Couldn't find file 'middle_proximal_lvs.vtp'.
[2026-02-17 10:17:50.141] [warning] Couldn't find file 'middle_medial_lvs.vtp'.
[2026-02-17 10:17:50.141] [warning] Couldn't find file 'middle_distal_lvs.vtp'.
[2026-02-17 10:17:50.141] [warning] Couldn't find file 'metacarpal4_lvs.vtp'.
[2026-02-17 10:17:50.141] [warning] Couldn't find file 'ring_proximal_lvs.vtp'.
[2026-02-17 10:17:50.141] [warning] Couldn't find file 'ring_medial_lvs.vtp'.
[2026-02-17 10:17:50.141] [warning] Couldn't find file 'ring_distal_lvs.vtp'.
[2026-02-17 10:17:50.141] [warning] Couldn't find file 'metacarpal5_lvs.vtp'.
[2026-02-17 10:17:50.141] [warning] Couldn't find file 'little_proximal_lvs.vtp'.
[2026-02-17 10:17:50.141] [warning] Couldn't find file 'little_medial_lvs.vtp'.
[2026-02-17 10:17:50.141] [warning] Couldn't find file 'little_distal_lvs.vtp'.
[2026-02-17 10:17:50.141] [warning] Couldn't find file 'metacarpal1_lvs.vtp'.
[2026-02-17 10:17:50.141] [warning] Couldn't find file 'thumb_proximal_lvs.vtp'.
[2026-02-17 10:17:50.141] [warning] Couldn't find file 'thumb_distal_lvs.vtp'.
[2026-02-17 10:17:50.146] [info] No external loads will be applied (external loads file not specified).
[2026-02-17 10:17:50.158] [info] Loading coordinates from file 'C:\Users\Israel Luis\Documents\GitHub\GoalOptimized\Database\sub3\IK\IK_sub3_v2_t2.mot'.
[2026-02-17 10:17:50.158] [info] Storage: read data file = C:\Users\Israel Luis\Documents\GitHub\GoalOptimized\Database\sub3\IK\IK_sub3_v2_t2.mot (nr=112 nc=40)
[2026-02-17 10:17:50.801] [info] Found 112 state vectors with time stamps ranging from 0.78 to 1.89.
[2026-02-17 10:17:50.801] [info] Executing the analyses from 0.78 to 1.89...
[2026-02-17 10:17:54.949] [info] Printing results of investigation IK_sub3_v2_t2 to C:\Users\Israel Luis\Documents\GitHub\GoalOptimized\ProjectResults\DSE\sub3\multiCycle\Je\MuscleAnalysis
[2026-02-17 10:17:58.893] [info] Updating Model file from 40000 to latest format...
[2026-02-17 10:17:58.912] [info] Loaded model 7_scaledH_rajagopal2016_1802_7 from file C:\Users\Israel Luis\Documents\GitHub\GoalOptimized\Database\sub3\model\model_rajagopal2022_sub3.osim
[2026-02-17 10:17:58.912] [warning] Couldn't find file 'r_pelvis.vtp'.
[2026-02-17 10:17:58.912] [warning] Couldn't find file 'l_pelvis.vtp'.
[2026-02-17 10:17:58.912] [warning] Couldn't find file 'sacrum.vtp'.
[2026-02-17 10:17:58.912] [warning] Couldn't find file 'r_femur.vtp'.
[2026-02-17 10:17:58.912] [warning] Couldn't find file 'r_tibia.vtp'.
[2026-02-17 10:17:58.912] [warning] Couldn't find file 'r_fibula.vtp'.
[2026-02-17 10:17:58.912] [warning] Couldn't find file 'r_patella.vtp'.
[2026-02-17 10:17:58.912] [warning] Couldn't find file 'r_talus.vtp'.
[2026-02-17 10:17:58.912] [warning] Couldn't find file 'r_foot.vtp'.
[2026-02-17 10:17:58.912] [warning] Couldn't find file 'r_bofoot.vtp'.
[2026-02-17 10:17:58.912] [warning] Couldn't find file 'l_femur.vtp'.
[2026-02-17 10:17:58.912] [warning] Couldn't find file 'l_tibia.vtp'.
[2026-02-17 10:17:58.913] [warning] Couldn't find file 'l_fibula.vtp'.
[2026-02-17 10:17:58.913] [warning] Couldn't find file 'l_patella.vtp'.
[2026-02-17 10:17:58.913] [warning] Couldn't find file 'l_talus.vtp'.
[2026-02-17 10:17:58.913] [warning] Couldn't find file 'l_foot.vtp'.
[2026-02-17 10:17:58.913] [warning] Couldn't find file 'l_bofoot.vtp'.
[2026-02-17 10:17:58.913] [warning] Couldn't find file 'hat_spine.vtp'.
[2026-02-17 10:17:58.913] [warning] Couldn't find file 'hat_jaw.vtp'.
[2026-02-17 10:17:58.913] [warning] Couldn't find file 'hat_skull.vtp'.
[2026-02-17 10:17:58.913] [warning] Couldn't find file 'hat_ribs_scap.vtp'.
[2026-02-17 10:17:58.913] [warning] Couldn't find file 'humerus_rv.vtp'.
[2026-02-17 10:17:58.913] [warning] Couldn't find file 'ulna_rv.vtp'.
[2026-02-17 10:17:58.913] [warning] Couldn't find file 'radius_rv.vtp'.
[2026-02-17 10:17:58.913] [warning] Couldn't find file 'pisiform_rvs.vtp'.
[2026-02-17 10:17:58.913] [warning] Couldn't find file 'lunate_rvs.vtp'.
[2026-02-17 10:17:58.913] [warning] Couldn't find file 'scaphoid_rvs.vtp'.
[2026-02-17 10:17:58.913] [warning] Couldn't find file 'triquetrum_rvs.vtp'.
[2026-02-17 10:17:58.913] [warning] Couldn't find file 'hamate_rvs.vtp'.
[2026-02-17 10:17:58.913] [warning] Couldn't find file 'capitate_rvs.vtp'.
[2026-02-17 10:17:58.913] [warning] Couldn't find file 'trapezoid_rvs.vtp'.
[2026-02-17 10:17:58.913] [warning] Couldn't find file 'trapezium_rvs.vtp'.
[2026-02-17 10:17:58.913] [warning] Couldn't find file 'metacarpal2_rvs.vtp'.
[2026-02-17 10:17:58.913] [warning] Couldn't find file 'index_proximal_rvs.vtp'.
[2026-02-17 10:17:58.913] [warning] Couldn't find file 'index_medial_rvs.vtp'.
[2026-02-17 10:17:58.913] [warning] Couldn't find file 'index_distal_rvs.vtp'.
[2026-02-17 10:17:58.913] [warning] Couldn't find file 'metacarpal3_rvs.vtp'.
[2026-02-17 10:17:58.913] [warning] Couldn't find file 'middle_proximal_rvs.vtp'.
[2026-02-17 10:17:58.913] [warning] Couldn't find file 'middle_medial_rvs.vtp'.
[2026-02-17 10:17:58.913] [warning] Couldn't find file 'middle_distal_rvs.vtp'.
[2026-02-17 10:17:58.914] [warning] Couldn't find file 'metacarpal4_rvs.vtp'.
[2026-02-17 10:17:58.914] [warning] Couldn't find file 'ring_proximal_rvs.vtp'.
[2026-02-17 10:17:58.914] [warning] Couldn't find file 'ring_medial_rvs.vtp'.
[2026-02-17 10:17:58.914] [warning] Couldn't find file 'ring_distal_rvs.vtp'.
[2026-02-17 10:17:58.914] [warning] Couldn't find file 'metacarpal5_rvs.vtp'.
[2026-02-17 10:17:58.914] [warning] Couldn't find file 'little_proximal_rvs.vtp'.
[2026-02-17 10:17:58.914] [warning] Couldn't find file 'little_medial_rvs.vtp'.
[2026-02-17 10:17:58.914] [warning] Couldn't find file 'little_distal_rvs.vtp'.
[2026-02-17 10:17:58.914] [warning] Couldn't find file 'metacarpal1_rvs.vtp'.
[2026-02-17 10:17:58.914] [warning] Couldn't find file 'thumb_proximal_rvs.vtp'.
[2026-02-17 10:17:58.914] [warning] Couldn't find file 'thumb_distal_rvs.vtp'.
[2026-02-17 10:17:58.914] [warning] Couldn't find file 'humerus_lv.vtp'.
[2026-02-17 10:17:58.914] [warning] Couldn't find file 'ulna_lv.vtp'.
[2026-02-17 10:17:58.914] [warning] Couldn't find file 'radius_lv.vtp'.
[2026-02-17 10:17:58.914] [warning] Couldn't find file 'pisiform_lvs.vtp'.
[2026-02-17 10:17:58.914] [warning] Couldn't find file 'lunate_lvs.vtp'.
[2026-02-17 10:17:58.914] [warning] Couldn't find file 'scaphoid_lvs.vtp'.
[2026-02-17 10:17:58.914] [warning] Couldn't find file 'triquetrum_lvs.vtp'.
[2026-02-17 10:17:58.914] [warning] Couldn't find file 'hamate_lvs.vtp'.
[2026-02-17 10:17:58.914] [warning] Couldn't find file 'capitate_lvs.vtp'.
[2026-02-17 10:17:58.914] [warning] Couldn't find file 'trapezoid_lvs.vtp'.
[2026-02-17 10:17:58.914] [warning] Couldn't find file 'trapezium_lvs.vtp'.
[2026-02-17 10:17:58.914] [warning] Couldn't find file 'metacarpal2_lvs.vtp'.
[2026-02-17 10:17:58.914] [warning] Couldn't find file 'index_proximal_lvs.vtp'.
[2026-02-17 10:17:58.914] [warning] Couldn't find file 'index_medial_lvs.vtp'.
[2026-02-17 10:17:58.914] [warning] Couldn't find file 'index_distal_lvs.vtp'.
[2026-02-17 10:17:58.914] [warning] Couldn't find file 'metacarpal3_lvs.vtp'.
[2026-02-17 10:17:58.914] [warning] Couldn't find file 'middle_proximal_lvs.vtp'.
[2026-02-17 10:17:58.914] [warning] Couldn't find file 'middle_medial_lvs.vtp'.
[2026-02-17 10:17:58.915] [warning] Couldn't find file 'middle_distal_lvs.vtp'.
[2026-02-17 10:17:58.915] [warning] Couldn't find file 'metacarpal4_lvs.vtp'.
[2026-02-17 10:17:58.915] [warning] Couldn't find file 'ring_proximal_lvs.vtp'.
[2026-02-17 10:17:58.915] [warning] Couldn't find file 'ring_medial_lvs.vtp'.
[2026-02-17 10:17:58.915] [warning] Couldn't find file 'ring_distal_lvs.vtp'.
[2026-02-17 10:17:58.915] [warning] Couldn't find file 'metacarpal5_lvs.vtp'.
[2026-02-17 10:17:58.915] [warning] Couldn't find file 'little_proximal_lvs.vtp'.
[2026-02-17 10:17:58.915] [warning] Couldn't find file 'little_medial_lvs.vtp'.
[2026-02-17 10:17:58.915] [warning] Couldn't find file 'little_distal_lvs.vtp'.
[2026-02-17 10:17:58.915] [warning] Couldn't find file 'metacarpal1_lvs.vtp'.
[2026-02-17 10:17:58.915] [warning] Couldn't find file 'thumb_proximal_lvs.vtp'.
[2026-02-17 10:17:58.915] [warning] Couldn't find file 'thumb_distal_lvs.vtp'.
[2026-02-17 10:17:58.927] [info] AbstractTool IK_sub3_v2_t3 loading model C:\Users\Israel Luis\Documents\GitHub\GoalOptimized\Database\sub3\model\model_rajagopal2022_sub3.osim
[2026-02-17 10:17:58.941] [info] Updating Model file from 40000 to latest format...
[2026-02-17 10:17:58.959] [info] Loaded model 7_scaledH_rajagopal2016_1802_7 from file C:\Users\Israel Luis\Documents\GitHub\GoalOptimized\Database\sub3\model\model_rajagopal2022_sub3.osim
[2026-02-17 10:17:58.960] [warning] Couldn't find file 'r_pelvis.vtp'.
[2026-02-17 10:17:58.960] [warning] Couldn't find file 'l_pelvis.vtp'.
[2026-02-17 10:17:58.960] [warning] Couldn't find file 'sacrum.vtp'.
[2026-02-17 10:17:58.960] [warning] Couldn't find file 'r_femur.vtp'.
[2026-02-17 10:17:58.960] [warning] Couldn't find file 'r_tibia.vtp'.
[2026-02-17 10:17:58.960] [warning] Couldn't find file 'r_fibula.vtp'.
[2026-02-17 10:17:58.960] [warning] Couldn't find file 'r_patella.vtp'.
[2026-02-17 10:17:58.960] [warning] Couldn't find file 'r_talus.vtp'.
[2026-02-17 10:17:58.960] [warning] Couldn't find file 'r_foot.vtp'.
[2026-02-17 10:17:58.960] [warning] Couldn't find file 'r_bofoot.vtp'.
[2026-02-17 10:17:58.960] [warning] Couldn't find file 'l_femur.vtp'.
[2026-02-17 10:17:58.960] [warning] Couldn't find file 'l_tibia.vtp'.
[2026-02-17 10:17:58.960] [warning] Couldn't find file 'l_fibula.vtp'.
[2026-02-17 10:17:58.960] [warning] Couldn't find file 'l_patella.vtp'.
[2026-02-17 10:17:58.960] [warning] Couldn't find file 'l_talus.vtp'.
[2026-02-17 10:17:58.960] [warning] Couldn't find file 'l_foot.vtp'.
[2026-02-17 10:17:58.960] [warning] Couldn't find file 'l_bofoot.vtp'.
[2026-02-17 10:17:58.960] [warning] Couldn't find file 'hat_spine.vtp'.
[2026-02-17 10:17:58.960] [warning] Couldn't find file 'hat_jaw.vtp'.
[2026-02-17 10:17:58.960] [warning] Couldn't find file 'hat_skull.vtp'.
[2026-02-17 10:17:58.960] [warning] Couldn't find file 'hat_ribs_scap.vtp'.
[2026-02-17 10:17:58.960] [warning] Couldn't find file 'humerus_rv.vtp'.
[2026-02-17 10:17:58.960] [warning] Couldn't find file 'ulna_rv.vtp'.
[2026-02-17 10:17:58.960] [warning] Couldn't find file 'radius_rv.vtp'.
[2026-02-17 10:17:58.961] [warning] Couldn't find file 'pisiform_rvs.vtp'.
[2026-02-17 10:17:58.961] [warning] Couldn't find file 'lunate_rvs.vtp'.
[2026-02-17 10:17:58.961] [warning] Couldn't find file 'scaphoid_rvs.vtp'.
[2026-02-17 10:17:58.961] [warning] Couldn't find file 'triquetrum_rvs.vtp'.
[2026-02-17 10:17:58.961] [warning] Couldn't find file 'hamate_rvs.vtp'.
[2026-02-17 10:17:58.961] [warning] Couldn't find file 'capitate_rvs.vtp'.
[2026-02-17 10:17:58.961] [warning] Couldn't find file 'trapezoid_rvs.vtp'.
[2026-02-17 10:17:58.961] [warning] Couldn't find file 'trapezium_rvs.vtp'.
[2026-02-17 10:17:58.961] [warning] Couldn't find file 'metacarpal2_rvs.vtp'.
[2026-02-17 10:17:58.961] [warning] Couldn't find file 'index_proximal_rvs.vtp'.
[2026-02-17 10:17:58.961] [warning] Couldn't find file 'index_medial_rvs.vtp'.
[2026-02-17 10:17:58.961] [warning] Couldn't find file 'index_distal_rvs.vtp'.
[2026-02-17 10:17:58.961] [warning] Couldn't find file 'metacarpal3_rvs.vtp'.
[2026-02-17 10:17:58.961] [warning] Couldn't find file 'middle_proximal_rvs.vtp'.
[2026-02-17 10:17:58.961] [warning] Couldn't find file 'middle_medial_rvs.vtp'.
[2026-02-17 10:17:58.961] [warning] Couldn't find file 'middle_distal_rvs.vtp'.
[2026-02-17 10:17:58.961] [warning] Couldn't find file 'metacarpal4_rvs.vtp'.
[2026-02-17 10:17:58.961] [warning] Couldn't find file 'ring_proximal_rvs.vtp'.
[2026-02-17 10:17:58.961] [warning] Couldn't find file 'ring_medial_rvs.vtp'.
[2026-02-17 10:17:58.961] [warning] Couldn't find file 'ring_distal_rvs.vtp'.
[2026-02-17 10:17:58.961] [warning] Couldn't find file 'metacarpal5_rvs.vtp'.
[2026-02-17 10:17:58.961] [warning] Couldn't find file 'little_proximal_rvs.vtp'.
[2026-02-17 10:17:58.961] [warning] Couldn't find file 'little_medial_rvs.vtp'.
[2026-02-17 10:17:58.961] [warning] Couldn't find file 'little_distal_rvs.vtp'.
[2026-02-17 10:17:58.961] [warning] Couldn't find file 'metacarpal1_rvs.vtp'.
[2026-02-17 10:17:58.961] [warning] Couldn't find file 'thumb_proximal_rvs.vtp'.
[2026-02-17 10:17:58.961] [warning] Couldn't find file 'thumb_distal_rvs.vtp'.
[2026-02-17 10:17:58.961] [warning] Couldn't find file 'humerus_lv.vtp'.
[2026-02-17 10:17:58.962] [warning] Couldn't find file 'ulna_lv.vtp'.
[2026-02-17 10:17:58.962] [warning] Couldn't find file 'radius_lv.vtp'.
[2026-02-17 10:17:58.962] [warning] Couldn't find file 'pisiform_lvs.vtp'.
[2026-02-17 10:17:58.962] [warning] Couldn't find file 'lunate_lvs.vtp'.
[2026-02-17 10:17:58.962] [warning] Couldn't find file 'scaphoid_lvs.vtp'.
[2026-02-17 10:17:58.962] [warning] Couldn't find file 'triquetrum_lvs.vtp'.
[2026-02-17 10:17:58.962] [warning] Couldn't find file 'hamate_lvs.vtp'.
[2026-02-17 10:17:58.962] [warning] Couldn't find file 'capitate_lvs.vtp'.
[2026-02-17 10:17:58.962] [warning] Couldn't find file 'trapezoid_lvs.vtp'.
[2026-02-17 10:17:58.962] [warning] Couldn't find file 'trapezium_lvs.vtp'.
[2026-02-17 10:17:58.962] [warning] Couldn't find file 'metacarpal2_lvs.vtp'.
[2026-02-17 10:17:58.962] [warning] Couldn't find file 'index_proximal_lvs.vtp'.
[2026-02-17 10:17:58.962] [warning] Couldn't find file 'index_medial_lvs.vtp'.
[2026-02-17 10:17:58.962] [warning] Couldn't find file 'index_distal_lvs.vtp'.
[2026-02-17 10:17:58.962] [warning] Couldn't find file 'metacarpal3_lvs.vtp'.
[2026-02-17 10:17:58.962] [warning] Couldn't find file 'middle_proximal_lvs.vtp'.
[2026-02-17 10:17:58.962] [warning] Couldn't find file 'middle_medial_lvs.vtp'.
[2026-02-17 10:17:58.962] [warning] Couldn't find file 'middle_distal_lvs.vtp'.
[2026-02-17 10:17:58.962] [warning] Couldn't find file 'metacarpal4_lvs.vtp'.
[2026-02-17 10:17:58.962] [warning] Couldn't find file 'ring_proximal_lvs.vtp'.
[2026-02-17 10:17:58.962] [warning] Couldn't find file 'ring_medial_lvs.vtp'.
[2026-02-17 10:17:58.962] [warning] Couldn't find file 'ring_distal_lvs.vtp'.
[2026-02-17 10:17:58.962] [warning] Couldn't find file 'metacarpal5_lvs.vtp'.
[2026-02-17 10:17:58.962] [warning] Couldn't find file 'little_proximal_lvs.vtp'.
[2026-02-17 10:17:58.962] [warning] Couldn't find file 'little_medial_lvs.vtp'.
[2026-02-17 10:17:58.962] [warning] Couldn't find file 'little_distal_lvs.vtp'.
[2026-02-17 10:17:58.962] [warning] Couldn't find file 'metacarpal1_lvs.vtp'.
[2026-02-17 10:17:58.962] [warning] Couldn't find file 'thumb_proximal_lvs.vtp'.
[2026-02-17 10:17:58.962] [warning] Couldn't find file 'thumb_distal_lvs.vtp'.
[2026-02-17 10:17:58.967] [info] No external loads will be applied (external loads file not specified).
[2026-02-17 10:17:58.979] [info] Loading coordinates from file 'C:\Users\Israel Luis\Documents\GitHub\GoalOptimized\Database\sub3\IK\IK_sub3_v2_t3.mot'.
[2026-02-17 10:17:58.980] [info] Storage: read data file = C:\Users\Israel Luis\Documents\GitHub\GoalOptimized\Database\sub3\IK\IK_sub3_v2_t3.mot (nr=114 nc=40)
[2026-02-17 10:17:59.550] [info] Found 114 state vectors with time stamps ranging from 1.1 to 2.23.
[2026-02-17 10:17:59.551] [info] Executing the analyses from 1.1 to 2.23...
[2026-02-17 10:18:03.783] [info] Printing results of investigation IK_sub3_v2_t3 to C:\Users\Israel Luis\Documents\GitHub\GoalOptimized\ProjectResults\DSE\sub3\multiCycle\Je\MuscleAnalysis
[2026-02-17 10:21:53.873] [info] Updating Model file from 40000 to latest format...
[2026-02-17 10:21:53.891] [info] Loaded model 9_scaled_rajagopal2022 from file C:\Users\Israel Luis\Documents\GitHub\GoalOptimized\Database\sub4\model\model_rajagopal2022_sub4.osim
[2026-02-17 10:21:53.892] [warning] Couldn't find file 'r_pelvis.vtp'.
[2026-02-17 10:21:53.892] [warning] Couldn't find file 'l_pelvis.vtp'.
[2026-02-17 10:21:53.892] [warning] Couldn't find file 'sacrum.vtp'.
[2026-02-17 10:21:53.892] [warning] Couldn't find file 'r_femur.vtp'.
[2026-02-17 10:21:53.892] [warning] Couldn't find file 'r_tibia.vtp'.
[2026-02-17 10:21:53.892] [warning] Couldn't find file 'r_fibula.vtp'.
[2026-02-17 10:21:53.892] [warning] Couldn't find file 'r_patella.vtp'.
[2026-02-17 10:21:53.892] [warning] Couldn't find file 'r_talus.vtp'.
[2026-02-17 10:21:53.892] [warning] Couldn't find file 'r_foot.vtp'.
[2026-02-17 10:21:53.892] [warning] Couldn't find file 'r_bofoot.vtp'.
[2026-02-17 10:21:53.892] [warning] Couldn't find file 'l_femur.vtp'.
[2026-02-17 10:21:53.892] [warning] Couldn't find file 'l_tibia.vtp'.
[2026-02-17 10:21:53.892] [warning] Couldn't find file 'l_fibula.vtp'.
[2026-02-17 10:21:53.892] [warning] Couldn't find file 'l_patella.vtp'.
[2026-02-17 10:21:53.892] [warning] Couldn't find file 'l_talus.vtp'.
[2026-02-17 10:21:53.892] [warning] Couldn't find file 'l_foot.vtp'.
[2026-02-17 10:21:53.892] [warning] Couldn't find file 'l_bofoot.vtp'.
[2026-02-17 10:21:53.892] [warning] Couldn't find file 'hat_spine.vtp'.
[2026-02-17 10:21:53.892] [warning] Couldn't find file 'hat_jaw.vtp'.
[2026-02-17 10:21:53.892] [warning] Couldn't find file 'hat_skull.vtp'.
[2026-02-17 10:21:53.892] [warning] Couldn't find file 'hat_ribs_scap.vtp'.
[2026-02-17 10:21:53.892] [warning] Couldn't find file 'humerus_rv.vtp'.
[2026-02-17 10:21:53.893] [warning] Couldn't find file 'ulna_rv.vtp'.
[2026-02-17 10:21:53.893] [warning] Couldn't find file 'radius_rv.vtp'.
[2026-02-17 10:21:53.893] [warning] Couldn't find file 'pisiform_rvs.vtp'.
[2026-02-17 10:21:53.893] [warning] Couldn't find file 'lunate_rvs.vtp'.
[2026-02-17 10:21:53.893] [warning] Couldn't find file 'scaphoid_rvs.vtp'.
[2026-02-17 10:21:53.893] [warning] Couldn't find file 'triquetrum_rvs.vtp'.
[2026-02-17 10:21:53.893] [warning] Couldn't find file 'hamate_rvs.vtp'.
[2026-02-17 10:21:53.893] [warning] Couldn't find file 'capitate_rvs.vtp'.
[2026-02-17 10:21:53.893] [warning] Couldn't find file 'trapezoid_rvs.vtp'.
[2026-02-17 10:21:53.893] [warning] Couldn't find file 'trapezium_rvs.vtp'.
[2026-02-17 10:21:53.893] [warning] Couldn't find file 'metacarpal2_rvs.vtp'.
[2026-02-17 10:21:53.893] [warning] Couldn't find file 'index_proximal_rvs.vtp'.
[2026-02-17 10:21:53.893] [warning] Couldn't find file 'index_medial_rvs.vtp'.
[2026-02-17 10:21:53.893] [warning] Couldn't find file 'index_distal_rvs.vtp'.
[2026-02-17 10:21:53.893] [warning] Couldn't find file 'metacarpal3_rvs.vtp'.
[2026-02-17 10:21:53.893] [warning] Couldn't find file 'middle_proximal_rvs.vtp'.
[2026-02-17 10:21:53.893] [warning] Couldn't find file 'middle_medial_rvs.vtp'.
[2026-02-17 10:21:53.893] [warning] Couldn't find file 'middle_distal_rvs.vtp'.
[2026-02-17 10:21:53.893] [warning] Couldn't find file 'metacarpal4_rvs.vtp'.
[2026-02-17 10:21:53.893] [warning] Couldn't find file 'ring_proximal_rvs.vtp'.
[2026-02-17 10:21:53.893] [warning] Couldn't find file 'ring_medial_rvs.vtp'.
[2026-02-17 10:21:53.893] [warning] Couldn't find file 'ring_distal_rvs.vtp'.
[2026-02-17 10:21:53.893] [warning] Couldn't find file 'metacarpal5_rvs.vtp'.
[2026-02-17 10:21:53.893] [warning] Couldn't find file 'little_proximal_rvs.vtp'.
[2026-02-17 10:21:53.893] [warning] Couldn't find file 'little_medial_rvs.vtp'.
[2026-02-17 10:21:53.893] [warning] Couldn't find file 'little_distal_rvs.vtp'.
[2026-02-17 10:21:53.893] [warning] Couldn't find file 'metacarpal1_rvs.vtp'.
[2026-02-17 10:21:53.893] [warning] Couldn't find file 'thumb_proximal_rvs.vtp'.
[2026-02-17 10:21:53.893] [warning] Couldn't find file 'thumb_distal_rvs.vtp'.
[2026-02-17 10:21:53.894] [warning] Couldn't find file 'humerus_lv.vtp'.
[2026-02-17 10:21:53.894] [warning] Couldn't find file 'ulna_lv.vtp'.
[2026-02-17 10:21:53.894] [warning] Couldn't find file 'radius_lv.vtp'.
[2026-02-17 10:21:53.894] [warning] Couldn't find file 'pisiform_lvs.vtp'.
[2026-02-17 10:21:53.894] [warning] Couldn't find file 'lunate_lvs.vtp'.
[2026-02-17 10:21:53.894] [warning] Couldn't find file 'scaphoid_lvs.vtp'.
[2026-02-17 10:21:53.894] [warning] Couldn't find file 'triquetrum_lvs.vtp'.
[2026-02-17 10:21:53.894] [warning] Couldn't find file 'hamate_lvs.vtp'.
[2026-02-17 10:21:53.894] [warning] Couldn't find file 'capitate_lvs.vtp'.
[2026-02-17 10:21:53.894] [warning] Couldn't find file 'trapezoid_lvs.vtp'.
[2026-02-17 10:21:53.894] [warning] Couldn't find file 'trapezium_lvs.vtp'.
[2026-02-17 10:21:53.894] [warning] Couldn't find file 'metacarpal2_lvs.vtp'.
[2026-02-17 10:21:53.894] [warning] Couldn't find file 'index_proximal_lvs.vtp'.
[2026-02-17 10:21:53.894] [warning] Couldn't find file 'index_medial_lvs.vtp'.
[2026-02-17 10:21:53.894] [warning] Couldn't find file 'index_distal_lvs.vtp'.
[2026-02-17 10:21:53.894] [warning] Couldn't find file 'metacarpal3_lvs.vtp'.
[2026-02-17 10:21:53.894] [warning] Couldn't find file 'middle_proximal_lvs.vtp'.
[2026-02-17 10:21:53.894] [warning] Couldn't find file 'middle_medial_lvs.vtp'.
[2026-02-17 10:21:53.894] [warning] Couldn't find file 'middle_distal_lvs.vtp'.
[2026-02-17 10:21:53.894] [warning] Couldn't find file 'metacarpal4_lvs.vtp'.
[2026-02-17 10:21:53.894] [warning] Couldn't find file 'ring_proximal_lvs.vtp'.
[2026-02-17 10:21:53.894] [warning] Couldn't find file 'ring_medial_lvs.vtp'.
[2026-02-17 10:21:53.894] [warning] Couldn't find file 'ring_distal_lvs.vtp'.
[2026-02-17 10:21:53.894] [warning] Couldn't find file 'metacarpal5_lvs.vtp'.
[2026-02-17 10:21:53.894] [warning] Couldn't find file 'little_proximal_lvs.vtp'.
[2026-02-17 10:21:53.894] [warning] Couldn't find file 'little_medial_lvs.vtp'.
[2026-02-17 10:21:53.894] [warning] Couldn't find file 'little_distal_lvs.vtp'.
[2026-02-17 10:21:53.895] [warning] Couldn't find file 'metacarpal1_lvs.vtp'.
[2026-02-17 10:21:53.895] [warning] Couldn't find file 'thumb_proximal_lvs.vtp'.
[2026-02-17 10:21:53.895] [warning] Couldn't find file 'thumb_distal_lvs.vtp'.
[2026-02-17 10:21:53.907] [info] AbstractTool IK_sub4_v2_t1 loading model C:\Users\Israel Luis\Documents\GitHub\GoalOptimized\Database\sub4\model\model_rajagopal2022_sub4.osim
[2026-02-17 10:21:53.920] [info] Updating Model file from 40000 to latest format...
[2026-02-17 10:21:53.938] [info] Loaded model 9_scaled_rajagopal2022 from file C:\Users\Israel Luis\Documents\GitHub\GoalOptimized\Database\sub4\model\model_rajagopal2022_sub4.osim
[2026-02-17 10:21:53.938] [warning] Couldn't find file 'r_pelvis.vtp'.
[2026-02-17 10:21:53.938] [warning] Couldn't find file 'l_pelvis.vtp'.
[2026-02-17 10:21:53.938] [warning] Couldn't find file 'sacrum.vtp'.
[2026-02-17 10:21:53.938] [warning] Couldn't find file 'r_femur.vtp'.
[2026-02-17 10:21:53.938] [warning] Couldn't find file 'r_tibia.vtp'.
[2026-02-17 10:21:53.938] [warning] Couldn't find file 'r_fibula.vtp'.
[2026-02-17 10:21:53.938] [warning] Couldn't find file 'r_patella.vtp'.
[2026-02-17 10:21:53.938] [warning] Couldn't find file 'r_talus.vtp'.
[2026-02-17 10:21:53.938] [warning] Couldn't find file 'r_foot.vtp'.
[2026-02-17 10:21:53.938] [warning] Couldn't find file 'r_bofoot.vtp'.
[2026-02-17 10:21:53.938] [warning] Couldn't find file 'l_femur.vtp'.
[2026-02-17 10:21:53.938] [warning] Couldn't find file 'l_tibia.vtp'.
[2026-02-17 10:21:53.938] [warning] Couldn't find file 'l_fibula.vtp'.
[2026-02-17 10:21:53.939] [warning] Couldn't find file 'l_patella.vtp'.
[2026-02-17 10:21:53.939] [warning] Couldn't find file 'l_talus.vtp'.
[2026-02-17 10:21:53.939] [warning] Couldn't find file 'l_foot.vtp'.
[2026-02-17 10:21:53.939] [warning] Couldn't find file 'l_bofoot.vtp'.
[2026-02-17 10:21:53.939] [warning] Couldn't find file 'hat_spine.vtp'.
[2026-02-17 10:21:53.939] [warning] Couldn't find file 'hat_jaw.vtp'.
[2026-02-17 10:21:53.939] [warning] Couldn't find file 'hat_skull.vtp'.
[2026-02-17 10:21:53.939] [warning] Couldn't find file 'hat_ribs_scap.vtp'.
[2026-02-17 10:21:53.939] [warning] Couldn't find file 'humerus_rv.vtp'.
[2026-02-17 10:21:53.939] [warning] Couldn't find file 'ulna_rv.vtp'.
[2026-02-17 10:21:53.939] [warning] Couldn't find file 'radius_rv.vtp'.
[2026-02-17 10:21:53.939] [warning] Couldn't find file 'pisiform_rvs.vtp'.
[2026-02-17 10:21:53.939] [warning] Couldn't find file 'lunate_rvs.vtp'.
[2026-02-17 10:21:53.939] [warning] Couldn't find file 'scaphoid_rvs.vtp'.
[2026-02-17 10:21:53.939] [warning] Couldn't find file 'triquetrum_rvs.vtp'.
[2026-02-17 10:21:53.939] [warning] Couldn't find file 'hamate_rvs.vtp'.
[2026-02-17 10:21:53.939] [warning] Couldn't find file 'capitate_rvs.vtp'.
[2026-02-17 10:21:53.939] [warning] Couldn't find file 'trapezoid_rvs.vtp'.
[2026-02-17 10:21:53.939] [warning] Couldn't find file 'trapezium_rvs.vtp'.
[2026-02-17 10:21:53.939] [warning] Couldn't find file 'metacarpal2_rvs.vtp'.
[2026-02-17 10:21:53.939] [warning] Couldn't find file 'index_proximal_rvs.vtp'.
[2026-02-17 10:21:53.939] [warning] Couldn't find file 'index_medial_rvs.vtp'.
[2026-02-17 10:21:53.939] [warning] Couldn't find file 'index_distal_rvs.vtp'.
[2026-02-17 10:21:53.939] [warning] Couldn't find file 'metacarpal3_rvs.vtp'.
[2026-02-17 10:21:53.939] [warning] Couldn't find file 'middle_proximal_rvs.vtp'.
[2026-02-17 10:21:53.939] [warning] Couldn't find file 'middle_medial_rvs.vtp'.
[2026-02-17 10:21:53.939] [warning] Couldn't find file 'middle_distal_rvs.vtp'.
[2026-02-17 10:21:53.939] [warning] Couldn't find file 'metacarpal4_rvs.vtp'.
[2026-02-17 10:21:53.940] [warning] Couldn't find file 'ring_proximal_rvs.vtp'.
[2026-02-17 10:21:53.940] [warning] Couldn't find file 'ring_medial_rvs.vtp'.
[2026-02-17 10:21:53.940] [warning] Couldn't find file 'ring_distal_rvs.vtp'.
[2026-02-17 10:21:53.940] [warning] Couldn't find file 'metacarpal5_rvs.vtp'.
[2026-02-17 10:21:53.940] [warning] Couldn't find file 'little_proximal_rvs.vtp'.
[2026-02-17 10:21:53.940] [warning] Couldn't find file 'little_medial_rvs.vtp'.
[2026-02-17 10:21:53.940] [warning] Couldn't find file 'little_distal_rvs.vtp'.
[2026-02-17 10:21:53.940] [warning] Couldn't find file 'metacarpal1_rvs.vtp'.
[2026-02-17 10:21:53.940] [warning] Couldn't find file 'thumb_proximal_rvs.vtp'.
[2026-02-17 10:21:53.940] [warning] Couldn't find file 'thumb_distal_rvs.vtp'.
[2026-02-17 10:21:53.940] [warning] Couldn't find file 'humerus_lv.vtp'.
[2026-02-17 10:21:53.940] [warning] Couldn't find file 'ulna_lv.vtp'.
[2026-02-17 10:21:53.940] [warning] Couldn't find file 'radius_lv.vtp'.
[2026-02-17 10:21:53.940] [warning] Couldn't find file 'pisiform_lvs.vtp'.
[2026-02-17 10:21:53.940] [warning] Couldn't find file 'lunate_lvs.vtp'.
[2026-02-17 10:21:53.940] [warning] Couldn't find file 'scaphoid_lvs.vtp'.
[2026-02-17 10:21:53.940] [warning] Couldn't find file 'triquetrum_lvs.vtp'.
[2026-02-17 10:21:53.940] [warning] Couldn't find file 'hamate_lvs.vtp'.
[2026-02-17 10:21:53.940] [warning] Couldn't find file 'capitate_lvs.vtp'.
[2026-02-17 10:21:53.940] [warning] Couldn't find file 'trapezoid_lvs.vtp'.
[2026-02-17 10:21:53.940] [warning] Couldn't find file 'trapezium_lvs.vtp'.
[2026-02-17 10:21:53.940] [warning] Couldn't find file 'metacarpal2_lvs.vtp'.
[2026-02-17 10:21:53.940] [warning] Couldn't find file 'index_proximal_lvs.vtp'.
[2026-02-17 10:21:53.940] [warning] Couldn't find file 'index_medial_lvs.vtp'.
[2026-02-17 10:21:53.940] [warning] Couldn't find file 'index_distal_lvs.vtp'.
[2026-02-17 10:21:53.940] [warning] Couldn't find file 'metacarpal3_lvs.vtp'.
[2026-02-17 10:21:53.940] [warning] Couldn't find file 'middle_proximal_lvs.vtp'.
[2026-02-17 10:21:53.940] [warning] Couldn't find file 'middle_medial_lvs.vtp'.
[2026-02-17 10:21:53.940] [warning] Couldn't find file 'middle_distal_lvs.vtp'.
[2026-02-17 10:21:53.941] [warning] Couldn't find file 'metacarpal4_lvs.vtp'.
[2026-02-17 10:21:53.941] [warning] Couldn't find file 'ring_proximal_lvs.vtp'.
[2026-02-17 10:21:53.941] [warning] Couldn't find file 'ring_medial_lvs.vtp'.
[2026-02-17 10:21:53.941] [warning] Couldn't find file 'ring_distal_lvs.vtp'.
[2026-02-17 10:21:53.941] [warning] Couldn't find file 'metacarpal5_lvs.vtp'.
[2026-02-17 10:21:53.941] [warning] Couldn't find file 'little_proximal_lvs.vtp'.
[2026-02-17 10:21:53.941] [warning] Couldn't find file 'little_medial_lvs.vtp'.
[2026-02-17 10:21:53.941] [warning] Couldn't find file 'little_distal_lvs.vtp'.
[2026-02-17 10:21:53.941] [warning] Couldn't find file 'metacarpal1_lvs.vtp'.
[2026-02-17 10:21:53.941] [warning] Couldn't find file 'thumb_proximal_lvs.vtp'.
[2026-02-17 10:21:53.941] [warning] Couldn't find file 'thumb_distal_lvs.vtp'.
[2026-02-17 10:21:53.945] [info] No external loads will be applied (external loads file not specified).
[2026-02-17 10:21:53.956] [info] Loading coordinates from file 'C:\Users\Israel Luis\Documents\GitHub\GoalOptimized\Database\sub4\IK\IK_sub4_v2_t1.mot'.
[2026-02-17 10:21:53.956] [info] Storage: read data file = C:\Users\Israel Luis\Documents\GitHub\GoalOptimized\Database\sub4\IK\IK_sub4_v2_t1.mot (nr=122 nc=40)
[2026-02-17 10:21:54.546] [info] Found 122 state vectors with time stamps ranging from 0.15 to 1.36.
[2026-02-17 10:21:54.546] [info] Executing the analyses from 0.15 to 1.36...
[2026-02-17 10:21:58.916] [info] Printing results of investigation IK_sub4_v2_t1 to C:\Users\Israel Luis\Documents\GitHub\GoalOptimized\ProjectResults\DSE\sub4\multiCycle\Je\MuscleAnalysis
[2026-02-17 10:22:03.331] [info] Updating Model file from 40000 to latest format...
[2026-02-17 10:22:03.348] [info] Loaded model 9_scaled_rajagopal2022 from file C:\Users\Israel Luis\Documents\GitHub\GoalOptimized\Database\sub4\model\model_rajagopal2022_sub4.osim
[2026-02-17 10:22:03.348] [warning] Couldn't find file 'r_pelvis.vtp'.
[2026-02-17 10:22:03.348] [warning] Couldn't find file 'l_pelvis.vtp'.
[2026-02-17 10:22:03.348] [warning] Couldn't find file 'sacrum.vtp'.
[2026-02-17 10:22:03.349] [warning] Couldn't find file 'r_femur.vtp'.
[2026-02-17 10:22:03.349] [warning] Couldn't find file 'r_tibia.vtp'.
[2026-02-17 10:22:03.349] [warning] Couldn't find file 'r_fibula.vtp'.
[2026-02-17 10:22:03.349] [warning] Couldn't find file 'r_patella.vtp'.
[2026-02-17 10:22:03.349] [warning] Couldn't find file 'r_talus.vtp'.
[2026-02-17 10:22:03.349] [warning] Couldn't find file 'r_foot.vtp'.
[2026-02-17 10:22:03.349] [warning] Couldn't find file 'r_bofoot.vtp'.
[2026-02-17 10:22:03.349] [warning] Couldn't find file 'l_femur.vtp'.
[2026-02-17 10:22:03.349] [warning] Couldn't find file 'l_tibia.vtp'.
[2026-02-17 10:22:03.349] [warning] Couldn't find file 'l_fibula.vtp'.
[2026-02-17 10:22:03.349] [warning] Couldn't find file 'l_patella.vtp'.
[2026-02-17 10:22:03.349] [warning] Couldn't find file 'l_talus.vtp'.
[2026-02-17 10:22:03.349] [warning] Couldn't find file 'l_foot.vtp'.
[2026-02-17 10:22:03.349] [warning] Couldn't find file 'l_bofoot.vtp'.
[2026-02-17 10:22:03.349] [warning] Couldn't find file 'hat_spine.vtp'.
[2026-02-17 10:22:03.349] [warning] Couldn't find file 'hat_jaw.vtp'.
[2026-02-17 10:22:03.349] [warning] Couldn't find file 'hat_skull.vtp'.
[2026-02-17 10:22:03.349] [warning] Couldn't find file 'hat_ribs_scap.vtp'.
[2026-02-17 10:22:03.349] [warning] Couldn't find file 'humerus_rv.vtp'.
[2026-02-17 10:22:03.349] [warning] Couldn't find file 'ulna_rv.vtp'.
[2026-02-17 10:22:03.349] [warning] Couldn't find file 'radius_rv.vtp'.
[2026-02-17 10:22:03.349] [warning] Couldn't find file 'pisiform_rvs.vtp'.
[2026-02-17 10:22:03.349] [warning] Couldn't find file 'lunate_rvs.vtp'.
[2026-02-17 10:22:03.349] [warning] Couldn't find file 'scaphoid_rvs.vtp'.
[2026-02-17 10:22:03.349] [warning] Couldn't find file 'triquetrum_rvs.vtp'.
[2026-02-17 10:22:03.349] [warning] Couldn't find file 'hamate_rvs.vtp'.
[2026-02-17 10:22:03.350] [warning] Couldn't find file 'capitate_rvs.vtp'.
[2026-02-17 10:22:03.350] [warning] Couldn't find file 'trapezoid_rvs.vtp'.
[2026-02-17 10:22:03.350] [warning] Couldn't find file 'trapezium_rvs.vtp'.
[2026-02-17 10:22:03.350] [warning] Couldn't find file 'metacarpal2_rvs.vtp'.
[2026-02-17 10:22:03.350] [warning] Couldn't find file 'index_proximal_rvs.vtp'.
[2026-02-17 10:22:03.350] [warning] Couldn't find file 'index_medial_rvs.vtp'.
[2026-02-17 10:22:03.350] [warning] Couldn't find file 'index_distal_rvs.vtp'.
[2026-02-17 10:22:03.350] [warning] Couldn't find file 'metacarpal3_rvs.vtp'.
[2026-02-17 10:22:03.350] [warning] Couldn't find file 'middle_proximal_rvs.vtp'.
[2026-02-17 10:22:03.350] [warning] Couldn't find file 'middle_medial_rvs.vtp'.
[2026-02-17 10:22:03.350] [warning] Couldn't find file 'middle_distal_rvs.vtp'.
[2026-02-17 10:22:03.350] [warning] Couldn't find file 'metacarpal4_rvs.vtp'.
[2026-02-17 10:22:03.350] [warning] Couldn't find file 'ring_proximal_rvs.vtp'.
[2026-02-17 10:22:03.350] [warning] Couldn't find file 'ring_medial_rvs.vtp'.
[2026-02-17 10:22:03.350] [warning] Couldn't find file 'ring_distal_rvs.vtp'.
[2026-02-17 10:22:03.350] [warning] Couldn't find file 'metacarpal5_rvs.vtp'.
[2026-02-17 10:22:03.350] [warning] Couldn't find file 'little_proximal_rvs.vtp'.
[2026-02-17 10:22:03.350] [warning] Couldn't find file 'little_medial_rvs.vtp'.
[2026-02-17 10:22:03.350] [warning] Couldn't find file 'little_distal_rvs.vtp'.
[2026-02-17 10:22:03.350] [warning] Couldn't find file 'metacarpal1_rvs.vtp'.
[2026-02-17 10:22:03.350] [warning] Couldn't find file 'thumb_proximal_rvs.vtp'.
[2026-02-17 10:22:03.350] [warning] Couldn't find file 'thumb_distal_rvs.vtp'.
[2026-02-17 10:22:03.350] [warning] Couldn't find file 'humerus_lv.vtp'.
[2026-02-17 10:22:03.350] [warning] Couldn't find file 'ulna_lv.vtp'.
[2026-02-17 10:22:03.350] [warning] Couldn't find file 'radius_lv.vtp'.
[2026-02-17 10:22:03.350] [warning] Couldn't find file 'pisiform_lvs.vtp'.
[2026-02-17 10:22:03.350] [warning] Couldn't find file 'lunate_lvs.vtp'.
[2026-02-17 10:22:03.350] [warning] Couldn't find file 'scaphoid_lvs.vtp'.
[2026-02-17 10:22:03.351] [warning] Couldn't find file 'triquetrum_lvs.vtp'.
[2026-02-17 10:22:03.351] [warning] Couldn't find file 'hamate_lvs.vtp'.
[2026-02-17 10:22:03.351] [warning] Couldn't find file 'capitate_lvs.vtp'.
[2026-02-17 10:22:03.351] [warning] Couldn't find file 'trapezoid_lvs.vtp'.
[2026-02-17 10:22:03.351] [warning] Couldn't find file 'trapezium_lvs.vtp'.
[2026-02-17 10:22:03.351] [warning] Couldn't find file 'metacarpal2_lvs.vtp'.
[2026-02-17 10:22:03.351] [warning] Couldn't find file 'index_proximal_lvs.vtp'.
[2026-02-17 10:22:03.351] [warning] Couldn't find file 'index_medial_lvs.vtp'.
[2026-02-17 10:22:03.351] [warning] Couldn't find file 'index_distal_lvs.vtp'.
[2026-02-17 10:22:03.351] [warning] Couldn't find file 'metacarpal3_lvs.vtp'.
[2026-02-17 10:22:03.351] [warning] Couldn't find file 'middle_proximal_lvs.vtp'.
[2026-02-17 10:22:03.351] [warning] Couldn't find file 'middle_medial_lvs.vtp'.
[2026-02-17 10:22:03.351] [warning] Couldn't find file 'middle_distal_lvs.vtp'.
[2026-02-17 10:22:03.351] [warning] Couldn't find file 'metacarpal4_lvs.vtp'.
[2026-02-17 10:22:03.351] [warning] Couldn't find file 'ring_proximal_lvs.vtp'.
[2026-02-17 10:22:03.351] [warning] Couldn't find file 'ring_medial_lvs.vtp'.
[2026-02-17 10:22:03.351] [warning] Couldn't find file 'ring_distal_lvs.vtp'.
[2026-02-17 10:22:03.351] [warning] Couldn't find file 'metacarpal5_lvs.vtp'.
[2026-02-17 10:22:03.351] [warning] Couldn't find file 'little_proximal_lvs.vtp'.
[2026-02-17 10:22:03.351] [warning] Couldn't find file 'little_medial_lvs.vtp'.
[2026-02-17 10:22:03.351] [warning] Couldn't find file 'little_distal_lvs.vtp'.
[2026-02-17 10:22:03.351] [warning] Couldn't find file 'metacarpal1_lvs.vtp'.
[2026-02-17 10:22:03.351] [warning] Couldn't find file 'thumb_proximal_lvs.vtp'.
[2026-02-17 10:22:03.351] [warning] Couldn't find file 'thumb_distal_lvs.vtp'.
[2026-02-17 10:22:03.364] [info] AbstractTool IK_sub4_v2_t2 loading model C:\Users\Israel Luis\Documents\GitHub\GoalOptimized\Database\sub4\model\model_rajagopal2022_sub4.osim
[2026-02-17 10:22:03.378] [info] Updating Model file from 40000 to latest format...
[2026-02-17 10:22:03.394] [info] Loaded model 9_scaled_rajagopal2022 from file C:\Users\Israel Luis\Documents\GitHub\GoalOptimized\Database\sub4\model\model_rajagopal2022_sub4.osim
[2026-02-17 10:22:03.394] [warning] Couldn't find file 'r_pelvis.vtp'.
[2026-02-17 10:22:03.394] [warning] Couldn't find file 'l_pelvis.vtp'.
[2026-02-17 10:22:03.394] [warning] Couldn't find file 'sacrum.vtp'.
[2026-02-17 10:22:03.395] [warning] Couldn't find file 'r_femur.vtp'.
[2026-02-17 10:22:03.395] [warning] Couldn't find file 'r_tibia.vtp'.
[2026-02-17 10:22:03.395] [warning] Couldn't find file 'r_fibula.vtp'.
[2026-02-17 10:22:03.395] [warning] Couldn't find file 'r_patella.vtp'.
[2026-02-17 10:22:03.395] [warning] Couldn't find file 'r_talus.vtp'.
[2026-02-17 10:22:03.395] [warning] Couldn't find file 'r_foot.vtp'.
[2026-02-17 10:22:03.395] [warning] Couldn't find file 'r_bofoot.vtp'.
[2026-02-17 10:22:03.395] [warning] Couldn't find file 'l_femur.vtp'.
[2026-02-17 10:22:03.395] [warning] Couldn't find file 'l_tibia.vtp'.
[2026-02-17 10:22:03.395] [warning] Couldn't find file 'l_fibula.vtp'.
[2026-02-17 10:22:03.395] [warning] Couldn't find file 'l_patella.vtp'.
[2026-02-17 10:22:03.395] [warning] Couldn't find file 'l_talus.vtp'.
[2026-02-17 10:22:03.395] [warning] Couldn't find file 'l_foot.vtp'.
[2026-02-17 10:22:03.395] [warning] Couldn't find file 'l_bofoot.vtp'.
[2026-02-17 10:22:03.395] [warning] Couldn't find file 'hat_spine.vtp'.
[2026-02-17 10:22:03.395] [warning] Couldn't find file 'hat_jaw.vtp'.
[2026-02-17 10:22:03.395] [warning] Couldn't find file 'hat_skull.vtp'.
[2026-02-17 10:22:03.395] [warning] Couldn't find file 'hat_ribs_scap.vtp'.
[2026-02-17 10:22:03.395] [warning] Couldn't find file 'humerus_rv.vtp'.
[2026-02-17 10:22:03.395] [warning] Couldn't find file 'ulna_rv.vtp'.
[2026-02-17 10:22:03.395] [warning] Couldn't find file 'radius_rv.vtp'.
[2026-02-17 10:22:03.395] [warning] Couldn't find file 'pisiform_rvs.vtp'.
[2026-02-17 10:22:03.395] [warning] Couldn't find file 'lunate_rvs.vtp'.
[2026-02-17 10:22:03.395] [warning] Couldn't find file 'scaphoid_rvs.vtp'.
[2026-02-17 10:22:03.395] [warning] Couldn't find file 'triquetrum_rvs.vtp'.
[2026-02-17 10:22:03.395] [warning] Couldn't find file 'hamate_rvs.vtp'.
[2026-02-17 10:22:03.395] [warning] Couldn't find file 'capitate_rvs.vtp'.
[2026-02-17 10:22:03.395] [warning] Couldn't find file 'trapezoid_rvs.vtp'.
[2026-02-17 10:22:03.396] [warning] Couldn't find file 'trapezium_rvs.vtp'.
[2026-02-17 10:22:03.396] [warning] Couldn't find file 'metacarpal2_rvs.vtp'.
[2026-02-17 10:22:03.396] [warning] Couldn't find file 'index_proximal_rvs.vtp'.
[2026-02-17 10:22:03.396] [warning] Couldn't find file 'index_medial_rvs.vtp'.
[2026-02-17 10:22:03.396] [warning] Couldn't find file 'index_distal_rvs.vtp'.
[2026-02-17 10:22:03.396] [warning] Couldn't find file 'metacarpal3_rvs.vtp'.
[2026-02-17 10:22:03.396] [warning] Couldn't find file 'middle_proximal_rvs.vtp'.
[2026-02-17 10:22:03.396] [warning] Couldn't find file 'middle_medial_rvs.vtp'.
[2026-02-17 10:22:03.396] [warning] Couldn't find file 'middle_distal_rvs.vtp'.
[2026-02-17 10:22:03.396] [warning] Couldn't find file 'metacarpal4_rvs.vtp'.
[2026-02-17 10:22:03.396] [warning] Couldn't find file 'ring_proximal_rvs.vtp'.
[2026-02-17 10:22:03.396] [warning] Couldn't find file 'ring_medial_rvs.vtp'.
[2026-02-17 10:22:03.396] [warning] Couldn't find file 'ring_distal_rvs.vtp'.
[2026-02-17 10:22:03.396] [warning] Couldn't find file 'metacarpal5_rvs.vtp'.
[2026-02-17 10:22:03.396] [warning] Couldn't find file 'little_proximal_rvs.vtp'.
[2026-02-17 10:22:03.396] [warning] Couldn't find file 'little_medial_rvs.vtp'.
[2026-02-17 10:22:03.396] [warning] Couldn't find file 'little_distal_rvs.vtp'.
[2026-02-17 10:22:03.396] [warning] Couldn't find file 'metacarpal1_rvs.vtp'.
[2026-02-17 10:22:03.396] [warning] Couldn't find file 'thumb_proximal_rvs.vtp'.
[2026-02-17 10:22:03.396] [warning] Couldn't find file 'thumb_distal_rvs.vtp'.
[2026-02-17 10:22:03.396] [warning] Couldn't find file 'humerus_lv.vtp'.
[2026-02-17 10:22:03.396] [warning] Couldn't find file 'ulna_lv.vtp'.
[2026-02-17 10:22:03.396] [warning] Couldn't find file 'radius_lv.vtp'.
[2026-02-17 10:22:03.396] [warning] Couldn't find file 'pisiform_lvs.vtp'.
[2026-02-17 10:22:03.396] [warning] Couldn't find file 'lunate_lvs.vtp'.
[2026-02-17 10:22:03.396] [warning] Couldn't find file 'scaphoid_lvs.vtp'.
[2026-02-17 10:22:03.396] [warning] Couldn't find file 'triquetrum_lvs.vtp'.
[2026-02-17 10:22:03.397] [warning] Couldn't find file 'hamate_lvs.vtp'.
[2026-02-17 10:22:03.397] [warning] Couldn't find file 'capitate_lvs.vtp'.
[2026-02-17 10:22:03.397] [warning] Couldn't find file 'trapezoid_lvs.vtp'.
[2026-02-17 10:22:03.397] [warning] Couldn't find file 'trapezium_lvs.vtp'.
[2026-02-17 10:22:03.397] [warning] Couldn't find file 'metacarpal2_lvs.vtp'.
[2026-02-17 10:22:03.397] [warning] Couldn't find file 'index_proximal_lvs.vtp'.
[2026-02-17 10:22:03.397] [warning] Couldn't find file 'index_medial_lvs.vtp'.
[2026-02-17 10:22:03.397] [warning] Couldn't find file 'index_distal_lvs.vtp'.
[2026-02-17 10:22:03.397] [warning] Couldn't find file 'metacarpal3_lvs.vtp'.
[2026-02-17 10:22:03.397] [warning] Couldn't find file 'middle_proximal_lvs.vtp'.
[2026-02-17 10:22:03.397] [warning] Couldn't find file 'middle_medial_lvs.vtp'.
[2026-02-17 10:22:03.397] [warning] Couldn't find file 'middle_distal_lvs.vtp'.
[2026-02-17 10:22:03.397] [warning] Couldn't find file 'metacarpal4_lvs.vtp'.
[2026-02-17 10:22:03.397] [warning] Couldn't find file 'ring_proximal_lvs.vtp'.
[2026-02-17 10:22:03.397] [warning] Couldn't find file 'ring_medial_lvs.vtp'.
[2026-02-17 10:22:03.397] [warning] Couldn't find file 'ring_distal_lvs.vtp'.
[2026-02-17 10:22:03.397] [warning] Couldn't find file 'metacarpal5_lvs.vtp'.
[2026-02-17 10:22:03.397] [warning] Couldn't find file 'little_proximal_lvs.vtp'.
[2026-02-17 10:22:03.397] [warning] Couldn't find file 'little_medial_lvs.vtp'.
[2026-02-17 10:22:03.397] [warning] Couldn't find file 'little_distal_lvs.vtp'.
[2026-02-17 10:22:03.397] [warning] Couldn't find file 'metacarpal1_lvs.vtp'.
[2026-02-17 10:22:03.397] [warning] Couldn't find file 'thumb_proximal_lvs.vtp'.
[2026-02-17 10:22:03.397] [warning] Couldn't find file 'thumb_distal_lvs.vtp'.
[2026-02-17 10:22:03.402] [info] No external loads will be applied (external loads file not specified).
[2026-02-17 10:22:03.412] [info] Loading coordinates from file 'C:\Users\Israel Luis\Documents\GitHub\GoalOptimized\Database\sub4\IK\IK_sub4_v2_t2.mot'.
[2026-02-17 10:22:03.412] [info] Storage: read data file = C:\Users\Israel Luis\Documents\GitHub\GoalOptimized\Database\sub4\IK\IK_sub4_v2_t2.mot (nr=119 nc=40)
[2026-02-17 10:22:04.072] [info] Found 119 state vectors with time stamps ranging from 0.16 to 1.34.
[2026-02-17 10:22:04.072] [info] Executing the analyses from 0.16 to 1.34...
[2026-02-17 10:22:08.714] [info] Printing results of investigation IK_sub4_v2_t2 to C:\Users\Israel Luis\Documents\GitHub\GoalOptimized\ProjectResults\DSE\sub4\multiCycle\Je\MuscleAnalysis
[2026-02-17 10:22:12.673] [info] Updating Model file from 40000 to latest format...
[2026-02-17 10:22:12.692] [info] Loaded model 9_scaled_rajagopal2022 from file C:\Users\Israel Luis\Documents\GitHub\GoalOptimized\Database\sub4\model\model_rajagopal2022_sub4.osim
[2026-02-17 10:22:12.693] [warning] Couldn't find file 'r_pelvis.vtp'.
[2026-02-17 10:22:12.693] [warning] Couldn't find file 'l_pelvis.vtp'.
[2026-02-17 10:22:12.693] [warning] Couldn't find file 'sacrum.vtp'.
[2026-02-17 10:22:12.693] [warning] Couldn't find file 'r_femur.vtp'.
[2026-02-17 10:22:12.693] [warning] Couldn't find file 'r_tibia.vtp'.
[2026-02-17 10:22:12.693] [warning] Couldn't find file 'r_fibula.vtp'.
[2026-02-17 10:22:12.693] [warning] Couldn't find file 'r_patella.vtp'.
[2026-02-17 10:22:12.693] [warning] Couldn't find file 'r_talus.vtp'.
[2026-02-17 10:22:12.693] [warning] Couldn't find file 'r_foot.vtp'.
[2026-02-17 10:22:12.693] [warning] Couldn't find file 'r_bofoot.vtp'.
[2026-02-17 10:22:12.693] [warning] Couldn't find file 'l_femur.vtp'.
[2026-02-17 10:22:12.693] [warning] Couldn't find file 'l_tibia.vtp'.
[2026-02-17 10:22:12.693] [warning] Couldn't find file 'l_fibula.vtp'.
[2026-02-17 10:22:12.693] [warning] Couldn't find file 'l_patella.vtp'.
[2026-02-17 10:22:12.693] [warning] Couldn't find file 'l_talus.vtp'.
[2026-02-17 10:22:12.693] [warning] Couldn't find file 'l_foot.vtp'.
[2026-02-17 10:22:12.693] [warning] Couldn't find file 'l_bofoot.vtp'.
[2026-02-17 10:22:12.693] [warning] Couldn't find file 'hat_spine.vtp'.
[2026-02-17 10:22:12.693] [warning] Couldn't find file 'hat_jaw.vtp'.
[2026-02-17 10:22:12.693] [warning] Couldn't find file 'hat_skull.vtp'.
[2026-02-17 10:22:12.693] [warning] Couldn't find file 'hat_ribs_scap.vtp'.
[2026-02-17 10:22:12.693] [warning] Couldn't find file 'humerus_rv.vtp'.
[2026-02-17 10:22:12.693] [warning] Couldn't find file 'ulna_rv.vtp'.
[2026-02-17 10:22:12.693] [warning] Couldn't find file 'radius_rv.vtp'.
[2026-02-17 10:22:12.693] [warning] Couldn't find file 'pisiform_rvs.vtp'.
[2026-02-17 10:22:12.694] [warning] Couldn't find file 'lunate_rvs.vtp'.
[2026-02-17 10:22:12.694] [warning] Couldn't find file 'scaphoid_rvs.vtp'.
[2026-02-17 10:22:12.694] [warning] Couldn't find file 'triquetrum_rvs.vtp'.
[2026-02-17 10:22:12.694] [warning] Couldn't find file 'hamate_rvs.vtp'.
[2026-02-17 10:22:12.694] [warning] Couldn't find file 'capitate_rvs.vtp'.
[2026-02-17 10:22:12.694] [warning] Couldn't find file 'trapezoid_rvs.vtp'.
[2026-02-17 10:22:12.694] [warning] Couldn't find file 'trapezium_rvs.vtp'.
[2026-02-17 10:22:12.694] [warning] Couldn't find file 'metacarpal2_rvs.vtp'.
[2026-02-17 10:22:12.694] [warning] Couldn't find file 'index_proximal_rvs.vtp'.
[2026-02-17 10:22:12.694] [warning] Couldn't find file 'index_medial_rvs.vtp'.
[2026-02-17 10:22:12.694] [warning] Couldn't find file 'index_distal_rvs.vtp'.
[2026-02-17 10:22:12.694] [warning] Couldn't find file 'metacarpal3_rvs.vtp'.
[2026-02-17 10:22:12.694] [warning] Couldn't find file 'middle_proximal_rvs.vtp'.
[2026-02-17 10:22:12.694] [warning] Couldn't find file 'middle_medial_rvs.vtp'.
[2026-02-17 10:22:12.694] [warning] Couldn't find file 'middle_distal_rvs.vtp'.
[2026-02-17 10:22:12.694] [warning] Couldn't find file 'metacarpal4_rvs.vtp'.
[2026-02-17 10:22:12.694] [warning] Couldn't find file 'ring_proximal_rvs.vtp'.
[2026-02-17 10:22:12.694] [warning] Couldn't find file 'ring_medial_rvs.vtp'.
[2026-02-17 10:22:12.694] [warning] Couldn't find file 'ring_distal_rvs.vtp'.
[2026-02-17 10:22:12.694] [warning] Couldn't find file 'metacarpal5_rvs.vtp'.
[2026-02-17 10:22:12.694] [warning] Couldn't find file 'little_proximal_rvs.vtp'.
[2026-02-17 10:22:12.694] [warning] Couldn't find file 'little_medial_rvs.vtp'.
[2026-02-17 10:22:12.694] [warning] Couldn't find file 'little_distal_rvs.vtp'.
[2026-02-17 10:22:12.694] [warning] Couldn't find file 'metacarpal1_rvs.vtp'.
[2026-02-17 10:22:12.694] [warning] Couldn't find file 'thumb_proximal_rvs.vtp'.
[2026-02-17 10:22:12.694] [warning] Couldn't find file 'thumb_distal_rvs.vtp'.
[2026-02-17 10:22:12.694] [warning] Couldn't find file 'humerus_lv.vtp'.
[2026-02-17 10:22:12.694] [warning] Couldn't find file 'ulna_lv.vtp'.
[2026-02-17 10:22:12.695] [warning] Couldn't find file 'radius_lv.vtp'.
[2026-02-17 10:22:12.695] [warning] Couldn't find file 'pisiform_lvs.vtp'.
[2026-02-17 10:22:12.695] [warning] Couldn't find file 'lunate_lvs.vtp'.
[2026-02-17 10:22:12.695] [warning] Couldn't find file 'scaphoid_lvs.vtp'.
[2026-02-17 10:22:12.695] [warning] Couldn't find file 'triquetrum_lvs.vtp'.
[2026-02-17 10:22:12.695] [warning] Couldn't find file 'hamate_lvs.vtp'.
[2026-02-17 10:22:12.695] [warning] Couldn't find file 'capitate_lvs.vtp'.
[2026-02-17 10:22:12.695] [warning] Couldn't find file 'trapezoid_lvs.vtp'.
[2026-02-17 10:22:12.695] [warning] Couldn't find file 'trapezium_lvs.vtp'.
[2026-02-17 10:22:12.695] [warning] Couldn't find file 'metacarpal2_lvs.vtp'.
[2026-02-17 10:22:12.695] [warning] Couldn't find file 'index_proximal_lvs.vtp'.
[2026-02-17 10:22:12.695] [warning] Couldn't find file 'index_medial_lvs.vtp'.
[2026-02-17 10:22:12.695] [warning] Couldn't find file 'index_distal_lvs.vtp'.
[2026-02-17 10:22:12.695] [warning] Couldn't find file 'metacarpal3_lvs.vtp'.
[2026-02-17 10:22:12.695] [warning] Couldn't find file 'middle_proximal_lvs.vtp'.
[2026-02-17 10:22:12.695] [warning] Couldn't find file 'middle_medial_lvs.vtp'.
[2026-02-17 10:22:12.695] [warning] Couldn't find file 'middle_distal_lvs.vtp'.
[2026-02-17 10:22:12.695] [warning] Couldn't find file 'metacarpal4_lvs.vtp'.
[2026-02-17 10:22:12.695] [warning] Couldn't find file 'ring_proximal_lvs.vtp'.
[2026-02-17 10:22:12.695] [warning] Couldn't find file 'ring_medial_lvs.vtp'.
[2026-02-17 10:22:12.695] [warning] Couldn't find file 'ring_distal_lvs.vtp'.
[2026-02-17 10:22:12.695] [warning] Couldn't find file 'metacarpal5_lvs.vtp'.
[2026-02-17 10:22:12.695] [warning] Couldn't find file 'little_proximal_lvs.vtp'.
[2026-02-17 10:22:12.695] [warning] Couldn't find file 'little_medial_lvs.vtp'.
[2026-02-17 10:22:12.695] [warning] Couldn't find file 'little_distal_lvs.vtp'.
[2026-02-17 10:22:12.695] [warning] Couldn't find file 'metacarpal1_lvs.vtp'.
[2026-02-17 10:22:12.695] [warning] Couldn't find file 'thumb_proximal_lvs.vtp'.
[2026-02-17 10:22:12.695] [warning] Couldn't find file 'thumb_distal_lvs.vtp'.
[2026-02-17 10:22:12.708] [info] AbstractTool IK_sub4_v2_t3 loading model C:\Users\Israel Luis\Documents\GitHub\GoalOptimized\Database\sub4\model\model_rajagopal2022_sub4.osim
[2026-02-17 10:22:12.722] [info] Updating Model file from 40000 to latest format...
[2026-02-17 10:22:12.741] [info] Loaded model 9_scaled_rajagopal2022 from file C:\Users\Israel Luis\Documents\GitHub\GoalOptimized\Database\sub4\model\model_rajagopal2022_sub4.osim
[2026-02-17 10:22:12.741] [warning] Couldn't find file 'r_pelvis.vtp'.
[2026-02-17 10:22:12.741] [warning] Couldn't find file 'l_pelvis.vtp'.
[2026-02-17 10:22:12.741] [warning] Couldn't find file 'sacrum.vtp'.
[2026-02-17 10:22:12.741] [warning] Couldn't find file 'r_femur.vtp'.
[2026-02-17 10:22:12.741] [warning] Couldn't find file 'r_tibia.vtp'.
[2026-02-17 10:22:12.741] [warning] Couldn't find file 'r_fibula.vtp'.
[2026-02-17 10:22:12.741] [warning] Couldn't find file 'r_patella.vtp'.
[2026-02-17 10:22:12.741] [warning] Couldn't find file 'r_talus.vtp'.
[2026-02-17 10:22:12.741] [warning] Couldn't find file 'r_foot.vtp'.
[2026-02-17 10:22:12.742] [warning] Couldn't find file 'r_bofoot.vtp'.
[2026-02-17 10:22:12.742] [warning] Couldn't find file 'l_femur.vtp'.
[2026-02-17 10:22:12.742] [warning] Couldn't find file 'l_tibia.vtp'.
[2026-02-17 10:22:12.742] [warning] Couldn't find file 'l_fibula.vtp'.
[2026-02-17 10:22:12.742] [warning] Couldn't find file 'l_patella.vtp'.
[2026-02-17 10:22:12.742] [warning] Couldn't find file 'l_talus.vtp'.
[2026-02-17 10:22:12.742] [warning] Couldn't find file 'l_foot.vtp'.
[2026-02-17 10:22:12.742] [warning] Couldn't find file 'l_bofoot.vtp'.
[2026-02-17 10:22:12.742] [warning] Couldn't find file 'hat_spine.vtp'.
[2026-02-17 10:22:12.742] [warning] Couldn't find file 'hat_jaw.vtp'.
[2026-02-17 10:22:12.742] [warning] Couldn't find file 'hat_skull.vtp'.
[2026-02-17 10:22:12.742] [warning] Couldn't find file 'hat_ribs_scap.vtp'.
[2026-02-17 10:22:12.742] [warning] Couldn't find file 'humerus_rv.vtp'.
[2026-02-17 10:22:12.742] [warning] Couldn't find file 'ulna_rv.vtp'.
[2026-02-17 10:22:12.742] [warning] Couldn't find file 'radius_rv.vtp'.
[2026-02-17 10:22:12.742] [warning] Couldn't find file 'pisiform_rvs.vtp'.
[2026-02-17 10:22:12.742] [warning] Couldn't find file 'lunate_rvs.vtp'.
[2026-02-17 10:22:12.742] [warning] Couldn't find file 'scaphoid_rvs.vtp'.
[2026-02-17 10:22:12.742] [warning] Couldn't find file 'triquetrum_rvs.vtp'.
[2026-02-17 10:22:12.742] [warning] Couldn't find file 'hamate_rvs.vtp'.
[2026-02-17 10:22:12.742] [warning] Couldn't find file 'capitate_rvs.vtp'.
[2026-02-17 10:22:12.742] [warning] Couldn't find file 'trapezoid_rvs.vtp'.
[2026-02-17 10:22:12.742] [warning] Couldn't find file 'trapezium_rvs.vtp'.
[2026-02-17 10:22:12.742] [warning] Couldn't find file 'metacarpal2_rvs.vtp'.
[2026-02-17 10:22:12.742] [warning] Couldn't find file 'index_proximal_rvs.vtp'.
[2026-02-17 10:22:12.742] [warning] Couldn't find file 'index_medial_rvs.vtp'.
[2026-02-17 10:22:12.742] [warning] Couldn't find file 'index_distal_rvs.vtp'.
[2026-02-17 10:22:12.743] [warning] Couldn't find file 'metacarpal3_rvs.vtp'.
[2026-02-17 10:22:12.743] [warning] Couldn't find file 'middle_proximal_rvs.vtp'.
[2026-02-17 10:22:12.743] [warning] Couldn't find file 'middle_medial_rvs.vtp'.
[2026-02-17 10:22:12.743] [warning] Couldn't find file 'middle_distal_rvs.vtp'.
[2026-02-17 10:22:12.743] [warning] Couldn't find file 'metacarpal4_rvs.vtp'.
[2026-02-17 10:22:12.743] [warning] Couldn't find file 'ring_proximal_rvs.vtp'.
[2026-02-17 10:22:12.743] [warning] Couldn't find file 'ring_medial_rvs.vtp'.
[2026-02-17 10:22:12.743] [warning] Couldn't find file 'ring_distal_rvs.vtp'.
[2026-02-17 10:22:12.743] [warning] Couldn't find file 'metacarpal5_rvs.vtp'.
[2026-02-17 10:22:12.743] [warning] Couldn't find file 'little_proximal_rvs.vtp'.
[2026-02-17 10:22:12.743] [warning] Couldn't find file 'little_medial_rvs.vtp'.
[2026-02-17 10:22:12.743] [warning] Couldn't find file 'little_distal_rvs.vtp'.
[2026-02-17 10:22:12.743] [warning] Couldn't find file 'metacarpal1_rvs.vtp'.
[2026-02-17 10:22:12.743] [warning] Couldn't find file 'thumb_proximal_rvs.vtp'.
[2026-02-17 10:22:12.743] [warning] Couldn't find file 'thumb_distal_rvs.vtp'.
[2026-02-17 10:22:12.743] [warning] Couldn't find file 'humerus_lv.vtp'.
[2026-02-17 10:22:12.743] [warning] Couldn't find file 'ulna_lv.vtp'.
[2026-02-17 10:22:12.743] [warning] Couldn't find file 'radius_lv.vtp'.
[2026-02-17 10:22:12.743] [warning] Couldn't find file 'pisiform_lvs.vtp'.
[2026-02-17 10:22:12.743] [warning] Couldn't find file 'lunate_lvs.vtp'.
[2026-02-17 10:22:12.743] [warning] Couldn't find file 'scaphoid_lvs.vtp'.
[2026-02-17 10:22:12.743] [warning] Couldn't find file 'triquetrum_lvs.vtp'.
[2026-02-17 10:22:12.743] [warning] Couldn't find file 'hamate_lvs.vtp'.
[2026-02-17 10:22:12.743] [warning] Couldn't find file 'capitate_lvs.vtp'.
[2026-02-17 10:22:12.743] [warning] Couldn't find file 'trapezoid_lvs.vtp'.
[2026-02-17 10:22:12.743] [warning] Couldn't find file 'trapezium_lvs.vtp'.
[2026-02-17 10:22:12.743] [warning] Couldn't find file 'metacarpal2_lvs.vtp'.
[2026-02-17 10:22:12.743] [warning] Couldn't find file 'index_proximal_lvs.vtp'.
[2026-02-17 10:22:12.743] [warning] Couldn't find file 'index_medial_lvs.vtp'.
[2026-02-17 10:22:12.744] [warning] Couldn't find file 'index_distal_lvs.vtp'.
[2026-02-17 10:22:12.744] [warning] Couldn't find file 'metacarpal3_lvs.vtp'.
[2026-02-17 10:22:12.744] [warning] Couldn't find file 'middle_proximal_lvs.vtp'.
[2026-02-17 10:22:12.744] [warning] Couldn't find file 'middle_medial_lvs.vtp'.
[2026-02-17 10:22:12.744] [warning] Couldn't find file 'middle_distal_lvs.vtp'.
[2026-02-17 10:22:12.744] [warning] Couldn't find file 'metacarpal4_lvs.vtp'.
[2026-02-17 10:22:12.744] [warning] Couldn't find file 'ring_proximal_lvs.vtp'.
[2026-02-17 10:22:12.744] [warning] Couldn't find file 'ring_medial_lvs.vtp'.
[2026-02-17 10:22:12.744] [warning] Couldn't find file 'ring_distal_lvs.vtp'.
[2026-02-17 10:22:12.744] [warning] Couldn't find file 'metacarpal5_lvs.vtp'.
[2026-02-17 10:22:12.744] [warning] Couldn't find file 'little_proximal_lvs.vtp'.
[2026-02-17 10:22:12.744] [warning] Couldn't find file 'little_medial_lvs.vtp'.
[2026-02-17 10:22:12.744] [warning] Couldn't find file 'little_distal_lvs.vtp'.
[2026-02-17 10:22:12.744] [warning] Couldn't find file 'metacarpal1_lvs.vtp'.
[2026-02-17 10:22:12.744] [warning] Couldn't find file 'thumb_proximal_lvs.vtp'.
[2026-02-17 10:22:12.744] [warning] Couldn't find file 'thumb_distal_lvs.vtp'.
[2026-02-17 10:22:12.749] [info] No external loads will be applied (external loads file not specified).
[2026-02-17 10:22:12.761] [info] Loading coordinates from file 'C:\Users\Israel Luis\Documents\GitHub\GoalOptimized\Database\sub4\IK\IK_sub4_v2_t3.mot'.
[2026-02-17 10:22:12.761] [info] Storage: read data file = C:\Users\Israel Luis\Documents\GitHub\GoalOptimized\Database\sub4\IK\IK_sub4_v2_t3.mot (nr=122 nc=40)
[2026-02-17 10:22:13.384] [info] Found 122 state vectors with time stamps ranging from 0.18 to 1.39.
[2026-02-17 10:22:13.384] [info] Executing the analyses from 0.18 to 1.39...
[2026-02-17 10:22:17.822] [info] Printing results of investigation IK_sub4_v2_t3 to C:\Users\Israel Luis\Documents\GitHub\GoalOptimized\ProjectResults\DSE\sub4\multiCycle\Je\MuscleAnalysis
[2026-02-17 10:25:52.776] [info] Updating Model file from 40000 to latest format...
[2026-02-17 10:25:52.792] [info] Loaded model 14_scaled_rajagopal2022 from file C:\Users\Israel Luis\Documents\GitHub\GoalOptimized\Database\sub5\model\model_rajagopal2022_sub5.osim
[2026-02-17 10:25:52.792] [warning] Couldn't find file 'r_pelvis.vtp'.
[2026-02-17 10:25:52.792] [warning] Couldn't find file 'l_pelvis.vtp'.
[2026-02-17 10:25:52.792] [warning] Couldn't find file 'sacrum.vtp'.
[2026-02-17 10:25:52.792] [warning] Couldn't find file 'r_femur.vtp'.
[2026-02-17 10:25:52.792] [warning] Couldn't find file 'r_tibia.vtp'.
[2026-02-17 10:25:52.792] [warning] Couldn't find file 'r_fibula.vtp'.
[2026-02-17 10:25:52.792] [warning] Couldn't find file 'r_patella.vtp'.
[2026-02-17 10:25:52.792] [warning] Couldn't find file 'r_talus.vtp'.
[2026-02-17 10:25:52.792] [warning] Couldn't find file 'r_foot.vtp'.
[2026-02-17 10:25:52.792] [warning] Couldn't find file 'r_bofoot.vtp'.
[2026-02-17 10:25:52.792] [warning] Couldn't find file 'l_femur.vtp'.
[2026-02-17 10:25:52.792] [warning] Couldn't find file 'l_tibia.vtp'.
[2026-02-17 10:25:52.792] [warning] Couldn't find file 'l_fibula.vtp'.
[2026-02-17 10:25:52.792] [warning] Couldn't find file 'l_patella.vtp'.
[2026-02-17 10:25:52.793] [warning] Couldn't find file 'l_talus.vtp'.
[2026-02-17 10:25:52.793] [warning] Couldn't find file 'l_foot.vtp'.
[2026-02-17 10:25:52.793] [warning] Couldn't find file 'l_bofoot.vtp'.
[2026-02-17 10:25:52.793] [warning] Couldn't find file 'hat_spine.vtp'.
[2026-02-17 10:25:52.793] [warning] Couldn't find file 'hat_jaw.vtp'.
[2026-02-17 10:25:52.793] [warning] Couldn't find file 'hat_skull.vtp'.
[2026-02-17 10:25:52.793] [warning] Couldn't find file 'hat_ribs_scap.vtp'.
[2026-02-17 10:25:52.793] [warning] Couldn't find file 'humerus_rv.vtp'.
[2026-02-17 10:25:52.793] [warning] Couldn't find file 'ulna_rv.vtp'.
[2026-02-17 10:25:52.793] [warning] Couldn't find file 'radius_rv.vtp'.
[2026-02-17 10:25:52.793] [warning] Couldn't find file 'pisiform_rvs.vtp'.
[2026-02-17 10:25:52.793] [warning] Couldn't find file 'lunate_rvs.vtp'.
[2026-02-17 10:25:52.793] [warning] Couldn't find file 'scaphoid_rvs.vtp'.
[2026-02-17 10:25:52.793] [warning] Couldn't find file 'triquetrum_rvs.vtp'.
[2026-02-17 10:25:52.793] [warning] Couldn't find file 'hamate_rvs.vtp'.
[2026-02-17 10:25:52.793] [warning] Couldn't find file 'capitate_rvs.vtp'.
[2026-02-17 10:25:52.793] [warning] Couldn't find file 'trapezoid_rvs.vtp'.
[2026-02-17 10:25:52.793] [warning] Couldn't find file 'trapezium_rvs.vtp'.
[2026-02-17 10:25:52.793] [warning] Couldn't find file 'metacarpal2_rvs.vtp'.
[2026-02-17 10:25:52.793] [warning] Couldn't find file 'index_proximal_rvs.vtp'.
[2026-02-17 10:25:52.793] [warning] Couldn't find file 'index_medial_rvs.vtp'.
[2026-02-17 10:25:52.793] [warning] Couldn't find file 'index_distal_rvs.vtp'.
[2026-02-17 10:25:52.793] [warning] Couldn't find file 'metacarpal3_rvs.vtp'.
[2026-02-17 10:25:52.793] [warning] Couldn't find file 'middle_proximal_rvs.vtp'.
[2026-02-17 10:25:52.793] [warning] Couldn't find file 'middle_medial_rvs.vtp'.
[2026-02-17 10:25:52.793] [warning] Couldn't find file 'middle_distal_rvs.vtp'.
[2026-02-17 10:25:52.793] [warning] Couldn't find file 'metacarpal4_rvs.vtp'.
[2026-02-17 10:25:52.793] [warning] Couldn't find file 'ring_proximal_rvs.vtp'.
[2026-02-17 10:25:52.793] [warning] Couldn't find file 'ring_medial_rvs.vtp'.
[2026-02-17 10:25:52.794] [warning] Couldn't find file 'ring_distal_rvs.vtp'.
[2026-02-17 10:25:52.794] [warning] Couldn't find file 'metacarpal5_rvs.vtp'.
[2026-02-17 10:25:52.794] [warning] Couldn't find file 'little_proximal_rvs.vtp'.
[2026-02-17 10:25:52.794] [warning] Couldn't find file 'little_medial_rvs.vtp'.
[2026-02-17 10:25:52.794] [warning] Couldn't find file 'little_distal_rvs.vtp'.
[2026-02-17 10:25:52.794] [warning] Couldn't find file 'metacarpal1_rvs.vtp'.
[2026-02-17 10:25:52.794] [warning] Couldn't find file 'thumb_proximal_rvs.vtp'.
[2026-02-17 10:25:52.794] [warning] Couldn't find file 'thumb_distal_rvs.vtp'.
[2026-02-17 10:25:52.794] [warning] Couldn't find file 'humerus_lv.vtp'.
[2026-02-17 10:25:52.794] [warning] Couldn't find file 'ulna_lv.vtp'.
[2026-02-17 10:25:52.794] [warning] Couldn't find file 'radius_lv.vtp'.
[2026-02-17 10:25:52.794] [warning] Couldn't find file 'pisiform_lvs.vtp'.
[2026-02-17 10:25:52.794] [warning] Couldn't find file 'lunate_lvs.vtp'.
[2026-02-17 10:25:52.794] [warning] Couldn't find file 'scaphoid_lvs.vtp'.
[2026-02-17 10:25:52.794] [warning] Couldn't find file 'triquetrum_lvs.vtp'.
[2026-02-17 10:25:52.794] [warning] Couldn't find file 'hamate_lvs.vtp'.
[2026-02-17 10:25:52.794] [warning] Couldn't find file 'capitate_lvs.vtp'.
[2026-02-17 10:25:52.794] [warning] Couldn't find file 'trapezoid_lvs.vtp'.
[2026-02-17 10:25:52.794] [warning] Couldn't find file 'trapezium_lvs.vtp'.
[2026-02-17 10:25:52.794] [warning] Couldn't find file 'metacarpal2_lvs.vtp'.
[2026-02-17 10:25:52.794] [warning] Couldn't find file 'index_proximal_lvs.vtp'.
[2026-02-17 10:25:52.794] [warning] Couldn't find file 'index_medial_lvs.vtp'.
[2026-02-17 10:25:52.794] [warning] Couldn't find file 'index_distal_lvs.vtp'.
[2026-02-17 10:25:52.794] [warning] Couldn't find file 'metacarpal3_lvs.vtp'.
[2026-02-17 10:25:52.794] [warning] Couldn't find file 'middle_proximal_lvs.vtp'.
[2026-02-17 10:25:52.794] [warning] Couldn't find file 'middle_medial_lvs.vtp'.
[2026-02-17 10:25:52.794] [warning] Couldn't find file 'middle_distal_lvs.vtp'.
[2026-02-17 10:25:52.794] [warning] Couldn't find file 'metacarpal4_lvs.vtp'.
[2026-02-17 10:25:52.795] [warning] Couldn't find file 'ring_proximal_lvs.vtp'.
[2026-02-17 10:25:52.795] [warning] Couldn't find file 'ring_medial_lvs.vtp'.
[2026-02-17 10:25:52.795] [warning] Couldn't find file 'ring_distal_lvs.vtp'.
[2026-02-17 10:25:52.795] [warning] Couldn't find file 'metacarpal5_lvs.vtp'.
[2026-02-17 10:25:52.795] [warning] Couldn't find file 'little_proximal_lvs.vtp'.
[2026-02-17 10:25:52.795] [warning] Couldn't find file 'little_medial_lvs.vtp'.
[2026-02-17 10:25:52.795] [warning] Couldn't find file 'little_distal_lvs.vtp'.
[2026-02-17 10:25:52.795] [warning] Couldn't find file 'metacarpal1_lvs.vtp'.
[2026-02-17 10:25:52.795] [warning] Couldn't find file 'thumb_proximal_lvs.vtp'.
[2026-02-17 10:25:52.795] [warning] Couldn't find file 'thumb_distal_lvs.vtp'.
[2026-02-17 10:25:52.807] [info] AbstractTool IK_sub5_v2_t1 loading model C:\Users\Israel Luis\Documents\GitHub\GoalOptimized\Database\sub5\model\model_rajagopal2022_sub5.osim
[2026-02-17 10:25:52.820] [info] Updating Model file from 40000 to latest format...
[2026-02-17 10:25:52.837] [info] Loaded model 14_scaled_rajagopal2022 from file C:\Users\Israel Luis\Documents\GitHub\GoalOptimized\Database\sub5\model\model_rajagopal2022_sub5.osim
[2026-02-17 10:25:52.837] [warning] Couldn't find file 'r_pelvis.vtp'.
[2026-02-17 10:25:52.837] [warning] Couldn't find file 'l_pelvis.vtp'.
[2026-02-17 10:25:52.837] [warning] Couldn't find file 'sacrum.vtp'.
[2026-02-17 10:25:52.837] [warning] Couldn't find file 'r_femur.vtp'.
[2026-02-17 10:25:52.837] [warning] Couldn't find file 'r_tibia.vtp'.
[2026-02-17 10:25:52.837] [warning] Couldn't find file 'r_fibula.vtp'.
[2026-02-17 10:25:52.837] [warning] Couldn't find file 'r_patella.vtp'.
[2026-02-17 10:25:52.837] [warning] Couldn't find file 'r_talus.vtp'.
[2026-02-17 10:25:52.837] [warning] Couldn't find file 'r_foot.vtp'.
[2026-02-17 10:25:52.837] [warning] Couldn't find file 'r_bofoot.vtp'.
[2026-02-17 10:25:52.837] [warning] Couldn't find file 'l_femur.vtp'.
[2026-02-17 10:25:52.837] [warning] Couldn't find file 'l_tibia.vtp'.
[2026-02-17 10:25:52.837] [warning] Couldn't find file 'l_fibula.vtp'.
[2026-02-17 10:25:52.837] [warning] Couldn't find file 'l_patella.vtp'.
[2026-02-17 10:25:52.837] [warning] Couldn't find file 'l_talus.vtp'.
[2026-02-17 10:25:52.837] [warning] Couldn't find file 'l_foot.vtp'.
[2026-02-17 10:25:52.838] [warning] Couldn't find file 'l_bofoot.vtp'.
[2026-02-17 10:25:52.838] [warning] Couldn't find file 'hat_spine.vtp'.
[2026-02-17 10:25:52.838] [warning] Couldn't find file 'hat_jaw.vtp'.
[2026-02-17 10:25:52.838] [warning] Couldn't find file 'hat_skull.vtp'.
[2026-02-17 10:25:52.838] [warning] Couldn't find file 'hat_ribs_scap.vtp'.
[2026-02-17 10:25:52.838] [warning] Couldn't find file 'humerus_rv.vtp'.
[2026-02-17 10:25:52.838] [warning] Couldn't find file 'ulna_rv.vtp'.
[2026-02-17 10:25:52.838] [warning] Couldn't find file 'radius_rv.vtp'.
[2026-02-17 10:25:52.838] [warning] Couldn't find file 'pisiform_rvs.vtp'.
[2026-02-17 10:25:52.838] [warning] Couldn't find file 'lunate_rvs.vtp'.
[2026-02-17 10:25:52.838] [warning] Couldn't find file 'scaphoid_rvs.vtp'.
[2026-02-17 10:25:52.838] [warning] Couldn't find file 'triquetrum_rvs.vtp'.
[2026-02-17 10:25:52.838] [warning] Couldn't find file 'hamate_rvs.vtp'.
[2026-02-17 10:25:52.838] [warning] Couldn't find file 'capitate_rvs.vtp'.
[2026-02-17 10:25:52.838] [warning] Couldn't find file 'trapezoid_rvs.vtp'.
[2026-02-17 10:25:52.838] [warning] Couldn't find file 'trapezium_rvs.vtp'.
[2026-02-17 10:25:52.838] [warning] Couldn't find file 'metacarpal2_rvs.vtp'.
[2026-02-17 10:25:52.838] [warning] Couldn't find file 'index_proximal_rvs.vtp'.
[2026-02-17 10:25:52.838] [warning] Couldn't find file 'index_medial_rvs.vtp'.
[2026-02-17 10:25:52.838] [warning] Couldn't find file 'index_distal_rvs.vtp'.
[2026-02-17 10:25:52.838] [warning] Couldn't find file 'metacarpal3_rvs.vtp'.
[2026-02-17 10:25:52.838] [warning] Couldn't find file 'middle_proximal_rvs.vtp'.
[2026-02-17 10:25:52.838] [warning] Couldn't find file 'middle_medial_rvs.vtp'.
[2026-02-17 10:25:52.838] [warning] Couldn't find file 'middle_distal_rvs.vtp'.
[2026-02-17 10:25:52.838] [warning] Couldn't find file 'metacarpal4_rvs.vtp'.
[2026-02-17 10:25:52.838] [warning] Couldn't find file 'ring_proximal_rvs.vtp'.
[2026-02-17 10:25:52.838] [warning] Couldn't find file 'ring_medial_rvs.vtp'.
[2026-02-17 10:25:52.838] [warning] Couldn't find file 'ring_distal_rvs.vtp'.
[2026-02-17 10:25:52.838] [warning] Couldn't find file 'metacarpal5_rvs.vtp'.
[2026-02-17 10:25:52.839] [warning] Couldn't find file 'little_proximal_rvs.vtp'.
[2026-02-17 10:25:52.839] [warning] Couldn't find file 'little_medial_rvs.vtp'.
[2026-02-17 10:25:52.839] [warning] Couldn't find file 'little_distal_rvs.vtp'.
[2026-02-17 10:25:52.839] [warning] Couldn't find file 'metacarpal1_rvs.vtp'.
[2026-02-17 10:25:52.839] [warning] Couldn't find file 'thumb_proximal_rvs.vtp'.
[2026-02-17 10:25:52.839] [warning] Couldn't find file 'thumb_distal_rvs.vtp'.
[2026-02-17 10:25:52.839] [warning] Couldn't find file 'humerus_lv.vtp'.
[2026-02-17 10:25:52.839] [warning] Couldn't find file 'ulna_lv.vtp'.
[2026-02-17 10:25:52.839] [warning] Couldn't find file 'radius_lv.vtp'.
[2026-02-17 10:25:52.839] [warning] Couldn't find file 'pisiform_lvs.vtp'.
[2026-02-17 10:25:52.839] [warning] Couldn't find file 'lunate_lvs.vtp'.
[2026-02-17 10:25:52.839] [warning] Couldn't find file 'scaphoid_lvs.vtp'.
[2026-02-17 10:25:52.839] [warning] Couldn't find file 'triquetrum_lvs.vtp'.
[2026-02-17 10:25:52.839] [warning] Couldn't find file 'hamate_lvs.vtp'.
[2026-02-17 10:25:52.839] [warning] Couldn't find file 'capitate_lvs.vtp'.
[2026-02-17 10:25:52.839] [warning] Couldn't find file 'trapezoid_lvs.vtp'.
[2026-02-17 10:25:52.839] [warning] Couldn't find file 'trapezium_lvs.vtp'.
[2026-02-17 10:25:52.839] [warning] Couldn't find file 'metacarpal2_lvs.vtp'.
[2026-02-17 10:25:52.839] [warning] Couldn't find file 'index_proximal_lvs.vtp'.
[2026-02-17 10:25:52.839] [warning] Couldn't find file 'index_medial_lvs.vtp'.
[2026-02-17 10:25:52.839] [warning] Couldn't find file 'index_distal_lvs.vtp'.
[2026-02-17 10:25:52.839] [warning] Couldn't find file 'metacarpal3_lvs.vtp'.
[2026-02-17 10:25:52.839] [warning] Couldn't find file 'middle_proximal_lvs.vtp'.
[2026-02-17 10:25:52.839] [warning] Couldn't find file 'middle_medial_lvs.vtp'.
[2026-02-17 10:25:52.839] [warning] Couldn't find file 'middle_distal_lvs.vtp'.
[2026-02-17 10:25:52.839] [warning] Couldn't find file 'metacarpal4_lvs.vtp'.
[2026-02-17 10:25:52.839] [warning] Couldn't find file 'ring_proximal_lvs.vtp'.
[2026-02-17 10:25:52.839] [warning] Couldn't find file 'ring_medial_lvs.vtp'.
[2026-02-17 10:25:52.839] [warning] Couldn't find file 'ring_distal_lvs.vtp'.
[2026-02-17 10:25:52.839] [warning] Couldn't find file 'metacarpal5_lvs.vtp'.
[2026-02-17 10:25:52.840] [warning] Couldn't find file 'little_proximal_lvs.vtp'.
[2026-02-17 10:25:52.840] [warning] Couldn't find file 'little_medial_lvs.vtp'.
[2026-02-17 10:25:52.840] [warning] Couldn't find file 'little_distal_lvs.vtp'.
[2026-02-17 10:25:52.840] [warning] Couldn't find file 'metacarpal1_lvs.vtp'.
[2026-02-17 10:25:52.840] [warning] Couldn't find file 'thumb_proximal_lvs.vtp'.
[2026-02-17 10:25:52.840] [warning] Couldn't find file 'thumb_distal_lvs.vtp'.
[2026-02-17 10:25:52.844] [info] No external loads will be applied (external loads file not specified).
[2026-02-17 10:25:52.855] [info] Loading coordinates from file 'C:\Users\Israel Luis\Documents\GitHub\GoalOptimized\Database\sub5\IK\IK_sub5_v2_t1.mot'.
[2026-02-17 10:25:52.855] [info] Storage: read data file = C:\Users\Israel Luis\Documents\GitHub\GoalOptimized\Database\sub5\IK\IK_sub5_v2_t1.mot (nr=112 nc=40)
[2026-02-17 10:25:53.430] [info] Found 112 state vectors with time stamps ranging from 0.25 to 1.36.
[2026-02-17 10:25:53.430] [info] Executing the analyses from 0.25 to 1.36...
[2026-02-17 10:25:57.525] [info] Printing results of investigation IK_sub5_v2_t1 to C:\Users\Israel Luis\Documents\GitHub\GoalOptimized\ProjectResults\DSE\sub5\multiCycle\Je\MuscleAnalysis
[2026-02-17 10:26:01.488] [info] Updating Model file from 40000 to latest format...
[2026-02-17 10:26:01.506] [info] Loaded model 14_scaled_rajagopal2022 from file C:\Users\Israel Luis\Documents\GitHub\GoalOptimized\Database\sub5\model\model_rajagopal2022_sub5.osim
[2026-02-17 10:26:01.506] [warning] Couldn't find file 'r_pelvis.vtp'.
[2026-02-17 10:26:01.506] [warning] Couldn't find file 'l_pelvis.vtp'.
[2026-02-17 10:26:01.506] [warning] Couldn't find file 'sacrum.vtp'.
[2026-02-17 10:26:01.506] [warning] Couldn't find file 'r_femur.vtp'.
[2026-02-17 10:26:01.506] [warning] Couldn't find file 'r_tibia.vtp'.
[2026-02-17 10:26:01.506] [warning] Couldn't find file 'r_fibula.vtp'.
[2026-02-17 10:26:01.506] [warning] Couldn't find file 'r_patella.vtp'.
[2026-02-17 10:26:01.506] [warning] Couldn't find file 'r_talus.vtp'.
[2026-02-17 10:26:01.506] [warning] Couldn't find file 'r_foot.vtp'.
[2026-02-17 10:26:01.506] [warning] Couldn't find file 'r_bofoot.vtp'.
[2026-02-17 10:26:01.507] [warning] Couldn't find file 'l_femur.vtp'.
[2026-02-17 10:26:01.507] [warning] Couldn't find file 'l_tibia.vtp'.
[2026-02-17 10:26:01.507] [warning] Couldn't find file 'l_fibula.vtp'.
[2026-02-17 10:26:01.507] [warning] Couldn't find file 'l_patella.vtp'.
[2026-02-17 10:26:01.507] [warning] Couldn't find file 'l_talus.vtp'.
[2026-02-17 10:26:01.507] [warning] Couldn't find file 'l_foot.vtp'.
[2026-02-17 10:26:01.507] [warning] Couldn't find file 'l_bofoot.vtp'.
[2026-02-17 10:26:01.507] [warning] Couldn't find file 'hat_spine.vtp'.
[2026-02-17 10:26:01.507] [warning] Couldn't find file 'hat_jaw.vtp'.
[2026-02-17 10:26:01.507] [warning] Couldn't find file 'hat_skull.vtp'.
[2026-02-17 10:26:01.507] [warning] Couldn't find file 'hat_ribs_scap.vtp'.
[2026-02-17 10:26:01.507] [warning] Couldn't find file 'humerus_rv.vtp'.
[2026-02-17 10:26:01.507] [warning] Couldn't find file 'ulna_rv.vtp'.
[2026-02-17 10:26:01.507] [warning] Couldn't find file 'radius_rv.vtp'.
[2026-02-17 10:26:01.507] [warning] Couldn't find file 'pisiform_rvs.vtp'.
[2026-02-17 10:26:01.507] [warning] Couldn't find file 'lunate_rvs.vtp'.
[2026-02-17 10:26:01.507] [warning] Couldn't find file 'scaphoid_rvs.vtp'.
[2026-02-17 10:26:01.507] [warning] Couldn't find file 'triquetrum_rvs.vtp'.
[2026-02-17 10:26:01.507] [warning] Couldn't find file 'hamate_rvs.vtp'.
[2026-02-17 10:26:01.507] [warning] Couldn't find file 'capitate_rvs.vtp'.
[2026-02-17 10:26:01.507] [warning] Couldn't find file 'trapezoid_rvs.vtp'.
[2026-02-17 10:26:01.507] [warning] Couldn't find file 'trapezium_rvs.vtp'.
[2026-02-17 10:26:01.507] [warning] Couldn't find file 'metacarpal2_rvs.vtp'.
[2026-02-17 10:26:01.507] [warning] Couldn't find file 'index_proximal_rvs.vtp'.
[2026-02-17 10:26:01.507] [warning] Couldn't find file 'index_medial_rvs.vtp'.
[2026-02-17 10:26:01.507] [warning] Couldn't find file 'index_distal_rvs.vtp'.
[2026-02-17 10:26:01.507] [warning] Couldn't find file 'metacarpal3_rvs.vtp'.
[2026-02-17 10:26:01.507] [warning] Couldn't find file 'middle_proximal_rvs.vtp'.
[2026-02-17 10:26:01.508] [warning] Couldn't find file 'middle_medial_rvs.vtp'.
[2026-02-17 10:26:01.508] [warning] Couldn't find file 'middle_distal_rvs.vtp'.
[2026-02-17 10:26:01.508] [warning] Couldn't find file 'metacarpal4_rvs.vtp'.
[2026-02-17 10:26:01.508] [warning] Couldn't find file 'ring_proximal_rvs.vtp'.
[2026-02-17 10:26:01.508] [warning] Couldn't find file 'ring_medial_rvs.vtp'.
[2026-02-17 10:26:01.508] [warning] Couldn't find file 'ring_distal_rvs.vtp'.
[2026-02-17 10:26:01.508] [warning] Couldn't find file 'metacarpal5_rvs.vtp'.
[2026-02-17 10:26:01.508] [warning] Couldn't find file 'little_proximal_rvs.vtp'.
[2026-02-17 10:26:01.508] [warning] Couldn't find file 'little_medial_rvs.vtp'.
[2026-02-17 10:26:01.508] [warning] Couldn't find file 'little_distal_rvs.vtp'.
[2026-02-17 10:26:01.508] [warning] Couldn't find file 'metacarpal1_rvs.vtp'.
[2026-02-17 10:26:01.508] [warning] Couldn't find file 'thumb_proximal_rvs.vtp'.
[2026-02-17 10:26:01.508] [warning] Couldn't find file 'thumb_distal_rvs.vtp'.
[2026-02-17 10:26:01.508] [warning] Couldn't find file 'humerus_lv.vtp'.
[2026-02-17 10:26:01.508] [warning] Couldn't find file 'ulna_lv.vtp'.
[2026-02-17 10:26:01.508] [warning] Couldn't find file 'radius_lv.vtp'.
[2026-02-17 10:26:01.508] [warning] Couldn't find file 'pisiform_lvs.vtp'.
[2026-02-17 10:26:01.508] [warning] Couldn't find file 'lunate_lvs.vtp'.
[2026-02-17 10:26:01.508] [warning] Couldn't find file 'scaphoid_lvs.vtp'.
[2026-02-17 10:26:01.508] [warning] Couldn't find file 'triquetrum_lvs.vtp'.
[2026-02-17 10:26:01.508] [warning] Couldn't find file 'hamate_lvs.vtp'.
[2026-02-17 10:26:01.508] [warning] Couldn't find file 'capitate_lvs.vtp'.
[2026-02-17 10:26:01.508] [warning] Couldn't find file 'trapezoid_lvs.vtp'.
[2026-02-17 10:26:01.508] [warning] Couldn't find file 'trapezium_lvs.vtp'.
[2026-02-17 10:26:01.508] [warning] Couldn't find file 'metacarpal2_lvs.vtp'.
[2026-02-17 10:26:01.508] [warning] Couldn't find file 'index_proximal_lvs.vtp'.
[2026-02-17 10:26:01.508] [warning] Couldn't find file 'index_medial_lvs.vtp'.
[2026-02-17 10:26:01.509] [warning] Couldn't find file 'index_distal_lvs.vtp'.
[2026-02-17 10:26:01.509] [warning] Couldn't find file 'metacarpal3_lvs.vtp'.
[2026-02-17 10:26:01.509] [warning] Couldn't find file 'middle_proximal_lvs.vtp'.
[2026-02-17 10:26:01.509] [warning] Couldn't find file 'middle_medial_lvs.vtp'.
[2026-02-17 10:26:01.509] [warning] Couldn't find file 'middle_distal_lvs.vtp'.
[2026-02-17 10:26:01.509] [warning] Couldn't find file 'metacarpal4_lvs.vtp'.
[2026-02-17 10:26:01.509] [warning] Couldn't find file 'ring_proximal_lvs.vtp'.
[2026-02-17 10:26:01.509] [warning] Couldn't find file 'ring_medial_lvs.vtp'.
[2026-02-17 10:26:01.509] [warning] Couldn't find file 'ring_distal_lvs.vtp'.
[2026-02-17 10:26:01.509] [warning] Couldn't find file 'metacarpal5_lvs.vtp'.
[2026-02-17 10:26:01.509] [warning] Couldn't find file 'little_proximal_lvs.vtp'.
[2026-02-17 10:26:01.509] [warning] Couldn't find file 'little_medial_lvs.vtp'.
[2026-02-17 10:26:01.509] [warning] Couldn't find file 'little_distal_lvs.vtp'.
[2026-02-17 10:26:01.509] [warning] Couldn't find file 'metacarpal1_lvs.vtp'.
[2026-02-17 10:26:01.509] [warning] Couldn't find file 'thumb_proximal_lvs.vtp'.
[2026-02-17 10:26:01.509] [warning] Couldn't find file 'thumb_distal_lvs.vtp'.
[2026-02-17 10:26:01.522] [info] AbstractTool IK_sub5_v2_t2 loading model C:\Users\Israel Luis\Documents\GitHub\GoalOptimized\Database\sub5\model\model_rajagopal2022_sub5.osim
[2026-02-17 10:26:01.536] [info] Updating Model file from 40000 to latest format...
[2026-02-17 10:26:01.554] [info] Loaded model 14_scaled_rajagopal2022 from file C:\Users\Israel Luis\Documents\GitHub\GoalOptimized\Database\sub5\model\model_rajagopal2022_sub5.osim
[2026-02-17 10:26:01.555] [warning] Couldn't find file 'r_pelvis.vtp'.
[2026-02-17 10:26:01.555] [warning] Couldn't find file 'l_pelvis.vtp'.
[2026-02-17 10:26:01.555] [warning] Couldn't find file 'sacrum.vtp'.
[2026-02-17 10:26:01.555] [warning] Couldn't find file 'r_femur.vtp'.
[2026-02-17 10:26:01.555] [warning] Couldn't find file 'r_tibia.vtp'.
[2026-02-17 10:26:01.555] [warning] Couldn't find file 'r_fibula.vtp'.
[2026-02-17 10:26:01.555] [warning] Couldn't find file 'r_patella.vtp'.
[2026-02-17 10:26:01.555] [warning] Couldn't find file 'r_talus.vtp'.
[2026-02-17 10:26:01.555] [warning] Couldn't find file 'r_foot.vtp'.
[2026-02-17 10:26:01.555] [warning] Couldn't find file 'r_bofoot.vtp'.
[2026-02-17 10:26:01.555] [warning] Couldn't find file 'l_femur.vtp'.
[2026-02-17 10:26:01.555] [warning] Couldn't find file 'l_tibia.vtp'.
[2026-02-17 10:26:01.555] [warning] Couldn't find file 'l_fibula.vtp'.
[2026-02-17 10:26:01.555] [warning] Couldn't find file 'l_patella.vtp'.
[2026-02-17 10:26:01.555] [warning] Couldn't find file 'l_talus.vtp'.
[2026-02-17 10:26:01.555] [warning] Couldn't find file 'l_foot.vtp'.
[2026-02-17 10:26:01.555] [warning] Couldn't find file 'l_bofoot.vtp'.
[2026-02-17 10:26:01.555] [warning] Couldn't find file 'hat_spine.vtp'.
[2026-02-17 10:26:01.555] [warning] Couldn't find file 'hat_jaw.vtp'.
[2026-02-17 10:26:01.555] [warning] Couldn't find file 'hat_skull.vtp'.
[2026-02-17 10:26:01.555] [warning] Couldn't find file 'hat_ribs_scap.vtp'.
[2026-02-17 10:26:01.555] [warning] Couldn't find file 'humerus_rv.vtp'.
[2026-02-17 10:26:01.555] [warning] Couldn't find file 'ulna_rv.vtp'.
[2026-02-17 10:26:01.556] [warning] Couldn't find file 'radius_rv.vtp'.
[2026-02-17 10:26:01.556] [warning] Couldn't find file 'pisiform_rvs.vtp'.
[2026-02-17 10:26:01.556] [warning] Couldn't find file 'lunate_rvs.vtp'.
[2026-02-17 10:26:01.556] [warning] Couldn't find file 'scaphoid_rvs.vtp'.
[2026-02-17 10:26:01.556] [warning] Couldn't find file 'triquetrum_rvs.vtp'.
[2026-02-17 10:26:01.556] [warning] Couldn't find file 'hamate_rvs.vtp'.
[2026-02-17 10:26:01.556] [warning] Couldn't find file 'capitate_rvs.vtp'.
[2026-02-17 10:26:01.556] [warning] Couldn't find file 'trapezoid_rvs.vtp'.
[2026-02-17 10:26:01.556] [warning] Couldn't find file 'trapezium_rvs.vtp'.
[2026-02-17 10:26:01.556] [warning] Couldn't find file 'metacarpal2_rvs.vtp'.
[2026-02-17 10:26:01.556] [warning] Couldn't find file 'index_proximal_rvs.vtp'.
[2026-02-17 10:26:01.556] [warning] Couldn't find file 'index_medial_rvs.vtp'.
[2026-02-17 10:26:01.556] [warning] Couldn't find file 'index_distal_rvs.vtp'.
[2026-02-17 10:26:01.556] [warning] Couldn't find file 'metacarpal3_rvs.vtp'.
[2026-02-17 10:26:01.556] [warning] Couldn't find file 'middle_proximal_rvs.vtp'.
[2026-02-17 10:26:01.556] [warning] Couldn't find file 'middle_medial_rvs.vtp'.
[2026-02-17 10:26:01.556] [warning] Couldn't find file 'middle_distal_rvs.vtp'.
[2026-02-17 10:26:01.556] [warning] Couldn't find file 'metacarpal4_rvs.vtp'.
[2026-02-17 10:26:01.556] [warning] Couldn't find file 'ring_proximal_rvs.vtp'.
[2026-02-17 10:26:01.556] [warning] Couldn't find file 'ring_medial_rvs.vtp'.
[2026-02-17 10:26:01.556] [warning] Couldn't find file 'ring_distal_rvs.vtp'.
[2026-02-17 10:26:01.556] [warning] Couldn't find file 'metacarpal5_rvs.vtp'.
[2026-02-17 10:26:01.556] [warning] Couldn't find file 'little_proximal_rvs.vtp'.
[2026-02-17 10:26:01.556] [warning] Couldn't find file 'little_medial_rvs.vtp'.
[2026-02-17 10:26:01.556] [warning] Couldn't find file 'little_distal_rvs.vtp'.
[2026-02-17 10:26:01.556] [warning] Couldn't find file 'metacarpal1_rvs.vtp'.
[2026-02-17 10:26:01.556] [warning] Couldn't find file 'thumb_proximal_rvs.vtp'.
[2026-02-17 10:26:01.556] [warning] Couldn't find file 'thumb_distal_rvs.vtp'.
[2026-02-17 10:26:01.556] [warning] Couldn't find file 'humerus_lv.vtp'.
[2026-02-17 10:26:01.556] [warning] Couldn't find file 'ulna_lv.vtp'.
[2026-02-17 10:26:01.557] [warning] Couldn't find file 'radius_lv.vtp'.
[2026-02-17 10:26:01.557] [warning] Couldn't find file 'pisiform_lvs.vtp'.
[2026-02-17 10:26:01.557] [warning] Couldn't find file 'lunate_lvs.vtp'.
[2026-02-17 10:26:01.557] [warning] Couldn't find file 'scaphoid_lvs.vtp'.
[2026-02-17 10:26:01.557] [warning] Couldn't find file 'triquetrum_lvs.vtp'.
[2026-02-17 10:26:01.557] [warning] Couldn't find file 'hamate_lvs.vtp'.
[2026-02-17 10:26:01.557] [warning] Couldn't find file 'capitate_lvs.vtp'.
[2026-02-17 10:26:01.557] [warning] Couldn't find file 'trapezoid_lvs.vtp'.
[2026-02-17 10:26:01.557] [warning] Couldn't find file 'trapezium_lvs.vtp'.
[2026-02-17 10:26:01.557] [warning] Couldn't find file 'metacarpal2_lvs.vtp'.
[2026-02-17 10:26:01.557] [warning] Couldn't find file 'index_proximal_lvs.vtp'.
[2026-02-17 10:26:01.557] [warning] Couldn't find file 'index_medial_lvs.vtp'.
[2026-02-17 10:26:01.557] [warning] Couldn't find file 'index_distal_lvs.vtp'.
[2026-02-17 10:26:01.557] [warning] Couldn't find file 'metacarpal3_lvs.vtp'.
[2026-02-17 10:26:01.557] [warning] Couldn't find file 'middle_proximal_lvs.vtp'.
[2026-02-17 10:26:01.557] [warning] Couldn't find file 'middle_medial_lvs.vtp'.
[2026-02-17 10:26:01.557] [warning] Couldn't find file 'middle_distal_lvs.vtp'.
[2026-02-17 10:26:01.557] [warning] Couldn't find file 'metacarpal4_lvs.vtp'.
[2026-02-17 10:26:01.557] [warning] Couldn't find file 'ring_proximal_lvs.vtp'.
[2026-02-17 10:26:01.557] [warning] Couldn't find file 'ring_medial_lvs.vtp'.
[2026-02-17 10:26:01.557] [warning] Couldn't find file 'ring_distal_lvs.vtp'.
[2026-02-17 10:26:01.557] [warning] Couldn't find file 'metacarpal5_lvs.vtp'.
[2026-02-17 10:26:01.557] [warning] Couldn't find file 'little_proximal_lvs.vtp'.
[2026-02-17 10:26:01.557] [warning] Couldn't find file 'little_medial_lvs.vtp'.
[2026-02-17 10:26:01.557] [warning] Couldn't find file 'little_distal_lvs.vtp'.
[2026-02-17 10:26:01.557] [warning] Couldn't find file 'metacarpal1_lvs.vtp'.
[2026-02-17 10:26:01.557] [warning] Couldn't find file 'thumb_proximal_lvs.vtp'.
[2026-02-17 10:26:01.557] [warning] Couldn't find file 'thumb_distal_lvs.vtp'.
[2026-02-17 10:26:01.562] [info] No external loads will be applied (external loads file not specified).
[2026-02-17 10:26:01.574] [info] Loading coordinates from file 'C:\Users\Israel Luis\Documents\GitHub\GoalOptimized\Database\sub5\IK\IK_sub5_v2_t2.mot'.
[2026-02-17 10:26:01.574] [info] Storage: read data file = C:\Users\Israel Luis\Documents\GitHub\GoalOptimized\Database\sub5\IK\IK_sub5_v2_t2.mot (nr=105 nc=40)
[2026-02-17 10:26:02.106] [info] Found 105 state vectors with time stamps ranging from 0.63 to 1.67.
[2026-02-17 10:26:02.106] [info] Executing the analyses from 0.63 to 1.67...
[2026-02-17 10:26:06.089] [info] Printing results of investigation IK_sub5_v2_t2 to C:\Users\Israel Luis\Documents\GitHub\GoalOptimized\ProjectResults\DSE\sub5\multiCycle\Je\MuscleAnalysis
[2026-02-17 10:26:10.381] [info] Updating Model file from 40000 to latest format...
[2026-02-17 10:26:10.399] [info] Loaded model 14_scaled_rajagopal2022 from file C:\Users\Israel Luis\Documents\GitHub\GoalOptimized\Database\sub5\model\model_rajagopal2022_sub5.osim
[2026-02-17 10:26:10.400] [warning] Couldn't find file 'r_pelvis.vtp'.
[2026-02-17 10:26:10.400] [warning] Couldn't find file 'l_pelvis.vtp'.
[2026-02-17 10:26:10.400] [warning] Couldn't find file 'sacrum.vtp'.
[2026-02-17 10:26:10.400] [warning] Couldn't find file 'r_femur.vtp'.
[2026-02-17 10:26:10.400] [warning] Couldn't find file 'r_tibia.vtp'.
[2026-02-17 10:26:10.400] [warning] Couldn't find file 'r_fibula.vtp'.
[2026-02-17 10:26:10.400] [warning] Couldn't find file 'r_patella.vtp'.
[2026-02-17 10:26:10.400] [warning] Couldn't find file 'r_talus.vtp'.
[2026-02-17 10:26:10.400] [warning] Couldn't find file 'r_foot.vtp'.
[2026-02-17 10:26:10.400] [warning] Couldn't find file 'r_bofoot.vtp'.
[2026-02-17 10:26:10.400] [warning] Couldn't find file 'l_femur.vtp'.
[2026-02-17 10:26:10.400] [warning] Couldn't find file 'l_tibia.vtp'.
[2026-02-17 10:26:10.400] [warning] Couldn't find file 'l_fibula.vtp'.
[2026-02-17 10:26:10.400] [warning] Couldn't find file 'l_patella.vtp'.
[2026-02-17 10:26:10.400] [warning] Couldn't find file 'l_talus.vtp'.
[2026-02-17 10:26:10.400] [warning] Couldn't find file 'l_foot.vtp'.
[2026-02-17 10:26:10.400] [warning] Couldn't find file 'l_bofoot.vtp'.
[2026-02-17 10:26:10.400] [warning] Couldn't find file 'hat_spine.vtp'.
[2026-02-17 10:26:10.400] [warning] Couldn't find file 'hat_jaw.vtp'.
[2026-02-17 10:26:10.401] [warning] Couldn't find file 'hat_skull.vtp'.
[2026-02-17 10:26:10.401] [warning] Couldn't find file 'hat_ribs_scap.vtp'.
[2026-02-17 10:26:10.401] [warning] Couldn't find file 'humerus_rv.vtp'.
[2026-02-17 10:26:10.401] [warning] Couldn't find file 'ulna_rv.vtp'.
[2026-02-17 10:26:10.401] [warning] Couldn't find file 'radius_rv.vtp'.
[2026-02-17 10:26:10.401] [warning] Couldn't find file 'pisiform_rvs.vtp'.
[2026-02-17 10:26:10.401] [warning] Couldn't find file 'lunate_rvs.vtp'.
[2026-02-17 10:26:10.401] [warning] Couldn't find file 'scaphoid_rvs.vtp'.
[2026-02-17 10:26:10.401] [warning] Couldn't find file 'triquetrum_rvs.vtp'.
[2026-02-17 10:26:10.401] [warning] Couldn't find file 'hamate_rvs.vtp'.
[2026-02-17 10:26:10.401] [warning] Couldn't find file 'capitate_rvs.vtp'.
[2026-02-17 10:26:10.401] [warning] Couldn't find file 'trapezoid_rvs.vtp'.
[2026-02-17 10:26:10.401] [warning] Couldn't find file 'trapezium_rvs.vtp'.
[2026-02-17 10:26:10.401] [warning] Couldn't find file 'metacarpal2_rvs.vtp'.
[2026-02-17 10:26:10.401] [warning] Couldn't find file 'index_proximal_rvs.vtp'.
[2026-02-17 10:26:10.401] [warning] Couldn't find file 'index_medial_rvs.vtp'.
[2026-02-17 10:26:10.401] [warning] Couldn't find file 'index_distal_rvs.vtp'.
[2026-02-17 10:26:10.401] [warning] Couldn't find file 'metacarpal3_rvs.vtp'.
[2026-02-17 10:26:10.401] [warning] Couldn't find file 'middle_proximal_rvs.vtp'.
[2026-02-17 10:26:10.401] [warning] Couldn't find file 'middle_medial_rvs.vtp'.
[2026-02-17 10:26:10.401] [warning] Couldn't find file 'middle_distal_rvs.vtp'.
[2026-02-17 10:26:10.401] [warning] Couldn't find file 'metacarpal4_rvs.vtp'.
[2026-02-17 10:26:10.401] [warning] Couldn't find file 'ring_proximal_rvs.vtp'.
[2026-02-17 10:26:10.401] [warning] Couldn't find file 'ring_medial_rvs.vtp'.
[2026-02-17 10:26:10.401] [warning] Couldn't find file 'ring_distal_rvs.vtp'.
[2026-02-17 10:26:10.401] [warning] Couldn't find file 'metacarpal5_rvs.vtp'.
[2026-02-17 10:26:10.401] [warning] Couldn't find file 'little_proximal_rvs.vtp'.
[2026-02-17 10:26:10.401] [warning] Couldn't find file 'little_medial_rvs.vtp'.
[2026-02-17 10:26:10.402] [warning] Couldn't find file 'little_distal_rvs.vtp'.
[2026-02-17 10:26:10.402] [warning] Couldn't find file 'metacarpal1_rvs.vtp'.
[2026-02-17 10:26:10.402] [warning] Couldn't find file 'thumb_proximal_rvs.vtp'.
[2026-02-17 10:26:10.402] [warning] Couldn't find file 'thumb_distal_rvs.vtp'.
[2026-02-17 10:26:10.402] [warning] Couldn't find file 'humerus_lv.vtp'.
[2026-02-17 10:26:10.402] [warning] Couldn't find file 'ulna_lv.vtp'.
[2026-02-17 10:26:10.402] [warning] Couldn't find file 'radius_lv.vtp'.
[2026-02-17 10:26:10.402] [warning] Couldn't find file 'pisiform_lvs.vtp'.
[2026-02-17 10:26:10.402] [warning] Couldn't find file 'lunate_lvs.vtp'.
[2026-02-17 10:26:10.402] [warning] Couldn't find file 'scaphoid_lvs.vtp'.
[2026-02-17 10:26:10.402] [warning] Couldn't find file 'triquetrum_lvs.vtp'.
[2026-02-17 10:26:10.402] [warning] Couldn't find file 'hamate_lvs.vtp'.
[2026-02-17 10:26:10.402] [warning] Couldn't find file 'capitate_lvs.vtp'.
[2026-02-17 10:26:10.402] [warning] Couldn't find file 'trapezoid_lvs.vtp'.
[2026-02-17 10:26:10.402] [warning] Couldn't find file 'trapezium_lvs.vtp'.
[2026-02-17 10:26:10.402] [warning] Couldn't find file 'metacarpal2_lvs.vtp'.
[2026-02-17 10:26:10.402] [warning] Couldn't find file 'index_proximal_lvs.vtp'.
[2026-02-17 10:26:10.402] [warning] Couldn't find file 'index_medial_lvs.vtp'.
[2026-02-17 10:26:10.402] [warning] Couldn't find file 'index_distal_lvs.vtp'.
[2026-02-17 10:26:10.402] [warning] Couldn't find file 'metacarpal3_lvs.vtp'.
[2026-02-17 10:26:10.402] [warning] Couldn't find file 'middle_proximal_lvs.vtp'.
[2026-02-17 10:26:10.402] [warning] Couldn't find file 'middle_medial_lvs.vtp'.
[2026-02-17 10:26:10.402] [warning] Couldn't find file 'middle_distal_lvs.vtp'.
[2026-02-17 10:26:10.402] [warning] Couldn't find file 'metacarpal4_lvs.vtp'.
[2026-02-17 10:26:10.402] [warning] Couldn't find file 'ring_proximal_lvs.vtp'.
[2026-02-17 10:26:10.402] [warning] Couldn't find file 'ring_medial_lvs.vtp'.
[2026-02-17 10:26:10.402] [warning] Couldn't find file 'ring_distal_lvs.vtp'.
[2026-02-17 10:26:10.402] [warning] Couldn't find file 'metacarpal5_lvs.vtp'.
[2026-02-17 10:26:10.402] [warning] Couldn't find file 'little_proximal_lvs.vtp'.
[2026-02-17 10:26:10.403] [warning] Couldn't find file 'little_medial_lvs.vtp'.
[2026-02-17 10:26:10.403] [warning] Couldn't find file 'little_distal_lvs.vtp'.
[2026-02-17 10:26:10.403] [warning] Couldn't find file 'metacarpal1_lvs.vtp'.
[2026-02-17 10:26:10.403] [warning] Couldn't find file 'thumb_proximal_lvs.vtp'.
[2026-02-17 10:26:10.403] [warning] Couldn't find file 'thumb_distal_lvs.vtp'.
[2026-02-17 10:26:10.415] [info] AbstractTool IK_sub5_v2_t3 loading model C:\Users\Israel Luis\Documents\GitHub\GoalOptimized\Database\sub5\model\model_rajagopal2022_sub5.osim
[2026-02-17 10:26:10.429] [info] Updating Model file from 40000 to latest format...
[2026-02-17 10:26:10.448] [info] Loaded model 14_scaled_rajagopal2022 from file C:\Users\Israel Luis\Documents\GitHub\GoalOptimized\Database\sub5\model\model_rajagopal2022_sub5.osim
[2026-02-17 10:26:10.449] [warning] Couldn't find file 'r_pelvis.vtp'.
[2026-02-17 10:26:10.449] [warning] Couldn't find file 'l_pelvis.vtp'.
[2026-02-17 10:26:10.449] [warning] Couldn't find file 'sacrum.vtp'.
[2026-02-17 10:26:10.449] [warning] Couldn't find file 'r_femur.vtp'.
[2026-02-17 10:26:10.449] [warning] Couldn't find file 'r_tibia.vtp'.
[2026-02-17 10:26:10.449] [warning] Couldn't find file 'r_fibula.vtp'.
[2026-02-17 10:26:10.449] [warning] Couldn't find file 'r_patella.vtp'.
[2026-02-17 10:26:10.449] [warning] Couldn't find file 'r_talus.vtp'.
[2026-02-17 10:26:10.449] [warning] Couldn't find file 'r_foot.vtp'.
[2026-02-17 10:26:10.449] [warning] Couldn't find file 'r_bofoot.vtp'.
[2026-02-17 10:26:10.449] [warning] Couldn't find file 'l_femur.vtp'.
[2026-02-17 10:26:10.449] [warning] Couldn't find file 'l_tibia.vtp'.
[2026-02-17 10:26:10.449] [warning] Couldn't find file 'l_fibula.vtp'.
[2026-02-17 10:26:10.449] [warning] Couldn't find file 'l_patella.vtp'.
[2026-02-17 10:26:10.449] [warning] Couldn't find file 'l_talus.vtp'.
[2026-02-17 10:26:10.449] [warning] Couldn't find file 'l_foot.vtp'.
[2026-02-17 10:26:10.449] [warning] Couldn't find file 'l_bofoot.vtp'.
[2026-02-17 10:26:10.449] [warning] Couldn't find file 'hat_spine.vtp'.
[2026-02-17 10:26:10.449] [warning] Couldn't find file 'hat_jaw.vtp'.
[2026-02-17 10:26:10.449] [warning] Couldn't find file 'hat_skull.vtp'.
[2026-02-17 10:26:10.450] [warning] Couldn't find file 'hat_ribs_scap.vtp'.
[2026-02-17 10:26:10.450] [warning] Couldn't find file 'humerus_rv.vtp'.
[2026-02-17 10:26:10.450] [warning] Couldn't find file 'ulna_rv.vtp'.
[2026-02-17 10:26:10.450] [warning] Couldn't find file 'radius_rv.vtp'.
[2026-02-17 10:26:10.450] [warning] Couldn't find file 'pisiform_rvs.vtp'.
[2026-02-17 10:26:10.450] [warning] Couldn't find file 'lunate_rvs.vtp'.
[2026-02-17 10:26:10.450] [warning] Couldn't find file 'scaphoid_rvs.vtp'.
[2026-02-17 10:26:10.450] [warning] Couldn't find file 'triquetrum_rvs.vtp'.
[2026-02-17 10:26:10.450] [warning] Couldn't find file 'hamate_rvs.vtp'.
[2026-02-17 10:26:10.450] [warning] Couldn't find file 'capitate_rvs.vtp'.
[2026-02-17 10:26:10.450] [warning] Couldn't find file 'trapezoid_rvs.vtp'.
[2026-02-17 10:26:10.450] [warning] Couldn't find file 'trapezium_rvs.vtp'.
[2026-02-17 10:26:10.450] [warning] Couldn't find file 'metacarpal2_rvs.vtp'.
[2026-02-17 10:26:10.450] [warning] Couldn't find file 'index_proximal_rvs.vtp'.
[2026-02-17 10:26:10.450] [warning] Couldn't find file 'index_medial_rvs.vtp'.
[2026-02-17 10:26:10.450] [warning] Couldn't find file 'index_distal_rvs.vtp'.
[2026-02-17 10:26:10.450] [warning] Couldn't find file 'metacarpal3_rvs.vtp'.
[2026-02-17 10:26:10.450] [warning] Couldn't find file 'middle_proximal_rvs.vtp'.
[2026-02-17 10:26:10.450] [warning] Couldn't find file 'middle_medial_rvs.vtp'.
[2026-02-17 10:26:10.450] [warning] Couldn't find file 'middle_distal_rvs.vtp'.
[2026-02-17 10:26:10.450] [warning] Couldn't find file 'metacarpal4_rvs.vtp'.
[2026-02-17 10:26:10.450] [warning] Couldn't find file 'ring_proximal_rvs.vtp'.
[2026-02-17 10:26:10.450] [warning] Couldn't find file 'ring_medial_rvs.vtp'.
[2026-02-17 10:26:10.450] [warning] Couldn't find file 'ring_distal_rvs.vtp'.
[2026-02-17 10:26:10.450] [warning] Couldn't find file 'metacarpal5_rvs.vtp'.
[2026-02-17 10:26:10.451] [warning] Couldn't find file 'little_proximal_rvs.vtp'.
[2026-02-17 10:26:10.451] [warning] Couldn't find file 'little_medial_rvs.vtp'.
[2026-02-17 10:26:10.451] [warning] Couldn't find file 'little_distal_rvs.vtp'.
[2026-02-17 10:26:10.451] [warning] Couldn't find file 'metacarpal1_rvs.vtp'.
[2026-02-17 10:26:10.451] [warning] Couldn't find file 'thumb_proximal_rvs.vtp'.
[2026-02-17 10:26:10.451] [warning] Couldn't find file 'thumb_distal_rvs.vtp'.
[2026-02-17 10:26:10.451] [warning] Couldn't find file 'humerus_lv.vtp'.
[2026-02-17 10:26:10.451] [warning] Couldn't find file 'ulna_lv.vtp'.
[2026-02-17 10:26:10.451] [warning] Couldn't find file 'radius_lv.vtp'.
[2026-02-17 10:26:10.451] [warning] Couldn't find file 'pisiform_lvs.vtp'.
[2026-02-17 10:26:10.451] [warning] Couldn't find file 'lunate_lvs.vtp'.
[2026-02-17 10:26:10.451] [warning] Couldn't find file 'scaphoid_lvs.vtp'.
[2026-02-17 10:26:10.451] [warning] Couldn't find file 'triquetrum_lvs.vtp'.
[2026-02-17 10:26:10.451] [warning] Couldn't find file 'hamate_lvs.vtp'.
[2026-02-17 10:26:10.451] [warning] Couldn't find file 'capitate_lvs.vtp'.
[2026-02-17 10:26:10.451] [warning] Couldn't find file 'trapezoid_lvs.vtp'.
[2026-02-17 10:26:10.451] [warning] Couldn't find file 'trapezium_lvs.vtp'.
[2026-02-17 10:26:10.451] [warning] Couldn't find file 'metacarpal2_lvs.vtp'.
[2026-02-17 10:26:10.451] [warning] Couldn't find file 'index_proximal_lvs.vtp'.
[2026-02-17 10:26:10.451] [warning] Couldn't find file 'index_medial_lvs.vtp'.
[2026-02-17 10:26:10.451] [warning] Couldn't find file 'index_distal_lvs.vtp'.
[2026-02-17 10:26:10.451] [warning] Couldn't find file 'metacarpal3_lvs.vtp'.
[2026-02-17 10:26:10.451] [warning] Couldn't find file 'middle_proximal_lvs.vtp'.
[2026-02-17 10:26:10.451] [warning] Couldn't find file 'middle_medial_lvs.vtp'.
[2026-02-17 10:26:10.451] [warning] Couldn't find file 'middle_distal_lvs.vtp'.
[2026-02-17 10:26:10.451] [warning] Couldn't find file 'metacarpal4_lvs.vtp'.
[2026-02-17 10:26:10.451] [warning] Couldn't find file 'ring_proximal_lvs.vtp'.
[2026-02-17 10:26:10.451] [warning] Couldn't find file 'ring_medial_lvs.vtp'.
[2026-02-17 10:26:10.452] [warning] Couldn't find file 'ring_distal_lvs.vtp'.
[2026-02-17 10:26:10.452] [warning] Couldn't find file 'metacarpal5_lvs.vtp'.
[2026-02-17 10:26:10.452] [warning] Couldn't find file 'little_proximal_lvs.vtp'.
[2026-02-17 10:26:10.452] [warning] Couldn't find file 'little_medial_lvs.vtp'.
[2026-02-17 10:26:10.452] [warning] Couldn't find file 'little_distal_lvs.vtp'.
[2026-02-17 10:26:10.452] [warning] Couldn't find file 'metacarpal1_lvs.vtp'.
[2026-02-17 10:26:10.452] [warning] Couldn't find file 'thumb_proximal_lvs.vtp'.
[2026-02-17 10:26:10.452] [warning] Couldn't find file 'thumb_distal_lvs.vtp'.
[2026-02-17 10:26:10.457] [info] No external loads will be applied (external loads file not specified).
[2026-02-17 10:26:10.470] [info] Loading coordinates from file 'C:\Users\Israel Luis\Documents\GitHub\GoalOptimized\Database\sub5\IK\IK_sub5_v2_t3.mot'.
[2026-02-17 10:26:10.470] [info] Storage: read data file = C:\Users\Israel Luis\Documents\GitHub\GoalOptimized\Database\sub5\IK\IK_sub5_v2_t3.mot (nr=105 nc=40)
[2026-02-17 10:26:11.056] [info] Found 105 state vectors with time stamps ranging from 0.67 to 1.71.
[2026-02-17 10:26:11.056] [info] Executing the analyses from 0.67 to 1.71...
[2026-02-17 10:26:14.945] [info] Printing results of investigation IK_sub5_v2_t3 to C:\Users\Israel Luis\Documents\GitHub\GoalOptimized\ProjectResults\DSE\sub5\multiCycle\Je\MuscleAnalysis
[2026-02-17 10:48:22.330] [info] Updating Model file from 40000 to latest format...
[2026-02-17 10:48:22.350] [info] Loaded model 1_scaled_rajagopal2022 from file C:\Users\Israel Luis\Documents\GitHub\GoalOptimized\Database\sub1\model\model_rajagopal2022_sub1.osim
[2026-02-17 10:48:22.350] [warning] Couldn't find file 'r_pelvis.vtp'.
[2026-02-17 10:48:22.350] [warning] Couldn't find file 'l_pelvis.vtp'.
[2026-02-17 10:48:22.350] [warning] Couldn't find file 'sacrum.vtp'.
[2026-02-17 10:48:22.350] [warning] Couldn't find file 'r_femur.vtp'.
[2026-02-17 10:48:22.350] [warning] Couldn't find file 'r_tibia.vtp'.
[2026-02-17 10:48:22.350] [warning] Couldn't find file 'r_fibula.vtp'.
[2026-02-17 10:48:22.350] [warning] Couldn't find file 'r_patella.vtp'.
[2026-02-17 10:48:22.350] [warning] Couldn't find file 'r_talus.vtp'.
[2026-02-17 10:48:22.350] [warning] Couldn't find file 'r_foot.vtp'.
[2026-02-17 10:48:22.350] [warning] Couldn't find file 'r_bofoot.vtp'.
[2026-02-17 10:48:22.350] [warning] Couldn't find file 'l_femur.vtp'.
[2026-02-17 10:48:22.350] [warning] Couldn't find file 'l_tibia.vtp'.
[2026-02-17 10:48:22.350] [warning] Couldn't find file 'l_fibula.vtp'.
[2026-02-17 10:48:22.351] [warning] Couldn't find file 'l_patella.vtp'.
[2026-02-17 10:48:22.351] [warning] Couldn't find file 'l_talus.vtp'.
[2026-02-17 10:48:22.351] [warning] Couldn't find file 'l_foot.vtp'.
[2026-02-17 10:48:22.351] [warning] Couldn't find file 'l_bofoot.vtp'.
[2026-02-17 10:48:22.351] [warning] Couldn't find file 'hat_spine.vtp'.
[2026-02-17 10:48:22.351] [warning] Couldn't find file 'hat_jaw.vtp'.
[2026-02-17 10:48:22.351] [warning] Couldn't find file 'hat_skull.vtp'.
[2026-02-17 10:48:22.351] [warning] Couldn't find file 'hat_ribs_scap.vtp'.
[2026-02-17 10:48:22.351] [warning] Couldn't find file 'humerus_rv.vtp'.
[2026-02-17 10:48:22.351] [warning] Couldn't find file 'ulna_rv.vtp'.
[2026-02-17 10:48:22.351] [warning] Couldn't find file 'radius_rv.vtp'.
[2026-02-17 10:48:22.351] [warning] Couldn't find file 'pisiform_rvs.vtp'.
[2026-02-17 10:48:22.351] [warning] Couldn't find file 'lunate_rvs.vtp'.
[2026-02-17 10:48:22.351] [warning] Couldn't find file 'scaphoid_rvs.vtp'.
[2026-02-17 10:48:22.351] [warning] Couldn't find file 'triquetrum_rvs.vtp'.
[2026-02-17 10:48:22.351] [warning] Couldn't find file 'hamate_rvs.vtp'.
[2026-02-17 10:48:22.351] [warning] Couldn't find file 'capitate_rvs.vtp'.
[2026-02-17 10:48:22.351] [warning] Couldn't find file 'trapezoid_rvs.vtp'.
[2026-02-17 10:48:22.351] [warning] Couldn't find file 'trapezium_rvs.vtp'.
[2026-02-17 10:48:22.351] [warning] Couldn't find file 'metacarpal2_rvs.vtp'.
[2026-02-17 10:48:22.351] [warning] Couldn't find file 'index_proximal_rvs.vtp'.
[2026-02-17 10:48:22.351] [warning] Couldn't find file 'index_medial_rvs.vtp'.
[2026-02-17 10:48:22.351] [warning] Couldn't find file 'index_distal_rvs.vtp'.
[2026-02-17 10:48:22.351] [warning] Couldn't find file 'metacarpal3_rvs.vtp'.
[2026-02-17 10:48:22.351] [warning] Couldn't find file 'middle_proximal_rvs.vtp'.
[2026-02-17 10:48:22.351] [warning] Couldn't find file 'middle_medial_rvs.vtp'.
[2026-02-17 10:48:22.351] [warning] Couldn't find file 'middle_distal_rvs.vtp'.
[2026-02-17 10:48:22.352] [warning] Couldn't find file 'metacarpal4_rvs.vtp'.
[2026-02-17 10:48:22.352] [warning] Couldn't find file 'ring_proximal_rvs.vtp'.
[2026-02-17 10:48:22.352] [warning] Couldn't find file 'ring_medial_rvs.vtp'.
[2026-02-17 10:48:22.352] [warning] Couldn't find file 'ring_distal_rvs.vtp'.
[2026-02-17 10:48:22.352] [warning] Couldn't find file 'metacarpal5_rvs.vtp'.
[2026-02-17 10:48:22.352] [warning] Couldn't find file 'little_proximal_rvs.vtp'.
[2026-02-17 10:48:22.352] [warning] Couldn't find file 'little_medial_rvs.vtp'.
[2026-02-17 10:48:22.352] [warning] Couldn't find file 'little_distal_rvs.vtp'.
[2026-02-17 10:48:22.352] [warning] Couldn't find file 'metacarpal1_rvs.vtp'.
[2026-02-17 10:48:22.352] [warning] Couldn't find file 'thumb_proximal_rvs.vtp'.
[2026-02-17 10:48:22.352] [warning] Couldn't find file 'thumb_distal_rvs.vtp'.
[2026-02-17 10:48:22.352] [warning] Couldn't find file 'humerus_lv.vtp'.
[2026-02-17 10:48:22.352] [warning] Couldn't find file 'ulna_lv.vtp'.
[2026-02-17 10:48:22.352] [warning] Couldn't find file 'radius_lv.vtp'.
[2026-02-17 10:48:22.352] [warning] Couldn't find file 'pisiform_lvs.vtp'.
[2026-02-17 10:48:22.352] [warning] Couldn't find file 'lunate_lvs.vtp'.
[2026-02-17 10:48:22.352] [warning] Couldn't find file 'scaphoid_lvs.vtp'.
[2026-02-17 10:48:22.352] [warning] Couldn't find file 'triquetrum_lvs.vtp'.
[2026-02-17 10:48:22.352] [warning] Couldn't find file 'hamate_lvs.vtp'.
[2026-02-17 10:48:22.352] [warning] Couldn't find file 'capitate_lvs.vtp'.
[2026-02-17 10:48:22.352] [warning] Couldn't find file 'trapezoid_lvs.vtp'.
[2026-02-17 10:48:22.352] [warning] Couldn't find file 'trapezium_lvs.vtp'.
[2026-02-17 10:48:22.352] [warning] Couldn't find file 'metacarpal2_lvs.vtp'.
[2026-02-17 10:48:22.352] [warning] Couldn't find file 'index_proximal_lvs.vtp'.
[2026-02-17 10:48:22.352] [warning] Couldn't find file 'index_medial_lvs.vtp'.
[2026-02-17 10:48:22.352] [warning] Couldn't find file 'index_distal_lvs.vtp'.
[2026-02-17 10:48:22.352] [warning] Couldn't find file 'metacarpal3_lvs.vtp'.
[2026-02-17 10:48:22.353] [warning] Couldn't find file 'middle_proximal_lvs.vtp'.
[2026-02-17 10:48:22.353] [warning] Couldn't find file 'middle_medial_lvs.vtp'.
[2026-02-17 10:48:22.353] [warning] Couldn't find file 'middle_distal_lvs.vtp'.
[2026-02-17 10:48:22.353] [warning] Couldn't find file 'metacarpal4_lvs.vtp'.
[2026-02-17 10:48:22.353] [warning] Couldn't find file 'ring_proximal_lvs.vtp'.
[2026-02-17 10:48:22.353] [warning] Couldn't find file 'ring_medial_lvs.vtp'.
[2026-02-17 10:48:22.353] [warning] Couldn't find file 'ring_distal_lvs.vtp'.
[2026-02-17 10:48:22.353] [warning] Couldn't find file 'metacarpal5_lvs.vtp'.
[2026-02-17 10:48:22.353] [warning] Couldn't find file 'little_proximal_lvs.vtp'.
[2026-02-17 10:48:22.353] [warning] Couldn't find file 'little_medial_lvs.vtp'.
[2026-02-17 10:48:22.353] [warning] Couldn't find file 'little_distal_lvs.vtp'.
[2026-02-17 10:48:22.353] [warning] Couldn't find file 'metacarpal1_lvs.vtp'.
[2026-02-17 10:48:22.353] [warning] Couldn't find file 'thumb_proximal_lvs.vtp'.
[2026-02-17 10:48:22.353] [warning] Couldn't find file 'thumb_distal_lvs.vtp'.
[2026-02-17 10:48:22.357] [info] AbstractTool IK_sub1_v2_t1 loading model C:\Users\Israel Luis\Documents\GitHub\GoalOptimized\Database\sub1\model\model_rajagopal2022_sub1.osim
[2026-02-17 10:48:22.371] [info] Updating Model file from 40000 to latest format...
[2026-02-17 10:48:22.390] [info] Loaded model 1_scaled_rajagopal2022 from file C:\Users\Israel Luis\Documents\GitHub\GoalOptimized\Database\sub1\model\model_rajagopal2022_sub1.osim
[2026-02-17 10:48:22.390] [warning] Couldn't find file 'r_pelvis.vtp'.
[2026-02-17 10:48:22.390] [warning] Couldn't find file 'l_pelvis.vtp'.
[2026-02-17 10:48:22.390] [warning] Couldn't find file 'sacrum.vtp'.
[2026-02-17 10:48:22.390] [warning] Couldn't find file 'r_femur.vtp'.
[2026-02-17 10:48:22.390] [warning] Couldn't find file 'r_tibia.vtp'.
[2026-02-17 10:48:22.390] [warning] Couldn't find file 'r_fibula.vtp'.
[2026-02-17 10:48:22.390] [warning] Couldn't find file 'r_patella.vtp'.
[2026-02-17 10:48:22.390] [warning] Couldn't find file 'r_talus.vtp'.
[2026-02-17 10:48:22.391] [warning] Couldn't find file 'r_foot.vtp'.
[2026-02-17 10:48:22.391] [warning] Couldn't find file 'r_bofoot.vtp'.
[2026-02-17 10:48:22.391] [warning] Couldn't find file 'l_femur.vtp'.
[2026-02-17 10:48:22.391] [warning] Couldn't find file 'l_tibia.vtp'.
[2026-02-17 10:48:22.391] [warning] Couldn't find file 'l_fibula.vtp'.
[2026-02-17 10:48:22.391] [warning] Couldn't find file 'l_patella.vtp'.
[2026-02-17 10:48:22.391] [warning] Couldn't find file 'l_talus.vtp'.
[2026-02-17 10:48:22.391] [warning] Couldn't find file 'l_foot.vtp'.
[2026-02-17 10:48:22.391] [warning] Couldn't find file 'l_bofoot.vtp'.
[2026-02-17 10:48:22.391] [warning] Couldn't find file 'hat_spine.vtp'.
[2026-02-17 10:48:22.391] [warning] Couldn't find file 'hat_jaw.vtp'.
[2026-02-17 10:48:22.391] [warning] Couldn't find file 'hat_skull.vtp'.
[2026-02-17 10:48:22.391] [warning] Couldn't find file 'hat_ribs_scap.vtp'.
[2026-02-17 10:48:22.391] [warning] Couldn't find file 'humerus_rv.vtp'.
[2026-02-17 10:48:22.391] [warning] Couldn't find file 'ulna_rv.vtp'.
[2026-02-17 10:48:22.391] [warning] Couldn't find file 'radius_rv.vtp'.
[2026-02-17 10:48:22.391] [warning] Couldn't find file 'pisiform_rvs.vtp'.
[2026-02-17 10:48:22.391] [warning] Couldn't find file 'lunate_rvs.vtp'.
[2026-02-17 10:48:22.391] [warning] Couldn't find file 'scaphoid_rvs.vtp'.
[2026-02-17 10:48:22.391] [warning] Couldn't find file 'triquetrum_rvs.vtp'.
[2026-02-17 10:48:22.391] [warning] Couldn't find file 'hamate_rvs.vtp'.
[2026-02-17 10:48:22.391] [warning] Couldn't find file 'capitate_rvs.vtp'.
[2026-02-17 10:48:22.391] [warning] Couldn't find file 'trapezoid_rvs.vtp'.
[2026-02-17 10:48:22.391] [warning] Couldn't find file 'trapezium_rvs.vtp'.
[2026-02-17 10:48:22.391] [warning] Couldn't find file 'metacarpal2_rvs.vtp'.
[2026-02-17 10:48:22.391] [warning] Couldn't find file 'index_proximal_rvs.vtp'.
[2026-02-17 10:48:22.391] [warning] Couldn't find file 'index_medial_rvs.vtp'.
[2026-02-17 10:48:22.392] [warning] Couldn't find file 'index_distal_rvs.vtp'.
[2026-02-17 10:48:22.392] [warning] Couldn't find file 'metacarpal3_rvs.vtp'.
[2026-02-17 10:48:22.392] [warning] Couldn't find file 'middle_proximal_rvs.vtp'.
[2026-02-17 10:48:22.392] [warning] Couldn't find file 'middle_medial_rvs.vtp'.
[2026-02-17 10:48:22.392] [warning] Couldn't find file 'middle_distal_rvs.vtp'.
[2026-02-17 10:48:22.392] [warning] Couldn't find file 'metacarpal4_rvs.vtp'.
[2026-02-17 10:48:22.392] [warning] Couldn't find file 'ring_proximal_rvs.vtp'.
[2026-02-17 10:48:22.392] [warning] Couldn't find file 'ring_medial_rvs.vtp'.
[2026-02-17 10:48:22.392] [warning] Couldn't find file 'ring_distal_rvs.vtp'.
[2026-02-17 10:48:22.392] [warning] Couldn't find file 'metacarpal5_rvs.vtp'.
[2026-02-17 10:48:22.392] [warning] Couldn't find file 'little_proximal_rvs.vtp'.
[2026-02-17 10:48:22.392] [warning] Couldn't find file 'little_medial_rvs.vtp'.
[2026-02-17 10:48:22.392] [warning] Couldn't find file 'little_distal_rvs.vtp'.
[2026-02-17 10:48:22.392] [warning] Couldn't find file 'metacarpal1_rvs.vtp'.
[2026-02-17 10:48:22.392] [warning] Couldn't find file 'thumb_proximal_rvs.vtp'.
[2026-02-17 10:48:22.392] [warning] Couldn't find file 'thumb_distal_rvs.vtp'.
[2026-02-17 10:48:22.392] [warning] Couldn't find file 'humerus_lv.vtp'.
[2026-02-17 10:48:22.392] [warning] Couldn't find file 'ulna_lv.vtp'.
[2026-02-17 10:48:22.392] [warning] Couldn't find file 'radius_lv.vtp'.
[2026-02-17 10:48:22.392] [warning] Couldn't find file 'pisiform_lvs.vtp'.
[2026-02-17 10:48:22.392] [warning] Couldn't find file 'lunate_lvs.vtp'.
[2026-02-17 10:48:22.392] [warning] Couldn't find file 'scaphoid_lvs.vtp'.
[2026-02-17 10:48:22.392] [warning] Couldn't find file 'triquetrum_lvs.vtp'.
[2026-02-17 10:48:22.392] [warning] Couldn't find file 'hamate_lvs.vtp'.
[2026-02-17 10:48:22.392] [warning] Couldn't find file 'capitate_lvs.vtp'.
[2026-02-17 10:48:22.392] [warning] Couldn't find file 'trapezoid_lvs.vtp'.
[2026-02-17 10:48:22.392] [warning] Couldn't find file 'trapezium_lvs.vtp'.
[2026-02-17 10:48:22.392] [warning] Couldn't find file 'metacarpal2_lvs.vtp'.
[2026-02-17 10:48:22.393] [warning] Couldn't find file 'index_proximal_lvs.vtp'.
[2026-02-17 10:48:22.393] [warning] Couldn't find file 'index_medial_lvs.vtp'.
[2026-02-17 10:48:22.393] [warning] Couldn't find file 'index_distal_lvs.vtp'.
[2026-02-17 10:48:22.393] [warning] Couldn't find file 'metacarpal3_lvs.vtp'.
[2026-02-17 10:48:22.393] [warning] Couldn't find file 'middle_proximal_lvs.vtp'.
[2026-02-17 10:48:22.393] [warning] Couldn't find file 'middle_medial_lvs.vtp'.
[2026-02-17 10:48:22.393] [warning] Couldn't find file 'middle_distal_lvs.vtp'.
[2026-02-17 10:48:22.393] [warning] Couldn't find file 'metacarpal4_lvs.vtp'.
[2026-02-17 10:48:22.393] [warning] Couldn't find file 'ring_proximal_lvs.vtp'.
[2026-02-17 10:48:22.393] [warning] Couldn't find file 'ring_medial_lvs.vtp'.
[2026-02-17 10:48:22.393] [warning] Couldn't find file 'ring_distal_lvs.vtp'.
[2026-02-17 10:48:22.393] [warning] Couldn't find file 'metacarpal5_lvs.vtp'.
[2026-02-17 10:48:22.393] [warning] Couldn't find file 'little_proximal_lvs.vtp'.
[2026-02-17 10:48:22.393] [warning] Couldn't find file 'little_medial_lvs.vtp'.
[2026-02-17 10:48:22.393] [warning] Couldn't find file 'little_distal_lvs.vtp'.
[2026-02-17 10:48:22.393] [warning] Couldn't find file 'metacarpal1_lvs.vtp'.
[2026-02-17 10:48:22.393] [warning] Couldn't find file 'thumb_proximal_lvs.vtp'.
[2026-02-17 10:48:22.393] [warning] Couldn't find file 'thumb_distal_lvs.vtp'.
[2026-02-17 10:48:22.399] [info] No external loads will be applied (external loads file not specified).
[2026-02-17 10:48:22.409] [info] Loading coordinates from file 'C:\Users\Israel Luis\Documents\GitHub\GoalOptimized\Database\sub1\IK\IK_sub1_v2_t1.mot'.
[2026-02-17 10:48:22.409] [info] Storage: read data file = C:\Users\Israel Luis\Documents\GitHub\GoalOptimized\Database\sub1\IK\IK_sub1_v2_t1.mot (nr=119 nc=40)
[2026-02-17 10:48:22.992] [info] Found 119 state vectors with time stamps ranging from 0.57 to 1.75.
[2026-02-17 10:48:22.992] [info] Executing the analyses from 0.57 to 1.75...
[2026-02-17 10:48:27.312] [info] Printing results of investigation IK_sub1_v2_t1 to C:\Users\Israel Luis\Documents\GitHub\GoalOptimized\ProjectResults\DSE\sub1\multiCycle\Je\MuscleAnalysis
