Joint Reaction Loads
version=1
nRows=115
nColumns=199
inDegrees=no

This file contains the reaction forces and moments
applied to the specified body of a joint pair and expressed  in the specified reference frame.

Units are S.I. units (seconds, meters, Newtons, ...)
endheader
time	ground_pelvis_on_pelvis_in_pelvis_fx	ground_pelvis_on_pelvis_in_pelvis_fy	ground_pelvis_on_pelvis_in_pelvis_fz	ground_pelvis_on_pelvis_in_pelvis_mx	ground_pelvis_on_pelvis_in_pelvis_my	ground_pelvis_on_pelvis_in_pelvis_mz	ground_pelvis_on_pelvis_in_pelvis_px	ground_pelvis_on_pelvis_in_pelvis_py	ground_pelvis_on_pelvis_in_pelvis_pz	hip_r_on_femur_r_in_femur_r_fx	hip_r_on_femur_r_in_femur_r_fy	hip_r_on_femur_r_in_femur_r_fz	hip_r_on_femur_r_in_femur_r_mx	hip_r_on_femur_r_in_femur_r_my	hip_r_on_femur_r_in_femur_r_mz	hip_r_on_femur_r_in_femur_r_px	hip_r_on_femur_r_in_femur_r_py	hip_r_on_femur_r_in_femur_r_pz	walker_knee_r_on_tibia_r_in_tibia_r_fx	walker_knee_r_on_tibia_r_in_tibia_r_fy	walker_knee_r_on_tibia_r_in_tibia_r_fz	walker_knee_r_on_tibia_r_in_tibia_r_mx	walker_knee_r_on_tibia_r_in_tibia_r_my	walker_knee_r_on_tibia_r_in_tibia_r_mz	walker_knee_r_on_tibia_r_in_tibia_r_px	walker_knee_r_on_tibia_r_in_tibia_r_py	walker_knee_r_on_tibia_r_in_tibia_r_pz	patellofemoral_r_on_patella_r_in_patella_r_fx	patellofemoral_r_on_patella_r_in_patella_r_fy	patellofemoral_r_on_patella_r_in_patella_r_fz	patellofemoral_r_on_patella_r_in_patella_r_mx	patellofemoral_r_on_patella_r_in_patella_r_my	patellofemoral_r_on_patella_r_in_patella_r_mz	patellofemoral_r_on_patella_r_in_patella_r_px	patellofemoral_r_on_patella_r_in_patella_r_py	patellofemoral_r_on_patella_r_in_patella_r_pz	ankle_r_on_talus_r_in_talus_r_fx	ankle_r_on_talus_r_in_talus_r_fy	ankle_r_on_talus_r_in_talus_r_fz	ankle_r_on_talus_r_in_talus_r_mx	ankle_r_on_talus_r_in_talus_r_my	ankle_r_on_talus_r_in_talus_r_mz	ankle_r_on_talus_r_in_talus_r_px	ankle_r_on_talus_r_in_talus_r_py	ankle_r_on_talus_r_in_talus_r_pz	subtalar_r_on_calcn_r_in_calcn_r_fx	subtalar_r_on_calcn_r_in_calcn_r_fy	subtalar_r_on_calcn_r_in_calcn_r_fz	subtalar_r_on_calcn_r_in_calcn_r_mx	subtalar_r_on_calcn_r_in_calcn_r_my	subtalar_r_on_calcn_r_in_calcn_r_mz	subtalar_r_on_calcn_r_in_calcn_r_px	subtalar_r_on_calcn_r_in_calcn_r_py	subtalar_r_on_calcn_r_in_calcn_r_pz	mtp_r_on_toes_r_in_toes_r_fx	mtp_r_on_toes_r_in_toes_r_fy	mtp_r_on_toes_r_in_toes_r_fz	mtp_r_on_toes_r_in_toes_r_mx	mtp_r_on_toes_r_in_toes_r_my	mtp_r_on_toes_r_in_toes_r_mz	mtp_r_on_toes_r_in_toes_r_px	mtp_r_on_toes_r_in_toes_r_py	mtp_r_on_toes_r_in_toes_r_pz	hip_l_on_femur_l_in_femur_l_fx	hip_l_on_femur_l_in_femur_l_fy	hip_l_on_femur_l_in_femur_l_fz	hip_l_on_femur_l_in_femur_l_mx	hip_l_on_femur_l_in_femur_l_my	hip_l_on_femur_l_in_femur_l_mz	hip_l_on_femur_l_in_femur_l_px	hip_l_on_femur_l_in_femur_l_py	hip_l_on_femur_l_in_femur_l_pz	walker_knee_l_on_tibia_l_in_tibia_l_fx	walker_knee_l_on_tibia_l_in_tibia_l_fy	walker_knee_l_on_tibia_l_in_tibia_l_fz	walker_knee_l_on_tibia_l_in_tibia_l_mx	walker_knee_l_on_tibia_l_in_tibia_l_my	walker_knee_l_on_tibia_l_in_tibia_l_mz	walker_knee_l_on_tibia_l_in_tibia_l_px	walker_knee_l_on_tibia_l_in_tibia_l_py	walker_knee_l_on_tibia_l_in_tibia_l_pz	patellofemoral_l_on_patella_l_in_patella_l_fx	patellofemoral_l_on_patella_l_in_patella_l_fy	patellofemoral_l_on_patella_l_in_patella_l_fz	patellofemoral_l_on_patella_l_in_patella_l_mx	patellofemoral_l_on_patella_l_in_patella_l_my	patellofemoral_l_on_patella_l_in_patella_l_mz	patellofemoral_l_on_patella_l_in_patella_l_px	patellofemoral_l_on_patella_l_in_patella_l_py	patellofemoral_l_on_patella_l_in_patella_l_pz	ankle_l_on_talus_l_in_talus_l_fx	ankle_l_on_talus_l_in_talus_l_fy	ankle_l_on_talus_l_in_talus_l_fz	ankle_l_on_talus_l_in_talus_l_mx	ankle_l_on_talus_l_in_talus_l_my	ankle_l_on_talus_l_in_talus_l_mz	ankle_l_on_talus_l_in_talus_l_px	ankle_l_on_talus_l_in_talus_l_py	ankle_l_on_talus_l_in_talus_l_pz	subtalar_l_on_calcn_l_in_calcn_l_fx	subtalar_l_on_calcn_l_in_calcn_l_fy	subtalar_l_on_calcn_l_in_calcn_l_fz	subtalar_l_on_calcn_l_in_calcn_l_mx	subtalar_l_on_calcn_l_in_calcn_l_my	subtalar_l_on_calcn_l_in_calcn_l_mz	subtalar_l_on_calcn_l_in_calcn_l_px	subtalar_l_on_calcn_l_in_calcn_l_py	subtalar_l_on_calcn_l_in_calcn_l_pz	mtp_l_on_toes_l_in_toes_l_fx	mtp_l_on_toes_l_in_toes_l_fy	mtp_l_on_toes_l_in_toes_l_fz	mtp_l_on_toes_l_in_toes_l_mx	mtp_l_on_toes_l_in_toes_l_my	mtp_l_on_toes_l_in_toes_l_mz	mtp_l_on_toes_l_in_toes_l_px	mtp_l_on_toes_l_in_toes_l_py	mtp_l_on_toes_l_in_toes_l_pz	back_on_torso_in_torso_fx	back_on_torso_in_torso_fy	back_on_torso_in_torso_fz	back_on_torso_in_torso_mx	back_on_torso_in_torso_my	back_on_torso_in_torso_mz	back_on_torso_in_torso_px	back_on_torso_in_torso_py	back_on_torso_in_torso_pz	acromial_r_on_humerus_r_in_humerus_r_fx	acromial_r_on_humerus_r_in_humerus_r_fy	acromial_r_on_humerus_r_in_humerus_r_fz	acromial_r_on_humerus_r_in_humerus_r_mx	acromial_r_on_humerus_r_in_humerus_r_my	acromial_r_on_humerus_r_in_humerus_r_mz	acromial_r_on_humerus_r_in_humerus_r_px	acromial_r_on_humerus_r_in_humerus_r_py	acromial_r_on_humerus_r_in_humerus_r_pz	elbow_r_on_ulna_r_in_ulna_r_fx	elbow_r_on_ulna_r_in_ulna_r_fy	elbow_r_on_ulna_r_in_ulna_r_fz	elbow_r_on_ulna_r_in_ulna_r_mx	elbow_r_on_ulna_r_in_ulna_r_my	elbow_r_on_ulna_r_in_ulna_r_mz	elbow_r_on_ulna_r_in_ulna_r_px	elbow_r_on_ulna_r_in_ulna_r_py	elbow_r_on_ulna_r_in_ulna_r_pz	radioulnar_r_on_radius_r_in_radius_r_fx	radioulnar_r_on_radius_r_in_radius_r_fy	radioulnar_r_on_radius_r_in_radius_r_fz	radioulnar_r_on_radius_r_in_radius_r_mx	radioulnar_r_on_radius_r_in_radius_r_my	radioulnar_r_on_radius_r_in_radius_r_mz	radioulnar_r_on_radius_r_in_radius_r_px	radioulnar_r_on_radius_r_in_radius_r_py	radioulnar_r_on_radius_r_in_radius_r_pz	radius_hand_r_on_hand_r_in_hand_r_fx	radius_hand_r_on_hand_r_in_hand_r_fy	radius_hand_r_on_hand_r_in_hand_r_fz	radius_hand_r_on_hand_r_in_hand_r_mx	radius_hand_r_on_hand_r_in_hand_r_my	radius_hand_r_on_hand_r_in_hand_r_mz	radius_hand_r_on_hand_r_in_hand_r_px	radius_hand_r_on_hand_r_in_hand_r_py	radius_hand_r_on_hand_r_in_hand_r_pz	acromial_l_on_humerus_l_in_humerus_l_fx	acromial_l_on_humerus_l_in_humerus_l_fy	acromial_l_on_humerus_l_in_humerus_l_fz	acromial_l_on_humerus_l_in_humerus_l_mx	acromial_l_on_humerus_l_in_humerus_l_my	acromial_l_on_humerus_l_in_humerus_l_mz	acromial_l_on_humerus_l_in_humerus_l_px	acromial_l_on_humerus_l_in_humerus_l_py	acromial_l_on_humerus_l_in_humerus_l_pz	elbow_l_on_ulna_l_in_ulna_l_fx	elbow_l_on_ulna_l_in_ulna_l_fy	elbow_l_on_ulna_l_in_ulna_l_fz	elbow_l_on_ulna_l_in_ulna_l_mx	elbow_l_on_ulna_l_in_ulna_l_my	elbow_l_on_ulna_l_in_ulna_l_mz	elbow_l_on_ulna_l_in_ulna_l_px	elbow_l_on_ulna_l_in_ulna_l_py	elbow_l_on_ulna_l_in_ulna_l_pz	radioulnar_l_on_radius_l_in_radius_l_fx	radioulnar_l_on_radius_l_in_radius_l_fy	radioulnar_l_on_radius_l_in_radius_l_fz	radioulnar_l_on_radius_l_in_radius_l_mx	radioulnar_l_on_radius_l_in_radius_l_my	radioulnar_l_on_radius_l_in_radius_l_mz	radioulnar_l_on_radius_l_in_radius_l_px	radioulnar_l_on_radius_l_in_radius_l_py	radioulnar_l_on_radius_l_in_radius_l_pz	radius_hand_l_on_hand_l_in_hand_l_fx	radius_hand_l_on_hand_l_in_hand_l_fy	radius_hand_l_on_hand_l_in_hand_l_fz	radius_hand_l_on_hand_l_in_hand_l_mx	radius_hand_l_on_hand_l_in_hand_l_my	radius_hand_l_on_hand_l_in_hand_l_mz	radius_hand_l_on_hand_l_in_hand_l_px	radius_hand_l_on_hand_l_in_hand_l_py	radius_hand_l_on_hand_l_in_hand_l_pz
      1.11000000	      0.00000000	     -0.00000000	     -0.00000000	      0.00000000	      0.00000000	      0.00000000	      0.00000000	      0.00000000	      0.00000000	   -734.05953346	  -1419.53412849	    877.61536101	     -0.00034722	     -0.03310258	      0.00738427	      0.00000000	      0.00000000	      0.00000000	   -125.22090599	   -708.75443633	    -14.60811391	      3.65762994	      0.97655361	     -6.10529369	     -0.00824526	     -0.00360284	     -0.00125501	    157.19229783	     -2.17513740	    -56.74489907	     -3.02086373	      1.11348843	     -3.72550558	      0.00000000	      0.00000000	      0.00000000	    133.80641844	   -501.64033320	    -24.80554333	     -3.61979938	      0.27702784	     -0.33047164	      0.00000000	      0.00000000	      0.00000000	    133.63359347	   -501.82674234	    -24.94171144	     -8.05432502	      0.73449479	    -33.60032043	      0.00000000	      0.00000000	      0.00000000	     81.58510442	    -12.23419364	     11.13538515	      0.06302293	      0.21558253	     -0.11535289	      0.00000000	      0.00000000	      0.00000000	     -2.37533483	   -137.76936788	      8.93143842	     -0.00000000	     -0.00000000	      0.00000000	      0.00000000	      0.00000000	      0.00000000	    -26.81056247	   -175.92203833	     -7.08388100	      5.60151375	     10.64142612	     -4.17364478	     -0.00824526	     -0.00360284	      0.00125501	      0.86220470	     -0.50208957	      2.06522699	      0.05438936	     -0.00758173	     -0.02177421	      0.00000000	      0.00000000	      0.00000000	     34.93792891	   -198.87484572	    -85.99617800	    -10.41249641	     15.01558636	     -1.55197719	      0.00000000	      0.00000000	      0.00000000	     42.16512655	   -200.64730042	    -88.78416226	    -13.84815890	     19.61185969	    -18.81053021	      0.00000000	      0.00000000	      0.00000000	     28.07914908	    176.03232530	    -15.41774557	     -2.74487483	      1.10244688	     10.90214184	      0.00000000	      0.00000000	      0.00000000	     69.61992582	    116.88762035	     26.10051262	      0.00000000	      0.00000000	     -0.00000000	      0.00000000	      0.00000000	      0.00000000	     15.29728977	     16.60420646	      5.14199270	     -1.92061397	      0.08481036	      5.82345561	      0.00000000	      0.00000000	      0.00000000	     10.33330303	      7.57965211	      3.29589723	     -0.82196389	      0.19676386	      2.21246861	      0.00000000	      0.00000000	      0.00000000	      7.04316395	      4.80421535	      2.22816454	     -0.54765076	      0.04656887	      1.67420296	      0.00000000	      0.00000000	      0.00000000	      3.65161073	      2.04360010	      1.13343812	     -0.08030814	     -0.00029432	      0.26520384	      0.00000000	      0.00000000	      0.00000000	     15.99270694	     11.86963107	      5.24991313	     -1.85163232	     -0.11652115	      6.01503449	      0.00000000	      0.00000000	      0.00000000	     10.65461220	      5.39209827	      3.34576057	     -0.64235802	     -0.14869280	      2.29309598	      0.00000000	      0.00000000	      0.00000000	      7.25689619	      3.34907240	      2.26133323	     -0.52064373	     -0.02680132	      1.72690387	      0.00000000	      0.00000000	      0.00000000	      3.74605118	      1.40062567	      1.14809415	     -0.08130615	     -0.00029432	      0.27163477	      0.00000000	      0.00000000	      0.00000000
      1.12000000	     -0.00000000	      0.00000000	      0.00000000	     -0.00000000	      0.00000000	     -0.00000000	      0.00000000	      0.00000000	      0.00000000	   -527.43569291	  -1304.79581753	    803.46000435	      0.00978868	     -0.06678595	      0.01235883	      0.00000000	      0.00000000	      0.00000000	   -106.84731924	   -583.33326500	     -5.15344511	      3.52375970	      0.39178629	     -4.44835958	     -0.00824526	     -0.00360284	     -0.00125501	     92.29979272	     -1.25008832	    -33.96789048	     -1.81517816	      0.63174151	     -2.18100548	      0.00000000	      0.00000000	      0.00000000	    123.79178605	   -490.81516946	    -24.67606965	     -3.57701491	      0.16468610	     -0.35183856	      0.00000000	      0.00000000	      0.00000000	    124.27518206	   -490.86937278	    -24.79426887	     -7.92879936	      0.68051205	    -32.62317115	      0.00000000	      0.00000000	      0.00000000	     82.96642065	    -12.03224427	     11.66320164	      0.08040391	      0.24453218	     -0.09414507	      0.00000000	      0.00000000	      0.00000000	     17.99147689	   -105.68318924	     16.47010329	     -0.00000000	      0.00000000	      0.00000000	      0.00000000	      0.00000000	      0.00000000	    -30.17706924	   -155.65673144	     -8.02056642	      6.58282386	     11.14808779	     -4.29231697	     -0.00824526	     -0.00360284	      0.00125501	      0.86824378	     -0.44194993	      2.18584588	      0.05757353	     -0.00795197	     -0.02225549	      0.00000000	      0.00000000	      0.00000000	     40.11124620	   -185.39905494	    -89.12786274	    -10.19219673	     15.66631018	     -1.69125922	      0.00000000	      0.00000000	      0.00000000	     47.67055673	   -187.48623566	    -91.91726463	    -13.89722119	     20.43518453	    -18.74373211	      0.00000000	      0.00000000	      0.00000000	     29.54926496	    185.49680426	    -16.93921706	     -2.89733991	      1.18938570	     11.47611348	      0.00000000	      0.00000000	      0.00000000	     17.14383474	     80.81440164	     22.47583950	      0.00000000	      0.00000000	     -0.00000000	      0.00000000	      0.00000000	      0.00000000	      4.03993272	     11.31519018	      4.45280433	     -1.64922260	      0.01555781	      1.61224715	      0.00000000	      0.00000000	      0.00000000	      2.87128209	      5.15376149	      2.84511630	     -0.68940982	      0.07049554	      0.59930385	      0.00000000	      0.00000000	      0.00000000	      1.96762022	      3.29323283	      1.92296778	     -0.46888486	      0.01915995	      0.46425012	      0.00000000	      0.00000000	      0.00000000	      1.03618986	      1.41457225	      0.97712597	     -0.06921762	     -0.00025438	      0.07563879	      0.00000000	      0.00000000	      0.00000000	      4.63940114	      7.18178142	      4.47418410	     -1.58950503	     -0.04283158	      1.77729790	      0.00000000	      0.00000000	      0.00000000	      3.14825930	      3.24396948	      2.85499456	     -0.56759424	     -0.02928206	      0.66899263	      0.00000000	      0.00000000	      0.00000000	      2.15186319	      2.02285478	      1.92953872	     -0.44777947	     -0.00221451	      0.50974777	      0.00000000	      0.00000000	      0.00000000	      1.11760009	      0.85323867	      0.98002943	     -0.06941533	     -0.00025438	      0.08118242	      0.00000000	      0.00000000	      0.00000000
      1.13000000	     -0.00000000	      0.00000000	     -0.00000000	      0.00000000	     -0.00000000	     -0.00000000	      0.00000000	      0.00000000	      0.00000000	   -393.79626922	  -1264.74293391	    719.94704073	      0.01090234	     -0.08211093	      0.01500291	      0.00000000	      0.00000000	      0.00000000	   -101.14138406	   -608.97858675	      5.44061065	      3.80511220	      0.28243500	     -3.90717897	     -0.00824526	     -0.00360284	     -0.00125501	     59.75855722	     -0.99512881	    -22.48426582	     -1.21167237	      0.39299151	     -1.39678031	      0.00000000	      0.00000000	      0.00000000	    117.48969037	   -481.98487936	    -24.10012658	     -3.57377346	      0.03374636	     -0.36816261	      0.00000000	      0.00000000	      0.00000000	    118.58425537	   -481.92578628	    -24.21417388	     -7.83494445	      0.56139198	    -31.92543382	      0.00000000	      0.00000000	      0.00000000	     84.90157469	    -11.76666258	     12.31920943	      0.09909431	      0.26703284	     -0.06631521	      0.00000000	      0.00000000	      0.00000000	     36.89097714	    -71.32833318	     24.45729171	     -0.00000000	      0.00000000	     -0.00000000	      0.00000000	      0.00000000	      0.00000000	    -33.52366769	   -132.67937809	     -8.78768782	      7.65794554	     11.54222899	     -4.36214056	     -0.00824526	     -0.00360284	      0.00125501	      0.90871138	     -0.39486947	      2.29547553	      0.06046308	     -0.00822788	     -0.02373568	      0.00000000	      0.00000000	      0.00000000	     47.33726222	   -169.49798263	    -91.99380016	     -9.88086292	     16.13252757	     -1.80751226	      0.00000000	      0.00000000	      0.00000000	     55.33543700	   -171.89353877	    -94.76038460	    -13.85773918	     21.07197762	    -18.61211606	      0.00000000	      0.00000000	      0.00000000	     30.59076062	    194.20287191	    -18.56707138	     -3.03882015	      1.27404791	     12.00527785	      0.00000000	      0.00000000	      0.00000000	    -32.58820246	     44.52653045	     18.90627280	      0.00000000	      0.00000000	     -0.00000000	      0.00000000	      0.00000000	      0.00000000	     -6.64943713	      6.03764274	      3.72892327	     -1.36975180	     -0.05004731	     -2.38759488	      0.00000000	      0.00000000	      0.00000000	     -4.21545846	      2.73388758	      2.38306534	     -0.55494738	     -0.04967149	     -0.93191237	      0.00000000	      0.00000000	      0.00000000	     -2.85238726	      1.78415614	      1.61059021	     -0.38876914	     -0.00696162	     -0.68451870	      0.00000000	      0.00000000	      0.00000000	     -1.44748271	      0.78526164	      0.81844050	     -0.05797965	     -0.00021378	     -0.10440375	      0.00000000	      0.00000000	      0.00000000	     -6.14366827	      2.52998373	      3.76813217	     -1.34927040	      0.02712884	     -2.24837953	      0.00000000	      0.00000000	      0.00000000	     -3.98177401	      1.11321575	      2.40118134	     -0.50024362	      0.08423487	     -0.87304376	      0.00000000	      0.00000000	      0.00000000	     -2.69694228	      0.70609847	      1.62264082	     -0.38051888	      0.02117459	     -0.64610598	      0.00000000	      0.00000000	      0.00000000	     -1.37879726	      0.30890740	      0.82376522	     -0.05834223	     -0.00021378	     -0.09972662	      0.00000000	      0.00000000	      0.00000000
      1.14000000	      0.00000000	      0.00000000	      0.00000000	     -0.00000000	      0.00000000	      0.00000000	      0.00000000	      0.00000000	      0.00000000	   -311.19281707	  -1296.12239473	    653.71609434	      0.00906990	     -0.08200007	      0.01528691	      0.00000000	      0.00000000	      0.00000000	    -99.49152383	   -715.07101832	     14.04584278	      4.02906193	      0.36185332	     -4.07068837	     -0.00824526	     -0.00360284	     -0.00125501	     49.84973173	     -1.11526421	    -18.96648439	     -1.02952084	      0.32132008	     -1.14916358	      0.00000000	      0.00000000	      0.00000000	    116.88695192	   -480.18157681	    -23.68305229	     -3.66598772	     -0.13772717	     -0.40721667	      0.00000000	      0.00000000	      0.00000000	    118.52810096	   -480.01155697	    -23.80679086	     -7.88909177	      0.37521131	    -31.90601374	      0.00000000	      0.00000000	      0.00000000	     88.27776444	    -11.20987515	     13.20312845	      0.12569322	      0.28351945	     -0.01111293	      0.00000000	      0.00000000	      0.00000000	     53.92434461	    -37.23974770	     32.28154388	      0.00000000	     -0.00000000	      0.00000000	      0.00000000	      0.00000000	      0.00000000	    -36.88980526	   -110.21669450	     -9.16703142	      8.79999879	     11.85183179	     -4.41296389	     -0.00824526	     -0.00360284	      0.00125501	      0.95061389	     -0.34326740	      2.39300403	      0.06303185	     -0.00842217	     -0.02524818	      0.00000000	      0.00000000	      0.00000000	     55.34778391	   -154.08644723	    -94.54181319	     -9.43523928	     16.42677661	     -1.90760403	      0.00000000	      0.00000000	      0.00000000	     63.80771702	   -156.76282163	    -97.28452397	    -13.66300609	     21.52817113	    -18.49108354	      0.00000000	      0.00000000	      0.00000000	     31.19084409	    201.36053578	    -20.06161435	     -3.15593256	      1.34625626	     12.44056116	      0.00000000	      0.00000000	      0.00000000	    -78.03772377	      9.80386390	     16.13438916	      0.00000000	      0.00000000	      0.00000000	      0.00000000	      0.00000000	      0.00000000	    -16.42987675	      1.08290726	      3.17362651	     -1.15281423	     -0.11045865	     -6.04915157	      0.00000000	      0.00000000	      0.00000000	    -10.70309898	      0.46944595	      2.03002369	     -0.44626709	     -0.15914748	     -2.33358252	      0.00000000	      0.00000000	      0.00000000	     -7.26538944	      0.37266650	      1.37197068	     -0.32653863	     -0.03067158	     -1.73631517	      0.00000000	      0.00000000	      0.00000000	     -3.72191636	      0.19757853	      0.69735842	     -0.04940568	     -0.00018836	     -0.26929271	      0.00000000	      0.00000000	      0.00000000	    -16.00829966	     -1.90549081	      3.22884603	     -1.16907222	      0.09084908	     -5.93322887	      0.00000000	      0.00000000	      0.00000000	    -10.50831433	     -0.91130758	      2.05553720	     -0.45473127	      0.18870740	     -2.28428275	      0.00000000	      0.00000000	      0.00000000	     -7.13582028	     -0.54579947	      1.38894207	     -0.33033825	      0.04280165	     -1.70421229	      0.00000000	      0.00000000	      0.00000000	     -3.66466449	     -0.20825798	      0.70485745	     -0.04991633	     -0.00018836	     -0.26539414	      0.00000000	      0.00000000	      0.00000000
      1.15000000	     -0.00000000	      0.00000000	     -0.00000000	      0.00000000	     -0.00000000	     -0.00000000	      0.00000000	      0.00000000	      0.00000000	   -245.93831705	  -1327.27016030	    591.94272020	      0.00739153	     -0.07666093	      0.01430052	      0.00000000	      0.00000000	      0.00000000	    -96.08480800	   -812.86994176	     19.88827234	      3.46388351	      0.37364955	     -4.38883128	     -0.00824526	     -0.00360284	     -0.00125501	     47.75274925	     -1.46250847	    -17.96631398	     -0.98588254	      0.30316748	     -1.08204435	      0.00000000	      0.00000000	      0.00000000	    121.62222170	   -480.17099651	    -23.07566216	     -3.91788843	     -0.35655025	     -0.47201260	      0.00000000	      0.00000000	      0.00000000	    123.73404958	   -479.88556709	    -23.22249772	     -8.10352008	      0.10029762	    -32.27662520	      0.00000000	      0.00000000	      0.00000000	     93.11955675	    -10.08104704	     14.37794550	      0.16406254	      0.29025885	      0.08709996	      0.00000000	      0.00000000	      0.00000000	     68.38900873	     -4.11740520	     39.48468783	     -0.00000000	      0.00000000	      0.00000000	      0.00000000	      0.00000000	      0.00000000	    -40.19884799	    -87.58680933	     -8.90485872	      9.90047985	     12.12908161	     -4.45230242	     -0.00824526	     -0.00360284	      0.00125501	      1.00743901	     -0.29869744	      2.46543378	      0.06493900	     -0.00852348	     -0.02728813	      0.00000000	      0.00000000	      0.00000000	     63.83848342	   -138.61915699	    -96.08764967	     -8.73198131	     16.58287960	     -2.01077485	      0.00000000	      0.00000000	      0.00000000	     72.76083317	   -141.57843491	    -98.80654672	    -13.15678575	     21.80149899	    -18.33895298	      0.00000000	      0.00000000	      0.00000000	     31.22689388	    206.37047003	    -21.29374526	     -3.23898240	      1.39882284	     12.74301396	      0.00000000	      0.00000000	      0.00000000	   -117.16982039	    -22.74058817	     14.72867746	      0.00000000	      0.00000000	      0.00000000	      0.00000000	      0.00000000	      0.00000000	    -24.89495708	     -3.39042922	      2.89363803	     -1.03599005	     -0.16327133	     -9.21901644	      0.00000000	      0.00000000	      0.00000000	    -16.31904034	     -1.57918917	      1.85057930	     -0.37797336	     -0.25289966	     -3.54632176	      0.00000000	      0.00000000	      0.00000000	    -11.08564794	     -0.90499759	      1.25065003	     -0.29252775	     -0.05079640	     -2.64661927	      0.00000000	      0.00000000	      0.00000000	     -5.69091227	     -0.33587370	      0.63564978	     -0.04503386	     -0.00017164	     -0.41204205	      0.00000000	      0.00000000	      0.00000000	    -24.50913732	     -6.13048219	      2.94615434	     -1.08148770	      0.14538139	     -9.11293547	      0.00000000	      0.00000000	      0.00000000	    -16.14077694	     -2.84519782	      1.87484383	     -0.44366668	      0.27984136	     -3.50118522	      0.00000000	      0.00000000	      0.00000000	    -10.96706858	     -1.74713620	      1.26679060	     -0.30641334	      0.06185371	     -2.61723260	      0.00000000	      0.00000000	      0.00000000	     -5.63851639	     -0.70798395	      0.64278171	     -0.04551951	     -0.00017164	     -0.40847415	      0.00000000	      0.00000000	      0.00000000
      1.16000000	      0.00000000	     -0.00000000	      0.00000000	     -0.00000000	      0.00000000	      0.00000000	      0.00000000	      0.00000000	      0.00000000	   -183.49162362	  -1339.06801896	    529.85675948	      0.00584259	     -0.06524228	      0.01168983	      0.00000000	      0.00000000	      0.00000000	    -88.21731482	   -889.93078731	     23.30372229	      2.66906814	      0.94634408	     -4.50944212	     -0.00824526	     -0.00360284	     -0.00125501	     48.52655707	     -1.90898501	    -17.60801793	     -0.98518447	      0.30161343	     -1.07613702	      0.00000000	      0.00000000	      0.00000000	    130.60261585	   -504.77292168	    -21.43457320	     -3.96901917	      0.13418730	     -0.38929008	      0.00000000	      0.00000000	      0.00000000	    132.97547214	   -504.45197614	    -21.51307577	     -8.23540890	      0.45224004	    -33.94588552	      0.00000000	      0.00000000	      0.00000000	     98.83921843	    -11.66531546	     15.54197310	      0.16704893	      0.30631291	      0.01692763	      0.00000000	      0.00000000	      0.00000000	     79.79271467	     24.99850602	     47.40426530	     -0.00000000	     -0.00000000	      0.00000000	      0.00000000	      0.00000000	      0.00000000	    -43.33495635	    -67.51015337	     -8.72017729	     10.94304389	     12.31359314	     -4.47325134	     -0.00824526	     -0.00360284	      0.00125501	      1.06204624	     -0.25556970	      2.51449315	      0.06623270	     -0.00849801	     -0.02927583	      0.00000000	      0.00000000	      0.00000000	     71.89045188	   -124.77283663	    -96.85081189	     -8.04759374	     16.57970751	     -2.08361354	      0.00000000	      0.00000000	      0.00000000	     81.25036347	   -127.95576106	    -99.50593365	    -12.61384083	     21.87344777	    -18.15305353	      0.00000000	      0.00000000	      0.00000000	     30.63250730	    208.76490247	    -22.36991580	     -3.28141528	      1.43474367	     12.88656309	      0.00000000	      0.00000000	      0.00000000	   -151.80936990	    -40.59275179	     10.59284194	     -0.00000000	     -0.00000000	     -0.00000000	      0.00000000	      0.00000000	      0.00000000	    -32.24699649	     -6.41124680	      2.06552989	     -0.72675025	     -0.20731910	    -11.96425375	      0.00000000	      0.00000000	      0.00000000	    -21.18238828	     -2.97164988	      1.32213704	     -0.24412158	     -0.33700681	     -4.59848756	      0.00000000	      0.00000000	      0.00000000	    -14.39216330	     -1.77217972	      0.89348104	     -0.20449310	     -0.06935925	     -3.43501530	      0.00000000	      0.00000000	      0.00000000	     -7.39342484	     -0.69628059	      0.45423988	     -0.03218526	     -0.00012389	     -0.53543913	      0.00000000	      0.00000000	      0.00000000	    -31.96949668	     -8.40161718	      2.12687481	     -0.79276934	      0.19446335	    -11.88799121	      0.00000000	      0.00000000	      0.00000000	    -21.05417282	     -3.89127667	      1.35048072	     -0.34541647	      0.35632054	     -4.56595331	      0.00000000	      0.00000000	      0.00000000	    -14.30687542	     -2.38390795	      0.91233502	     -0.22512031	      0.07728460	     -3.41385342	      0.00000000	      0.00000000	      0.00000000	     -7.35573925	     -0.96658091	      0.46257076	     -0.03275255	     -0.00012389	     -0.53287293	      0.00000000	      0.00000000	      0.00000000
      1.17000000	      0.00000000	     -0.00000000	     -0.00000000	     -0.00000000	      0.00000000	      0.00000000	      0.00000000	      0.00000000	      0.00000000	   -114.20561188	  -1322.49982828	    464.52372637	      0.00474775	     -0.04877056	      0.00763731	      0.00000000	      0.00000000	      0.00000000	    -72.65315056	   -947.08352906	     25.00359633	      1.99585774	      1.36529978	     -4.57351712	     -0.00824526	     -0.00360284	     -0.00125501	     50.52788053	     -2.30267065	    -17.34590835	     -0.99780721	      0.30475387	     -1.09240433	      0.00000000	      0.00000000	      0.00000000	    136.22053842	   -569.70779765	    -20.07035783	     -3.74952127	      0.56070678	     -0.28911438	      0.00000000	      0.00000000	      0.00000000	    137.81238452	   -569.50620541	    -20.12168585	     -8.38013145	      0.77917264	    -37.53939586	      0.00000000	      0.00000000	      0.00000000	    107.59975287	    -13.94559126	     16.62045184	      0.16242374	      0.30411891	     -0.11357004	      0.00000000	      0.00000000	      0.00000000	     87.84020658	     48.66952804	     57.14251045	     -0.00000000	     -0.00000000	      0.00000000	      0.00000000	      0.00000000	      0.00000000	    -46.41228121	    -50.83661479	     -8.57975545	     12.06384119	     12.38883884	     -4.49200849	     -0.00824526	     -0.00360284	      0.00125501	      1.10362710	     -0.22655778	      2.53645623	      0.06681820	     -0.00833876	     -0.03086198	      0.00000000	      0.00000000	      0.00000000	     80.18596066	   -112.36870999	    -96.81098744	     -7.27291797	     16.35267725	     -2.12634918	      0.00000000	      0.00000000	      0.00000000	     90.01546255	   -115.65912361	    -99.37292392	    -11.92619310	     21.68600152	    -17.94988905	      0.00000000	      0.00000000	      0.00000000	     29.17326608	    208.12012569	    -23.18420599	     -3.27586773	      1.44586895	     12.84888608	      0.00000000	      0.00000000	      0.00000000	   -183.46464962	    -36.91371830	      1.13338896	      0.00000000	     -0.00000000	      0.00000000	      0.00000000	      0.00000000	      0.00000000	    -38.69313165	     -7.50271720	      0.19813429	     -0.04860793	     -0.24245851	    -14.35815561	      0.00000000	      0.00000000	      0.00000000	    -25.42326378	     -3.49286393	      0.12913771	      0.02019081	     -0.41610853	     -5.51968744	      0.00000000	      0.00000000	      0.00000000	    -17.27251600	     -2.09422144	      0.08716078	     -0.01248868	     -0.08779197	     -4.12283437	      0.00000000	      0.00000000	      0.00000000	     -8.87382180	     -0.82584591	      0.04452317	     -0.00316108	     -0.00002058	     -0.64268661	      0.00000000	      0.00000000	      0.00000000	    -38.67482364	     -7.73604630	      0.24564565	     -0.11123919	      0.24103886	    -14.35331115	      0.00000000	      0.00000000	      0.00000000	    -25.41480478	     -3.60067085	      0.15108977	     -0.08202196	      0.41816490	     -5.51717703	      0.00000000	      0.00000000	      0.00000000	    -17.26688914	     -2.16593372	      0.10176311	     -0.03239448	      0.08860524	     -4.12130492	      0.00000000	      0.00000000	      0.00000000	     -8.87133549	     -0.85753294	      0.05097541	     -0.00360044	     -0.00002058	     -0.64251731	      0.00000000	      0.00000000	      0.00000000
      1.18000000	     -0.00000000	      0.00000000	      0.00000000	      0.00000000	      0.00000000	      0.00000000	      0.00000000	      0.00000000	      0.00000000	    -65.56359343	  -1314.46233162	    411.46120068	      0.00224636	     -0.01787306	      0.00005351	      0.00000000	      0.00000000	      0.00000000	    -52.67431962	   -982.24846254	     25.43048599	      1.36780423	      1.35399735	     -4.66325298	     -0.00824526	     -0.00360284	     -0.00125501	     53.44736623	     -2.58663497	    -17.15487793	     -1.01829575	      0.31218442	     -1.12874521	      0.00000000	      0.00000000	      0.00000000	    140.19225309	   -676.08919666	    -18.68075740	     -3.14606950	      0.59982558	     -0.21718244	      0.00000000	      0.00000000	      0.00000000	    140.04215430	   -676.19446621	    -18.80645861	     -8.41678509	      0.72425024	    -43.25727277	      0.00000000	      0.00000000	      0.00000000	    119.19673479	    -16.52369758	     17.43023988	      0.15289086	      0.29322785	     -0.28100000	      0.00000000	      0.00000000	      0.00000000	     91.68099564	     68.81116410	     67.82450229	      0.00000000	      0.00000000	      0.00000000	      0.00000000	      0.00000000	      0.00000000	    -49.24731961	    -33.70310772	     -8.37955673	     12.93499672	     12.32013800	     -4.46064762	     -0.00824526	     -0.00360284	      0.00125501	      1.15548059	     -0.19998771	      2.48869852	      0.06557278	     -0.00795590	     -0.03293364	      0.00000000	      0.00000000	      0.00000000	     87.85368138	    -99.25429062	    -95.12890042	     -6.41319872	     15.87885033	     -2.13434237	      0.00000000	      0.00000000	      0.00000000	     98.07501461	   -102.64371236	    -97.58791798	    -11.06801028	     21.16406375	    -17.54909330	      0.00000000	      0.00000000	      0.00000000	     27.10937721	    203.94687752	    -23.72224737	     -3.21592088	      1.43636638	     12.59216295	      0.00000000	      0.00000000	      0.00000000	   -210.75961206	    -13.32296106	    -14.08482390	     -0.00000000	      0.00000000	     -0.00000000	      0.00000000	      0.00000000	      0.00000000	    -43.96933563	     -6.80727646	     -2.84998944	      1.04867118	     -0.26674298	    -16.30438247	      0.00000000	      0.00000000	      0.00000000	    -28.87180703	     -3.20481795	     -1.81579813	      0.43459209	     -0.48812937	     -6.27243720	      0.00000000	      0.00000000	      0.00000000	    -19.61108233	     -1.91135514	     -1.22760190	      0.29757066	     -0.10578787	     -4.68228831	      0.00000000	      0.00000000	      0.00000000	    -10.07284843	     -0.74213862	     -0.62333355	      0.04414023	      0.00014020	     -0.72948555	      0.00000000	      0.00000000	      0.00000000	    -44.37453309	     -4.27938763	     -2.76032121	      0.98964831	      0.28372513	    -16.41643236	      0.00000000	      0.00000000	      0.00000000	    -29.05902366	     -2.03683720	     -1.77436801	      0.35703207	      0.46224582	     -6.31859277	      0.00000000	      0.00000000	      0.00000000	    -19.73561730	     -1.13442388	     -1.20004292	      0.28023495	      0.09506560	     -4.71269390	      0.00000000	      0.00000000	      0.00000000	    -10.12787588	     -0.39884112	     -0.61115625	      0.04331102	      0.00014020	     -0.73323265	      0.00000000	      0.00000000	      0.00000000
      1.19000000	      0.00000000	     -0.00000000	     -0.00000000	     -0.00000000	     -0.00000000	      0.00000000	      0.00000000	      0.00000000	      0.00000000	    -51.94195549	  -1364.96792754	    408.99178653	      0.00112649	      0.00105697	     -0.00601489	      0.00000000	      0.00000000	      0.00000000	    -43.02365598	   -982.14073830	     25.96569016	      1.17980681	      2.01134622	     -4.45744791	     -0.00824526	     -0.00360284	     -0.00125501	     55.89437023	     -3.05968285	    -16.34905506	     -1.02713207	      0.29879137	     -1.14864526	      0.00000000	      0.00000000	      0.00000000	    165.01978551	   -804.49910398	    -18.26624635	     -2.40912065	      1.29121112	     -0.01330958	      0.00000000	      0.00000000	      0.00000000	    164.31107686	   -804.97767321	    -18.43451454	     -8.51905933	      1.21478545	    -50.96155798	      0.00000000	      0.00000000	      0.00000000	    128.04613391	    -23.37006098	     17.62834769	      0.08191854	      0.36721653	     -0.69445966	      0.00000000	      0.00000000	      0.00000000	     91.80105442	     83.21382721	     76.83052039	     -0.00000000	      0.00000000	      0.00000000	      0.00000000	      0.00000000	      0.00000000	    -51.26122457	    -20.85088713	     -7.50897918	     13.57198646	     12.12666162	     -4.39739741	     -0.00824526	     -0.00360284	      0.00125501	      1.15892518	     -0.16630055	      2.38796943	      0.06293476	     -0.00737983	     -0.03349237	      0.00000000	      0.00000000	      0.00000000	     93.65117563	    -87.65706012	    -91.40384626	     -5.26084648	     15.20324994	     -2.13785972	      0.00000000	      0.00000000	      0.00000000	    104.14289895	    -90.99103980	    -93.73416106	     -9.79604672	     20.32411546	    -17.03189138	      0.00000000	      0.00000000	      0.00000000	     24.23531161	    196.15265661	    -23.88647958	     -3.09876149	      1.39811419	     12.11783819	      0.00000000	      0.00000000	      0.00000000	   -231.70505382	     23.64813014	    -31.26181227	     -0.00000000	     -0.00000000	      0.00000000	      0.00000000	      0.00000000	      0.00000000	    -47.75952888	     -4.72859726	     -6.25154254	      2.27003763	     -0.28044236	    -17.68871293	      0.00000000	      0.00000000	      0.00000000	    -31.32415634	     -2.29358714	     -3.98928367	      0.88930094	     -0.54555000	     -6.81144048	      0.00000000	      0.00000000	      0.00000000	    -21.27094959	     -1.33985713	     -2.69672374	      0.64261739	     -0.12100060	     -5.08039181	      0.00000000	      0.00000000	      0.00000000	    -10.92097551	     -0.49576943	     -1.36989979	      0.09702567	      0.00032695	     -0.79083671	      0.00000000	      0.00000000	      0.00000000	    -48.63573614	      0.96206027	     -6.17626880	      2.24196240	      0.31820398	    -17.93060085	      0.00000000	      0.00000000	      0.00000000	    -31.72899741	      0.33571300	     -3.95450434	      0.86250381	      0.48824319	     -6.91204848	      0.00000000	      0.00000000	      0.00000000	    -21.54024656	      0.40913185	     -2.67358881	      0.63540902	      0.09732551	     -5.14643454	      0.00000000	      0.00000000	      0.00000000	    -11.03996798	      0.27704481	     -1.35967731	      0.09632957	      0.00032695	     -0.79893951	      0.00000000	      0.00000000	      0.00000000
      1.20000000	      0.00000000	     -0.00000000	      0.00000000	      0.00000000	      0.00000000	     -0.00000000	      0.00000000	      0.00000000	      0.00000000	    -61.73960963	  -1414.45783624	    425.32885780	      0.00047010	      0.00293980	     -0.00764126	      0.00000000	      0.00000000	      0.00000000	    -49.01182790	  -1014.26438617	     22.18794929	      1.27369639	      2.97615573	     -4.73847943	     -0.00824526	     -0.00360284	     -0.00125501	     83.58739384	     -4.92551182	    -22.55910579	     -1.40198144	      0.51011236	     -1.74711765	      0.00000000	      0.00000000	      0.00000000	    210.48123472	   -902.25894843	    -19.73162706	     -1.98545919	      2.08492316	      0.17617696	      0.00000000	      0.00000000	      0.00000000	    210.71089288	   -902.91304419	    -20.01983031	     -8.81884407	      1.76912419	    -58.09258389	      0.00000000	      0.00000000	      0.00000000	    134.18512228	    -29.91067820	     18.13796006	      0.01674782	      0.47371193	     -1.05421697	      0.00000000	      0.00000000	      0.00000000	     88.00261908	     98.26537668	     78.64288860	      0.00000000	     -0.00000000	     -0.00000000	      0.00000000	      0.00000000	      0.00000000	    -52.77586547	     -6.86453859	     -5.68364968	     13.24389749	     11.59012744	     -4.16074001	     -0.00824526	     -0.00360284	      0.00125501	      1.11224460	     -0.08676284	      2.18471156	      0.05759229	     -0.00656477	     -0.03262098	      0.00000000	      0.00000000	      0.00000000	     98.18231929	    -74.09623808	    -84.37337896	     -4.18716115	     14.12029279	     -2.06053958	      0.00000000	      0.00000000	      0.00000000	    108.76901176	    -77.27275111	    -86.57441144	     -8.43963103	     18.90314928	    -16.14312126	      0.00000000	      0.00000000	      0.00000000	     20.83923616	    183.87135918	    -23.41496616	     -2.91005687	      1.32528707	     11.36839624	      0.00000000	      0.00000000	      0.00000000	   -240.62652187	     49.09299521	    -41.94751057	     -0.00000000	      0.00000000	      0.00000000	      0.00000000	      0.00000000	      0.00000000	    -49.23906171	     -3.10726213	     -8.36277164	      3.02708436	     -0.28337297	    -18.22163806	      0.00000000	      0.00000000	      0.00000000	    -32.26773898	     -1.58248536	     -5.33837594	      1.16948174	     -0.57166296	     -7.02061210	      0.00000000	      0.00000000	      0.00000000	    -21.90775529	     -0.89633346	     -3.60848617	      0.85640416	     -0.12841477	     -5.23358312	      0.00000000	      0.00000000	      0.00000000	    -11.24468962	     -0.30754678	     -1.83319197	      0.12984536	      0.00045039	     -0.81422955	      0.00000000	      0.00000000	      0.00000000	    -50.39652409	      4.55915905	     -8.30612750	      3.02313809	      0.33411383	    -18.54089669	      0.00000000	      0.00000000	      0.00000000	    -32.80253061	      1.95969270	     -5.31220419	      1.17925629	      0.49477773	     -7.15404641	      0.00000000	      0.00000000	      0.00000000	    -22.26349431	      1.45989446	     -3.59107694	      0.85684894	      0.09670010	     -5.32101983	      0.00000000	      0.00000000	      0.00000000	    -11.40187768	      0.73358413	     -1.82549947	      0.12932154	      0.00045039	     -0.82493327	      0.00000000	      0.00000000	      0.00000000
      1.21000000	      0.00000000	     -0.00000000	     -0.00000000	      0.00000000	      0.00000000	     -0.00000000	      0.00000000	      0.00000000	      0.00000000	    -91.10937521	  -1448.49577302	    443.76332669	     -0.00061256	      0.00328800	     -0.00810125	      0.00000000	      0.00000000	      0.00000000	    -59.62720667	  -1099.28470650	     13.61954410	      0.69906807	      4.16305329	     -5.58209395	     -0.00824526	     -0.00360284	     -0.00125501	    138.61337529	     -8.60897377	    -34.90965937	     -2.17177188	      0.91297348	     -2.95091634	      0.00000000	      0.00000000	      0.00000000	    253.97930110	   -981.84595127	    -16.64424010	     -1.62616407	      2.86549848	      0.35623029	      0.00000000	      0.00000000	      0.00000000	    254.78951526	   -982.61729955	    -16.92543109	     -8.83491766	      2.09125240	    -64.24323169	      0.00000000	      0.00000000	      0.00000000	    141.42871209	    -32.62564042	     19.02156449	      0.00630030	      0.53038508	     -1.18070489	      0.00000000	      0.00000000	      0.00000000	     81.53982831	    110.82065151	     76.44204182	      0.00000000	      0.00000000	     -0.00000000	      0.00000000	      0.00000000	      0.00000000	    -52.97425311	      6.34029958	     -3.36945836	     12.20895113	     10.69608113	     -3.75850033	     -0.00824526	     -0.00360284	      0.00125501	      0.95164323	      0.05035158	      1.88646053	      0.04974552	     -0.00549189	     -0.02845082	      0.00000000	      0.00000000	      0.00000000	     98.04384803	    -60.25769957	    -74.38036236	     -2.99703680	     12.66548252	     -1.92961776	      0.00000000	      0.00000000	      0.00000000	    108.26769776	    -63.23981482	    -76.41928216	     -6.80362241	     16.92595119	    -14.81630766	      0.00000000	      0.00000000	      0.00000000	     17.31512308	    167.13636085	    -22.41008287	     -2.65182130	      1.22800596	     10.33825659	      0.00000000	      0.00000000	      0.00000000	   -240.03428062	     71.96808431	    -48.46322680	     -0.00000000	      0.00000000	      0.00000000	      0.00000000	      0.00000000	      0.00000000	    -48.81408421	     -1.15333203	     -9.68089069	      3.49513790	     -0.27672031	    -18.04780284	      0.00000000	      0.00000000	      0.00000000	    -31.96014873	     -0.70086643	     -6.17778591	      1.33727894	     -0.57321448	     -6.95818760	      0.00000000	      0.00000000	      0.00000000	    -21.69490151	     -0.34407081	     -4.17593540	      0.98819962	     -0.12992187	     -5.18395418	      0.00000000	      0.00000000	      0.00000000	    -11.13183861	     -0.07289582	     -2.12126627	      0.15024435	      0.00051666	     -0.80597601	      0.00000000	      0.00000000	      0.00000000	    -50.15684114	      7.68778529	     -9.58191511	      3.49726115	      0.33532478	    -18.41826698	      0.00000000	      0.00000000	      0.00000000	    -32.58055348	      3.38406591	     -6.13205543	      1.37733267	      0.48436183	     -7.11279534	      0.00000000	      0.00000000	      0.00000000	    -22.10758969	      2.37319283	     -4.14551585	      0.99206169	      0.09325555	     -5.28531965	      0.00000000	      0.00000000	      0.00000000	    -11.31419042	      1.12776356	     -2.10782498	      0.14932907	      0.00051666	     -0.81839325	      0.00000000	      0.00000000	      0.00000000
      1.22000000	      0.00000000	     -0.00000000	     -0.00000000	     -0.00000000	      0.00000000	      0.00000000	      0.00000000	      0.00000000	      0.00000000	   -128.39095225	  -1473.04032914	    460.76285256	     -0.00191827	      0.00324978	     -0.00791448	      0.00000000	      0.00000000	      0.00000000	    -68.66896217	  -1229.55171973	      0.81380513	     -0.84106403	      5.35082752	     -6.87790947	     -0.00824526	     -0.00360284	     -0.00125501	    214.72367720	    -13.79961365	    -50.09693566	     -3.18922036	      1.44625134	     -4.63533654	      0.00000000	      0.00000000	      0.00000000	    286.53145594	  -1060.47416350	     -6.90484179	     -1.27868453	      3.44676968	      0.49939417	      0.00000000	      0.00000000	      0.00000000	    286.92788426	  -1061.43906155	     -6.97567510	     -8.52958416	      1.94307816	    -69.90197958	      0.00000000	      0.00000000	      0.00000000	    150.04488350	    -31.58614526	     20.01983717	      0.04635912	      0.52228938	     -1.09934554	      0.00000000	      0.00000000	      0.00000000	     73.68871360	    116.78354936	     71.85570010	      0.00000000	      0.00000000	     -0.00000000	      0.00000000	      0.00000000	      0.00000000	    -51.35819047	     13.88528583	     -1.42952287	     10.68753249	      9.30672180	     -3.21625908	     -0.00824526	     -0.00360284	      0.00125501	      0.73852355	      0.14230351	      1.51713424	      0.04002453	     -0.00424243	     -0.02249638	      0.00000000	      0.00000000	      0.00000000	     94.29870050	    -46.51306607	    -62.22969404	     -1.93890032	     10.72815112	     -1.69878055	      0.00000000	      0.00000000	      0.00000000	    103.84963763	    -49.01901256	    -64.04692310	     -5.17737410	     14.33858751	    -13.07827566	      0.00000000	      0.00000000	      0.00000000	     13.18284699	    145.70581314	    -20.69299997	     -2.31782428	      1.09048056	      9.02774207	      0.00000000	      0.00000000	      0.00000000	   -235.50991197	    100.13271700	    -52.30104299	      0.00000000	     -0.00000000	     -0.00000000	      0.00000000	      0.00000000	      0.00000000	    -47.54935207	      1.67285352	    -10.43137067	      3.75676199	     -0.26610846	    -17.55379111	      0.00000000	      0.00000000	      0.00000000	    -31.08336513	      0.57409058	     -6.65843720	      1.42217030	     -0.56249804	     -6.77375022	      0.00000000	      0.00000000	      0.00000000	    -21.09439135	      0.45807676	     -4.50080542	      1.06169685	     -0.12829991	     -5.04210564	      0.00000000	      0.00000000	      0.00000000	    -10.81792344	      0.26735474	     -2.28647093	      0.16194999	      0.00056019	     -0.78313161	      0.00000000	      0.00000000	      0.00000000	    -48.99460979	     11.22728474	    -10.35282538	      3.78736696	      0.32936530	    -17.95246462	      0.00000000	      0.00000000	      0.00000000	    -31.75112914	      4.98860107	     -6.62214629	      1.50654859	      0.46663261	     -6.94029717	      0.00000000	      0.00000000	      0.00000000	    -21.53858252	      3.39457309	     -4.47666500	      1.07465026	      0.08875033	     -5.15125914	      0.00000000	      0.00000000	      0.00000000	    -11.01419527	      1.56488503	     -2.27580417	      0.16122364	      0.00056019	     -0.79649674	      0.00000000	      0.00000000	      0.00000000
      1.23000000	      0.00000000	     -0.00000000	     -0.00000000	      0.00000000	      0.00000000	     -0.00000000	      0.00000000	      0.00000000	      0.00000000	   -169.96935543	  -1482.22454864	    478.30363756	     -0.00335547	      0.00300950	     -0.00731558	      0.00000000	      0.00000000	      0.00000000	    -80.23497254	  -1370.48793242	    -15.28543860	     -2.51914793	      6.46121759	     -8.34530704	     -0.00824526	     -0.00360284	     -0.00125501	    305.51990592	    -20.05764976	    -65.69193537	     -4.32858128	      2.06036456	     -6.68631206	      0.00000000	      0.00000000	      0.00000000	    317.23587329	  -1114.86538723	      4.09705246	     -1.05993112	      3.76702476	      0.58217385	      0.00000000	      0.00000000	      0.00000000	    317.45695226	  -1115.89761627	      4.21866343	     -8.13471246	      1.47301132	    -74.23051495	      0.00000000	      0.00000000	      0.00000000	    155.71501559	    -30.63059662	     20.58700779	      0.07524912	      0.51809603	     -1.02364364	      0.00000000	      0.00000000	      0.00000000	     64.03845328	    123.16386045	     63.19389791	     -0.00000000	      0.00000000	      0.00000000	      0.00000000	      0.00000000	      0.00000000	    -48.23537980	     21.92380910	      0.06677832	      8.51256593	      7.43613003	     -2.50503236	     -0.00824526	     -0.00360284	      0.00125501	      0.45235310	      0.28275010	      1.09037435	      0.02878215	     -0.00290425	     -0.01429522	      0.00000000	      0.00000000	      0.00000000	     85.17846577	    -32.51368967	    -48.33394942	     -1.15384026	      8.35914387	     -1.36193263	      0.00000000	      0.00000000	      0.00000000	     93.52687895	    -34.57663624	    -49.87597053	     -3.71974293	     11.20311473	    -10.81892060	      0.00000000	      0.00000000	      0.00000000	      9.53287749	    119.97084659	    -18.14579726	     -1.91506630	      0.92530446	      7.44068438	      0.00000000	      0.00000000	      0.00000000	   -225.54218588	    122.81856532	    -52.83865293	      0.00000000	      0.00000000	     -0.00000000	      0.00000000	      0.00000000	      0.00000000	    -45.24820469	      4.29572072	    -10.53836837	      3.78558667	     -0.25086323	    -16.67782118	      0.00000000	      0.00000000	      0.00000000	    -29.52986193	      1.76099903	     -6.72518027	      1.41911729	     -0.53738534	     -6.44136782	      0.00000000	      0.00000000	      0.00000000	    -20.03502951	      1.20432566	     -4.54575206	      1.06914362	     -0.12304077	     -4.79039968	      0.00000000	      0.00000000	      0.00000000	    -10.26878894	      0.58233667	     -2.30908997	      0.16355014	      0.00057039	     -0.74325274	      0.00000000	      0.00000000	      0.00000000	    -46.70165078	     13.96723867	    -10.45400470	      3.83330257	      0.31479242	    -17.07863807	      0.00000000	      0.00000000	      0.00000000	    -30.20140929	      6.22960804	     -6.68620105	      1.53848879	      0.44056246	     -6.60908298	      0.00000000	      0.00000000	      0.00000000	    -20.48173733	      4.17680788	     -4.51982340	      1.08812587	      0.08311453	     -4.90025386	      0.00000000	      0.00000000	      0.00000000	    -10.46617278	      1.89576782	     -2.29763305	      0.16276998	      0.00057039	     -0.75669359	      0.00000000	      0.00000000	      0.00000000
      1.24000000	      0.00000000	     -0.00000000	     -0.00000000	     -0.00000000	     -0.00000000	      0.00000000	      0.00000000	      0.00000000	      0.00000000	   -214.20427879	  -1485.11279679	    498.74558344	     -0.00483140	      0.00271102	     -0.00652935	      0.00000000	      0.00000000	      0.00000000	    -94.22587231	  -1509.77435824	    -33.13450161	     -3.59545679	      7.67526610	     -9.74124860	     -0.00824526	     -0.00360284	     -0.00125501	    404.48186633	    -26.72256102	    -79.87844647	     -5.48350687	      2.70563135	     -8.97624680	      0.00000000	      0.00000000	      0.00000000	    344.52914038	  -1143.00844885	     13.33122364	     -0.71093197	      4.11483847	      0.68336752	      0.00000000	      0.00000000	      0.00000000	    344.97337779	  -1143.99217687	     13.52985918	     -7.52466785	      1.14817097	    -76.97814737	      0.00000000	      0.00000000	      0.00000000	    157.34138543	    -29.50509137	     20.89808638	      0.09639925	      0.51161977	     -0.93967330	      0.00000000	      0.00000000	      0.00000000	     53.63923209	    128.66977632	     51.16478134	     -0.00000000	      0.00000000	      0.00000000	      0.00000000	      0.00000000	      0.00000000	    -42.34089885	     28.92217098	      0.74835845	      6.06444086	      5.14410503	     -1.70190669	     -0.00824526	     -0.00360284	      0.00125501	      0.05518087	      0.45971234	      0.65805042	      0.01738427	     -0.00158310	     -0.00264035	      0.00000000	      0.00000000	      0.00000000	     67.76264286	    -17.94449586	    -33.99764382	     -0.65561382	      5.62238649	     -0.92896014	      0.00000000	      0.00000000	      0.00000000	     74.13070572	    -19.57800718	    -35.18050114	     -2.51083793	      7.63376552	     -7.87177298	      0.00000000	      0.00000000	      0.00000000	      6.54344180	     89.94785261	    -14.69508555	     -1.44212756	      0.73144336	      5.57573295	      0.00000000	      0.00000000	      0.00000000	   -211.87688710	    141.19576388	    -50.40756817	     -0.00000000	     -0.00000000	      0.00000000	      0.00000000	      0.00000000	      0.00000000	    -42.25055481	      6.81305903	    -10.04575917	      3.59980294	     -0.23300354	    -15.54527444	      0.00000000	      0.00000000	      0.00000000	    -27.52176893	      2.91037081	     -6.41293156	      1.33514810	     -0.50182575	     -6.00984913	      0.00000000	      0.00000000	      0.00000000	    -18.66754403	      1.92890409	     -4.33480278	      1.01628480	     -0.11504480	     -4.46503058	      0.00000000	      0.00000000	      0.00000000	     -9.56175002	      0.88876722	     -2.20219104	      0.15598246	      0.00054274	     -0.69194715	      0.00000000	      0.00000000	      0.00000000	    -43.63911407	     16.03056616	     -9.98369701	      3.66995556	      0.29398661	    -15.92823825	      0.00000000	      0.00000000	      0.00000000	    -28.16333610	      7.16920955	     -6.38425648	      1.48698132	      0.40943850	     -6.16999755	      0.00000000	      0.00000000	      0.00000000	    -19.09430927	      4.76184885	     -4.31572835	      1.04223612	      0.07694198	     -4.56995144	      0.00000000	      0.00000000	      0.00000000	     -9.75032197	      2.14054186	     -2.19376275	      0.15540853	      0.00054274	     -0.70478795	      0.00000000	      0.00000000	      0.00000000
      1.25000000	     -0.00000000	      0.00000000	     -0.00000000	     -0.00000000	     -0.00000000	      0.00000000	      0.00000000	      0.00000000	      0.00000000	   -259.53680498	  -1503.98801772	    522.69968306	     -0.00624955	      0.00252126	     -0.00577057	      0.00000000	      0.00000000	      0.00000000	   -104.89211776	  -1658.15825445	    -51.27998595	     -4.18580207	      9.08170292	    -11.02148485	     -0.00824526	     -0.00360284	     -0.00125501	    506.16514839	    -33.19122721	    -90.94069925	     -6.55928811	      3.33304770	    -11.39514468	      0.00000000	      0.00000000	      0.00000000	    362.13627036	  -1167.12000516	     22.58239761	      0.03547795	      4.64640112	      0.85903389	      0.00000000	      0.00000000	      0.00000000	    362.60959012	  -1168.09039698	     22.79744880	     -6.49268071	      1.07378534	    -78.97013696	      0.00000000	      0.00000000	      0.00000000	    155.84371056	    -27.54340998	     20.87194917	      0.11823875	      0.48219308	     -0.82517760	      0.00000000	      0.00000000	      0.00000000	     43.84640022	    130.41497431	     38.39964688	     -0.00000000	     -0.00000000	     -0.00000000	      0.00000000	      0.00000000	      0.00000000	    -34.35823472	     33.25558501	      0.42443008	      3.63057808	      2.70405312	     -0.91898549	     -0.00824526	     -0.00360284	      0.00125501	     -0.37144768	      0.62295368	      0.26046801	      0.00689363	     -0.00042866	      0.00982121	      0.00000000	      0.00000000	      0.00000000	     45.23852321	     -3.24040943	    -20.62237257	     -0.45633104	      2.81682661	     -0.45169673	      0.00000000	      0.00000000	      0.00000000	     49.21321163	     -4.44370678	    -21.40168671	     -1.63888285	      4.03001447	     -4.54084689	      0.00000000	      0.00000000	      0.00000000	      3.81846016	     57.69647295	    -10.32982572	     -0.93047012	      0.50206676	      3.56681731	      0.00000000	      0.00000000	      0.00000000	   -199.04147964	    165.29112117	    -48.33535814	      0.00000000	      0.00000000	     -0.00000000	      0.00000000	      0.00000000	      0.00000000	    -39.37334313	      9.91080300	     -9.64770149	      3.44449378	     -0.21549140	    -14.45116964	      0.00000000	      0.00000000	      0.00000000	    -25.58123222	      4.31996939	     -6.15721614	      1.25932636	     -0.46777596	     -5.59428894	      0.00000000	      0.00000000	      0.00000000	    -17.34470469	      2.81874010	     -4.16194816	      0.97160387	     -0.10743356	     -4.15060376	      0.00000000	      0.00000000	      0.00000000	     -8.87621184	      1.26591017	     -2.11419555	      0.14974548	      0.00052047	     -0.64216143	      0.00000000	      0.00000000	      0.00000000	    -40.70427847	     18.73672976	     -9.56335520	      3.52860606	      0.27397691	    -14.81825741	      0.00000000	      0.00000000	      0.00000000	    -26.19617495	      8.39788312	     -6.11824495	      1.44768434	      0.37914392	     -5.74775902	      0.00000000	      0.00000000	      0.00000000	    -17.75375957	      5.53133502	     -4.13602484	      1.00303162	      0.07088007	     -4.25115866	      0.00000000	      0.00000000	      0.00000000	     -9.05695822	      2.46450662	     -2.10274098	      0.14896548	      0.00052047	     -0.65446935	      0.00000000	      0.00000000	      0.00000000
      1.26000000	      0.00000000	     -0.00000000	      0.00000000	     -0.00000000	      0.00000000	      0.00000000	      0.00000000	      0.00000000	      0.00000000	   -299.86570288	  -1541.93701039	    549.17115656	     -0.00757473	      0.00246314	     -0.00511652	      0.00000000	      0.00000000	      0.00000000	   -112.21197851	  -1809.20557699	    -68.40125724	     -4.48715084	     10.44660394	    -12.20410250	     -0.00824526	     -0.00360284	     -0.00125501	    604.33739707	    -38.86733722	    -98.92372315	     -7.51134413	      3.91211702	    -13.79450845	      0.00000000	      0.00000000	      0.00000000	    368.50009111	  -1188.98924433	     31.43221242	      1.05901048	      5.18025714	      1.06378592	      0.00000000	      0.00000000	      0.00000000	    368.84259024	  -1189.97658444	     31.59654486	     -5.19139232	      1.10187103	    -80.27004587	      0.00000000	      0.00000000	      0.00000000	    151.01254978	    -24.95936461	     20.54594309	      0.13735720	      0.42880297	     -0.69318946	      0.00000000	      0.00000000	      0.00000000	     36.56235317	    130.52208533	     28.34787331	     -0.00000000	      0.00000000	      0.00000000	      0.00000000	      0.00000000	      0.00000000	    -28.11089116	     33.86702452	     -0.12800670	      1.86651999	      0.81388925	     -0.37316817	     -0.00824526	     -0.00360284	      0.00125501	     -0.67344020	      0.72761597	     -0.01442338	     -0.00036208	      0.00033153	      0.01862409	      0.00000000	      0.00000000	      0.00000000	     27.89078195	      5.56137976	    -10.57160482	     -0.27164572	      0.69376348	     -0.09416903	      0.00000000	      0.00000000	      0.00000000	     30.08998808	      4.65159813	    -11.00209418	     -0.91836419	      1.33045911	     -2.02325905	      0.00000000	      0.00000000	      0.00000000	      0.65602125	     28.89701814	     -5.92960220	     -0.47006415	      0.26497429	      1.77392452	      0.00000000	      0.00000000	      0.00000000	   -189.49139549	    192.68820049	    -47.48275275	      0.00000000	      0.00000000	      0.00000000	      0.00000000	      0.00000000	      0.00000000	    -37.13094579	     13.17242175	     -9.46799782	      3.36802015	     -0.20125748	    -13.59035677	      0.00000000	      0.00000000	      0.00000000	    -24.05370945	      5.79832010	     -6.04218857	      1.21282348	     -0.44160569	     -5.26910199	      0.00000000	      0.00000000	      0.00000000	    -16.30208865	      3.75241822	     -4.08407696	      0.94924358	     -0.10168291	     -3.90326762	      0.00000000	      0.00000000	      0.00000000	     -8.33425320	      1.66218521	     -2.07457726	      0.14694029	      0.00051333	     -0.60276668	      0.00000000	      0.00000000	      0.00000000	    -38.43594373	     21.86721922	     -9.39543046	      3.47804927	      0.25871008	    -13.95021580	      0.00000000	      0.00000000	      0.00000000	    -24.65666811	      9.81564711	     -6.00865969	      1.44475413	      0.35460319	     -5.41972706	      0.00000000	      0.00000000	      0.00000000	    -16.70317183	      6.42471134	     -4.06177383	      0.98915787	      0.06580935	     -4.00191630	      0.00000000	      0.00000000	      0.00000000	     -8.51147718	      2.84297377	     -2.06472232	      0.14626922	      0.00051333	     -0.61483475	      0.00000000	      0.00000000	      0.00000000
      1.27000000	      0.00000000	     -0.00000000	     -0.00000000	      0.00000000	     -0.00000000	      0.00000000	      0.00000000	      0.00000000	      0.00000000	   -335.22544085	  -1594.38342945	    574.71382191	     -0.00875331	      0.00255254	     -0.00462254	      0.00000000	      0.00000000	      0.00000000	   -116.28115816	  -1953.71851152	    -83.85458473	     -5.14883898	     11.52347344	    -13.35810079	     -0.00824526	     -0.00360284	     -0.00125501	    693.92569848	    -43.43024321	   -104.28705083	     -8.31698470	      4.42344973	    -16.04143004	      0.00000000	      0.00000000	      0.00000000	    364.83539347	  -1206.67180627	     42.28062073	      2.14510739	      5.44654884	      1.22647661	      0.00000000	      0.00000000	      0.00000000	    365.03350743	  -1207.71076729	     42.45400645	     -3.70522155	      0.81428295	    -80.90110852	      0.00000000	      0.00000000	      0.00000000	    142.71949615	    -22.12168141	     19.50904035	      0.14646970	      0.37570662	     -0.56321273	      0.00000000	      0.00000000	      0.00000000	     32.53057036	    129.54524690	     22.36513410	      0.00000000	     -0.00000000	     -0.00000000	      0.00000000	      0.00000000	      0.00000000	    -24.72526033	     30.64707736	     -0.11660097	      0.94770094	     -0.17932612	     -0.11789053	     -0.00824526	     -0.00360284	      0.00125501	     -0.81551931	      0.78249529	     -0.15702682	     -0.00412893	      0.00069091	      0.02280816	      0.00000000	      0.00000000	      0.00000000	     19.05904713	      6.63583685	     -5.13266749	      0.00199318	     -0.37915401	      0.06717393	      0.00000000	      0.00000000	      0.00000000	     20.36397257	      5.87695448	     -5.38678546	     -0.32224641	     -0.03249325	     -0.85505642	      0.00000000	      0.00000000	      0.00000000	     -1.71734415	     10.67916174	     -2.77718032	     -0.17703179	      0.09406325	      0.64143934	      0.00000000	      0.00000000	      0.00000000	   -183.04209775	    221.54359021	    -47.26254660	      0.00000000	     -0.00000000	     -0.00000000	      0.00000000	      0.00000000	      0.00000000	    -35.51887123	     16.49450730	     -9.44191074	      3.34561787	     -0.19051841	    -12.96152892	      0.00000000	      0.00000000	      0.00000000	    -22.93693828	      7.30321117	     -6.02264778	      1.18632302	     -0.42292310	     -5.03344450	      0.00000000	      0.00000000	      0.00000000	    -15.53788875	      4.70462343	     -4.07078817	      0.94197535	     -0.09764928	     -3.72246137	      0.00000000	      0.00000000	      0.00000000	     -7.93479990	      2.06765763	     -2.06749019	      0.14643204	      0.00051162	     -0.57368247	      0.00000000	      0.00000000	      0.00000000	    -36.81658558	     25.14581314	     -9.33557689	      3.46932285	      0.24771222	    -13.31937023	      0.00000000	      0.00000000	      0.00000000	    -23.53653165	     11.30044340	     -5.97351750	      1.45917174	      0.33630813	     -5.18324684	      0.00000000	      0.00000000	      0.00000000	    -15.93673336	      7.36354967	     -4.03810711	      0.98763082	      0.06193847	     -3.82056604	      0.00000000	      0.00000000	      0.00000000	     -8.11103474	      3.24253985	     -2.05304963	      0.14544871	      0.00051162	     -0.58568318	      0.00000000	      0.00000000	      0.00000000
      1.28000000	      0.00000000	     -0.00000000	      0.00000000	      0.00000000	      0.00000000	      0.00000000	      0.00000000	      0.00000000	      0.00000000	   -362.41088729	  -1656.41646437	    598.80765521	     -0.00976912	      0.00277088	     -0.00429133	      0.00000000	      0.00000000	      0.00000000	   -117.32913631	  -2083.82324167	    -96.80967180	     -6.05262052	     12.33393856	    -14.41864054	     -0.00824526	     -0.00360284	     -0.00125501	    770.77556323	    -46.76429687	   -107.47638910	     -8.96025515	      4.85259127	    -18.01737190	      0.00000000	      0.00000000	      0.00000000	    351.36226518	  -1218.42983789	     53.93987415	      3.22452465	      5.51784979	      1.35253864	      0.00000000	      0.00000000	      0.00000000	    351.45553630	  -1219.52239955	     54.18058277	     -2.14921201	      0.34867217	    -80.77215341	      0.00000000	      0.00000000	      0.00000000	    131.44816887	    -19.37916641	     17.96131927	      0.14335551	      0.32143382	     -0.45106914	      0.00000000	      0.00000000	      0.00000000	     30.77016902	    129.28266630	     20.85884095	     -0.00000000	      0.00000000	      0.00000000	      0.00000000	      0.00000000	      0.00000000	    -21.71559815	     26.37956973	      0.05959162	      0.86437149	     -0.21974179	     -0.11206523	     -0.00824526	     -0.00360284	      0.00125501	     -0.88169842	      0.81676773	     -0.17077443	     -0.00449500	      0.00071438	      0.02488741	      0.00000000	      0.00000000	      0.00000000	     11.85449744	      4.83025341	     -3.13189270	      0.24689042	     -0.40292634	      0.04513312	      0.00000000	      0.00000000	      0.00000000	     12.43638879	      4.15080816	     -3.26718630	      0.06365903	     -0.18051646	     -0.35082511	      0.00000000	      0.00000000	      0.00000000	     -2.06158340	      1.67601752	     -1.10705061	     -0.03173737	      0.01732737	      0.07763988	      0.00000000	      0.00000000	      0.00000000	   -180.15726008	    248.01591648	    -48.17454723	     -0.00000000	     -0.00000000	      0.00000000	      0.00000000	      0.00000000	      0.00000000	    -34.65462280	     19.36739256	     -9.61995079	      3.39939032	     -0.18394471	    -12.61369128	      0.00000000	      0.00000000	      0.00000000	    -22.31810351	      8.60087059	     -6.13551531	      1.19146354	     -0.41348623	     -4.90523780	      0.00000000	      0.00000000	      0.00000000	    -15.11255739	      5.52589322	     -4.14697042	      0.95648744	     -0.09576470	     -3.62241430	      0.00000000	      0.00000000	      0.00000000	     -7.71027657	      2.41778431	     -2.10608155	      0.14916500	      0.00052363	     -0.55729312	      0.00000000	      0.00000000	      0.00000000	    -35.97448507	     28.20289155	     -9.51403120	      3.54429923	      0.24224691	    -12.97757286	      0.00000000	      0.00000000	      0.00000000	    -22.92793006	     12.68320705	     -6.08657643	      1.50391590	      0.32524080	     -5.05772718	      0.00000000	      0.00000000	      0.00000000	    -15.51820903	      8.24143011	     -4.11441668	      1.00937766	      0.05939019	     -3.72224105	      0.00000000	      0.00000000	      0.00000000	     -7.88951919	      3.61768070	     -2.09169725	      0.14818550	      0.00052363	     -0.56949865	      0.00000000	      0.00000000	      0.00000000
      1.29000000	     -0.00000000	      0.00000000	      0.00000000	     -0.00000000	     -0.00000000	     -0.00000000	      0.00000000	      0.00000000	      0.00000000	   -384.66230543	  -1720.57692740	    621.59568821	     -0.01059877	      0.00311266	     -0.00413385	      0.00000000	      0.00000000	      0.00000000	   -115.89162879	  -2191.17428349	   -106.00361857	     -6.59851026	     13.00215541	    -15.23865262	     -0.00824526	     -0.00360284	     -0.00125501	    831.36548365	    -48.94876414	   -109.09639612	     -9.43499073	      5.18892192	    -19.61032439	      0.00000000	      0.00000000	      0.00000000	    330.96489977	  -1221.12986039	     63.21864911	      4.45167731	      5.58523169	      1.49263459	      0.00000000	      0.00000000	      0.00000000	    330.98451286	  -1222.26047339	     63.41633841	     -0.50191356	      0.05430871	    -79.81236583	      0.00000000	      0.00000000	      0.00000000	    118.26320514	    -16.46765990	     16.30841645	      0.13633329	      0.25580600	     -0.33441868	      0.00000000	      0.00000000	      0.00000000	     30.70554642	    129.28650455	     21.94882479	     -0.00000000	      0.00000000	     -0.00000000	      0.00000000	      0.00000000	      0.00000000	    -17.83838211	     23.04399242	     -0.24144680	      1.18366772	      0.45459999	     -0.22332680	     -0.00824526	     -0.00360284	      0.00125501	     -0.97747770	      0.84133154	     -0.07696538	     -0.00201963	      0.00045875	      0.02779320	      0.00000000	      0.00000000	      0.00000000	      2.70050385	      4.84635958	     -2.79646355	      0.10498927	      0.29540152	     -0.06376262	      0.00000000	      0.00000000	      0.00000000	      2.38997137	      4.23008983	     -2.74739642	     -0.05266704	      0.43974518	      0.09460376	      0.00000000	      0.00000000	      0.00000000	     -0.33503401	     -0.50276054	     -0.79102444	      0.00295310	      0.02856000	     -0.06747596	      0.00000000	      0.00000000	      0.00000000	   -179.41195966	    271.19692571	    -49.48957713	     -0.00000000	     -0.00000000	     -0.00000000	      0.00000000	      0.00000000	      0.00000000	    -34.25552313	     21.80589833	     -9.84510473	      3.47431763	     -0.18024175	    -12.44280962	      0.00000000	      0.00000000	      0.00000000	    -22.01326937	      9.70226497	     -6.28485056	      1.20761120	     -0.40953696	     -4.84458951	      0.00000000	      0.00000000	      0.00000000	    -14.90151387	      6.22367558	     -4.24802673	      0.97760822	     -0.09510757	     -3.57343127	      0.00000000	      0.00000000	      0.00000000	     -7.59696737	      2.71600812	     -2.15805924	      0.15285915	      0.00053837	     -0.54898376	      0.00000000	      0.00000000	      0.00000000	    -35.61108337	     30.89296514	     -9.80728990	      3.65716510	      0.24013147	    -12.81650992	      0.00000000	      0.00000000	      0.00000000	    -22.63958974	     13.90083533	     -6.26737867	      1.56062145	      0.31891404	     -5.00124817	      0.00000000	      0.00000000	      0.00000000	    -15.31813706	      9.01653030	     -4.23640457	      1.04132024	      0.05775458	     -3.67597447	      0.00000000	      0.00000000	      0.00000000	     -7.78105791	      3.95006843	     -2.15292384	      0.15250945	      0.00053837	     -0.56151940	      0.00000000	      0.00000000	      0.00000000
      1.30000000	      0.00000000	     -0.00000000	      0.00000000	     -0.00000000	      0.00000000	     -0.00000000	      0.00000000	      0.00000000	      0.00000000	   -398.03752766	  -1781.26768046	    643.40533674	     -0.01120120	      0.00362406	     -0.00418331	      0.00000000	      0.00000000	      0.00000000	   -112.34468830	  -2272.81781073	   -111.89208135	     -6.85874777	     13.54536866	    -15.79556121	     -0.00824526	     -0.00360284	     -0.00125501	    873.81047962	    -50.07830217	   -109.45471041	     -9.73757373	      5.42621608	    -20.75692263	      0.00000000	      0.00000000	      0.00000000	    304.37635550	  -1218.54081017	     69.71050115	      5.50119825	      5.67281894	      1.61645218	      0.00000000	      0.00000000	      0.00000000	    304.32371258	  -1219.71381368	     69.82466732	      0.86680399	     -0.02727909	    -78.28302575	      0.00000000	      0.00000000	      0.00000000	    104.28675415	    -13.77933956	     14.66254660	      0.12319659	      0.18087673	     -0.23295892	      0.00000000	      0.00000000	      0.00000000	     33.11951666	    130.92789016	     20.57682961	     -0.00000000	      0.00000000	     -0.00000000	      0.00000000	      0.00000000	      0.00000000	    -18.15464560	     19.69988955	      0.13658610	      1.04905662	      0.47793537	     -0.20992784	     -0.00824526	     -0.00360284	      0.00125501	     -1.00409706	      0.83145421	     -0.07624415	     -0.00200259	      0.00042935	      0.02851096	      0.00000000	      0.00000000	      0.00000000	      2.96635327	      3.57095544	     -2.56169708	      0.08141966	      0.33706339	     -0.06863935	      0.00000000	      0.00000000	      0.00000000	      2.63422940	      3.04144055	     -2.50602257	     -0.05758585	      0.47281873	      0.00562742	      0.00000000	      0.00000000	      0.00000000	      0.03836315	     -0.43324233	     -0.71768766	      0.00172778	      0.03119373	     -0.05922016	      0.00000000	      0.00000000	      0.00000000	   -180.75048449	    287.74884422	    -50.74159345	     -0.00000000	     -0.00000000	     -0.00000000	      0.00000000	      0.00000000	      0.00000000	    -34.37170197	     23.48641045	    -10.13340484	      3.56937874	     -0.17977223	    -12.46863286	      0.00000000	      0.00000000	      0.00000000	    -22.05751631	     10.45979434	     -6.46161398	      1.23414455	     -0.41154499	     -4.85793974	      0.00000000	      0.00000000	      0.00000000	    -14.92808866	      6.70427727	     -4.36727332	      1.00352324	     -0.09574819	     -3.58064309	      0.00000000	      0.00000000	      0.00000000	     -7.60666598	      2.92188500	     -2.21779204	      0.15707508	      0.00055282	     -0.54959363	      0.00000000	      0.00000000	      0.00000000	    -35.76033695	     32.80767895	    -10.01483825	      3.74186403	      0.24118065	    -12.85142831	      0.00000000	      0.00000000	      0.00000000	    -22.69911846	     14.76657479	     -6.40683171	      1.60383749	      0.31863728	     -5.01846530	      0.00000000	      0.00000000	      0.00000000	    -15.35487717	      9.56911246	     -4.33083260	      1.06624166	      0.05745686	     -3.68570458	      0.00000000	      0.00000000	      0.00000000	     -7.79524821	      4.18775086	     -2.20169022	      0.15597863	      0.00055282	     -0.56243514	      0.00000000	      0.00000000	      0.00000000
      1.31000000	     -0.00000000	      0.00000000	      0.00000000	     -0.00000000	     -0.00000000	      0.00000000	      0.00000000	      0.00000000	      0.00000000	   -407.52637669	  -1832.32623694	    660.31366112	     -0.01154941	      0.00432013	     -0.00447527	      0.00000000	      0.00000000	      0.00000000	   -106.99904233	  -2326.31818631	   -114.54276838	     -7.43372897	     13.71467019	    -16.19139627	     -0.00824526	     -0.00360284	     -0.00125501	    897.39569539	    -50.31949482	   -108.92332037	     -9.87501246	      5.56278972	    -21.42508845	      0.00000000	      0.00000000	      0.00000000	    275.36801360	  -1212.64471854	     76.20125916	      6.29547596	      5.50044762	      1.66638451	      0.00000000	      0.00000000	      0.00000000	    275.23039115	  -1213.86116318	     76.27686800	      2.00295611	     -0.36194324	    -76.52150674	      0.00000000	      0.00000000	      0.00000000	     90.68360703	    -11.71613391	     12.70008780	      0.09881871	      0.11708373	     -0.16490773	      0.00000000	      0.00000000	      0.00000000	     36.56485196	    131.34095513	     19.34085294	     -0.00000000	      0.00000000	      0.00000000	      0.00000000	      0.00000000	      0.00000000	    -18.66129576	     16.67805022	      0.40806569	      0.89879262	      0.40456174	     -0.18613348	     -0.00824526	     -0.00360284	      0.00125501	     -1.04778031	      0.80860798	     -0.08698555	     -0.00228798	      0.00043625	      0.02963608	      0.00000000	      0.00000000	      0.00000000	      3.60901460	      3.03727889	     -2.35475618	      0.06342747	      0.27203375	     -0.05515180	      0.00000000	      0.00000000	      0.00000000	      3.29394867	      2.60341074	     -2.30440947	     -0.06354052	      0.40271463	     -0.04515138	      0.00000000	      0.00000000	      0.00000000	      0.25675288	     -0.37557265	     -0.66895355	      0.00072004	      0.03257634	     -0.05061789	      0.00000000	      0.00000000	      0.00000000	   -181.74718247	    300.62894298	    -51.66764245	     -0.00000000	     -0.00000000	     -0.00000000	      0.00000000	      0.00000000	      0.00000000	    -34.44263299	     24.79767104	    -10.30781377	      3.62849653	     -0.17940794	    -12.48199103	      0.00000000	      0.00000000	      0.00000000	    -22.07978716	     11.05012109	     -6.57498200	      1.24991491	     -0.41273415	     -4.86583071	      0.00000000	      0.00000000	      0.00000000	    -14.94085098	      7.07889355	     -4.44397286	      1.02013366	     -0.09614122	     -3.58444731	      0.00000000	      0.00000000	      0.00000000	     -7.61038132	      3.08230383	     -2.25699340	      0.15985582	      0.00056266	     -0.54980790	      0.00000000	      0.00000000	      0.00000000	    -35.85688351	     34.28531599	    -10.20950142	      3.81679884	      0.24193778	    -12.87185795	      0.00000000	      0.00000000	      0.00000000	    -22.73322467	     15.43377378	     -6.52955796	      1.64011909	      0.31812028	     -5.02929755	      0.00000000	      0.00000000	      0.00000000	    -15.37551227	      9.99486353	     -4.41375716	      1.08761955	      0.05714577	     -3.69143955	      0.00000000	      0.00000000	      0.00000000	     -7.80244224	      4.37076428	     -2.24364219	      0.15894667	      0.00056266	     -0.56288628	      0.00000000	      0.00000000	      0.00000000
      1.32000000	      0.00000000	     -0.00000000	     -0.00000000	     -0.00000000	     -0.00000000	     -0.00000000	      0.00000000	      0.00000000	      0.00000000	   -406.88194910	  -1869.32348480	    670.91706776	     -0.01170618	      0.00511874	     -0.00486570	      0.00000000	      0.00000000	      0.00000000	   -102.40062327	  -2347.80299028	   -113.95199212	     -8.24924491	     13.50398743	    -16.41727012	     -0.00824526	     -0.00360284	     -0.00125501	    901.61207270	    -50.05508718	   -107.93147457	     -9.85602740	      5.59756896	    -21.57657735	      0.00000000	      0.00000000	      0.00000000	    243.53981338	  -1201.45436060	     81.84917573	      6.86157671	      5.10160862	      1.65175456	      0.00000000	      0.00000000	      0.00000000	    243.35524013	  -1202.68693583	     81.95301235	      2.90772235	     -0.86083279	    -74.40301735	      0.00000000	      0.00000000	      0.00000000	     78.38316710	    -10.17287202	     10.85045903	      0.06990213	      0.05338205	     -0.11677612	      0.00000000	      0.00000000	      0.00000000	     41.57124804	    129.19222351	     18.05838964	      0.00000000	     -0.00000000	     -0.00000000	      0.00000000	      0.00000000	      0.00000000	    -18.50548069	     12.88842177	      0.58525439	      0.78297297	      0.36299080	     -0.17145167	     -0.00824526	     -0.00360284	      0.00125501	     -1.06455234	      0.75504217	     -0.09045951	     -0.00238154	      0.00042184	      0.02998623	      0.00000000	      0.00000000	      0.00000000	      3.94442092	      2.15318453	     -2.15446018	      0.05490605	      0.24388462	     -0.04923486	      0.00000000	      0.00000000	      0.00000000	      3.63216700	      1.81917161	     -2.10543465	     -0.05781688	      0.36803978	     -0.10457074	      0.00000000	      0.00000000	      0.00000000	      0.39211136	     -0.35904440	     -0.60241808	      0.00081345	      0.03173572	     -0.04445591	      0.00000000	      0.00000000	      0.00000000	   -184.21485863	    307.08169949	    -50.25104262	      0.00000000	     -0.00000000	      0.00000000	      0.00000000	      0.00000000	      0.00000000	    -34.91313086	     25.58196151	     -9.99953023	      3.51576304	     -0.18295353	    -12.64751775	      0.00000000	      0.00000000	      0.00000000	    -22.37151108	     11.40467617	     -6.38157322	      1.20307595	     -0.41592146	     -4.93123505	      0.00000000	      0.00000000	      0.00000000	    -15.13783186	      7.30762482	     -4.31326762	      0.98834781	     -0.09652257	     -3.63195684	      0.00000000	      0.00000000	      0.00000000	     -7.70964902	      3.18182984	     -2.19096880	      0.15518737	      0.00054879	     -0.55695400	      0.00000000	      0.00000000	      0.00000000	    -36.28661826	     34.82499680	     -9.94983061	      3.72288227	      0.24377024	    -13.02609461	      0.00000000	      0.00000000	      0.00000000	    -23.00611448	     15.67530990	     -6.35861011	      1.60666362	      0.32394140	     -5.09009321	      0.00000000	      0.00000000	      0.00000000	    -15.55996486	     10.14841550	     -4.29799274	      1.06073319	      0.05861875	     -3.73590293	      0.00000000	      0.00000000	      0.00000000	     -7.89617415	      4.43707131	     -2.18421939	      0.15472777	      0.00054879	     -0.56965543	      0.00000000	      0.00000000	      0.00000000
      1.33000000	     -0.00000000	      0.00000000	      0.00000000	      0.00000000	     -0.00000000	     -0.00000000	      0.00000000	      0.00000000	      0.00000000	   -398.98868619	  -1889.39300830	    676.61897951	     -0.01171709	      0.00590851	     -0.00527624	      0.00000000	      0.00000000	      0.00000000	    -98.68986415	  -2337.68072842	   -110.19896260	     -8.78553384	     13.10106776	    -16.38690619	     -0.00824526	     -0.00360284	     -0.00125501	    888.46486474	    -49.40656093	   -106.35939592	     -9.69322588	      5.53690920	    -21.26494479	      0.00000000	      0.00000000	      0.00000000	    211.88125638	  -1184.25174555	     84.61817607	      7.37572561	      4.68123934	      1.62852217	      0.00000000	      0.00000000	      0.00000000	    211.66487170	  -1185.44280427	     84.70792016	      3.66016148	     -1.22742867	    -71.96234120	      0.00000000	      0.00000000	      0.00000000	     67.90924141	     -9.70367364	      9.26047025	      0.03166186	     -0.00649812	     -0.12026987	      0.00000000	      0.00000000	      0.00000000	     46.73406280	    127.82950947	     16.42563837	      0.00000000	     -0.00000000	     -0.00000000	      0.00000000	      0.00000000	      0.00000000	    -18.63106313	     10.08343006	      0.83743321	      0.67396432	      0.31822392	     -0.15521151	     -0.00824526	     -0.00360284	      0.00125501	     -1.09311551	      0.71434566	     -0.08854830	     -0.00233296	      0.00039384	      0.03067781	      0.00000000	      0.00000000	      0.00000000	      4.25071110	      1.55947495	     -1.96368078	      0.04818706	      0.21131278	     -0.04272518	      0.00000000	      0.00000000	      0.00000000	      3.93272134	      1.29386022	     -1.91201253	     -0.05231045	      0.32927234	     -0.14562082	      0.00000000	      0.00000000	      0.00000000	      0.47655925	     -0.34038804	     -0.52540429	      0.00107288	      0.02946028	     -0.03988168	      0.00000000	      0.00000000	      0.00000000	   -185.48545214	    305.66971850	    -48.04579694	      0.00000000	     -0.00000000	     -0.00000000	      0.00000000	      0.00000000	      0.00000000	    -35.22546366	     25.59621159	     -9.57339174	      3.36028770	     -0.18604217	    -12.76145198	      0.00000000	      0.00000000	      0.00000000	    -22.57246144	     11.41282743	     -6.10577994	      1.14331200	     -0.41699560	     -4.97494002	      0.00000000	      0.00000000	      0.00000000	    -15.27418123	      7.31637220	     -4.12667480	      0.94405010	     -0.09634644	     -3.66445313	      0.00000000	      0.00000000	      0.00000000	     -7.77914764	      3.18694963	     -2.09573118	      0.14843485	      0.00052568	     -0.56197375	      0.00000000	      0.00000000	      0.00000000	    -36.53781432	     34.45324473	     -9.49320812	      3.55740060	      0.24418362	    -13.12313101	      0.00000000	      0.00000000	      0.00000000	    -23.17881734	     15.50511349	     -6.06873206	      1.54176051	      0.32911019	     -5.12681778	      0.00000000	      0.00000000	      0.00000000	    -15.67752422	     10.03852748	     -4.10203085	      1.01397732	      0.06013344	     -3.76380558	      0.00000000	      0.00000000	      0.00000000	     -7.95737016	      4.38977045	     -2.08484193	      0.14769334	      0.00052568	     -0.57410981	      0.00000000	      0.00000000	      0.00000000
      1.34000000	      0.00000000	     -0.00000000	     -0.00000000	      0.00000000	     -0.00000000	     -0.00000000	      0.00000000	      0.00000000	      0.00000000	   -387.11248588	  -1892.02649134	    675.87464228	     -0.01161860	      0.00661511	     -0.00562057	      0.00000000	      0.00000000	      0.00000000	    -95.57337653	  -2301.39943766	   -104.17508797	     -9.34459483	     12.45473762	    -16.18576931	     -0.00824526	     -0.00360284	     -0.00125501	    860.19899146	    -48.46023674	   -104.20058353	     -9.40313645	      5.38882942	    -20.54804439	      0.00000000	      0.00000000	      0.00000000	    183.47575612	  -1165.56741266	     85.64386179	      7.59428393	      4.16042581	      1.55729575	      0.00000000	      0.00000000	      0.00000000	    183.19171873	  -1166.70587554	     85.70738783	      4.04464694	     -1.62346000	    -69.64102459	      0.00000000	      0.00000000	      0.00000000	     59.66118335	     -9.73802549	      7.90107895	     -0.00667637	     -0.05778473	     -0.14442180	      0.00000000	      0.00000000	      0.00000000	     51.56093401	    124.21142966	     14.69251843	     -0.00000000	      0.00000000	      0.00000000	      0.00000000	      0.00000000	      0.00000000	    -18.38174867	      7.49838121	      1.02418512	      0.57963389	      0.27442864	     -0.14018635	     -0.00824526	     -0.00360284	      0.00125501	     -1.10070574	      0.65512793	     -0.08350132	     -0.00220134	      0.00035987	      0.03077303	      0.00000000	      0.00000000	      0.00000000	      4.34676938	      1.12769635	     -1.77670268	      0.04230800	      0.17901397	     -0.03635412	      0.00000000	      0.00000000	      0.00000000	      4.02221141	      0.91755869	     -1.72213460	     -0.04703594	      0.28938290	     -0.16748037	      0.00000000	      0.00000000	      0.00000000	      0.48148116	     -0.30780466	     -0.44884745	      0.00125819	      0.02588240	     -0.03505430	      0.00000000	      0.00000000	      0.00000000	   -184.68142874	    301.02265350	    -44.80191361	     -0.00000000	     -0.00000000	     -0.00000000	      0.00000000	      0.00000000	      0.00000000	    -35.14308808	     25.40057247	     -8.92387224	      3.12708267	     -0.18735914	    -12.73200488	      0.00000000	      0.00000000	      0.00000000	    -22.51970933	     11.32721721	     -5.69264438	      1.05560995	     -0.41284994	     -4.96300981	      0.00000000	      0.00000000	      0.00000000	    -15.23903828	      7.26550424	     -3.84751481	      0.87828942	     -0.09488332	     -3.65590070	      0.00000000	      0.00000000	      0.00000000	     -7.76132302	      3.16598078	     -1.95409573	      0.13840510	      0.00048952	     -0.56068590	      0.00000000	      0.00000000	      0.00000000	    -36.36767699	     33.65276050	     -8.85781900	      3.32466137	      0.24157468	    -13.06952008	      0.00000000	      0.00000000	      0.00000000	    -23.08551596	     15.14004183	     -5.66212527	      1.44864289	      0.33088055	     -5.10468620	      0.00000000	      0.00000000	      0.00000000	    -15.61540823	      9.80176404	     -3.82721375	      0.94792881	      0.06110541	     -3.74859270	      0.00000000	      0.00000000	      0.00000000	     -7.92762714	      4.28666119	     -1.94512543	      0.13779427	      0.00048952	     -0.57201038	      0.00000000	      0.00000000	      0.00000000
      1.35000000	     -0.00000000	      0.00000000	      0.00000000	      0.00000000	     -0.00000000	      0.00000000	      0.00000000	      0.00000000	      0.00000000	   -370.39208449	  -1878.63799996	    668.84638828	     -0.01142816	      0.00719844	     -0.00584526	      0.00000000	      0.00000000	      0.00000000	    -93.13903265	  -2243.92471964	    -96.43345996	     -9.83525260	     11.64086744	    -15.82590993	     -0.00824526	     -0.00360284	     -0.00125501	    819.63149518	    -47.22940332	   -101.28688160	     -9.00179292	      5.16376930	    -19.50590342	      0.00000000	      0.00000000	      0.00000000	    157.54887442	  -1147.17050513	     85.27406907	      7.64609039	      3.59073752	      1.46078358	      0.00000000	      0.00000000	      0.00000000	    157.21986499	  -1148.26716942	     85.33191562	      4.19681699	     -2.00831402	    -67.49471155	      0.00000000	      0.00000000	      0.00000000	     53.49658049	     -9.57023603	      6.87923397	     -0.03406507	     -0.10335593	     -0.14842018	      0.00000000	      0.00000000	      0.00000000	     55.44071496	    118.55908525	     12.88377992	     -0.00000000	      0.00000000	      0.00000000	      0.00000000	      0.00000000	      0.00000000	    -17.73047084	      5.34625434	      1.13841722	      0.49611814	      0.22924315	     -0.12512629	     -0.00824526	     -0.00360284	      0.00125501	     -1.08585426	      0.57930678	     -0.07577223	     -0.00199841	      0.00032018	      0.03023544	      0.00000000	      0.00000000	      0.00000000	      4.22119878	      0.91437391	     -1.57309117	      0.03679043	      0.14488094	     -0.02969582	      0.00000000	      0.00000000	      0.00000000	      3.89264213	      0.73991084	     -1.51518415	     -0.04175136	      0.24522913	     -0.16635758	      0.00000000	      0.00000000	      0.00000000	      0.41695373	     -0.26445978	     -0.36494126	      0.00130348	      0.02081202	     -0.03047740	      0.00000000	      0.00000000	      0.00000000	   -182.02890682	    294.31788013	    -40.99542012	      0.00000000	      0.00000000	     -0.00000000	      0.00000000	      0.00000000	      0.00000000	    -34.70410825	     25.05927833	     -8.16569876	      2.85422608	     -0.18678448	    -12.57191836	      0.00000000	      0.00000000	      0.00000000	    -22.23565756	     11.17893687	     -5.20777837	      0.95329842	     -0.40433858	     -4.90033051	      0.00000000	      0.00000000	      0.00000000	    -15.04704770	      7.17434835	     -3.51971772	      0.80112645	     -0.09239326	     -3.60975784	      0.00000000	      0.00000000	      0.00000000	     -7.66323244	      3.12751335	     -1.78746409	      0.12660129	      0.00044830	     -0.55359105	      0.00000000	      0.00000000	      0.00000000	    -35.82460818	     32.62527492	     -8.09949918	      3.04681456	      0.23638592	    -12.88071714	      0.00000000	      0.00000000	      0.00000000	    -22.75337113	     14.67471496	     -5.17719165	      1.33713916	      0.32938072	     -5.03001889	      0.00000000	      0.00000000	      0.00000000	    -15.39142654	      9.49971139	     -3.49937168	      0.86906553	      0.06150573	     -3.69459101	      0.00000000	      0.00000000	      0.00000000	     -7.81540085	      4.15500620	     -1.77847392	      0.12598910	      0.00044830	     -0.56395296	      0.00000000	      0.00000000	      0.00000000
      1.36000000	     -0.00000000	      0.00000000	      0.00000000	      0.00000000	      0.00000000	     -0.00000000	      0.00000000	      0.00000000	      0.00000000	   -350.22107465	  -1848.85468756	    656.26645419	     -0.01115676	      0.00763309	     -0.00592289	      0.00000000	      0.00000000	      0.00000000	    -91.84636451	  -2166.93006179	    -87.36656445	    -10.08963409	     10.78897535	    -15.28751555	     -0.00824526	     -0.00360284	     -0.00125501	    769.31552572	    -45.76850303	    -97.62427045	     -8.50873128	      4.87324183	    -18.20708033	      0.00000000	      0.00000000	      0.00000000	    134.36521192	  -1125.31549531	     83.45631559	      7.67116479	      3.08974656	      1.37430023	      0.00000000	      0.00000000	      0.00000000	    134.04333473	  -1126.36746818	     83.51404154	      4.27803177	     -2.26196416	    -65.30131556	      0.00000000	      0.00000000	      0.00000000	     49.03504675	     -9.13214869	      6.21721521	     -0.04972932	     -0.14436746	     -0.12947479	      0.00000000	      0.00000000	      0.00000000	     57.92337617	    112.64787908	     10.94282027	      0.00000000	     -0.00000000	     -0.00000000	      0.00000000	      0.00000000	      0.00000000	    -17.07562596	      4.08811095	      1.26066481	      0.41019379	      0.17904083	     -0.10710911	     -0.00824526	     -0.00360284	      0.00125501	     -1.07100433	      0.51202311	     -0.06669322	     -0.00176041	      0.00027561	      0.02971528	      0.00000000	      0.00000000	      0.00000000	      3.97073599	      0.97285735	     -1.34295005	      0.03170705	      0.10571746	     -0.02219002	      0.00000000	      0.00000000	      0.00000000	      3.63334090	      0.80742741	     -1.28080956	     -0.03608835	      0.19404127	     -0.14310704	      0.00000000	      0.00000000	      0.00000000	      0.28989170	     -0.21321904	     -0.26836267	      0.00153649	      0.01421632	     -0.02684079	      0.00000000	      0.00000000	      0.00000000	   -176.69147034	    284.66672472	    -37.06563603	     -0.00000000	     -0.00000000	      0.00000000	      0.00000000	      0.00000000	      0.00000000	    -33.73631112	     24.45969385	     -7.38460350	      2.57380420	     -0.18304939	    -12.21915176	      0.00000000	      0.00000000	      0.00000000	    -21.61089779	     10.91692826	     -4.70770423	      0.84941109	     -0.39013488	     -4.76285157	      0.00000000	      0.00000000	      0.00000000	    -14.62421846	      7.00939317	     -3.18159760	      0.72182451	     -0.08868220	     -3.50831075	      0.00000000	      0.00000000	      0.00000000	     -7.44732981	      3.05666116	     -1.61551329	      0.11441974	      0.00040689	     -0.53797610	      0.00000000	      0.00000000	      0.00000000	    -34.74757013	     31.32026098	     -7.31430949	      2.75830206	      0.22789430	    -12.49778580	      0.00000000	      0.00000000	      0.00000000	    -22.07813790	     14.08677111	     -4.67522573	      1.22010473	      0.32241660	     -4.88001113	      0.00000000	      0.00000000	      0.00000000	    -14.93502277	      9.11794676	     -3.15999316	      0.78712963	      0.06078383	     -3.58491535	      0.00000000	      0.00000000	      0.00000000	     -7.58466286	      3.98835385	     -1.60596708	      0.11376969	      0.00040689	     -0.54732779	      0.00000000	      0.00000000	      0.00000000
      1.37000000	     -0.00000000	      0.00000000	      0.00000000	      0.00000000	     -0.00000000	     -0.00000000	      0.00000000	      0.00000000	      0.00000000	   -327.63193454	  -1803.11927474	    639.37203924	     -0.01081494	      0.00789548	     -0.00586187	      0.00000000	      0.00000000	      0.00000000	    -91.55676596	  -2073.78515648	    -77.63591114	    -10.15192604	      9.84549530	    -14.62837158	     -0.00824526	     -0.00360284	     -0.00125501	    712.20268862	    -44.04762849	    -93.13626399	     -7.94370260	      4.53081859	    -16.73590334	      0.00000000	      0.00000000	      0.00000000	    115.78419135	  -1099.34715421	     81.03012005	      7.67257031	      2.58167140	      1.28439944	      0.00000000	      0.00000000	      0.00000000	    115.52789634	  -1100.36867415	     81.10159186	      4.33573695	     -2.51926855	    -63.12872479	      0.00000000	      0.00000000	      0.00000000	     45.90741575	     -8.29352414	      5.79537742	     -0.05343155	     -0.17788708	     -0.08243052	      0.00000000	      0.00000000	      0.00000000	     58.69792376	    105.11982281	      9.05397759	     -0.00000000	      0.00000000	     -0.00000000	      0.00000000	      0.00000000	      0.00000000	    -16.09964486	      3.39754025	      1.32144387	      0.33650653	      0.13159978	     -0.08943012	     -0.00824526	     -0.00360284	      0.00125501	     -1.03892047	      0.43601014	     -0.05635086	     -0.00148841	      0.00023132	      0.02871503	      0.00000000	      0.00000000	      0.00000000	      3.55736165	      1.24468463	     -1.11146720	      0.02727460	      0.06802565	     -0.01501559	      0.00000000	      0.00000000	      0.00000000	      3.21465097	      1.06673380	     -1.04567471	     -0.03083050	      0.14298086	     -0.10071737	      0.00000000	      0.00000000	      0.00000000	      0.11781822	     -0.15932139	     -0.17334946	      0.00161099	      0.00698979	     -0.02405108	      0.00000000	      0.00000000	      0.00000000	   -168.40007607	    273.98492643	    -33.00898023	      0.00000000	      0.00000000	     -0.00000000	      0.00000000	      0.00000000	      0.00000000	    -32.15700749	     23.81880024	     -6.57642562	      2.28474306	     -0.17563068	    -11.64131068	      0.00000000	      0.00000000	      0.00000000	    -20.58771249	     10.63507887	     -4.19261645	      0.74275705	     -0.36930084	     -4.53853617	      0.00000000	      0.00000000	      0.00000000	    -13.93109319	      6.82978454	     -2.83351326	      0.64031736	     -0.08355787	     -3.34228034	      0.00000000	      0.00000000	      0.00000000	     -7.09300289	      2.97795448	     -1.43879061	      0.10190340	      0.00036108	     -0.51235123	      0.00000000	      0.00000000	      0.00000000	    -33.05964906	     29.92710320	     -6.51375583	      2.46389610	      0.21555833	    -11.89004535	      0.00000000	      0.00000000	      0.00000000	    -21.00476721	     13.45734708	     -4.16366062	      1.10032606	      0.30899939	     -4.64305696	      0.00000000	      0.00000000	      0.00000000	    -14.20851458	      8.70713431	     -2.81425209	      0.70355303	      0.05870967	     -3.41063688	      0.00000000	      0.00000000	      0.00000000	     -7.21558526	      3.80748665	     -1.43027980	      0.10132385	      0.00036108	     -0.52069847	      0.00000000	      0.00000000	      0.00000000
      1.38000000	     -0.00000000	      0.00000000	      0.00000000	      0.00000000	     -0.00000000	      0.00000000	      0.00000000	      0.00000000	      0.00000000	   -303.37980509	  -1746.88810288	    617.83883771	     -0.01041776	      0.00795817	     -0.00562742	      0.00000000	      0.00000000	      0.00000000	    -91.63135294	  -1970.10151238	    -67.64282932	    -10.03535350	      8.91075542	    -13.87594131	     -0.00824526	     -0.00360284	     -0.00125501	    651.44909098	    -42.05309192	    -87.66880045	     -7.32578230	      4.15140079	    -15.18442254	      0.00000000	      0.00000000	      0.00000000	     98.96746013	  -1071.12992893	     77.86648692	      7.66795710	      2.11917630	      1.20220805	      0.00000000	      0.00000000	      0.00000000	     98.82614285	  -1072.12789422	     77.95992849	      4.36802518	     -2.70322345	    -60.91678221	      0.00000000	      0.00000000	      0.00000000	     43.66153891	     -7.54516936	      5.51566351	     -0.05366858	     -0.20090761	     -0.03898645	      0.00000000	      0.00000000	      0.00000000	     57.69044351	     97.55922255	      7.18815834	      0.00000000	     -0.00000000	      0.00000000	      0.00000000	      0.00000000	      0.00000000	    -15.07324068	      3.57674765	      1.38393367	      0.26395965	      0.08436485	     -0.06946831	     -0.00824526	     -0.00360284	      0.00125501	     -1.00504631	      0.36416327	     -0.04535276	     -0.00119821	      0.00018746	      0.02767241	      0.00000000	      0.00000000	      0.00000000	      3.08696115	      1.78437825	     -0.86551767	      0.02354711	      0.02918007	     -0.00771172	      0.00000000	      0.00000000	      0.00000000	      2.74084480	      1.56385331	     -0.79612044	     -0.02566083	      0.08956104	     -0.04094233	      0.00000000	      0.00000000	      0.00000000	     -0.06752131	     -0.11396689	     -0.07335274	      0.00153213	     -0.00066407	     -0.02327318	      0.00000000	      0.00000000	      0.00000000	   -157.90116276	    263.28382354	    -29.10820259	     -0.00000000	     -0.00000000	     -0.00000000	      0.00000000	      0.00000000	      0.00000000	    -30.11611591	     23.20886635	     -5.79173117	      2.00463830	     -0.16526482	    -10.89294359	      0.00000000	      0.00000000	      0.00000000	    -19.26281311	     10.36967997	     -3.69391363	      0.63948625	     -0.34365090	     -4.24861505	      0.00000000	      0.00000000	      0.00000000	    -13.03316952	      6.65910565	     -2.49652283	      0.56144603	     -0.07743929	     -3.12735142	      0.00000000	      0.00000000	      0.00000000	     -6.63367027	      2.90239171	     -1.26785423	      0.08979981	      0.00031865	     -0.47912093	      0.00000000	      0.00000000	      0.00000000	    -30.91158643	     28.59238753	     -5.75280266	      2.18337382	      0.20047810	    -11.11214503	      0.00000000	      0.00000000	      0.00000000	    -19.63035073	     12.85707144	     -3.67592718	      0.98600832	      0.29046373	     -4.34072767	      0.00000000	      0.00000000	      0.00000000	    -13.27765255	      8.31369815	     -2.48455839	      0.62378986	      0.05552375	     -3.18759256	      0.00000000	      0.00000000	      0.00000000	     -6.74169837	      3.63349560	     -1.26256758	      0.08943981	      0.00031865	     -0.48647711	      0.00000000	      0.00000000	      0.00000000
      1.39000000	      0.00000000	     -0.00000000	      0.00000000	      0.00000000	      0.00000000	      0.00000000	      0.00000000	      0.00000000	      0.00000000	   -278.20267164	  -1680.54436869	    593.86400756	     -0.00998704	      0.00778742	     -0.00523575	      0.00000000	      0.00000000	      0.00000000	    -92.55628870	  -1859.32394627	    -58.03651820	     -9.79158011	      8.00304477	    -13.06991659	     -0.00824526	     -0.00360284	     -0.00125501	    588.94848306	    -39.83379012	    -81.52233287	     -6.67775867	      3.74802010	    -13.59599365	      0.00000000	      0.00000000	      0.00000000	     84.86808922	  -1041.80483873	     74.24041680	      7.48956109	      1.73394076	      1.11518885	      0.00000000	      0.00000000	      0.00000000	     84.82378170	  -1042.80666837	     74.38427631	      4.21260929	     -2.80057428	    -58.79148847	      0.00000000	      0.00000000	      0.00000000	     42.25750852	     -6.41212502	      5.40738008	     -0.04410726	     -0.22236881	      0.02715343	      0.00000000	      0.00000000	      0.00000000	     55.04438355	     90.36335741	      5.28391479	      0.00000000	      0.00000000	     -0.00000000	      0.00000000	      0.00000000	      0.00000000	    -14.02634475	      4.32869853	      1.44505395	      0.19545713	      0.03523086	     -0.04893396	     -0.00824526	     -0.00360284	      0.00125501	     -0.96959544	      0.30570614	     -0.03366209	     -0.00089015	      0.00014283	      0.02661472	      0.00000000	      0.00000000	      0.00000000	      2.52837212	      2.44907294	     -0.61772038	      0.01989898	     -0.01203985	      0.00000564	      0.00000000	      0.00000000	      0.00000000	      2.16966157	      2.17609742	     -0.54317241	     -0.02071768	      0.03305269	      0.03103079	      0.00000000	      0.00000000	      0.00000000	     -0.31588591	     -0.05460691	      0.03248400	      0.00165667	     -0.00965679	     -0.02227741	      0.00000000	      0.00000000	      0.00000000	   -144.81264207	    251.30381340	    -25.27737681	      0.00000000	     -0.00000000	      0.00000000	      0.00000000	      0.00000000	      0.00000000	    -27.54891362	     22.49880030	     -5.02858784	      1.73148505	     -0.15158980	     -9.95099096	      0.00000000	      0.00000000	      0.00000000	    -17.59531008	     10.06299966	     -3.20600997	      0.53906225	     -0.31246611	     -3.88380357	      0.00000000	      0.00000000	      0.00000000	    -11.90264760	      6.46057921	     -2.16667107	      0.48429336	     -0.07016451	     -2.85676507	      0.00000000	      0.00000000	      0.00000000	     -6.05514361	      2.81431516	     -1.10019032	      0.07792308	      0.00027788	     -0.43726502	      0.00000000	      0.00000000	      0.00000000	    -28.23837741	     27.19014090	     -4.99070472	      1.90265827	      0.18216641	    -10.14093472	      0.00000000	      0.00000000	      0.00000000	    -17.91386857	     12.23057739	     -3.18850652	      0.87138273	      0.26632420	     -3.96373106	      0.00000000	      0.00000000	      0.00000000	    -12.11455010	      7.90243422	     -2.15502792	      0.54402257	      0.05115637	     -2.90901128	      0.00000000	      0.00000000	      0.00000000	     -6.14877557	      3.45141813	     -1.09504564	      0.07757275	      0.00027788	     -0.44364089	      0.00000000	      0.00000000	      0.00000000
      1.40000000	      0.00000000	     -0.00000000	     -0.00000000	      0.00000000	      0.00000000	     -0.00000000	      0.00000000	      0.00000000	      0.00000000	   -252.94358913	  -1615.33213864	    568.99522223	     -0.00955704	      0.00734677	     -0.00465904	      0.00000000	      0.00000000	      0.00000000	    -92.89856813	  -1751.38304607	    -48.73818328	     -9.36934992	      7.08612881	    -12.25839919	     -0.00824526	     -0.00360284	     -0.00125501	    527.63568017	    -37.51859126	    -74.58741800	     -6.01730827	      3.33587899	    -12.05474684	      0.00000000	      0.00000000	      0.00000000	     72.64802205	  -1014.69923018	     70.43889694	      7.41713194	      1.32749121	      1.03540710	      0.00000000	      0.00000000	      0.00000000	     72.68739156	  -1015.67587892	     70.60036486	      4.14190458	     -2.92251092	    -56.86616016	      0.00000000	      0.00000000	      0.00000000	     41.27259476	     -5.37695719	      5.36072765	     -0.03378138	     -0.23839360	      0.08911497	      0.00000000	      0.00000000	      0.00000000	     50.84741208	     83.12583199	      4.54400319	      0.00000000	     -0.00000000	      0.00000000	      0.00000000	      0.00000000	      0.00000000	    -13.05429511	      6.12520201	      1.37045242	      0.17077089	      0.01740276	     -0.03382751	     -0.00824526	     -0.00360284	      0.00125501	     -0.93730214	      0.23664218	     -0.02866824	     -0.00075848	      0.00012695	      0.02560943	      0.00000000	      0.00000000	      0.00000000	      2.15827622	      3.45526039	     -0.48137235	      0.02155474	     -0.02782172	      0.00263300	      0.00000000	      0.00000000	      0.00000000	      1.81105628	      3.07408226	     -0.40914855	     -0.01808851	      0.00867240	      0.10586688	      0.00000000	      0.00000000	      0.00000000	     -0.41391777	     -0.06598647	      0.07375108	      0.00182465	     -0.01263261	     -0.02828132	      0.00000000	      0.00000000	      0.00000000	   -131.51596330	    244.04801723	    -23.74157472	      0.00000000	      0.00000000	      0.00000000	      0.00000000	      0.00000000	      0.00000000	    -24.86202917	     22.08425290	     -4.77168823	      1.63649070	     -0.13575717	     -8.96197071	      0.00000000	      0.00000000	      0.00000000	    -15.84431100	      9.88152077	     -3.03240175	      0.50417977	     -0.28239349	     -3.50129918	      0.00000000	      0.00000000	      0.00000000	    -10.71427176	      6.33775638	     -2.04905375	      0.45674278	     -0.06356781	     -2.57246297	      0.00000000	      0.00000000	      0.00000000	     -5.44614134	      2.75659271	     -1.03934436	      0.07359379	      0.00025831	     -0.39320198	      0.00000000	      0.00000000	      0.00000000	    -25.51469470	     26.50694897	     -4.63122226	      1.77372182	      0.16444260	     -9.14181020	      0.00000000	      0.00000000	      0.00000000	    -16.14586729	     11.92497451	     -2.96750113	      0.81933826	      0.23913147	     -3.57689562	      0.00000000	      0.00000000	      0.00000000	    -10.91486455	      7.69704512	     -2.00588238	      0.50810075	      0.04573402	     -2.62189683	      0.00000000	      0.00000000	      0.00000000	     -5.53477595	      3.35721268	     -1.02026852	      0.07229482	      0.00025831	     -0.39923756	      0.00000000	      0.00000000	      0.00000000
      1.41000000	     -0.00000000	      0.00000000	      0.00000000	     -0.00000000	     -0.00000000	     -0.00000000	      0.00000000	      0.00000000	      0.00000000	   -231.81193635	  -1544.41309113	    542.79910257	     -0.00916801	      0.00660597	     -0.00383247	      0.00000000	      0.00000000	      0.00000000	    -90.47729420	  -1643.23751498	    -40.47478086	     -8.73400448	      6.37740903	    -11.38028123	     -0.00824526	     -0.00360284	     -0.00125501	    473.35724714	    -35.08027665	    -65.43816278	     -5.34400183	      2.93315511	    -10.74573300	      0.00000000	      0.00000000	      0.00000000	     60.46511425	   -989.95888933	     66.06452033	      7.43811424	      1.00116593	      0.97904150	      0.00000000	      0.00000000	      0.00000000	     60.66224627	   -991.00590000	     66.20795749	      4.11670790	     -2.93748880	    -55.04521053	      0.00000000	      0.00000000	      0.00000000	     40.32912325	     -4.55062488	      5.19345121	     -0.02584230	     -0.24186461	      0.13391449	      0.00000000	      0.00000000	      0.00000000	     45.95803401	     77.51114893	      2.83043279	      0.00000000	     -0.00000000	     -0.00000000	      0.00000000	      0.00000000	      0.00000000	    -12.11797537	      7.76054410	      1.43764708	      0.11552234	     -0.02288183	     -0.01408944	     -0.00824526	     -0.00360284	      0.00125501	     -0.90079574	      0.20467641	     -0.01717081	     -0.00045538	      0.00008690	      0.02457180	      0.00000000	      0.00000000	      0.00000000	      1.63291178	      4.24501379	     -0.27715783	      0.01928743	     -0.06243725	      0.00902845	      0.00000000	      0.00000000	      0.00000000	      1.27156483	      3.79475190	     -0.19998843	     -0.01437455	     -0.03902547	      0.18187051	      0.00000000	      0.00000000	      0.00000000	     -0.65457369	     -0.01712997	      0.16331075	      0.00208165	     -0.02071820	     -0.02886032	      0.00000000	      0.00000000	      0.00000000	   -116.43335147	    233.40140115	    -21.37125280	     -0.00000000	      0.00000000	      0.00000000	      0.00000000	      0.00000000	      0.00000000	    -21.84246408	     21.42871892	     -4.26764479	      1.45889826	     -0.11855107	     -7.85358052	      0.00000000	      0.00000000	      0.00000000	    -13.88279359	      9.60109280	     -2.71516844	      0.44042617	     -0.24776417	     -3.07271109	      0.00000000	      0.00000000	      0.00000000	     -9.38424323	      6.15293779	     -1.83470063	      0.40702966	     -0.05581599	     -2.25433408	      0.00000000	      0.00000000	      0.00000000	     -4.76558050	      2.67338551	     -0.93096301	      0.06592747	      0.00023321	     -0.34396239	      0.00000000	      0.00000000	      0.00000000	    -22.42963504	     25.43086568	     -4.18853273	      1.60728180	      0.14436294	     -8.01533059	      0.00000000	      0.00000000	      0.00000000	    -14.15408889	     11.45023677	     -2.67861566	      0.74948572	      0.20888642	     -3.14080448	      0.00000000	      0.00000000	      0.00000000	     -9.56470665	      7.38297326	     -1.81038601	      0.46027024	      0.03979171	     -2.29883768	      0.00000000	      0.00000000	      0.00000000	     -4.84532068	      3.21689318	     -0.92021927	      0.06519588	      0.00023321	     -0.34939230	      0.00000000	      0.00000000	      0.00000000
      1.42000000	     -0.00000000	      0.00000000	      0.00000000	     -0.00000000	      0.00000000	     -0.00000000	      0.00000000	      0.00000000	      0.00000000	   -202.58681461	  -1483.60430821	    521.94890479	     -0.00880081	      0.00553927	     -0.00293997	      0.00000000	      0.00000000	      0.00000000	    -96.04133019	  -1549.54535085	    -31.77557344	     -7.78370441	      5.35236162	    -10.68968488	     -0.00824526	     -0.00360284	     -0.00125501	    414.47363660	    -32.61464897	    -59.72174520	     -4.74155085	      2.53543693	     -9.24109025	      0.00000000	      0.00000000	      0.00000000	     53.44403128	   -972.91370002	     61.42524513	      7.46886067	      0.58902028	      0.90810055	      0.00000000	      0.00000000	      0.00000000	     53.49366160	   -973.93475444	     61.55697923	      4.03798087	     -3.05211069	    -53.86381315	      0.00000000	      0.00000000	      0.00000000	     40.10671203	     -4.44441620	      5.17385689	     -0.02634805	     -0.25631641	      0.13459771	      0.00000000	      0.00000000	      0.00000000	     40.56096015	     73.53023706	      2.21782069	      0.00000000	     -0.00000000	      0.00000000	      0.00000000	      0.00000000	      0.00000000	    -11.50409890	     10.07493147	      1.44933236	      0.04798751	     -0.06188884	      0.01021242	     -0.00824526	     -0.00360284	      0.00125501	     -0.88392979	      0.18468372	     -0.01713610	     -0.00045268	      0.00007650	      0.02408345	      0.00000000	      0.00000000	      0.00000000	      1.23052524	      5.22057083	     -0.00823977	      0.01596340	     -0.10201708	      0.01641955	      0.00000000	      0.00000000	      0.00000000	      0.84353478	      4.67997979	      0.07135654	     -0.00981175	     -0.09474824	      0.26348160	      0.00000000	      0.00000000	      0.00000000	     -0.88689585	      0.02004464	      0.26701890	      0.00167732	     -0.02951248	     -0.03130525	      0.00000000	      0.00000000	      0.00000000	   -102.17548432	    225.47864827	    -20.83445185	      0.00000000	      0.00000000	     -0.00000000	      0.00000000	      0.00000000	      0.00000000	    -18.94020131	     20.91010747	     -4.13549481	      1.41661557	     -0.10105310	     -6.78815943	      0.00000000	      0.00000000	      0.00000000	    -11.99769662	      9.37698276	     -2.63916936	      0.42800049	     -0.21632818	     -2.66113826	      0.00000000	      0.00000000	      0.00000000	     -8.10587115	      6.00210600	     -1.78374536	      0.39593661	     -0.04909232	     -1.94869129	      0.00000000	      0.00000000	      0.00000000	     -4.11151577	      2.60383196	     -0.90606857	      0.06417865	      0.00022578	     -0.29664677	      0.00000000	      0.00000000	      0.00000000	    -19.51346934	     24.76590680	     -4.12561611	      1.58031123	      0.12623711	     -6.94617414	      0.00000000	      0.00000000	      0.00000000	    -12.26256824	     11.15850865	     -2.63460503	      0.73522406	      0.17828561	     -2.72743530	      0.00000000	      0.00000000	      0.00000000	     -8.28206159	      7.18716247	     -1.78070920	      0.45222824	      0.03340718	     -1.99207374	      0.00000000	      0.00000000	      0.00000000	     -4.18936787	      3.12746505	     -0.90472700	      0.06408729	      0.00022578	     -0.30194811	      0.00000000	      0.00000000	      0.00000000
      1.43000000	     -0.00000000	      0.00000000	     -0.00000000	     -0.00000000	      0.00000000	     -0.00000000	      0.00000000	      0.00000000	      0.00000000	   -184.28478098	  -1434.19407610	    500.65219811	     -0.00852129	      0.00414285	     -0.00177225	      0.00000000	      0.00000000	      0.00000000	    -94.85180088	  -1468.63817608	    -24.99661205	     -7.10373409	      4.69099750	     -9.99180881	     -0.00824526	     -0.00360284	     -0.00125501	    367.62855530	    -30.51233971	    -51.35797575	     -4.14994909	      2.17152554	     -8.10790780	      0.00000000	      0.00000000	      0.00000000	     41.28672847	   -964.64158526	     56.40873989	      7.34683736	      0.26820848	      0.83721692	      0.00000000	      0.00000000	      0.00000000	     41.35011152	   -965.65819407	     56.48488825	      3.73134408	     -3.02764532	    -52.91655812	      0.00000000	      0.00000000	      0.00000000	     39.63960695	     -4.41709761	      5.00813013	     -0.02797416	     -0.25478785	      0.13183967	      0.00000000	      0.00000000	      0.00000000	     34.53551819	     69.35648617	      2.23323240	     -0.00000000	      0.00000000	     -0.00000000	      0.00000000	      0.00000000	      0.00000000	    -10.90263763	     13.04856723	      1.35264232	      0.05751172	     -0.05279368	      0.02141056	     -0.00824526	     -0.00360284	      0.00125501	     -0.85972596	      0.14510022	     -0.01588295	     -0.00041949	      0.00008067	      0.02334503	      0.00000000	      0.00000000	      0.00000000	      1.08418514	      6.42122683	      0.01150351	      0.02198883	     -0.09799108	      0.01505776	      0.00000000	      0.00000000	      0.00000000	      0.70838929	      5.73961559	      0.08590595	     -0.00957857	     -0.09245304	      0.33411014	      0.00000000	      0.00000000	      0.00000000	     -0.90319690	     -0.03268382	      0.25690239	      0.00217557	     -0.02867763	     -0.04170537	      0.00000000	      0.00000000	      0.00000000	    -88.51034852	    223.33788857	    -21.59779266	     -0.00000000	      0.00000000	      0.00000000	      0.00000000	      0.00000000	      0.00000000	    -16.09819752	     20.85272452	     -4.30089089	      1.47464257	     -0.08297766	     -5.73943871	      0.00000000	      0.00000000	      0.00000000	    -10.14147098	      9.35805122	     -2.73953011	      0.44995384	     -0.18669544	     -2.25664766	      0.00000000	      0.00000000	      0.00000000	     -6.84552901	      5.97966452	     -1.85130566	      0.41189994	     -0.04297473	     -1.64748262	      0.00000000	      0.00000000	      0.00000000	     -3.46522246	      2.58860232	     -0.93976881	      0.06655697	      0.00023510	     -0.24986789	      0.00000000	      0.00000000	      0.00000000	    -16.69203548	     24.88354782	     -4.25007443	      1.62635627	      0.10906837	     -5.90305609	      0.00000000	      0.00000000	      0.00000000	    -10.41584669	     11.22044484	     -2.71605098	      0.75352861	      0.14736408	     -2.32545440	      0.00000000	      0.00000000	      0.00000000	     -7.02804149	      7.21851355	     -1.83568753	      0.46538685	      0.02676147	     -1.69246963	      0.00000000	      0.00000000	      0.00000000	     -3.54586805	      3.13600438	     -0.93286773	      0.06608704	      0.00023510	     -0.25535945	      0.00000000	      0.00000000	      0.00000000
      1.44000000	     -0.00000000	      0.00000000	     -0.00000000	      0.00000000	     -0.00000000	     -0.00000000	      0.00000000	      0.00000000	      0.00000000	   -162.28189295	  -1393.87346422	    484.20995418	     -0.00830373	      0.00251658	     -0.00051323	      0.00000000	      0.00000000	      0.00000000	    -96.94301819	  -1401.28664960	    -18.56084576	     -6.28645932	      3.96136037	     -9.42822261	     -0.00824526	     -0.00360284	     -0.00125501	    324.00403025	    -28.29900008	    -44.37064123	     -3.62343867	      1.83827622	     -7.04261828	      0.00000000	      0.00000000	      0.00000000	     35.69121919	   -965.94119822	     52.50783385	      7.40853778	     -0.03342053	      0.78958616	      0.00000000	      0.00000000	      0.00000000	     35.67156367	   -966.96173349	     52.57220633	      3.59817360	     -3.08233285	    -52.75849428	      0.00000000	      0.00000000	      0.00000000	     39.48472769	     -4.67311352	      4.97427110	     -0.03210810	     -0.25929789	      0.10953860	      0.00000000	      0.00000000	      0.00000000	     29.24207500	     67.55107216	      2.17023905	      0.00000000	     -0.00000000	      0.00000000	      0.00000000	      0.00000000	      0.00000000	    -10.54732611	     15.73393056	      1.29170955	      0.05524807	     -0.06186826	      0.03307682	     -0.00824526	     -0.00360284	      0.00125501	     -0.84172630	      0.14465236	     -0.01439736	     -0.00038003	      0.00007726	      0.02286047	      0.00000000	      0.00000000	      0.00000000	      0.82782302	      7.34159311	      0.08883780	      0.02337795	     -0.11113769	      0.01724534	      0.00000000	      0.00000000	      0.00000000	      0.43430879	      6.56492789	      0.16570441	     -0.00897743	     -0.11132916	      0.40016320	      0.00000000	      0.00000000	      0.00000000	     -1.05513157	     -0.02531491	      0.29267281	      0.00250111	     -0.03286420	     -0.04635818	      0.00000000	      0.00000000	      0.00000000	    -76.22060479	    218.51240648	    -22.30090602	      0.00000000	      0.00000000	     -0.00000000	      0.00000000	      0.00000000	      0.00000000	    -13.56031080	     20.49776221	     -4.44970295	      1.53014526	     -0.06694453	     -4.80664750	      0.00000000	      0.00000000	      0.00000000	     -8.49079311	      9.19978299	     -2.83526204	      0.47322509	     -0.16044627	     -1.89635029	      0.00000000	      0.00000000	      0.00000000	     -5.72559200	      5.86957552	     -1.91615989	      0.42778316	     -0.03758330	     -1.37972651	      0.00000000	      0.00000000	      0.00000000	     -2.89186687	      2.53573728	     -0.97282628	      0.06889816	      0.00024028	     -0.20839595	      0.00000000	      0.00000000	      0.00000000	    -14.17642164	     24.62958849	     -4.39043918	      1.67677089	      0.09388660	     -4.97649358	      0.00000000	      0.00000000	      0.00000000	     -8.77545975	     11.10884382	     -2.80787992	      0.77150943	      0.11975267	     -1.96755870	      0.00000000	      0.00000000	      0.00000000	     -5.91494992	      7.13946720	     -1.89794552	      0.47979070	      0.02079902	     -1.42633527	      0.00000000	      0.00000000	      0.00000000	     -2.97553721	      3.09685595	     -0.96477802	      0.06835011	      0.00024028	     -0.21409348	      0.00000000	      0.00000000	      0.00000000
      1.45000000	     -0.00000000	      0.00000000	     -0.00000000	      0.00000000	     -0.00000000	      0.00000000	      0.00000000	      0.00000000	      0.00000000	   -150.28589848	  -1367.40428827	    471.19443758	     -0.00810691	      0.00089856	      0.00075762	      0.00000000	      0.00000000	      0.00000000	    -95.94457611	  -1348.21063559	    -13.31750799	     -5.60817001	      3.46289882	     -8.90105095	     -0.00824526	     -0.00360284	     -0.00125501	    288.83435574	    -26.65505133	    -36.74295832	     -3.14173354	      1.54214035	     -6.20553921	      0.00000000	      0.00000000	      0.00000000	     23.95284189	   -976.72817582	     48.51956677	      7.54406714	     -0.33585543	      0.74975423	      0.00000000	      0.00000000	      0.00000000	     23.93232011	   -977.74893662	     48.55683921	      3.47335232	     -3.09954914	    -52.81758765	      0.00000000	      0.00000000	      0.00000000	     39.27540242	     -4.84987568	      4.73799611	     -0.03606498	     -0.25067350	      0.09398288	      0.00000000	      0.00000000	      0.00000000	     24.12988317	     66.12807223	      2.51370539	      0.00000000	     -0.00000000	     -0.00000000	      0.00000000	      0.00000000	      0.00000000	    -10.33635772	     18.94405712	      1.23432051	      0.04231474	     -0.05824292	      0.04888535	     -0.00824526	     -0.00360284	      0.00125501	     -0.82750485	      0.13642735	     -0.01860519	     -0.00048990	      0.00009069	      0.02245572	      0.00000000	      0.00000000	      0.00000000	      0.75175340	      8.46396252	      0.16518607	      0.02721752	     -0.11521476	      0.01755816	      0.00000000	      0.00000000	      0.00000000	      0.35289312	      7.55911234	      0.23708666	     -0.00777100	     -0.11989916	      0.46564643	      0.00000000	      0.00000000	      0.00000000	     -1.10055222	     -0.06420391	      0.30306680	      0.00262750	     -0.03373708	     -0.05539030	      0.00000000	      0.00000000	      0.00000000	    -64.58930888	    217.92155890	    -24.09173979	     -0.00000000	     -0.00000000	      0.00000000	      0.00000000	      0.00000000	      0.00000000	    -11.11307046	     20.49938278	     -4.79054150	      1.65421885	     -0.05082653	     -3.90413151	      0.00000000	      0.00000000	      0.00000000	     -6.89399477	      9.20873973	     -3.05491882	      0.52074852	     -0.13603524	     -1.54865094	      0.00000000	      0.00000000	      0.00000000	     -4.64151078	      5.86551382	     -2.06465491	      0.46303253	     -0.03274743	     -1.12076587	      0.00000000	      0.00000000	      0.00000000	     -2.33621623	      2.52939057	     -1.04849714	      0.07426295	      0.00026025	     -0.16817604	      0.00000000	      0.00000000	      0.00000000	    -11.77772695	     24.96790338	     -4.75786261	      1.80944810	      0.07993400	     -4.08733999	      0.00000000	      0.00000000	      0.00000000	     -7.20109134	     11.27336614	     -3.03981993	      0.82361360	      0.09208489	     -1.62550985	      0.00000000	      0.00000000	      0.00000000	     -4.84578891	      7.23888645	     -2.05461125	      0.51714650	      0.01462258	     -1.17106165	      0.00000000	      0.00000000	      0.00000000	     -2.42647926	      3.13623368	     -1.04405921	      0.07396075	      0.00026025	     -0.17432250	      0.00000000	      0.00000000	      0.00000000
      1.46000000	     -0.00000000	      0.00000000	      0.00000000	     -0.00000000	      0.00000000	     -0.00000000	      0.00000000	      0.00000000	      0.00000000	   -134.27097765	  -1351.10369292	    461.66633188	     -0.00791106	     -0.00049943	      0.00187938	      0.00000000	      0.00000000	      0.00000000	    -99.03284264	  -1307.75741531	     -8.46626593	     -5.20482718	      2.82376047	     -8.56466354	     -0.00824526	     -0.00360284	     -0.00125501	    256.30828717	    -24.68232308	    -30.86532857	     -2.73236662	      1.28204783	     -5.43098115	      0.00000000	      0.00000000	      0.00000000	     19.77028292	   -998.49923982	     46.34386939	      7.55614996	     -0.65066531	      0.69448337	      0.00000000	      0.00000000	      0.00000000	     19.66254901	   -999.55215728	     46.41529598	      3.23867372	     -3.27136440	    -53.82340469	      0.00000000	      0.00000000	      0.00000000	     39.23966870	     -5.46603238	      4.62387465	     -0.04485118	     -0.24819499	      0.04872784	      0.00000000	      0.00000000	      0.00000000	     20.11346047	     65.72571364	      2.97887502	      0.00000000	     -0.00000000	      0.00000000	      0.00000000	      0.00000000	      0.00000000	    -10.14240938	     21.89739717	      1.11027471	      0.09204368	     -0.03166150	      0.05045631	     -0.00824526	     -0.00360284	      0.00125501	     -0.80611466	      0.13755320	     -0.01636681	     -0.00043083	      0.00009684	      0.02187429	      0.00000000	      0.00000000	      0.00000000	      0.62916271	      9.41878376	      0.07606909	      0.03339048	     -0.09942363	      0.01408951	      0.00000000	      0.00000000	      0.00000000	      0.22683279	      8.40243427	      0.14635051	     -0.01068318	     -0.10112665	      0.52073645	      0.00000000	      0.00000000	      0.00000000	     -1.15250084	     -0.09874334	      0.26575508	      0.00317995	     -0.03271779	     -0.06344154	      0.00000000	      0.00000000	      0.00000000	    -55.73603968	    215.22315273	    -25.06326280	     -0.00000000	     -0.00000000	     -0.00000000	      0.00000000	      0.00000000	      0.00000000	     -9.28536456	     20.29245950	     -4.98060435	      1.72249850	     -0.03897458	     -3.23132206	      0.00000000	      0.00000000	      0.00000000	     -5.70353359	      9.13024363	     -3.17349503	      0.54746616	     -0.11745937	     -1.28889606	      0.00000000	      0.00000000	      0.00000000	     -3.83332934	      5.80964829	     -2.14453658	      0.48209334	     -0.02898978	     -0.92754812	      0.00000000	      0.00000000	      0.00000000	     -1.92209288	      2.50360437	     -1.08872053	      0.07710894	      0.00027480	     -0.13820474	      0.00000000	      0.00000000	      0.00000000	     -9.97156138	     24.97965708	     -4.93949735	      1.87462131	      0.06926067	     -3.42033263	      0.00000000	      0.00000000	      0.00000000	     -6.02058261	     11.29590712	     -3.15450204	      0.84849354	      0.07183359	     -1.36850935	      0.00000000	      0.00000000	      0.00000000	     -4.04422776	      7.25022996	     -2.13190260	      0.53542620	      0.01018995	     -0.97957040	      0.00000000	      0.00000000	      0.00000000	     -2.01528117	      3.14014470	     -1.08313803	      0.07672880	      0.00027480	     -0.14455039	      0.00000000	      0.00000000	      0.00000000
      1.47000000	     -0.00000000	      0.00000000	     -0.00000000	      0.00000000	     -0.00000000	      0.00000000	      0.00000000	      0.00000000	      0.00000000	   -124.00601707	  -1349.83738443	    456.62871745	     -0.00771018	     -0.00155246	      0.00282012	      0.00000000	      0.00000000	      0.00000000	   -101.35541247	  -1281.44146609	     -4.35738412	     -4.94075332	      2.33536577	     -8.28865377	     -0.00824526	     -0.00360284	     -0.00125501	    229.32353633	    -23.08139159	    -25.29788926	     -2.37487124	      1.05697626	     -4.80114788	      0.00000000	      0.00000000	      0.00000000	     12.55175902	  -1028.65324314	     44.62339005	      7.65794328	     -0.95919268	      0.64996935	      0.00000000	      0.00000000	      0.00000000	     12.43649643	  -1029.68220892	     44.72930762	      3.06316349	     -3.44497139	    -55.13216044	      0.00000000	      0.00000000	      0.00000000	     39.21058379	     -5.96016433	      4.42749847	     -0.05273959	     -0.24015730	      0.01599937	      0.00000000	      0.00000000	      0.00000000	     16.87849781	     66.54511348	      4.20910013	     -0.00000000	      0.00000000	     -0.00000000	      0.00000000	      0.00000000	      0.00000000	    -10.22203876	     25.20680161	      0.94429585	      0.10303350	     -0.02553249	      0.06057865	     -0.00824526	     -0.00360284	      0.00125501	     -0.82093083	      0.16677561	     -0.02580623	     -0.00067820	      0.00012283	      0.02231769	      0.00000000	      0.00000000	      0.00000000	      0.50092968	     10.40383849	      0.13623927	      0.03608097	     -0.10391957	      0.01460002	      0.00000000	      0.00000000	      0.00000000	      0.08060509	      9.28010997	      0.20417489	     -0.01037511	     -0.11011567	      0.58234084	      0.00000000	      0.00000000	      0.00000000	     -1.25685534	     -0.11412136	      0.27896809	      0.00311105	     -0.03500397	     -0.07009530	      0.00000000	      0.00000000	      0.00000000	    -48.76387703	    217.04345203	    -27.91478867	     -0.00000000	     -0.00000000	      0.00000000	      0.00000000	      0.00000000	      0.00000000	     -7.76182751	     20.36410665	     -5.55037561	      1.93038627	     -0.02799436	     -2.67003987	      0.00000000	      0.00000000	      0.00000000	     -4.71075154	      9.14868623	     -3.54258673	      0.62719557	     -0.10416975	     -1.07288587	      0.00000000	      0.00000000	      0.00000000	     -3.15950959	      5.81142681	     -2.39442846	      0.54140913	     -0.02672703	     -0.76667575	      0.00000000	      0.00000000	      0.00000000	     -1.57705748	      2.49788443	     -1.21632861	      0.08615428	      0.00030349	     -0.11324391	      0.00000000	      0.00000000	      0.00000000	     -8.52727084	     25.50354078	     -5.52911014	      2.08973907	      0.06176394	     -2.88104187	      0.00000000	      0.00000000	      0.00000000	     -5.06441546	     11.52330021	     -3.53276128	      0.93325277	      0.05310145	     -1.16137563	      0.00000000	      0.00000000	      0.00000000	     -3.39476394	      7.39100064	     -2.38789265	      0.59656576	      0.00567642	     -0.82458952	      0.00000000	      0.00000000	      0.00000000	     -1.68100777	      3.19584031	     -1.21344067	      0.08595763	      0.00030349	     -0.12032240	      0.00000000	      0.00000000	      0.00000000
      1.48000000	      0.00000000	      0.00000000	      0.00000000	      0.00000000	      0.00000000	      0.00000000	      0.00000000	      0.00000000	      0.00000000	   -119.13902451	  -1352.61991650	    454.77783331	     -0.00751131	     -0.00223275	      0.00350078	      0.00000000	      0.00000000	      0.00000000	   -104.08369541	  -1261.03078492	     -0.71623741	     -4.86526966	      1.94954270	     -8.06320046	     -0.00824526	     -0.00360284	     -0.00125501	    206.72587975	    -21.66864652	    -20.30356704	     -2.06902336	      0.86412975	     -4.28098966	      0.00000000	      0.00000000	      0.00000000	      3.34440837	  -1063.68199338	     43.11855782	      7.74118948	     -1.25688953	      0.60543693	      0.00000000	      0.00000000	      0.00000000	      3.24259950	  -1064.73772675	     43.24367361	      2.84652001	     -3.60670412	    -56.61498875	      0.00000000	      0.00000000	      0.00000000	     39.23153864	     -6.24259619	      4.23698772	     -0.05722918	     -0.23138778	     -0.00481905	      0.00000000	      0.00000000	      0.00000000	     14.29348649	     66.70993340	      5.07915904	     -0.00000000	      0.00000000	      0.00000000	      0.00000000	      0.00000000	      0.00000000	    -10.12485115	     28.25695749	      0.76349216	      0.16154506	      0.00732295	      0.05945852	     -0.00824526	     -0.00360284	      0.00125501	     -0.82201402	      0.18746326	     -0.02511779	     -0.00065948	      0.00012960	      0.02236177	      0.00000000	      0.00000000	      0.00000000	      0.42965263	     11.31227017	      0.03367105	      0.04248717	     -0.08397122	      0.01036748	      0.00000000	      0.00000000	      0.00000000	      0.01154477	     10.07904250	      0.09855188	     -0.01352713	     -0.08637625	      0.63126937	      0.00000000	      0.00000000	      0.00000000	     -1.26934797	     -0.15935089	      0.23181099	      0.00358189	     -0.03293838	     -0.07865364	      0.00000000	      0.00000000	      0.00000000	    -42.11812400	    218.72441162	    -29.49750485	     -0.00000000	     -0.00000000	     -0.00000000	      0.00000000	      0.00000000	      0.00000000	     -6.33251230	     20.52491606	     -5.87198329	      2.04374020	     -0.01825000	     -2.14110354	      0.00000000	      0.00000000	      0.00000000	     -3.77455319	      9.23258311	     -3.74234761	      0.66888119	     -0.09040777	     -0.86938818	      0.00000000	      0.00000000	      0.00000000	     -2.52314774	      5.85925146	     -2.52920932	      0.57293264	     -0.02410731	     -0.61476153	      0.00000000	      0.00000000	      0.00000000	     -1.25029914	      2.51685089	     -1.28418256	      0.09095221	      0.00031403	     -0.08959947	      0.00000000	      0.00000000	      0.00000000	     -7.15452010	     26.01003970	     -5.81139608	      2.19419989	      0.05384149	     -2.36776059	      0.00000000	      0.00000000	      0.00000000	     -4.15435205	     11.76691878	     -3.71435401	      0.97602286	      0.03667931	     -0.96429546	      0.00000000	      0.00000000	      0.00000000	     -2.77578684	      7.54507085	     -2.51058821	      0.62630258	      0.00192980	     -0.67691044	      0.00000000	      0.00000000	      0.00000000	     -1.36193111	      3.26175280	     -1.27595457	      0.09039193	      0.00031403	     -0.09720105	      0.00000000	      0.00000000	      0.00000000
      1.49000000	      0.00000000	     -0.00000000	     -0.00000000	     -0.00000000	      0.00000000	      0.00000000	      0.00000000	      0.00000000	      0.00000000	   -109.83660513	  -1362.42733498	    456.31533485	     -0.00733668	     -0.00260379	      0.00394597	      0.00000000	      0.00000000	      0.00000000	   -110.06506189	  -1250.02803210	      3.00835606	     -4.84614951	      1.44018159	     -7.96143968	     -0.00824526	     -0.00360284	     -0.00125501	    186.05107743	    -19.98288384	    -16.59270184	     -1.81471213	      0.70148906	     -3.81836253	      0.00000000	      0.00000000	      0.00000000	     -1.58756644	  -1104.32780924	     42.83406138	      7.96870556	     -1.63013165	      0.56302373	      0.00000000	      0.00000000	      0.00000000	     -1.72031948	  -1105.39977428	     42.99677411	      2.79605413	     -3.93359005	    -58.59882339	      0.00000000	      0.00000000	      0.00000000	     39.47598145	     -6.46565466	      4.19000445	     -0.06000397	     -0.23083899	     -0.02098607	      0.00000000	      0.00000000	      0.00000000	     13.11440027	     68.19083974	      6.07628377	     -0.00000000	      0.00000000	     -0.00000000	      0.00000000	      0.00000000	      0.00000000	    -10.13510287	     31.29939306	      0.55687526	      0.24462191	      0.04779900	      0.05163170	     -0.00824526	     -0.00360284	      0.00125501	     -0.83242249	      0.23284660	     -0.02336598	     -0.00061257	      0.00013737	      0.02270209	      0.00000000	      0.00000000	      0.00000000	      0.27236534	     12.11169759	     -0.12539636	      0.04906036	     -0.05752466	      0.00496210	      0.00000000	      0.00000000	      0.00000000	     -0.14783756	     10.78412987	     -0.06222074	     -0.01841023	     -0.05406492	      0.67770216	      0.00000000	      0.00000000	      0.00000000	     -1.32660654	     -0.18964157	      0.16917370	      0.00391124	     -0.03087208	     -0.08553046	      0.00000000	      0.00000000	      0.00000000	    -38.65432458	    219.51575265	    -30.87987751	      0.00000000	      0.00000000	     -0.00000000	      0.00000000	      0.00000000	      0.00000000	     -5.58783112	     20.55303408	     -6.14304540	      2.14231762	     -0.01284571	     -1.86636493	      0.00000000	      0.00000000	      0.00000000	     -3.28866453	      9.24247670	     -3.91717837	      0.70657021	     -0.08383272	     -0.76359678	      0.00000000	      0.00000000	      0.00000000	     -2.19325730	      5.86098372	     -2.64740265	      0.60095076	     -0.02296580	     -0.53595385	      0.00000000	      0.00000000	      0.00000000	     -1.08124327	      2.51505165	     -1.34440463	      0.09522081	      0.00033435	     -0.07735546	      0.00000000	      0.00000000	      0.00000000	     -6.43835294	     26.27741843	     -6.09733452	      2.29791605	      0.05016309	     -2.10079453	      0.00000000	      0.00000000	      0.00000000	     -3.68163795	     11.88735991	     -3.89605821	      1.01682881	      0.02748194	     -0.86197102	      0.00000000	      0.00000000	      0.00000000	     -2.45466001	      7.62033844	     -2.63335369	      0.65560287	     -0.00026949	     -0.60032261	      0.00000000	      0.00000000	      0.00000000	     -1.19674757	      3.29244613	     -1.33819690	      0.09479810	      0.00033435	     -0.08522073	      0.00000000	      0.00000000	      0.00000000
      1.50000000	      0.00000000	     -0.00000000	     -0.00000000	     -0.00000000	     -0.00000000	      0.00000000	      0.00000000	      0.00000000	      0.00000000	   -103.07639044	  -1378.71011747	    461.39644344	     -0.00721665	     -0.00276125	      0.00423628	      0.00000000	      0.00000000	      0.00000000	   -116.66668050	  -1247.13492990	      6.44286923	     -4.95803594	      0.99323676	     -7.91013050	     -0.00824526	     -0.00360284	     -0.00125501	    168.25631385	    -18.45002589	    -13.42154374	     -1.59874679	      0.56436516	     -3.43058786	      0.00000000	      0.00000000	      0.00000000	     -8.24231389	  -1148.92399947	     42.81916326	      8.19456537	     -2.01680173	      0.51814311	      0.00000000	      0.00000000	      0.00000000	     -8.37288502	  -1150.01125462	     43.01208292	      2.73132173	     -4.27789087	    -60.72049648	      0.00000000	      0.00000000	      0.00000000	     39.76479376	     -6.56879006	      4.14040001	     -0.06123053	     -0.22957732	     -0.02784251	      0.00000000	      0.00000000	      0.00000000	     12.40662037	     70.40145972	      7.41564114	     -0.00000000	      0.00000000	      0.00000000	      0.00000000	      0.00000000	      0.00000000	    -10.18805488	     34.69756196	      0.26426664	      0.40160063	      0.10820350	      0.03063587	     -0.00824526	     -0.00360284	      0.00125501	     -0.81699296	      0.26017978	     -0.01611885	     -0.00042025	      0.00014322	      0.02232510	      0.00000000	      0.00000000	      0.00000000	      0.09014811	     12.95610523	     -0.45121209	      0.05931834	     -0.01315131	     -0.00402465	      0.00000000	      0.00000000	      0.00000000	     -0.33040218	     11.52586391	     -0.38478925	     -0.02761588	      0.00427807	      0.72434346	      0.00000000	      0.00000000	      0.00000000	     -1.38662324	     -0.22945522	      0.06399640	      0.00440105	     -0.02681138	     -0.09342027	      0.00000000	      0.00000000	      0.00000000	    -35.65920306	    222.07678864	    -32.75872949	      0.00000000	      0.00000000	     -0.00000000	      0.00000000	      0.00000000	      0.00000000	     -4.91098631	     20.73229894	     -6.50425413	      2.27452637	     -0.00760925	     -1.61591166	      0.00000000	      0.00000000	      0.00000000	     -2.84585688	      9.31881863	     -4.15355688	      0.75671846	     -0.07846880	     -0.66764202	      0.00000000	      0.00000000	      0.00000000	     -1.89255944	      5.90469990	     -2.80745036	      0.63881799	     -0.02217542	     -0.46427730	      0.00000000	      0.00000000	      0.00000000	     -0.92709559	      2.53108218	     -1.42638056	      0.10103668	      0.00035710	     -0.06619216	      0.00000000	      0.00000000	      0.00000000	     -5.80742637	     26.75700304	     -6.50080625	      2.44443233	      0.04725107	     -1.86301373	      0.00000000	      0.00000000	      0.00000000	     -3.26004627	     12.10246098	     -4.15196383	      1.07499722	      0.01850926	     -0.77129617	      0.00000000	      0.00000000	      0.00000000	     -2.16807484	      7.75635607	     -2.80639067	      0.69702084	     -0.00253592	     -0.53210981	      0.00000000	      0.00000000	      0.00000000	     -1.04883576	      3.34926129	     -1.42591232	      0.10100480	      0.00035710	     -0.07448206	      0.00000000	      0.00000000	      0.00000000
      1.51000000	      0.00000000	     -0.00000000	     -0.00000000	      0.00000000	      0.00000000	      0.00000000	      0.00000000	      0.00000000	      0.00000000	    -98.56121511	  -1400.53519756	    471.38459157	     -0.00717186	     -0.00281319	      0.00450735	      0.00000000	      0.00000000	      0.00000000	   -124.76445590	  -1250.52792198	      9.80611186	     -5.04436482	      0.57164612	     -7.90020445	     -0.00824526	     -0.00360284	     -0.00125501	    152.37115335	    -16.94900440	    -10.79371371	     -1.41129102	      0.44949288	     -3.09471818	      0.00000000	      0.00000000	      0.00000000	    -15.72552068	  -1195.55998581	     42.82963405	      8.52638223	     -2.43593272	      0.47897426	      0.00000000	      0.00000000	      0.00000000	    -15.82120396	  -1196.66128202	     43.02995532	      2.76075773	     -4.64944257	    -62.91778511	      0.00000000	      0.00000000	      0.00000000	     40.14860257	     -6.30772210	      4.16713820	     -0.05699738	     -0.23193420	     -0.01009347	      0.00000000	      0.00000000	      0.00000000	     12.21424834	     72.84364166	      7.42203100	     -0.00000000	     -0.00000000	     -0.00000000	      0.00000000	      0.00000000	      0.00000000	     -9.97116345	     37.32697678	      0.21198704	      0.23306155	      0.05463170	      0.07442053	     -0.00824526	     -0.00360284	      0.00125501	     -0.78105934	      0.29082194	     -0.03333082	     -0.00087340	      0.00014285	      0.02141925	      0.00000000	      0.00000000	      0.00000000	     -0.12528157	     13.51044623	      0.05194707	      0.04930621	     -0.06750492	      0.00670954	      0.00000000	      0.00000000	      0.00000000	     -0.55444499	     12.03244656	      0.10489564	     -0.01633945	     -0.07655771	      0.77581211	      0.00000000	      0.00000000	      0.00000000	     -1.49419119	     -0.19804167	      0.19705881	      0.00402833	     -0.03467912	     -0.09392015	      0.00000000	      0.00000000	      0.00000000	    -33.14527866	    225.06437657	    -34.23955090	     -0.00000000	      0.00000000	      0.00000000	      0.00000000	      0.00000000	      0.00000000	     -4.33817936	     20.96946561	     -6.82052763	      2.38619823	     -0.00313987	     -1.40215561	      0.00000000	      0.00000000	      0.00000000	     -2.46731389	      9.42562643	     -4.35127555	      0.79762165	     -0.07381932	     -0.58567243	      0.00000000	      0.00000000	      0.00000000	     -1.63478222	      5.96897519	     -2.94096795	      0.66999941	     -0.02147054	     -0.40280314	      0.00000000	      0.00000000	      0.00000000	     -0.79430274	      2.55703691	     -1.49372958	      0.10579860	      0.00037259	     -0.05657746	      0.00000000	      0.00000000	      0.00000000	     -5.27638344	     27.27060439	     -6.77051388	      2.54529637	      0.04456547	     -1.66077764	      0.00000000	      0.00000000	      0.00000000	     -2.90079984	     12.33699211	     -4.32816729	      1.11658760	      0.01116832	     -0.69414054	      0.00000000	      0.00000000	      0.00000000	     -1.92313354	      7.90559187	     -2.92559653	      0.72597646	     -0.00435298	     -0.47379034	      0.00000000	      0.00000000	      0.00000000	     -0.92171464	      3.41275696	     -1.48693751	      0.10533609	      0.00037259	     -0.06525357	      0.00000000	      0.00000000	      0.00000000
      1.52000000	     -0.00000000	      0.00000000	      0.00000000	      0.00000000	      0.00000000	     -0.00000000	      0.00000000	      0.00000000	      0.00000000	   -100.65263913	  -1429.55735309	    487.07724740	     -0.00724523	     -0.00288313	      0.00490500	      0.00000000	      0.00000000	      0.00000000	   -133.77490411	  -1259.41387943	     13.06632735	     -5.21647201	      0.24827674	     -7.91352321	     -0.00824526	     -0.00360284	     -0.00125501	    138.31454446	    -15.55228508	     -8.56693183	     -1.24685415	      0.35586530	     -2.80381646	      0.00000000	      0.00000000	      0.00000000	    -27.18030891	  -1244.47681409	     42.71175697	      8.88376082	     -2.85918410	      0.44194368	      0.00000000	      0.00000000	      0.00000000	    -27.20205163	  -1245.62368706	     42.89474635	      2.79500752	     -4.99248330	    -65.05940205	      0.00000000	      0.00000000	      0.00000000	     40.57039578	     -5.65185002	      4.22381727	     -0.04712450	     -0.23579798	      0.03273705	      0.00000000	      0.00000000	      0.00000000	     11.92451937	     75.87398478	      8.64233648	     -0.00000000	      0.00000000	     -0.00000000	      0.00000000	      0.00000000	      0.00000000	     -9.85686321	     40.79072985	     -0.13931180	      0.44451111	      0.13456080	      0.04350342	     -0.00824526	     -0.00360284	      0.00125501	     -0.73677184	      0.31206950	     -0.01630513	     -0.00042332	      0.00012679	      0.02024271	      0.00000000	      0.00000000	      0.00000000	     -0.23407489	     14.20028699	     -0.42431918	      0.06231689	     -0.00353604	     -0.00605519	      0.00000000	      0.00000000	      0.00000000	     -0.64549697	     12.62764703	     -0.36647681	     -0.02895562	      0.00951531	      0.80570364	      0.00000000	      0.00000000	      0.00000000	     -1.46647737	     -0.26264622	      0.04393140	      0.00485560	     -0.02680533	     -0.10280495	      0.00000000	      0.00000000	      0.00000000	    -29.61747415	    229.88384136	    -36.13011984	     -0.00000000	     -0.00000000	      0.00000000	      0.00000000	      0.00000000	      0.00000000	     -3.52798341	     21.39694897	     -7.17718351	      2.51488126	      0.00296174	     -1.09988042	      0.00000000	      0.00000000	      0.00000000	     -1.93252492	      9.61998269	     -4.58228791	      0.84475802	     -0.06688344	     -0.47027317	      0.00000000	      0.00000000	      0.00000000	     -1.27102588	      6.08781324	     -3.09720946	      0.70657195	     -0.02033545	     -0.31620648	      0.00000000	      0.00000000	      0.00000000	     -0.60717483	      2.60602147	     -1.57348958	      0.11145523	      0.00039265	     -0.04301605	      0.00000000	      0.00000000	      0.00000000	     -4.51886293	     28.04649831	     -7.16388251	      2.68877064	      0.04074673	     -1.37303260	      0.00000000	      0.00000000	      0.00000000	     -2.39034893	     12.69232731	     -4.57614235	      1.17509800	      0.00077883	     -0.58481207	      0.00000000	      0.00000000	      0.00000000	     -1.57556668	      8.13151179	     -3.09312148	      0.76644833	     -0.00691379	     -0.39117223	      0.00000000	      0.00000000	      0.00000000	     -0.74174026	      3.50905709	     -1.57168325	      0.11133223	      0.00039265	     -0.05217929	      0.00000000	      0.00000000	      0.00000000
      1.53000000	     -0.00000000	      0.00000000	      0.00000000	     -0.00000000	      0.00000000	     -0.00000000	      0.00000000	      0.00000000	      0.00000000	   -101.90087823	  -1470.11289177	    507.68562779	     -0.00747872	     -0.00312572	      0.00564145	      0.00000000	      0.00000000	      0.00000000	   -146.55246626	  -1274.60710445	     16.35482953	     -5.63770793	     -0.15673049	     -8.03272205	     -0.00824526	     -0.00360284	     -0.00125501	    125.07880909	    -13.83143706	     -7.32635940	     -1.10996760	      0.29010090	     -2.55405976	      0.00000000	      0.00000000	      0.00000000	    -34.28237964	  -1295.16749368	     43.85322325	      9.15663767	     -3.29373858	      0.39397545	      0.00000000	      0.00000000	      0.00000000	    -34.26330951	  -1296.34070426	     44.04643410	      2.79403409	     -5.43570639	    -67.51294050	      0.00000000	      0.00000000	      0.00000000	     41.15552945	     -4.92985950	      4.54743085	     -0.03489436	     -0.25464013	      0.08190739	      0.00000000	      0.00000000	      0.00000000	     12.41793857	     79.81152275	      8.79205999	      0.00000000	      0.00000000	      0.00000000	      0.00000000	      0.00000000	      0.00000000	     -9.42694793	     43.29415952	     -0.36538462	      0.49743787	      0.14885759	      0.04201254	     -0.00824526	     -0.00360284	      0.00125501	     -0.65979721	      0.38125025	     -0.00790305	     -0.00020113	      0.00009798	      0.01800566	      0.00000000	      0.00000000	      0.00000000	     -0.51259679	     14.45453969	     -0.48646001	      0.06324146	      0.00772165	     -0.00815520	      0.00000000	      0.00000000	      0.00000000	     -0.90190827	     12.85163669	     -0.42915789	     -0.03145124	      0.02202267	      0.82998352	      0.00000000	      0.00000000	      0.00000000	     -1.49028692	     -0.26736662	      0.01955352	      0.00525090	     -0.02579298	     -0.10442967	      0.00000000	      0.00000000	      0.00000000	    -28.03313368	    233.59852265	    -36.39451624	      0.00000000	      0.00000000	     -0.00000000	      0.00000000	      0.00000000	      0.00000000	     -3.15922122	     21.81532128	     -7.23068345	      2.53302889	      0.00550307	     -0.95966949	      0.00000000	      0.00000000	      0.00000000	     -1.68397226	      9.80855490	     -4.61718823	      0.84955333	     -0.06306234	     -0.41709914	      0.00000000	      0.00000000	      0.00000000	     -1.10157124	      6.20614261	     -3.12084202	      0.71168678	     -0.01957154	     -0.27595053	      0.00000000	      0.00000000	      0.00000000	     -0.51939275	      2.65579685	     -1.58557869	      0.11231239	      0.00039660	     -0.03664063	      0.00000000	      0.00000000	      0.00000000	     -4.15511130	     28.50200826	     -7.22033810	      2.71081440	      0.03854227	     -1.23419648	      0.00000000	      0.00000000	      0.00000000	     -2.14411134	     12.89805852	     -4.61240828	      1.18592787	     -0.00357331	     -0.53222976	      0.00000000	      0.00000000	      0.00000000	     -1.40765200	      8.26125519	     -3.11766243	      0.77280022	     -0.00789158	     -0.35129995	      0.00000000	      0.00000000	      0.00000000	     -0.65463864	      3.56387591	     -1.58417375	      0.11221672	      0.00039660	     -0.04585020	      0.00000000	      0.00000000	      0.00000000
      1.54000000	     -0.00000000	      0.00000000	     -0.00000000	      0.00000000	     -0.00000000	     -0.00000000	      0.00000000	      0.00000000	      0.00000000	   -117.96959023	  -1524.76183810	    538.23028206	     -0.00796469	     -0.00376815	      0.00705932	      0.00000000	      0.00000000	      0.00000000	   -160.22113668	  -1297.09351015	     19.41451737	     -6.13309675	     -0.41982609	     -8.18378892	     -0.00824526	     -0.00360284	     -0.00125501	    114.30356574	    -12.24652877	     -6.88700271	     -1.01003784	      0.25829438	     -2.36211206	      0.00000000	      0.00000000	      0.00000000	    -46.93656683	  -1347.66895387	     45.21421012	      9.52513082	     -3.74980007	      0.35259848	      0.00000000	      0.00000000	      0.00000000	    -46.83611888	  -1348.86560429	     45.41264105	      2.88781689	     -5.87984070	    -69.80183192	      0.00000000	      0.00000000	      0.00000000	     41.73684043	     -3.98982836	      4.74065935	     -0.02103600	     -0.26954062	      0.14753817	      0.00000000	      0.00000000	      0.00000000	     11.91576101	     83.51460248	      8.45981793	     -0.00000000	      0.00000000	      0.00000000	      0.00000000	      0.00000000	      0.00000000	     -8.64824827	     44.92567752	     -0.51544463	      0.44967846	      0.13335507	      0.05729805	     -0.00824526	     -0.00360284	      0.00125501	     -0.56549203	      0.45272813	     -0.01077480	     -0.00027650	      0.00008432	      0.01534820	      0.00000000	      0.00000000	      0.00000000	     -0.75195236	     14.39074627	     -0.32793448	      0.05861665	     -0.00458486	     -0.00547192	      0.00000000	      0.00000000	      0.00000000	     -1.12243957	     12.79918939	     -0.27901896	     -0.02773457	      0.00073365	      0.83966311	      0.00000000	      0.00000000	      0.00000000	     -1.51522630	     -0.24796748	      0.04745931	      0.00532114	     -0.02699985	     -0.10234476	      0.00000000	      0.00000000	      0.00000000	    -23.46771436	    240.05317109	    -36.87707258	      0.00000000	      0.00000000	     -0.00000000	      0.00000000	      0.00000000	      0.00000000	     -2.13914851	     22.57155464	     -7.33706109	      2.56812340	      0.01230548	     -0.57549450	      0.00000000	      0.00000000	      0.00000000	     -1.00314071	     10.15277896	     -4.68347660	      0.85875840	     -0.05238057	     -0.27052929	      0.00000000	      0.00000000	      0.00000000	     -0.63787681	      6.42127888	     -3.16560853	      0.72132213	     -0.01739703	     -0.16556669	      0.00000000	      0.00000000	      0.00000000	     -0.27987362	      2.74609457	     -1.60813404	      0.11390644	      0.00040198	     -0.01926839	      0.00000000	      0.00000000	      0.00000000	     -3.14793936	     29.34422213	     -7.30667401	      2.74572495	      0.03232676	     -0.85357888	      0.00000000	      0.00000000	      0.00000000	     -1.46924044	     13.28200885	     -4.66943661	      1.20390407	     -0.01514856	     -0.38714903	      0.00000000	      0.00000000	      0.00000000	     -0.94792254	      8.50281704	     -3.15626925	      0.78300565	     -0.01043371	     -0.24189135	      0.00000000	      0.00000000	      0.00000000	     -0.41687148	      3.66585013	     -1.60400735	      0.11362544	      0.00040198	     -0.02859726	      0.00000000	      0.00000000	      0.00000000
      1.55000000	      0.00000000	      0.00000000	     -0.00000000	     -0.00000000	     -0.00000000	     -0.00000000	      0.00000000	      0.00000000	      0.00000000	   -141.48875008	  -1598.67546941	    576.53520096	     -0.00869990	     -0.00479657	      0.00922615	      0.00000000	      0.00000000	      0.00000000	   -177.52941257	  -1328.99893383	     22.64188300	     -6.81850039	     -0.72568829	     -8.45045653	     -0.00824526	     -0.00360284	     -0.00125501	    105.21411369	    -10.50158806	     -7.57555918	     -0.95847755	      0.25027858	     -2.22008695	      0.00000000	      0.00000000	      0.00000000	    -58.60449540	  -1405.20357406	     47.54358995	      9.93586990	     -4.26535891	      0.30531129	      0.00000000	      0.00000000	      0.00000000	    -58.41800012	  -1406.41363896	     47.75707978	      3.03710315	     -6.43876774	    -72.41076050	      0.00000000	      0.00000000	      0.00000000	     42.33107000	     -3.14219606	      5.05009596	     -0.00838798	     -0.29287558	      0.21059510	      0.00000000	      0.00000000	      0.00000000	     11.31655002	     87.62807678	      7.56509390	     -0.00000000	      0.00000000	     -0.00000000	      0.00000000	      0.00000000	      0.00000000	     -7.64279975	     45.58807563	     -0.60551720	      0.38666929	      0.10796269	      0.07262987	     -0.00824526	     -0.00360284	      0.00125501	     -0.44475217	      0.51492145	     -0.01116044	     -0.00028667	      0.00006328	      0.01203373	      0.00000000	      0.00000000	      0.00000000	     -0.95779621	     13.91194343	     -0.15416614	      0.05220338	     -0.02005774	     -0.00203406	      0.00000000	      0.00000000	      0.00000000	     -1.29089957	     12.37590658	     -0.11291335	     -0.02300763	     -0.02374730	      0.82460245	      0.00000000	      0.00000000	      0.00000000	     -1.46704786	     -0.22774153	      0.08330354	      0.00539327	     -0.02738138	     -0.09770906	      0.00000000	      0.00000000	      0.00000000	    -19.20662316	    247.42132036	    -36.14328208	      0.00000000	      0.00000000	     -0.00000000	      0.00000000	      0.00000000	      0.00000000	     -1.19019712	     23.53890863	     -7.18919198	      2.51175162	      0.01801985	     -0.21536677	      0.00000000	      0.00000000	      0.00000000	     -0.36458860	     10.59367521	     -4.59014119	      0.83223699	     -0.04111154	     -0.13369987	      0.00000000	      0.00000000	      0.00000000	     -0.20277008	      6.69962546	     -3.10258268	      0.70527791	     -0.01486872	     -0.06213512	      0.00000000	      0.00000000	      0.00000000	     -0.05458071	      2.86408747	     -1.57624235	      0.11164915	      0.00039386	     -0.00290782	      0.00000000	      0.00000000	      0.00000000	     -2.17877059	     30.16788845	     -7.16661543	      2.69789203	      0.02572977	     -0.48789260	      0.00000000	      0.00000000	      0.00000000	     -0.82134713	     13.65651593	     -4.57970996	      1.19001027	     -0.02510288	     -0.24795403	      0.00000000	      0.00000000	      0.00000000	     -0.50660213	      8.73700210	     -3.09564391	      0.76963496	     -0.01242040	     -0.13691975	      0.00000000	      0.00000000	      0.00000000	     -0.18883297	      3.76432967	     -1.57317636	      0.11144037	      0.00039386	     -0.01204973	      0.00000000	      0.00000000	      0.00000000
      1.56000000	     -0.00000000	      0.00000000	     -0.00000000	      0.00000000	     -0.00000000	      0.00000000	      0.00000000	      0.00000000	      0.00000000	   -183.08201676	  -1693.58528122	    624.26724187	     -0.00970116	     -0.00606162	      0.01199580	      0.00000000	      0.00000000	      0.00000000	   -195.02360121	  -1369.19355497	     25.88291676	     -7.54559234	     -0.84855349	     -8.72284298	     -0.00824526	     -0.00360284	     -0.00125501	     98.20050031	     -9.13183233	     -8.48644267	     -0.93599688	      0.25016279	     -2.10814647	      0.00000000	      0.00000000	      0.00000000	    -76.83682877	  -1469.14070176	     50.01537791	     10.53518947	     -4.79225863	      0.27629354	      0.00000000	      0.00000000	      0.00000000	    -76.52420787	  -1470.35814679	     50.23213549	      3.34038300	     -6.97832940	    -75.04406025	      0.00000000	      0.00000000	      0.00000000	     42.94923503	     -1.98061095	      5.20112243	      0.00666230	     -0.31387719	      0.29726089	      0.00000000	      0.00000000	      0.00000000	      9.04643132	     91.90360748	      6.77846792	      0.00000000	     -0.00000000	      0.00000000	      0.00000000	      0.00000000	      0.00000000	     -6.44273255	     45.57256234	     -0.70313006	      0.37616512	      0.08984599	      0.07950104	     -0.00824526	     -0.00360284	      0.00125501	     -0.30955350	      0.54765471	     -0.00747342	     -0.00018932	      0.00004482	      0.00841110	      0.00000000	      0.00000000	      0.00000000	     -1.09184641	     13.19110363	     -0.11993535	      0.04894534	     -0.02422996	     -0.00094309	      0.00000000	      0.00000000	      0.00000000	     -1.38619359	     11.73504143	     -0.07993045	     -0.02094517	     -0.02919864	      0.79048007	      0.00000000	      0.00000000	      0.00000000	     -1.39001530	     -0.21237128	      0.09122702	      0.00549635	     -0.02605424	     -0.09204732	      0.00000000	      0.00000000	      0.00000000	    -10.42636106	    258.75101869	    -36.05089971	      0.00000000	      0.00000000	      0.00000000	      0.00000000	      0.00000000	      0.00000000	      0.74841334	     24.97645917	     -7.17108615	      2.50050661	      0.03035109	      0.51472355	      0.00000000	      0.00000000	      0.00000000	      0.92930791	     11.25115487	     -4.57944823	      0.82038815	     -0.01972855	      0.14476854	      0.00000000	      0.00000000	      0.00000000	      0.67818932	      7.11209132	     -3.09540900	      0.70187880	     -0.01031470	      0.14755327	      0.00000000	      0.00000000	      0.00000000	      0.40040129	      3.03796867	     -1.57269849	      0.11139923	      0.00039339	      0.03009676	      0.00000000	      0.00000000	      0.00000000	     -0.23629806	     31.57708537	     -7.15275372	      2.69785462	      0.01329927	      0.24325791	      0.00000000	      0.00000000	      0.00000000	      0.47433381	     14.30089513	     -4.57097794	      1.19751194	     -0.04635923	      0.03096950	      0.00000000	      0.00000000	      0.00000000	      0.37554426	      9.14075364	     -3.08977464	      0.76993721	     -0.01691952	      0.07306400	      0.00000000	      0.00000000	      0.00000000	      0.26667351	      3.93436033	     -1.57020887	      0.11122970	      0.00039339	      0.02099057	      0.00000000	      0.00000000	      0.00000000
      1.57000000	      0.00000000	     -0.00000000	     -0.00000000	     -0.00000000	     -0.00000000	      0.00000000	      0.00000000	      0.00000000	      0.00000000	   -227.91957956	  -1813.30983606	    676.46854348	     -0.01095213	     -0.00748755	      0.01529944	      0.00000000	      0.00000000	      0.00000000	   -215.96475755	  -1419.39152419	     29.01455291	     -8.66760735	     -1.02283023	     -9.10849039	     -0.00824526	     -0.00360284	     -0.00125501	     92.24536682	     -7.72196700	     -9.66445995	     -0.92870946	      0.25409362	     -2.02964267	      0.00000000	      0.00000000	      0.00000000	    -94.94397475	  -1545.46792724	     53.01561528	     10.91103759	     -5.32108343	      0.22296550	      0.00000000	      0.00000000	      0.00000000	    -94.57648315	  -1546.68124171	     53.23872806	      3.36374495	     -7.54451630	    -78.34660964	      0.00000000	      0.00000000	      0.00000000	     43.60028206	     -1.67305587	      5.49669500	      0.00942077	     -0.34686350	      0.33436501	      0.00000000	      0.00000000	      0.00000000	      6.80678907	     97.78201813	      6.13444237	      0.00000000	      0.00000000	      0.00000000	      0.00000000	      0.00000000	      0.00000000	     -5.29447165	     45.91733306	     -0.86571132	      0.52457117	      0.10113734	      0.06602266	     -0.00824526	     -0.00360284	      0.00125501	     -0.18292675	      0.58417926	      0.01751620	      0.00046849	     -0.00000883	      0.00502485	      0.00000000	      0.00000000	      0.00000000	     -1.20357091	     12.51020869	     -0.44469386	      0.05349886	      0.00233019	     -0.00615205	      0.00000000	      0.00000000	      0.00000000	     -1.43976051	     11.11799578	     -0.38762481	     -0.02802390	      0.01436463	      0.75019216	      0.00000000	      0.00000000	      0.00000000	     -1.23851612	     -0.23460059	      0.03200159	      0.00617989	     -0.02070734	     -0.08928536	      0.00000000	      0.00000000	      0.00000000	     -2.07907062	    270.44188991	    -34.65571729	     -0.00000000	     -0.00000000	     -0.00000000	      0.00000000	      0.00000000	      0.00000000	      2.58576924	     26.54017511	     -6.88720075	      2.39245506	      0.04135870	      1.20909644	      0.00000000	      0.00000000	      0.00000000	      2.16051807	     11.96225151	     -4.39791381	      0.77088744	      0.00200166	      0.40931730	      0.00000000	      0.00000000	      0.00000000	      1.51660821	      7.55979204	     -2.97263418	      0.67096129	     -0.00543788	      0.34703884	      0.00000000	      0.00000000	      0.00000000	      0.83390329	      3.22677658	     -1.51028194	      0.10697865	      0.00037870	      0.06155559	      0.00000000	      0.00000000	      0.00000000	      1.63940275	     32.90217446	     -6.87591884	      2.60187351	      0.00059451	      0.94823546	      0.00000000	      0.00000000	      0.00000000	      1.72326077	     14.90173709	     -4.39270114	      1.16774313	     -0.06547958	      0.29988397	      0.00000000	      0.00000000	      0.00000000	      1.22574823	      9.51511385	     -2.96916675	      0.74292167	     -0.02071916	      0.27542616	      0.00000000	      0.00000000	      0.00000000	      0.70538290	      4.09076174	     -1.50874981	      0.10687432	      0.00037870	      0.05280399	      0.00000000	      0.00000000	      0.00000000
      1.58000000	     -0.00000000	      0.00000000	     -0.00000000	      0.00000000	      0.00000000	     -0.00000000	      0.00000000	      0.00000000	      0.00000000	   -285.43114878	  -1962.13841324	    737.18894538	     -0.01260387	     -0.00889974	      0.01893299	      0.00000000	      0.00000000	      0.00000000	   -236.46883367	  -1480.53144987	     31.80600923	     -9.69709469	     -1.03680261	     -9.49935686	     -0.00824526	     -0.00360284	     -0.00125501	     88.40108481	     -6.82283056	    -10.54152782	     -0.92878138	      0.25829072	     -1.98147115	      0.00000000	      0.00000000	      0.00000000	   -120.50848759	  -1635.38635451	     54.88114859	     11.30788255	     -5.84638221	      0.17245529	      0.00000000	      0.00000000	      0.00000000	   -120.11423628	  -1636.55524914	     55.08498314	      3.26076284	     -8.00595849	    -81.99468220	      0.00000000	      0.00000000	      0.00000000	     44.22137021	     -2.41487662	      5.42440659	     -0.00625284	     -0.36869656	      0.31269335	      0.00000000	      0.00000000	      0.00000000	      2.80603192	    102.13353183	      4.35116264	      0.00000000	     -0.00000000	     -0.00000000	      0.00000000	      0.00000000	      0.00000000	     -3.81241076	     44.21434441	     -0.69385793	      0.34190895	      0.03455100	      0.09714607	     -0.00824526	     -0.00360284	      0.00125501	     -0.10701659	      0.61211312	      0.00275266	      0.00007805	      0.00001321	      0.00328601	      0.00000000	      0.00000000	      0.00000000	     -1.30499875	     11.30153178	     -0.05449875	      0.04202022	     -0.03995610	      0.00259468	      0.00000000	      0.00000000	      0.00000000	     -1.49584246	     10.05229067	     -0.01039698	     -0.01569784	     -0.04615106	      0.69471552	      0.00000000	      0.00000000	      0.00000000	     -1.13053945	     -0.18851027	      0.12826697	      0.00565438	     -0.02293656	     -0.07837405	      0.00000000	      0.00000000	      0.00000000	      9.63605954	    288.84896573	    -33.97042936	     -0.00000000	     -0.00000000	      0.00000000	      0.00000000	      0.00000000	      0.00000000	      5.19283505	     28.88225247	     -6.75774920	      2.33771593	      0.05775003	      2.19531880	      0.00000000	      0.00000000	      0.00000000	      3.90883476	     13.03378879	     -4.31605254	      0.73760204	      0.03145993	      0.78468236	      0.00000000	      0.00000000	      0.00000000	      2.70773287	      8.23463305	     -2.91740149	      0.65507778	      0.00093859	      0.63035378	      0.00000000	      0.00000000	      0.00000000	      1.45007724	      3.51272228	     -1.48231980	      0.10499809	      0.00037151	      0.10627792	      0.00000000	      0.00000000	      0.00000000	      4.26662170	     35.09378120	     -6.74304997	      2.56215605	     -0.01660623	      1.93998547	      0.00000000	      0.00000000	      0.00000000	      3.48088898	     15.90375123	     -4.30926094	      1.16444705	     -0.09376779	      0.67763292	      0.00000000	      0.00000000	      0.00000000	      2.42306683	     10.14370863	     -2.91288377	      0.73228945	     -0.02661137	      0.56028571	      0.00000000	      0.00000000	      0.00000000	      1.32429374	      4.35627293	     -1.48032359	      0.10486216	      0.00037151	      0.09771269	      0.00000000	      0.00000000	      0.00000000
      1.59000000	      0.00000000	      0.00000000	      0.00000000	     -0.00000000	     -0.00000000	      0.00000000	      0.00000000	      0.00000000	      0.00000000	   -350.01445864	  -2135.48055813	    801.80173398	     -0.01466964	     -0.01020370	      0.02283676	      0.00000000	      0.00000000	      0.00000000	   -257.35317611	  -1550.70219721	     34.64844975	    -10.72645141	     -0.93547780	     -9.92018399	     -0.00824526	     -0.00360284	     -0.00125501	     86.80197156	     -6.30164272	    -11.17686309	     -0.93539782	      0.26290882	     -1.97569459	      0.00000000	      0.00000000	      0.00000000	   -152.06665645	  -1741.23427817	     56.36431744	     11.90386244	     -6.37339995	      0.14288233	      0.00000000	      0.00000000	      0.00000000	   -151.74634822	  -1742.34112436	     56.52289518	      3.23431531	     -8.40896922	    -86.17833804	      0.00000000	      0.00000000	      0.00000000	     45.19476566	     -3.55487075	      5.36611662	     -0.02871313	     -0.40034420	      0.27113580	      0.00000000	      0.00000000	      0.00000000	     -2.04123827	    108.46832608	      2.89904230	     -0.00000000	     -0.00000000	     -0.00000000	      0.00000000	      0.00000000	      0.00000000	     -2.50229469	     43.87766103	     -0.59485489	      0.31511826	      0.00248665	      0.11038614	     -0.00824526	     -0.00360284	      0.00125501	     -0.03854701	      0.65048273	      0.00621235	      0.00016677	      0.00000747	      0.00169014	      0.00000000	      0.00000000	      0.00000000	     -1.36607187	     10.52147354	     -0.01295085	      0.03897438	     -0.05166436	      0.00500229	      0.00000000	      0.00000000	      0.00000000	     -1.50527073	      9.35533370	      0.03572523	     -0.01302824	     -0.05855578	      0.65412117	      0.00000000	      0.00000000	      0.00000000	     -0.98493551	     -0.18753358	      0.15787761	      0.00590386	     -0.02176421	     -0.07324399	      0.00000000	      0.00000000	      0.00000000	     24.34760831	    308.29377411	    -33.43703323	     -0.00000000	     -0.00000000	      0.00000000	      0.00000000	      0.00000000	      0.00000000	      8.44201073	     31.35083345	     -6.65002805	      2.29005197	      0.07823109	      3.41978581	      0.00000000	      0.00000000	      0.00000000	      6.07917684	     14.15774199	     -4.24686404	      0.70631107	      0.06774725	      1.25169354	      0.00000000	      0.00000000	      0.00000000	      4.18542977	      8.93952563	     -2.87056394	      0.64104093	      0.00874494	      0.98207903	      0.00000000	      0.00000000	      0.00000000	      2.21339675	      3.80914954	     -1.45845918	      0.10330771	      0.00036802	      0.16165351	      0.00000000	      0.00000000	      0.00000000	      7.53393840	     37.47271727	     -6.63671530	      2.53177156	     -0.03772015	      3.16951216	      0.00000000	      0.00000000	      0.00000000	      5.65961290	     16.98628507	     -4.24071304	      1.16537669	     -0.12906897	      1.14662657	      0.00000000	      0.00000000	      0.00000000	      3.90633927	     10.82104939	     -2.86647235	      0.72411561	     -0.03400165	      0.91334149	      0.00000000	      0.00000000	      0.00000000	      2.09007686	      4.64052605	     -1.45665125	      0.10318460	      0.00036802	      0.15325604	      0.00000000	      0.00000000	      0.00000000
      1.60000000	      0.00000000	     -0.00000000	     -0.00000000	     -0.00000000	     -0.00000000	      0.00000000	      0.00000000	      0.00000000	      0.00000000	   -421.26165391	  -2331.35237600	    866.81806766	     -0.01712987	     -0.01140537	      0.02703353	      0.00000000	      0.00000000	      0.00000000	   -277.98667326	  -1634.57333435	     36.77866031	    -11.81933277	     -0.72572510	    -10.39858296	     -0.00824526	     -0.00360284	     -0.00125501	     88.01623689	     -6.29286164	    -11.47221784	     -0.94828777	      0.26769498	     -2.02226856	      0.00000000	      0.00000000	      0.00000000	   -190.40997264	  -1868.96090683	     56.89460768	     12.36936734	     -6.89669670	      0.09983005	      0.00000000	      0.00000000	      0.00000000	   -190.19167042	  -1869.99737827	     57.00987477	      2.88697066	     -8.71789167	    -91.21132696	      0.00000000	      0.00000000	      0.00000000	     46.42320846	     -5.34349997	      5.10058115	     -0.06260248	     -0.42934357	      0.19529467	      0.00000000	      0.00000000	      0.00000000	     -7.88042838	    114.87571498	      1.46474436	     -0.00000000	     -0.00000000	      0.00000000	      0.00000000	      0.00000000	      0.00000000	     -1.16814988	     43.42880564	     -0.40109088	      0.16367195	     -0.05356473	      0.13855668	     -0.00824526	     -0.00360284	      0.00125501	      0.00325726	      0.69268261	     -0.00854923	     -0.00022355	      0.00004131	      0.00092196	      0.00000000	      0.00000000	      0.00000000	     -1.46515344	      9.79194186	      0.30968572	      0.03061079	     -0.08801016	      0.01235911	      0.00000000	      0.00000000	      0.00000000	     -1.56226133	      8.71181395	      0.34939453	     -0.00311130	     -0.11007537	      0.62355622	      0.00000000	      0.00000000	      0.00000000	     -0.88495069	     -0.16348409	      0.24352959	      0.00560416	     -0.02379200	     -0.06675387	      0.00000000	      0.00000000	      0.00000000	     41.38124176	    332.01622095	    -33.94357337	     -0.00000000	      0.00000000	      0.00000000	      0.00000000	      0.00000000	      0.00000000	     12.22612722	     34.26472339	     -6.75404911	      2.31741127	      0.10272578	      4.84597486	      0.00000000	      0.00000000	      0.00000000	      8.60675503	     15.49000884	     -4.31343517	      0.70123099	      0.10883676	      1.79545334	      0.00000000	      0.00000000	      0.00000000	      5.90666428	      9.77495245	     -2.91555402	      0.64817914	      0.01737793	      1.39171973	      0.00000000	      0.00000000	      0.00000000	      3.10260185	      4.16146269	     -1.48131839	      0.10492666	      0.00037654	      0.22616185	      0.00000000	      0.00000000	      0.00000000	     11.30954555	     40.46989583	     -6.73898815	      2.57941218	     -0.06157070	      4.59340346	      0.00000000	      0.00000000	      0.00000000	      8.18325946	     18.35703443	     -4.30647644	      1.19955796	     -0.17114257	      1.68930933	      0.00000000	      0.00000000	      0.00000000	      5.62495848	     11.68207446	     -2.91092513	      0.73825122	     -0.04302710	      1.32230419	      0.00000000	      0.00000000	      0.00000000	      2.97812637	      5.00415013	     -1.47927305	      0.10478738	      0.00037654	      0.21768569	      0.00000000	      0.00000000	      0.00000000
      1.61000000	     -0.00000000	      0.00000000	     -0.00000000	      0.00000000	      0.00000000	     -0.00000000	      0.00000000	      0.00000000	      0.00000000	   -498.17144687	  -2540.74361158	    928.21232356	     -0.01995429	     -0.01251868	      0.03149714	      0.00000000	      0.00000000	      0.00000000	   -298.08966616	  -1729.04610453	     38.40858180	    -12.75290262	     -0.34598917	    -10.90205877	     -0.00824526	     -0.00360284	     -0.00125501	     92.50891436	     -6.85040907	    -11.38425969	     -0.96819591	      0.27277385	     -2.13191060	      0.00000000	      0.00000000	      0.00000000	   -236.13694231	  -2016.67575259	     55.88963949	     12.91137047	     -7.37797943	      0.07230246	      0.00000000	      0.00000000	      0.00000000	   -236.02691615	  -2017.63891509	     55.93893842	      2.41186493	     -8.85707950	    -96.94242871	      0.00000000	      0.00000000	      0.00000000	     48.02881614	     -7.55547353	      4.76410355	     -0.10363085	     -0.46018689	      0.09953560	      0.00000000	      0.00000000	      0.00000000	    -14.45284107	    122.25657823	      0.67095348	     -0.00000000	     -0.00000000	     -0.00000000	      0.00000000	      0.00000000	      0.00000000	      0.05846739	     44.06277050	     -0.32260060	      0.11318867	     -0.09264076	      0.15880873	     -0.00824526	     -0.00360284	      0.00125501	      0.04691679	      0.73480934	     -0.01430024	     -0.00037647	      0.00006080	      0.00003312	      0.00000000	      0.00000000	      0.00000000	     -1.56179504	      9.46832314	      0.44344462	      0.02688907	     -0.11072292	      0.01679505	      0.00000000	      0.00000000	      0.00000000	     -1.61670453	      8.42294485	      0.48655276	      0.00096757	     -0.13855612	      0.61213598	      0.00000000	      0.00000000	      0.00000000	     -0.78326484	     -0.16582490	      0.30250654	      0.00573144	     -0.02475758	     -0.06448254	      0.00000000	      0.00000000	      0.00000000	     61.19907500	    357.56843750	    -35.57504340	     -0.00000000	     -0.00000000	      0.00000000	      0.00000000	      0.00000000	      0.00000000	     16.63020701	     37.30451470	     -7.07605439	      2.42300275	      0.13166795	      6.50156028	      0.00000000	      0.00000000	      0.00000000	     11.54013940	     16.87251842	     -4.51866639	      0.72537740	      0.15546788	      2.42731033	      0.00000000	      0.00000000	      0.00000000	      7.90351814	     10.63788520	     -3.05422182	      0.67737280	      0.02698051	      1.86712221	      0.00000000	      0.00000000	      0.00000000	      4.13315926	      4.52270448	     -1.55171744	      0.10991309	      0.00039505	      0.30090354	      0.00000000	      0.00000000	      0.00000000	     15.66985320	     43.81871787	     -7.06145704	      2.70736098	     -0.08853920	      6.23695039	      0.00000000	      0.00000000	      0.00000000	     11.09641942	     19.88232795	     -4.51192186	      1.26601946	     -0.22073551	      2.31605202	      0.00000000	      0.00000000	      0.00000000	      7.60835923	     12.63998593	     -3.04973541	      0.77507231	     -0.05384753	      1.79437509	      0.00000000	      0.00000000	      0.00000000	      4.00273934	      5.40735954	     -1.54973506	      0.10977810	      0.00039505	      0.29202259	      0.00000000	      0.00000000	      0.00000000
      1.62000000	      0.00000000	     -0.00000000	      0.00000000	     -0.00000000	     -0.00000000	      0.00000000	      0.00000000	      0.00000000	      0.00000000	   -572.66825801	  -2754.77349091	    981.51499596	     -0.02298985	     -0.01354414	      0.03617102	      0.00000000	      0.00000000	      0.00000000	   -317.65802361	  -1832.56793127	     39.39753111	    -13.47916821	      0.16672961	    -11.44012325	     -0.00824526	     -0.00360284	     -0.00125501	    100.68662942	     -8.01864087	    -10.85366154	     -0.99475175	      0.27805111	     -2.31599471	      0.00000000	      0.00000000	      0.00000000	   -285.74295342	  -2183.10711258	     53.86675287	     13.60431897	     -7.80656462	      0.07020444	      0.00000000	      0.00000000	      0.00000000	   -285.72650681	  -2184.01291331	     53.85706160	      1.91858360	     -8.85965343	   -103.47675268	      0.00000000	      0.00000000	      0.00000000	     50.22383411	     -9.57013528	      4.64935098	     -0.14060699	     -0.50573638	      0.02155457	      0.00000000	      0.00000000	      0.00000000	    -20.99848553	    129.43516098	     -0.11529476	     -0.00000000	     -0.00000000	      0.00000000	      0.00000000	      0.00000000	      0.00000000	      1.21007088	     44.96417981	     -0.21353643	      0.02372375	     -0.13653273	      0.18341949	     -0.00824526	     -0.00360284	      0.00125501	      0.08372457	      0.77492482	     -0.02533206	     -0.00066788	      0.00009192	     -0.00068936	      0.00000000	      0.00000000	      0.00000000	     -1.71309402	      9.31923670	      0.67346970	      0.02089730	     -0.14127321	      0.02286744	      0.00000000	      0.00000000	      0.00000000	     -1.72805590	      8.29170598	      0.71572351	      0.00666847	     -0.18030105	      0.61464464	      0.00000000	      0.00000000	      0.00000000	     -0.70755309	     -0.16378346	      0.38179212	      0.00560120	     -0.02704281	     -0.06287560	      0.00000000	      0.00000000	      0.00000000	     80.94143401	    383.77806521	    -37.65567385	      0.00000000	      0.00000000	      0.00000000	      0.00000000	      0.00000000	      0.00000000	     21.03023052	     40.38184712	     -7.49458778	      2.56312013	      0.16086037	      8.15598333	      0.00000000	      0.00000000	      0.00000000	     14.47150185	     18.27284646	     -4.78514530	      0.76243230	      0.20158094	      3.05863837	      0.00000000	      0.00000000	      0.00000000	      9.89915974	     11.51190347	     -3.23430717	      0.71629731	      0.03638702	      2.34220674	      0.00000000	      0.00000000	      0.00000000	      5.16319481	      4.88882650	     -1.64311529	      0.11638540	      0.00041891	      0.37560530	      0.00000000	      0.00000000	      0.00000000	     20.01498905	     47.27644141	     -7.47033300	      2.86748131	     -0.11520270	      7.87626484	      0.00000000	      0.00000000	      0.00000000	     14.00242170	     21.45841116	     -4.77393866	      1.34549503	     -0.27067380	      2.94099241	      0.00000000	      0.00000000	      0.00000000	      9.58713145	     13.63091509	     -3.22685261	      0.82114056	     -0.06482543	      2.26529130	      0.00000000	      0.00000000	      0.00000000	      5.02532093	      5.82514021	     -1.63982139	      0.11616111	      0.00041891	      0.36621678	      0.00000000	      0.00000000	      0.00000000
      1.63000000	     -0.00000000	     -0.00000000	      0.00000000	      0.00000000	      0.00000000	     -0.00000000	      0.00000000	      0.00000000	      0.00000000	   -643.86142442	  -2963.24455221	   1023.97211157	     -0.02612241	     -0.01446401	      0.04088659	      0.00000000	      0.00000000	      0.00000000	   -335.50292809	  -1942.98479176	     39.45864860	    -13.95385991	      0.86687627	    -11.98365765	     -0.00824526	     -0.00360284	     -0.00125501	    112.96329240	     -9.92187020	     -9.79236299	     -1.02906927	      0.28328273	     -2.57753121	      0.00000000	      0.00000000	      0.00000000	   -338.27765981	  -2364.42320148	     51.03509962	     14.46870568	     -8.14965914	      0.10158011	      0.00000000	      0.00000000	      0.00000000	   -338.28924004	  -2365.28298441	     50.99018665	      1.46414637	     -8.71232518	   -110.65995660	      0.00000000	      0.00000000	      0.00000000	     53.02276002	    -10.93251655	      4.70148806	     -0.16705505	     -0.56174053	     -0.01010595	      0.00000000	      0.00000000	      0.00000000	    -27.69229922	    135.85364324	     -0.46461807	      0.00000000	     -0.00000000	      0.00000000	      0.00000000	      0.00000000	      0.00000000	      2.28631198	     45.94689276	     -0.14086651	     -0.07615160	     -0.18131820	      0.20886243	     -0.00824526	     -0.00360284	      0.00125501	      0.11092511	      0.81273998	     -0.03958529	     -0.00104300	      0.00013104	     -0.00114838	      0.00000000	      0.00000000	      0.00000000	     -1.95224260	      9.29009576	      0.93721163	      0.01604404	     -0.17368966	      0.02914940	      0.00000000	      0.00000000	      0.00000000	     -1.94000022	      8.27243111	      0.97504157	      0.01398816	     -0.22632893	      0.62912959	      0.00000000	      0.00000000	      0.00000000	     -0.70620314	     -0.14579062	      0.46157011	      0.00558742	     -0.03053037	     -0.06088463	      0.00000000	      0.00000000	      0.00000000	    101.29713544	    410.23674302	    -40.75511809	     -0.00000000	     -0.00000000	     -0.00000000	      0.00000000	      0.00000000	      0.00000000	     25.56977518	     43.41234089	     -8.10515976	      2.77313593	      0.19145216	      9.86113310	      0.00000000	      0.00000000	      0.00000000	     17.49216410	     19.65600417	     -5.17523838	      0.82642237	      0.24817319	      3.70950207	      0.00000000	      0.00000000	      0.00000000	     11.95546562	     12.37382575	     -3.49791682	      0.77505777	      0.04571820	      2.83178957	      0.00000000	      0.00000000	      0.00000000	      6.22416664	      5.24993943	     -1.77704821	      0.12587341	      0.00045552	      0.45254827	      0.00000000	      0.00000000	      0.00000000	     24.47410547	     50.88463806	     -8.08844518	      3.10292147	     -0.14202671	      9.55931283	      0.00000000	      0.00000000	      0.00000000	     16.98592304	     23.10848956	     -5.16751561	      1.45434283	     -0.32293572	      3.58242369	      0.00000000	      0.00000000	      0.00000000	     11.61871819	     14.67039084	     -3.49277969	      0.88836179	     -0.07648150	      2.74873966	      0.00000000	      0.00000000	      0.00000000	      6.07537027	      6.26470752	     -1.77477830	      0.12571884	      0.00045552	      0.44241598	      0.00000000	      0.00000000	      0.00000000
      1.64000000	      0.00000000	     -0.00000000	     -0.00000000	     -0.00000000	      0.00000000	      0.00000000	      0.00000000	      0.00000000	      0.00000000	   -708.46187764	  -3151.48833955	   1054.42229001	     -0.02907513	     -0.01523745	      0.04545157	      0.00000000	      0.00000000	      0.00000000	   -351.10719094	  -2053.02080252	     38.16985003	    -14.10637610	      1.74257862	    -12.49499591	     -0.00824526	     -0.00360284	     -0.00125501	    129.12277351	    -12.48180818	     -8.23117411	     -1.07011951	      0.28840378	     -2.91558755	      0.00000000	      0.00000000	      0.00000000	   -385.39645351	  -2551.63564028	     47.70281596	     15.43528408	     -8.30974090	      0.17632601	      0.00000000	      0.00000000	      0.00000000	   -385.47330538	  -2552.47449943	     47.64102112	      1.04971228	     -8.39145538	   -118.37313540	      0.00000000	      0.00000000	      0.00000000	     56.43216841	    -12.28312583	      4.74523121	     -0.19302136	     -0.62034472	     -0.03893258	      0.00000000	      0.00000000	      0.00000000	    -34.28416189	    141.31484429	      0.03010645	      0.00000000	      0.00000000	      0.00000000	      0.00000000	      0.00000000	      0.00000000	      3.16905414	     47.17450551	     -0.21822754	     -0.10564276	     -0.21570913	      0.22820348	     -0.00824526	     -0.00360284	      0.00125501	      0.14111773	      0.84016943	     -0.04892745	     -0.00128743	      0.00015928	     -0.00177681	      0.00000000	      0.00000000	      0.00000000	     -2.15890305	      9.43924907	      1.09488007	      0.01243925	     -0.19972536	      0.03416339	      0.00000000	      0.00000000	      0.00000000	     -2.12420038	      8.40947322	      1.13682189	      0.01717067	     -0.26066957	      0.65079157	      0.00000000	      0.00000000	      0.00000000	     -0.70837776	     -0.13848294	      0.53236230	      0.00539485	     -0.03384284	     -0.06073392	      0.00000000	      0.00000000	      0.00000000	    122.26301559	    433.55918932	    -44.97172214	      0.00000000	      0.00000000	      0.00000000	      0.00000000	      0.00000000	      0.00000000	     30.22307508	     45.99217364	     -8.94155846	      3.06548971	      0.22324854	     11.60326820	      0.00000000	      0.00000000	      0.00000000	     20.57742994	     20.83209030	     -5.70733524	      0.92402317	      0.29466254	      4.37548196	      0.00000000	      0.00000000	      0.00000000	     14.05484095	     13.10181175	     -3.85738372	      0.85700229	      0.05481753	      3.33189732	      0.00000000	      0.00000000	      0.00000000	      7.30605514	      5.55246745	     -1.95942094	      0.13878917	      0.00050450	      0.53098264	      0.00000000	      0.00000000	      0.00000000	     29.01602417	     54.26611658	     -8.91705342	      3.41377422	     -0.16871516	     11.27084320	      0.00000000	      0.00000000	      0.00000000	     20.01972653	     24.65496651	     -5.69601299	      1.59074357	     -0.37707904	      4.23533533	      0.00000000	      0.00000000	      0.00000000	     13.68386119	     15.64475779	     -3.84985224	      0.97687954	     -0.08872332	      3.24034997	      0.00000000	      0.00000000	      0.00000000	      7.14213276	      6.67610227	     -1.95609306	      0.13856256	      0.00050450	      0.51982035	      0.00000000	      0.00000000	      0.00000000
      1.65000000	      0.00000000	     -0.00000000	     -0.00000000	      0.00000000	     -0.00000000	     -0.00000000	      0.00000000	      0.00000000	      0.00000000	   -756.19428983	  -3310.08446891	   1065.33895639	     -0.03164683	     -0.01580247	      0.04936378	      0.00000000	      0.00000000	      0.00000000	   -360.88511235	  -2153.22914281	     35.58072634	    -14.02600593	      2.64783339	    -12.96272241	     -0.00824526	     -0.00360284	     -0.00125501	    150.30994123	    -16.24865442	     -5.74254754	     -1.12057322	      0.29196756	     -3.33010617	      0.00000000	      0.00000000	      0.00000000	   -442.33420870	  -2727.27922680	     43.00843897	     16.35446976	     -8.57191892	      0.22767779	      0.00000000	      0.00000000	      0.00000000	   -442.41722959	  -2728.13618325	     42.97183381	      0.60260181	     -8.03168449	   -125.04898554	      0.00000000	      0.00000000	      0.00000000	     60.19778092	    -12.87018151	      5.01296734	     -0.20617821	     -0.68953768	     -0.01977116	      0.00000000	      0.00000000	      0.00000000	    -40.55948761	    145.21822448	      0.39018398	     -0.00000000	      0.00000000	      0.00000000	      0.00000000	      0.00000000	      0.00000000	      3.96956232	     48.31941272	     -0.27346757	     -0.13195664	     -0.24603354	      0.24606760	     -0.00824526	     -0.00360284	      0.00125501	      0.17033121	      0.85682162	     -0.05666174	     -0.00148948	      0.00018261	     -0.00242775	      0.00000000	      0.00000000	      0.00000000	     -2.47403526	      9.68387817	      1.24102000	      0.00974057	     -0.22353649	      0.03868483	      0.00000000	      0.00000000	      0.00000000	     -2.42093826	      8.63473595	      1.28638668	      0.02013235	     -0.29312198	      0.68292781	      0.00000000	      0.00000000	      0.00000000	     -0.76202915	     -0.12038375	      0.59752330	      0.00525008	     -0.03775749	     -0.06043576	      0.00000000	      0.00000000	      0.00000000	    140.94136538	    453.29105639	    -48.26634586	      0.00000000	      0.00000000	      0.00000000	      0.00000000	      0.00000000	      0.00000000	     34.36537569	     48.22953323	     -9.61262755	      3.30016807	      0.25128282	     13.15352864	      0.00000000	      0.00000000	      0.00000000	     23.32347146	     21.84739374	     -6.13595999	      1.00177336	      0.33636904	      4.96835647	      0.00000000	      0.00000000	      0.00000000	     15.92328512	     13.73017522	     -4.14728100	      0.92297694	      0.06303669	      3.77700863	      0.00000000	      0.00000000	      0.00000000	      8.26885981	      5.81273971	     -2.10675902	      0.14922343	      0.00053624	      0.60075505	      0.00000000	      0.00000000	      0.00000000	     33.06267271	     57.07218527	     -9.56673740	      3.65968400	     -0.19276920	     12.79460145	      0.00000000	      0.00000000	      0.00000000	     22.72157315	     25.93303518	     -6.11475699	      1.69973577	     -0.42490758	      4.81741424	      0.00000000	      0.00000000	      0.00000000	     15.52290728	     16.44791055	     -4.13317694	      1.04736396	     -0.09948208	      3.67832027	      0.00000000	      0.00000000	      0.00000000	      8.09194749	      7.01360752	     -2.10052695	      0.14879906	      0.00053624	      0.58870821	      0.00000000	      0.00000000	      0.00000000
      1.66000000	     -0.00000000	      0.00000000	      0.00000000	      0.00000000	      0.00000000	     -0.00000000	      0.00000000	      0.00000000	      0.00000000	   -786.77208271	  -3425.32748496	   1061.50228861	     -0.03331390	     -0.01608974	      0.05244212	      0.00000000	      0.00000000	      0.00000000	   -363.35445615	  -2240.22702147	     30.31158636	    -13.60188891	      3.59148412	    -13.33941670	     -0.00824526	     -0.00360284	     -0.00125501	    176.03464590	    -21.09709399	     -2.18422491	     -1.17274703	      0.29231116	     -3.81714079	      0.00000000	      0.00000000	      0.00000000	   -485.64363174	  -2886.89576639	     37.71188728	     16.90605014	     -8.64585704	      0.27280352	      0.00000000	      0.00000000	      0.00000000	   -485.72261140	  -2887.76336204	     37.72908387	     -0.13475924	     -7.54239541	   -131.52252183	      0.00000000	      0.00000000	      0.00000000	     64.03640146	    -13.22362012	      5.20231964	     -0.21599776	     -0.75401294	      0.01379504	      0.00000000	      0.00000000	      0.00000000	    -46.42946733	    146.28315410	      1.38243681	     -0.00000000	     -0.00000000	      0.00000000	      0.00000000	      0.00000000	      0.00000000	      4.63492989	     48.90514692	     -0.43104000	     -0.12043679	     -0.26608438	      0.25716878	     -0.00824526	     -0.00360284	      0.00125501	      0.19788356	      0.85526938	     -0.06202402	     -0.00162846	      0.00019927	     -0.00310362	      0.00000000	      0.00000000	      0.00000000	     -2.77754024	      9.87708942	      1.30935870	      0.00946277	     -0.23777643	      0.04124551	      0.00000000	      0.00000000	      0.00000000	     -2.71077532	      8.81349721	      1.35876825	      0.02182704	     -0.31211815	      0.71011101	      0.00000000	      0.00000000	      0.00000000	     -0.82733130	     -0.10276935	      0.63652836	      0.00527722	     -0.04062765	     -0.05991443	      0.00000000	      0.00000000	      0.00000000	    156.82800967	    468.21293225	    -52.05574449	     -0.00000000	     -0.00000000	     -0.00000000	      0.00000000	      0.00000000	      0.00000000	     37.87538706	     49.83306771	    -10.35821903	      3.56441749	      0.27548648	     14.46385828	      0.00000000	      0.00000000	      0.00000000	     25.64346585	     22.57807618	     -6.61318605	      1.09419095	      0.37067897	      5.46991270	      0.00000000	      0.00000000	      0.00000000	     17.50138147	     14.17902864	     -4.46987016	      0.99747002	      0.06961991	      4.15310583	      0.00000000	      0.00000000	      0.00000000	      9.08128247	      5.99753569	     -2.27078214	      0.16084429	      0.00057768	      0.65963272	      0.00000000	      0.00000000	      0.00000000	     36.46914585	     59.37386363	    -10.32508974	      3.94110522	     -0.21238714	     14.07639516	      0.00000000	      0.00000000	      0.00000000	     24.99372895	     26.98628664	     -6.59787906	      1.81911994	     -0.46615024	      5.30699030	      0.00000000	      0.00000000	      0.00000000	     17.06918179	     17.11133424	     -4.45968808	      1.12732539	     -0.10892203	      4.04657987	      0.00000000	      0.00000000	      0.00000000	      8.89030924	      7.29321425	     -2.26628305	      0.16053793	      0.00057768	      0.64662840	      0.00000000	      0.00000000	      0.00000000
      1.67000000	     -0.00000000	      0.00000000	      0.00000000	     -0.00000000	      0.00000000	      0.00000000	      0.00000000	      0.00000000	      0.00000000	   -796.43681714	  -3487.69535491	   1040.68608473	     -0.03390457	     -0.01604831	      0.05423454	      0.00000000	      0.00000000	      0.00000000	   -358.78225353	  -2306.03744066	     23.28699933	    -12.65402450	      4.55916928	    -13.56373755	     -0.00824526	     -0.00360284	     -0.00125501	    205.32983509	    -26.73319247	      2.21542349	     -1.22892521	      0.29069130	     -4.37620205	      0.00000000	      0.00000000	      0.00000000	   -516.76682443	  -3017.21775972	     31.88493640	     17.42445367	     -8.56012670	      0.34236343	      0.00000000	      0.00000000	      0.00000000	   -516.87602215	  -3018.12984068	     31.95587100	     -0.73955255	     -6.94246975	   -136.98095137	      0.00000000	      0.00000000	      0.00000000	     67.91318583	    -13.34192889	      5.44574720	     -0.22159558	     -0.82028445	      0.05636115	      0.00000000	      0.00000000	      0.00000000	    -51.68082273	    145.37256799	      2.83242489	      0.00000000	     -0.00000000	      0.00000000	      0.00000000	      0.00000000	      0.00000000	      5.08851125	     49.33626205	     -0.66858823	     -0.09707896	     -0.28063900	      0.26490801	     -0.00824526	     -0.00360284	      0.00125501	      0.22291896	      0.84003869	     -0.06780903	     -0.00177770	      0.00021430	     -0.00379767	      0.00000000	      0.00000000	      0.00000000	     -3.09473720	     10.13890641	      1.37578837	      0.00830330	     -0.25087174	      0.04369732	      0.00000000	      0.00000000	      0.00000000	     -3.02365629	      9.05490728	      1.42928464	      0.02256824	     -0.33039759	      0.74211689	      0.00000000	      0.00000000	      0.00000000	     -0.92736642	     -0.08006590	      0.67417614	      0.00502930	     -0.04406920	     -0.05939121	      0.00000000	      0.00000000	      0.00000000	    170.27821709	    475.84954591	    -56.33711108	      0.00000000	      0.00000000	     -0.00000000	      0.00000000	      0.00000000	      0.00000000	     40.80933471	     50.54479569	    -11.20767126	      3.86817761	      0.29621175	     15.55255677	      0.00000000	      0.00000000	      0.00000000	     27.57003514	     22.90836382	     -7.15404613	      1.20605604	      0.39799195	      5.88780705	      0.00000000	      0.00000000	      0.00000000	     18.81081309	     14.37492610	     -4.83526361	      1.08305805	      0.07462799	      4.46548815	      0.00000000	      0.00000000	      0.00000000	      9.75391682	      6.07549025	     -2.45620467	      0.17397664	      0.00062936	      0.70835242	      0.00000000	      0.00000000	      0.00000000	     39.29349952	     60.89306337	    -11.16962936	      4.25115028	     -0.22790565	     15.13501426	      0.00000000	      0.00000000	      0.00000000	     26.86966165	     27.68965693	     -7.13646932	      1.94536127	     -0.50127208	      5.71195940	      0.00000000	      0.00000000	      0.00000000	     18.34493036	     17.55540324	     -4.82357166	      1.21522379	     -0.11712769	      4.35057668	      0.00000000	      0.00000000	      0.00000000	      9.54806029	      7.48082674	     -2.45103843	      0.17362484	      0.00062936	      0.69433462	      0.00000000	      0.00000000	      0.00000000
      1.68000000	      0.00000000	     -0.00000000	     -0.00000000	      0.00000000	     -0.00000000	      0.00000000	      0.00000000	      0.00000000	      0.00000000	   -781.99426798	  -3492.56739645	   1004.28985145	     -0.03316144	     -0.01567798	      0.05452146	      0.00000000	      0.00000000	      0.00000000	   -345.20169613	  -2347.14377306	     14.00020366	    -11.04889417	      5.44517919	    -13.60161445	     -0.00824526	     -0.00360284	     -0.00125501	    237.86221853	    -33.07194665	      7.63786231	     -1.28361541	      0.28594372	     -5.01406020	      0.00000000	      0.00000000	      0.00000000	   -530.99100033	  -3109.70716751	     25.09374984	     17.69932434	     -8.32529854	      0.41175708	      0.00000000	      0.00000000	      0.00000000	   -531.14361130	  -3110.67421482	     25.20868451	     -1.38613088	     -6.24918678	   -141.22246118	      0.00000000	      0.00000000	      0.00000000	     71.48691046	    -12.84869556	      5.76448215	     -0.21735155	     -0.88538271	      0.13030069	      0.00000000	      0.00000000	      0.00000000	    -56.03889059	    141.26178236	      4.86634665	      0.00000000	     -0.00000000	      0.00000000	      0.00000000	      0.00000000	      0.00000000	      5.32635094	     48.99616598	     -1.01300193	      0.00657981	     -0.27625266	      0.25928103	     -0.00824526	     -0.00360284	      0.00125501	      0.24477769	      0.80595593	     -0.06615139	     -0.00173075	      0.00021118	     -0.00448031	      0.00000000	      0.00000000	      0.00000000	     -3.38341677	     10.28383522	      1.26661616	      0.01128039	     -0.24635377	      0.04257503	      0.00000000	      0.00000000	      0.00000000	     -3.31162364	      9.19053548	      1.32988092	      0.01944437	     -0.32226720	      0.76328249	      0.00000000	      0.00000000	      0.00000000	     -1.02821348	     -0.06043325	      0.66908797	      0.00488219	     -0.04568213	     -0.05860949	      0.00000000	      0.00000000	      0.00000000	    178.84604259	    478.14112846	    -61.26621369	      0.00000000	      0.00000000	     -0.00000000	      0.00000000	      0.00000000	      0.00000000	     42.69259795	     50.50100354	    -12.18053773	      4.22028886	      0.31050698	     16.24520974	      0.00000000	      0.00000000	      0.00000000	     28.79458364	     22.88531782	     -7.77623349	      1.34076644	      0.41307151	      6.15456909	      0.00000000	      0.00000000	      0.00000000	     19.64235897	     14.34775755	     -5.25588884	      1.18274671	      0.07690846	      4.66408770	      0.00000000	      0.00000000	      0.00000000	     10.17965680	      6.05800701	     -2.67004438	      0.18912580	      0.00067886	      0.73914986	      0.00000000	      0.00000000	      0.00000000	     41.03475753	     61.75784342	    -12.15091991	      4.60827253	     -0.23627163	     15.78843980	      0.00000000	      0.00000000	      0.00000000	     28.02859833	     28.08640583	     -7.76254893	      2.08600552	     -0.52533294	      5.96246498	      0.00000000	      0.00000000	      0.00000000	     19.13283179	     17.80747882	     -5.24678598	      1.31635457	     -0.12312782	      4.53849071	      0.00000000	      0.00000000	      0.00000000	      9.95451539	      7.58673127	     -2.66602216	      0.18885191	      0.00067886	      0.72381886	      0.00000000	      0.00000000	      0.00000000
      1.69000000	     -0.00000000	      0.00000000	     -0.00000000	      0.00000000	     -0.00000000	      0.00000000	      0.00000000	      0.00000000	      0.00000000	   -744.75082441	  -3435.43558960	    951.56708475	     -0.03118147	     -0.01505063	      0.05315566	      0.00000000	      0.00000000	      0.00000000	   -322.24753483	  -2356.59429342	      2.95159113	     -9.10656334	      6.16989286	    -13.42980368	     -0.00824526	     -0.00360284	     -0.00125501	    272.63000590	    -39.70643981	     13.89509706	     -1.33638108	      0.27896846	     -5.73901736	      0.00000000	      0.00000000	      0.00000000	   -519.28102017	  -3155.35543071	     19.62384176	     17.79754760	     -7.94479902	      0.48738685	      0.00000000	      0.00000000	      0.00000000	   -519.46280572	  -3156.47182680	     19.79426879	     -1.84080878	     -5.64773184	   -144.18964918	      0.00000000	      0.00000000	      0.00000000	     74.66872793	    -11.60388231	      6.13912231	     -0.20152596	     -0.94833824	      0.23743301	      0.00000000	      0.00000000	      0.00000000	    -59.95735545	    134.35000105	      8.16397091	     -0.00000000	      0.00000000	     -0.00000000	      0.00000000	      0.00000000	      0.00000000	      5.44046096	     47.73266845	     -1.59245411	      0.28120311	     -0.24573013	      0.23143134	     -0.00824526	     -0.00360284	      0.00125501	      0.26421847	      0.75608632	     -0.04902145	     -0.00127571	      0.00017846	     -0.00512838	      0.00000000	      0.00000000	      0.00000000	     -3.60226208	     10.19032313	      0.81479929	      0.02230042	     -0.21351698	      0.03555696	      0.00000000	      0.00000000	      0.00000000	     -3.52419268	      9.10802361	      0.90461285	      0.00877289	     -0.26808536	      0.76214628	      0.00000000	      0.00000000	      0.00000000	     -1.08466440	     -0.05774912	      0.59891076	      0.00501284	     -0.04396321	     -0.05781317	      0.00000000	      0.00000000	      0.00000000	    183.22365850	    473.52684294	    -66.67415052	     -0.00000000	      0.00000000	     -0.00000000	      0.00000000	      0.00000000	      0.00000000	     43.63839123	     49.58212588	    -13.24904952	      4.61014409	      0.31906967	     16.58320881	      0.00000000	      0.00000000	      0.00000000	     29.39052636	     22.46699429	     -8.45997200	      1.49451059	      0.41731218	      6.28645186	      0.00000000	      0.00000000	      0.00000000	     20.04576138	     14.07211682	     -5.71811082	      1.29332086	      0.07680156	      4.76087716	      0.00000000	      0.00000000	      0.00000000	     10.38398965	      5.93609237	     -2.90505530	      0.20577519	      0.00073673	      0.75387458	      0.00000000	      0.00000000	      0.00000000	     41.83098227	     61.82791140	    -13.23107423	      4.99829986	     -0.23829471	     16.08518078	      0.00000000	      0.00000000	      0.00000000	     28.55543470	     28.12501280	     -8.45166673	      2.23501810	     -0.53948227	      6.07711136	      0.00000000	      0.00000000	      0.00000000	     19.49026523	     17.83578453	     -5.71258622	      1.42661908	     -0.12710903	      4.62398376	      0.00000000	      0.00000000	      0.00000000	     10.13853623	      7.59911943	     -2.90261418	      0.20560896	      0.00073673	      0.73716043	      0.00000000	      0.00000000	      0.00000000
      1.70000000	     -0.00000000	      0.00000000	      0.00000000	      0.00000000	      0.00000000	     -0.00000000	      0.00000000	      0.00000000	      0.00000000	   -691.80977712	  -3318.11097114	    886.86891620	     -0.02801039	     -0.01427720	      0.05025172	      0.00000000	      0.00000000	      0.00000000	   -287.30714325	  -2325.92950388	    -10.20253872	     -6.73393367	      6.90044745	    -12.91135436	     -0.00824526	     -0.00360284	     -0.00125501	    310.73904797	    -46.61016544	     21.57891066	     -1.38333324	      0.26814692	     -6.61767931	      0.00000000	      0.00000000	      0.00000000	   -498.19706710	  -3137.26528434	     13.82201960	     17.50451352	     -7.41323313	      0.54710680	      0.00000000	      0.00000000	      0.00000000	   -498.24896751	  -3138.57306768	     14.09096766	     -2.28251795	     -4.93965055	   -144.24694689	      0.00000000	      0.00000000	      0.00000000	     77.01651026	     -8.57568152	      6.44384593	     -0.15871449	     -0.99786200	      0.44372011	      0.00000000	      0.00000000	      0.00000000	    -63.34941871	    125.51405583	     10.88083858	      0.00000000	      0.00000000	     -0.00000000	      0.00000000	      0.00000000	      0.00000000	      5.49744935	     46.15623825	     -2.04389942	      0.43964185	     -0.22111673	      0.20904776	     -0.00824526	     -0.00360284	      0.00125501	      0.27981139	      0.69361756	     -0.04507840	     -0.00116809	      0.00017062	     -0.00573548	      0.00000000	      0.00000000	      0.00000000	     -3.81019883	     10.12022829	      0.57793213	      0.02717239	     -0.19188048	      0.03118894	      0.00000000	      0.00000000	      0.00000000	     -3.73383672	      9.04936944	      0.67873108	      0.00250912	     -0.23642816	      0.76463921	      0.00000000	      0.00000000	      0.00000000	     -1.16176556	     -0.04456768	      0.55202404	      0.00456768	     -0.04335010	     -0.05633083	      0.00000000	      0.00000000	      0.00000000	    184.67769335	    461.72417449	    -71.76157095	     -0.00000000	     -0.00000000	     -0.00000000	      0.00000000	      0.00000000	      0.00000000	     43.89973193	     47.84299556	    -14.26001461	      4.98131364	      0.32303168	     16.66038224	      0.00000000	      0.00000000	      0.00000000	     29.52389226	     21.67751340	     -9.10505234	      1.64526779	      0.41423300	      6.31946128	      0.00000000	      0.00000000	      0.00000000	     20.13358150	     13.56302044	     -6.15409181	      1.39860646	      0.07519437	      4.78271652	      0.00000000	      0.00000000	      0.00000000	     10.42464990	      5.71554248	     -3.12649902	      0.22146022	      0.00079287	      0.75671631	      0.00000000	      0.00000000	      0.00000000	     41.95407658	     61.02875510	    -14.23838519	      5.35930586	     -0.23609800	     16.12426675	      0.00000000	      0.00000000	      0.00000000	     28.62492551	     27.76983563	     -9.09505873	      2.36843689	     -0.54570567	      6.09409678	      0.00000000	      0.00000000	      0.00000000	     19.53559616	     17.61558345	     -6.14744414	      1.52854552	     -0.12933297	      4.63534798	      0.00000000	      0.00000000	      0.00000000	     10.16042206	      7.50622180	     -3.12356165	      0.22126020	      0.00079287	      0.73872371	      0.00000000	      0.00000000	      0.00000000
      1.71000000	     -0.00000000	      0.00000000	      0.00000000	     -0.00000000	      0.00000000	     -0.00000000	      0.00000000	      0.00000000	      0.00000000	   -620.06205258	  -3144.27755233	    812.57959055	     -0.02401578	     -0.01344358	      0.04611060	      0.00000000	      0.00000000	      0.00000000	   -245.60131927	  -2258.65549398	    -24.17492672	     -4.25078431	      7.35083286	    -12.16202303	     -0.00824526	     -0.00360284	     -0.00125501	    347.57633188	    -52.11672439	     29.39593699	     -1.41651071	      0.25733595	     -7.58980059	      0.00000000	      0.00000000	      0.00000000	   -438.84698277	  -3060.67003651	     10.94311739	     16.98596778	     -6.66183528	      0.62104343	      0.00000000	      0.00000000	      0.00000000	   -438.86067790	  -3062.11242952	     11.29545387	     -2.42969714	     -4.41336700	   -142.95061519	      0.00000000	      0.00000000	      0.00000000	     78.41111771	     -5.61612257	      6.81732841	     -0.11612597	     -1.03721938	      0.63274292	      0.00000000	      0.00000000	      0.00000000	    -66.01217236	    113.65692195	     14.23236765	      0.00000000	     -0.00000000	      0.00000000	      0.00000000	      0.00000000	      0.00000000	      5.47318578	     43.61338339	     -2.61358038	      0.70621214	     -0.17266020	      0.16679620	     -0.00824526	     -0.00360284	      0.00125501	      0.29116357	      0.61456045	     -0.03151189	     -0.00080705	      0.00014679	     -0.00626358	      0.00000000	      0.00000000	      0.00000000	     -3.98713688	      9.82756275	      0.09895925	      0.03734766	     -0.14620437	      0.02197952	      0.00000000	      0.00000000	      0.00000000	     -3.91078297	      8.78916499	      0.21928081	     -0.00912446	     -0.16861154	      0.74884326	      0.00000000	      0.00000000	      0.00000000	     -1.22015386	     -0.03876133	      0.44783306	      0.00420687	     -0.04000631	     -0.05423227	      0.00000000	      0.00000000	      0.00000000	    180.40339790	    442.98654625	    -76.16614129	     -0.00000000	     -0.00000000	     -0.00000000	      0.00000000	      0.00000000	      0.00000000	     42.88948308	     45.28467256	    -15.13727963	      5.30660051	      0.31852058	     16.26002472	      0.00000000	      0.00000000	      0.00000000	     28.81104142	     20.51355725	     -9.66358782	      1.78276660	      0.39792084	      6.17007467	      0.00000000	      0.00000000	      0.00000000	     19.64539144	     12.82032628	     -6.53153249	      1.49098675	      0.07090261	      4.66739855	      0.00000000	      0.00000000	      0.00000000	     10.16811362	      5.39702925	     -3.31807280	      0.23502763	      0.00083988	      0.73801312	      0.00000000	      0.00000000	      0.00000000	     40.82105349	     59.29544076	    -15.10338759	      5.66580810	     -0.22627572	     15.69006652	      0.00000000	      0.00000000	      0.00000000	     27.85534830	     26.98706485	     -9.64792841	      2.47613606	     -0.53739715	      5.93051438	      0.00000000	      0.00000000	      0.00000000	     19.00967219	     17.12645068	     -6.52111598	      1.61488875	     -0.12834459	      4.51074000	      0.00000000	      0.00000000	      0.00000000	      9.88721254	      7.29974807	     -3.31347012	      0.23471421	      0.00083988	      0.71888516	      0.00000000	      0.00000000	      0.00000000
      1.72000000	      0.00000000	     -0.00000000	     -0.00000000	      0.00000000	     -0.00000000	      0.00000000	      0.00000000	      0.00000000	      0.00000000	   -542.31255528	  -2923.54771646	    731.19477538	     -0.01971314	     -0.01261537	      0.04100851	      0.00000000	      0.00000000	      0.00000000	   -196.59213962	  -2148.54049904	    -38.28109175	     -1.77521952	      7.58355627	    -11.13187577	     -0.00824526	     -0.00360284	     -0.00125501	    383.93704470	    -55.74512481	     37.48031003	     -1.44570375	      0.24840758	     -8.71493970	      0.00000000	      0.00000000	      0.00000000	   -366.90114489	  -2915.03389463	      8.96500637	     16.12316449	     -5.89591287	      0.66046296	      0.00000000	      0.00000000	      0.00000000	   -366.84093868	  -2916.70311451	      9.36562282	     -2.42961285	     -4.00235025	   -138.59648400	      0.00000000	      0.00000000	      0.00000000	     78.77180177	     -1.99531205	      7.15167135	     -0.06240468	     -1.06035842	      0.84034324	      0.00000000	      0.00000000	      0.00000000	    -68.55380351	    100.67098833	     17.17680590	      0.00000000	      0.00000000	     -0.00000000	      0.00000000	      0.00000000	      0.00000000	      5.50382269	     40.19439996	     -3.12996610	      0.98990631	     -0.11911066	      0.11570477	     -0.00824526	     -0.00360284	      0.00125501	      0.30235010	      0.53077441	     -0.01322045	     -0.00032248	      0.00011847	     -0.00675612	      0.00000000	      0.00000000	      0.00000000	     -3.99531938	      9.19536094	     -0.45874914	      0.04838039	     -0.09225539	      0.01120778	      0.00000000	      0.00000000	      0.00000000	     -3.90696501	      8.22036341	     -0.31654041	     -0.02200529	     -0.08733038	      0.70396030	      0.00000000	      0.00000000	      0.00000000	     -1.17706540	     -0.04972014	      0.32334619	      0.00397297	     -0.03419065	     -0.05149441	      0.00000000	      0.00000000	      0.00000000	    174.98701737	    416.42543880	    -78.36147130	      0.00000000	     -0.00000000	      0.00000000	      0.00000000	      0.00000000	      0.00000000	     41.53901329	     42.05868965	    -15.57089606	      5.47513101	      0.31055046	     15.72840223	      0.00000000	      0.00000000	      0.00000000	     27.86613312	     19.05066171	     -9.94165823	      1.86431450	      0.38000387	      5.97167893	      0.00000000	      0.00000000	      0.00000000	     18.99836702	     11.89168947	     -6.71954267	      1.53942773	      0.06666352	      4.51453369	      0.00000000	      0.00000000	      0.00000000	      9.82894261	      5.00049820	     -3.41373049	      0.24180532	      0.00086421	      0.71328983	      0.00000000	      0.00000000	      0.00000000	     39.41154054	     56.46365109	    -15.54524080	      5.81521608	     -0.21563890	     15.14216409	      0.00000000	      0.00000000	      0.00000000	     26.88315982	     25.70630158	     -9.92980453	      2.51802739	     -0.52353363	      5.72530089	      0.00000000	      0.00000000	      0.00000000	     18.34450120	     16.31896677	     -6.71165768	      1.65653190	     -0.12577402	      4.35341084	      0.00000000	      0.00000000	      0.00000000	      9.54002323	      6.95675006	     -3.41024640	      0.24156807	      0.00086421	      0.69361586	      0.00000000	      0.00000000	      0.00000000
      1.73000000	      0.00000000	      0.00000000	     -0.00000000	     -0.00000000	     -0.00000000	     -0.00000000	      0.00000000	      0.00000000	      0.00000000	   -463.49717477	  -2670.54605267	    648.96214555	     -0.01535080	     -0.01188174	      0.03551220	      0.00000000	      0.00000000	      0.00000000	   -143.83767499	  -2004.37740648	    -52.39955889	      0.82457628	      7.74564008	     -9.85642698	     -0.00824526	     -0.00360284	     -0.00125501	    418.03258585	    -56.34274101	     45.48419034	     -1.46393749	      0.24223013	     -9.97615623	      0.00000000	      0.00000000	      0.00000000	   -285.18719482	  -2706.37503468	      7.31647698	     14.92643923	     -4.98861545	      0.68989318	      0.00000000	      0.00000000	      0.00000000	   -284.89216910	  -2708.23538374	      7.75285028	     -2.33738021	     -3.53527329	   -131.33871125	      0.00000000	      0.00000000	      0.00000000	     77.13632297	      1.76946303	      7.23024194	     -0.00563899	     -1.04269627	      1.04024734	      0.00000000	      0.00000000	      0.00000000	    -70.75811856	     87.44379159	     19.03745094	     -0.00000000	     -0.00000000	     -0.00000000	      0.00000000	      0.00000000	      0.00000000	      5.58963942	     36.85822501	     -3.44118697	      1.12517473	     -0.08053586	      0.07852163	     -0.00824526	     -0.00360284	      0.00125501	      0.31138119	      0.44583611	     -0.00950428	     -0.00022265	      0.00011825	     -0.00720478	      0.00000000	      0.00000000	      0.00000000	     -4.00053421	      8.63294721	     -0.74147923	      0.05259952	     -0.05693566	      0.00447783	      0.00000000	      0.00000000	      0.00000000	     -3.90663131	      7.71760395	     -0.59439862	     -0.02863783	     -0.03878882	      0.66689937	      0.00000000	      0.00000000	      0.00000000	     -1.15373783	     -0.04792777	      0.23913902	      0.00336803	     -0.03020634	     -0.04820777	      0.00000000	      0.00000000	      0.00000000	    168.46729682	    384.32888608	    -79.43995536	      0.00000000	     -0.00000000	      0.00000000	      0.00000000	      0.00000000	      0.00000000	     39.89119501	     38.29015390	    -15.78132665	      5.56456969	      0.29996242	     15.08175032	      0.00000000	      0.00000000	      0.00000000	     26.71698411	     17.33977890	    -10.07601744	      1.91851241	      0.35984616	      5.73008995	      0.00000000	      0.00000000	      0.00000000	     18.21162827	     10.80697780	     -6.81037036	      1.56551660	      0.06214545	      4.32862152	      0.00000000	      0.00000000	      0.00000000	      9.41694882	      4.53728674	     -3.45989055	      0.24507550	      0.00087302	      0.68327960	      0.00000000	      0.00000000	      0.00000000	     37.72898116	     52.90234041	    -15.75817564	      5.87928030	     -0.20377581	     14.48588774	      0.00000000	      0.00000000	      0.00000000	     25.71795910	     24.09116463	    -10.06532079	      2.52342691	     -0.50529669	      5.47978853	      0.00000000	      0.00000000	      0.00000000	     17.54708499	     15.29794446	     -6.80325504	      1.67386198	     -0.12206044	      4.16490416	      0.00000000	      0.00000000	      0.00000000	      9.12331146	      6.52168060	     -3.45674655	      0.24486141	      0.00087302	      0.66328436	      0.00000000	      0.00000000	      0.00000000
      1.74000000	      0.00000000	     -0.00000000	      0.00000000	      0.00000000	     -0.00000000	     -0.00000000	      0.00000000	      0.00000000	      0.00000000	   -388.16640160	  -2398.83250322	    568.09588368	     -0.01142826	     -0.01125258	      0.03024545	      0.00000000	      0.00000000	      0.00000000	    -92.19209720	  -1832.30681596	    -65.53492350	      3.16191677	      7.79713545	     -8.47805792	     -0.00824526	     -0.00360284	     -0.00125501	    447.36384586	    -52.98007902	     52.67379457	     -1.47331787	      0.24098056	    -11.29223157	      0.00000000	      0.00000000	      0.00000000	   -194.44530043	  -2443.92032408	      6.52550702	     13.34664607	     -3.92941164	      0.70695895	      0.00000000	      0.00000000	      0.00000000	   -193.78249039	  -2446.00571306	      6.95353313	     -2.24131503	     -3.02276896	   -121.60517550	      0.00000000	      0.00000000	      0.00000000	     73.43886758	      4.32135183	      7.16229973	      0.03492995	     -0.98706099	      1.14251245	      0.00000000	      0.00000000	      0.00000000	    -72.80720618	     73.97304552	     20.25617128	     -0.00000000	     -0.00000000	     -0.00000000	      0.00000000	      0.00000000	      0.00000000	      5.78419538	     33.01460076	     -3.67947192	      1.27871152	     -0.03746031	      0.03569286	     -0.00824526	     -0.00360284	      0.00125501	      0.32334539	      0.36227208	      0.00080892	      0.00004970	      0.00010822	     -0.00770149	      0.00000000	      0.00000000	      0.00000000	     -3.94932321	      7.84126464	     -1.10772879	      0.05800092	     -0.01392610	     -0.00374565	      0.00000000	      0.00000000	      0.00000000	     -3.84584223	      7.00832543	     -0.95265096	     -0.03681025	      0.02214755	      0.61288848	      0.00000000	      0.00000000	      0.00000000	     -1.09705174	     -0.04853087	      0.13519235	      0.00304699	     -0.02482086	     -0.04386038	      0.00000000	      0.00000000	      0.00000000	    161.57588116	    347.11158082	    -78.14477780	     -0.00000000	     -0.00000000	      0.00000000	      0.00000000	      0.00000000	      0.00000000	     38.08441928	     34.17609382	    -15.52166649	      5.48553202	      0.28703538	     14.37392537	      0.00000000	      0.00000000	      0.00000000	     25.45994472	     15.47666121	     -9.91048023	      1.91030245	      0.34029831	      5.46579777	      0.00000000	      0.00000000	      0.00000000	     17.35086904	      9.62911544	     -6.69849870	      1.54405508	      0.05818363	      4.12525675	      0.00000000	      0.00000000	      0.00000000	      8.96649222	      4.03559807	     -3.40309087	      0.24105284	      0.00085772	      0.65047287	      0.00000000	      0.00000000	      0.00000000	     35.95560006	     48.55231213	    -15.50225956	      5.77123158	     -0.19242718	     13.78724681	      0.00000000	      0.00000000	      0.00000000	     24.47634930	     22.11902066	     -9.90151350	      2.45902744	     -0.48336136	      5.21939888	      0.00000000	      0.00000000	      0.00000000	     16.69658940	     14.04755871	     -6.69253410	      1.64236181	     -0.11711977	      3.96408139	      0.00000000	      0.00000000	      0.00000000	      8.67738998	      5.98794650	     -3.40045533	      0.24087337	      0.00085772	      0.63078645	      0.00000000	      0.00000000	      0.00000000
      1.75000000	      0.00000000	      0.00000000	     -0.00000000	     -0.00000000	     -0.00000000	     -0.00000000	      0.00000000	      0.00000000	      0.00000000	   -324.32515365	  -2128.01394301	    495.39169037	     -0.00837518	     -0.01001988	      0.02557798	      0.00000000	      0.00000000	      0.00000000	    -43.08293552	  -1643.27629091	    -76.95003241	      5.42579866	      7.90151742	     -6.89505934	     -0.00824526	     -0.00360284	     -0.00125501	    470.78128062	    -45.35711864	     58.77021203	     -1.47504429	      0.24499008	    -12.59024776	      0.00000000	      0.00000000	      0.00000000	   -111.59009276	  -2137.58590542	      4.59454087	     11.50706580	     -2.70248301	      0.72894712	      0.00000000	      0.00000000	      0.00000000	   -110.71045233	  -2139.73570173	      4.95101425	     -2.17831820	     -2.23369163	   -109.08089947	      0.00000000	      0.00000000	      0.00000000	     68.16314385	      5.01693381	      6.78149282	      0.04983647	     -0.89141346	      1.11477550	      0.00000000	      0.00000000	      0.00000000	    -74.61237558	     61.73851578	     20.13759438	      0.00000000	     -0.00000000	     -0.00000000	      0.00000000	      0.00000000	      0.00000000	      6.01925588	     29.62062955	     -3.66900535	      1.23752213	     -0.02705028	      0.02031469	     -0.00824526	     -0.00360284	      0.00125501	      0.33343742	      0.28673658	     -0.00604321	     -0.00013104	      0.00012605	     -0.00812564	      0.00000000	      0.00000000	      0.00000000	     -3.81583661	      7.15254249	     -1.08158904	      0.05440794	     -0.00480764	     -0.00498093	      0.00000000	      0.00000000	      0.00000000	     -3.70168311	      6.39327956	     -0.93694602	     -0.03564160	      0.03022626	      0.56690969	      0.00000000	      0.00000000	      0.00000000	     -1.00858226	     -0.04462135	      0.10925292	      0.00242022	     -0.02214470	     -0.03971983	      0.00000000	      0.00000000	      0.00000000	    155.92842786	    306.97339476	    -75.32315775	     -0.00000000	      0.00000000	     -0.00000000	      0.00000000	      0.00000000	      0.00000000	     36.49090023	     29.90459483	    -14.96311182	      5.29908958	      0.27455437	     13.74357154	      0.00000000	      0.00000000	      0.00000000	     24.34012980	     13.54263395	     -9.55395501	      1.86200160	      0.32450725	      5.23175277	      0.00000000	      0.00000000	      0.00000000	     16.58279739	      8.40704865	     -6.45757844	      1.49226026	      0.05528393	      3.94414683	      0.00000000	      0.00000000	      0.00000000	      8.56327384	      3.51472233	     -3.28072463	      0.23238505	      0.00082423	      0.62108318	      0.00000000	      0.00000000	      0.00000000	     34.43495098	     43.75672504	    -14.94147115	      5.55181217	     -0.18337889	     13.17691651	      0.00000000	      0.00000000	      0.00000000	     23.39020308	     19.94284478	     -9.54395620	      2.34984901	     -0.46240135	      4.99390229	      0.00000000	      0.00000000	      0.00000000	     15.95091389	     12.66441663	     -6.45092731	      1.57935836	     -0.11210126	      3.78853033	      0.00000000	      0.00000000	      0.00000000	      8.28406764	      5.39589747	     -3.27778574	      0.23218493	      0.00082423	      0.60207063	      0.00000000	      0.00000000	      0.00000000
      1.76000000	     -0.00000000	      0.00000000	      0.00000000	      0.00000000	     -0.00000000	     -0.00000000	      0.00000000	      0.00000000	      0.00000000	   -270.87447781	  -1896.99407787	    449.55553812	     -0.00397286	     -0.00824768	      0.02063408	      0.00000000	      0.00000000	      0.00000000	      0.57991584	  -1448.00442453	    -85.62447683	      7.47660130	      8.08321714	     -5.30301888	     -0.00824526	     -0.00360284	     -0.00125501	    485.36552798	    -34.60678817	     62.90287731	     -1.47275016	      0.25461299	    -13.65967606	      0.00000000	      0.00000000	      0.00000000	    -36.49605480	  -1807.68291595	      1.34874536	      9.44186217	     -1.19043128	      0.77979833	      0.00000000	      0.00000000	      0.00000000	    -35.82945744	  -1809.78808729	      1.54948947	     -2.25937883	     -1.03691690	    -94.79732296	      0.00000000	      0.00000000	      0.00000000	     63.87211512	      2.33592961	      6.43491427	      0.02293042	     -0.77592321	      0.86799124	      0.00000000	      0.00000000	      0.00000000	    -75.57985862	     49.85313994	     18.60262834	     -0.00000000	      0.00000000	      0.00000000	      0.00000000	      0.00000000	      0.00000000	      6.29642662	     25.95169402	     -3.46318255	      1.15115582	     -0.02449441	      0.01129196	     -0.00824526	     -0.00360284	      0.00125501	      0.34545654	      0.21633810	     -0.00799559	     -0.00018483	      0.00013044	     -0.00858509	      0.00000000	      0.00000000	      0.00000000	     -3.63736497	      6.32755547	     -1.02005658	      0.04917249	     -0.00028555	     -0.00522314	      0.00000000	      0.00000000	      0.00000000	     -3.51581510	      5.65750996	     -0.88695711	     -0.03334540	      0.03251491	      0.51239661	      0.00000000	      0.00000000	      0.00000000	     -0.91725651	     -0.03253474	      0.09130495	      0.00219898	     -0.01970291	     -0.03430060	      0.00000000	      0.00000000	      0.00000000	    150.12225275	    265.87023458	    -69.91664517	     -0.00000000	     -0.00000000	     -0.00000000	      0.00000000	      0.00000000	      0.00000000	     34.81658466	     25.76281307	    -13.89099009	      4.92636824	      0.26022552	     13.08588193	      0.00000000	      0.00000000	      0.00000000	     23.17284089	     11.67199277	     -8.86874800	      1.74185354	      0.31058397	      4.98710253	      0.00000000	      0.00000000	      0.00000000	     15.78261607	      7.22891759	     -5.99441163	      1.38767706	      0.05325846	      3.75535946	      0.00000000	      0.00000000	      0.00000000	      8.14421829	      3.01415536	     -3.04533922	      0.21571077	      0.00076504	      0.59056385	      0.00000000	      0.00000000	      0.00000000	     32.90800558	     38.62466292	    -13.86553202	      5.14498815	     -0.17559750	     12.55984949	      0.00000000	      0.00000000	      0.00000000	     22.29100479	     17.61465641	     -8.85698541	      2.16739749	     -0.43856674	      4.76629173	      0.00000000	      0.00000000	      0.00000000	     15.19602590	     11.18192892	     -5.98658724	      1.46323509	     -0.10599223	      3.61089408	      0.00000000	      0.00000000	      0.00000000	      7.88502555	      4.76084644	     -3.04188191	      0.21547534	      0.00076504	      0.57291413	      0.00000000	      0.00000000	      0.00000000
      1.77000000	      0.00000000	     -0.00000000	      0.00000000	     -0.00000000	      0.00000000	      0.00000000	      0.00000000	      0.00000000	      0.00000000	   -235.58792870	  -1722.17838901	    436.59666272	      0.00111421	     -0.00806535	      0.01625033	      0.00000000	      0.00000000	      0.00000000	     37.22223832	  -1255.95626261	    -91.90616635	      9.08893042	      8.48706116	     -3.88538849	     -0.00824526	     -0.00360284	     -0.00125501	    494.98639025	    -21.11351312	     65.97320833	     -1.46789705	      0.26683426	    -14.58915162	      0.00000000	      0.00000000	      0.00000000	      9.84004511	  -1472.86359094	     -4.74159176	      7.17990648	      0.43454546	      0.83177071	      0.00000000	      0.00000000	      0.00000000	      9.69261161	  -1474.78362192	     -4.79799654	     -2.65056948	      0.60914905	    -78.77978488	      0.00000000	      0.00000000	      0.00000000	     63.01057469	     -4.18161147	      6.16186847	     -0.04805530	     -0.62934949	      0.38973417	      0.00000000	      0.00000000	      0.00000000	    -76.48195583	     40.49047176	     16.19539182	      0.00000000	      0.00000000	     -0.00000000	      0.00000000	      0.00000000	      0.00000000	      6.55661306	     23.13479602	     -3.09522074	      0.94105214	     -0.04800703	      0.02555572	     -0.00824526	     -0.00360284	      0.00125501	      0.35718055	      0.16205794	     -0.01960811	     -0.00049367	      0.00014601	     -0.00900944	      0.00000000	      0.00000000	      0.00000000	     -3.41868783	      5.69124447	     -0.69464432	      0.03864013	     -0.02154302	     -0.00031538	      0.00000000	      0.00000000	      0.00000000	     -3.28931693	      5.09150718	     -0.58319455	     -0.02471437	     -0.00359191	      0.47099649	      0.00000000	      0.00000000	      0.00000000	     -0.81249728	     -0.01958810	      0.13374716	      0.00192067	     -0.01957588	     -0.02983902	      0.00000000	      0.00000000	      0.00000000	    147.94391159	    224.70369155	    -63.31094863	      0.00000000	      0.00000000	      0.00000000	      0.00000000	      0.00000000	      0.00000000	     33.88218943	     21.79588113	    -12.58809269	      4.46926048	      0.24988816	     12.70349895	      0.00000000	      0.00000000	      0.00000000	     22.49327810	      9.88336457	     -8.03504785	      1.58850237	      0.30585117	      4.84829347	      0.00000000	      0.00000000	      0.00000000	     15.31378558	      6.10193331	     -5.43085793	      1.25910745	      0.05338977	      3.64567790	      0.00000000	      0.00000000	      0.00000000	      7.89558485	      2.53450972	     -2.75882469	      0.19541228	      0.00069231	      0.57239575	      0.00000000	      0.00000000	      0.00000000	     32.15309381	     33.44488284	    -12.54488780	      4.65010545	     -0.17326107	     12.22692872	      0.00000000	      0.00000000	      0.00000000	     21.69437018	     15.26564626	     -8.01508555	      1.95122705	     -0.42173076	      4.64825963	      0.00000000	      0.00000000	      0.00000000	     14.78235855	      9.68218314	     -5.41757917	      1.32230914	     -0.10113857	      3.51480243	      0.00000000	      0.00000000	      0.00000000	      7.66076669	      4.11649113	     -2.75295730	      0.19501274	      0.00069231	      0.55640580	      0.00000000	      0.00000000	      0.00000000
      1.78000000	      0.00000000	      0.00000000	     -0.00000000	      0.00000000	     -0.00000000	     -0.00000000	      0.00000000	      0.00000000	      0.00000000	   -215.13853166	  -1601.74800207	    444.61784461	      0.00512614	     -0.01064467	      0.01395031	      0.00000000	      0.00000000	      0.00000000	     62.93365630	  -1084.77491213	    -96.37338744	     10.05380075	      8.82818982	     -2.85362055	     -0.00824526	     -0.00360284	     -0.00125501	    498.01937293	     -7.50812098	     67.44336143	     -1.46025386	      0.28035170	    -15.20675954	      0.00000000	      0.00000000	      0.00000000	     46.69250069	  -1162.79700333	    -11.28046616	      4.51015813	      1.89768075	      0.81033667	      0.00000000	      0.00000000	      0.00000000	     45.43484016	  -1164.37640395	    -11.55889274	     -3.64024175	      2.16583463	    -63.60479555	      0.00000000	      0.00000000	      0.00000000	     64.97660039	    -15.09820433	      5.58840875	     -0.17522977	     -0.44096344	     -0.34294696	      0.00000000	      0.00000000	      0.00000000	    -76.71847587	     31.80801065	     13.37681814	      0.00000000	     -0.00000000	     -0.00000000	      0.00000000	      0.00000000	      0.00000000	      6.80310429	     20.50800999	     -2.66565016	      0.70755254	     -0.07959432	      0.04664850	     -0.00824526	     -0.00360284	      0.00125501	      0.36676833	      0.11368217	     -0.03028692	     -0.00077839	      0.00015543	     -0.00936282	      0.00000000	      0.00000000	      0.00000000	     -3.20253631	      5.10348319	     -0.32485491	      0.02736430	     -0.04950447	      0.00586362	      0.00000000	      0.00000000	      0.00000000	     -3.07055700	      4.57063595	     -0.23515369	     -0.01492165	     -0.04847185	      0.43389437	      0.00000000	      0.00000000	      0.00000000	     -0.72770753	     -0.00034866	      0.19153544	      0.00178771	     -0.02047065	     -0.02521885	      0.00000000	      0.00000000	      0.00000000	    145.46366820	    188.44918534	    -55.91345295	      0.00000000	      0.00000000	     -0.00000000	      0.00000000	      0.00000000	      0.00000000	     32.92353132	     18.44088207	    -11.11874632	      3.95090958	      0.23909142	     12.31838012	      0.00000000	      0.00000000	      0.00000000	     21.80976833	      8.37164725	     -7.09767120	      1.40881159	      0.30191261	      4.70717294	      0.00000000	      0.00000000	      0.00000000	     14.84319299	      5.15220889	     -4.79735257	      1.11331955	      0.05384462	      3.53522431	      0.00000000	      0.00000000	      0.00000000	      7.64740243	      2.13122554	     -2.43708115	      0.17262308	      0.00061010	      0.55428792	      0.00000000	      0.00000000	      0.00000000	     31.39464089	     28.71939250	    -11.08070840	      4.10439534	     -0.17142155	     11.89695031	      0.00000000	      0.00000000	      0.00000000	     21.10336282	     13.12070985	     -7.08009623	      1.71795072	     -0.40427338	      4.53037764	      0.00000000	      0.00000000	      0.00000000	     14.37329781	      8.31124656	     -4.78566185	      1.16700243	     -0.09602822	      3.41953075	      0.00000000	      0.00000000	      0.00000000	      7.43977294	      3.52708871	     -2.43191545	      0.17227132	      0.00061010	      0.54014939	      0.00000000	      0.00000000	      0.00000000
      1.79000000	     -0.00000000	     -0.00000000	      0.00000000	      0.00000000	      0.00000000	      0.00000000	      0.00000000	      0.00000000	      0.00000000	   -210.71335433	  -1517.80737645	    462.03283729	      0.00797355	     -0.01510742	      0.01349034	      0.00000000	      0.00000000	      0.00000000	     77.57803252	   -937.02749941	    -99.63717445	     10.15754909	      8.88277945	     -2.28540394	     -0.00824526	     -0.00360284	     -0.00125501	    498.49969786	      6.51385213	     68.32510903	     -1.44822748	      0.29295004	    -15.67787794	      0.00000000	      0.00000000	      0.00000000	     71.90578613	   -896.38087560	    -16.91203528	      1.65839281	      2.75631630	      0.66092250	      0.00000000	      0.00000000	      0.00000000	     69.99879249	   -897.72275789	    -17.24046174	     -5.04925271	      3.13237205	    -50.37235249	      0.00000000	      0.00000000	      0.00000000	     68.57282978	    -26.45025758	      4.89150161	     -0.30384697	     -0.22499720	     -1.08422713	      0.00000000	      0.00000000	      0.00000000	    -77.04195008	     24.87171703	     10.42842247	     -0.00000000	      0.00000000	      0.00000000	      0.00000000	      0.00000000	      0.00000000	      7.06392560	     18.21877809	     -2.23121234	      0.48751437	     -0.11306832	      0.06935825	     -0.00824526	     -0.00360284	      0.00125501	      0.37963303	      0.07699398	     -0.03783057	     -0.00098087	      0.00015748	     -0.00977880	      0.00000000	      0.00000000	      0.00000000	     -3.00117898	      4.53751569	      0.01995450	      0.01633757	     -0.07760362	      0.01204038	      0.00000000	      0.00000000	      0.00000000	     -2.86559774	      4.06892867	      0.09097513	     -0.00597168	     -0.09209981	      0.39862762	      0.00000000	      0.00000000	      0.00000000	     -0.64644469	      0.01890535	      0.25065586	      0.00179053	     -0.02144765	     -0.02069805	      0.00000000	      0.00000000	      0.00000000	    145.68035955	    154.30954094	    -46.99295642	     -0.00000000	     -0.00000000	     -0.00000000	      0.00000000	      0.00000000	      0.00000000	     32.52548030	     15.50996939	     -9.35092346	      3.32278977	      0.23106593	     12.14514536	      0.00000000	      0.00000000	      0.00000000	     21.50217892	      7.05519316	     -5.96851049	      1.18488137	      0.30570029	      4.64698157	      0.00000000	      0.00000000	      0.00000000	     14.62850584	      4.32671736	     -4.03415385	      0.93629505	      0.05621624	      3.48572634	      0.00000000	      0.00000000	      0.00000000	      7.53159287	      1.78081137	     -2.04930115	      0.14515415	      0.00051209	      0.54579010	      0.00000000	      0.00000000	      0.00000000	     31.23956693	     24.14377878	     -9.30841539	      3.44812961	     -0.17419416	     11.79067025	      0.00000000	      0.00000000	      0.00000000	     20.90803806	     11.04434136	     -5.94887014	      1.44335923	     -0.39174118	      4.49832322	      0.00000000	      0.00000000	      0.00000000	     14.23328819	      6.98026617	     -4.02108925	      0.98049522	     -0.09167704	      3.38843388	      0.00000000	      0.00000000	      0.00000000	      7.35696065	      2.95331751	     -2.04352839	      0.14476105	      0.00051209	      0.53389852	      0.00000000	      0.00000000	      0.00000000
      1.80000000	     -0.00000000	      0.00000000	      0.00000000	      0.00000000	      0.00000000	     -0.00000000	      0.00000000	      0.00000000	      0.00000000	   -215.72155118	  -1464.11949938	    483.54544766	      0.00985161	     -0.02033443	      0.01425693	      0.00000000	      0.00000000	      0.00000000	     83.63261232	   -819.66521725	   -101.32040553	      9.71338528	      8.43505544	     -2.11315182	     -0.00824526	     -0.00360284	     -0.00125501	    497.03737467	     20.08599018	     68.69537273	     -1.43329257	      0.30389453	    -16.01137519	      0.00000000	      0.00000000	      0.00000000	     96.23575188	   -685.63263332	    -20.09381352	     -0.81532401	      2.81974550	      0.40993081	      0.00000000	      0.00000000	      0.00000000	     94.52152945	   -686.80419232	    -20.29897159	     -6.30518867	      3.18608028	    -40.37119820	      0.00000000	      0.00000000	      0.00000000	     73.53442433	    -32.40013755	      5.05573076	     -0.34898569	     -0.04125083	     -1.46380622	      0.00000000	      0.00000000	      0.00000000	    -77.39982793	     19.08896328	      7.72298811	      0.00000000	      0.00000000	     -0.00000000	      0.00000000	      0.00000000	      0.00000000	      7.33432295	     16.31734363	     -1.81688081	      0.26257426	     -0.15060878	      0.09623833	     -0.00824526	     -0.00360284	      0.00125501	      0.39282818	      0.04659766	     -0.04718071	     -0.00123022	      0.00016094	     -0.01019421	      0.00000000	      0.00000000	      0.00000000	     -2.84272251	      4.08507260	      0.39549256	      0.00575042	     -0.10972409	      0.01888471	      0.00000000	      0.00000000	      0.00000000	     -2.70675521	      3.67033086	      0.44734260	      0.00398455	     -0.14157894	      0.37252850	      0.00000000	      0.00000000	      0.00000000	     -0.59136229	      0.04168237	      0.31931997	      0.00177511	     -0.02333906	     -0.01653714	      0.00000000	      0.00000000	      0.00000000	    146.47534093	    126.19297477	    -38.32757807	      0.00000000	      0.00000000	      0.00000000	      0.00000000	      0.00000000	      0.00000000	     32.30556772	     13.22969161	     -7.64776909	      2.71467123	      0.22448195	     12.04439949	      0.00000000	      0.00000000	      0.00000000	     21.32361739	      6.03286046	     -4.87814509	      0.96485705	      0.31134285	      4.61345335	      0.00000000	      0.00000000	      0.00000000	     14.50274592	      3.68741017	     -3.29710043	      0.76458197	      0.05893813	      3.45714586	      0.00000000	      0.00000000	      0.00000000	      7.46294401	      1.50983529	     -1.67451373	      0.11860029	      0.00041727	      0.54073968	      0.00000000	      0.00000000	      0.00000000	     31.25633909	     20.26597439	     -7.57281928	      2.80861413	     -0.17809635	     11.75515356	      0.00000000	      0.00000000	      0.00000000	     20.83883387	      9.28389062	     -4.84351543	      1.17911995	     -0.38153332	      4.49218693	      0.00000000	      0.00000000	      0.00000000	     14.18027189	      5.84996889	     -3.27406506	      0.79907091	     -0.08786782	      3.37777197	      0.00000000	      0.00000000	      0.00000000	      7.32045453	      2.46539087	     -1.66433524	      0.11790719	      0.00041727	      0.53103686	      0.00000000	      0.00000000	      0.00000000
      1.81000000	     -0.00000000	     -0.00000000	      0.00000000	     -0.00000000	      0.00000000	     -0.00000000	      0.00000000	      0.00000000	      0.00000000	   -228.28030200	  -1431.00018858	    505.95457857	      0.01101807	     -0.02567691	      0.01565663	      0.00000000	      0.00000000	      0.00000000	     87.51053346	   -729.78598739	   -100.64228285	      8.97673524	      7.49364920	     -2.02675519	     -0.00824526	     -0.00360284	     -0.00125501	    495.46150480	     33.22070639	     68.89916359	     -1.42001121	      0.31270062	    -16.27963977	      0.00000000	      0.00000000	      0.00000000	    114.70558114	   -530.23562651	    -21.89119857	     -2.48247321	      2.17472671	      0.11870485	      0.00000000	      0.00000000	      0.00000000	    113.34257339	   -531.22722364	    -21.95177188	     -7.02148501	      2.53002382	    -33.34938224	      0.00000000	      0.00000000	      0.00000000	     81.53709402	    -29.10463632	      6.96474236	     -0.25280874	      0.03037119	     -1.25012652	      0.00000000	      0.00000000	      0.00000000	    -77.54183835	     15.12205692	      5.84412624	      0.00000000	      0.00000000	     -0.00000000	      0.00000000	      0.00000000	      0.00000000	      7.48394609	     15.15341362	     -1.53990733	      0.11731400	     -0.17605287	      0.11418978	     -0.00824526	     -0.00360284	      0.00125501	      0.40084211	      0.02793558	     -0.05200577	     -0.00135966	      0.00015979	     -0.01045004	      0.00000000	      0.00000000	      0.00000000	     -2.71622398	      3.80230749	      0.63685279	     -0.00154231	     -0.13118781	      0.02348166	      0.00000000	      0.00000000	      0.00000000	     -2.57902071	      3.42026232	      0.67720038	      0.01008520	     -0.17394935	      0.35508387	      0.00000000	      0.00000000	      0.00000000	     -0.54442091	      0.05345054	      0.36617332	      0.00181118	     -0.02446239	     -0.01413525	      0.00000000	      0.00000000	      0.00000000	    148.15541940	    102.69205419	    -30.35453962	      0.00000000	      0.00000000	      0.00000000	      0.00000000	      0.00000000	      0.00000000	     32.32891049	     11.41502007	     -6.05535206	      2.14704592	      0.21982560	     12.03737279	      0.00000000	      0.00000000	      0.00000000	     21.31118882	      5.22162825	     -3.86372851	      0.75832719	      0.31911641	      4.61491250	      0.00000000	      0.00000000	      0.00000000	     14.49036328	      3.18096954	     -2.61155674	      0.60466078	      0.06200270	      3.45531700	      0.00000000	      0.00000000	      0.00000000	      7.45318186	      1.29535945	     -1.32650559	      0.09395394	      0.00032948	      0.53996651	      0.00000000	      0.00000000	      0.00000000	     31.49678706	     16.97484749	     -6.00357166	      2.22936480	     -0.18308807	     11.80793971	      0.00000000	      0.00000000	      0.00000000	     20.92671615	      7.79047991	     -3.83980400	      0.94052748	     -0.37474050	      4.51881159	      0.00000000	      0.00000000	      0.00000000	     14.23461521	      4.88974868	     -2.59564235	      0.63444447	     -0.08493250	      3.39239388	      0.00000000	      0.00000000	      0.00000000	      7.34017614	      2.05040643	     -1.31947360	      0.09347509	      0.00032948	      0.53227139	      0.00000000	      0.00000000	      0.00000000
      1.82000000	      0.00000000	     -0.00000000	     -0.00000000	     -0.00000000	     -0.00000000	      0.00000000	      0.00000000	      0.00000000	      0.00000000	   -241.88273696	  -1413.49268312	    526.66713705	      0.01169017	     -0.03096428	      0.01722323	      0.00000000	      0.00000000	      0.00000000	     92.85333960	   -663.08023800	    -96.82827801	      8.33975408	      6.09533510	     -1.89762024	     -0.00824526	     -0.00360284	     -0.00125501	    494.04866010	     44.95449524	     68.93124073	     -1.41028185	      0.31887444	    -16.48097452	      0.00000000	      0.00000000	      0.00000000	    127.87934152	   -423.90685248	    -23.48961365	     -2.95265030	      0.96945779	     -0.14769114	      0.00000000	      0.00000000	      0.00000000	    126.43104273	   -424.62864509	    -23.58491717	     -6.83374804	      1.37680059	    -28.84790006	      0.00000000	      0.00000000	      0.00000000	     92.85675335	    -18.62299263	     10.55323853	     -0.04704246	     -0.02479795	     -0.57719431	      0.00000000	      0.00000000	      0.00000000	    -77.10002668	     11.19932606	      4.16708739	      0.00000000	      0.00000000	     -0.00000000	      0.00000000	      0.00000000	      0.00000000	      7.59377809	     13.91365795	     -1.26836405	     -0.02368756	     -0.19968462	      0.13130548	     -0.00824526	     -0.00360284	      0.00125501	      0.40711981	      0.01141618	     -0.05747847	     -0.00150550	      0.00015944	     -0.01065264	      0.00000000	      0.00000000	      0.00000000	     -2.56946354	      3.49388816	      0.86780591	     -0.00765838	     -0.15082194	      0.02762723	      0.00000000	      0.00000000	      0.00000000	     -2.43307806	      3.14747597	      0.89598125	      0.01654472	     -0.20391534	      0.33495426	      0.00000000	      0.00000000	      0.00000000	     -0.49654294	      0.06406792	      0.40714298	      0.00180213	     -0.02535597	     -0.01167290	      0.00000000	      0.00000000	      0.00000000	    148.41805827	     85.68305767	    -22.62240761	     -0.00000000	     -0.00000000	      0.00000000	      0.00000000	      0.00000000	      0.00000000	     32.11414697	     10.27787571	     -4.54355314	      1.60420702	      0.21406112	     11.94956010	      0.00000000	      0.00000000	      0.00000000	     21.15639134	      4.71705975	     -2.89635354	      0.55716056	      0.32423367	      4.58389636	      0.00000000	      0.00000000	      0.00000000	     14.38284892	      2.87032184	     -1.95774710	      0.45125520	      0.06445364	      3.43043072	      0.00000000	      0.00000000	      0.00000000	      7.39633796	      1.16548550	     -0.99411857	      0.07040365	      0.00024372	      0.53582507	      0.00000000	      0.00000000	      0.00000000	     31.49219145	     14.38899996	     -4.45559641	      1.66283384	     -0.18667293	     11.77799302	      0.00000000	      0.00000000	      0.00000000	     20.86902424	      6.61655546	     -2.85571419	      0.71119780	     -0.36578318	      4.51222613	      0.00000000	      0.00000000	      0.00000000	     14.19169467	      4.13385088	     -1.93071414	      0.47408298	     -0.08158819	      3.38345807	      0.00000000	      0.00000000	      0.00000000	      7.31187389	      1.72379276	     -0.98217369	      0.06959026	      0.00024372	      0.53007349	      0.00000000	      0.00000000	      0.00000000
      1.83000000	      0.00000000	     -0.00000000	      0.00000000	      0.00000000	     -0.00000000	      0.00000000	      0.00000000	      0.00000000	      0.00000000	   -255.34341034	  -1402.37434160	    547.08729016	      0.01200934	     -0.03614472	      0.01865876	      0.00000000	      0.00000000	      0.00000000	     95.37185248	   -617.89454494	    -93.15219445	      7.72040940	      5.24230839	     -1.70849268	     -0.00824526	     -0.00360284	     -0.00125501	    494.66573138	     56.15035354	     69.35205295	     -1.40026293	      0.32177415	    -16.70476013	      0.00000000	      0.00000000	      0.00000000	    150.25406369	   -386.47284693	    -25.34774832	     -3.53671603	      0.21048975	     -0.33624996	      0.00000000	      0.00000000	      0.00000000	    149.46851835	   -387.06042310	    -25.26550891	     -7.22690909	      0.60309511	    -28.35421286	      0.00000000	      0.00000000	      0.00000000	    102.70182607	    -11.34802212	     13.45192851	      0.10872730	     -0.02667217	     -0.08600201	      0.00000000	      0.00000000	      0.00000000	    -76.00959708	      8.77891924	      1.90524790	     -0.00000000	     -0.00000000	      0.00000000	      0.00000000	      0.00000000	      0.00000000	      7.62390066	     12.80549352	     -0.90576716	     -0.19107519	     -0.22894361	      0.15312374	     -0.00824526	     -0.00360284	      0.00125501	      0.40885929	      0.00280295	     -0.06177525	     -0.00162129	      0.00015423	     -0.01071904	      0.00000000	      0.00000000	      0.00000000	     -2.43294347	      3.20089186	      1.13958005	     -0.01553902	     -0.17534935	      0.03283175	      0.00000000	      0.00000000	      0.00000000	     -2.30076423	      2.88984983	      1.15484150	      0.02354063	     -0.24082733	      0.31737403	      0.00000000	      0.00000000	      0.00000000	     -0.46465954	      0.08172138	      0.45993877	      0.00188155	     -0.02699806	     -0.00882875	      0.00000000	      0.00000000	      0.00000000	    148.70387258	     70.47636769	    -15.74604986	     -0.00000000	     -0.00000000	      0.00000000	      0.00000000	      0.00000000	      0.00000000	     31.93279887	      9.24053525	     -3.19939065	      1.12087208	      0.20900695	     11.87501104	      0.00000000	      0.00000000	      0.00000000	     21.02513913	      4.25399298	     -2.03418431	      0.37799240	      0.32891406	      4.55782542	      0.00000000	      0.00000000	      0.00000000	     14.29157816	      2.58440053	     -1.37487743	      0.31447367	      0.06666822	      3.40938261	      0.00000000	      0.00000000	      0.00000000	      7.34802115	      1.04532560	     -0.69753849	      0.04938766	      0.00016931	      0.53230328	      0.00000000	      0.00000000	      0.00000000	     31.49989377	     12.08774536	     -3.06983202	      1.15554929	     -0.18993608	     11.75556753	      0.00000000	      0.00000000	      0.00000000	     20.82512051	      5.56951231	     -1.97432330	      0.50583512	     -0.35787943	      4.50799115	      0.00000000	      0.00000000	      0.00000000	     14.15852741	      3.45947324	     -1.33505837	      0.33042508	     -0.07861412	      3.37670650	      0.00000000	      0.00000000	      0.00000000	      7.28923090	      1.43198821	     -0.67994390	      0.04818956	      0.00016931	      0.52829996	      0.00000000	      0.00000000	      0.00000000
      1.84000000	     -0.00000000	     -0.00000000	     -0.00000000	      0.00000000	      0.00000000	      0.00000000	      0.00000000	      0.00000000	      0.00000000	   -263.88844640	  -1397.18468108	    566.65543490	      0.01221230	     -0.04127509	      0.01964318	      0.00000000	      0.00000000	      0.00000000	     98.15028248	   -590.73456363	    -89.02736721	      7.33730309	      4.80720852	     -1.57164602	     -0.00824526	     -0.00360284	     -0.00125501	    495.81905415	     66.04384847	     69.84643182	     -1.38958956	      0.32179320	    -16.89859136	      0.00000000	      0.00000000	      0.00000000	    169.40641638	   -385.60242672	    -27.75919670	     -3.98563242	     -0.17901969	     -0.44391350	      0.00000000	      0.00000000	      0.00000000	    169.11329289	   -386.05250052	    -27.51487574	     -7.76180753	      0.23628121	    -29.48703576	      0.00000000	      0.00000000	      0.00000000	    110.63458947	     -7.31831639	     15.45609619	      0.20549174	     -0.01283536	      0.20588074	      0.00000000	      0.00000000	      0.00000000	    -74.28334411	      7.16071346	      0.02853517	      0.00000000	     -0.00000000	      0.00000000	      0.00000000	      0.00000000	      0.00000000	      7.51197460	     12.22191315	     -0.58866183	     -0.32623419	     -0.25188805	      0.17147229	     -0.00824526	     -0.00360284	      0.00125501	      0.40108185	     -0.00240724	     -0.06480752	     -0.00170318	      0.00014933	     -0.01052720	      0.00000000	      0.00000000	      0.00000000	     -2.29167785	      3.08592295	      1.35802148	     -0.02106553	     -0.19528209	      0.03696716	      0.00000000	      0.00000000	      0.00000000	     -2.16526722	      2.78879740	      1.36295039	      0.02924174	     -0.27048845	      0.30835146	      0.00000000	      0.00000000	      0.00000000	     -0.43611754	      0.08904638	      0.50247244	      0.00203255	     -0.02825851	     -0.00775235	      0.00000000	      0.00000000	      0.00000000	    146.73889885	     61.09456127	    -11.44707238	     -0.00000000	     -0.00000000	     -0.00000000	      0.00000000	      0.00000000	      0.00000000	     31.37785720	      8.58423031	     -2.33014696	      0.81107829	      0.20303133	     11.66481616	      0.00000000	      0.00000000	      0.00000000	     20.65344899	      3.96394675	     -1.48374830	      0.26377309	      0.32716577	      4.47830886	      0.00000000	      0.00000000	      0.00000000	     14.03763193	      2.40753420	     -1.00304506	      0.22740470	      0.06707393	      3.34909978	      0.00000000	      0.00000000	      0.00000000	      7.21663167	      0.97267726	     -0.50917065	      0.03605304	      0.00012182	      0.52276817	      0.00000000	      0.00000000	      0.00000000	     31.06244096	     10.61760704	     -2.24125275	      0.85001567	     -0.18915102	     11.57771383	      0.00000000	      0.00000000	      0.00000000	     20.50771469	      4.90344411	     -1.44267579	      0.38130075	     -0.34833545	      4.44214611	      0.00000000	      0.00000000	      0.00000000	     13.94069067	      3.03248017	     -0.97572397	      0.24353396	     -0.07580883	      3.32534557	      0.00000000	      0.00000000	      0.00000000	      7.17379687	      1.24881802	     -0.49709846	      0.03523099	      0.00012182	      0.51985133	      0.00000000	      0.00000000	      0.00000000
      1.85000000	     -0.00000000	     -0.00000000	      0.00000000	      0.00000000	      0.00000000	      0.00000000	      0.00000000	      0.00000000	      0.00000000	   -267.11691566	  -1387.81873899	    583.38249349	      0.01242021	     -0.04666522	      0.02007885	      0.00000000	      0.00000000	      0.00000000	    100.79554648	   -572.22600309	    -84.55025165	      7.09472892	      4.53329842	     -1.52885434	     -0.00824526	     -0.00360284	     -0.00125501	    494.92104316	     74.30536426	     69.95362771	     -1.37678899	      0.31984876	    -16.98247745	      0.00000000	      0.00000000	      0.00000000	    178.51600809	   -391.59882644	    -29.30772165	     -4.20319734	     -0.37145096	     -0.49661471	      0.00000000	      0.00000000	      0.00000000	    178.46042856	   -392.00132257	    -28.96649753	     -8.08273926	      0.07632433	    -30.36252925	      0.00000000	      0.00000000	      0.00000000	    114.44697467	     -5.69115243	     16.40071644	      0.24912325	      0.00313751	      0.32857118	      0.00000000	      0.00000000	      0.00000000	    -71.79863633	      6.07469776	     -1.72147798	      0.00000000	     -0.00000000	     -0.00000000	      0.00000000	      0.00000000	      0.00000000	      7.30166682	     11.51459329	     -0.28971596	     -0.44927987	     -0.27035579	      0.18624754	     -0.00824526	     -0.00360284	      0.00125501	      0.39119133	      0.00087444	     -0.06722627	     -0.00176942	      0.00014319	     -0.01026274	      0.00000000	      0.00000000	      0.00000000	     -2.12551661	      2.87068987	      1.54533243	     -0.02723984	     -0.21132604	      0.04048089	      0.00000000	      0.00000000	      0.00000000	     -2.00631256	      2.59814935	      1.54069334	      0.03369952	     -0.29472648	      0.29214340	      0.00000000	      0.00000000	      0.00000000	     -0.40253730	      0.09864530	      0.53658381	      0.00210692	     -0.02908957	     -0.00602782	      0.00000000	      0.00000000	      0.00000000	    143.13106308	     52.89866301	     -7.84078174	      0.00000000	     -0.00000000	     -0.00000000	      0.00000000	      0.00000000	      0.00000000	     30.49593737	      7.94495759	     -1.62516199	      0.55796094	      0.19546024	     11.33412562	      0.00000000	      0.00000000	      0.00000000	     20.06818056	      3.67590495	     -1.03179202	      0.17046392	      0.32114313	      4.35236224	      0.00000000	      0.00000000	      0.00000000	     13.63895249	      2.23138418	     -0.69753515	      0.15581744	      0.06644128	      3.25428102	      0.00000000	      0.00000000	      0.00000000	      7.01111695	      0.89986452	     -0.35375565	      0.02504046	      0.00008136	      0.50787728	      0.00000000	      0.00000000	      0.00000000	     30.27738041	      9.31295566	     -1.51489386	      0.58388633	     -0.18595165	     11.27369596	      0.00000000	      0.00000000	      0.00000000	     19.96719893	      4.30797207	     -0.98084395	      0.27308391	     -0.33571013	      4.32745063	      0.00000000	      0.00000000	      0.00000000	     13.57178033	      2.65183006	     -0.66364491	      0.16817204	     -0.07245983	      3.23787486	      0.00000000	      0.00000000	      0.00000000	      6.98143603	      1.08564417	     -0.33878079	      0.02402074	      0.00008136	      0.50585616	      0.00000000	      0.00000000	      0.00000000
      1.86000000	     -0.00000000	      0.00000000	     -0.00000000	      0.00000000	     -0.00000000	      0.00000000	      0.00000000	      0.00000000	      0.00000000	   -266.39876685	  -1377.76101921	    598.04997584	      0.01273098	     -0.05270484	      0.01995621	      0.00000000	      0.00000000	      0.00000000	    104.41845428	   -558.10639260	    -79.50604386	      6.91533315	      4.41878902	     -1.53845591	     -0.00824526	     -0.00360284	     -0.00125501	    489.98633631	     80.52790175	     69.31190957	     -1.36035906	      0.31668609	    -16.89422662	      0.00000000	      0.00000000	      0.00000000	    176.02967783	   -392.77693388	    -29.61215665	     -4.17678314	     -0.35644962	     -0.49013632	      0.00000000	      0.00000000	      0.00000000	    176.03255087	   -393.16205949	    -29.23186950	     -8.07907566	      0.12359442	    -30.29908339	      0.00000000	      0.00000000	      0.00000000	    113.24997278	     -5.56530856	     16.26725639	      0.25090225	      0.02252983	      0.33461062	      0.00000000	      0.00000000	      0.00000000	    -68.49021944	      3.89935249	     -2.62922830	      0.00000000	     -0.00000000	      0.00000000	      0.00000000	      0.00000000	      0.00000000	      7.12303457	     10.42714023	     -0.09035402	     -0.49886798	     -0.27140662	      0.18799573	     -0.00824526	     -0.00360284	      0.00125501	      0.37495599	     -0.01600818	     -0.06549507	     -0.00172321	      0.00013603	     -0.00986201	      0.00000000	      0.00000000	      0.00000000	     -2.02631249	      2.70259634	      1.58926607	     -0.02737477	     -0.21207339	      0.04062819	      0.00000000	      0.00000000	      0.00000000	     -1.91570594	      2.44944192	      1.57925938	      0.03584991	     -0.29723831	      0.27871052	      0.00000000	      0.00000000	      0.00000000	     -0.39521494	      0.10129412	      0.53308436	      0.00188502	     -0.02881512	     -0.00487651	      0.00000000	      0.00000000	      0.00000000	    136.42905335	     49.78584243	     -6.52348134	      0.00000000	      0.00000000	      0.00000000	      0.00000000	      0.00000000	      0.00000000	     29.03790257	      7.65016089	     -1.41007418	      0.48020858	      0.18582803	     10.79486055	      0.00000000	      0.00000000	      0.00000000	     19.11470681	      3.54922723	     -0.89268001	      0.14204367	      0.30664136	      4.14549203	      0.00000000	      0.00000000	      0.00000000	     12.99166630	      2.15902358	     -0.60361766	      0.13377929	      0.06358682	      3.09988170	      0.00000000	      0.00000000	      0.00000000	      6.67929429	      0.87384886	     -0.30581860	      0.02163609	      0.00007438	      0.48383399	      0.00000000	      0.00000000	      0.00000000	     28.87078513	      8.69484305	     -1.24215474	      0.48670742	     -0.17779566	     10.74865114	      0.00000000	      0.00000000	      0.00000000	     19.03749220	      4.03191010	     -0.81509484	      0.23377806	     -0.31912815	      4.12644841	      0.00000000	      0.00000000	      0.00000000	     12.94030377	      2.48010029	     -0.55200864	      0.14132437	     -0.06871368	      3.08733865	      0.00000000	      0.00000000	      0.00000000	      6.65659907	      1.01572091	     -0.28301446	      0.02008324	      0.00007438	      0.48228856	      0.00000000	      0.00000000	      0.00000000
      1.87000000	      0.00000000	     -0.00000000	      0.00000000	     -0.00000000	     -0.00000000	      0.00000000	      0.00000000	      0.00000000	      0.00000000	   -261.58599281	  -1363.49177462	    612.98480213	      0.01304011	     -0.05889487	      0.01995163	      0.00000000	      0.00000000	      0.00000000	    106.33562242	   -544.34630441	    -74.71604943	      6.89416535	      4.37430139	     -1.52756215	     -0.00824526	     -0.00360284	     -0.00125501	    479.07530796	     83.24789506	     67.77035375	     -1.33019739	      0.31043983	    -16.55841715	      0.00000000	      0.00000000	      0.00000000	    165.70333390	   -387.08549886	    -28.81088135	     -3.96456588	     -0.19280121	     -0.43974345	      0.00000000	      0.00000000	      0.00000000	    165.60674633	   -387.51195536	    -28.42371305	     -7.80037090	      0.30493799	    -29.39617335	      0.00000000	      0.00000000	      0.00000000	    107.74061154	     -6.46287647	     15.24329084	      0.22088282	      0.04390365	      0.25383220	      0.00000000	      0.00000000	      0.00000000	    -65.09150195	      2.26135472	     -3.41389480	      0.00000000	     -0.00000000	      0.00000000	      0.00000000	      0.00000000	      0.00000000	      6.80715854	      9.62343835	      0.04731049	     -0.54183075	     -0.27125920	      0.18847735	     -0.00824526	     -0.00360284	      0.00125501	      0.36073042	     -0.01527948	     -0.06479163	     -0.00170684	      0.00012886	     -0.00949252	      0.00000000	      0.00000000	      0.00000000	     -1.86814574	      2.46244559	      1.62522041	     -0.02996784	     -0.21240000	      0.04096436	      0.00000000	      0.00000000	      0.00000000	     -1.76182630	      2.23383115	      1.61074789	      0.03670593	     -0.29848740	      0.25841030	      0.00000000	      0.00000000	      0.00000000	     -0.35243009	      0.10259930	      0.53101390	      0.00204125	     -0.02799373	     -0.00369926	      0.00000000	      0.00000000	      0.00000000	    127.84222309	     46.44379562	     -6.31640573	     -0.00000000	     -0.00000000	      0.00000000	      0.00000000	      0.00000000	      0.00000000	     27.21414790	      7.11365172	     -1.35351087	      0.46190538	      0.17416415	     10.11546699	      0.00000000	      0.00000000	      0.00000000	     17.91083116	      3.29768716	     -0.85705177	      0.13799614	      0.28713828	      3.88448853	      0.00000000	      0.00000000	      0.00000000	     12.17314490	      2.00429970	     -0.57954977	      0.12875214	      0.05950169	      2.90457420	      0.00000000	      0.00000000	      0.00000000	      6.25804802	      0.81001713	     -0.29367895	      0.02077893	      0.00006551	      0.45332787	      0.00000000	      0.00000000	      0.00000000	     27.04058742	      8.14912234	     -1.20223851	      0.46946791	     -0.16645639	     10.06738532	      0.00000000	      0.00000000	      0.00000000	     17.83063962	      3.77611396	     -0.78715819	      0.22402817	     -0.29909644	      3.86488726	      0.00000000	      0.00000000	      0.00000000	     12.11980214	      2.32254530	     -0.53305713	      0.13612968	     -0.06443995	      2.89161223	      0.00000000	      0.00000000	      0.00000000	      6.23447781	      0.95063822	     -0.27313555	      0.01938003	      0.00006551	      0.45172286	      0.00000000	      0.00000000	      0.00000000
      1.88000000	      0.00000000	      0.00000000	     -0.00000000	     -0.00000000	     -0.00000000	     -0.00000000	      0.00000000	      0.00000000	      0.00000000	   -263.91318736	  -1354.28825896	    622.88500340	      0.01297971	     -0.06430142	      0.01945695	      0.00000000	      0.00000000	      0.00000000	    108.20980698	   -529.00687978	    -69.06344673	      6.57006189	      4.33217367	     -1.58952534	     -0.00824526	     -0.00360284	     -0.00125501	    465.67467022	     85.41543866	     65.45014137	     -1.31420243	      0.30638831	    -16.12826883	      0.00000000	      0.00000000	      0.00000000	    147.30727903	   -376.77459584	    -27.28638572	     -3.65149308	      0.05469695	     -0.36512497	      0.00000000	      0.00000000	      0.00000000	    147.00501503	   -377.27004105	    -26.95300904	     -7.36119162	      0.58151870	    -27.80859792	      0.00000000	      0.00000000	      0.00000000	     99.31540186	     -7.76978973	     13.71529697	      0.17300688	      0.06259718	      0.13353583	      0.00000000	      0.00000000	      0.00000000	    -59.40401177	      2.88936434	     -3.47265952	     -0.00000000	      0.00000000	      0.00000000	      0.00000000	      0.00000000	      0.00000000	      6.07099009	      9.46245111	      0.11195276	     -0.58719625	     -0.26357988	      0.18740026	     -0.00824526	     -0.00360284	      0.00125501	      0.32874109	      0.01283389	     -0.07134449	     -0.00188262	      0.00013671	     -0.00861490	      0.00000000	      0.00000000	      0.00000000	     -1.62641687	      2.30479933	      1.68128408	     -0.03491530	     -0.21102035	      0.04124978	      0.00000000	      0.00000000	      0.00000000	     -1.53530009	      2.09064154	      1.65948471	      0.03653047	     -0.29906603	      0.23907193	      0.00000000	      0.00000000	      0.00000000	     -0.31446265	      0.10132652	      0.52614429	      0.00186056	     -0.02707253	     -0.00333965	      0.00000000	      0.00000000	      0.00000000	    118.77522653	     38.54857937	     -5.91381120	     -0.00000000	     -0.00000000	      0.00000000	      0.00000000	      0.00000000	      0.00000000	     25.24386387	      6.07568619	     -1.25577435	      0.43014654	      0.16138764	      9.37722410	      0.00000000	      0.00000000	      0.00000000	     16.60251583	      2.81920406	     -0.79418923	      0.13138053	      0.26612070	      3.60190196	      0.00000000	      0.00000000	      0.00000000	     11.28278644	      1.70582544	     -0.53694327	      0.11991872	      0.05513354	      2.69239192	      0.00000000	      0.00000000	      0.00000000	      5.79889910	      0.68481610	     -0.27198299	      0.01924401	      0.00005811	      0.42005243	      0.00000000	      0.00000000	      0.00000000	     25.07459716	      7.08207990	     -1.12113558	      0.43512371	     -0.15422368	      9.33032560	      0.00000000	      0.00000000	      0.00000000	     16.52430817	      3.28419622	     -0.73198100	      0.20487105	     -0.27716710	      3.58279796	      0.00000000	      0.00000000	      0.00000000	     11.23076334	      2.01513442	     -0.49556286	      0.12588133	     -0.05971043	      2.67975513	      0.00000000	      0.00000000	      0.00000000	      5.77591199	      0.82148842	     -0.25369850	      0.01799893	      0.00005811	      0.41848712	      0.00000000	      0.00000000	      0.00000000
      1.89000000	     -0.00000000	     -0.00000000	      0.00000000	     -0.00000000	      0.00000000	      0.00000000	      0.00000000	      0.00000000	      0.00000000	   -266.37148314	  -1350.46766996	    631.62859834	      0.01281876	     -0.06885763	      0.01933627	      0.00000000	      0.00000000	      0.00000000	    110.28944739	   -515.17080763	    -63.39667747	      6.27822817	      4.26377220	     -1.60866613	     -0.00824526	     -0.00360284	     -0.00125501	    447.96594910	     84.19082465	     62.46838441	     -1.28823196	      0.29864929	    -15.51598550	      0.00000000	      0.00000000	      0.00000000	    127.80257633	   -365.34059547	    -25.39460904	     -3.30730595	      0.31519696	     -0.28554519	      0.00000000	      0.00000000	      0.00000000	    127.32942568	   -365.93057855	    -25.11265540	     -6.86672947	      0.85579080	    -26.09388977	      0.00000000	      0.00000000	      0.00000000	     89.97326499	     -9.39077867	     11.98829159	      0.11674148	      0.07026771	     -0.00991371	      0.00000000	      0.00000000	      0.00000000	    -53.98123631	     -2.84178670	     -2.71752295	     -0.00000000	      0.00000000	      0.00000000	      0.00000000	      0.00000000	      0.00000000	      5.99935830	      6.45046077	      0.06542452	     -0.42940154	     -0.21863550	      0.14929573	     -0.00824526	     -0.00360284	      0.00125501	      0.30493594	     -0.05119542	     -0.05179668	     -0.00136183	      0.00010864	     -0.00806810	      0.00000000	      0.00000000	      0.00000000	     -1.60252684	      1.82689577	      1.28039399	     -0.02180790	     -0.16728605	      0.03207100	      0.00000000	      0.00000000	      0.00000000	     -1.51407099	      1.66275600	      1.26896920	      0.03023678	     -0.23585448	      0.20327971	      0.00000000	      0.00000000	      0.00000000	     -0.30874178	      0.08901705	      0.41561214	      0.00128137	     -0.02247371	     -0.00121468	      0.00000000	      0.00000000	      0.00000000	    105.87886834	     40.24058110	     -6.55959118	      0.00000000	      0.00000000	     -0.00000000	      0.00000000	      0.00000000	      0.00000000	     22.55351382	      6.05500748	     -1.48190499	      0.50897247	      0.14548219	      8.38691694	      0.00000000	      0.00000000	      0.00000000	     14.85188419	      2.81841863	     -0.93334631	      0.16071115	      0.23639369	      3.22092147	      0.00000000	      0.00000000	      0.00000000	     10.09565016	      1.71687808	     -0.63110140	      0.14183070	      0.04868739	      2.40890945	      0.00000000	      0.00000000	      0.00000000	      5.19142083	      0.69778177	     -0.31916023	      0.02256529	      0.00008271	      0.37604355	      0.00000000	      0.00000000	      0.00000000	     22.40160982	      7.02804856	     -1.21894856	      0.47755418	     -0.13728582	      8.34495717	      0.00000000	      0.00000000	      0.00000000	     14.78169877	      3.26800061	     -0.81185044	      0.22287969	     -0.24927256	      3.20352777	      0.00000000	      0.00000000	      0.00000000	     10.04896339	      2.01593634	     -0.55028334	      0.13942312	     -0.05393922	      2.39747760	      0.00000000	      0.00000000	      0.00000000	      5.17079165	      0.82992467	     -0.28344969	      0.02013358	      0.00008271	      0.37463881	      0.00000000	      0.00000000	      0.00000000
      1.90000000	     -0.00000000	      0.00000000	      0.00000000	     -0.00000000	      0.00000000	     -0.00000000	      0.00000000	      0.00000000	      0.00000000	   -267.41216695	  -1341.98847385	    639.18847182	      0.01266580	     -0.07227207	      0.01926448	      0.00000000	      0.00000000	      0.00000000	    111.31888324	   -501.56587491	    -57.93353414	      6.01496284	      4.20976324	     -1.58608155	     -0.00824526	     -0.00360284	     -0.00125501	    426.97324606	     80.64090980	     58.94500623	     -1.25698624	      0.28793901	    -14.76801402	      0.00000000	      0.00000000	      0.00000000	    109.79865680	   -356.12909687	    -23.62048321	     -2.99100603	      0.59225848	     -0.20570679	      0.00000000	      0.00000000	      0.00000000	    109.11108802	   -356.78065544	    -23.40424547	     -6.42035526	      1.14330980	    -24.56936170	      0.00000000	      0.00000000	      0.00000000	     80.67772208	    -10.87079724	     10.23507814	      0.06033900	      0.08290209	     -0.13932999	      0.00000000	      0.00000000	      0.00000000	    -48.24459901	     -2.96317077	     -1.94425428	     -0.00000000	      0.00000000	     -0.00000000	      0.00000000	      0.00000000	      0.00000000	      5.19803634	      6.38409145	     -0.04445901	     -0.39038762	     -0.19527625	      0.13496268	     -0.00824526	     -0.00360284	      0.00125501	      0.27783507	     -0.02097569	     -0.05301359	     -0.00139721	      0.00010891	     -0.00733597	      0.00000000	      0.00000000	      0.00000000	     -1.36327928	      1.63894790	      1.18032061	     -0.02379924	     -0.15214270	      0.02959312	      0.00000000	      0.00000000	      0.00000000	     -1.28360514	      1.48963150	      1.16864448	      0.02594006	     -0.21490858	      0.17955837	      0.00000000	      0.00000000	      0.00000000	     -0.24878960	      0.08035716	      0.38181920	      0.00130653	     -0.02001598	     -0.00146421	      0.00000000	      0.00000000	      0.00000000	     93.70787650	     35.28853228	     -8.62623666	      0.00000000	     -0.00000000	     -0.00000000	      0.00000000	      0.00000000	      0.00000000	     20.00724130	      5.03281854	     -1.81600302	      0.63639244	      0.13022488	      7.43358211	      0.00000000	      0.00000000	      0.00000000	     13.16094844	      2.33965992	     -1.15388293	      0.21554272	      0.20679050	      2.85476305	      0.00000000	      0.00000000	      0.00000000	      8.94515804	      1.41634054	     -0.78031005	      0.17864852	      0.04207632	      2.13439406	      0.00000000	      0.00000000	      0.00000000	      4.59800050	      0.57117983	     -0.39585956	      0.02801822	      0.00009082	      0.33305299	      0.00000000	      0.00000000	      0.00000000	     19.77172880	      6.46621909	     -1.66736924	      0.63238319	     -0.11970148	      7.36838971	      0.00000000	      0.00000000	      0.00000000	     13.05213272	      3.00194547	     -1.08520847	      0.27754180	     -0.22306773	      2.82806411	      0.00000000	      0.00000000	      0.00000000	      8.87277471	      1.85688748	     -0.73462836	      0.18199285	     -0.04879310	      2.11676833	      0.00000000	      0.00000000	      0.00000000	      4.56601696	      0.76584140	     -0.37567449	      0.02664372	      0.00009082	      0.33087507	      0.00000000	      0.00000000	      0.00000000
      1.91000000	      0.00000000	     -0.00000000	      0.00000000	     -0.00000000	      0.00000000	      0.00000000	      0.00000000	      0.00000000	      0.00000000	   -269.76030989	  -1332.94920019	    640.53350562	      0.01246485	     -0.07474996	      0.01842485	      0.00000000	      0.00000000	      0.00000000	    111.60813036	   -486.99445038	    -51.81942849	      5.58455522	      4.10205316	     -1.56470560	     -0.00824526	     -0.00360284	     -0.00125501	    403.32187599	     75.39566913	     54.77326115	     -1.23157902	      0.27739555	    -13.91397185	      0.00000000	      0.00000000	      0.00000000	     92.46219288	   -350.66275337	    -22.45937412	     -2.74921409	      0.80877970	     -0.14359594	      0.00000000	      0.00000000	      0.00000000	     91.62845258	   -351.39323482	    -22.30085829	     -6.09915502	      1.40155768	    -23.31570326	      0.00000000	      0.00000000	      0.00000000	     72.95516771	    -12.01201854	      8.83851496	      0.01459252	      0.08584902	     -0.23970089	      0.00000000	      0.00000000	      0.00000000	    -41.65035841	     -6.11132946	     -0.39930029	      0.00000000	     -0.00000000	      0.00000000	      0.00000000	      0.00000000	      0.00000000	      4.70318696	      4.39560637	     -0.23346882	     -0.20878749	     -0.14210589	      0.09372245	     -0.00824526	     -0.00360284	      0.00125501	      0.24619678	     -0.04450720	     -0.03777754	     -0.00099295	      0.00008788	     -0.00653069	      0.00000000	      0.00000000	      0.00000000	     -1.25184306	      1.21260651	      0.75478093	     -0.01343858	     -0.10537899	      0.02017052	      0.00000000	      0.00000000	      0.00000000	     -1.17776044	      1.10463747	      0.75462327	      0.01698074	     -0.14714805	      0.14230530	      0.00000000	      0.00000000	      0.00000000	     -0.22045936	      0.06450293	      0.26868455	      0.00089555	     -0.01490950	     -0.00032687	      0.00000000	      0.00000000	      0.00000000	     80.74350660	     32.12205989	     -9.29190910	     -0.00000000	      0.00000000	     -0.00000000	      0.00000000	      0.00000000	      0.00000000	     17.27718082	      4.35376512	     -1.96487743	      0.69088449	      0.11351872	      6.41896641	      0.00000000	      0.00000000	      0.00000000	     11.36412612	      2.01937186	     -1.24508233	      0.23955138	      0.17657730	      2.46508968	      0.00000000	      0.00000000	      0.00000000	      7.72427666	      1.21985586	     -0.84181567	      0.19387052	      0.03555829	      1.84309684	      0.00000000	      0.00000000	      0.00000000	      3.97044073	      0.49071625	     -0.42666240	      0.03019270	      0.00009746	      0.28759571	      0.00000000	      0.00000000	      0.00000000	     17.02198149	      5.92109317	     -1.77796623	      0.67172446	     -0.10220306	      6.34835034	      0.00000000	      0.00000000	      0.00000000	     11.24621432	      2.74353701	     -1.15872225	      0.28992407	     -0.19402939	      2.43610860	      0.00000000	      0.00000000	      0.00000000	      7.64584270	      1.70156460	     -0.78436965	      0.19323615	     -0.04276232	      1.82397932	      0.00000000	      0.00000000	      0.00000000	      3.93578363	      0.70356572	     -0.40127911	      0.02846422	      0.00009746	      0.28523573	      0.00000000	      0.00000000	      0.00000000
      1.92000000	     -0.00000000	      0.00000000	      0.00000000	      0.00000000	      0.00000000	     -0.00000000	      0.00000000	      0.00000000	      0.00000000	   -270.60608689	  -1318.01082315	    641.23996668	      0.01228948	     -0.07647382	      0.01785625	      0.00000000	      0.00000000	      0.00000000	    110.73329613	   -472.36960777	    -45.81665745	      5.17910426	      3.96503907	     -1.50382431	     -0.00824526	     -0.00360284	     -0.00125501	    376.38754987	     68.02113268	     50.21141897	     -1.19343243	      0.26484679	    -12.93059216	      0.00000000	      0.00000000	      0.00000000	     81.32660479	   -349.72638424	    -21.58487147	     -2.60581102	      0.94433579	     -0.10507430	      0.00000000	      0.00000000	      0.00000000	     80.44258520	   -350.51690473	    -21.46704823	     -5.91548029	      1.55548150	    -22.64648319	      0.00000000	      0.00000000	      0.00000000	     67.37647793	    -12.83932408	      7.84457703	     -0.01870621	      0.08537886	     -0.30983105	      0.00000000	      0.00000000	      0.00000000	    -35.42964964	     -7.81909638	      1.01445356	     -0.00000000	      0.00000000	      0.00000000	      0.00000000	      0.00000000	      0.00000000	      4.05368362	      3.39091890	     -0.41349609	     -0.05769900	     -0.09763038	      0.06062435	     -0.00824526	     -0.00360284	      0.00125501	      0.21362070	     -0.04597612	     -0.02554025	     -0.00066872	      0.00006907	     -0.00568668	      0.00000000	      0.00000000	      0.00000000	     -1.10888589	      0.95996667	      0.41395547	     -0.00599179	     -0.06839811	      0.01279915	      0.00000000	      0.00000000	      0.00000000	     -1.04445010	      0.87441315	      0.42380586	      0.00891948	     -0.09309622	      0.11514994	      0.00000000	      0.00000000	      0.00000000	     -0.19615868	      0.04792866	      0.18088135	      0.00045026	     -0.01088469	     -0.00031129	      0.00000000	      0.00000000	      0.00000000	     68.31308945	     27.32697579	    -10.46900926	     -0.00000000	     -0.00000000	      0.00000000	      0.00000000	      0.00000000	      0.00000000	     14.64016243	      3.54102414	     -2.24423972	      0.79373320	      0.09777477	      5.43812793	      0.00000000	      0.00000000	      0.00000000	      9.62752115	      1.65452622	     -1.42237516	      0.28278356	      0.14667108	      2.08880285	      0.00000000	      0.00000000	      0.00000000	      6.54457071	      0.99704491	     -0.96183037	      0.22307632	      0.02898360	      1.56170020	      0.00000000	      0.00000000	      0.00000000	      3.36412331	      0.40174896	     -0.48750957	      0.03449493	      0.00011543	      0.24365403	      0.00000000	      0.00000000	      0.00000000	     14.36464770	      5.23790367	     -2.00236985	      0.75404391	     -0.08493058	      5.36189915	      0.00000000	      0.00000000	      0.00000000	      9.50022286	      2.43854908	     -1.31062209	      0.31879776	     -0.16661048	      2.05749765	      0.00000000	      0.00000000	      0.00000000	      6.45989293	      1.51857051	     -0.88749314	      0.21717258	     -0.03718773	      1.54105456	      0.00000000	      0.00000000	      0.00000000	      3.32670730	      0.63219205	     -0.45466267	      0.03225822	      0.00011543	      0.24110618	      0.00000000	      0.00000000	      0.00000000
      1.93000000	     -0.00000000	     -0.00000000	     -0.00000000	     -0.00000000	     -0.00000000	     -0.00000000	      0.00000000	      0.00000000	      0.00000000	   -270.02719926	  -1300.67523793	    639.29446457	      0.01208951	     -0.07763752	      0.01685875	      0.00000000	      0.00000000	      0.00000000	    108.96774272	   -456.41290301	    -39.56207095	      4.80817036	      3.81501572	     -1.42623873	     -0.00824526	     -0.00360284	     -0.00125501	    347.16285967	     59.74692878	     45.32080501	     -1.14895615	      0.25316284	    -11.86444583	      0.00000000	      0.00000000	      0.00000000	     72.89101150	   -352.21703859	    -21.71259413	     -2.55007307	      1.03354856	     -0.08290030	      0.00000000	      0.00000000	      0.00000000	     71.99333347	   -353.04254201	    -21.61535183	     -5.88602844	      1.70278866	    -22.33220807	      0.00000000	      0.00000000	      0.00000000	     63.65967919	    -13.03029271	      7.23775937	     -0.03481980	      0.09504706	     -0.33109151	      0.00000000	      0.00000000	      0.00000000	    -29.41127269	     -8.26848927	      1.85885065	     -0.00000000	      0.00000000	     -0.00000000	      0.00000000	      0.00000000	      0.00000000	      3.29836373	      3.13993736	     -0.50449680	     -0.08582499	     -0.08516263	      0.05641164	     -0.00824526	     -0.00360284	      0.00125501	      0.18208109	     -0.02851398	     -0.03657275	     -0.00096258	      0.00008431	     -0.00486599	      0.00000000	      0.00000000	      0.00000000	     -0.89269748	      0.82848934	      0.46851902	     -0.00988789	     -0.06472988	      0.01256506	      0.00000000	      0.00000000	      0.00000000	     -0.83985748	      0.75383355	      0.46896841	      0.00931669	     -0.09151737	      0.09780180	      0.00000000	      0.00000000	      0.00000000	     -0.15435598	      0.04413918	      0.16896417	      0.00045511	     -0.00957093	     -0.00028250	      0.00000000	      0.00000000	      0.00000000	     57.04698147	     21.33850419	    -11.10828104	     -0.00000000	     -0.00000000	      0.00000000	      0.00000000	      0.00000000	      0.00000000	     12.24821268	      2.57017146	     -2.31057897	      0.82360354	      0.08288614	      4.54427543	      0.00000000	      0.00000000	      0.00000000	      8.04374343	      1.20611011	     -1.47067824	      0.29991901	      0.12024978	      1.74594749	      0.00000000	      0.00000000	      0.00000000	      5.46715976	      0.71811314	     -0.99447239	      0.23215879	      0.02331355	      1.30470522	      0.00000000	      0.00000000	      0.00000000	      2.80895644	      0.28577155	     -0.50476591	      0.03573358	      0.00012102	      0.20341831	      0.00000000	      0.00000000	      0.00000000	     11.95063126	      4.44369178	     -2.16597111	      0.80588643	     -0.06932212	      4.46201595	      0.00000000	      0.00000000	      0.00000000	      7.90624950	      2.07174773	     -1.40386391	      0.33319070	     -0.14114992	      1.71198964	      0.00000000	      0.00000000	      0.00000000	      5.37569992	      1.29392822	     -0.95002805	      0.23069410	     -0.03192160	      1.28235280	      0.00000000	      0.00000000	      0.00000000	      2.76854368	      0.54020316	     -0.48512758	      0.03439631	      0.00012102	      0.20066640	      0.00000000	      0.00000000	      0.00000000
      1.94000000	     -0.00000000	      0.00000000	      0.00000000	     -0.00000000	     -0.00000000	     -0.00000000	      0.00000000	      0.00000000	      0.00000000	   -271.94875140	  -1278.87426457	    636.25703797	      0.01188544	     -0.07849172	      0.01614771	      0.00000000	      0.00000000	      0.00000000	    105.82981644	   -439.02514045	    -33.12438196	      4.35083276	      3.60440665	     -1.36547431	     -0.00824526	     -0.00360284	     -0.00125501	    315.77294486	     50.50242317	     40.23923470	     -1.09280697	      0.24154674	    -10.71850818	      0.00000000	      0.00000000	      0.00000000	     69.63639321	   -357.42596101	    -22.10873451	     -2.59258995	      1.01716947	     -0.08898129	      0.00000000	      0.00000000	      0.00000000	     68.83814411	   -358.33746349	    -22.01686392	     -5.98160052	      1.72797130	    -22.46508203	      0.00000000	      0.00000000	      0.00000000	     62.26032023	    -12.87273510	      7.12812399	     -0.03551536	      0.10072960	     -0.32606714	      0.00000000	      0.00000000	      0.00000000	    -23.68946269	    -11.79283048	      3.32358694	      0.00000000	     -0.00000000	      0.00000000	      0.00000000	      0.00000000	      0.00000000	      2.94580943	      0.67904751	     -0.70775269	      0.16491736	     -0.02928393	      0.00802435	     -0.00824526	     -0.00360284	      0.00125501	      0.15041703	     -0.06830692	     -0.00869044	     -0.00022313	      0.00004027	     -0.00405775	      0.00000000	      0.00000000	      0.00000000	     -0.83457270	      0.35130077	     -0.09724103	      0.00444904	     -0.01141237	      0.00155117	      0.00000000	      0.00000000	      0.00000000	     -0.78348817	      0.32418979	     -0.07419766	     -0.00268185	     -0.01014351	      0.05871195	      0.00000000	      0.00000000	      0.00000000	     -0.13391454	      0.02700175	      0.04364576	     -0.00007609	     -0.00421672	      0.00118252	      0.00000000	      0.00000000	      0.00000000	     46.71906643	     16.91921459	    -10.30309199	      0.00000000	      0.00000000	      0.00000000	      0.00000000	      0.00000000	      0.00000000	     10.03182784	      1.96801913	     -2.19630473	      0.78199468	      0.06869784	      3.72133329	      0.00000000	      0.00000000	      0.00000000	      6.58721690	      0.92745268	     -1.39219805	      0.28666398	      0.09699031	      1.43028291	      0.00000000	      0.00000000	      0.00000000	      4.47765919	      0.54908820	     -0.94133385	      0.22007841	      0.01851512	      1.06872139	      0.00000000	      0.00000000	      0.00000000	      2.30069294	      0.21746926	     -0.47712574	      0.03376210	      0.00011524	      0.16659713	      0.00000000	      0.00000000	      0.00000000	      9.76250338	      3.66143785	     -1.97450683	      0.73737341	     -0.05606094	      3.64688076	      0.00000000	      0.00000000	      0.00000000	      6.46277877	      1.70987651	     -1.28971898	      0.30376868	     -0.11654808	      1.39955739	      0.00000000	      0.00000000	      0.00000000	      4.39488396	      1.06955015	     -0.87316562	      0.21185016	     -0.02655600	      1.04849433	      0.00000000	      0.00000000	      0.00000000	      2.26411759	      0.44744235	     -0.44700470	      0.03171101	      0.00011524	      0.16410653	      0.00000000	      0.00000000	      0.00000000
      1.95000000	      0.00000000	     -0.00000000	      0.00000000	      0.00000000	      0.00000000	      0.00000000	      0.00000000	      0.00000000	      0.00000000	   -274.03117174	  -1255.85706070	    633.56025063	      0.01166011	     -0.07926967	      0.01542320	      0.00000000	      0.00000000	      0.00000000	    101.95158380	   -422.15158810	    -26.68624342	      3.94244672	      3.39181927	     -1.32233510	     -0.00824526	     -0.00360284	     -0.00125501	    283.43380734	     41.08296296	     35.08548981	     -1.02988654	      0.23059403	     -9.53852962	      0.00000000	      0.00000000	      0.00000000	     70.04508166	   -365.14191820	    -23.04037853	     -2.70368248	      0.95302647	     -0.11030094	      0.00000000	      0.00000000	      0.00000000	     69.39015435	   -366.11503483	    -22.94024754	     -6.18520247	      1.71264860	    -22.94237278	      0.00000000	      0.00000000	      0.00000000	     62.50793065	    -12.29524231	      7.34941707	     -0.02309499	      0.11527885	     -0.28854623	      0.00000000	      0.00000000	      0.00000000	    -18.75896396	    -11.16269329	      3.97920715	      0.00000000	      0.00000000	      0.00000000	      0.00000000	      0.00000000	      0.00000000	      2.27074826	      0.81689770	     -0.77819325	      0.20628295	     -0.00834801	     -0.00340748	     -0.00824526	     -0.00360284	      0.00125501	      0.12433322	     -0.04748289	     -0.00673652	     -0.00017239	      0.00003324	     -0.00337049	      0.00000000	      0.00000000	      0.00000000	     -0.66750755	      0.30330472	     -0.19787313	      0.00587917	      0.00268495	     -0.00110776	      0.00000000	      0.00000000	      0.00000000	     -0.62718601	      0.27726502	     -0.17454528	     -0.00554757	      0.00945131	      0.04601479	      0.00000000	      0.00000000	      0.00000000	     -0.10723664	      0.01522348	      0.00922133	     -0.00014733	     -0.00231197	      0.00028872	      0.00000000	      0.00000000	      0.00000000	     38.78201631	      9.41198159	     -9.81392481	     -0.00000000	     -0.00000000	     -0.00000000	      0.00000000	      0.00000000	      0.00000000	      8.29601490	      1.04042053	     -2.09105076	      0.74788090	      0.05742553	      3.07136893	      0.00000000	      0.00000000	      0.00000000	      5.43582343	      0.50650214	     -1.32677805	      0.27870522	      0.07858202	      1.18161599	      0.00000000	      0.00000000	      0.00000000	      3.69428017	      0.28790748	     -0.89717322	      0.21076693	      0.01470628	      0.88204722	      0.00000000	      0.00000000	      0.00000000	      1.89692760	      0.10925480	     -0.45489415	      0.03219084	      0.00011044	      0.13732589	      0.00000000	      0.00000000	      0.00000000	      8.04112215	      2.63934060	     -1.88757863	      0.70186344	     -0.04537309	      3.00089904	      0.00000000	      0.00000000	      0.00000000	      5.31805328	      1.24526400	     -1.23276619	      0.28471032	     -0.09726384	      1.15255030	      0.00000000	      0.00000000	      0.00000000	      3.61594043	      0.77932583	     -0.83463730	      0.20148624	     -0.02238375	      0.86290893	      0.00000000	      0.00000000	      0.00000000	      1.86231214	      0.32639460	     -0.42726182	      0.03030922	      0.00011044	      0.13496875	      0.00000000	      0.00000000	      0.00000000
      1.96000000	     -0.00000000	     -0.00000000	      0.00000000	     -0.00000000	      0.00000000	      0.00000000	      0.00000000	      0.00000000	      0.00000000	   -278.81207076	  -1231.50919174	    630.77891884	      0.01138680	     -0.08013504	      0.01490183	      0.00000000	      0.00000000	      0.00000000	     97.29017498	   -406.03044737	    -20.22554180	      3.54171830	      3.18281810	     -1.31761198	     -0.00824526	     -0.00360284	     -0.00125501	    251.32378593	     32.04002035	     29.99460395	     -0.96452053	      0.22018163	     -8.36674608	      0.00000000	      0.00000000	      0.00000000	     73.41625524	   -374.38151234	    -24.27794878	     -2.86641872	      0.84652647	     -0.14460452	      0.00000000	      0.00000000	      0.00000000	     72.95598474	   -375.45141728	    -24.16111747	     -6.46295760	      1.65364362	    -23.67082348	      0.00000000	      0.00000000	      0.00000000	     64.28023381	    -11.52220822	      7.85403500	     -0.00087786	      0.13232086	     -0.23630312	      0.00000000	      0.00000000	      0.00000000	    -14.40668598	    -11.81226571	      4.22336028	      0.00000000	     -0.00000000	      0.00000000	      0.00000000	      0.00000000	      0.00000000	      1.83095218	     -0.04858502	     -0.78890769	      0.26857596	      0.01082141	     -0.01835407	     -0.00824526	     -0.00360284	      0.00125501	      0.09750267	     -0.05402279	      0.00230435	      0.00006655	      0.00001516	     -0.00266673	      0.00000000	      0.00000000	      0.00000000	     -0.55388053	      0.11966359	     -0.35833248	      0.00984837	      0.01923815	     -0.00447549	      0.00000000	      0.00000000	      0.00000000	     -0.51994411	      0.11111134	     -0.33010115	     -0.00879302	      0.03445746	      0.02762739	      0.00000000	      0.00000000	      0.00000000	     -0.08607768	      0.00710504	     -0.03165255	     -0.00025903	     -0.00031298	      0.00061384	      0.00000000	      0.00000000	      0.00000000	     32.47736804	      2.53104574	     -8.04453434	      0.00000000	      0.00000000	      0.00000000	      0.00000000	      0.00000000	      0.00000000	      6.89106997	      0.30506465	     -1.74687161	      0.62517565	      0.04759063	      2.54618426	      0.00000000	      0.00000000	      0.00000000	      4.50602924	      0.16762855	     -1.10454250	      0.23560755	      0.06507804	      0.98088467	      0.00000000	      0.00000000	      0.00000000	      3.06166437	      0.07833349	     -0.74684205	      0.17600581	      0.01216544	      0.73136932	      0.00000000	      0.00000000	      0.00000000	      1.57110534	      0.02171607	     -0.37822715	      0.02675599	      0.00009132	      0.11370982	      0.00000000	      0.00000000	      0.00000000	      6.68431331	      1.59320787	     -1.52363534	      0.56716939	     -0.03768857	      2.48900632	      0.00000000	      0.00000000	      0.00000000	      4.41049980	      0.76279970	     -1.00139886	      0.22784085	     -0.08047348	      0.95733947	      0.00000000	      0.00000000	      0.00000000	      2.99811897	      0.47423647	     -0.67823174	      0.16324400	     -0.01848828	      0.71585679	      0.00000000	      0.00000000	      0.00000000	      1.54302695	      0.19665112	     -0.34791076	      0.02469159	      0.00009132	      0.11179782	      0.00000000	      0.00000000	      0.00000000
      1.97000000	      0.00000000	      0.00000000	      0.00000000	     -0.00000000	      0.00000000	     -0.00000000	      0.00000000	      0.00000000	      0.00000000	   -284.78177744	  -1208.42053330	    628.48627637	      0.01105788	     -0.08124487	      0.01455035	      0.00000000	      0.00000000	      0.00000000	     92.36179760	   -392.88320909	    -13.82142597	      3.17838264	      3.00206455	     -1.35587151	     -0.00824526	     -0.00360284	     -0.00125501	    220.61423607	     23.76380494	     25.09256070	     -0.90092517	      0.21008232	     -7.24329509	      0.00000000	      0.00000000	      0.00000000	     78.79881411	   -384.71861955	    -25.60510056	     -3.05430303	      0.70959623	     -0.18730435	      0.00000000	      0.00000000	      0.00000000	     78.56929294	   -385.89523289	    -25.46486782	     -6.77676101	      1.55718964	    -24.57097817	      0.00000000	      0.00000000	      0.00000000	     67.20390550	    -10.71611535	      8.57145957	      0.02611844	      0.14928768	     -0.17907127	      0.00000000	      0.00000000	      0.00000000	    -10.83449246	    -10.65515063	      3.97919658	     -0.00000000	      0.00000000	     -0.00000000	      0.00000000	      0.00000000	      0.00000000	      1.33866029	      0.20015318	     -0.72433851	      0.24853557	      0.01590575	     -0.01863023	     -0.00824526	     -0.00360284	      0.00125501	      0.07694329	     -0.03778154	      0.00244711	      0.00006926	      0.00001026	     -0.00212013	      0.00000000	      0.00000000	      0.00000000	     -0.42232827	      0.13234253	     -0.34085830	      0.00894353	      0.02063483	     -0.00462668	      0.00000000	      0.00000000	      0.00000000	     -0.39768670	      0.12038376	     -0.31602874	     -0.00866270	      0.03552725	      0.02224849	      0.00000000	      0.00000000	      0.00000000	     -0.06929432	      0.00151204	     -0.03679126	     -0.00025940	      0.00022980	     -0.00008011	      0.00000000	      0.00000000	      0.00000000	     27.89852080	     -5.27257793	     -6.11515780	      0.00000000	      0.00000000	     -0.00000000	      0.00000000	      0.00000000	      0.00000000	      5.83526768	     -0.46412254	     -1.35417705	      0.48663654	      0.03978523	      2.14928111	      0.00000000	      0.00000000	      0.00000000	      3.80308087	     -0.17989570	     -0.85526715	      0.18698932	      0.05549708	      0.82953467	      0.00000000	      0.00000000	      0.00000000	      2.58286023	     -0.13688013	     -0.57838442	      0.13710439	      0.01048708	      0.61741152	      0.00000000	      0.00000000	      0.00000000	      1.32397968	     -0.06782642	     -0.29280923	      0.02070878	      0.00007047	      0.09579009	      0.00000000	      0.00000000	      0.00000000	      5.68152382	      0.47164835	     -1.14949023	      0.42737202	     -0.03221821	      2.10672322	      0.00000000	      0.00000000	      0.00000000	      3.73204537	      0.25246603	     -0.76069405	      0.16840806	     -0.06735433	      0.81210531	      0.00000000	      0.00000000	      0.00000000	      2.53560798	      0.15072337	     -0.51547517	      0.12332820	     -0.01535100	      0.60590530	      0.00000000	      0.00000000	      0.00000000	      1.30310065	      0.05925504	     -0.26501194	      0.01881593	      0.00007047	      0.09436833	      0.00000000	      0.00000000	      0.00000000
      1.98000000	     -0.00000000	      0.00000000	     -0.00000000	     -0.00000000	     -0.00000000	     -0.00000000	      0.00000000	      0.00000000	      0.00000000	   -292.00159796	  -1187.22324771	    626.67710199	      0.01064706	     -0.08263983	      0.01440862	      0.00000000	      0.00000000	      0.00000000	     87.30218219	   -383.90546895	     -7.56180749	      2.92276653	      2.89076614	     -1.36495983	     -0.00824526	     -0.00360284	     -0.00125501	    191.99095985	     16.47445142	     20.44551250	     -0.84253020	      0.20047135	     -6.19193285	      0.00000000	      0.00000000	      0.00000000	     85.29414111	   -395.54655644	    -26.98857123	     -3.23986853	      0.57641455	     -0.22961836	      0.00000000	      0.00000000	      0.00000000	     85.29785169	   -396.83638900	    -26.82004251	     -7.09420609	      1.46042889	    -25.55116322	      0.00000000	      0.00000000	      0.00000000	     70.86438586	    -10.02807080	      9.37293601	      0.05382865	      0.16662002	     -0.12700262	      0.00000000	      0.00000000	      0.00000000	     -7.98190619	     -8.96337474	      3.40132783	     -0.00000000	     -0.00000000	      0.00000000	      0.00000000	      0.00000000	      0.00000000	      0.92253363	      0.70686255	     -0.60629820	      0.22289552	      0.01807837	     -0.01658057	     -0.00824526	     -0.00360284	      0.00125501	      0.05955511	     -0.01983455	      0.00430109	      0.00011744	      0.00000284	     -0.00164852	      0.00000000	      0.00000000	      0.00000000	     -0.31281960	      0.20899890	     -0.31745305	      0.00887533	      0.02025097	     -0.00455114	      0.00000000	      0.00000000	      0.00000000	     -0.29687809	      0.18690978	     -0.29540193	     -0.00802280	      0.03450344	      0.02161610	      0.00000000	      0.00000000	      0.00000000	     -0.05903197	     -0.00542645	     -0.03810692	     -0.00019757	      0.00048010	     -0.00116324	      0.00000000	      0.00000000	      0.00000000	     24.65112174	    -13.12613297	     -3.79300051	     -0.00000000	     -0.00000000	     -0.00000000	      0.00000000	      0.00000000	      0.00000000	      5.05000723	     -1.16751167	     -0.88878926	      0.32153097	      0.03348496	      1.85320677	      0.00000000	      0.00000000	      0.00000000	      3.27887785	     -0.49457993	     -0.55945475	      0.12785673	      0.04922552	      0.71696863	      0.00000000	      0.00000000	      0.00000000	      2.22556386	     -0.33127090	     -0.37848696	      0.09067105	      0.00957694	      0.53246236	      0.00000000	      0.00000000	      0.00000000	      1.13941932	     -0.14842366	     -0.19140126	      0.01352805	      0.00004642	      0.08240259	      0.00000000	      0.00000000	      0.00000000	      4.96220111	     -0.66667258	     -0.69663839	      0.25946291	     -0.02871225	      1.82883955	      0.00000000	      0.00000000	      0.00000000	      3.23830808	     -0.26317323	     -0.47067374	      0.09828602	     -0.05686884	      0.70713425	      0.00000000	      0.00000000	      0.00000000	      2.19857718	     -0.17734105	     -0.31943056	      0.07554462	     -0.01269852	      0.52593483	      0.00000000	      0.00000000	      0.00000000	      1.12749490	     -0.08040769	     -0.16530640	      0.01175112	      0.00004642	      0.08159060	      0.00000000	      0.00000000	      0.00000000
      1.99000000	     -0.00000000	      0.00000000	      0.00000000	      0.00000000	     -0.00000000	     -0.00000000	      0.00000000	      0.00000000	      0.00000000	   -299.35196431	  -1168.02873890	    624.62354699	      0.01014453	     -0.08413146	      0.01441434	      0.00000000	      0.00000000	      0.00000000	     81.99437319	   -379.45850887	     -1.51751545	      2.76247992	      2.82904012	     -1.32088953	     -0.00824526	     -0.00360284	     -0.00125501	    165.70263269	     10.37174965	     16.08769134	     -0.79039449	      0.19168198	     -5.22585220	      0.00000000	      0.00000000	      0.00000000	     91.79598648	   -406.43392131	    -28.24806009	     -3.40453362	      0.44694340	     -0.26969460	      0.00000000	      0.00000000	      0.00000000	     92.02717229	   -407.84351260	    -28.04837376	     -7.38613578	      1.36080045	    -26.52862251	      0.00000000	      0.00000000	      0.00000000	     74.94728843	     -9.59444902	     10.21796151	      0.07861295	      0.17971182	     -0.08949875	      0.00000000	      0.00000000	      0.00000000	     -5.73342880	     -7.37034361	      2.46297777	     -0.00000000	     -0.00000000	      0.00000000	      0.00000000	      0.00000000	      0.00000000	      0.61261152	      1.07118014	     -0.43470792	      0.16942177	      0.01383778	     -0.01061919	     -0.00824526	     -0.00360284	      0.00125501	      0.04524160	     -0.00697035	      0.00466071	      0.00012596	     -0.00000147	     -0.00125871	      0.00000000	      0.00000000	      0.00000000	     -0.22290996	      0.27020795	     -0.24211376	      0.00748872	      0.01485179	     -0.00344282	      0.00000000	      0.00000000	      0.00000000	     -0.21398390	      0.24075735	     -0.22488570	     -0.00608833	      0.02584574	      0.02197895	      0.00000000	      0.00000000	      0.00000000	     -0.05076346	     -0.00821529	     -0.02794345	     -0.00012467	      0.00023547	     -0.00182362	      0.00000000	      0.00000000	      0.00000000	     22.11573965	    -20.18993406	     -1.18087787	      0.00000000	      0.00000000	      0.00000000	      0.00000000	      0.00000000	      0.00000000	      4.41902080	     -1.76148356	     -0.37858162	      0.13868271	      0.02798089	      1.61493779	      0.00000000	      0.00000000	      0.00000000	      2.85674443	     -0.76525909	     -0.23189613	      0.06115669	      0.04487415	      0.62643988	      0.00000000	      0.00000000	      0.00000000	      1.93772164	     -0.49883288	     -0.15708966	      0.03895954	      0.00911383	      0.46407468	      0.00000000	      0.00000000	      0.00000000	      0.99064149	     -0.21889769	     -0.07874325	      0.00554447	      0.00001327	      0.07162006	      0.00000000	      0.00000000	      0.00000000	      4.39477524	     -1.73699521	     -0.16619638	      0.06482428	     -0.02640961	      1.60800080	      0.00000000	      0.00000000	      0.00000000	      2.84554206	     -0.75394454	     -0.13376607	      0.01851783	     -0.04768564	      0.62413039	      0.00000000	      0.00000000	      0.00000000	      1.93026991	     -0.49130654	     -0.09181434	      0.02043623	     -0.01026413	      0.46242096	      0.00000000	      0.00000000	      0.00000000	      0.98734885	     -0.21557207	     -0.04990048	      0.00358042	      0.00001327	      0.07139585	      0.00000000	      0.00000000	      0.00000000
      2.00000000	     -0.00000000	     -0.00000000	     -0.00000000	     -0.00000000	     -0.00000000	      0.00000000	      0.00000000	      0.00000000	      0.00000000	   -307.68644754	  -1148.52577956	    621.95648807	      0.00957205	     -0.08546947	      0.01456976	      0.00000000	      0.00000000	      0.00000000	     75.96951410	   -379.30361231	      4.11970139	      2.72861320	      2.84687856	     -1.22743711	     -0.00824526	     -0.00360284	     -0.00125501	    141.60170289	      5.45895286	     12.00412967	     -0.74439559	      0.18399384	     -4.34341475	      0.00000000	      0.00000000	      0.00000000	     97.82977112	   -416.97909754	    -29.38871555	     -3.53221662	      0.36595742	     -0.29782641	      0.00000000	      0.00000000	      0.00000000	     98.26214871	   -418.51873846	    -29.17079910	     -7.63437757	      1.30414626	    -27.44444647	      0.00000000	      0.00000000	      0.00000000	     79.01484879	     -9.48302018	     10.94128704	      0.09768280	      0.19393749	     -0.07204716	      0.00000000	      0.00000000	      0.00000000	     -3.51434151	     -6.44680107	      1.00183240	      0.00000000	     -0.00000000	      0.00000000	      0.00000000	      0.00000000	      0.00000000	      0.38227754	      0.75791793	     -0.18500995	      0.04090279	     -0.00245661	      0.00240332	     -0.00824526	     -0.00360284	      0.00125501	      0.02663854	     -0.00866827	     -0.00289209	     -0.00007551	      0.00000847	     -0.00075408	      0.00000000	      0.00000000	      0.00000000	     -0.11843075	      0.22498199	     -0.02183259	      0.00162563	     -0.00176377	      0.00013913	      0.00000000	      0.00000000	      0.00000000	     -0.11370650	      0.20115841	     -0.01745968	     -0.00071653	     -0.00115405	      0.01796779	      0.00000000	      0.00000000	      0.00000000	     -0.02797376	     -0.00195738	      0.00703436	      0.00005638	     -0.00076487	     -0.00126823	      0.00000000	      0.00000000	      0.00000000	     19.56470707	    -26.63378313	      1.77629699	      0.00000000	      0.00000000	      0.00000000	      0.00000000	      0.00000000	      0.00000000	      3.79193191	     -2.30140742	      0.23058089	     -0.07975668	      0.02233533	      1.37926078	      0.00000000	      0.00000000	      0.00000000	      2.44024131	     -1.01651018	      0.15837505	     -0.01931413	      0.04114492	      0.53703408	      0.00000000	      0.00000000	      0.00000000	      1.65359965	     -0.65452830	      0.10698979	     -0.02286972	      0.00888636	      0.39656762	      0.00000000	      0.00000000	      0.00000000	      0.84397327	     -0.28508320	      0.05561763	     -0.00397139	     -0.00001562	      0.06097803	      0.00000000	      0.00000000	      0.00000000	      3.85174378	     -2.75771631	      0.42195990	     -0.15327822	     -0.02436120	      1.39564824	      0.00000000	      0.00000000	      0.00000000	      2.46787667	     -1.22734223	      0.24679943	     -0.07073624	     -0.03835869	      0.54414389	      0.00000000	      0.00000000	      0.00000000	      1.67198246	     -0.79477207	      0.16580896	     -0.04195218	     -0.00771757	      0.40116450	      0.00000000	      0.00000000	      0.00000000	      0.85209596	     -0.34705179	      0.08160767	     -0.00574118	     -0.00001562	      0.06153114	      0.00000000	      0.00000000	      0.00000000
      2.01000000	      0.00000000	     -0.00000000	      0.00000000	     -0.00000000	     -0.00000000	      0.00000000	      0.00000000	      0.00000000	      0.00000000	   -316.25337870	  -1129.12793583	    617.30874823	      0.00891601	     -0.08642800	      0.01475640	      0.00000000	      0.00000000	      0.00000000	     69.24470321	   -384.29791077	      9.38892238	      2.69974637	      2.88224404	     -1.15177945	     -0.00824526	     -0.00360284	     -0.00125501	    119.83747855	      1.76012012	      8.18878944	     -0.70599438	      0.17788903	     -3.55460459	      0.00000000	      0.00000000	      0.00000000	    102.32081361	   -427.41596060	    -30.09254930	     -3.62022694	      0.29772569	     -0.31990840	      0.00000000	      0.00000000	      0.00000000	    102.94593161	   -429.05385559	    -29.87699286	     -7.82325533	      1.24607007	    -28.26540009	      0.00000000	      0.00000000	      0.00000000	     82.82499710	     -9.71387243	     11.59752657	      0.10950727	      0.20377386	     -0.07464539	      0.00000000	      0.00000000	      0.00000000	     -1.37033806	     -3.56718717	      0.04091735	     -0.00000000	      0.00000000	     -0.00000000	      0.00000000	      0.00000000	      0.00000000	      0.03102158	      1.77885756	     -0.01308048	     -0.03065569	     -0.00788078	      0.01090719	     -0.00824526	     -0.00360284	      0.00125501	      0.01380894	      0.01607475	     -0.00581487	     -0.00015387	      0.00001109	     -0.00039540	      0.00000000	      0.00000000	      0.00000000	     -0.02137139	      0.40830141	      0.09674005	     -0.00049130	     -0.00997142	      0.00182493	      0.00000000	      0.00000000	      0.00000000	     -0.02520627	      0.36319342	      0.09356572	      0.00207147	     -0.01481809	      0.02526809	      0.00000000	      0.00000000	      0.00000000	     -0.02209851	     -0.00751545	      0.02346168	      0.00021092	     -0.00127479	     -0.00286197	      0.00000000	      0.00000000	      0.00000000	     16.76698558	    -33.38461724	      4.01048359	      0.00000000	     -0.00000000	      0.00000000	      0.00000000	      0.00000000	      0.00000000	      3.12016522	     -2.92443546	      0.71326834	     -0.25044959	      0.01668991	      1.12513750	      0.00000000	      0.00000000	      0.00000000	      1.98998316	     -1.30168784	      0.46344099	     -0.08072792	      0.03614980	      0.44033621	      0.00000000	      0.00000000	      0.00000000	      1.34625754	     -0.83194603	      0.31322810	     -0.07078451	      0.00825540	      0.32347176	      0.00000000	      0.00000000	      0.00000000	      0.68484958	     -0.36000446	      0.16004190	     -0.01135856	     -0.00004158	      0.04943888	      0.00000000	      0.00000000	      0.00000000	      3.23666871	     -3.74525820	      0.84518399	     -0.31262597	     -0.02146577	      1.15718214	      0.00000000	      0.00000000	      0.00000000	      2.04381220	     -1.68093915	      0.52439104	     -0.13757209	     -0.02910578	      0.45394235	      0.00000000	      0.00000000	      0.00000000	      1.38206418	     -1.08422091	      0.35377158	     -0.08787052	     -0.00534028	      0.33233687	      0.00000000	      0.00000000	      0.00000000	      0.70067123	     -0.47147549	      0.17795658	     -0.01257846	     -0.00004158	      0.05051625	      0.00000000	      0.00000000	      0.00000000
      2.02000000	      0.00000000	      0.00000000	     -0.00000000	      0.00000000	     -0.00000000	      0.00000000	      0.00000000	      0.00000000	      0.00000000	   -319.38435453	  -1110.93853040	    610.92367910	      0.00823110	     -0.08682121	      0.01491468	      0.00000000	      0.00000000	      0.00000000	     60.86609145	   -394.63016504	     13.80496529	      2.89458339	      2.91082888	     -1.10776552	     -0.00824526	     -0.00360284	     -0.00125501	    100.28827723	     -0.94831001	      4.66137274	     -0.67368706	      0.17331973	     -2.85308859	      0.00000000	      0.00000000	      0.00000000	    105.73888682	   -437.65441013	    -30.62228880	     -3.66173324	      0.25431025	     -0.33284534	      0.00000000	      0.00000000	      0.00000000	    106.53823990	   -439.37100522	    -30.39910239	     -7.95736962	      1.20959199	    -29.00359467	      0.00000000	      0.00000000	      0.00000000	     86.12540673	    -10.29361583	     12.12786324	      0.11381134	      0.21098485	     -0.09945526	      0.00000000	      0.00000000	      0.00000000	      0.62958594	     -0.31925333	     -0.93403131	     -0.00000000	     -0.00000000	      0.00000000	      0.00000000	      0.00000000	      0.00000000	     -0.29616023	      2.94624757	      0.15828529	     -0.10362470	     -0.01329058	      0.01959019	     -0.00824526	     -0.00360284	      0.00125501	      0.00234813	      0.04235804	     -0.00911604	     -0.00024219	      0.00001502	     -0.00007109	      0.00000000	      0.00000000	      0.00000000	      0.06636487	      0.62268173	      0.21902904	     -0.00259600	     -0.01829565	      0.00353015	      0.00000000	      0.00000000	      0.00000000	      0.05396240	      0.55290491	      0.20801335	      0.00489660	     -0.02886129	      0.03473854	      0.00000000	      0.00000000	      0.00000000	     -0.01953846	     -0.01346606	      0.04023330	      0.00035957	     -0.00183893	     -0.00465135	      0.00000000	      0.00000000	      0.00000000	     12.89421051	    -39.65878968	      5.86240748	      0.00000000	     -0.00000000	     -0.00000000	      0.00000000	      0.00000000	      0.00000000	      2.22569718	     -3.51258102	      1.07945528	     -0.38049966	      0.00998102	      0.78954750	      0.00000000	      0.00000000	      0.00000000	      1.39557717	     -1.56714446	      0.69683996	     -0.12716906	      0.02822921	      0.31223085	      0.00000000	      0.00000000	      0.00000000	      0.94153369	     -0.99556547	      0.47092493	     -0.10739237	      0.00690603	      0.22712337	      0.00000000	      0.00000000	      0.00000000	      0.47612534	     -0.42777325	      0.24009932	     -0.01702902	     -0.00006321	      0.03431164	      0.00000000	      0.00000000	      0.00000000	      2.39080259	     -4.68252005	      1.21148467	     -0.44802939	     -0.01700339	      0.83494796	      0.00000000	      0.00000000	      0.00000000	      1.47186214	     -2.10770077	      0.75784256	     -0.19411697	     -0.01781267	      0.33153695	      0.00000000	      0.00000000	      0.00000000	      0.99227784	     -1.35513911	      0.51150337	     -0.12630397	     -0.00260687	      0.23969550	      0.00000000	      0.00000000	      0.00000000	      0.49854732	     -0.58665569	      0.25802944	     -0.01824997	     -0.00006321	      0.03583846	      0.00000000	      0.00000000	      0.00000000
      2.03000000	     -0.00000000	      0.00000000	      0.00000000	     -0.00000000	      0.00000000	      0.00000000	      0.00000000	      0.00000000	      0.00000000	   -317.91672987	  -1094.12329978	    601.63505409	      0.00751227	     -0.08649722	      0.01497055	      0.00000000	      0.00000000	      0.00000000	     50.98886517	   -411.04247400	     17.53256778	      3.16955335	      2.89938108	     -1.11876136	     -0.00824526	     -0.00360284	     -0.00125501	     83.27776928	     -2.73017536	      1.46823497	     -0.64842801	      0.17047459	     -2.25121474	      0.00000000	      0.00000000	      0.00000000	    107.51690984	   -447.97049608	    -30.77363561	     -3.66594059	      0.21532227	     -0.34105079	      0.00000000	      0.00000000	      0.00000000	    108.46265960	   -449.70946921	    -30.55058326	     -8.03788775	      1.16787850	    -29.65189264	      0.00000000	      0.00000000	      0.00000000	     88.68845035	    -11.12500418	     12.56177728	      0.11127537	      0.21541498	     -0.13935792	      0.00000000	      0.00000000	      0.00000000	      2.71170418	      4.06155323	     -1.33716420	     -0.00000000	      0.00000000	      0.00000000	      0.00000000	      0.00000000	      0.00000000	     -0.65974738	      4.68431197	      0.23593460	     -0.09755182	     -0.00616164	      0.02027085	     -0.00824526	     -0.00360284	      0.00125501	     -0.00597128	      0.07926945	     -0.00489839	     -0.00013092	      0.00000584	      0.00017326	      0.00000000	      0.00000000	      0.00000000	      0.13796894	      0.93152345	      0.19049356	      0.00019829	     -0.01494480	      0.00263490	      0.00000000	      0.00000000	      0.00000000	      0.11548453	      0.82516204	      0.17987117	      0.00438139	     -0.02380340	      0.04780941	      0.00000000	      0.00000000	      0.00000000	     -0.02748265	     -0.02924012	      0.03088096	      0.00047113	     -0.00155958	     -0.00763861	      0.00000000	      0.00000000	      0.00000000	      7.75854098	    -46.00388246	      7.03004372	     -0.00000000	     -0.00000000	      0.00000000	      0.00000000	      0.00000000	      0.00000000	      1.06863243	     -4.17337563	      1.25766102	     -0.44499507	      0.00215263	      0.35709107	      0.00000000	      0.00000000	      0.00000000	      0.63004604	     -1.86478970	      0.81616112	     -0.14886538	      0.01661072	      0.14717209	      0.00000000	      0.00000000	      0.00000000	      0.42109581	     -1.17904684	      0.55158343	     -0.12591067	      0.00461929	      0.10324188	      0.00000000	      0.00000000	      0.00000000	      0.20831552	     -0.50335862	      0.28170365	     -0.01999082	     -0.00007504	      0.01489705	      0.00000000	      0.00000000	      0.00000000	      1.26906016	     -5.60702379	      1.47716808	     -0.54316080	     -0.01054544	      0.41217984	      0.00000000	      0.00000000	      0.00000000	      0.72265127	     -2.52718966	      0.91758173	     -0.23422071	     -0.00422853	      0.17065637	      0.00000000	      0.00000000	      0.00000000	      0.48269606	     -1.61966988	      0.61904759	     -0.15253151	      0.00049552	      0.11852119	      0.00000000	      0.00000000	      0.00000000	      0.23553441	     -0.69805383	      0.31151359	     -0.02202073	     -0.00007504	      0.01675053	      0.00000000	      0.00000000	      0.00000000
      2.04000000	      0.00000000	      0.00000000	     -0.00000000	      0.00000000	     -0.00000000	     -0.00000000	      0.00000000	      0.00000000	      0.00000000	   -310.62166702	  -1081.37899868	    590.12143398	      0.00679546	     -0.08538586	      0.01483263	      0.00000000	      0.00000000	      0.00000000	     39.69858092	   -434.62993914	     20.34930852	      3.69325440	      2.87558405	     -1.15565728	     -0.00824526	     -0.00360284	     -0.00125501	     69.02718999	     -3.72938991	     -1.30573540	     -0.62934578	      0.16920091	     -1.75650920	      0.00000000	      0.00000000	      0.00000000	    107.78099944	   -458.46457513	    -31.02414242	     -3.63180471	      0.22042920	     -0.33721266	      0.00000000	      0.00000000	      0.00000000	    108.84230777	   -460.14811327	    -30.79364968	     -8.08524557	      1.18371695	    -30.21633633	      0.00000000	      0.00000000	      0.00000000	     90.43253029	    -12.09437213	     12.79374381	      0.10363799	      0.22209474	     -0.18682302	      0.00000000	      0.00000000	      0.00000000	      5.20070424	      7.22526004	     -1.98890672	      0.00000000	      0.00000000	      0.00000000	      0.00000000	      0.00000000	      0.00000000	     -0.97653705	      5.42225015	      0.34178166	     -0.16325068	     -0.00987288	      0.02574168	     -0.00824526	     -0.00360284	      0.00125501	     -0.02264906	      0.09631514	     -0.01006727	     -0.00026862	      0.00001413	      0.00063708	      0.00000000	      0.00000000	      0.00000000	      0.23482629	      1.07404749	      0.30820514	     -0.00241461	     -0.02217202	      0.00419964	      0.00000000	      0.00000000	      0.00000000	      0.20552673	      0.95055597	      0.28942186	      0.00701504	     -0.03651969	      0.05267604	      0.00000000	      0.00000000	      0.00000000	     -0.01514166	     -0.03405870	      0.04531733	      0.00065742	     -0.00188506	     -0.00897849	      0.00000000	      0.00000000	      0.00000000	      0.14552680	    -49.82588485	      7.75267086	      0.00000000	      0.00000000	      0.00000000	      0.00000000	      0.00000000	      0.00000000	     -0.55503995	     -4.73660524	      1.47692386	     -0.51955365	     -0.00866525	     -0.24896925	      0.00000000	      0.00000000	      0.00000000	     -0.44379836	     -2.13072364	      0.95024950	     -0.17363964	      0.00002391	     -0.08555952	      0.00000000	      0.00000000	      0.00000000	     -0.30973517	     -1.34373257	      0.64231531	     -0.14646521	      0.00129325	     -0.07114861	      0.00000000	      0.00000000	      0.00000000	     -0.16828817	     -0.57229654	      0.32713542	     -0.02319052	     -0.00008550	     -0.01238337	      0.00000000	      0.00000000	      0.00000000	     -0.34267336	     -6.21058565	      1.58233189	     -0.58900038	     -0.00068951	     -0.19051643	      0.00000000	      0.00000000	      0.00000000	     -0.34567692	     -2.81175863	      0.99895202	     -0.25647083	      0.01401219	     -0.06083714	      0.00000000	      0.00000000	      0.00000000	     -0.24446559	     -1.79675148	      0.67471182	     -0.16687875	      0.00448897	     -0.05501804	      0.00000000	      0.00000000	      0.00000000	     -0.13944793	     -0.77246903	      0.34145026	     -0.02416528	     -0.00008550	     -0.01041949	      0.00000000	      0.00000000	      0.00000000
      2.05000000	      0.00000000	     -0.00000000	      0.00000000	     -0.00000000	      0.00000000	      0.00000000	      0.00000000	      0.00000000	      0.00000000	   -303.50900796	  -1072.13134747	    575.66709766	      0.00604846	     -0.08372527	      0.01447894	      0.00000000	      0.00000000	      0.00000000	     27.89154902	   -465.42810053	     22.60320547	      4.23128918	      2.83974038	     -1.24260084	     -0.00824526	     -0.00360284	     -0.00125501	     57.91303120	     -4.08127530	     -3.60203851	     -0.61804666	      0.16949064	     -1.38390574	      0.00000000	      0.00000000	      0.00000000	    106.37514970	   -468.73815768	    -31.20313211	     -3.57539418	      0.26473503	     -0.32383217	      0.00000000	      0.00000000	      0.00000000	    107.53969589	   -470.32766517	    -30.99153077	     -8.10546923	      1.24307018	    -30.67425725	      0.00000000	      0.00000000	      0.00000000	     91.42905682	    -13.12141670	     12.82071239	      0.09229735	      0.23047436	     -0.23896720	      0.00000000	      0.00000000	      0.00000000	      8.57052879	     11.57383434	     -2.13357156	     -0.00000000	     -0.00000000	     -0.00000000	      0.00000000	      0.00000000	      0.00000000	     -1.43311640	      6.63799924	      0.35790046	     -0.17603536	     -0.00418334	      0.02562168	     -0.00824526	     -0.00360284	      0.00125501	     -0.04316843	      0.12372184	     -0.01088727	     -0.00029111	      0.00001403	      0.00120597	      0.00000000	      0.00000000	      0.00000000	      0.35758258	      1.29673585	      0.33058429	     -0.00259979	     -0.02173817	      0.00414240	      0.00000000	      0.00000000	      0.00000000	      0.31752933	      1.14565261	      0.30880123	      0.00706523	     -0.03673717	      0.05934301	      0.00000000	      0.00000000	      0.00000000	     -0.00642292	     -0.04660141	      0.04313808	      0.00079767	     -0.00160747	     -0.01136860	      0.00000000	      0.00000000	      0.00000000	     -9.38151345	    -53.96509438	      7.97191810	      0.00000000	      0.00000000	      0.00000000	      0.00000000	      0.00000000	      0.00000000	     -2.58238390	     -5.38262339	      1.54548982	     -0.54147669	     -0.02156265	     -1.00382661	      0.00000000	      0.00000000	      0.00000000	     -1.78041407	     -2.43058877	      0.99263994	     -0.17844166	     -0.02158163	     -0.37520111	      0.00000000	      0.00000000	      0.00000000	     -1.21846352	     -1.52814102	      0.67106584	     -0.15245915	     -0.00321621	     -0.28792947	      0.00000000	      0.00000000	      0.00000000	     -0.63578868	     -0.64805138	      0.34160247	     -0.02420990	     -0.00008678	     -0.04625999	      0.00000000	      0.00000000	      0.00000000	     -2.36360828	     -6.85974391	      1.61494561	     -0.60497734	      0.01192462	     -0.94353396	      0.00000000	      0.00000000	      0.00000000	     -1.67933141	     -3.11307461	      1.02473116	     -0.26652974	      0.03613506	     -0.34988014	      0.00000000	      0.00000000	      0.00000000	     -1.15122416	     -1.98212504	      0.69241265	     -0.17197774	      0.00921507	     -0.27136611	      0.00000000	      0.00000000	      0.00000000	     -0.60607807	     -0.84865030	      0.35103484	     -0.02485220	     -0.00008678	     -0.04423684	      0.00000000	      0.00000000	      0.00000000
      2.06000000	     -0.00000000	     -0.00000000	      0.00000000	      0.00000000	     -0.00000000	      0.00000000	      0.00000000	      0.00000000	      0.00000000	   -290.03419763	  -1071.69230879	    558.81992902	      0.00534015	     -0.08166217	      0.01406621	      0.00000000	      0.00000000	      0.00000000	     14.48196996	   -506.18153328	     24.17969835	      4.50184694	      2.61163469	     -1.45850197	     -0.00824526	     -0.00360284	     -0.00125501	     49.87135164	     -4.10406187	     -5.46636394	     -0.61551485	      0.17121685	     -1.12147591	      0.00000000	      0.00000000	      0.00000000	    104.52458261	   -479.09035561	    -30.42744302	     -3.52497715	      0.21769453	     -0.32706151	      0.00000000	      0.00000000	      0.00000000	    105.78060465	   -480.53221034	    -30.25470320	     -8.08819959	      1.16723974	    -31.12610129	      0.00000000	      0.00000000	      0.00000000	     91.66615315	    -14.18452674	     12.95653997	      0.07796814	      0.22865371	     -0.29364000	      0.00000000	      0.00000000	      0.00000000	     12.02134412	     17.85914883	     -1.09103303	     -0.00000000	      0.00000000	     -0.00000000	      0.00000000	      0.00000000	      0.00000000	     -1.95151087	      9.16368328	      0.18092071	     -0.05316848	      0.02030843	      0.01544997	     -0.00824526	     -0.00360284	      0.00125501	     -0.05377015	      0.17470087	      0.00032378	      0.00000607	     -0.00000892	      0.00150787	      0.00000000	      0.00000000	      0.00000000	      0.46037936	      1.73342253	      0.10893050	      0.00598766	     -0.00380841	      0.00003468	      0.00000000	      0.00000000	      0.00000000	      0.40632614	      1.52870126	      0.09819941	      0.00202185	     -0.00723119	      0.07508564	      0.00000000	      0.00000000	      0.00000000	     -0.01626253	     -0.07703258	      0.00154858	      0.00098767	     -0.00010145	     -0.01620601	      0.00000000	      0.00000000	      0.00000000	    -20.60356114	    -58.76867658	      7.43121801	     -0.00000000	     -0.00000000	      0.00000000	      0.00000000	      0.00000000	      0.00000000	     -4.96798044	     -6.17615049	      1.42122605	     -0.49498207	     -0.03622226	     -1.89236800	      0.00000000	      0.00000000	      0.00000000	     -3.35420873	     -2.79640264	      0.91582261	     -0.15679670	     -0.04803296	     -0.71607580	      0.00000000	      0.00000000	      0.00000000	     -2.28808535	     -1.75375980	      0.61919243	     -0.13935485	     -0.00892241	     -0.54303739	      0.00000000	      0.00000000	      0.00000000	     -1.18598837	     -0.74065993	      0.31553539	     -0.02236917	     -0.00008121	     -0.08612287	      0.00000000	      0.00000000	      0.00000000	     -4.76433548	     -7.55931526	      1.52254071	     -0.57266898	      0.02723987	     -1.83626027	      0.00000000	      0.00000000	      0.00000000	     -3.26011702	     -3.43547735	      0.96263383	     -0.25756184	      0.06158092	     -0.69247677	      0.00000000	      0.00000000	      0.00000000	     -2.22549631	     -2.17886708	      0.65033087	     -0.16271812	      0.01450568	     -0.52760884	      0.00000000	      0.00000000	      0.00000000	     -1.15833256	     -0.92849928	      0.32929433	     -0.02330608	     -0.00008121	     -0.08423965	      0.00000000	      0.00000000	      0.00000000
      2.07000000	      0.00000000	      0.00000000	      0.00000000	      0.00000000	      0.00000000	     -0.00000000	      0.00000000	      0.00000000	      0.00000000	   -273.23851020	  -1080.92006468	    541.69824566	      0.00466517	     -0.07910244	      0.01348930	      0.00000000	      0.00000000	      0.00000000	     -0.29690307	   -557.28672490	     24.91475405	      4.97933106	      2.37862439	     -1.73499375	     -0.00824526	     -0.00360284	     -0.00125501	     44.68611504	     -3.97612985	     -6.90209777	     -0.62054569	      0.17442131	     -0.95638421	      0.00000000	      0.00000000	      0.00000000	    101.87066868	   -489.48020332	    -30.08231230	     -3.46339424	      0.21531686	     -0.32079274	      0.00000000	      0.00000000	      0.00000000	    103.20033236	   -490.69508141	    -29.93432187	     -8.07780491	      1.16226679	    -31.53108771	      0.00000000	      0.00000000	      0.00000000	     91.23432989	    -15.09788477	     12.90088561	      0.06404087	      0.23153030	     -0.33772195	      0.00000000	      0.00000000	      0.00000000	     15.98904762	     23.87449406	     -0.16261730	      0.00000000	      0.00000000	     -0.00000000	      0.00000000	      0.00000000	      0.00000000	     -2.47104417	     11.13112830	      0.00440682	      0.02799698	      0.03846549	      0.00831349	     -0.00824526	     -0.00360284	      0.00125501	     -0.07177989	      0.21495013	      0.00606705	      0.00015803	     -0.00002237	      0.00200644	      0.00000000	      0.00000000	      0.00000000	      0.59091036	      2.07921651	     -0.02414097	      0.01051444	      0.00754596	     -0.00246886	      0.00000000	      0.00000000	      0.00000000	      0.52351311	      1.83129914	     -0.02853314	     -0.00163715	      0.01135800	      0.08595190	      0.00000000	      0.00000000	      0.00000000	     -0.01371249	     -0.10089051	     -0.02410017	      0.00116777	      0.00097594	     -0.02012720	      0.00000000	      0.00000000	      0.00000000	    -33.98021074	    -62.24479994	      6.47151998	      0.00000000	      0.00000000	      0.00000000	      0.00000000	      0.00000000	      0.00000000	     -7.78144172	     -6.91544882	      1.23759322	     -0.42614526	     -0.05334657	     -2.93869072	      0.00000000	      0.00000000	      0.00000000	     -5.20731023	     -3.13986847	      0.79847341	     -0.12666310	     -0.07938563	     -1.11796863	      0.00000000	      0.00000000	      0.00000000	     -3.54738485	     -1.96441991	      0.53992033	     -0.11975018	     -0.01572174	     -0.84353784	      0.00000000	      0.00000000	      0.00000000	     -1.83350431	     -0.82629216	      0.27525625	     -0.01951493	     -0.00007058	     -0.13303256	      0.00000000	      0.00000000	      0.00000000	     -7.60431948	     -8.10807867	      1.33062537	     -0.50567097	      0.04551674	     -2.88987142	      0.00000000	      0.00000000	      0.00000000	     -5.12547302	     -3.69090880	      0.84145780	     -0.23502230	      0.09122280	     -1.09748021	      0.00000000	      0.00000000	      0.00000000	     -3.49294741	     -2.33096744	      0.56851320	     -0.14400419	      0.02060016	     -0.83013229	      0.00000000	      0.00000000	      0.00000000	     -1.80945039	     -0.98825610	      0.28789039	     -0.02037526	     -0.00007058	     -0.13139461	      0.00000000	      0.00000000	      0.00000000
      2.08000000	     -0.00000000	      0.00000000	     -0.00000000	      0.00000000	     -0.00000000	     -0.00000000	      0.00000000	      0.00000000	      0.00000000	   -255.24474144	  -1096.12980028	    523.77200606	      0.00400829	     -0.07627538	      0.01279134	      0.00000000	      0.00000000	      0.00000000	    -16.33412850	   -614.00257851	     25.53695278	      5.31458896	      2.10948046	     -2.10168818	     -0.00824526	     -0.00360284	     -0.00125501	     41.35516571	     -3.68863544	     -8.14232520	     -0.63304181	      0.17955599	     -0.85714752	      0.00000000	      0.00000000	      0.00000000	     98.30837435	   -499.67630111	    -29.56997907	     -3.41407321	      0.19498715	     -0.31863247	      0.00000000	      0.00000000	      0.00000000	     99.70428278	   -500.62455741	    -29.46508857	     -8.06971183	      1.13693811	    -31.88770201	      0.00000000	      0.00000000	      0.00000000	     90.25087608	    -15.82309876	     12.81561046	      0.05119661	      0.23434593	     -0.37011335	      0.00000000	      0.00000000	      0.00000000	     20.30667715	     29.91971253	      1.25547780	     -0.00000000	     -0.00000000	      0.00000000	      0.00000000	      0.00000000	      0.00000000	     -3.00813924	     12.94152144	     -0.25840065	      0.17339347	      0.06347428	     -0.00421985	     -0.00824526	     -0.00360284	      0.00125501	     -0.09419241	      0.25080447	      0.01835489	      0.00048344	     -0.00004888	      0.00262662	      0.00000000	      0.00000000	      0.00000000	      0.72998187	      2.41339684	     -0.27659823	      0.01835925	      0.02643349	     -0.00666715	      0.00000000	      0.00000000	      0.00000000	      0.64819546	      2.12271661	     -0.26691669	     -0.00796837	      0.04365854	      0.09424065	      0.00000000	      0.00000000	      0.00000000	     -0.01234752	     -0.12964023	     -0.06597681	      0.00133130	      0.00263429	     -0.02431430	      0.00000000	      0.00000000	      0.00000000	    -48.61012011	    -65.34836023	      5.57294075	      0.00000000	     -0.00000000	      0.00000000	      0.00000000	      0.00000000	      0.00000000	    -10.85627297	     -7.63959348	      1.06354818	     -0.36172862	     -0.07210559	     -4.08109446	      0.00000000	      0.00000000	      0.00000000	     -7.23040523	     -3.47590826	      0.68942712	     -0.09855409	     -0.11344685	     -1.55688527	      0.00000000	      0.00000000	      0.00000000	     -4.92195625	     -2.16941078	      0.46640147	     -0.10160500	     -0.02307656	     -1.17156710	      0.00000000	      0.00000000	      0.00000000	     -2.53999817	     -0.90879376	      0.23816384	     -0.01688963	     -0.00005988	     -0.18420775	      0.00000000	      0.00000000	      0.00000000	    -10.70359405	     -8.63167611	      1.16142231	     -0.44665656	      0.06534494	     -4.03894644	      0.00000000	      0.00000000	      0.00000000	     -7.15986177	     -3.93428815	      0.73464869	     -0.21535995	      0.12375059	     -1.53935261	      0.00000000	      0.00000000	      0.00000000	     -4.87503132	     -2.47432134	      0.49648249	     -0.12755190	      0.02732563	     -1.16005853	      0.00000000	      0.00000000	      0.00000000	     -2.51926376	     -1.04352258	      0.25145554	     -0.01779473	     -0.00005988	     -0.18279585	      0.00000000	      0.00000000	      0.00000000
      2.09000000	     -0.00000000	      0.00000000	     -0.00000000	     -0.00000000	     -0.00000000	      0.00000000	      0.00000000	      0.00000000	      0.00000000	   -237.45435669	  -1113.60712999	    506.52288492	      0.00340377	     -0.07333322	      0.01197813	      0.00000000	      0.00000000	      0.00000000	    -33.29183720	   -670.59119959	     26.18079347	      5.51579615	      1.82635849	     -2.51192953	     -0.00824526	     -0.00360284	     -0.00125501	     39.20551106	     -3.27322687	     -9.31308139	     -0.65190837	      0.18678176	     -0.80309270	      0.00000000	      0.00000000	      0.00000000	     94.03988842	   -509.01032671	    -29.04329223	     -3.38121470	      0.16387245	     -0.31975627	      0.00000000	      0.00000000	      0.00000000	     95.50884676	   -509.74357197	    -28.99822535	     -8.07283791	      1.10480976	    -32.17130087	      0.00000000	      0.00000000	      0.00000000	     89.00398745	    -16.36690027	     12.70473590	      0.04030147	      0.23618310	     -0.39522140	      0.00000000	      0.00000000	      0.00000000	     24.87454349	     36.91088900	      2.66826513	      0.00000000	      0.00000000	     -0.00000000	      0.00000000	      0.00000000	      0.00000000	     -3.59795107	     15.32521622	     -0.52713216	      0.30386032	      0.08674587	     -0.01351396	     -0.00824526	     -0.00360284	      0.00125501	     -0.11384218	      0.29762473	      0.02852538	      0.00075275	     -0.00007195	      0.00316751	      0.00000000	      0.00000000	      0.00000000	      0.89998327	      2.83536977	     -0.49129788	      0.02529880	      0.04219747	     -0.01021320	      0.00000000	      0.00000000	      0.00000000	      0.80090350	      2.49174024	     -0.46938809	     -0.01364653	      0.07110407	      0.10657638	      0.00000000	      0.00000000	      0.00000000	     -0.00980864	     -0.16067091	     -0.10068558	      0.00156617	      0.00402872	     -0.02922959	      0.00000000	      0.00000000	      0.00000000	    -63.74652737	    -69.32349733	      4.84442170	     -0.00000000	      0.00000000	     -0.00000000	      0.00000000	      0.00000000	      0.00000000	    -14.04062029	     -8.43992326	      0.94344493	     -0.31416724	     -0.09172027	     -5.26513042	      0.00000000	      0.00000000	      0.00000000	     -9.32723627	     -3.84559859	      0.60899317	     -0.07587051	     -0.14851383	     -2.01180791	      0.00000000	      0.00000000	      0.00000000	     -6.34696825	     -2.39485947	      0.41193803	     -0.08769645	     -0.03061307	     -1.51167434	      0.00000000	      0.00000000	      0.00000000	     -3.27270981	     -0.99955326	      0.21005709	     -0.01489037	     -0.00005313	     -0.23729470	      0.00000000	      0.00000000	      0.00000000	    -13.91014098	     -9.29042901	      0.99581657	     -0.39071612	      0.08582619	     -5.22911564	      0.00000000	      0.00000000	      0.00000000	     -9.26694987	     -4.23856459	      0.63319086	     -0.19787698	      0.15751908	     -1.99681498	      0.00000000	      0.00000000	      0.00000000	     -6.30686622	     -2.65625724	      0.42803413	     -0.11221251	      0.03432166	     -1.50183564	      0.00000000	      0.00000000	      0.00000000	     -3.25499019	     -1.11505537	      0.21716937	     -0.01537468	     -0.00005313	     -0.23608809	      0.00000000	      0.00000000	      0.00000000
      2.10000000	      0.00000000	     -0.00000000	      0.00000000	     -0.00000000	      0.00000000	      0.00000000	      0.00000000	      0.00000000	      0.00000000	   -218.13567038	  -1132.97570303	    491.74383811	      0.00288416	     -0.07038783	      0.01128658	      0.00000000	      0.00000000	      0.00000000	    -51.89484060	   -725.76713943	     26.71987020	      5.63801787	      1.49616709	     -2.96297533	     -0.00824526	     -0.00360284	     -0.00125501	     37.78955157	     -2.74354603	    -10.51101281	     -0.67691589	      0.19623343	     -0.77994019	      0.00000000	      0.00000000	      0.00000000	     91.05570510	   -518.08531750	    -28.35171480	     -3.36874524	      0.10520380	     -0.32763058	      0.00000000	      0.00000000	      0.00000000	     92.59766203	   -518.59772519	    -28.36172887	     -8.08633071	      1.02931364	    -32.51108329	      0.00000000	      0.00000000	      0.00000000	     87.59023493	    -16.75859065	     12.62582649	      0.03160851	      0.23624364	     -0.41129864	      0.00000000	      0.00000000	      0.00000000	     29.10037665	     44.63016756	      4.28889467	     -0.00000000	     -0.00000000	      0.00000000	      0.00000000	      0.00000000	      0.00000000	     -4.12604053	     18.05481537	     -0.82468678	      0.46683007	      0.11234124	     -0.02318109	     -0.00824526	     -0.00360284	      0.00125501	     -0.12800415	      0.35014492	      0.04244574	      0.00112194	     -0.00010266	      0.00356452	      0.00000000	      0.00000000	      0.00000000	      1.05712008	      3.31016597	     -0.76520705	      0.03510682	      0.06101828	     -0.01461019	      0.00000000	      0.00000000	      0.00000000	      0.93992211	      2.90780096	     -0.72699662	     -0.02014503	      0.10467800	      0.12169371	      0.00000000	      0.00000000	      0.00000000	     -0.01570047	     -0.19555049	     -0.14284213	      0.00180965	      0.00556986	     -0.03466026	      0.00000000	      0.00000000	      0.00000000	    -78.59510620	    -73.92355088	      4.06841679	      0.00000000	      0.00000000	      0.00000000	      0.00000000	      0.00000000	      0.00000000	    -17.17227689	     -9.30227885	      0.79521282	     -0.25679043	     -0.11095727	     -6.43029021	      0.00000000	      0.00000000	      0.00000000	    -11.39078063	     -4.24613676	      0.51196039	     -0.04919961	     -0.18317228	     -2.45928696	      0.00000000	      0.00000000	      0.00000000	     -7.74945491	     -2.64045742	      0.34621968	     -0.07108431	     -0.03808794	     -1.84633873	      0.00000000	      0.00000000	      0.00000000	     -3.99398541	     -1.09960981	      0.17638266	     -0.01250115	     -0.00004552	     -0.28955327	      0.00000000	      0.00000000	      0.00000000	    -17.06382141	    -10.02648883	      0.82989506	     -0.33355768	      0.10600723	     -6.40038607	      0.00000000	      0.00000000	      0.00000000	    -11.34067008	     -4.58074931	      0.52798491	     -0.18001806	      0.19070885	     -2.44676312	      0.00000000	      0.00000000	      0.00000000	     -7.71612178	     -2.86303896	      0.35687905	     -0.09623528	      0.04118816	     -1.83813816	      0.00000000	      0.00000000	      0.00000000	     -3.97925671	     -1.19796044	      0.18109265	     -0.01282188	     -0.00004552	     -0.28855032	      0.00000000	      0.00000000	      0.00000000
      2.11000000	     -0.00000000	      0.00000000	     -0.00000000	      0.00000000	     -0.00000000	      0.00000000	      0.00000000	      0.00000000	      0.00000000	   -201.05599319	  -1152.66909108	    480.44609442	      0.00244556	     -0.06760230	      0.01064432	      0.00000000	      0.00000000	      0.00000000	    -69.71387901	   -776.14284279	     27.19246327	      5.87197031	      1.22226801	     -3.38067364	     -0.00824526	     -0.00360284	     -0.00125501	     37.12735277	     -2.19899802	    -11.66593320	     -0.70641739	      0.20744234	     -0.78358022	      0.00000000	      0.00000000	      0.00000000	     87.92754534	   -525.97971375	    -28.18465842	     -3.36485884	      0.07864110	     -0.33054787	      0.00000000	      0.00000000	      0.00000000	     89.52601525	   -526.31073984	    -28.23029007	     -8.12493181	      1.01388333	    -32.77962451	      0.00000000	      0.00000000	      0.00000000	     86.01369788	    -16.90131045	     12.46529171	      0.02634209	      0.24133948	     -0.41454861	      0.00000000	      0.00000000	      0.00000000	     33.16071341	     51.11536834	      5.24192204	      0.00000000	     -0.00000000	     -0.00000000	      0.00000000	      0.00000000	      0.00000000	     -4.61556265	     20.02511166	     -1.04091592	      0.55111832	      0.12653074	     -0.02729473	     -0.00824526	     -0.00360284	      0.00125501	     -0.14988262	      0.38406666	      0.04847313	      0.00128060	     -0.00011722	      0.00416317	      0.00000000	      0.00000000	      0.00000000	      1.24505139	      3.70728795	     -0.89188226	      0.03777247	      0.06872950	     -0.01626662	      0.00000000	      0.00000000	      0.00000000	      1.11081938	      3.25506240	     -0.84463631	     -0.02482076	      0.11977289	      0.13350794	      0.00000000	      0.00000000	      0.00000000	     -0.00630930	     -0.22090400	     -0.15688102	      0.00206115	      0.00624307	     -0.03907372	      0.00000000	      0.00000000	      0.00000000	    -92.67064062	    -77.67309392	      3.81162233	     -0.00000000	      0.00000000	      0.00000000	      0.00000000	      0.00000000	      0.00000000	    -20.14511417	    -10.01469151	      0.74388272	     -0.23617949	     -0.12942864	     -7.53481315	      0.00000000	      0.00000000	      0.00000000	    -13.34666109	     -4.57601557	      0.47984122	     -0.03769486	     -0.21552508	     -2.88360818	      0.00000000	      0.00000000	      0.00000000	     -9.07844520	     -2.84091502	      0.32455021	     -0.06517932	     -0.04497507	     -2.16348355	      0.00000000	      0.00000000	      0.00000000	     -4.67704795	     -1.18010603	      0.16545069	     -0.01172770	     -0.00004290	     -0.33903246	      0.00000000	      0.00000000	      0.00000000	    -20.04426101	    -10.68423543	      0.78228178	     -0.31848337	      0.12478259	     -7.50699802	      0.00000000	      0.00000000	      0.00000000	    -13.30006309	     -4.88537033	      0.49758305	     -0.17769505	      0.22261798	     -2.87197613	      0.00000000	      0.00000000	      0.00000000	     -9.04744859	     -3.04669527	      0.33635193	     -0.09210492	      0.04789144	     -2.15586291	      0.00000000	      0.00000000	      0.00000000	     -4.66335168	     -1.27103280	      0.17066544	     -0.01208280	     -0.00004290	     -0.33809981	      0.00000000	      0.00000000	      0.00000000
      2.12000000	     -0.00000000	     -0.00000000	     -0.00000000	      0.00000000	     -0.00000000	      0.00000000	      0.00000000	      0.00000000	      0.00000000	   -187.97473815	  -1171.71278215	    471.72342707	      0.00210796	     -0.06519357	      0.01005625	      0.00000000	      0.00000000	      0.00000000	    -85.56015564	   -820.58403657	     28.01407474	      5.75254413	      0.97808227	     -3.78738792	     -0.00824526	     -0.00360284	     -0.00125501	     37.11188128	     -1.69248474	    -12.82147235	     -0.74102746	      0.22009981	     -0.80584813	      0.00000000	      0.00000000	      0.00000000	     84.94682254	   -532.75364793	    -27.57498809	     -3.38553958	      0.02698551	     -0.34061428	      0.00000000	      0.00000000	      0.00000000	     86.60750692	   -532.89841894	    -27.69696990	     -8.16034094	      0.94906555	    -33.00756662	      0.00000000	      0.00000000	      0.00000000	     84.44313816	    -16.85088517	     12.35524747	      0.02245903	      0.24449373	     -0.40514567	      0.00000000	      0.00000000	      0.00000000	     36.76525782	     56.68394583	      6.62683779	      0.00000000	      0.00000000	     -0.00000000	      0.00000000	      0.00000000	      0.00000000	     -5.07373349	     21.50156096	     -1.23162075	      0.68892552	      0.15021941	     -0.03822568	     -0.00824526	     -0.00360284	      0.00125501	     -0.16708372	      0.41308176	      0.06209242	      0.00164425	     -0.00014769	      0.00462451	      0.00000000	      0.00000000	      0.00000000	      1.40777701	      3.99473861	     -1.14216484	      0.04975814	      0.08683046	     -0.02076923	      0.00000000	      0.00000000	      0.00000000	      1.25384585	      3.50704544	     -1.08218403	     -0.02852573	      0.15164153	      0.13818356	      0.00000000	      0.00000000	      0.00000000	     -0.01621810	     -0.25007050	     -0.20385219	      0.00213132	      0.00794568	     -0.04290031	      0.00000000	      0.00000000	      0.00000000	   -105.01691666	    -80.84287368	      3.94356472	      0.00000000	      0.00000000	      0.00000000	      0.00000000	      0.00000000	      0.00000000	    -22.75706455	    -10.56885574	      0.78509500	     -0.24794918	     -0.14588008	     -8.50475965	      0.00000000	      0.00000000	      0.00000000	    -15.06434346	     -4.82614958	      0.50272082	     -0.03904498	     -0.24353592	     -3.25653022	      0.00000000	      0.00000000	      0.00000000	    -10.24557109	     -2.99033395	      0.33987032	     -0.06811521	     -0.05086937	     -2.44209381	      0.00000000	      0.00000000	      0.00000000	     -5.27683542	     -1.23798036	      0.17282706	     -0.01224360	     -0.00004553	     -0.38247375	      0.00000000	      0.00000000	      0.00000000	    -22.65421444	    -11.27217254	      0.79023435	     -0.32420311	      0.14107165	     -8.47643136	      0.00000000	      0.00000000	      0.00000000	    -15.01682280	     -5.15110868	      0.50509539	     -0.18308142	      0.25084788	     -3.24459466	      0.00000000	      0.00000000	      0.00000000	    -10.21396074	     -3.20649410	      0.34144987	     -0.09401193	      0.05387127	     -2.43429547	      0.00000000	      0.00000000	      0.00000000	     -5.26286796	     -1.33349362	      0.17352501	     -0.01229113	     -0.00004553	     -0.38152264	      0.00000000	      0.00000000	      0.00000000
      2.13000000	      0.00000000	     -0.00000000	      0.00000000	     -0.00000000	      0.00000000	      0.00000000	      0.00000000	      0.00000000	      0.00000000	   -180.44551751	  -1189.73658217	    469.07731493	      0.00193819	     -0.06339977	      0.00954614	      0.00000000	      0.00000000	      0.00000000	    -96.13919277	   -855.05894888	     28.31999906	      5.89783022	      0.86542162	     -4.06379440	     -0.00824526	     -0.00360284	     -0.00125501	     37.82983428	     -1.38859627	    -13.78689736	     -0.77615727	      0.23302813	     -0.83971094	      0.00000000	      0.00000000	      0.00000000	     82.32876663	   -536.81372789	    -27.72533851	     -3.39686777	      0.03602742	     -0.33917737	      0.00000000	      0.00000000	      0.00000000	     84.05035495	   -536.86588541	    -27.88473482	     -8.20547014	      0.98098057	    -33.09997963	      0.00000000	      0.00000000	      0.00000000	     82.95973073	    -16.62826138	     12.10517245	      0.02217677	      0.25108657	     -0.39034717	      0.00000000	      0.00000000	      0.00000000	     39.62196463	     62.55869173	      7.70932266	     -0.00000000	     -0.00000000	     -0.00000000	      0.00000000	      0.00000000	      0.00000000	     -5.49447150	     23.77120319	     -1.47192201	      0.79020210	      0.16429711	     -0.04225994	     -0.00824526	     -0.00360284	      0.00125501	     -0.17973289	      0.45265906	      0.06850558	      0.00181254	     -0.00016119	      0.00498921	      0.00000000	      0.00000000	      0.00000000	      1.59674752	      4.42025641	     -1.29935891	      0.05295937	      0.09529868	     -0.02261764	      0.00000000	      0.00000000	      0.00000000	      1.42735067	      3.87887386	     -1.22750368	     -0.03411593	      0.16918299	      0.15123199	      0.00000000	      0.00000000	      0.00000000	     -0.00192533	     -0.27727729	     -0.21807604	      0.00254694	      0.00868485	     -0.04766182	      0.00000000	      0.00000000	      0.00000000	   -115.21470286	    -82.89268867	      3.24584539	     -0.00000000	      0.00000000	     -0.00000000	      0.00000000	      0.00000000	      0.00000000	    -24.89246297	    -11.06842813	      0.64249439	     -0.19507210	     -0.15888233	     -9.29842050	      0.00000000	      0.00000000	      0.00000000	    -16.46984375	     -5.06276804	      0.41244411	     -0.01628573	     -0.26733072	     -3.56148218	      0.00000000	      0.00000000	      0.00000000	    -11.20062992	     -3.13528722	      0.27884238	     -0.05311600	     -0.05603390	     -2.67003028	      0.00000000	      0.00000000	      0.00000000	     -5.76782145	     -1.29720539	      0.14189612	     -0.01005426	     -0.00004037	     -0.41804551	      0.00000000	      0.00000000	      0.00000000	    -24.81282910	    -11.64211887	      0.65743696	     -0.27706347	      0.15489758	     -9.27654011	      0.00000000	      0.00000000	      0.00000000	    -16.43304987	     -5.32783497	      0.41934814	     -0.16698503	      0.27338951	     -3.55213688	      0.00000000	      0.00000000	      0.00000000	    -11.17615493	     -3.31160758	      0.28343489	     -0.08067055	      0.05850882	     -2.66395419	      0.00000000	      0.00000000	      0.00000000	     -5.75700685	     -1.37511490	      0.14392538	     -0.01019245	     -0.00004037	     -0.41730909	      0.00000000	      0.00000000	      0.00000000
      2.14000000	      0.00000000	     -0.00000000	     -0.00000000	     -0.00000000	     -0.00000000	     -0.00000000	      0.00000000	      0.00000000	      0.00000000	   -172.06558027	  -1204.17398248	    472.49317567	      0.00193503	     -0.06244254	      0.00951891	      0.00000000	      0.00000000	      0.00000000	   -110.89030573	   -878.00971868	     28.15077360	      5.95301357	      0.60197660	     -4.39449694	     -0.00824526	     -0.00360284	     -0.00125501	     38.47692930	     -0.85829259	    -14.96699977	     -0.81645265	      0.24752818	     -0.88506767	      0.00000000	      0.00000000	      0.00000000	     82.91823457	   -538.59657105	    -27.35622532	     -3.42121596	     -0.01275064	     -0.34991897	      0.00000000	      0.00000000	      0.00000000	     84.65381190	   -538.58043973	    -27.51766946	     -8.22322358	      0.91074324	    -33.23201572	      0.00000000	      0.00000000	      0.00000000	     81.55007181	    -16.39642607	     12.01015118	      0.02245219	      0.24821041	     -0.37689152	      0.00000000	      0.00000000	      0.00000000	     40.66460504	     67.45555355	      7.69461924	     -0.00000000	      0.00000000	     -0.00000000	      0.00000000	      0.00000000	      0.00000000	     -5.68964539	     25.66038547	     -1.53501583	      0.81942922	      0.16662165	     -0.03931617	     -0.00824526	     -0.00360284	      0.00125501	     -0.18782382	      0.47733145	      0.07075427	      0.00186936	     -0.00016473	      0.00522763	      0.00000000	      0.00000000	      0.00000000	      1.78263274	      4.84148701	     -1.34530237	      0.05203849	      0.09439108	     -0.02235756	      0.00000000	      0.00000000	      0.00000000	      1.59518962	      4.24821478	     -1.26630412	     -0.03779629	      0.17170516	      0.16623980	      0.00000000	      0.00000000	      0.00000000	      0.00203776	     -0.29707388	     -0.21070804	      0.00289984	      0.00840845	     -0.05177387	      0.00000000	      0.00000000	      0.00000000	   -120.56555490	    -86.33142809	      3.72698355	      0.00000000	     -0.00000000	      0.00000000	      0.00000000	      0.00000000	      0.00000000	    -26.04608935	    -11.50702166	      0.72906526	     -0.22534903	     -0.16639758	     -9.72855334	      0.00000000	      0.00000000	      0.00000000	    -17.23144351	     -5.26421448	      0.46893162	     -0.02563533	     -0.27939242	     -3.72635934	      0.00000000	      0.00000000	      0.00000000	    -11.71850385	     -3.25909586	      0.31702668	     -0.06168037	     -0.05850742	     -2.79352955	      0.00000000	      0.00000000	      0.00000000	     -6.03433487	     -1.34808133	      0.16142656	     -0.01144054	     -0.00004672	     -0.43736327	      0.00000000	      0.00000000	      0.00000000	    -25.95494217	    -12.17366061	      0.76060394	     -0.31544173	      0.16182500	     -9.70352787	      0.00000000	      0.00000000	      0.00000000	    -17.18933004	     -5.57222702	      0.48350369	     -0.18425189	      0.28632562	     -3.71562722	      0.00000000	      0.00000000	      0.00000000	    -11.69049032	     -3.46398329	      0.32671990	     -0.09148154	      0.06133818	     -2.78656191	      0.00000000	      0.00000000	      0.00000000	     -6.02195672	     -1.43861358	      0.16570964	     -0.01173220	     -0.00004672	     -0.43652038	      0.00000000	      0.00000000	      0.00000000
      2.15000000	     -0.00000000	      0.00000000	     -0.00000000	      0.00000000	     -0.00000000	      0.00000000	      0.00000000	      0.00000000	      0.00000000	   -172.12636876	  -1215.40745114	    481.15315767	      0.00217802	     -0.06250269	      0.00956810	      0.00000000	      0.00000000	      0.00000000	   -118.06303668	   -888.19852046	     27.71035328	      5.77921917	      0.47588542	     -4.58288587	     -0.00824526	     -0.00360284	     -0.00125501	     39.62577364	     -0.57849059	    -15.91885857	     -0.85483303	      0.26084148	     -0.92894380	      0.00000000	      0.00000000	      0.00000000	     82.94645259	   -537.46697451	    -26.82961673	     -3.44401602	     -0.03835879	     -0.35704468	      0.00000000	      0.00000000	      0.00000000	     84.67822761	   -537.36824128	    -27.02139740	     -8.21303419	      0.85723931	    -33.18159591	      0.00000000	      0.00000000	      0.00000000	     80.18958921	    -15.99861237	     11.87523563	      0.02320624	      0.24529659	     -0.35206485	      0.00000000	      0.00000000	      0.00000000	     40.96477692	     68.90009010	      7.78233004	      0.00000000	     -0.00000000	      0.00000000	      0.00000000	      0.00000000	      0.00000000	     -5.79185629	     25.59405121	     -1.44034538	      0.77771373	      0.16819087	     -0.03958359	     -0.00824526	     -0.00360284	      0.00125501	     -0.19129118	      0.48481489	      0.06666959	      0.00176593	     -0.00015772	      0.00533469	      0.00000000	      0.00000000	      0.00000000	      1.82144844	      4.80718223	     -1.28265456	      0.05579358	      0.09364874	     -0.02262837	      0.00000000	      0.00000000	      0.00000000	      1.62357804	      4.22125144	     -1.21293250	     -0.03317202	      0.16808690	      0.16298381	      0.00000000	      0.00000000	      0.00000000	     -0.01969726	     -0.29421692	     -0.21963285	      0.00261472	      0.00860233	     -0.05136805	      0.00000000	      0.00000000	      0.00000000	   -122.97971197	    -85.51267009	      3.94395507	      0.00000000	      0.00000000	      0.00000000	      0.00000000	      0.00000000	      0.00000000	    -26.54689015	    -11.43514119	      0.78151096	     -0.24423921	     -0.16964500	     -9.91273881	      0.00000000	      0.00000000	      0.00000000	    -17.55758509	     -5.22766477	      0.50149131	     -0.03321480	     -0.28447743	     -3.79759104	      0.00000000	      0.00000000	      0.00000000	    -11.93971081	     -3.23333546	      0.33899642	     -0.06696890	     -0.05953665	     -2.84643894	      0.00000000	      0.00000000	      0.00000000	     -6.14758046	     -1.33510030	      0.17246567	     -0.01221998	     -0.00005208	     -0.44555291	      0.00000000	      0.00000000	      0.00000000	    -26.45515002	    -12.13219569	      0.79934642	     -0.32977289	      0.16477893	     -9.88759833	      0.00000000	      0.00000000	      0.00000000	    -17.51519766	     -5.54973045	      0.50973196	     -0.18955537	      0.29186346	     -3.78669607	      0.00000000	      0.00000000	      0.00000000	    -11.91151505	     -3.44757092	      0.34447804	     -0.09563655	      0.06254091	     -2.83939190	      0.00000000	      0.00000000	      0.00000000	     -6.13512178	     -1.42976312	      0.17488780	     -0.01238492	     -0.00005208	     -0.44470453	      0.00000000	      0.00000000	      0.00000000
      2.16000000	     -0.00000000	      0.00000000	      0.00000000	      0.00000000	      0.00000000	     -0.00000000	      0.00000000	      0.00000000	      0.00000000	   -179.61952886	  -1221.45943260	    496.39185528	      0.00266157	     -0.06371017	      0.00977307	      0.00000000	      0.00000000	      0.00000000	   -120.66498711	   -882.46749579	     26.55898570	      5.66709881	      0.43997134	     -4.63814597	     -0.00824526	     -0.00360284	     -0.00125501	     41.04080562	     -0.45750103	    -16.68936479	     -0.89037054	      0.27290708	     -0.96996858	      0.00000000	      0.00000000	      0.00000000	     83.44276662	   -532.93483701	    -26.60022542	     -3.44970247	     -0.01919896	     -0.35495846	      0.00000000	      0.00000000	      0.00000000	     85.14911839	   -532.80503075	    -26.80117361	     -8.17784322	      0.86003249	    -32.96326629	      0.00000000	      0.00000000	      0.00000000	     79.12478835	    -15.55243390	     11.66735707	      0.02516817	      0.24093545	     -0.32741744	      0.00000000	      0.00000000	      0.00000000	     39.90877914	     68.51206619	      7.62078220	      0.00000000	      0.00000000	      0.00000000	      0.00000000	      0.00000000	      0.00000000	     -5.76624263	     25.82612264	     -1.41624984	      0.76258801	      0.16713659	     -0.03766449	     -0.00824526	     -0.00360284	      0.00125501	     -0.18813506	      0.47047139	      0.06346943	      0.00168056	     -0.00015008	      0.00520763	      0.00000000	      0.00000000	      0.00000000	      1.90604408	      5.02304180	     -1.26177350	      0.05486811	      0.09096550	     -0.02205221	      0.00000000	      0.00000000	      0.00000000	      1.70032721	      4.41083039	     -1.19233038	     -0.03349128	      0.16490950	      0.17154888	      0.00000000	      0.00000000	      0.00000000	     -0.01686373	     -0.30222100	     -0.21297054	      0.00298778	      0.00842807	     -0.05335417	      0.00000000	      0.00000000	      0.00000000	   -120.84330151	    -82.61047617	      4.00226366	     -0.00000000	      0.00000000	      0.00000000	      0.00000000	      0.00000000	      0.00000000	    -26.08065954	    -11.01783052	      0.76278537	     -0.23850641	     -0.16666771	     -9.73705003	      0.00000000	      0.00000000	      0.00000000	    -17.24700190	     -5.03520824	      0.48809851	     -0.03309196	     -0.27949259	     -3.73095477	      0.00000000	      0.00000000	      0.00000000	    -11.72819455	     -3.11170945	      0.32958103	     -0.06522375	     -0.05850712	     -2.79615567	      0.00000000	      0.00000000	      0.00000000	     -6.03835416	     -1.28333999	      0.16746373	     -0.01186813	     -0.00005627	     -0.43760857	      0.00000000	      0.00000000	      0.00000000	    -25.99003320	    -11.80881001	      0.81005547	     -0.32988625	      0.16176257	     -9.71240242	      0.00000000	      0.00000000	      0.00000000	    -17.20512909	     -5.40067084	      0.50993910	     -0.18714555	      0.28673431	     -3.71982677	      0.00000000	      0.00000000	      0.00000000	    -11.70034109	     -3.35481219	      0.34410921	     -0.09495827	      0.06143962	     -2.78906041	      0.00000000	      0.00000000	      0.00000000	     -6.02604674	     -1.39075820	      0.17388321	     -0.01230526	     -0.00005627	     -0.43677050	      0.00000000	      0.00000000	      0.00000000
      2.17000000	      0.00000000	      0.00000000	      0.00000000	     -0.00000000	      0.00000000	     -0.00000000	      0.00000000	      0.00000000	      0.00000000	   -191.66898263	  -1221.45724981	    518.88924656	      0.00342442	     -0.06617689	      0.01034134	      0.00000000	      0.00000000	      0.00000000	   -120.21167748	   -860.01269388	     24.63146354	      5.45439260	      0.41135730	     -4.60188756	     -0.00824526	     -0.00360284	     -0.00125501	     42.57079755	     -0.42671562	    -17.32266027	     -0.92305822	      0.28368663	     -1.00724390	      0.00000000	      0.00000000	      0.00000000	     86.21860052	   -525.72054544	    -25.99228588	     -3.44949082	     -0.01148482	     -0.35455899	      0.00000000	      0.00000000	      0.00000000	     87.85242174	   -525.58384388	    -26.18440581	     -8.10129677	      0.81776060	    -32.70836095	      0.00000000	      0.00000000	      0.00000000	     78.40141118	    -15.19066653	     11.54040117	      0.02644265	      0.23052703	     -0.30924425	      0.00000000	      0.00000000	      0.00000000	     37.22883896	     65.83282180	      7.09792744	      0.00000000	      0.00000000	      0.00000000	      0.00000000	      0.00000000	      0.00000000	     -5.57365749	     24.91500821	     -1.31192868	      0.73346676	      0.16205044	     -0.03758489	     -0.00824526	     -0.00360284	      0.00125501	     -0.18369786	      0.44969894	      0.06133664	      0.00162293	     -0.00014195	      0.00509582	      0.00000000	      0.00000000	      0.00000000	      1.88476850	      4.91185337	     -1.23865283	      0.05288249	      0.08875127	     -0.02144571	      0.00000000	      0.00000000	      0.00000000	      1.67589419	      4.31384184	     -1.17014321	     -0.03328617	      0.16136657	      0.16726512	      0.00000000	      0.00000000	      0.00000000	     -0.03537077	     -0.29000621	     -0.20810577	      0.00308977	      0.00792567	     -0.05185051	      0.00000000	      0.00000000	      0.00000000	   -113.52941797	    -78.47124776	      3.91972112	      0.00000000	     -0.00000000	      0.00000000	      0.00000000	      0.00000000	      0.00000000	    -24.50644503	    -10.48182855	      0.73798923	     -0.23392814	     -0.15658414	     -9.14907150	      0.00000000	      0.00000000	      0.00000000	    -16.20380455	     -4.79548994	      0.47881932	     -0.03478731	     -0.26238311	     -3.50484208	      0.00000000	      0.00000000	      0.00000000	    -11.01882260	     -2.96533830	      0.32385432	     -0.06466934	     -0.05487410	     -2.62687324	      0.00000000	      0.00000000	      0.00000000	     -5.67294014	     -1.22453337	      0.16540479	     -0.01173190	     -0.00004391	     -0.41116462	      0.00000000	      0.00000000	      0.00000000	    -24.40136053	    -11.19709845	      0.82084885	     -0.33181430	      0.15182729	     -9.12012169	      0.00000000	      0.00000000	      0.00000000	    -16.15525152	     -5.12597183	      0.51710361	     -0.18481368	      0.26958576	     -3.49265909	      0.00000000	      0.00000000	      0.00000000	    -10.98652552	     -3.18517215	      0.34932071	     -0.09551346	      0.05783732	     -2.61890982	      0.00000000	      0.00000000	      0.00000000	     -5.65866924	     -1.32166991	      0.17665746	     -0.01249815	     -0.00004391	     -0.41019284	      0.00000000	      0.00000000	      0.00000000
      2.18000000	      0.00000000	      0.00000000	      0.00000000	     -0.00000000	      0.00000000	     -0.00000000	      0.00000000	      0.00000000	      0.00000000	   -211.32885682	  -1215.12746980	    548.15832472	      0.00442071	     -0.07006167	      0.01113521	      0.00000000	      0.00000000	      0.00000000	   -116.39880218	   -820.26674068	     21.97491958	      5.20085090	      0.44658776	     -4.44759530	     -0.00824526	     -0.00360284	     -0.00125501	     44.26761066	     -0.52425701	    -17.78260164	     -0.95222450	      0.29295719	     -1.03950264	      0.00000000	      0.00000000	      0.00000000	     89.29140636	   -515.35846504	    -25.42578790	     -3.43417482	      0.02697546	     -0.34723920	      0.00000000	      0.00000000	      0.00000000	     90.80515280	   -515.25360203	    -25.60027012	     -7.99078642	      0.80586889	    -32.29065047	      0.00000000	      0.00000000	      0.00000000	     78.09341285	    -14.85991252	     11.41391556	      0.02695956	      0.21943031	     -0.29539383	      0.00000000	      0.00000000	      0.00000000	     33.00622796	     60.06693362	      4.87786959	     -0.00000000	      0.00000000	      0.00000000	      0.00000000	      0.00000000	      0.00000000	     -5.15802497	     23.76431718	     -0.70988748	      0.26155931	      0.11328046	      0.00149275	     -0.00824526	     -0.00360284	      0.00125501	     -0.16626463	      0.39886262	      0.00772952	      0.00021338	     -0.00004053	      0.00448335	      0.00000000	      0.00000000	      0.00000000	      1.79810814	      5.07979918	     -0.34318920	      0.03551848	      0.03486794	     -0.01000660	      0.00000000	      0.00000000	      0.00000000	      1.57698240	      4.47731885	     -0.33753090	     -0.00973675	      0.06131421	      0.19235340	      0.00000000	      0.00000000	      0.00000000	     -0.10661045	     -0.24888526	     -0.10490862	      0.00199944	      0.00349795	     -0.04973015	      0.00000000	      0.00000000	      0.00000000	   -100.84510387	    -72.58693645	      4.59254455	     -0.00000000	     -0.00000000	      0.00000000	      0.00000000	      0.00000000	      0.00000000	    -21.87157807	     -9.18068796	      0.59519746	     -0.19279670	     -0.13986541	     -8.16255056	      0.00000000	      0.00000000	      0.00000000	    -14.45884405	     -4.15526852	      0.39892317	     -0.02756851	     -0.23439350	     -3.12758333	      0.00000000	      0.00000000	      0.00000000	     -9.82968602	     -2.55788380	      0.26832281	     -0.05375156	     -0.04909480	     -2.34332514	      0.00000000	      0.00000000	      0.00000000	     -5.05909179	     -1.04634038	      0.13817127	     -0.00985694	     -0.00007538	     -0.36659242	      0.00000000	      0.00000000	      0.00000000	    -21.77055297	    -10.47878842	      1.06077895	     -0.39300233	      0.13443173	     -8.13583785	      0.00000000	      0.00000000	      0.00000000	    -14.41216661	     -4.75504029	      0.61403952	     -0.19780895	      0.24147848	     -3.11369298	      0.00000000	      0.00000000	      0.00000000	     -9.79863657	     -2.95684708	      0.41141645	     -0.10744013	      0.05192243	     -2.33487174	      0.00000000	      0.00000000	      0.00000000	     -5.04537217	     -1.22262766	      0.20139911	     -0.01416244	     -0.00007538	     -0.36565819	      0.00000000	      0.00000000	      0.00000000
      2.19000000	      0.00000000	     -0.00000000	     -0.00000000	      0.00000000	     -0.00000000	     -0.00000000	      0.00000000	      0.00000000	      0.00000000	   -239.05376630	  -1205.66290338	    583.08898354	      0.00564828	     -0.07556360	      0.01229994	      0.00000000	      0.00000000	      0.00000000	   -109.26112026	   -765.65482278	     18.76576119	      4.90478592	      0.51936958	     -4.19003669	     -0.00824526	     -0.00360284	     -0.00125501	     46.18312472	     -0.79619215	    -18.02327373	     -0.97702362	      0.30053804	     -1.06649128	      0.00000000	      0.00000000	      0.00000000	     93.37267559	   -502.29528181	    -24.75359956	     -3.39471644	      0.07080740	     -0.33654659	      0.00000000	      0.00000000	      0.00000000	     94.76258950	   -502.20273297	    -24.89504616	     -7.83291524	      0.78681344	    -31.77440533	      0.00000000	      0.00000000	      0.00000000	     78.55495005	    -14.68691191	     11.35062780	      0.02843143	      0.20008785	     -0.28876441	      0.00000000	      0.00000000	      0.00000000	     27.30120822	     51.14013594	      5.95312266	     -0.00000000	     -0.00000000	      0.00000000	      0.00000000	      0.00000000	      0.00000000	     -4.42675222	     19.27880914	     -1.17912873	      0.74587121	      0.14679074	     -0.04950208	     -0.00824526	     -0.00360284	      0.00125501	     -0.16639625	      0.36046136	      0.06617431	      0.00174370	     -0.00013696	      0.00471025	      0.00000000	      0.00000000	      0.00000000	      1.33084184	      3.76788907	     -1.34100507	      0.04826613	      0.09289445	     -0.02168697	      0.00000000	      0.00000000	      0.00000000	      1.14359118	      3.31075659	     -1.26227988	     -0.03526436	      0.16726667	      0.13059529	      0.00000000	      0.00000000	      0.00000000	     -0.15978015	     -0.20262255	     -0.21873306	      0.00382035	      0.00589526	     -0.03842353	      0.00000000	      0.00000000	      0.00000000	    -83.35331116	    -62.93528831	      4.73814146	      0.00000000	     -0.00000000	     -0.00000000	      0.00000000	      0.00000000	      0.00000000	    -18.29370411	     -7.31082151	     -0.67213074	      0.18969704	     -0.11297555	     -6.79215574	      0.00000000	      0.00000000	      0.00000000	    -12.00996680	     -3.25436695	     -0.25057370	      0.09138262	     -0.19860112	     -2.59447958	      0.00000000	      0.00000000	      0.00000000	     -8.14987548	     -1.98195174	     -0.16764229	      0.04128949	     -0.04214949	     -1.94061708	      0.00000000	      0.00000000	      0.00000000	     -4.18007191	     -0.79469696	     -0.06459830	      0.00411525	      0.00002169	     -0.30311081	      0.00000000	      0.00000000	      0.00000000	    -17.99117813	     -9.50778740	      1.99940514	     -0.63484237	      0.10878815	     -6.70906516	      0.00000000	      0.00000000	      0.00000000	    -11.87018830	     -4.26944872	      0.98377746	     -0.26057212	      0.20223940	     -2.55891458	      0.00000000	      0.00000000	      0.00000000	     -8.05689597	     -2.65717585	      0.65343802	     -0.15616196	      0.04400829	     -1.91751132	      0.00000000	      0.00000000	      0.00000000	     -4.13898766	     -1.09305379	      0.29820705	     -0.02058998	      0.00002169	     -0.30031318	      0.00000000	      0.00000000	      0.00000000
      2.20000000	     -0.00000000	      0.00000000	     -0.00000000	      0.00000000	      0.00000000	      0.00000000	      0.00000000	      0.00000000	      0.00000000	   -279.47415151	  -1191.72729583	    627.94866276	      0.00700055	     -0.08262016	      0.01406495	      0.00000000	      0.00000000	      0.00000000	   -102.93755804	   -695.01640729	     14.34460477	      4.91911045	      0.67074780	     -3.84458966	     -0.00824526	     -0.00360284	     -0.00125501	     48.05340220	     -1.00824839	    -18.28205972	     -1.00112367	      0.30768887	     -1.09694252	      0.00000000	      0.00000000	      0.00000000	     94.38357968	   -484.72529259	    -25.15603452	     -3.31174780	      0.22716414	     -0.30135037	      0.00000000	      0.00000000	      0.00000000	     95.58001459	   -484.72939592	    -25.24528342	     -7.65431028	      0.95406580	    -30.84608736	      0.00000000	      0.00000000	      0.00000000	     79.42321834	    -14.43089912	     11.12199520	      0.02927464	      0.19082078	     -0.28243155	      0.00000000	      0.00000000	      0.00000000	     19.90028280	     39.78583763	      2.16868182	     -0.00000000	      0.00000000	     -0.00000000	      0.00000000	      0.00000000	      0.00000000	     -3.37135243	     17.23021067	     -0.28067052	      0.11576037	      0.07292874	      0.01246513	     -0.00824526	     -0.00360284	      0.00125501	     -0.10821101	      0.25564533	      0.00111976	      0.00003336	     -0.00001853	      0.00284645	      0.00000000	      0.00000000	      0.00000000	      1.10116583	      4.06239520	     -0.16236458	      0.02299341	      0.01806119	     -0.00567615	      0.00000000	      0.00000000	      0.00000000	      0.91609849	      3.59215145	     -0.16291059	     -0.00640112	      0.03122697	      0.17310225	      0.00000000	      0.00000000	      0.00000000	     -0.23400285	     -0.14768859	     -0.06040582	      0.00191684	     -0.00050757	     -0.03592933	      0.00000000	      0.00000000	      0.00000000	    -60.85113749	    -49.55736409	      3.07490387	     -0.00000000	     -0.00000000	     -0.00000000	      0.00000000	      0.00000000	      0.00000000	    -13.21912686	     -6.30324336	      0.58142473	     -0.18938924	     -0.08528342	     -4.94297102	      0.00000000	      0.00000000	      0.00000000	     -8.75660579	     -2.86836583	      0.37333532	     -0.03931226	     -0.14097456	     -1.89278242	      0.00000000	      0.00000000	      0.00000000	     -5.95602300	     -1.77610197	      0.25206475	     -0.05237539	     -0.02935362	     -1.41967040	      0.00000000	      0.00000000	      0.00000000	     -3.06821972	     -0.73411884	      0.12819066	     -0.00908726	     -0.00004894	     -0.22238675	      0.00000000	      0.00000000	      0.00000000	    -13.15925317	     -6.90410394	      0.63218059	     -0.24910319	      0.08146401	     -4.92683066	      0.00000000	      0.00000000	      0.00000000	     -8.72894187	     -3.14598627	      0.39678646	     -0.13053002	      0.14660673	     -1.88515122	      0.00000000	      0.00000000	      0.00000000	     -5.93762119	     -1.96077281	      0.26766425	     -0.07117119	      0.03161021	     -1.41488051	      0.00000000	      0.00000000	      0.00000000	     -3.06008863	     -0.81571813	      0.13508351	     -0.00955663	     -0.00004894	     -0.22183307	      0.00000000	      0.00000000	      0.00000000
      2.21000000	      0.00000000	     -0.00000000	     -0.00000000	     -0.00000000	      0.00000000	     -0.00000000	      0.00000000	      0.00000000	      0.00000000	   -316.82763337	  -1173.48360874	    674.93258692	      0.00873109	     -0.09211366	      0.01581658	      0.00000000	      0.00000000	      0.00000000	    -89.85181314	   -608.72593576	      9.94909185	      4.22165210	      0.72651064	     -3.41545350	     -0.00824526	     -0.00360284	     -0.00125501	     50.86529189	     -1.73403929	    -17.90940374	     -1.01532776	      0.31109022	     -1.11855377	      0.00000000	      0.00000000	      0.00000000	    100.33082978	   -463.38304921	    -23.25897733	     -3.25861780	      0.22301177	     -0.29814470	      0.00000000	      0.00000000	      0.00000000	    101.23416550	   -463.59775404	    -23.33096327	     -7.37373472	      0.81369476	    -29.96777830	      0.00000000	      0.00000000	      0.00000000	     80.52084679	    -14.56797650	     11.33047726	      0.02344061	      0.16941192	     -0.30545451	      0.00000000	      0.00000000	      0.00000000	     10.99508782	     28.57282394	     -4.05582607	      0.00000000	     -0.00000000	     -0.00000000	      0.00000000	      0.00000000	      0.00000000	     -2.46254835	     17.72136118	      1.27679593	     -1.41425990	     -0.12306274	      0.19247427	     -0.00824526	     -0.00360284	      0.00125501	     -0.06401210	      0.17164469	     -0.17940162	     -0.00472530	      0.00029478	      0.00118960	      0.00000000	      0.00000000	      0.00000000	      1.05046524	      5.25310960	      2.95228541	     -0.04682852	     -0.19286358	      0.03930047	      0.00000000	      0.00000000	      0.00000000	      0.81580717	      4.68966510	      2.75796655	      0.06795250	     -0.33841860	      0.28586054	      0.00000000	      0.00000000	      0.00000000	     -0.41824835	     -0.03671350	      0.38076009	     -0.00119670	     -0.01920632	     -0.03437075	      0.00000000	      0.00000000	      0.00000000	    -33.35430351	    -43.98266283	      5.93550671	     -0.00000000	      0.00000000	     -0.00000000	      0.00000000	      0.00000000	      0.00000000	     -7.86990638	     -3.23750286	     -1.20660582	      0.35148931	     -0.04717270	     -2.90567158	      0.00000000	      0.00000000	      0.00000000	     -5.13955506	     -1.28932499	     -0.55715950	      0.12734255	     -0.08845463	     -1.10683143	      0.00000000	      0.00000000	      0.00000000	     -3.47330472	     -0.74792187	     -0.37932751	      0.08481945	     -0.01941822	     -0.82507434	      0.00000000	      0.00000000	      0.00000000	     -1.77130219	     -0.26809802	     -0.16921717	      0.01137016	     -0.00008861	     -0.12821194	      0.00000000	      0.00000000	      0.00000000	     -7.64867169	     -6.89243341	      2.56513850	     -0.76535772	      0.04164815	     -2.84866197	      0.00000000	      0.00000000	      0.00000000	     -5.03733622	     -2.97804187	      1.18552978	     -0.27848078	      0.09090305	     -1.07351518	      0.00000000	      0.00000000	      0.00000000	     -3.40530959	     -1.87124255	      0.77989517	     -0.17772413	      0.02041447	     -0.80550102	      0.00000000	      0.00000000	      0.00000000	     -1.74125763	     -0.76445233	      0.34300091	     -0.02350933	     -0.00008861	     -0.12616605	      0.00000000	      0.00000000	      0.00000000
      2.22000000	      0.00000000	     -0.00000000	      0.00000000	      0.00000000	      0.00000000	      0.00000000	      0.00000000	      0.00000000	      0.00000000	   -374.89185937	  -1197.26419509	    730.42034827	      0.01040380	     -0.10619738	      0.01895465	      0.00000000	      0.00000000	      0.00000000	    -80.77181823	   -550.60828077	      3.43763510	      4.32901829	      0.92629588	     -3.09028077	     -0.00824526	     -0.00360284	     -0.00125501	     57.71679036	     -3.16953473	    -16.90705960	     -1.03309209	      0.31221765	     -1.21981964	      0.00000000	      0.00000000	      0.00000000	    104.61425259	   -442.18463029	    -23.78489631	     -3.10914862	      0.39374321	     -0.25390992	      0.00000000	      0.00000000	      0.00000000	    105.37628930	   -442.34630290	    -23.74375071	     -7.10721760	      0.97976124	    -28.99512421	      0.00000000	      0.00000000	      0.00000000	     83.55711883	    -14.84026443	     11.22110794	      0.02636666	      0.14192987	     -0.32031069	      0.00000000	      0.00000000	      0.00000000	      1.55249890	      9.64252784	     -1.44512671	     -0.00000000	      0.00000000	     -0.00000000	      0.00000000	      0.00000000	      0.00000000	     -0.62852292	      8.34306225	      0.25700188	     -0.09379790	      0.01569147	      0.03370571	     -0.00824526	     -0.00360284	      0.00125501	     -0.01738030	      0.04088087	     -0.00778136	     -0.00020700	      0.00000827	      0.00019797	      0.00000000	      0.00000000	      0.00000000	      0.06373641	      2.78391173	      0.13254766	      0.00869585	     -0.00891456	      0.00065175	      0.00000000	      0.00000000	      0.00000000	     -0.07187362	      2.48405477	      0.12049287	      0.00153519	     -0.01667521	      0.15755750	      0.00000000	      0.00000000	      0.00000000	     -0.43829376	     -0.00703894	      0.00282069	      0.00223089	     -0.00664838	     -0.01742787	      0.00000000	      0.00000000	      0.00000000	     -6.84676337	    -18.60730626	      1.31863067	     -0.00000000	     -0.00000000	      0.00000000	      0.00000000	      0.00000000	      0.00000000	     -1.62592227	     -2.02990249	      0.13885719	     -0.05113935	     -0.01091498	     -0.61728459	      0.00000000	      0.00000000	      0.00000000	     -1.09193983	     -0.90899318	      0.10773882	     -0.01085663	     -0.01709869	     -0.23290894	      0.00000000	      0.00000000	      0.00000000	     -0.74369491	     -0.56906901	      0.07332441	     -0.01561463	     -0.00346265	     -0.17641230	      0.00000000	      0.00000000	      0.00000000	     -0.38451154	     -0.23822527	      0.03947367	     -0.00283832	     -0.00000895	     -0.02797992	      0.00000000	      0.00000000	      0.00000000	     -1.57953256	     -2.30609982	      0.36899462	     -0.13239484	      0.00938717	     -0.60443215	      0.00000000	      0.00000000	      0.00000000	     -1.07050601	     -1.03660685	      0.21407106	     -0.06034748	      0.01935598	     -0.22767188	      0.00000000	      0.00000000	      0.00000000	     -0.72943731	     -0.65395658	      0.14405575	     -0.03611523	      0.00441728	     -0.17294853	      0.00000000	      0.00000000	      0.00000000	     -0.37821163	     -0.27573398	      0.07072726	     -0.00496653	     -0.00000895	     -0.02755093	      0.00000000	      0.00000000	      0.00000000
      2.23000000	      0.00000000	     -0.00000000	     -0.00000000	     -0.00000000	      0.00000000	      0.00000000	      0.00000000	      0.00000000	      0.00000000	   -430.24753915	  -1239.83261663	    780.21865996	      0.01361429	     -0.14914316	      0.02825872	      0.00000000	      0.00000000	      0.00000000	    -74.03127956	   -521.44014746	     -3.35573377	      4.07323632	      1.16931992	     -2.97182716	     -0.00824526	     -0.00360284	     -0.00125501	     71.15569368	     -5.88157154	    -14.53306733	     -1.04291181	      0.31301050	     -1.43848484	      0.00000000	      0.00000000	      0.00000000	    107.45629634	   -418.06928377	    -23.67929701	     -2.98238941	      0.52986520	     -0.22175216	      0.00000000	      0.00000000	      0.00000000	    107.93118863	   -418.43353517	    -23.58274694	     -6.81953507	      1.08918514	    -27.79913616	      0.00000000	      0.00000000	      0.00000000	     86.60776158	    -15.22392828	     11.31150740	      0.02315146	      0.12397276	     -0.35490217	      0.00000000	      0.00000000	      0.00000000	     -9.51139644	     -5.97939838	     -6.36991837	     -0.00000000	      0.00000000	     -0.00000000	      0.00000000	      0.00000000	      0.00000000	      1.12531970	      6.23462386	      1.22203217	     -0.97001463	     -0.13362712	      0.15793807	     -0.00824526	     -0.00360284	      0.00125501	      0.05127118	     -0.06933910	     -0.09940929	     -0.00262575	      0.00015853	     -0.00194693	      0.00000000	      0.00000000	      0.00000000	     -0.40690033	      3.09111773	      1.94210834	     -0.03788974	     -0.14915430	      0.03057323	      0.00000000	      0.00000000	      0.00000000	     -0.54750929	      2.79310480	      1.83320269	      0.04221478	     -0.25106750	      0.22608731	      0.00000000	      0.00000000	      0.00000000	     -0.62666924	      0.11521856	      0.31965860	      0.00016975	     -0.02188641	     -0.00982270	      0.00000000	      0.00000000	      0.00000000	     25.73844307	     -3.82753147	      0.74398760	      0.00000000	     -0.00000000	     -0.00000000	      0.00000000	      0.00000000	      0.00000000	      5.29316048	      0.36292768	     -0.07864649	      0.01944419	      0.03280992	      1.95780563	      0.00000000	      0.00000000	      0.00000000	      3.46367840	      0.20897768	     -0.03269427	      0.00352476	      0.05648124	      0.75366419	      0.00000000	      0.00000000	      0.00000000	      2.35356717	      0.12164880	     -0.02283693	      0.00431643	      0.01185481	      0.56223615	      0.00000000	      0.00000000	      0.00000000	      1.20841701	      0.04790825	     -0.00983293	      0.00064133	     -0.00003182	      0.08754431	      0.00000000	      0.00000000	      0.00000000	      5.28460987	     -0.04678931	      0.27709401	     -0.08193859	     -0.03370378	      1.95459248	      0.00000000	      0.00000000	      0.00000000	      3.45972769	      0.01967285	      0.13167137	     -0.02644465	     -0.05584698	      0.75434229	      0.00000000	      0.00000000	      0.00000000	      2.35093919	     -0.00427523	      0.08649775	     -0.01907898	     -0.01168513	      0.56219955	      0.00000000	      0.00000000	      0.00000000	      1.20725580	     -0.00773297	      0.03847807	     -0.00264841	     -0.00003182	      0.08746524	      0.00000000	      0.00000000	      0.00000000
      2.24000000	     -0.00000000	      0.00000000	     -0.00000000	     -0.00000000	     -0.00000000	      0.00000000	      0.00000000	      0.00000000	      0.00000000	   -498.75041975	  -1285.22462767	    815.66129833	      0.01624746	     -0.18822234	      0.03800212	      0.00000000	      0.00000000	      0.00000000	    -65.28090103	   -535.22575500	     -9.96733679	      4.49317936	      1.65598202	     -2.95584819	     -0.00824526	     -0.00360284	     -0.00125501	     92.71368751	    -10.46078646	    -11.07946302	     -1.12231126	      0.26465960	     -1.75280907	      0.00000000	      0.00000000	      0.00000000	    114.03241276	   -408.77665383	    -24.95098449	     -2.89452499	      0.67555096	     -0.19718133	      0.00000000	      0.00000000	      0.00000000	    114.26498023	   -409.25440102	    -24.78434402	     -6.73021499	      1.25595478	    -27.58675152	      0.00000000	      0.00000000	      0.00000000	     92.43418171	    -16.16630527	     11.62820827	      0.02131598	      0.10149019	     -0.40770979	      0.00000000	      0.00000000	      0.00000000	    -20.88480353	    -24.12684439	     -7.96164481	     -0.00000000	      0.00000000	     -0.00000000	      0.00000000	      0.00000000	      0.00000000	      3.34990808	      1.33827940	      1.24979745	     -0.90786230	     -0.15569941	      0.15913966	     -0.00824526	     -0.00360284	      0.00125501	      0.13060886	     -0.19607480	     -0.07852217	     -0.00207742	      0.00012138	     -0.00418720	      0.00000000	      0.00000000	      0.00000000	     -1.28304435	      2.30381333	      1.78555425	     -0.03765943	     -0.14827610	      0.03039245	      0.00000000	      0.00000000	      0.00000000	     -1.38753481	      2.11359277	      1.69474814	      0.03945631	     -0.24704151	      0.22414345	      0.00000000	      0.00000000	      0.00000000	     -0.82075620	      0.21102563	      0.32444562	      0.00084744	     -0.02572656	      0.00238805	      0.00000000	      0.00000000	      0.00000000	     58.24551455	     16.06953602	     -1.07305265	      0.00000000	     -0.00000000	     -0.00000000	      0.00000000	      0.00000000	      0.00000000	     12.33585544	      2.84516994	     -0.23758438	      0.07542059	      0.07772730	      4.58062856	      0.00000000	      0.00000000	      0.00000000	      8.10973116	      1.33054055	     -0.14949045	      0.01352875	      0.13185582	      1.75946503	      0.00000000	      0.00000000	      0.00000000	      5.51056519	      0.80664743	     -0.10121625	      0.02064336	      0.02765189	      1.31494947	      0.00000000	      0.00000000	      0.00000000	      2.83171514	      0.32498057	     -0.05124739	      0.00362356	      0.00000063	      0.20511749	      0.00000000	      0.00000000	      0.00000000	     12.28900760	      3.01861670	     -0.19293933	      0.08209574	     -0.07650052	      4.56745590	      0.00000000	      0.00000000	      0.00000000	      8.08808568	      1.41067955	     -0.12886274	      0.04786858	     -0.13381198	      1.75455258	      0.00000000	      0.00000000	      0.00000000	      5.49616679	      0.85995523	     -0.08749487	      0.02434994	     -0.02850454	      1.31158931	      0.00000000	      0.00000000	      0.00000000	      2.82535302	      0.34853534	     -0.04518441	      0.00321070	      0.00000063	      0.20468426	      0.00000000	      0.00000000	      0.00000000
      2.25000000	     -0.00000000	      0.00000000	      0.00000000	      0.00000000	     -0.00000000	      0.00000000	      0.00000000	      0.00000000	      0.00000000	   -860.10616970	  -1507.93714735	    730.55214705	     -0.00000000	     -0.00000000	     -0.00000000	      0.00000000	      0.00000000	      0.00000000	    -79.55967224	   -485.01937377	     92.78602614	    -37.31017703	      7.04326195	     -5.98093788	     -0.00824526	     -0.00360284	     -0.00125501	    177.86050985	    -20.40648747	    -28.72648041	     -2.43814627	      0.60073201	     -3.43873172	      0.00000000	      0.00000000	      0.00000000	    150.55003609	   -289.90277504	     18.20525666	     -4.26219066	      2.71741098	      0.02583841	      0.00000000	      0.00000000	      0.00000000	    150.83298360	   -288.58327380	     11.17469727	     -5.33966369	      0.46749923	    -23.10318207	      0.00000000	      0.00000000	      0.00000000	    102.48666584	     -3.56860928	      4.76484604	      0.15634498	      0.55479570	      0.46548922	      0.00000000	      0.00000000	      0.00000000	    -36.88260870	    254.01792129	   -131.86783166	      0.00000000	     -0.00000000	     -0.00000000	      0.00000000	      0.00000000	      0.00000000	     -8.11563951	     89.28555582	     22.77888139	    -10.48968204	     -2.18151119	      1.91814530	     -0.00824526	     -0.00360284	      0.00125501	     -0.37230424	      1.68325001	     -0.47468081	     -0.01265616	      0.00035807	      0.01261753	      0.00000000	      0.00000000	      0.00000000	      5.23588060	     19.86052044	     20.07978160	     -0.43540925	     -1.98354872	      0.39923842	      0.00000000	      0.00000000	      0.00000000	      4.51984541	     17.83028821	     19.30123578	      0.45956995	     -2.92956210	      1.24216358	      0.00000000	      0.00000000	      0.00000000	     -0.80637587	      0.36398439	      4.50098902	      0.02235127	     -0.19597712	     -0.09332343	      0.00000000	      0.00000000	      0.00000000	     49.61654528	     -7.81291286	    196.72015462	      0.00000000	      0.00000000	     -0.00000000	      0.00000000	      0.00000000	      0.00000000	      7.56243529	     18.39599218	     38.82672406	    -14.09798714	     -0.05506339	      3.04632484	      0.00000000	      0.00000000	      0.00000000	      5.45981590	      8.55549652	     24.81559167	     -5.47645147	      0.28889452	      1.14815826	      0.00000000	      0.00000000	      0.00000000	      3.72569988	      5.65691469	     16.77270130	     -3.99220224	      0.09698272	      0.88409321	      0.00000000	      0.00000000	      0.00000000	      1.97052727	      2.48473144	      8.52390926	     -0.60384603	     -0.00216777	      0.14427363	      0.00000000	      0.00000000	      0.00000000	     12.91606250	    -18.02316924	     39.18608928	    -14.20089795	     -0.18300510	      4.52123777	      0.00000000	      0.00000000	      0.00000000	      7.93339522	     -8.27154073	     24.98163207	     -5.50685601	      0.07054972	      1.76875733	      0.00000000	      0.00000000	      0.00000000	      5.37110465	     -5.53629309	     16.88315001	     -4.01600487	      0.05106497	      1.28976922	      0.00000000	      0.00000000	      0.00000000	      2.69757143	     -2.46113755	      8.57271251	     -0.60716928	     -0.00216777	      0.19378171	      0.00000000	      0.00000000	      0.00000000
