C:\Users\Israel Luis\Documents\GitHub\GoalOptimized\ProjectResults\DSE\sub1\multiCycle\Je\temp\MRS_ACT_unassisted.sto
nRows=115
nColumns=148

name C:\Users\Israel Luis\Documents\GitHub\GoalOptimized\ProjectResults\DSE\sub1\multiCycle\Je\temp\MRS_ACT_unassisted.sto
datacolumns 148
datarows 115
range 1.110000 2.250000
endheader
time	addbrev_r	addlong_r	addmagDist_r	addmagIsch_r	addmagMid_r	addmagProx_r	bflh_r	bfsh_r	edl_r	ehl_r	fdl_r	fhl_r	gaslat_r	gasmed_r	glmax1_r	glmax2_r	glmax3_r	glmed1_r	glmed2_r	glmed3_r	glmin1_r	glmin2_r	glmin3_r	grac_r	iliacus_r	perbrev_r	perlong_r	piri_r	psoas_r	recfem_r	sart_r	semimem_r	semiten_r	soleus_r	tfl_r	tibant_r	tibpost_r	vasint_r	vaslat_r	vasmed_r	addbrev_l	addlong_l	addmagDist_l	addmagIsch_l	addmagMid_l	addmagProx_l	bflh_l	bfsh_l	edl_l	ehl_l	fdl_l	fhl_l	gaslat_l	gasmed_l	glmax1_l	glmax2_l	glmax3_l	glmed1_l	glmed2_l	glmed3_l	glmin1_l	glmin2_l	glmin3_l	grac_l	iliacus_l	perbrev_l	perlong_l	piri_l	psoas_l	recfem_l	sart_l	semimem_l	semiten_l	soleus_l	tfl_l	tibant_l	tibpost_l	vasint_l	vaslat_l	vasmed_l	lumbar_ext	lumbar_bend	lumbar_rot	shoulder_flex_r	shoulder_add_r	shoulder_rot_r	elbow_flex_r	pro_sup_r	wrist_flex_r	wrist_dev_r	shoulder_flex_l	shoulder_add_l	shoulder_rot_l	elbow_flex_l	pro_sup_l	wrist_flex_l	wrist_dev_l	FX	FY	FZ	MX	MY	MZ	hip_flexion_r_reserve	hip_adduction_r_reserve	hip_rotation_r_reserve	knee_angle_r_reserve	ankle_angle_r_reserve	subtalar_angle_r_reserve	mtp_angle_r_reserve	hip_flexion_l_reserve	hip_adduction_l_reserve	hip_rotation_l_reserve	knee_angle_l_reserve	ankle_angle_l_reserve	subtalar_angle_l_reserve	mtp_angle_l_reserve	lumbar_extension_reserve	lumbar_bending_reserve	lumbar_rotation_reserve	calcn_r_r1_Fx	calcn_r_r1_Fy	calcn_r_r1_Fz	calcn_r_r1_px	calcn_r_r1_py	calcn_r_r1_pz	calcn_r_r1_Tx	calcn_r_r1_Ty	calcn_r_r1_Tz	calcn_l_l1_Fx	calcn_l_l1_Fy	calcn_l_l1_Fz	calcn_l_l1_px	calcn_l_l1_py	calcn_l_l1_pz	calcn_l_l1_Tx	calcn_l_l1_Ty	calcn_l_l1_Tz	calcn_r_r2_Fx	calcn_r_r2_Fy	calcn_r_r2_Fz	calcn_r_r2_px	calcn_r_r2_py	calcn_r_r2_pz	calcn_r_r2_Tx	calcn_r_r2_Ty	calcn_r_r2_Tz
        1.1100000000	       48.7507298122	      173.7546201379	        6.1404712153	        6.2481200380	       25.8800055110	       80.5767943852	       18.3219657996	      154.9084964554	       51.2317618379	        7.1361089533	        8.9919747793	       15.8231981046	       41.8479093512	       58.1391799349	       20.2033408106	       60.4614687590	       18.1470557204	       33.2782547971	       27.7030348129	       33.2955631162	       45.0134774335	       61.4925590273	       79.3691036361	        4.6794665812	       10.1497058669	       10.7509657886	       18.9210189999	      413.4853347335	      783.3863856477	       39.3381367247	       53.7443814633	       57.4567348802	        8.2725670592	       43.1847058341	        4.8611598426	      163.4764953635	      134.4614103485	       36.2924077242	      186.1556205827	       87.8403860332	        0.0000000000	        0.0000000000	        0.0000000000	        0.0000000000	        0.0000000000	        0.0000000000	        0.0000000000	        0.0000000000	        0.0000000000	        0.0000000000	        0.0000000000	        0.0000000000	        0.0000000000	        0.0000000000	        0.0000000000	        0.0000000000	        0.0000000000	        0.0000000000	        0.0000000000	        0.0000000000	        0.0000000000	        0.0000000000	        0.0000000000	        0.0000000000	        0.0000000000	        0.0000000000	        0.0000000000	        0.0000000000	        0.0000000000	        0.0000000000	        0.0000000000	        0.0000000000	        0.0000000000	        0.0000000000	        0.0000000000	        0.0000000000	        0.0000000000	        0.0000000000	        0.0000000000	        0.0000000000	        0.0000000000	        0.0000000000	        0.0000000000	        0.0000000000	        0.0000000000	        0.0000000000	        0.0000000000	        0.0000000000	        0.0000000000	        0.0000000000	        0.0000000000	        0.0000000000	        0.0000000000	        0.0000000000	        0.0000000000	        0.0000000000	        0.0000000000	        0.0000000000	        0.0000000000	        0.0000000000	        0.0000000000	        0.0000000000	        0.0000000000	        0.0067585447	       -0.0010057231	       -0.0331025763	       -0.0088447720	        0.0083472913	        0.0000000000	        0.0000000000	        0.0000000000	        0.0000000000	        0.0000000000	        0.0000000000	        0.0000000000	        0.0000000000	        0.0000000000	        0.0000000000	        0.0000000000	        0.0000000000	        0.0000000000	        0.0000000000	        0.0000000000	        0.0000000000	        0.0000000000	        0.0000000000	        0.0000000000	        0.0000000000	        0.0000000000	        0.0000000000	        0.0000000000	        0.0000000000	        0.0000000000	        0.0000000000	        0.0000000000	        0.0000000000	        0.0000000000	        0.0000000000	        0.0000000000	        0.0000000000	        0.0000000000	        0.0000000000	        0.0000000000	        0.0000000000	        0.0000000000	        0.0000000000	        0.0000000000	
        1.1200000000	       56.6946548536	      153.8246375823	       10.0393938610	        6.3910056993	       38.5521267482	       60.4996695697	       40.7239013770	      156.2733420498	       53.9806185564	        8.9419556942	        8.4923159489	       14.3064167152	       40.3991292923	       55.9456561952	       16.5110589734	       41.7147070410	       55.1398856037	       33.9166707442	       28.0952545911	       33.5631303810	       46.1882906715	       63.0162253777	       81.7011014225	        9.4786745944	       10.3340823725	        9.6227401780	       17.4506381035	      396.4850326999	      565.4973305149	       23.3994949170	       36.7215100067	       57.4496364092	        8.4620920572	       42.9143772808	        5.0732891978	      159.9336612566	      132.1149185869	       26.8029206223	      105.4911330988	       51.5910608018	        0.0000000000	        0.0000000000	        0.0000000000	        0.0000000000	        0.0000000000	        0.0000000000	        0.0000000000	        0.0000000000	        0.0000000000	        0.0000000000	        0.0000000000	        0.0000000000	        0.0000000000	        0.0000000000	        0.0000000000	        0.0000000000	        0.0000000000	        0.0000000000	        0.0000000000	        0.0000000000	        0.0000000000	        0.0000000000	        0.0000000000	        0.0000000000	        0.0000000000	        0.0000000000	        0.0000000000	        0.0000000000	        0.0000000000	        0.0000000000	        0.0000000000	        0.0000000000	        0.0000000000	        0.0000000000	        0.0000000000	        0.0000000000	        0.0000000000	        0.0000000000	        0.0000000000	        0.0000000000	        0.0000000000	        0.0000000000	        0.0000000000	        0.0000000000	        0.0000000000	        0.0000000000	        0.0000000000	        0.0000000000	        0.0000000000	        0.0000000000	        0.0000000000	        0.0000000000	        0.0000000000	        0.0000000000	        0.0000000000	        0.0000000000	        0.0000000000	        0.0000000000	        0.0000000000	        0.0000000000	        0.0000000000	        0.0000000000	        0.0000000000	        0.0118311109	        0.0085440584	       -0.0667859478	       -0.0048550915	        0.0024833316	        0.0000000000	        0.0000000000	        0.0000000000	        0.0000000000	        0.0000000000	        0.0000000000	        0.0000000000	        0.0000000000	        0.0000000000	        0.0000000000	        0.0000000000	        0.0000000000	        0.0000000000	        0.0000000000	        0.0000000000	        0.0000000000	        0.0000000000	        0.0000000000	        0.0000000000	        0.0000000000	        0.0000000000	        0.0000000000	        0.0000000000	        0.0000000000	        0.0000000000	        0.0000000000	        0.0000000000	        0.0000000000	        0.0000000000	        0.0000000000	        0.0000000000	        0.0000000000	        0.0000000000	        0.0000000000	        0.0000000000	        0.0000000000	        0.0000000000	        0.0000000000	        0.0000000000	
        1.1300000000	       57.5804887059	      117.7538073637	       10.1370205872	        6.3557217251	       42.0953843273	       52.9860231092	      100.5688258858	      169.9748415391	       56.9489685781	       10.9296721413	        8.0249411547	       12.9008175476	       38.9673462160	       55.8408513777	       16.3913830946	       46.6142055599	       67.0999080112	       34.4887716491	       28.4140988068	       33.7898216957	       47.3373205282	       64.4951884253	       83.8851564446	       18.1059523209	       10.2344566030	        8.7408544063	       16.0443600108	      346.2156831104	      426.5998454478	       12.6093474973	       34.9309213474	       69.7871581629	       12.5710490949	       40.7115552967	        5.1777598788	      158.6493623356	      129.7078355470	       21.0453809121	       66.0368016026	       34.0864670996	        0.0000000000	        0.0000000000	        0.0000000000	        0.0000000000	        0.0000000000	        0.0000000000	        0.0000000000	        0.0000000000	        0.0000000000	        0.0000000000	        0.0000000000	        0.0000000000	        0.0000000000	        0.0000000000	        0.0000000000	        0.0000000000	        0.0000000000	        0.0000000000	        0.0000000000	        0.0000000000	        0.0000000000	        0.0000000000	        0.0000000000	        0.0000000000	        0.0000000000	        0.0000000000	        0.0000000000	        0.0000000000	        0.0000000000	        0.0000000000	        0.0000000000	        0.0000000000	        0.0000000000	        0.0000000000	        0.0000000000	        0.0000000000	        0.0000000000	        0.0000000000	        0.0000000000	        0.0000000000	        0.0000000000	        0.0000000000	        0.0000000000	        0.0000000000	        0.0000000000	        0.0000000000	        0.0000000000	        0.0000000000	        0.0000000000	        0.0000000000	        0.0000000000	        0.0000000000	        0.0000000000	        0.0000000000	        0.0000000000	        0.0000000000	        0.0000000000	        0.0000000000	        0.0000000000	        0.0000000000	        0.0000000000	        0.0000000000	        0.0000000000	        0.0138447215	        0.0092943626	       -0.0821109325	        0.0169625405	        0.0089459980	        0.0000000000	        0.0000000000	        0.0000000000	        0.0000000000	        0.0000000000	        0.0000000000	        0.0000000000	        0.0000000000	        0.0000000000	        0.0000000000	        0.0000000000	        0.0000000000	        0.0000000000	        0.0000000000	        0.0000000000	        0.0000000000	        0.0000000000	        0.0000000000	        0.0000000000	        0.0000000000	        0.0000000000	        0.0000000000	        0.0000000000	        0.0000000000	        0.0000000000	        0.0000000000	        0.0000000000	        0.0000000000	        0.0000000000	        0.0000000000	        0.0000000000	        0.0000000000	        0.0000000000	        0.0000000000	        0.0000000000	        0.0000000000	        0.0000000000	        0.0000000000	        0.0000000000	
        1.1400000000	       49.7218076612	       94.3810715103	        8.9064429051	        6.3246525031	       37.8005954756	       46.8571043551	      174.7074343057	      180.6614970031	       60.6880555907	       12.9336118842	        7.6100672500	       11.9048162680	       37.4461381578	       56.5990912198	       18.7203101496	       55.6381972912	       63.5209729416	       35.0241883601	       28.7199281427	       34.0817136446	       48.4739523719	       65.9535799859	       86.0327338615	       22.5010067358	       10.2281222515	        8.2109248130	       15.0559724487	      307.8902886225	      342.8471245975	        7.8534068821	       35.7646683062	       97.2509482138	       25.2513819027	       38.9810289596	        5.3147437719	      163.3931394192	      127.9611806795	       19.5000982023	       54.2701220070	       28.8172762183	        0.0000000000	        0.0000000000	        0.0000000000	        0.0000000000	        0.0000000000	        0.0000000000	        0.0000000000	        0.0000000000	        0.0000000000	        0.0000000000	        0.0000000000	        0.0000000000	        0.0000000000	        0.0000000000	        0.0000000000	        0.0000000000	        0.0000000000	        0.0000000000	        0.0000000000	        0.0000000000	        0.0000000000	        0.0000000000	        0.0000000000	        0.0000000000	        0.0000000000	        0.0000000000	        0.0000000000	        0.0000000000	        0.0000000000	        0.0000000000	        0.0000000000	        0.0000000000	        0.0000000000	        0.0000000000	        0.0000000000	        0.0000000000	        0.0000000000	        0.0000000000	        0.0000000000	        0.0000000000	        0.0000000000	        0.0000000000	        0.0000000000	        0.0000000000	        0.0000000000	        0.0000000000	        0.0000000000	        0.0000000000	        0.0000000000	        0.0000000000	        0.0000000000	        0.0000000000	        0.0000000000	        0.0000000000	        0.0000000000	        0.0000000000	        0.0000000000	        0.0000000000	        0.0000000000	        0.0000000000	        0.0000000000	        0.0000000000	        0.0000000000	        0.0135514494	        0.0073213054	       -0.0820000669	        0.0284549826	        0.0102310695	        0.0000000000	        0.0000000000	        0.0000000000	        0.0000000000	        0.0000000000	        0.0000000000	        0.0000000000	        0.0000000000	        0.0000000000	        0.0000000000	        0.0000000000	        0.0000000000	        0.0000000000	        0.0000000000	        0.0000000000	        0.0000000000	        0.0000000000	        0.0000000000	        0.0000000000	        0.0000000000	        0.0000000000	        0.0000000000	        0.0000000000	        0.0000000000	        0.0000000000	        0.0000000000	        0.0000000000	        0.0000000000	        0.0000000000	        0.0000000000	        0.0000000000	        0.0000000000	        0.0000000000	        0.0000000000	        0.0000000000	        0.0000000000	        0.0000000000	        0.0000000000	        0.0000000000	
        1.1500000000	       40.6666823775	       72.8094706437	        8.4297665703	        6.3197011069	       32.5795805398	       40.6796342611	      229.9535237325	      185.2406848788	       65.1854371830	       15.0333262026	        7.2261480239	       11.1955070937	       35.6542356612	       56.0982965651	       22.9522783885	       64.1124738546	       59.8098743302	       35.5095028553	       29.0013635457	       34.4017965302	       49.5727650112	       67.3550807313	       88.0837691025	       24.4902660437	       10.2786794309	        7.8659417207	       14.3524425800	      272.6561062483	      277.1026633006	        6.3864839097	       34.8770947090	      129.6840070063	       40.0027593974	       37.3085527702	        5.4788735631	      172.4958199223	      126.5613872980	       19.3582023458	       51.4533470025	       27.5857493424	        0.0000000000	        0.0000000000	        0.0000000000	        0.0000000000	        0.0000000000	        0.0000000000	        0.0000000000	        0.0000000000	        0.0000000000	        0.0000000000	        0.0000000000	        0.0000000000	        0.0000000000	        0.0000000000	        0.0000000000	        0.0000000000	        0.0000000000	        0.0000000000	        0.0000000000	        0.0000000000	        0.0000000000	        0.0000000000	        0.0000000000	        0.0000000000	        0.0000000000	        0.0000000000	        0.0000000000	        0.0000000000	        0.0000000000	        0.0000000000	        0.0000000000	        0.0000000000	        0.0000000000	        0.0000000000	        0.0000000000	        0.0000000000	        0.0000000000	        0.0000000000	        0.0000000000	        0.0000000000	        0.0000000000	        0.0000000000	        0.0000000000	        0.0000000000	        0.0000000000	        0.0000000000	        0.0000000000	        0.0000000000	        0.0000000000	        0.0000000000	        0.0000000000	        0.0000000000	        0.0000000000	        0.0000000000	        0.0000000000	        0.0000000000	        0.0000000000	        0.0000000000	        0.0000000000	        0.0000000000	        0.0000000000	        0.0000000000	        0.0000000000	        0.0122025239	        0.0056549227	       -0.0766609342	        0.0352972109	        0.0113207642	        0.0000000000	        0.0000000000	        0.0000000000	        0.0000000000	        0.0000000000	        0.0000000000	        0.0000000000	        0.0000000000	        0.0000000000	        0.0000000000	        0.0000000000	        0.0000000000	        0.0000000000	        0.0000000000	        0.0000000000	        0.0000000000	        0.0000000000	        0.0000000000	        0.0000000000	        0.0000000000	        0.0000000000	        0.0000000000	        0.0000000000	        0.0000000000	        0.0000000000	        0.0000000000	        0.0000000000	        0.0000000000	        0.0000000000	        0.0000000000	        0.0000000000	        0.0000000000	        0.0000000000	        0.0000000000	        0.0000000000	        0.0000000000	        0.0000000000	        0.0000000000	        0.0000000000	
        1.1600000000	       31.6825338433	       53.8548088266	        9.0943729129	        6.3846466791	       27.7606078998	       33.3859306672	      261.1822270290	      183.7422527704	       70.4298539197	       17.2865377356	        6.8596253570	       10.6750425290	       33.4968994730	       53.2394533017	       28.2701638675	       72.0960649009	       59.7837846083	       35.9408016635	       29.2637000961	       34.7973056767	       50.6148507521	       68.6759179444	       90.0067355172	       24.6359962944	       10.3838770861	        7.6099000512	       13.8312882145	      236.5380114649	      208.3439703431	        6.4503530863	       30.6955727437	      155.0885594388	       52.2985010453	       35.7033054628	        5.6730378679	      185.1084279410	      125.3188577863	       19.7026496131	       51.5636267261	       27.7000988306	        0.0000000000	        0.0000000000	        0.0000000000	        0.0000000000	        0.0000000000	        0.0000000000	        0.0000000000	        0.0000000000	        0.0000000000	        0.0000000000	        0.0000000000	        0.0000000000	        0.0000000000	        0.0000000000	        0.0000000000	        0.0000000000	        0.0000000000	        0.0000000000	        0.0000000000	        0.0000000000	        0.0000000000	        0.0000000000	        0.0000000000	        0.0000000000	        0.0000000000	        0.0000000000	        0.0000000000	        0.0000000000	        0.0000000000	        0.0000000000	        0.0000000000	        0.0000000000	        0.0000000000	        0.0000000000	        0.0000000000	        0.0000000000	        0.0000000000	        0.0000000000	        0.0000000000	        0.0000000000	        0.0000000000	        0.0000000000	        0.0000000000	        0.0000000000	        0.0000000000	        0.0000000000	        0.0000000000	        0.0000000000	        0.0000000000	        0.0000000000	        0.0000000000	        0.0000000000	        0.0000000000	        0.0000000000	        0.0000000000	        0.0000000000	        0.0000000000	        0.0000000000	        0.0000000000	        0.0000000000	        0.0000000000	        0.0000000000	        0.0000000000	        0.0095166478	        0.0043594523	       -0.0652422841	        0.0380049499	        0.0122869610	        0.0000000000	        0.0000000000	        0.0000000000	        0.0000000000	        0.0000000000	        0.0000000000	        0.0000000000	        0.0000000000	        0.0000000000	        0.0000000000	        0.0000000000	        0.0000000000	        0.0000000000	        0.0000000000	        0.0000000000	        0.0000000000	        0.0000000000	        0.0000000000	        0.0000000000	        0.0000000000	        0.0000000000	        0.0000000000	        0.0000000000	        0.0000000000	        0.0000000000	        0.0000000000	        0.0000000000	        0.0000000000	        0.0000000000	        0.0000000000	        0.0000000000	        0.0000000000	        0.0000000000	        0.0000000000	        0.0000000000	        0.0000000000	        0.0000000000	        0.0000000000	        0.0000000000	
        1.1700000000	       23.4865932970	       37.5820893498	       12.4452162843	        6.5188098773	       23.6928279019	       24.6741535609	      269.7210364346	      176.3642604760	       76.3761655298	       19.7213081079	        6.5057501616	       10.2786581403	       30.9654618209	       48.0174490316	       32.6482196397	       78.0219378503	       63.7328499633	       36.3298390411	       29.5342872925	       35.3954231596	       51.5941011024	       69.9119983035	       91.8082040138	       23.0538723329	       10.5724379943	        7.3946364608	       13.4268524450	      199.1235432565	      123.8422805626	        7.3092756570	       22.8703895985	      165.6829258243	       59.2724546551	       34.2346905045	        5.9021968872	      200.7048115105	      124.1472627214	       20.2163458145	       52.5955428990	       28.2730759807	        0.0000000000	        0.0000000000	        0.0000000000	        0.0000000000	        0.0000000000	        0.0000000000	        0.0000000000	        0.0000000000	        0.0000000000	        0.0000000000	        0.0000000000	        0.0000000000	        0.0000000000	        0.0000000000	        0.0000000000	        0.0000000000	        0.0000000000	        0.0000000000	        0.0000000000	        0.0000000000	        0.0000000000	        0.0000000000	        0.0000000000	        0.0000000000	        0.0000000000	        0.0000000000	        0.0000000000	        0.0000000000	        0.0000000000	        0.0000000000	        0.0000000000	        0.0000000000	        0.0000000000	        0.0000000000	        0.0000000000	        0.0000000000	        0.0000000000	        0.0000000000	        0.0000000000	        0.0000000000	        0.0000000000	        0.0000000000	        0.0000000000	        0.0000000000	        0.0000000000	        0.0000000000	        0.0000000000	        0.0000000000	        0.0000000000	        0.0000000000	        0.0000000000	        0.0000000000	        0.0000000000	        0.0000000000	        0.0000000000	        0.0000000000	        0.0000000000	        0.0000000000	        0.0000000000	        0.0000000000	        0.0000000000	        0.0000000000	        0.0000000000	        0.0058913106	        0.0037106299	       -0.0487705591	        0.0368990330	        0.0130975685	        0.0000000000	        0.0000000000	        0.0000000000	        0.0000000000	        0.0000000000	        0.0000000000	        0.0000000000	        0.0000000000	        0.0000000000	        0.0000000000	        0.0000000000	        0.0000000000	        0.0000000000	        0.0000000000	        0.0000000000	        0.0000000000	        0.0000000000	        0.0000000000	        0.0000000000	        0.0000000000	        0.0000000000	        0.0000000000	        0.0000000000	        0.0000000000	        0.0000000000	        0.0000000000	        0.0000000000	        0.0000000000	        0.0000000000	        0.0000000000	        0.0000000000	        0.0000000000	        0.0000000000	        0.0000000000	        0.0000000000	        0.0000000000	        0.0000000000	        0.0000000000	        0.0000000000	
        1.1800000000	       14.6128279660	       23.9810681348	       20.5137147365	       16.8921549026	       18.2704232423	       14.0423489236	      256.2454186260	      161.8485902793	       82.9479044026	       22.3377364111	        6.1672805954	        9.9689421093	       28.1296916921	       41.5272197800	       38.8554340257	       87.0633956382	       69.8788196148	       36.7972530660	       30.2565489487	       38.6894029493	       52.6580666985	       71.2946781801	       94.0324842806	       18.4324718183	       10.9534790950	        7.1985042762	       13.1016086990	      163.0127971849	       60.1850103251	        8.7113380763	       12.2031605043	      161.1845797032	       59.9030980692	       32.9971401670	        6.2370085248	      219.0550745497	      123.0265019040	       20.7605277660	       54.3223621724	       29.0405273224	        0.0000000000	        0.0000000000	        0.0000000000	        0.0000000000	        0.0000000000	        0.0000000000	        0.0000000000	        0.0000000000	        0.0000000000	        0.0000000000	        0.0000000000	        0.0000000000	        0.0000000000	        0.0000000000	        0.0000000000	        0.0000000000	        0.0000000000	        0.0000000000	        0.0000000000	        0.0000000000	        0.0000000000	        0.0000000000	        0.0000000000	        0.0000000000	        0.0000000000	        0.0000000000	        0.0000000000	        0.0000000000	        0.0000000000	        0.0000000000	        0.0000000000	        0.0000000000	        0.0000000000	        0.0000000000	        0.0000000000	        0.0000000000	        0.0000000000	        0.0000000000	        0.0000000000	        0.0000000000	        0.0000000000	        0.0000000000	        0.0000000000	        0.0000000000	        0.0000000000	        0.0000000000	        0.0000000000	        0.0000000000	        0.0000000000	        0.0000000000	        0.0000000000	        0.0000000000	        0.0000000000	        0.0000000000	        0.0000000000	        0.0000000000	        0.0000000000	        0.0000000000	        0.0000000000	        0.0000000000	        0.0000000000	        0.0000000000	        0.0000000000	       -0.0005499777	        0.0022181636	       -0.0178730582	        0.0287266533	        0.0133496082	        0.0000000000	        0.0000000000	        0.0000000000	        0.0000000000	        0.0000000000	        0.0000000000	        0.0000000000	        0.0000000000	        0.0000000000	        0.0000000000	        0.0000000000	        0.0000000000	        0.0000000000	        0.0000000000	        0.0000000000	        0.0000000000	        0.0000000000	        0.0000000000	        0.0000000000	        0.0000000000	        0.0000000000	        0.0000000000	        0.0000000000	        0.0000000000	        0.0000000000	        0.0000000000	        0.0000000000	        0.0000000000	        0.0000000000	        0.0000000000	        0.0000000000	        0.0000000000	        0.0000000000	        0.0000000000	        0.0000000000	        0.0000000000	        0.0000000000	        0.0000000000	        0.0000000000	
        1.1900000000	       10.2130330827	       17.9572274639	       31.4741479999	       36.5561133428	       16.1867938140	        8.2576814566	      224.0256087311	      142.9260138919	       90.1413149396	       25.1473808686	        5.8489055943	        9.6877859279	       25.1484568170	       36.7382273687	       49.1770492314	      109.2473471804	       87.9262168299	       46.3131380829	       38.7146896252	       48.0474126610	       54.9226416621	       73.7519346766	       96.9267087834	       12.2155169253	       11.0876718446	        6.9839118544	       12.7882606070	      134.6109893479	       31.4998493754	       10.6106978160	        6.4581040162	      139.2845243726	       46.9331128920	       32.0161582126	        6.7264782087	      240.8957619606	      121.8797794621	       21.9410422788	       53.3745627431	       29.8749513941	        0.0000000000	        0.0000000000	        0.0000000000	        0.0000000000	        0.0000000000	        0.0000000000	        0.0000000000	        0.0000000000	        0.0000000000	        0.0000000000	        0.0000000000	        0.0000000000	        0.0000000000	        0.0000000000	        0.0000000000	        0.0000000000	        0.0000000000	        0.0000000000	        0.0000000000	        0.0000000000	        0.0000000000	        0.0000000000	        0.0000000000	        0.0000000000	        0.0000000000	        0.0000000000	        0.0000000000	        0.0000000000	        0.0000000000	        0.0000000000	        0.0000000000	        0.0000000000	        0.0000000000	        0.0000000000	        0.0000000000	        0.0000000000	        0.0000000000	        0.0000000000	        0.0000000000	        0.0000000000	        0.0000000000	        0.0000000000	        0.0000000000	        0.0000000000	        0.0000000000	        0.0000000000	        0.0000000000	        0.0000000000	        0.0000000000	        0.0000000000	        0.0000000000	        0.0000000000	        0.0000000000	        0.0000000000	        0.0000000000	        0.0000000000	        0.0000000000	        0.0000000000	        0.0000000000	        0.0000000000	        0.0000000000	        0.0000000000	        0.0000000000	       -0.0057312926	        0.0019592150	        0.0010569670	        0.0107312409	        0.0152607591	        0.0000000000	        0.0000000000	        0.0000000000	        0.0000000000	        0.0000000000	        0.0000000000	        0.0000000000	        0.0000000000	        0.0000000000	        0.0000000000	        0.0000000000	        0.0000000000	        0.0000000000	        0.0000000000	        0.0000000000	        0.0000000000	        0.0000000000	        0.0000000000	        0.0000000000	        0.0000000000	        0.0000000000	        0.0000000000	        0.0000000000	        0.0000000000	        0.0000000000	        0.0000000000	        0.0000000000	        0.0000000000	        0.0000000000	        0.0000000000	        0.0000000000	        0.0000000000	        0.0000000000	        0.0000000000	        0.0000000000	        0.0000000000	        0.0000000000	        0.0000000000	        0.0000000000	
        1.2000000000	        8.2903424883	       15.6920002006	       35.5885506092	       47.9402798365	       14.9476955499	        6.0280909381	      188.9212784403	      129.5780553589	       97.4899705427	       28.0015798128	        5.5672380710	        9.4649340544	       22.3130613924	       33.8510284697	       60.2966199916	      132.1274938738	      100.0784224545	       64.9561748912	       47.4062080630	       57.0389641345	       56.6983871711	       75.5606829413	       98.9847054323	        8.4897712665	       10.9991648683	        6.7780500049	       12.5250567764	      115.9885345254	       20.8566556126	       12.8133923574	        4.2006207555	      117.8975889551	       37.8403986486	       31.3969120333	        7.2551697023	      264.2512930375	      120.8184548224	       29.5303076947	       85.6060049145	       38.2380565893	        0.0000000000	        0.0000000000	        0.0000000000	        0.0000000000	        0.0000000000	        0.0000000000	        0.0000000000	        0.0000000000	        0.0000000000	        0.0000000000	        0.0000000000	        0.0000000000	        0.0000000000	        0.0000000000	        0.0000000000	        0.0000000000	        0.0000000000	        0.0000000000	        0.0000000000	        0.0000000000	        0.0000000000	        0.0000000000	        0.0000000000	        0.0000000000	        0.0000000000	        0.0000000000	        0.0000000000	        0.0000000000	        0.0000000000	        0.0000000000	        0.0000000000	        0.0000000000	        0.0000000000	        0.0000000000	        0.0000000000	        0.0000000000	        0.0000000000	        0.0000000000	        0.0000000000	        0.0000000000	        0.0000000000	        0.0000000000	        0.0000000000	        0.0000000000	        0.0000000000	        0.0000000000	        0.0000000000	        0.0000000000	        0.0000000000	        0.0000000000	        0.0000000000	        0.0000000000	        0.0000000000	        0.0000000000	        0.0000000000	        0.0000000000	        0.0000000000	        0.0000000000	        0.0000000000	        0.0000000000	        0.0000000000	        0.0000000000	        0.0000000000	       -0.0073176323	        0.0015676968	        0.0029398017	        0.0033522857	        0.0181784053	        0.0000000000	        0.0000000000	        0.0000000000	        0.0000000000	        0.0000000000	        0.0000000000	        0.0000000000	        0.0000000000	        0.0000000000	        0.0000000000	        0.0000000000	        0.0000000000	        0.0000000000	        0.0000000000	        0.0000000000	        0.0000000000	        0.0000000000	        0.0000000000	        0.0000000000	        0.0000000000	        0.0000000000	        0.0000000000	        0.0000000000	        0.0000000000	        0.0000000000	        0.0000000000	        0.0000000000	        0.0000000000	        0.0000000000	        0.0000000000	        0.0000000000	        0.0000000000	        0.0000000000	        0.0000000000	        0.0000000000	        0.0000000000	        0.0000000000	        0.0000000000	        0.0000000000	
        1.2100000000	        7.3299018908	       14.8599691170	       34.1927636979	       50.7283453740	       12.4134592090	        5.1013492350	      157.8628882682	      119.9324914192	      104.2447494559	       30.6413227495	        5.3411631196	        9.3349666086	       19.8413214066	       31.9072048246	       68.8079241359	      146.7167539033	      101.7856377341	       84.9778752910	       55.9618167073	       66.4081812606	       58.2442300318	       77.3802697161	      100.9651176506	        6.4128626591	       10.9615442850	        6.6187973622	       12.3600770740	      104.5928121916	       17.4028314523	       15.0958165684	        3.4773376901	      102.8110808922	       32.1725304621	       31.2011654747	        8.0281456337	      285.8069315187	      119.9590519268	       42.2302213199	      148.7996001720	       58.1866449913	        0.0000000000	        0.0000000000	        0.0000000000	        0.0000000000	        0.0000000000	        0.0000000000	        0.0000000000	        0.0000000000	        0.0000000000	        0.0000000000	        0.0000000000	        0.0000000000	        0.0000000000	        0.0000000000	        0.0000000000	        0.0000000000	        0.0000000000	        0.0000000000	        0.0000000000	        0.0000000000	        0.0000000000	        0.0000000000	        0.0000000000	        0.0000000000	        0.0000000000	        0.0000000000	        0.0000000000	        0.0000000000	        0.0000000000	        0.0000000000	        0.0000000000	        0.0000000000	        0.0000000000	        0.0000000000	        0.0000000000	        0.0000000000	        0.0000000000	        0.0000000000	        0.0000000000	        0.0000000000	        0.0000000000	        0.0000000000	        0.0000000000	        0.0000000000	        0.0000000000	        0.0000000000	        0.0000000000	        0.0000000000	        0.0000000000	        0.0000000000	        0.0000000000	        0.0000000000	        0.0000000000	        0.0000000000	        0.0000000000	        0.0000000000	        0.0000000000	        0.0000000000	        0.0000000000	        0.0000000000	        0.0000000000	        0.0000000000	        0.0000000000	       -0.0079016360	        0.0005739165	        0.0032880008	        0.0011562969	        0.0209051943	        0.0000000000	        0.0000000000	        0.0000000000	        0.0000000000	        0.0000000000	        0.0000000000	        0.0000000000	        0.0000000000	        0.0000000000	        0.0000000000	        0.0000000000	        0.0000000000	        0.0000000000	        0.0000000000	        0.0000000000	        0.0000000000	        0.0000000000	        0.0000000000	        0.0000000000	        0.0000000000	        0.0000000000	        0.0000000000	        0.0000000000	        0.0000000000	        0.0000000000	        0.0000000000	        0.0000000000	        0.0000000000	        0.0000000000	        0.0000000000	        0.0000000000	        0.0000000000	        0.0000000000	        0.0000000000	        0.0000000000	        0.0000000000	        0.0000000000	        0.0000000000	        0.0000000000	
        1.2200000000	        6.8233208565	       14.5643437898	       29.3765689685	       47.8078001983	        9.5007904080	        4.6329822822	      130.8472518232	      111.9572508213	      109.7001250105	       32.8100618761	        5.1801073921	        9.2899012871	       17.8987449165	       30.5935158235	       74.4731721444	      153.7890099252	       95.7273522181	      105.0037716403	       64.3201683757	       75.6410974913	       59.9177130218	       79.5451890799	      103.0689670978	        5.1408444884	       10.9941676223	        6.5133116719	       12.2893473776	       98.4357648764	       16.4665063581	       17.3420545997	        3.3102882086	       90.8184167339	       27.6095737034	       31.4291884770	        9.2529697536	      302.8105955163	      119.3347931526	       58.2507212867	      232.8386442414	       85.9953892273	        0.0000000000	        0.0000000000	        0.0000000000	        0.0000000000	        0.0000000000	        0.0000000000	        0.0000000000	        0.0000000000	        0.0000000000	        0.0000000000	        0.0000000000	        0.0000000000	        0.0000000000	        0.0000000000	        0.0000000000	        0.0000000000	        0.0000000000	        0.0000000000	        0.0000000000	        0.0000000000	        0.0000000000	        0.0000000000	        0.0000000000	        0.0000000000	        0.0000000000	        0.0000000000	        0.0000000000	        0.0000000000	        0.0000000000	        0.0000000000	        0.0000000000	        0.0000000000	        0.0000000000	        0.0000000000	        0.0000000000	        0.0000000000	        0.0000000000	        0.0000000000	        0.0000000000	        0.0000000000	        0.0000000000	        0.0000000000	        0.0000000000	        0.0000000000	        0.0000000000	        0.0000000000	        0.0000000000	        0.0000000000	        0.0000000000	        0.0000000000	        0.0000000000	        0.0000000000	        0.0000000000	        0.0000000000	        0.0000000000	        0.0000000000	        0.0000000000	        0.0000000000	        0.0000000000	        0.0000000000	        0.0000000000	        0.0000000000	        0.0000000000	       -0.0079024146	       -0.0007292887	        0.0032497844	        0.0000683104	        0.0234366186	        0.0000000000	        0.0000000000	        0.0000000000	        0.0000000000	        0.0000000000	        0.0000000000	        0.0000000000	        0.0000000000	        0.0000000000	        0.0000000000	        0.0000000000	        0.0000000000	        0.0000000000	        0.0000000000	        0.0000000000	        0.0000000000	        0.0000000000	        0.0000000000	        0.0000000000	        0.0000000000	        0.0000000000	        0.0000000000	        0.0000000000	        0.0000000000	        0.0000000000	        0.0000000000	        0.0000000000	        0.0000000000	        0.0000000000	        0.0000000000	        0.0000000000	        0.0000000000	        0.0000000000	        0.0000000000	        0.0000000000	        0.0000000000	        0.0000000000	        0.0000000000	        0.0000000000	
        1.2300000000	        6.5365170233	       14.4792022869	       22.7275759763	       41.5597483619	        7.3418652008	        4.3514774690	      107.0259017977	      104.8697738819	      113.2334539788	       34.2761076962	        5.0835697282	        9.3115822078	       16.5847826683	       29.8198874389	       78.0950456247	      155.6179957584	       84.4221008131	      125.0342762130	       72.5753046160	       84.6787659214	       61.8468787055	       82.1278649182	      105.3445224193	        4.3472305427	       11.0808962741	        6.4566805704	       12.2939817466	       96.0915293475	       16.3010097624	       19.6111642251	        3.3183016296	       79.7111831910	       23.2373452788	       32.0454711568	       11.0067596406	      313.0515260785	      118.9587272989	       76.0691533900	      328.9749135817	      118.0612529931	        0.0000000000	        0.0000000000	        0.0000000000	        0.0000000000	        0.0000000000	        0.0000000000	        0.0000000000	        0.0000000000	        0.0000000000	        0.0000000000	        0.0000000000	        0.0000000000	        0.0000000000	        0.0000000000	        0.0000000000	        0.0000000000	        0.0000000000	        0.0000000000	        0.0000000000	        0.0000000000	        0.0000000000	        0.0000000000	        0.0000000000	        0.0000000000	        0.0000000000	        0.0000000000	        0.0000000000	        0.0000000000	        0.0000000000	        0.0000000000	        0.0000000000	        0.0000000000	        0.0000000000	        0.0000000000	        0.0000000000	        0.0000000000	        0.0000000000	        0.0000000000	        0.0000000000	        0.0000000000	        0.0000000000	        0.0000000000	        0.0000000000	        0.0000000000	        0.0000000000	        0.0000000000	        0.0000000000	        0.0000000000	        0.0000000000	        0.0000000000	        0.0000000000	        0.0000000000	        0.0000000000	        0.0000000000	        0.0000000000	        0.0000000000	        0.0000000000	        0.0000000000	        0.0000000000	        0.0000000000	        0.0000000000	        0.0000000000	        0.0000000000	       -0.0075341191	       -0.0022337098	        0.0030094968	       -0.0006940146	        0.0257848284	        0.0000000000	        0.0000000000	        0.0000000000	        0.0000000000	        0.0000000000	        0.0000000000	        0.0000000000	        0.0000000000	        0.0000000000	        0.0000000000	        0.0000000000	        0.0000000000	        0.0000000000	        0.0000000000	        0.0000000000	        0.0000000000	        0.0000000000	        0.0000000000	        0.0000000000	        0.0000000000	        0.0000000000	        0.0000000000	        0.0000000000	        0.0000000000	        0.0000000000	        0.0000000000	        0.0000000000	        0.0000000000	        0.0000000000	        0.0000000000	        0.0000000000	        0.0000000000	        0.0000000000	        0.0000000000	        0.0000000000	        0.0000000000	        0.0000000000	        0.0000000000	        0.0000000000	
        1.2400000000	        6.3634595006	       14.4945735249	       16.0610477835	       33.9374877498	        6.1055318376	        4.1659492186	       86.0688698121	       98.5251063117	      114.3336615297	       34.8517083207	        5.0449940538	        9.3850242945	       15.7923268942	       29.5456841023	       80.4833623962	      154.3939719936	       70.4186895538	      145.4479844463	       80.8199967410	       93.4904550574	       64.0721126700	       85.0498453064	      107.7596293700	        3.8762380179	       11.2057524488	        6.4434241624	       12.3577345023	       96.4414150331	       16.3387250643	       23.7783606534	        3.3867470715	       68.8453383335	       19.0531286095	       32.9865393912	       13.2349612303	      314.8536559030	      118.8419917851	       94.2659581668	      428.8592889949	      151.2086809843	        0.0000000000	        0.0000000000	        0.0000000000	        0.0000000000	        0.0000000000	        0.0000000000	        0.0000000000	        0.0000000000	        0.0000000000	        0.0000000000	        0.0000000000	        0.0000000000	        0.0000000000	        0.0000000000	        0.0000000000	        0.0000000000	        0.0000000000	        0.0000000000	        0.0000000000	        0.0000000000	        0.0000000000	        0.0000000000	        0.0000000000	        0.0000000000	        0.0000000000	        0.0000000000	        0.0000000000	        0.0000000000	        0.0000000000	        0.0000000000	        0.0000000000	        0.0000000000	        0.0000000000	        0.0000000000	        0.0000000000	        0.0000000000	        0.0000000000	        0.0000000000	        0.0000000000	        0.0000000000	        0.0000000000	        0.0000000000	        0.0000000000	        0.0000000000	        0.0000000000	        0.0000000000	        0.0000000000	        0.0000000000	        0.0000000000	        0.0000000000	        0.0000000000	        0.0000000000	        0.0000000000	        0.0000000000	        0.0000000000	        0.0000000000	        0.0000000000	        0.0000000000	        0.0000000000	        0.0000000000	        0.0000000000	        0.0000000000	        0.0000000000	       -0.0069856329	       -0.0038198176	        0.0027110230	       -0.0012800137	        0.0276892392	        0.0000000000	        0.0000000000	        0.0000000000	        0.0000000000	        0.0000000000	        0.0000000000	        0.0000000000	        0.0000000000	        0.0000000000	        0.0000000000	        0.0000000000	        0.0000000000	        0.0000000000	        0.0000000000	        0.0000000000	        0.0000000000	        0.0000000000	        0.0000000000	        0.0000000000	        0.0000000000	        0.0000000000	        0.0000000000	        0.0000000000	        0.0000000000	        0.0000000000	        0.0000000000	        0.0000000000	        0.0000000000	        0.0000000000	        0.0000000000	        0.0000000000	        0.0000000000	        0.0000000000	        0.0000000000	        0.0000000000	        0.0000000000	        0.0000000000	        0.0000000000	        0.0000000000	
        1.2500000000	        6.2545515807	       14.5718243355	       11.2446985804	       26.4894614017	        5.4512144626	        4.0384243810	       68.1502366591	       92.9696816486	      112.6756864160	       34.4269619006	        5.0568958477	        9.4983809747	       15.3518821698	       29.7269279395	       82.2814847667	      151.9997450672	       56.1613480219	      166.6912125590	       89.0825105176	      101.9369795703	       66.6134534418	       88.1909552689	      110.2425569258	        3.6113378002	       11.3537607263	        6.4692806419	       12.4678036290	       98.5424089212	       16.4226280824	       32.9839859668	        3.4823697839	       58.5506807672	       15.4837688183	       34.1765731141	       15.8168872873	      307.3424378241	      118.9900452782	      111.5253683749	      524.5904695606	      182.6072345488	        0.0000000000	        0.0000000000	        0.0000000000	        0.0000000000	        0.0000000000	        0.0000000000	        0.0000000000	        0.0000000000	        0.0000000000	        0.0000000000	        0.0000000000	        0.0000000000	        0.0000000000	        0.0000000000	        0.0000000000	        0.0000000000	        0.0000000000	        0.0000000000	        0.0000000000	        0.0000000000	        0.0000000000	        0.0000000000	        0.0000000000	        0.0000000000	        0.0000000000	        0.0000000000	        0.0000000000	        0.0000000000	        0.0000000000	        0.0000000000	        0.0000000000	        0.0000000000	        0.0000000000	        0.0000000000	        0.0000000000	        0.0000000000	        0.0000000000	        0.0000000000	        0.0000000000	        0.0000000000	        0.0000000000	        0.0000000000	        0.0000000000	        0.0000000000	        0.0000000000	        0.0000000000	        0.0000000000	        0.0000000000	        0.0000000000	        0.0000000000	        0.0000000000	        0.0000000000	        0.0000000000	        0.0000000000	        0.0000000000	        0.0000000000	        0.0000000000	        0.0000000000	        0.0000000000	        0.0000000000	        0.0000000000	        0.0000000000	        0.0000000000	       -0.0064401044	       -0.0053507449	        0.0025212612	       -0.0015993452	        0.0288017993	        0.0000000000	        0.0000000000	        0.0000000000	        0.0000000000	        0.0000000000	        0.0000000000	        0.0000000000	        0.0000000000	        0.0000000000	        0.0000000000	        0.0000000000	        0.0000000000	        0.0000000000	        0.0000000000	        0.0000000000	        0.0000000000	        0.0000000000	        0.0000000000	        0.0000000000	        0.0000000000	        0.0000000000	        0.0000000000	        0.0000000000	        0.0000000000	        0.0000000000	        0.0000000000	        0.0000000000	        0.0000000000	        0.0000000000	        0.0000000000	        0.0000000000	        0.0000000000	        0.0000000000	        0.0000000000	        0.0000000000	        0.0000000000	        0.0000000000	        0.0000000000	        0.0000000000	
        1.2600000000	        6.1838805004	       14.6951224489	        8.5864424890	       20.1306800418	        5.0886676979	        3.9479262963	       53.2234057311	       88.2233887801	      108.1881302738	       32.9967231840	        5.1156724979	        9.6423733165	       15.1798541287	       30.3140700913	       83.8338352162	      149.5008153032	       43.2226090109	      188.6557834877	       97.2843416679	      109.8939441756	       69.4255287595	       91.4442211238	      112.7350303994	        3.4614358559	       11.5146168434	        6.5316779884	       12.6143970145	      101.5968606290	       16.5120985884	       46.2144169464	        3.5887422526	       49.1695582378	       12.7090085754	       35.5494885233	       18.6250763776	      290.6514299507	      119.4000446582	      126.9619024997	      611.6001280046	      210.7122979206	        0.0000000000	        0.0000000000	        0.0000000000	        0.0000000000	        0.0000000000	        0.0000000000	        0.0000000000	        0.0000000000	        0.0000000000	        0.0000000000	        0.0000000000	        0.0000000000	        0.0000000000	        0.0000000000	        0.0000000000	        0.0000000000	        0.0000000000	        0.0000000000	        0.0000000000	        0.0000000000	        0.0000000000	        0.0000000000	        0.0000000000	        0.0000000000	        0.0000000000	        0.0000000000	        0.0000000000	        0.0000000000	        0.0000000000	        0.0000000000	        0.0000000000	        0.0000000000	        0.0000000000	        0.0000000000	        0.0000000000	        0.0000000000	        0.0000000000	        0.0000000000	        0.0000000000	        0.0000000000	        0.0000000000	        0.0000000000	        0.0000000000	        0.0000000000	        0.0000000000	        0.0000000000	        0.0000000000	        0.0000000000	        0.0000000000	        0.0000000000	        0.0000000000	        0.0000000000	        0.0000000000	        0.0000000000	        0.0000000000	        0.0000000000	        0.0000000000	        0.0000000000	        0.0000000000	        0.0000000000	        0.0000000000	        0.0000000000	        0.0000000000	       -0.0059696278	       -0.0067693175	        0.0024631448	       -0.0018316258	        0.0288920379	        0.0000000000	        0.0000000000	        0.0000000000	        0.0000000000	        0.0000000000	        0.0000000000	        0.0000000000	        0.0000000000	        0.0000000000	        0.0000000000	        0.0000000000	        0.0000000000	        0.0000000000	        0.0000000000	        0.0000000000	        0.0000000000	        0.0000000000	        0.0000000000	        0.0000000000	        0.0000000000	        0.0000000000	        0.0000000000	        0.0000000000	        0.0000000000	        0.0000000000	        0.0000000000	        0.0000000000	        0.0000000000	        0.0000000000	        0.0000000000	        0.0000000000	        0.0000000000	        0.0000000000	        0.0000000000	        0.0000000000	        0.0000000000	        0.0000000000	        0.0000000000	        0.0000000000	
        1.2700000000	        6.1385762351	       14.8585723468	        7.2835021381	       15.3329009953	        4.8659322922	        3.8824873751	       41.2650147244	       84.2895157925	      101.0684505658	       30.6615795800	        5.2251495703	        9.8131291869	       15.2350442682	       31.2686491367	       85.2567222329	      147.4418803232	       32.7011642126	      210.9546793053	      105.2313230377	      117.1272578660	       72.4468164872	       94.7103592441	      115.1683710865	        3.3764722870	       11.6800774482	        6.6326828854	       12.7946078215	      104.9063094045	       16.5958020918	       61.2442903401	        3.6907327928	       41.2397709215	       10.8120380511	       37.0633929755	       21.5428986016	      265.8509018642	      120.0651769828	      139.9730508861	      687.1744051835	      234.6638596152	        0.0000000000	        0.0000000000	        0.0000000000	        0.0000000000	        0.0000000000	        0.0000000000	        0.0000000000	        0.0000000000	        0.0000000000	        0.0000000000	        0.0000000000	        0.0000000000	        0.0000000000	        0.0000000000	        0.0000000000	        0.0000000000	        0.0000000000	        0.0000000000	        0.0000000000	        0.0000000000	        0.0000000000	        0.0000000000	        0.0000000000	        0.0000000000	        0.0000000000	        0.0000000000	        0.0000000000	        0.0000000000	        0.0000000000	        0.0000000000	        0.0000000000	        0.0000000000	        0.0000000000	        0.0000000000	        0.0000000000	        0.0000000000	        0.0000000000	        0.0000000000	        0.0000000000	        0.0000000000	        0.0000000000	        0.0000000000	        0.0000000000	        0.0000000000	        0.0000000000	        0.0000000000	        0.0000000000	        0.0000000000	        0.0000000000	        0.0000000000	        0.0000000000	        0.0000000000	        0.0000000000	        0.0000000000	        0.0000000000	        0.0000000000	        0.0000000000	        0.0000000000	        0.0000000000	        0.0000000000	        0.0000000000	        0.0000000000	        0.0000000000	       -0.0056165879	       -0.0080207973	        0.0025525351	       -0.0020609435	        0.0277908103	        0.0000000000	        0.0000000000	        0.0000000000	        0.0000000000	        0.0000000000	        0.0000000000	        0.0000000000	        0.0000000000	        0.0000000000	        0.0000000000	        0.0000000000	        0.0000000000	        0.0000000000	        0.0000000000	        0.0000000000	        0.0000000000	        0.0000000000	        0.0000000000	        0.0000000000	        0.0000000000	        0.0000000000	        0.0000000000	        0.0000000000	        0.0000000000	        0.0000000000	        0.0000000000	        0.0000000000	        0.0000000000	        0.0000000000	        0.0000000000	        0.0000000000	        0.0000000000	        0.0000000000	        0.0000000000	        0.0000000000	        0.0000000000	        0.0000000000	        0.0000000000	        0.0000000000	
        1.2800000000	        6.1118086490	       15.0608260576	        6.6361810482	       12.1475458598	        4.7125310834	        3.8347152640	       32.2582050319	       81.1546768031	       91.7683987285	       27.6126505934	        5.3965110501	       10.0162283605	       15.4900786314	       32.5730132991	       86.5521299569	      146.0158797962	       25.1355109779	      233.0717175243	      112.7029631972	      123.4269503598	       75.6091272316	       97.9054244667	      117.4751240335	        3.3302369827	       11.8439515680	        6.7816110759	       13.0176514605	      107.8706671556	       16.6714179634	       75.9424182627	        3.7756254447	       35.2817440545	        9.6744549433	       38.7006092995	       24.4743703875	      234.7647045841	      120.9799843357	      150.1603643080	      749.4952151317	      253.9295200071	        0.0000000000	        0.0000000000	        0.0000000000	        0.0000000000	        0.0000000000	        0.0000000000	        0.0000000000	        0.0000000000	        0.0000000000	        0.0000000000	        0.0000000000	        0.0000000000	        0.0000000000	        0.0000000000	        0.0000000000	        0.0000000000	        0.0000000000	        0.0000000000	        0.0000000000	        0.0000000000	        0.0000000000	        0.0000000000	        0.0000000000	        0.0000000000	        0.0000000000	        0.0000000000	        0.0000000000	        0.0000000000	        0.0000000000	        0.0000000000	        0.0000000000	        0.0000000000	        0.0000000000	        0.0000000000	        0.0000000000	        0.0000000000	        0.0000000000	        0.0000000000	        0.0000000000	        0.0000000000	        0.0000000000	        0.0000000000	        0.0000000000	        0.0000000000	        0.0000000000	        0.0000000000	        0.0000000000	        0.0000000000	        0.0000000000	        0.0000000000	        0.0000000000	        0.0000000000	        0.0000000000	        0.0000000000	        0.0000000000	        0.0000000000	        0.0000000000	        0.0000000000	        0.0000000000	        0.0000000000	        0.0000000000	        0.0000000000	        0.0000000000	       -0.0053883000	       -0.0090846309	        0.0027708757	       -0.0023027868	        0.0254595974	        0.0000000000	        0.0000000000	        0.0000000000	        0.0000000000	        0.0000000000	        0.0000000000	        0.0000000000	        0.0000000000	        0.0000000000	        0.0000000000	        0.0000000000	        0.0000000000	        0.0000000000	        0.0000000000	        0.0000000000	        0.0000000000	        0.0000000000	        0.0000000000	        0.0000000000	        0.0000000000	        0.0000000000	        0.0000000000	        0.0000000000	        0.0000000000	        0.0000000000	        0.0000000000	        0.0000000000	        0.0000000000	        0.0000000000	        0.0000000000	        0.0000000000	        0.0000000000	        0.0000000000	        0.0000000000	        0.0000000000	        0.0000000000	        0.0000000000	        0.0000000000	        0.0000000000	
        1.2900000000	        6.1003539718	       15.3036673467	        6.2869708005	       10.3123816924	        4.5975780445	        3.8004619858	       26.1180423273	       78.7885290785	       80.9474122764	       24.1029424408	        5.6426048524	       10.2782441728	       15.9277702724	       34.2293712647	       87.6705301440	      145.2866010745	       20.4650378447	      254.4355860543	      119.4498073783	      128.5560549962	       78.8450593122	      100.9376358558	      119.5679091043	        3.3090103653	       12.0003361050	        6.9978897855	       13.3182717549	      109.9849578759	       16.7385232105	       88.5636358128	        3.8317824239	       31.5026804124	        9.0712636895	       40.4614240890	       27.3458359581	      199.7319646203	      122.1535475034	      157.3149321556	      797.3961498251	      268.2118482253	        0.0000000000	        0.0000000000	        0.0000000000	        0.0000000000	        0.0000000000	        0.0000000000	        0.0000000000	        0.0000000000	        0.0000000000	        0.0000000000	        0.0000000000	        0.0000000000	        0.0000000000	        0.0000000000	        0.0000000000	        0.0000000000	        0.0000000000	        0.0000000000	        0.0000000000	        0.0000000000	        0.0000000000	        0.0000000000	        0.0000000000	        0.0000000000	        0.0000000000	        0.0000000000	        0.0000000000	        0.0000000000	        0.0000000000	        0.0000000000	        0.0000000000	        0.0000000000	        0.0000000000	        0.0000000000	        0.0000000000	        0.0000000000	        0.0000000000	        0.0000000000	        0.0000000000	        0.0000000000	        0.0000000000	        0.0000000000	        0.0000000000	        0.0000000000	        0.0000000000	        0.0000000000	        0.0000000000	        0.0000000000	        0.0000000000	        0.0000000000	        0.0000000000	        0.0000000000	        0.0000000000	        0.0000000000	        0.0000000000	        0.0000000000	        0.0000000000	        0.0000000000	        0.0000000000	        0.0000000000	        0.0000000000	        0.0000000000	        0.0000000000	       -0.0052901253	       -0.0099405567	        0.0031126559	       -0.0025533195	        0.0220370883	        0.0000000000	        0.0000000000	        0.0000000000	        0.0000000000	        0.0000000000	        0.0000000000	        0.0000000000	        0.0000000000	        0.0000000000	        0.0000000000	        0.0000000000	        0.0000000000	        0.0000000000	        0.0000000000	        0.0000000000	        0.0000000000	        0.0000000000	        0.0000000000	        0.0000000000	        0.0000000000	        0.0000000000	        0.0000000000	        0.0000000000	        0.0000000000	        0.0000000000	        0.0000000000	        0.0000000000	        0.0000000000	        0.0000000000	        0.0000000000	        0.0000000000	        0.0000000000	        0.0000000000	        0.0000000000	        0.0000000000	        0.0000000000	        0.0000000000	        0.0000000000	        0.0000000000	
        1.3000000000	        6.1031112309	       15.5911706370	        6.0880764865	        9.4599158330	        4.5082312701	        3.7778334878	       22.5765441677	       77.1491507566	       69.3933993771	       20.4110442808	        5.9681689378	       10.6744216841	       16.5584134064	       36.2543463331	       88.5445928561	      145.3323363049	       18.1126256273	      274.4398463945	      125.1837949262	      132.2129056497	       82.0868758174	      103.6915451634	      121.3279692569	        3.3056898075	       12.1422620198	        7.3100813615	       13.7813546807	      110.8548533777	       16.7959583088	       97.8996144453	        3.8487743201	       29.6975270362	        8.8218012712	       42.3599344073	       30.1054189224	      163.3731460518	      123.6430733558	      161.4013345310	      830.2825930389	      277.4084350205	        0.0000000000	        0.0000000000	        0.0000000000	        0.0000000000	        0.0000000000	        0.0000000000	        0.0000000000	        0.0000000000	        0.0000000000	        0.0000000000	        0.0000000000	        0.0000000000	        0.0000000000	        0.0000000000	        0.0000000000	        0.0000000000	        0.0000000000	        0.0000000000	        0.0000000000	        0.0000000000	        0.0000000000	        0.0000000000	        0.0000000000	        0.0000000000	        0.0000000000	        0.0000000000	        0.0000000000	        0.0000000000	        0.0000000000	        0.0000000000	        0.0000000000	        0.0000000000	        0.0000000000	        0.0000000000	        0.0000000000	        0.0000000000	        0.0000000000	        0.0000000000	        0.0000000000	        0.0000000000	        0.0000000000	        0.0000000000	        0.0000000000	        0.0000000000	        0.0000000000	        0.0000000000	        0.0000000000	        0.0000000000	        0.0000000000	        0.0000000000	        0.0000000000	        0.0000000000	        0.0000000000	        0.0000000000	        0.0000000000	        0.0000000000	        0.0000000000	        0.0000000000	        0.0000000000	        0.0000000000	        0.0000000000	        0.0000000000	        0.0000000000	       -0.0053536185	       -0.0105407957	        0.0036240592	       -0.0027983079	        0.0178136482	        0.0000000000	        0.0000000000	        0.0000000000	        0.0000000000	        0.0000000000	        0.0000000000	        0.0000000000	        0.0000000000	        0.0000000000	        0.0000000000	        0.0000000000	        0.0000000000	        0.0000000000	        0.0000000000	        0.0000000000	        0.0000000000	        0.0000000000	        0.0000000000	        0.0000000000	        0.0000000000	        0.0000000000	        0.0000000000	        0.0000000000	        0.0000000000	        0.0000000000	        0.0000000000	        0.0000000000	        0.0000000000	        0.0000000000	        0.0000000000	        0.0000000000	        0.0000000000	        0.0000000000	        0.0000000000	        0.0000000000	        0.0000000000	        0.0000000000	        0.0000000000	        0.0000000000	
        1.3100000000	        6.1193101138	       15.9285269612	        5.9771696371	        9.2725392654	        4.4378641084	        3.7657129278	       21.0968948573	       76.1885902818	       57.9233197242	       16.8066195957	        6.3624928400	       11.3251109843	       17.4956938890	       38.6745097619	       89.0524703143	      145.9811580922	       17.3359591595	      292.3885597642	      129.6551007530	      134.2019925777	       85.2449869222	      106.0648268290	      122.6598867961	        3.3155025373	       12.2681799885	        7.7391111199	       14.5238063986	      110.2513904953	       16.8456691231	      103.4942382440	        3.8292011813	       29.5378350121	        8.8154325044	       44.4254032027	       32.7282700901	      128.4020348747	      125.5822837249	      162.5343072173	      848.1053596655	      281.5928777729	        0.0000000000	        0.0000000000	        0.0000000000	        0.0000000000	        0.0000000000	        0.0000000000	        0.0000000000	        0.0000000000	        0.0000000000	        0.0000000000	        0.0000000000	        0.0000000000	        0.0000000000	        0.0000000000	        0.0000000000	        0.0000000000	        0.0000000000	        0.0000000000	        0.0000000000	        0.0000000000	        0.0000000000	        0.0000000000	        0.0000000000	        0.0000000000	        0.0000000000	        0.0000000000	        0.0000000000	        0.0000000000	        0.0000000000	        0.0000000000	        0.0000000000	        0.0000000000	        0.0000000000	        0.0000000000	        0.0000000000	        0.0000000000	        0.0000000000	        0.0000000000	        0.0000000000	        0.0000000000	        0.0000000000	        0.0000000000	        0.0000000000	        0.0000000000	        0.0000000000	        0.0000000000	        0.0000000000	        0.0000000000	        0.0000000000	        0.0000000000	        0.0000000000	        0.0000000000	        0.0000000000	        0.0000000000	        0.0000000000	        0.0000000000	        0.0000000000	        0.0000000000	        0.0000000000	        0.0000000000	        0.0000000000	        0.0000000000	        0.0000000000	       -0.0055797114	       -0.0108689378	        0.0043201322	       -0.0030172295	        0.0132897807	        0.0000000000	        0.0000000000	        0.0000000000	        0.0000000000	        0.0000000000	        0.0000000000	        0.0000000000	        0.0000000000	        0.0000000000	        0.0000000000	        0.0000000000	        0.0000000000	        0.0000000000	        0.0000000000	        0.0000000000	        0.0000000000	        0.0000000000	        0.0000000000	        0.0000000000	        0.0000000000	        0.0000000000	        0.0000000000	        0.0000000000	        0.0000000000	        0.0000000000	        0.0000000000	        0.0000000000	        0.0000000000	        0.0000000000	        0.0000000000	        0.0000000000	        0.0000000000	        0.0000000000	        0.0000000000	        0.0000000000	        0.0000000000	        0.0000000000	        0.0000000000	        0.0000000000	
        1.3200000000	        6.1476977356	       16.3214962658	        5.9185261527	        9.4979813781	        4.3812052781	        3.7630548550	       21.0165296981	       75.8564742174	       47.2602477158	       13.5169790588	        6.7998613628	       12.2844241590	       18.8553781698	       41.5431683240	       88.9943922927	      146.6066165304	       17.4922340203	      307.4893700420	      132.7148886324	      134.5545320760	       88.1978824954	      108.0018692575	      123.5379346542	        3.3340986249	       12.3867266802	        8.2710691718	       15.5847700673	      108.1434124525	       16.8945228429	      105.7113723559	        3.7914551136	       30.8110045512	        8.9791083793	       46.7304068879	       35.2172130140	       97.2627408304	      128.0673754145	      160.9508206569	      851.3435327496	      281.0061424070	        0.0000000000	        0.0000000000	        0.0000000000	        0.0000000000	        0.0000000000	        0.0000000000	        0.0000000000	        0.0000000000	        0.0000000000	        0.0000000000	        0.0000000000	        0.0000000000	        0.0000000000	        0.0000000000	        0.0000000000	        0.0000000000	        0.0000000000	        0.0000000000	        0.0000000000	        0.0000000000	        0.0000000000	        0.0000000000	        0.0000000000	        0.0000000000	        0.0000000000	        0.0000000000	        0.0000000000	        0.0000000000	        0.0000000000	        0.0000000000	        0.0000000000	        0.0000000000	        0.0000000000	        0.0000000000	        0.0000000000	        0.0000000000	        0.0000000000	        0.0000000000	        0.0000000000	        0.0000000000	        0.0000000000	        0.0000000000	        0.0000000000	        0.0000000000	        0.0000000000	        0.0000000000	        0.0000000000	        0.0000000000	        0.0000000000	        0.0000000000	        0.0000000000	        0.0000000000	        0.0000000000	        0.0000000000	        0.0000000000	        0.0000000000	        0.0000000000	        0.0000000000	        0.0000000000	        0.0000000000	        0.0000000000	        0.0000000000	        0.0000000000	       -0.0058944516	       -0.0109799412	        0.0051187388	       -0.0031909185	        0.0089233890	        0.0000000000	        0.0000000000	        0.0000000000	        0.0000000000	        0.0000000000	        0.0000000000	        0.0000000000	        0.0000000000	        0.0000000000	        0.0000000000	        0.0000000000	        0.0000000000	        0.0000000000	        0.0000000000	        0.0000000000	        0.0000000000	        0.0000000000	        0.0000000000	        0.0000000000	        0.0000000000	        0.0000000000	        0.0000000000	        0.0000000000	        0.0000000000	        0.0000000000	        0.0000000000	        0.0000000000	        0.0000000000	        0.0000000000	        0.0000000000	        0.0000000000	        0.0000000000	        0.0000000000	        0.0000000000	        0.0000000000	        0.0000000000	        0.0000000000	        0.0000000000	        0.0000000000	
        1.3300000000	        6.1869900127	       16.7766672719	        5.8874232117	        9.9161694815	        4.3343498507	        3.7692128174	       21.7273859720	       76.1024864159	       37.9566625859	       10.7123054715	        7.2451131072	       13.4481885990	       20.6289529158	       44.9688534545	       88.1530774777	      146.4121314977	       18.0497563845	      318.9802353344	      134.2828889404	      133.4100895697	       90.8153788396	      109.4756474083	      123.9766000898	        3.3580184520	       12.5107335798	        8.8385882420	       16.8432753185	      104.6606171832	       16.9497404693	      105.4749828890	        3.7546816382	       33.2822816980	        9.2553782658	       49.4771703718	       37.5886043980	       71.8175368905	      130.9192655357	      156.9745600318	      840.9304932589	      276.0305485252	        0.0000000000	        0.0000000000	        0.0000000000	        0.0000000000	        0.0000000000	        0.0000000000	        0.0000000000	        0.0000000000	        0.0000000000	        0.0000000000	        0.0000000000	        0.0000000000	        0.0000000000	        0.0000000000	        0.0000000000	        0.0000000000	        0.0000000000	        0.0000000000	        0.0000000000	        0.0000000000	        0.0000000000	        0.0000000000	        0.0000000000	        0.0000000000	        0.0000000000	        0.0000000000	        0.0000000000	        0.0000000000	        0.0000000000	        0.0000000000	        0.0000000000	        0.0000000000	        0.0000000000	        0.0000000000	        0.0000000000	        0.0000000000	        0.0000000000	        0.0000000000	        0.0000000000	        0.0000000000	        0.0000000000	        0.0000000000	        0.0000000000	        0.0000000000	        0.0000000000	        0.0000000000	        0.0000000000	        0.0000000000	        0.0000000000	        0.0000000000	        0.0000000000	        0.0000000000	        0.0000000000	        0.0000000000	        0.0000000000	        0.0000000000	        0.0000000000	        0.0000000000	        0.0000000000	        0.0000000000	        0.0000000000	        0.0000000000	        0.0000000000	       -0.0061997992	       -0.0109470600	        0.0059085070	       -0.0033064180	        0.0053365383	        0.0000000000	        0.0000000000	        0.0000000000	        0.0000000000	        0.0000000000	        0.0000000000	        0.0000000000	        0.0000000000	        0.0000000000	        0.0000000000	        0.0000000000	        0.0000000000	        0.0000000000	        0.0000000000	        0.0000000000	        0.0000000000	        0.0000000000	        0.0000000000	        0.0000000000	        0.0000000000	        0.0000000000	        0.0000000000	        0.0000000000	        0.0000000000	        0.0000000000	        0.0000000000	        0.0000000000	        0.0000000000	        0.0000000000	        0.0000000000	        0.0000000000	        0.0000000000	        0.0000000000	        0.0000000000	        0.0000000000	        0.0000000000	        0.0000000000	        0.0000000000	        0.0000000000	
        1.3400000000	        6.2362414773	       17.3016159232	        5.8679570273	       10.3349453544	        4.2952888201	        3.7841440432	       22.7243088787	       76.8787824844	       30.3232159597	        8.4895016241	        7.6623319038	       14.6200659937	       22.7212651537	       48.8986410687	       86.3663414908	      144.7700813873	       18.5624102264	      326.2575526177	      134.3153430077	      130.9007007183	       92.9836399023	      110.4641946927	      123.9910390084	        3.3852558813	       12.6507800833	        9.3466589142	       18.0869729505	      100.0328010756	       17.0155480398	      103.8958007759	        3.7296108767	       36.5145037834	        9.5942291889	       52.7804690947	       39.8540174406	       52.9036912990	      133.7350714051	      150.9748437865	      818.1148161712	      267.1388630179	        0.0000000000	        0.0000000000	        0.0000000000	        0.0000000000	        0.0000000000	        0.0000000000	        0.0000000000	        0.0000000000	        0.0000000000	        0.0000000000	        0.0000000000	        0.0000000000	        0.0000000000	        0.0000000000	        0.0000000000	        0.0000000000	        0.0000000000	        0.0000000000	        0.0000000000	        0.0000000000	        0.0000000000	        0.0000000000	        0.0000000000	        0.0000000000	        0.0000000000	        0.0000000000	        0.0000000000	        0.0000000000	        0.0000000000	        0.0000000000	        0.0000000000	        0.0000000000	        0.0000000000	        0.0000000000	        0.0000000000	        0.0000000000	        0.0000000000	        0.0000000000	        0.0000000000	        0.0000000000	        0.0000000000	        0.0000000000	        0.0000000000	        0.0000000000	        0.0000000000	        0.0000000000	        0.0000000000	        0.0000000000	        0.0000000000	        0.0000000000	        0.0000000000	        0.0000000000	        0.0000000000	        0.0000000000	        0.0000000000	        0.0000000000	        0.0000000000	        0.0000000000	        0.0000000000	        0.0000000000	        0.0000000000	        0.0000000000	        0.0000000000	       -0.0064245694	       -0.0108166247	        0.0066151109	       -0.0033514331	        0.0032781060	        0.0000000000	        0.0000000000	        0.0000000000	        0.0000000000	        0.0000000000	        0.0000000000	        0.0000000000	        0.0000000000	        0.0000000000	        0.0000000000	        0.0000000000	        0.0000000000	        0.0000000000	        0.0000000000	        0.0000000000	        0.0000000000	        0.0000000000	        0.0000000000	        0.0000000000	        0.0000000000	        0.0000000000	        0.0000000000	        0.0000000000	        0.0000000000	        0.0000000000	        0.0000000000	        0.0000000000	        0.0000000000	        0.0000000000	        0.0000000000	        0.0000000000	        0.0000000000	        0.0000000000	        0.0000000000	        0.0000000000	        0.0000000000	        0.0000000000	        0.0000000000	        0.0000000000	
        1.3500000000	        6.2946998666	       17.9047350222	        5.8507525517	       10.6059282340	        4.2633621366	        3.8081614981	       23.6002372242	       78.1405558051	       24.3633345079	        6.8506435018	        8.0241481550	       15.6454089789	       25.0222393502	       53.0347590691	       83.5622986340	      141.3203983364	       18.6991917159	      328.9354295680	      132.8179360798	      127.1555405136	       94.6130436817	      110.9510201070	      123.5932505271	        3.4149272723	       12.8145417942	        9.7351914962	       19.1558815081	       94.5487606346	       17.0937082851	      102.0257070419	        3.7202374458	       39.8919685377	        9.9452945236	       56.0660769229	       42.0097662416	       39.9142440196	      136.1988297384	      143.3382480194	      784.3747048191	      254.8678461579	        0.0000000000	        0.0000000000	        0.0000000000	        0.0000000000	        0.0000000000	        0.0000000000	        0.0000000000	        0.0000000000	        0.0000000000	        0.0000000000	        0.0000000000	        0.0000000000	        0.0000000000	        0.0000000000	        0.0000000000	        0.0000000000	        0.0000000000	        0.0000000000	        0.0000000000	        0.0000000000	        0.0000000000	        0.0000000000	        0.0000000000	        0.0000000000	        0.0000000000	        0.0000000000	        0.0000000000	        0.0000000000	        0.0000000000	        0.0000000000	        0.0000000000	        0.0000000000	        0.0000000000	        0.0000000000	        0.0000000000	        0.0000000000	        0.0000000000	        0.0000000000	        0.0000000000	        0.0000000000	        0.0000000000	        0.0000000000	        0.0000000000	        0.0000000000	        0.0000000000	        0.0000000000	        0.0000000000	        0.0000000000	        0.0000000000	        0.0000000000	        0.0000000000	        0.0000000000	        0.0000000000	        0.0000000000	        0.0000000000	        0.0000000000	        0.0000000000	        0.0000000000	        0.0000000000	        0.0000000000	        0.0000000000	        0.0000000000	        0.0000000000	       -0.0065283863	       -0.0106113916	        0.0071984378	       -0.0033153673	        0.0024782957	        0.0000000000	        0.0000000000	        0.0000000000	        0.0000000000	        0.0000000000	        0.0000000000	        0.0000000000	        0.0000000000	        0.0000000000	        0.0000000000	        0.0000000000	        0.0000000000	        0.0000000000	        0.0000000000	        0.0000000000	        0.0000000000	        0.0000000000	        0.0000000000	        0.0000000000	        0.0000000000	        0.0000000000	        0.0000000000	        0.0000000000	        0.0000000000	        0.0000000000	        0.0000000000	        0.0000000000	        0.0000000000	        0.0000000000	        0.0000000000	        0.0000000000	        0.0000000000	        0.0000000000	        0.0000000000	        0.0000000000	        0.0000000000	        0.0000000000	        0.0000000000	        0.0000000000	
        1.3600000000	        6.3615762507	       18.5950382775	        5.8305593600	       10.6376891481	        4.2384793986	        3.8416211827	       24.0521128161	       79.8447537232	       19.8944020870	        5.7346324356	        8.3133286951	       16.4431594700	       27.4322260500	       57.0701569153	       79.7672513212	      135.9435260460	       18.2858594521	      326.8769669441	      129.8676974657	      122.3400629571	       95.6401223925	      110.9353765354	      122.8042876832	        3.4466611627	       13.0088401783	        9.9864279658	       19.9736015455	       88.5321319820	       17.1851589055	      100.7570524992	        3.7275714206	       42.7487379613	       10.2519701137	       58.6018816945	       44.0353900881	       31.5567619237	      138.1639351924	      134.4548693506	      741.4026231521	      239.8196716773	        0.0000000000	        0.0000000000	        0.0000000000	        0.0000000000	        0.0000000000	        0.0000000000	        0.0000000000	        0.0000000000	        0.0000000000	        0.0000000000	        0.0000000000	        0.0000000000	        0.0000000000	        0.0000000000	        0.0000000000	        0.0000000000	        0.0000000000	        0.0000000000	        0.0000000000	        0.0000000000	        0.0000000000	        0.0000000000	        0.0000000000	        0.0000000000	        0.0000000000	        0.0000000000	        0.0000000000	        0.0000000000	        0.0000000000	        0.0000000000	        0.0000000000	        0.0000000000	        0.0000000000	        0.0000000000	        0.0000000000	        0.0000000000	        0.0000000000	        0.0000000000	        0.0000000000	        0.0000000000	        0.0000000000	        0.0000000000	        0.0000000000	        0.0000000000	        0.0000000000	        0.0000000000	        0.0000000000	        0.0000000000	        0.0000000000	        0.0000000000	        0.0000000000	        0.0000000000	        0.0000000000	        0.0000000000	        0.0000000000	        0.0000000000	        0.0000000000	        0.0000000000	        0.0000000000	        0.0000000000	        0.0000000000	        0.0000000000	        0.0000000000	       -0.0064921556	       -0.0103442711	        0.0076330887	       -0.0031988858	        0.0023503658	        0.0000000000	        0.0000000000	        0.0000000000	        0.0000000000	        0.0000000000	        0.0000000000	        0.0000000000	        0.0000000000	        0.0000000000	        0.0000000000	        0.0000000000	        0.0000000000	        0.0000000000	        0.0000000000	        0.0000000000	        0.0000000000	        0.0000000000	        0.0000000000	        0.0000000000	        0.0000000000	        0.0000000000	        0.0000000000	        0.0000000000	        0.0000000000	        0.0000000000	        0.0000000000	        0.0000000000	        0.0000000000	        0.0000000000	        0.0000000000	        0.0000000000	        0.0000000000	        0.0000000000	        0.0000000000	        0.0000000000	        0.0000000000	        0.0000000000	        0.0000000000	        0.0000000000	
        1.3700000000	        6.4359174972	       19.3820281196	        5.8043811097	       10.3956388260	        4.2205471522	        3.8847090886	       23.8991628128	       81.9498637441	       16.6777876785	        5.0500649076	        8.5211460316	       16.9857722469	       29.8662941466	       60.7985407288	       75.0972852967	      128.6994550518	       17.3165148675	      320.2112816164	      125.6250224596	      116.6825588951	       96.0312008026	      110.4415827981	      121.6652717303	        3.4802433258	       13.2422408613	       10.1064299184	       20.5213929871	       82.3223903924	       17.2914326461	      100.7943804904	        3.7523488342	       44.5018705133	       10.4560701092	       60.1652588185	       45.8981871414	       26.5725807847	      139.5994195927	      124.7030613667	      691.0501236613	      222.6407924260	        0.0000000000	        0.0000000000	        0.0000000000	        0.0000000000	        0.0000000000	        0.0000000000	        0.0000000000	        0.0000000000	        0.0000000000	        0.0000000000	        0.0000000000	        0.0000000000	        0.0000000000	        0.0000000000	        0.0000000000	        0.0000000000	        0.0000000000	        0.0000000000	        0.0000000000	        0.0000000000	        0.0000000000	        0.0000000000	        0.0000000000	        0.0000000000	        0.0000000000	        0.0000000000	        0.0000000000	        0.0000000000	        0.0000000000	        0.0000000000	        0.0000000000	        0.0000000000	        0.0000000000	        0.0000000000	        0.0000000000	        0.0000000000	        0.0000000000	        0.0000000000	        0.0000000000	        0.0000000000	        0.0000000000	        0.0000000000	        0.0000000000	        0.0000000000	        0.0000000000	        0.0000000000	        0.0000000000	        0.0000000000	        0.0000000000	        0.0000000000	        0.0000000000	        0.0000000000	        0.0000000000	        0.0000000000	        0.0000000000	        0.0000000000	        0.0000000000	        0.0000000000	        0.0000000000	        0.0000000000	        0.0000000000	        0.0000000000	        0.0000000000	       -0.0063097437	       -0.0100274150	        0.0078954789	       -0.0030107765	        0.0025947125	        0.0000000000	        0.0000000000	        0.0000000000	        0.0000000000	        0.0000000000	        0.0000000000	        0.0000000000	        0.0000000000	        0.0000000000	        0.0000000000	        0.0000000000	        0.0000000000	        0.0000000000	        0.0000000000	        0.0000000000	        0.0000000000	        0.0000000000	        0.0000000000	        0.0000000000	        0.0000000000	        0.0000000000	        0.0000000000	        0.0000000000	        0.0000000000	        0.0000000000	        0.0000000000	        0.0000000000	        0.0000000000	        0.0000000000	        0.0000000000	        0.0000000000	        0.0000000000	        0.0000000000	        0.0000000000	        0.0000000000	        0.0000000000	        0.0000000000	        0.0000000000	        0.0000000000	
        1.3800000000	        6.5165554403	       20.2755715848	        5.7700181790	        9.8934287088	        4.2090873361	        3.9373110625	       23.0938650081	       84.4159523764	       14.4632881259	        4.6894007308	        8.6465045740	       17.2877518583	       32.2573557207	       64.1670174142	       69.7387239523	      119.7588983288	       15.9412173468	      309.3352822596	      120.3323142236	      110.4806834012	       95.7879414830	      109.5244845219	      120.2423931288	        3.5154188042	       13.5282959080	       10.1172624711	       20.8243812011	       76.2552345690	       17.4159125396	      102.6614552944	        3.7966904074	       44.7527523836	       10.5083702068	       61.0359455159	       47.5613945604	       23.8757832077	      140.5601802626	      114.4363819131	      635.2582202775	      203.9926839502	        0.0000000000	        0.0000000000	        0.0000000000	        0.0000000000	        0.0000000000	        0.0000000000	        0.0000000000	        0.0000000000	        0.0000000000	        0.0000000000	        0.0000000000	        0.0000000000	        0.0000000000	        0.0000000000	        0.0000000000	        0.0000000000	        0.0000000000	        0.0000000000	        0.0000000000	        0.0000000000	        0.0000000000	        0.0000000000	        0.0000000000	        0.0000000000	        0.0000000000	        0.0000000000	        0.0000000000	        0.0000000000	        0.0000000000	        0.0000000000	        0.0000000000	        0.0000000000	        0.0000000000	        0.0000000000	        0.0000000000	        0.0000000000	        0.0000000000	        0.0000000000	        0.0000000000	        0.0000000000	        0.0000000000	        0.0000000000	        0.0000000000	        0.0000000000	        0.0000000000	        0.0000000000	        0.0000000000	        0.0000000000	        0.0000000000	        0.0000000000	        0.0000000000	        0.0000000000	        0.0000000000	        0.0000000000	        0.0000000000	        0.0000000000	        0.0000000000	        0.0000000000	        0.0000000000	        0.0000000000	        0.0000000000	        0.0000000000	        0.0000000000	       -0.0059813537	       -0.0096769958	        0.0079581738	       -0.0027634754	        0.0030876439	        0.0000000000	        0.0000000000	        0.0000000000	        0.0000000000	        0.0000000000	        0.0000000000	        0.0000000000	        0.0000000000	        0.0000000000	        0.0000000000	        0.0000000000	        0.0000000000	        0.0000000000	        0.0000000000	        0.0000000000	        0.0000000000	        0.0000000000	        0.0000000000	        0.0000000000	        0.0000000000	        0.0000000000	        0.0000000000	        0.0000000000	        0.0000000000	        0.0000000000	        0.0000000000	        0.0000000000	        0.0000000000	        0.0000000000	        0.0000000000	        0.0000000000	        0.0000000000	        0.0000000000	        0.0000000000	        0.0000000000	        0.0000000000	        0.0000000000	        0.0000000000	        0.0000000000	
        1.3900000000	        6.6020751963	       21.2857185228	        5.7251190487	        9.1848077637	        4.2029740456	        3.9989254787	       21.7196636169	       87.2045122389	       12.9933564704	        4.5436805395	        8.6952844675	       17.4007389357	       34.5593934218	       67.3243798561	       63.9232742170	      109.3375025154	       14.4225816795	      294.8906245192	      114.3008835873	      104.0935391348	       94.9511694359	      108.2700125974	      118.6259365854	        3.5517498258	       13.8908215967	       10.0558060359	       20.9465171406	       70.6415272210	       17.5653666093	      106.7199745722	        3.8655068465	       43.3553775037	       10.3802663891	       61.6689115590	       48.9936609893	       22.4620109023	      141.1774733181	      103.9764059178	      576.0021651954	      184.5294224399	        0.0000000000	        0.0000000000	        0.0000000000	        0.0000000000	        0.0000000000	        0.0000000000	        0.0000000000	        0.0000000000	        0.0000000000	        0.0000000000	        0.0000000000	        0.0000000000	        0.0000000000	        0.0000000000	        0.0000000000	        0.0000000000	        0.0000000000	        0.0000000000	        0.0000000000	        0.0000000000	        0.0000000000	        0.0000000000	        0.0000000000	        0.0000000000	        0.0000000000	        0.0000000000	        0.0000000000	        0.0000000000	        0.0000000000	        0.0000000000	        0.0000000000	        0.0000000000	        0.0000000000	        0.0000000000	        0.0000000000	        0.0000000000	        0.0000000000	        0.0000000000	        0.0000000000	        0.0000000000	        0.0000000000	        0.0000000000	        0.0000000000	        0.0000000000	        0.0000000000	        0.0000000000	        0.0000000000	        0.0000000000	        0.0000000000	        0.0000000000	        0.0000000000	        0.0000000000	        0.0000000000	        0.0000000000	        0.0000000000	        0.0000000000	        0.0000000000	        0.0000000000	        0.0000000000	        0.0000000000	        0.0000000000	        0.0000000000	        0.0000000000	       -0.0055072893	       -0.0093158962	        0.0077874208	       -0.0024696563	        0.0036583326	        0.0000000000	        0.0000000000	        0.0000000000	        0.0000000000	        0.0000000000	        0.0000000000	        0.0000000000	        0.0000000000	        0.0000000000	        0.0000000000	        0.0000000000	        0.0000000000	        0.0000000000	        0.0000000000	        0.0000000000	        0.0000000000	        0.0000000000	        0.0000000000	        0.0000000000	        0.0000000000	        0.0000000000	        0.0000000000	        0.0000000000	        0.0000000000	        0.0000000000	        0.0000000000	        0.0000000000	        0.0000000000	        0.0000000000	        0.0000000000	        0.0000000000	        0.0000000000	        0.0000000000	        0.0000000000	        0.0000000000	        0.0000000000	        0.0000000000	        0.0000000000	        0.0000000000	
        1.4000000000	        6.6908158686	       22.4224472575	        5.6676582292	        8.3611546748	        4.2004037625	        4.0686336483	       19.9785928413	       90.2773293181	       12.0149481261	        4.5183524156	        8.6787506628	       17.4005309978	       36.7475293257	       70.6460019066	       57.9075816426	       97.6670970553	       13.0320185785	      277.7096320867	      107.8847142803	       97.9167085015	       93.5993586966	      106.7882399567	      116.9222860306	        3.5885178971	       14.3732374060	        9.9684844314	       20.9763109678	       65.7450598025	       17.7520536224	      113.1795994371	        3.9678445609	       40.4618508745	       10.0762349825	       62.4475408018	       50.1772028251	       21.3855900365	      141.6313132174	       93.6123631568	      515.2619889750	      164.8892262050	        0.0000000000	        0.0000000000	        0.0000000000	        0.0000000000	        0.0000000000	        0.0000000000	        0.0000000000	        0.0000000000	        0.0000000000	        0.0000000000	        0.0000000000	        0.0000000000	        0.0000000000	        0.0000000000	        0.0000000000	        0.0000000000	        0.0000000000	        0.0000000000	        0.0000000000	        0.0000000000	        0.0000000000	        0.0000000000	        0.0000000000	        0.0000000000	        0.0000000000	        0.0000000000	        0.0000000000	        0.0000000000	        0.0000000000	        0.0000000000	        0.0000000000	        0.0000000000	        0.0000000000	        0.0000000000	        0.0000000000	        0.0000000000	        0.0000000000	        0.0000000000	        0.0000000000	        0.0000000000	        0.0000000000	        0.0000000000	        0.0000000000	        0.0000000000	        0.0000000000	        0.0000000000	        0.0000000000	        0.0000000000	        0.0000000000	        0.0000000000	        0.0000000000	        0.0000000000	        0.0000000000	        0.0000000000	        0.0000000000	        0.0000000000	        0.0000000000	        0.0000000000	        0.0000000000	        0.0000000000	        0.0000000000	        0.0000000000	        0.0000000000	       -0.0048865254	       -0.0089717285	        0.0073467737	       -0.0021441690	        0.0038790935	        0.0000000000	        0.0000000000	        0.0000000000	        0.0000000000	        0.0000000000	        0.0000000000	        0.0000000000	        0.0000000000	        0.0000000000	        0.0000000000	        0.0000000000	        0.0000000000	        0.0000000000	        0.0000000000	        0.0000000000	        0.0000000000	        0.0000000000	        0.0000000000	        0.0000000000	        0.0000000000	        0.0000000000	        0.0000000000	        0.0000000000	        0.0000000000	        0.0000000000	        0.0000000000	        0.0000000000	        0.0000000000	        0.0000000000	        0.0000000000	        0.0000000000	        0.0000000000	        0.0000000000	        0.0000000000	        0.0000000000	        0.0000000000	        0.0000000000	        0.0000000000	        0.0000000000	
        1.4100000000	        6.7809147795	       23.6953434306	        5.5972743386	        7.5391711383	        4.1991105310	        4.1451294377	       18.1599837708	       93.5950128524	       11.3335183512	        4.5493304736	        8.6100038735	       17.3507457434	       38.8108851620	       74.5810643477	       51.9571459108	       85.0082302784	       11.9229355889	      258.7365938852	      101.4446076040	       92.3433347161	       91.8411256307	      105.2007990369	      115.2417252690	        3.6247174243	       15.0574387960	        9.8905176977	       20.9842070939	       61.7614217867	       17.9972715927	      122.0835315807	        4.1186192657	       36.5470012824	        9.6423031568	       63.9998289087	       51.1129564592	       20.0326373654	      142.0621656699	       83.6006283986	      454.9668816983	      145.6812161496	        0.0000000000	        0.0000000000	        0.0000000000	        0.0000000000	        0.0000000000	        0.0000000000	        0.0000000000	        0.0000000000	        0.0000000000	        0.0000000000	        0.0000000000	        0.0000000000	        0.0000000000	        0.0000000000	        0.0000000000	        0.0000000000	        0.0000000000	        0.0000000000	        0.0000000000	        0.0000000000	        0.0000000000	        0.0000000000	        0.0000000000	        0.0000000000	        0.0000000000	        0.0000000000	        0.0000000000	        0.0000000000	        0.0000000000	        0.0000000000	        0.0000000000	        0.0000000000	        0.0000000000	        0.0000000000	        0.0000000000	        0.0000000000	        0.0000000000	        0.0000000000	        0.0000000000	        0.0000000000	        0.0000000000	        0.0000000000	        0.0000000000	        0.0000000000	        0.0000000000	        0.0000000000	        0.0000000000	        0.0000000000	        0.0000000000	        0.0000000000	        0.0000000000	        0.0000000000	        0.0000000000	        0.0000000000	        0.0000000000	        0.0000000000	        0.0000000000	        0.0000000000	        0.0000000000	        0.0000000000	        0.0000000000	        0.0000000000	        0.0000000000	       -0.0041202394	       -0.0086709759	        0.0066059748	       -0.0018086610	        0.0032743324	        0.0000000000	        0.0000000000	        0.0000000000	        0.0000000000	        0.0000000000	        0.0000000000	        0.0000000000	        0.0000000000	        0.0000000000	        0.0000000000	        0.0000000000	        0.0000000000	        0.0000000000	        0.0000000000	        0.0000000000	        0.0000000000	        0.0000000000	        0.0000000000	        0.0000000000	        0.0000000000	        0.0000000000	        0.0000000000	        0.0000000000	        0.0000000000	        0.0000000000	        0.0000000000	        0.0000000000	        0.0000000000	        0.0000000000	        0.0000000000	        0.0000000000	        0.0000000000	        0.0000000000	        0.0000000000	        0.0000000000	        0.0000000000	        0.0000000000	        0.0000000000	        0.0000000000	
        1.4200000000	        6.8703339861	       25.1132166240	        5.5154577106	        6.8203243212	        4.1965640911	        4.2267405015	       16.5602780628	       97.1189399087	       10.8779178149	        4.6183939704	        8.4999662465	       17.2609585904	       40.7422710869	       79.2194620873	       46.3215094313	       71.6570680979	       11.1054848580	      238.9435569660	       95.3179517254	       87.7320731570	       89.8054242504	      103.6305899552	      113.6893329918	        3.6592596499	       16.1081957202	        9.8197689417	       20.9725866806	       58.8011395504	       18.3396028401	      133.2627949738	        4.3426029151	       32.3880489366	        9.1571114323	       67.9829262421	       51.8224394732	       18.5015435066	      142.4644333753	       74.1548639626	      396.8436173665	      127.4402019566	        0.0000000000	        0.0000000000	        0.0000000000	        0.0000000000	        0.0000000000	        0.0000000000	        0.0000000000	        0.0000000000	        0.0000000000	        0.0000000000	        0.0000000000	        0.0000000000	        0.0000000000	        0.0000000000	        0.0000000000	        0.0000000000	        0.0000000000	        0.0000000000	        0.0000000000	        0.0000000000	        0.0000000000	        0.0000000000	        0.0000000000	        0.0000000000	        0.0000000000	        0.0000000000	        0.0000000000	        0.0000000000	        0.0000000000	        0.0000000000	        0.0000000000	        0.0000000000	        0.0000000000	        0.0000000000	        0.0000000000	        0.0000000000	        0.0000000000	        0.0000000000	        0.0000000000	        0.0000000000	        0.0000000000	        0.0000000000	        0.0000000000	        0.0000000000	        0.0000000000	        0.0000000000	        0.0000000000	        0.0000000000	        0.0000000000	        0.0000000000	        0.0000000000	        0.0000000000	        0.0000000000	        0.0000000000	        0.0000000000	        0.0000000000	        0.0000000000	        0.0000000000	        0.0000000000	        0.0000000000	        0.0000000000	        0.0000000000	        0.0000000000	       -0.0032079269	       -0.0084391107	        0.0055392680	       -0.0014777748	        0.0023077191	        0.0000000000	        0.0000000000	        0.0000000000	        0.0000000000	        0.0000000000	        0.0000000000	        0.0000000000	        0.0000000000	        0.0000000000	        0.0000000000	        0.0000000000	        0.0000000000	        0.0000000000	        0.0000000000	        0.0000000000	        0.0000000000	        0.0000000000	        0.0000000000	        0.0000000000	        0.0000000000	        0.0000000000	        0.0000000000	        0.0000000000	        0.0000000000	        0.0000000000	        0.0000000000	        0.0000000000	        0.0000000000	        0.0000000000	        0.0000000000	        0.0000000000	        0.0000000000	        0.0000000000	        0.0000000000	        0.0000000000	        0.0000000000	        0.0000000000	        0.0000000000	        0.0000000000	
        1.4300000000	        6.9571365066	       26.6837949339	        5.4266126786	        6.2562644798	        4.1907013022	        4.3115840817	       15.3528178040	      100.8093319895	       10.6294826135	        4.7277370284	        8.3589708418	       17.1210824570	       42.5453035791	       84.4296546489	       41.2049446554	       58.0573842859	       10.5222009993	      219.2855487634	       89.7825202509	       84.3352656746	       87.6389303585	      102.1877597441	      112.3478604471	        3.6911506284	       17.8444192820	        9.7416976729	       20.9186219816	       56.8716464563	       18.8505399470	      146.2778764925	        4.6738142545	       28.9024902352	        8.7005722833	       76.1491660181	       52.3457649574	       17.1335296109	      142.7814506808	       65.4463410421	      342.3496261112	      110.6162676720	        0.0000000000	        0.0000000000	        0.0000000000	        0.0000000000	        0.0000000000	        0.0000000000	        0.0000000000	        0.0000000000	        0.0000000000	        0.0000000000	        0.0000000000	        0.0000000000	        0.0000000000	        0.0000000000	        0.0000000000	        0.0000000000	        0.0000000000	        0.0000000000	        0.0000000000	        0.0000000000	        0.0000000000	        0.0000000000	        0.0000000000	        0.0000000000	        0.0000000000	        0.0000000000	        0.0000000000	        0.0000000000	        0.0000000000	        0.0000000000	        0.0000000000	        0.0000000000	        0.0000000000	        0.0000000000	        0.0000000000	        0.0000000000	        0.0000000000	        0.0000000000	        0.0000000000	        0.0000000000	        0.0000000000	        0.0000000000	        0.0000000000	        0.0000000000	        0.0000000000	        0.0000000000	        0.0000000000	        0.0000000000	        0.0000000000	        0.0000000000	        0.0000000000	        0.0000000000	        0.0000000000	        0.0000000000	        0.0000000000	        0.0000000000	        0.0000000000	        0.0000000000	        0.0000000000	        0.0000000000	        0.0000000000	        0.0000000000	        0.0000000000	       -0.0021551483	       -0.0082935757	        0.0041428483	       -0.0011707116	        0.0015461053	        0.0000000000	        0.0000000000	        0.0000000000	        0.0000000000	        0.0000000000	        0.0000000000	        0.0000000000	        0.0000000000	        0.0000000000	        0.0000000000	        0.0000000000	        0.0000000000	        0.0000000000	        0.0000000000	        0.0000000000	        0.0000000000	        0.0000000000	        0.0000000000	        0.0000000000	        0.0000000000	        0.0000000000	        0.0000000000	        0.0000000000	        0.0000000000	        0.0000000000	        0.0000000000	        0.0000000000	        0.0000000000	        0.0000000000	        0.0000000000	        0.0000000000	        0.0000000000	        0.0000000000	        0.0000000000	        0.0000000000	        0.0000000000	        0.0000000000	        0.0000000000	        0.0000000000	
        1.4400000000	        7.0403465958	       28.4136494995	        5.3395099388	        5.8505209558	        4.1814197718	        4.3980115176	       14.5348474341	      104.6260965324	       10.5451546203	        4.8726454104	        8.1989393395	       16.9426749853	       44.2435502470	       90.2332248582	       36.7215968619	       45.0953448780	       10.1103295788	      200.7367448965	       84.9947284937	       82.1280467160	       85.5159340810	      100.9459057734	      111.2437433269	        3.7203698560	       20.7001456819	        9.6570590306	       20.8258664287	       55.8617470629	       19.6551805192	      160.3418928310	        5.1314327424	       26.6495395500	        8.3290902637	       89.1806974861	       52.7361429203	       16.0212579156	      143.0173168849	       57.5956567684	      292.5531940729	       95.5391228921	        0.0000000000	        0.0000000000	        0.0000000000	        0.0000000000	        0.0000000000	        0.0000000000	        0.0000000000	        0.0000000000	        0.0000000000	        0.0000000000	        0.0000000000	        0.0000000000	        0.0000000000	        0.0000000000	        0.0000000000	        0.0000000000	        0.0000000000	        0.0000000000	        0.0000000000	        0.0000000000	        0.0000000000	        0.0000000000	        0.0000000000	        0.0000000000	        0.0000000000	        0.0000000000	        0.0000000000	        0.0000000000	        0.0000000000	        0.0000000000	        0.0000000000	        0.0000000000	        0.0000000000	        0.0000000000	        0.0000000000	        0.0000000000	        0.0000000000	        0.0000000000	        0.0000000000	        0.0000000000	        0.0000000000	        0.0000000000	        0.0000000000	        0.0000000000	        0.0000000000	        0.0000000000	        0.0000000000	        0.0000000000	        0.0000000000	        0.0000000000	        0.0000000000	        0.0000000000	        0.0000000000	        0.0000000000	        0.0000000000	        0.0000000000	        0.0000000000	        0.0000000000	        0.0000000000	        0.0000000000	        0.0000000000	        0.0000000000	        0.0000000000	       -0.0010183390	       -0.0082143573	        0.0025165755	       -0.0009141979	        0.0009201970	        0.0000000000	        0.0000000000	        0.0000000000	        0.0000000000	        0.0000000000	        0.0000000000	        0.0000000000	        0.0000000000	        0.0000000000	        0.0000000000	        0.0000000000	        0.0000000000	        0.0000000000	        0.0000000000	        0.0000000000	        0.0000000000	        0.0000000000	        0.0000000000	        0.0000000000	        0.0000000000	        0.0000000000	        0.0000000000	        0.0000000000	        0.0000000000	        0.0000000000	        0.0000000000	        0.0000000000	        0.0000000000	        0.0000000000	        0.0000000000	        0.0000000000	        0.0000000000	        0.0000000000	        0.0000000000	        0.0000000000	        0.0000000000	        0.0000000000	        0.0000000000	        0.0000000000	
        1.4500000000	        7.1205368630	       30.3082680184	        5.2626879160	        5.5751836083	        4.1703753012	        4.4847902231	       14.0022542276	      108.5391113872	       10.5752491716	        5.0447692111	        8.0319386320	       16.7483319609	       45.8764305527	       96.7689426298	       32.8058490117	       34.1475464322	        9.8149916710	      184.2957149343	       80.9590280798	       80.7165970807	       83.6372589691	       99.9393343231	      110.3424976051	        3.7485201880	       24.8891877336	        9.5733333563	       20.7121543798	       55.5703579045	       20.9658499054	      174.3687447881	        5.6809079676	       25.4197253716	        8.0601470121	      106.8627270582	       53.0596569180	       15.1255873437	      143.2081233628	       50.6519218543	      247.9417880416	       82.3445680448	        0.0000000000	        0.0000000000	        0.0000000000	        0.0000000000	        0.0000000000	        0.0000000000	        0.0000000000	        0.0000000000	        0.0000000000	        0.0000000000	        0.0000000000	        0.0000000000	        0.0000000000	        0.0000000000	        0.0000000000	        0.0000000000	        0.0000000000	        0.0000000000	        0.0000000000	        0.0000000000	        0.0000000000	        0.0000000000	        0.0000000000	        0.0000000000	        0.0000000000	        0.0000000000	        0.0000000000	        0.0000000000	        0.0000000000	        0.0000000000	        0.0000000000	        0.0000000000	        0.0000000000	        0.0000000000	        0.0000000000	        0.0000000000	        0.0000000000	        0.0000000000	        0.0000000000	        0.0000000000	        0.0000000000	        0.0000000000	        0.0000000000	        0.0000000000	        0.0000000000	        0.0000000000	        0.0000000000	        0.0000000000	        0.0000000000	        0.0000000000	        0.0000000000	        0.0000000000	        0.0000000000	        0.0000000000	        0.0000000000	        0.0000000000	        0.0000000000	        0.0000000000	        0.0000000000	        0.0000000000	        0.0000000000	        0.0000000000	        0.0000000000	        0.0000905868	       -0.0081422263	        0.0008985614	       -0.0007043277	        0.0003174970	        0.0000000000	        0.0000000000	        0.0000000000	        0.0000000000	        0.0000000000	        0.0000000000	        0.0000000000	        0.0000000000	        0.0000000000	        0.0000000000	        0.0000000000	        0.0000000000	        0.0000000000	        0.0000000000	        0.0000000000	        0.0000000000	        0.0000000000	        0.0000000000	        0.0000000000	        0.0000000000	        0.0000000000	        0.0000000000	        0.0000000000	        0.0000000000	        0.0000000000	        0.0000000000	        0.0000000000	        0.0000000000	        0.0000000000	        0.0000000000	        0.0000000000	        0.0000000000	        0.0000000000	        0.0000000000	        0.0000000000	        0.0000000000	        0.0000000000	        0.0000000000	        0.0000000000	
        1.4600000000	        7.1986761405	       32.3717322082	        5.1975687937	        5.3886267697	        4.1581800566	        4.5703649209	       13.6337136658	      112.5244572613	       10.6812153894	        5.2363835805	        7.8688111118	       16.5594979525	       47.4934916527	      104.2083739962	       29.2448638459	       26.3983959689	        9.5880094697	      170.7792870158	       77.6206462532	       79.6185469983	       82.1837338808	       99.2000394965	      109.6135876221	        3.7766973403	       30.2017858960	        9.4965865247	       20.5952836440	       55.8053614385	       23.1604801278	      187.2848374818	        6.2461313169	       24.7294877509	        7.8735293229	      128.3887856107	       53.4035309510	       14.3978012824	      143.3896247207	       44.6103864870	      208.5840782344	       71.0279384473	        0.0000000000	        0.0000000000	        0.0000000000	        0.0000000000	        0.0000000000	        0.0000000000	        0.0000000000	        0.0000000000	        0.0000000000	        0.0000000000	        0.0000000000	        0.0000000000	        0.0000000000	        0.0000000000	        0.0000000000	        0.0000000000	        0.0000000000	        0.0000000000	        0.0000000000	        0.0000000000	        0.0000000000	        0.0000000000	        0.0000000000	        0.0000000000	        0.0000000000	        0.0000000000	        0.0000000000	        0.0000000000	        0.0000000000	        0.0000000000	        0.0000000000	        0.0000000000	        0.0000000000	        0.0000000000	        0.0000000000	        0.0000000000	        0.0000000000	        0.0000000000	        0.0000000000	        0.0000000000	        0.0000000000	        0.0000000000	        0.0000000000	        0.0000000000	        0.0000000000	        0.0000000000	        0.0000000000	        0.0000000000	        0.0000000000	        0.0000000000	        0.0000000000	        0.0000000000	        0.0000000000	        0.0000000000	        0.0000000000	        0.0000000000	        0.0000000000	        0.0000000000	        0.0000000000	        0.0000000000	        0.0000000000	        0.0000000000	        0.0000000000	        0.0011065226	       -0.0080460542	       -0.0004994337	       -0.0005261353	       -0.0002847313	        0.0000000000	        0.0000000000	        0.0000000000	        0.0000000000	        0.0000000000	        0.0000000000	        0.0000000000	        0.0000000000	        0.0000000000	        0.0000000000	        0.0000000000	        0.0000000000	        0.0000000000	        0.0000000000	        0.0000000000	        0.0000000000	        0.0000000000	        0.0000000000	        0.0000000000	        0.0000000000	        0.0000000000	        0.0000000000	        0.0000000000	        0.0000000000	        0.0000000000	        0.0000000000	        0.0000000000	        0.0000000000	        0.0000000000	        0.0000000000	        0.0000000000	        0.0000000000	        0.0000000000	        0.0000000000	        0.0000000000	        0.0000000000	        0.0000000000	        0.0000000000	        0.0000000000	
        1.4700000000	        7.2741914197	       34.6041352629	        5.1430257640	        5.2592389622	        4.1445249987	        4.6521552179	       13.3491668402	      116.5559102180	       10.8375122428	        5.4407129750	        7.7186485952	       16.3929836197	       49.1504119378	      112.7287940260	       26.0532985662	       21.8673226362	        9.3992773264	      160.6653312653	       74.9695603315	       78.5721942849	       81.2522195618	       98.7502530030	      109.0597173192	        3.8046648600	       36.0034342717	        9.4296923797	       20.4890766522	       56.4722465232	       26.5846944220	      198.2175315578	        6.7331550133	       24.2671161537	        7.7445881903	      152.5507024621	       53.8717528700	       13.8082031239	      143.5879125984	       39.4376935632	      174.3634890779	       61.5218969464	        0.0000000000	        0.0000000000	        0.0000000000	        0.0000000000	        0.0000000000	        0.0000000000	        0.0000000000	        0.0000000000	        0.0000000000	        0.0000000000	        0.0000000000	        0.0000000000	        0.0000000000	        0.0000000000	        0.0000000000	        0.0000000000	        0.0000000000	        0.0000000000	        0.0000000000	        0.0000000000	        0.0000000000	        0.0000000000	        0.0000000000	        0.0000000000	        0.0000000000	        0.0000000000	        0.0000000000	        0.0000000000	        0.0000000000	        0.0000000000	        0.0000000000	        0.0000000000	        0.0000000000	        0.0000000000	        0.0000000000	        0.0000000000	        0.0000000000	        0.0000000000	        0.0000000000	        0.0000000000	        0.0000000000	        0.0000000000	        0.0000000000	        0.0000000000	        0.0000000000	        0.0000000000	        0.0000000000	        0.0000000000	        0.0000000000	        0.0000000000	        0.0000000000	        0.0000000000	        0.0000000000	        0.0000000000	        0.0000000000	        0.0000000000	        0.0000000000	        0.0000000000	        0.0000000000	        0.0000000000	        0.0000000000	        0.0000000000	        0.0000000000	        0.0019652386	       -0.0079188074	       -0.0015524586	       -0.0003820694	       -0.0008688155	        0.0000000000	        0.0000000000	        0.0000000000	        0.0000000000	        0.0000000000	        0.0000000000	        0.0000000000	        0.0000000000	        0.0000000000	        0.0000000000	        0.0000000000	        0.0000000000	        0.0000000000	        0.0000000000	        0.0000000000	        0.0000000000	        0.0000000000	        0.0000000000	        0.0000000000	        0.0000000000	        0.0000000000	        0.0000000000	        0.0000000000	        0.0000000000	        0.0000000000	        0.0000000000	        0.0000000000	        0.0000000000	        0.0000000000	        0.0000000000	        0.0000000000	        0.0000000000	        0.0000000000	        0.0000000000	        0.0000000000	        0.0000000000	        0.0000000000	        0.0000000000	        0.0000000000	
        1.4800000000	        7.3445615460	       37.0008111167	        5.0974118308	        5.1669401515	        4.1286543099	        4.7268644398	       13.1056786234	      120.6077239911	       11.0274699832	        5.6509469338	        7.5887732435	       16.2616370969	       50.9063470103	      122.5235818099	       23.4283364941	       19.4915795156	        9.2317567078	      154.0202957131	       73.0376446714	       77.5769291988	       80.8461013661	       98.5973660210	      108.7199804953	        3.8313673964	       41.5611837386	        9.3730181947	       20.4042662845	       57.6144049443	       30.9635167318	      206.5876745887	        7.0721266120	       23.8869737443	        7.6551365183	      177.9023262739	       54.5818625183	       13.3412668087	      143.8203185511	       35.0690220947	      144.9832965717	       53.6833737056	        0.0000000000	        0.0000000000	        0.0000000000	        0.0000000000	        0.0000000000	        0.0000000000	        0.0000000000	        0.0000000000	        0.0000000000	        0.0000000000	        0.0000000000	        0.0000000000	        0.0000000000	        0.0000000000	        0.0000000000	        0.0000000000	        0.0000000000	        0.0000000000	        0.0000000000	        0.0000000000	        0.0000000000	        0.0000000000	        0.0000000000	        0.0000000000	        0.0000000000	        0.0000000000	        0.0000000000	        0.0000000000	        0.0000000000	        0.0000000000	        0.0000000000	        0.0000000000	        0.0000000000	        0.0000000000	        0.0000000000	        0.0000000000	        0.0000000000	        0.0000000000	        0.0000000000	        0.0000000000	        0.0000000000	        0.0000000000	        0.0000000000	        0.0000000000	        0.0000000000	        0.0000000000	        0.0000000000	        0.0000000000	        0.0000000000	        0.0000000000	        0.0000000000	        0.0000000000	        0.0000000000	        0.0000000000	        0.0000000000	        0.0000000000	        0.0000000000	        0.0000000000	        0.0000000000	        0.0000000000	        0.0000000000	        0.0000000000	        0.0000000000	        0.0026040496	       -0.0077651008	       -0.0022327512	       -0.0002766337	       -0.0014079438	        0.0000000000	        0.0000000000	        0.0000000000	        0.0000000000	        0.0000000000	        0.0000000000	        0.0000000000	        0.0000000000	        0.0000000000	        0.0000000000	        0.0000000000	        0.0000000000	        0.0000000000	        0.0000000000	        0.0000000000	        0.0000000000	        0.0000000000	        0.0000000000	        0.0000000000	        0.0000000000	        0.0000000000	        0.0000000000	        0.0000000000	        0.0000000000	        0.0000000000	        0.0000000000	        0.0000000000	        0.0000000000	        0.0000000000	        0.0000000000	        0.0000000000	        0.0000000000	        0.0000000000	        0.0000000000	        0.0000000000	        0.0000000000	        0.0000000000	        0.0000000000	        0.0000000000	
        1.4900000000	        7.4073282313	       39.5575088959	        5.0567135403	        5.0957639916	        4.1089041065	        4.7917788185	       12.8743408480	      124.6598830190	       11.2383484654	        5.8591844972	        7.4849914020	       16.1763760478	       52.8219954364	      133.8258662572	       21.3713424710	       18.2216925973	        9.0718473480	      150.6006918981	       71.8358073741	       76.7233551120	       80.9324575196	       98.7593105307	      108.6705704122	        3.8554678437	       46.6439272915	        9.3255583500	       20.3508350912	       59.4053697229	       35.6662258791	      212.1662129116	        7.2658511067	       23.5176162887	        7.5889015489	      202.9436585196	       55.6683898682	       12.9881485914	      144.0992184973	       31.4000297051	      119.9358426504	       47.2644621616	        0.0000000000	        0.0000000000	        0.0000000000	        0.0000000000	        0.0000000000	        0.0000000000	        0.0000000000	        0.0000000000	        0.0000000000	        0.0000000000	        0.0000000000	        0.0000000000	        0.0000000000	        0.0000000000	        0.0000000000	        0.0000000000	        0.0000000000	        0.0000000000	        0.0000000000	        0.0000000000	        0.0000000000	        0.0000000000	        0.0000000000	        0.0000000000	        0.0000000000	        0.0000000000	        0.0000000000	        0.0000000000	        0.0000000000	        0.0000000000	        0.0000000000	        0.0000000000	        0.0000000000	        0.0000000000	        0.0000000000	        0.0000000000	        0.0000000000	        0.0000000000	        0.0000000000	        0.0000000000	        0.0000000000	        0.0000000000	        0.0000000000	        0.0000000000	        0.0000000000	        0.0000000000	        0.0000000000	        0.0000000000	        0.0000000000	        0.0000000000	        0.0000000000	        0.0000000000	        0.0000000000	        0.0000000000	        0.0000000000	        0.0000000000	        0.0000000000	        0.0000000000	        0.0000000000	        0.0000000000	        0.0000000000	        0.0000000000	        0.0000000000	        0.0030444544	       -0.0076108762	       -0.0026037866	       -0.0001958513	       -0.0018759295	        0.0000000000	        0.0000000000	        0.0000000000	        0.0000000000	        0.0000000000	        0.0000000000	        0.0000000000	        0.0000000000	        0.0000000000	        0.0000000000	        0.0000000000	        0.0000000000	        0.0000000000	        0.0000000000	        0.0000000000	        0.0000000000	        0.0000000000	        0.0000000000	        0.0000000000	        0.0000000000	        0.0000000000	        0.0000000000	        0.0000000000	        0.0000000000	        0.0000000000	        0.0000000000	        0.0000000000	        0.0000000000	        0.0000000000	        0.0000000000	        0.0000000000	        0.0000000000	        0.0000000000	        0.0000000000	        0.0000000000	        0.0000000000	        0.0000000000	        0.0000000000	        0.0000000000	
        1.5000000000	        7.4614728053	       42.2751659613	        5.0158007644	        5.0327499493	        4.0832865833	        4.8455278274	       12.6349877848	      128.6967471518	       11.4570439272	        6.0556113357	        7.4120028467	       16.1486199743	       54.9580090322	      146.9327828485	       19.6996175552	       17.4343343873	        8.9091848779	      150.0545302658	       71.3512997813	       76.1040922316	       81.4837546900	       99.2704923004	      109.0116235075	        3.8760732854	       51.6525494534	        9.2859795607	       20.3406944733	       62.1101964897	       40.5345423144	      214.9580537972	        7.3724982617	       23.1220415557	        7.5321386579	      226.3236961143	       57.2769916349	       12.7430757132	      144.4365272204	       28.2982433843	       98.6239899076	       41.9459602600	        0.0000000000	        0.0000000000	        0.0000000000	        0.0000000000	        0.0000000000	        0.0000000000	        0.0000000000	        0.0000000000	        0.0000000000	        0.0000000000	        0.0000000000	        0.0000000000	        0.0000000000	        0.0000000000	        0.0000000000	        0.0000000000	        0.0000000000	        0.0000000000	        0.0000000000	        0.0000000000	        0.0000000000	        0.0000000000	        0.0000000000	        0.0000000000	        0.0000000000	        0.0000000000	        0.0000000000	        0.0000000000	        0.0000000000	        0.0000000000	        0.0000000000	        0.0000000000	        0.0000000000	        0.0000000000	        0.0000000000	        0.0000000000	        0.0000000000	        0.0000000000	        0.0000000000	        0.0000000000	        0.0000000000	        0.0000000000	        0.0000000000	        0.0000000000	        0.0000000000	        0.0000000000	        0.0000000000	        0.0000000000	        0.0000000000	        0.0000000000	        0.0000000000	        0.0000000000	        0.0000000000	        0.0000000000	        0.0000000000	        0.0000000000	        0.0000000000	        0.0000000000	        0.0000000000	        0.0000000000	        0.0000000000	        0.0000000000	        0.0000000000	        0.0033621025	       -0.0074906030	       -0.0027612549	       -0.0001118826	       -0.0022491305	        0.0000000000	        0.0000000000	        0.0000000000	        0.0000000000	        0.0000000000	        0.0000000000	        0.0000000000	        0.0000000000	        0.0000000000	        0.0000000000	        0.0000000000	        0.0000000000	        0.0000000000	        0.0000000000	        0.0000000000	        0.0000000000	        0.0000000000	        0.0000000000	        0.0000000000	        0.0000000000	        0.0000000000	        0.0000000000	        0.0000000000	        0.0000000000	        0.0000000000	        0.0000000000	        0.0000000000	        0.0000000000	        0.0000000000	        0.0000000000	        0.0000000000	        0.0000000000	        0.0000000000	        0.0000000000	        0.0000000000	        0.0000000000	        0.0000000000	        0.0000000000	        0.0000000000	
        1.5100000000	        7.5079292536	       45.1637119409	        4.9692357260	        4.9667799663	        4.0499769625	        4.8883046758	       12.3733723352	      132.7070711292	       11.6667304013	        6.2279978778	        7.3738855187	       16.1928209073	       57.3736767186	      162.2305104663	       18.1847934922	       16.8188393799	        8.7366125038	      152.0403554613	       71.5745655409	       75.8258319287	       82.4919055185	      100.1845359161	      109.8621645441	        3.8934851125	       57.5217970023	        9.2535274838	       20.3903994349	       66.0413972909	       46.2747199277	      215.0099888823	        7.4800403347	       22.6795201348	        7.4732766728	      247.0331208814	       59.5538818085	       12.6014242186	      144.8484176894	       25.6245624084	       80.5575357582	       37.4039153007	        0.0000000000	        0.0000000000	        0.0000000000	        0.0000000000	        0.0000000000	        0.0000000000	        0.0000000000	        0.0000000000	        0.0000000000	        0.0000000000	        0.0000000000	        0.0000000000	        0.0000000000	        0.0000000000	        0.0000000000	        0.0000000000	        0.0000000000	        0.0000000000	        0.0000000000	        0.0000000000	        0.0000000000	        0.0000000000	        0.0000000000	        0.0000000000	        0.0000000000	        0.0000000000	        0.0000000000	        0.0000000000	        0.0000000000	        0.0000000000	        0.0000000000	        0.0000000000	        0.0000000000	        0.0000000000	        0.0000000000	        0.0000000000	        0.0000000000	        0.0000000000	        0.0000000000	        0.0000000000	        0.0000000000	        0.0000000000	        0.0000000000	        0.0000000000	        0.0000000000	        0.0000000000	        0.0000000000	        0.0000000000	        0.0000000000	        0.0000000000	        0.0000000000	        0.0000000000	        0.0000000000	        0.0000000000	        0.0000000000	        0.0000000000	        0.0000000000	        0.0000000000	        0.0000000000	        0.0000000000	        0.0000000000	        0.0000000000	        0.0000000000	        0.0036609196	       -0.0074429229	       -0.0028131904	        0.0000141211	       -0.0025078695	        0.0000000000	        0.0000000000	        0.0000000000	        0.0000000000	        0.0000000000	        0.0000000000	        0.0000000000	        0.0000000000	        0.0000000000	        0.0000000000	        0.0000000000	        0.0000000000	        0.0000000000	        0.0000000000	        0.0000000000	        0.0000000000	        0.0000000000	        0.0000000000	        0.0000000000	        0.0000000000	        0.0000000000	        0.0000000000	        0.0000000000	        0.0000000000	        0.0000000000	        0.0000000000	        0.0000000000	        0.0000000000	        0.0000000000	        0.0000000000	        0.0000000000	        0.0000000000	        0.0000000000	        0.0000000000	        0.0000000000	        0.0000000000	        0.0000000000	        0.0000000000	        0.0000000000	
        1.5200000000	        7.5501724842	       48.2466772353	        4.9115955182	        4.8878986733	        4.0075953775	        4.9220420054	       12.0805100048	      136.6949944452	       11.8447414533	        6.3616749946	        7.3745745992	       16.3288419144	       60.1256952036	      180.2177717995	       16.6545778774	       16.2335183223	        8.5499713735	      156.2824311545	       72.5179890070	       76.0332858623	       83.9767493130	      101.5822814099	      111.3606689118	        3.9106875729	       65.6849129648	        9.2287823636	       20.5236606326	       71.5111396913	       54.5377029684	      212.2057068790	        7.7034321831	       22.1792836522	        7.4028952252	      264.5595270795	       62.6342763029	       12.5564302388	      145.3598881280	       23.2570929932	       65.5940722002	       33.3870705620	        0.0000000000	        0.0000000000	        0.0000000000	        0.0000000000	        0.0000000000	        0.0000000000	        0.0000000000	        0.0000000000	        0.0000000000	        0.0000000000	        0.0000000000	        0.0000000000	        0.0000000000	        0.0000000000	        0.0000000000	        0.0000000000	        0.0000000000	        0.0000000000	        0.0000000000	        0.0000000000	        0.0000000000	        0.0000000000	        0.0000000000	        0.0000000000	        0.0000000000	        0.0000000000	        0.0000000000	        0.0000000000	        0.0000000000	        0.0000000000	        0.0000000000	        0.0000000000	        0.0000000000	        0.0000000000	        0.0000000000	        0.0000000000	        0.0000000000	        0.0000000000	        0.0000000000	        0.0000000000	        0.0000000000	        0.0000000000	        0.0000000000	        0.0000000000	        0.0000000000	        0.0000000000	        0.0000000000	        0.0000000000	        0.0000000000	        0.0000000000	        0.0000000000	        0.0000000000	        0.0000000000	        0.0000000000	        0.0000000000	        0.0000000000	        0.0000000000	        0.0000000000	        0.0000000000	        0.0000000000	        0.0000000000	        0.0000000000	        0.0000000000	        0.0040756539	       -0.0075130354	       -0.0028831302	        0.0002296709	       -0.0026402658	        0.0000000000	        0.0000000000	        0.0000000000	        0.0000000000	        0.0000000000	        0.0000000000	        0.0000000000	        0.0000000000	        0.0000000000	        0.0000000000	        0.0000000000	        0.0000000000	        0.0000000000	        0.0000000000	        0.0000000000	        0.0000000000	        0.0000000000	        0.0000000000	        0.0000000000	        0.0000000000	        0.0000000000	        0.0000000000	        0.0000000000	        0.0000000000	        0.0000000000	        0.0000000000	        0.0000000000	        0.0000000000	        0.0000000000	        0.0000000000	        0.0000000000	        0.0000000000	        0.0000000000	        0.0000000000	        0.0000000000	        0.0000000000	        0.0000000000	        0.0000000000	        0.0000000000	
        1.5300000000	        7.5952004077	       51.5690499705	        4.8386138159	        4.7891727745	        3.9555870774	        4.9506417099	       11.7611316567	      140.7457620194	       11.9624037513	        6.4402855860	        7.4182402961	       16.5837203525	       63.2666767194	      201.5195692745	       15.0820417946	       15.6391421077	        8.3497261411	      162.6070976007	       74.2206357145	       76.9144175686	       85.9992607542	      103.5835053151	      113.6620738388	        3.9394566398	       78.1396638243	        9.2141237295	       20.7731677772	       78.7722577526	       67.9562323102	      206.0259846904	        8.2201635954	       21.6325087175	        7.3207043771	      278.9904275456	       66.6269171738	       12.5946893693	      146.0082607920	       21.1080741098	       54.3211724970	       29.7868362060	        0.0000000000	        0.0000000000	        0.0000000000	        0.0000000000	        0.0000000000	        0.0000000000	        0.0000000000	        0.0000000000	        0.0000000000	        0.0000000000	        0.0000000000	        0.0000000000	        0.0000000000	        0.0000000000	        0.0000000000	        0.0000000000	        0.0000000000	        0.0000000000	        0.0000000000	        0.0000000000	        0.0000000000	        0.0000000000	        0.0000000000	        0.0000000000	        0.0000000000	        0.0000000000	        0.0000000000	        0.0000000000	        0.0000000000	        0.0000000000	        0.0000000000	        0.0000000000	        0.0000000000	        0.0000000000	        0.0000000000	        0.0000000000	        0.0000000000	        0.0000000000	        0.0000000000	        0.0000000000	        0.0000000000	        0.0000000000	        0.0000000000	        0.0000000000	        0.0000000000	        0.0000000000	        0.0000000000	        0.0000000000	        0.0000000000	        0.0000000000	        0.0000000000	        0.0000000000	        0.0000000000	        0.0000000000	        0.0000000000	        0.0000000000	        0.0000000000	        0.0000000000	        0.0000000000	        0.0000000000	        0.0000000000	        0.0000000000	        0.0000000000	        0.0047982429	       -0.0077596238	       -0.0031257228	        0.0006885958	       -0.0026411480	        0.0000000000	        0.0000000000	        0.0000000000	        0.0000000000	        0.0000000000	        0.0000000000	        0.0000000000	        0.0000000000	        0.0000000000	        0.0000000000	        0.0000000000	        0.0000000000	        0.0000000000	        0.0000000000	        0.0000000000	        0.0000000000	        0.0000000000	        0.0000000000	        0.0000000000	        0.0000000000	        0.0000000000	        0.0000000000	        0.0000000000	        0.0000000000	        0.0000000000	        0.0000000000	        0.0000000000	        0.0000000000	        0.0000000000	        0.0000000000	        0.0000000000	        0.0000000000	        0.0000000000	        0.0000000000	        0.0000000000	        0.0000000000	        0.0000000000	        0.0000000000	        0.0000000000	
        1.5400000000	        7.6542258193	       55.2145383406	        4.7506592423	        4.6723348861	        3.8952627771	        4.9798068526	       11.4530287504	      145.2725766501	       11.9867047317	        6.4472657566	        7.5094996197	       16.9926786853	       66.8418758237	      226.8374022416	       13.6260683751	       15.0700489781	        8.1451484548	      170.9797281837	       76.7464038446	       78.6878718626	       88.6674031861	      106.3411381765	      116.9077733517	        4.0197197380	       97.4120496824	        9.2140429971	       21.1816669452	       87.9341614101	       89.9367905461	      195.5067040338	        9.3426110756	       21.1176033841	        7.2528303488	      291.1010323381	       71.5929349754	       12.6900895941	      146.8458162282	       19.2128198421	       48.0898658568	       26.9115016951	        0.0000000000	        0.0000000000	        0.0000000000	        0.0000000000	        0.0000000000	        0.0000000000	        0.0000000000	        0.0000000000	        0.0000000000	        0.0000000000	        0.0000000000	        0.0000000000	        0.0000000000	        0.0000000000	        0.0000000000	        0.0000000000	        0.0000000000	        0.0000000000	        0.0000000000	        0.0000000000	        0.0000000000	        0.0000000000	        0.0000000000	        0.0000000000	        0.0000000000	        0.0000000000	        0.0000000000	        0.0000000000	        0.0000000000	        0.0000000000	        0.0000000000	        0.0000000000	        0.0000000000	        0.0000000000	        0.0000000000	        0.0000000000	        0.0000000000	        0.0000000000	        0.0000000000	        0.0000000000	        0.0000000000	        0.0000000000	        0.0000000000	        0.0000000000	        0.0000000000	        0.0000000000	        0.0000000000	        0.0000000000	        0.0000000000	        0.0000000000	        0.0000000000	        0.0000000000	        0.0000000000	        0.0000000000	        0.0000000000	        0.0000000000	        0.0000000000	        0.0000000000	        0.0000000000	        0.0000000000	        0.0000000000	        0.0000000000	        0.0000000000	        0.0061330975	       -0.0082691672	       -0.0037681537	        0.0023246766	       -0.0024867275	        0.0000000000	        0.0000000000	        0.0000000000	        0.0000000000	        0.0000000000	        0.0000000000	        0.0000000000	        0.0000000000	        0.0000000000	        0.0000000000	        0.0000000000	        0.0000000000	        0.0000000000	        0.0000000000	        0.0000000000	        0.0000000000	        0.0000000000	        0.0000000000	        0.0000000000	        0.0000000000	        0.0000000000	        0.0000000000	        0.0000000000	        0.0000000000	        0.0000000000	        0.0000000000	        0.0000000000	        0.0000000000	        0.0000000000	        0.0000000000	        0.0000000000	        0.0000000000	        0.0000000000	        0.0000000000	        0.0000000000	        0.0000000000	        0.0000000000	        0.0000000000	        0.0000000000	
        1.5500000000	        7.7372725623	       59.3248799155	        4.6603961057	        4.5572052001	        3.8333664534	        5.0139061079	       11.1656432679	      150.6447663135	       11.8794710795	        6.3663886045	        7.6535473191	       17.6011815106	       70.8767558303	      256.5611938838	       12.5022519328	       14.5975152772	        7.9587856425	      181.6144587398	       80.0735160676	       81.2521074932	       92.0536583285	      109.8572525248	      121.0381237253	        4.1883873339	      124.9961772692	        9.2370077858	       21.8046546827	       98.8196950773	      122.3515428494	      181.4393747696	       11.1447375183	       20.6472306149	        7.1992433120	      302.6783792835	       77.5673474814	       12.7753130844	      147.9475075285	       18.0282937833	       45.6071482404	       25.3803854811	        0.0000000000	        0.0000000000	        0.0000000000	        0.0000000000	        0.0000000000	        0.0000000000	        0.0000000000	        0.0000000000	        0.0000000000	        0.0000000000	        0.0000000000	        0.0000000000	        0.0000000000	        0.0000000000	        0.0000000000	        0.0000000000	        0.0000000000	        0.0000000000	        0.0000000000	        0.0000000000	        0.0000000000	        0.0000000000	        0.0000000000	        0.0000000000	        0.0000000000	        0.0000000000	        0.0000000000	        0.0000000000	        0.0000000000	        0.0000000000	        0.0000000000	        0.0000000000	        0.0000000000	        0.0000000000	        0.0000000000	        0.0000000000	        0.0000000000	        0.0000000000	        0.0000000000	        0.0000000000	        0.0000000000	        0.0000000000	        0.0000000000	        0.0000000000	        0.0000000000	        0.0000000000	        0.0000000000	        0.0000000000	        0.0000000000	        0.0000000000	        0.0000000000	        0.0000000000	        0.0000000000	        0.0000000000	        0.0000000000	        0.0000000000	        0.0000000000	        0.0000000000	        0.0000000000	        0.0000000000	        0.0000000000	        0.0000000000	        0.0000000000	        0.0081436487	       -0.0090445598	       -0.0047965727	        0.0051985608	       -0.0022017259	        0.0000000000	        0.0000000000	        0.0000000000	        0.0000000000	        0.0000000000	        0.0000000000	        0.0000000000	        0.0000000000	        0.0000000000	        0.0000000000	        0.0000000000	        0.0000000000	        0.0000000000	        0.0000000000	        0.0000000000	        0.0000000000	        0.0000000000	        0.0000000000	        0.0000000000	        0.0000000000	        0.0000000000	        0.0000000000	        0.0000000000	        0.0000000000	        0.0000000000	        0.0000000000	        0.0000000000	        0.0000000000	        0.0000000000	        0.0000000000	        0.0000000000	        0.0000000000	        0.0000000000	        0.0000000000	        0.0000000000	        0.0000000000	        0.0000000000	        0.0000000000	        0.0000000000	
        1.5600000000	        7.8489531314	       64.2461424686	        4.5815447691	        4.4621487271	        3.7777646107	        5.0535971812	       10.8886740642	      156.5998833274	       11.6040480054	        6.1849572390	        7.8557870466	       18.4623145174	       75.3721141611	      290.6899180098	       11.7334208871	       14.2431831118	        7.8090822857	      194.8723072842	       84.1634822571	       84.3669178854	       96.1577552951	      113.9899948753	      125.8013439274	        4.4669758563	      160.8873478367	        9.2954274416	       22.7075994992	      110.9409445004	      164.9180731631	      166.5383779083	       13.4013175857	       20.1762976606	        7.1331508540	      316.4546167364	       84.5619730641	       12.7465638997	      149.4086051421	       17.4979722840	       44.7774554485	       24.7382636145	        0.0000000000	        0.0000000000	        0.0000000000	        0.0000000000	        0.0000000000	        0.0000000000	        0.0000000000	        0.0000000000	        0.0000000000	        0.0000000000	        0.0000000000	        0.0000000000	        0.0000000000	        0.0000000000	        0.0000000000	        0.0000000000	        0.0000000000	        0.0000000000	        0.0000000000	        0.0000000000	        0.0000000000	        0.0000000000	        0.0000000000	        0.0000000000	        0.0000000000	        0.0000000000	        0.0000000000	        0.0000000000	        0.0000000000	        0.0000000000	        0.0000000000	        0.0000000000	        0.0000000000	        0.0000000000	        0.0000000000	        0.0000000000	        0.0000000000	        0.0000000000	        0.0000000000	        0.0000000000	        0.0000000000	        0.0000000000	        0.0000000000	        0.0000000000	        0.0000000000	        0.0000000000	        0.0000000000	        0.0000000000	        0.0000000000	        0.0000000000	        0.0000000000	        0.0000000000	        0.0000000000	        0.0000000000	        0.0000000000	        0.0000000000	        0.0000000000	        0.0000000000	        0.0000000000	        0.0000000000	        0.0000000000	        0.0000000000	        0.0000000000	        0.0107156214	       -0.0100444191	       -0.0060616216	        0.0084710103	       -0.0018586649	        0.0000000000	        0.0000000000	        0.0000000000	        0.0000000000	        0.0000000000	        0.0000000000	        0.0000000000	        0.0000000000	        0.0000000000	        0.0000000000	        0.0000000000	        0.0000000000	        0.0000000000	        0.0000000000	        0.0000000000	        0.0000000000	        0.0000000000	        0.0000000000	        0.0000000000	        0.0000000000	        0.0000000000	        0.0000000000	        0.0000000000	        0.0000000000	        0.0000000000	        0.0000000000	        0.0000000000	        0.0000000000	        0.0000000000	        0.0000000000	        0.0000000000	        0.0000000000	        0.0000000000	        0.0000000000	        0.0000000000	        0.0000000000	        0.0000000000	        0.0000000000	        0.0000000000	
        1.5700000000	        7.9822819929	       71.3505588552	        4.5205885410	        4.3940313048	        3.7327888820	        5.0931306932	       10.6366151354	      162.7404251461	       11.1387656888	        5.8992545301	        8.1209678281	       19.6292694737	       80.3074897545	      329.0931858753	       11.2272902238	       13.9895568185	        7.7037529764	      211.5702275731	       89.2204972858	       88.1202555962	      101.0092286632	      118.6332800962	      130.9149158480	        4.9025779644	      204.3757947612	        9.4038170512	       23.9572697845	      123.5631685123	      216.2608494491	      153.2256521753	       15.9362763059	       19.7216521999	        7.0534641230	      335.6189795198	       92.5188011200	       12.5072840535	      151.3317196668	       17.3170115318	       44.6232271646	       24.5229298042	        0.0000000000	        0.0000000000	        0.0000000000	        0.0000000000	        0.0000000000	        0.0000000000	        0.0000000000	        0.0000000000	        0.0000000000	        0.0000000000	        0.0000000000	        0.0000000000	        0.0000000000	        0.0000000000	        0.0000000000	        0.0000000000	        0.0000000000	        0.0000000000	        0.0000000000	        0.0000000000	        0.0000000000	        0.0000000000	        0.0000000000	        0.0000000000	        0.0000000000	        0.0000000000	        0.0000000000	        0.0000000000	        0.0000000000	        0.0000000000	        0.0000000000	        0.0000000000	        0.0000000000	        0.0000000000	        0.0000000000	        0.0000000000	        0.0000000000	        0.0000000000	        0.0000000000	        0.0000000000	        0.0000000000	        0.0000000000	        0.0000000000	        0.0000000000	        0.0000000000	        0.0000000000	        0.0000000000	        0.0000000000	        0.0000000000	        0.0000000000	        0.0000000000	        0.0000000000	        0.0000000000	        0.0000000000	        0.0000000000	        0.0000000000	        0.0000000000	        0.0000000000	        0.0000000000	        0.0000000000	        0.0000000000	        0.0000000000	        0.0000000000	        0.0137833593	       -0.0112950876	       -0.0074875456	        0.0119547033	       -0.0015158148	        0.0000000000	        0.0000000000	        0.0000000000	        0.0000000000	        0.0000000000	        0.0000000000	        0.0000000000	        0.0000000000	        0.0000000000	        0.0000000000	        0.0000000000	        0.0000000000	        0.0000000000	        0.0000000000	        0.0000000000	        0.0000000000	        0.0000000000	        0.0000000000	        0.0000000000	        0.0000000000	        0.0000000000	        0.0000000000	        0.0000000000	        0.0000000000	        0.0000000000	        0.0000000000	        0.0000000000	        0.0000000000	        0.0000000000	        0.0000000000	        0.0000000000	        0.0000000000	        0.0000000000	        0.0000000000	        0.0000000000	        0.0000000000	        0.0000000000	        0.0000000000	        0.0000000000	
        1.5800000000	        8.1070661153	       83.5746261252	        4.4795471476	        4.3537722963	        3.7004191962	        5.1194000011	       10.4238876705	      168.7048558085	       10.4866630879	        5.5182575237	        8.4522149818	       21.1479672967	       85.6369299339	      371.5168717607	       10.8917083438	       13.8139946242	        7.6448513890	      233.4118452284	       95.6875294283	       92.7727105569	      106.6935645349	      123.7056685201	      136.0583969877	        5.5241163062	      253.7329577045	        9.5780874801	       25.6131743804	      135.7340968392	      273.3030777332	      143.4027729659	       18.5915074276	       19.3118002169	        6.9703959310	      363.4929078228	      101.2917938186	       12.0011433374	      153.8155102494	       17.3227004305	       44.7962177482	       24.5294566107	        0.0000000000	        0.0000000000	        0.0000000000	        0.0000000000	        0.0000000000	        0.0000000000	        0.0000000000	        0.0000000000	        0.0000000000	        0.0000000000	        0.0000000000	        0.0000000000	        0.0000000000	        0.0000000000	        0.0000000000	        0.0000000000	        0.0000000000	        0.0000000000	        0.0000000000	        0.0000000000	        0.0000000000	        0.0000000000	        0.0000000000	        0.0000000000	        0.0000000000	        0.0000000000	        0.0000000000	        0.0000000000	        0.0000000000	        0.0000000000	        0.0000000000	        0.0000000000	        0.0000000000	        0.0000000000	        0.0000000000	        0.0000000000	        0.0000000000	        0.0000000000	        0.0000000000	        0.0000000000	        0.0000000000	        0.0000000000	        0.0000000000	        0.0000000000	        0.0000000000	        0.0000000000	        0.0000000000	        0.0000000000	        0.0000000000	        0.0000000000	        0.0000000000	        0.0000000000	        0.0000000000	        0.0000000000	        0.0000000000	        0.0000000000	        0.0000000000	        0.0000000000	        0.0000000000	        0.0000000000	        0.0000000000	        0.0000000000	        0.0000000000	        0.0171799934	       -0.0128862538	       -0.0088997360	        0.0155740025	       -0.0012325248	        0.0000000000	        0.0000000000	        0.0000000000	        0.0000000000	        0.0000000000	        0.0000000000	        0.0000000000	        0.0000000000	        0.0000000000	        0.0000000000	        0.0000000000	        0.0000000000	        0.0000000000	        0.0000000000	        0.0000000000	        0.0000000000	        0.0000000000	        0.0000000000	        0.0000000000	        0.0000000000	        0.0000000000	        0.0000000000	        0.0000000000	        0.0000000000	        0.0000000000	        0.0000000000	        0.0000000000	        0.0000000000	        0.0000000000	        0.0000000000	        0.0000000000	        0.0000000000	        0.0000000000	        0.0000000000	        0.0000000000	        0.0000000000	        0.0000000000	        0.0000000000	        0.0000000000	
        1.5900000000	        8.2052308404	      101.2499243760	        4.4578184104	        4.3385912810	        3.6832908933	        5.1302677628	       10.2511568277	      174.1890248736	        9.6829707957	        5.0661293135	        8.8499566661	       23.0491130711	       91.2828358155	      417.5237447381	       10.6577652845	       13.6965758005	        7.6310645431	      260.3107877890	      103.4289501580	       98.0031764594	      113.0976849376	      128.9789114777	      140.8072977626	        6.3169570873	      307.7220370789	        9.8342281043	       27.7180069969	      146.3769724612	      334.2588937592	      138.8039329375	       21.2914666449	       18.9495152467	        6.8880092707	      403.1966579188	      110.6351111090	       11.2427336157	      156.9403133640	       17.4480967044	       45.1870624245	       24.6798628111	        0.0000000000	        0.0000000000	        0.0000000000	        0.0000000000	        0.0000000000	        0.0000000000	        0.0000000000	        0.0000000000	        0.0000000000	        0.0000000000	        0.0000000000	        0.0000000000	        0.0000000000	        0.0000000000	        0.0000000000	        0.0000000000	        0.0000000000	        0.0000000000	        0.0000000000	        0.0000000000	        0.0000000000	        0.0000000000	        0.0000000000	        0.0000000000	        0.0000000000	        0.0000000000	        0.0000000000	        0.0000000000	        0.0000000000	        0.0000000000	        0.0000000000	        0.0000000000	        0.0000000000	        0.0000000000	        0.0000000000	        0.0000000000	        0.0000000000	        0.0000000000	        0.0000000000	        0.0000000000	        0.0000000000	        0.0000000000	        0.0000000000	        0.0000000000	        0.0000000000	        0.0000000000	        0.0000000000	        0.0000000000	        0.0000000000	        0.0000000000	        0.0000000000	        0.0000000000	        0.0000000000	        0.0000000000	        0.0000000000	        0.0000000000	        0.0000000000	        0.0000000000	        0.0000000000	        0.0000000000	        0.0000000000	        0.0000000000	        0.0000000000	        0.0208726742	       -0.0148472096	       -0.0102036959	        0.0192476222	       -0.0010618446	        0.0000000000	        0.0000000000	        0.0000000000	        0.0000000000	        0.0000000000	        0.0000000000	        0.0000000000	        0.0000000000	        0.0000000000	        0.0000000000	        0.0000000000	        0.0000000000	        0.0000000000	        0.0000000000	        0.0000000000	        0.0000000000	        0.0000000000	        0.0000000000	        0.0000000000	        0.0000000000	        0.0000000000	        0.0000000000	        0.0000000000	        0.0000000000	        0.0000000000	        0.0000000000	        0.0000000000	        0.0000000000	        0.0000000000	        0.0000000000	        0.0000000000	        0.0000000000	        0.0000000000	        0.0000000000	        0.0000000000	        0.0000000000	        0.0000000000	        0.0000000000	        0.0000000000	
        1.6000000000	        8.2764420898	      122.7298244663	        4.4536109240	        4.3447627086	        3.6836019309	        5.1321921450	       10.1119048322	      178.9168627989	        8.7979438416	        4.5825191247	        9.3109088648	       25.3410515801	       97.1299483470	      466.4160925408	       10.4866753139	       13.6249133151	        7.6596899016	      290.4738710224	      111.8962922769	      103.2862691777	      119.9078056717	      134.1274291004	      144.7122531039	        7.2194937312	      365.1441754692	       10.1859732174	       30.2887951528	      154.4554350159	      398.4175101172	      141.0684270452	       24.0125550528	       18.6222027922	        6.8066068387	      457.2698068922	      120.2019040107	       10.3325474118	      160.7526927780	       17.6669524470	       45.7687009329	       24.9462298973	        0.0000000000	        0.0000000000	        0.0000000000	        0.0000000000	        0.0000000000	        0.0000000000	        0.0000000000	        0.0000000000	        0.0000000000	        0.0000000000	        0.0000000000	        0.0000000000	        0.0000000000	        0.0000000000	        0.0000000000	        0.0000000000	        0.0000000000	        0.0000000000	        0.0000000000	        0.0000000000	        0.0000000000	        0.0000000000	        0.0000000000	        0.0000000000	        0.0000000000	        0.0000000000	        0.0000000000	        0.0000000000	        0.0000000000	        0.0000000000	        0.0000000000	        0.0000000000	        0.0000000000	        0.0000000000	        0.0000000000	        0.0000000000	        0.0000000000	        0.0000000000	        0.0000000000	        0.0000000000	        0.0000000000	        0.0000000000	        0.0000000000	        0.0000000000	        0.0000000000	        0.0000000000	        0.0000000000	        0.0000000000	        0.0000000000	        0.0000000000	        0.0000000000	        0.0000000000	        0.0000000000	        0.0000000000	        0.0000000000	        0.0000000000	        0.0000000000	        0.0000000000	        0.0000000000	        0.0000000000	        0.0000000000	        0.0000000000	        0.0000000000	        0.0248957473	       -0.0171577434	       -0.0114053749	        0.0228681021	       -0.0010349370	        0.0000000000	        0.0000000000	        0.0000000000	        0.0000000000	        0.0000000000	        0.0000000000	        0.0000000000	        0.0000000000	        0.0000000000	        0.0000000000	        0.0000000000	        0.0000000000	        0.0000000000	        0.0000000000	        0.0000000000	        0.0000000000	        0.0000000000	        0.0000000000	        0.0000000000	        0.0000000000	        0.0000000000	        0.0000000000	        0.0000000000	        0.0000000000	        0.0000000000	        0.0000000000	        0.0000000000	        0.0000000000	        0.0000000000	        0.0000000000	        0.0000000000	        0.0000000000	        0.0000000000	        0.0000000000	        0.0000000000	        0.0000000000	        0.0000000000	        0.0000000000	        0.0000000000	
        1.6100000000	        8.3239343010	      146.4969683413	        4.4646148955	        4.3687428487	        3.7019702856	        5.1314031548	        9.9970298189	      182.6245596350	        7.9307495805	        4.1188246065	        9.8273261492	       28.0052937663	      103.0209032146	      517.1573768293	       10.3594793562	       13.5926828951	        7.7271651852	      321.6596054690	      120.5111618503	      108.2328252040	      126.7368841223	      138.8289264345	      147.3906050166	        8.1369235148	      423.9268783066	       10.6419179844	       33.3112656745	      159.1294694416	      464.3280563235	      151.6215120419	       26.7289451424	       18.3114962690	        6.7266914311	      527.2408297648	      129.5674976553	        9.4353850396	      165.2542183971	       17.9682145984	       46.5400739263	       25.3187680545	        0.0000000000	        0.0000000000	        0.0000000000	        0.0000000000	        0.0000000000	        0.0000000000	        0.0000000000	        0.0000000000	        0.0000000000	        0.0000000000	        0.0000000000	        0.0000000000	        0.0000000000	        0.0000000000	        0.0000000000	        0.0000000000	        0.0000000000	        0.0000000000	        0.0000000000	        0.0000000000	        0.0000000000	        0.0000000000	        0.0000000000	        0.0000000000	        0.0000000000	        0.0000000000	        0.0000000000	        0.0000000000	        0.0000000000	        0.0000000000	        0.0000000000	        0.0000000000	        0.0000000000	        0.0000000000	        0.0000000000	        0.0000000000	        0.0000000000	        0.0000000000	        0.0000000000	        0.0000000000	        0.0000000000	        0.0000000000	        0.0000000000	        0.0000000000	        0.0000000000	        0.0000000000	        0.0000000000	        0.0000000000	        0.0000000000	        0.0000000000	        0.0000000000	        0.0000000000	        0.0000000000	        0.0000000000	        0.0000000000	        0.0000000000	        0.0000000000	        0.0000000000	        0.0000000000	        0.0000000000	        0.0000000000	        0.0000000000	        0.0000000000	        0.0292375778	       -0.0197836968	       -0.0125186764	        0.0263050155	       -0.0011521582	        0.0000000000	        0.0000000000	        0.0000000000	        0.0000000000	        0.0000000000	        0.0000000000	        0.0000000000	        0.0000000000	        0.0000000000	        0.0000000000	        0.0000000000	        0.0000000000	        0.0000000000	        0.0000000000	        0.0000000000	        0.0000000000	        0.0000000000	        0.0000000000	        0.0000000000	        0.0000000000	        0.0000000000	        0.0000000000	        0.0000000000	        0.0000000000	        0.0000000000	        0.0000000000	        0.0000000000	        0.0000000000	        0.0000000000	        0.0000000000	        0.0000000000	        0.0000000000	        0.0000000000	        0.0000000000	        0.0000000000	        0.0000000000	        0.0000000000	        0.0000000000	        0.0000000000	
        1.6200000000	        8.3525087926	      171.4474837143	        4.4883494985	        4.4073049721	        3.7376333745	        5.1323192827	        9.8959573334	      185.0771001981	        7.1895624703	        3.7281116022	       10.3866681950	       30.9958539062	      108.7546386225	      568.3036496077	       10.2672417684	       13.5971225613	        7.8291257731	      351.4986808517	      128.6979132430	      112.5372934968	      133.1572611478	      142.7865135388	      148.5783695814	        8.9822536507	      481.1402530043	       11.2031655885	       36.7390293360	      159.8818655709	      529.4419819622	      171.5020179798	       29.3964068247	       17.9949496969	        6.6489308511	      613.1712432322	      138.2710978396	        8.7122257280	      170.3987737171	       18.3457233857	       47.5060985503	       25.7934962304	        0.0000000000	        0.0000000000	        0.0000000000	        0.0000000000	        0.0000000000	        0.0000000000	        0.0000000000	        0.0000000000	        0.0000000000	        0.0000000000	        0.0000000000	        0.0000000000	        0.0000000000	        0.0000000000	        0.0000000000	        0.0000000000	        0.0000000000	        0.0000000000	        0.0000000000	        0.0000000000	        0.0000000000	        0.0000000000	        0.0000000000	        0.0000000000	        0.0000000000	        0.0000000000	        0.0000000000	        0.0000000000	        0.0000000000	        0.0000000000	        0.0000000000	        0.0000000000	        0.0000000000	        0.0000000000	        0.0000000000	        0.0000000000	        0.0000000000	        0.0000000000	        0.0000000000	        0.0000000000	        0.0000000000	        0.0000000000	        0.0000000000	        0.0000000000	        0.0000000000	        0.0000000000	        0.0000000000	        0.0000000000	        0.0000000000	        0.0000000000	        0.0000000000	        0.0000000000	        0.0000000000	        0.0000000000	        0.0000000000	        0.0000000000	        0.0000000000	        0.0000000000	        0.0000000000	        0.0000000000	        0.0000000000	        0.0000000000	        0.0000000000	        0.0338224583	       -0.0226556282	       -0.0135441444	        0.0294426828	       -0.0013925106	        0.0000000000	        0.0000000000	        0.0000000000	        0.0000000000	        0.0000000000	        0.0000000000	        0.0000000000	        0.0000000000	        0.0000000000	        0.0000000000	        0.0000000000	        0.0000000000	        0.0000000000	        0.0000000000	        0.0000000000	        0.0000000000	        0.0000000000	        0.0000000000	        0.0000000000	        0.0000000000	        0.0000000000	        0.0000000000	        0.0000000000	        0.0000000000	        0.0000000000	        0.0000000000	        0.0000000000	        0.0000000000	        0.0000000000	        0.0000000000	        0.0000000000	        0.0000000000	        0.0000000000	        0.0000000000	        0.0000000000	        0.0000000000	        0.0000000000	        0.0000000000	        0.0000000000	
        1.6300000000	        8.3697233333	      196.7985980441	        4.5224050788	        4.4576143662	        3.7887960676	        5.1379055686	        9.7974115912	      186.0684097249	        6.6559118609	        3.4480926787	       10.9717107237	       34.2420016325	      114.0884750996	      617.9493827622	       10.2063314828	       13.6377052984	        7.9606717296	      377.6699931646	      135.8450998955	      115.8851527782	      138.7075722453	      145.7355669647	      148.1786887638	        9.7053835454	      533.2541003831	       11.8624426363	       40.4971233406	      156.6009449505	      590.2712188497	      201.1586116692	       31.9390478671	       17.6471258513	        6.5729507080	      713.2783233172	      145.8635823148	        8.2447514235	      176.0980466885	       18.7944264844	       48.6699356190	       26.3676424746	        0.0000000000	        0.0000000000	        0.0000000000	        0.0000000000	        0.0000000000	        0.0000000000	        0.0000000000	        0.0000000000	        0.0000000000	        0.0000000000	        0.0000000000	        0.0000000000	        0.0000000000	        0.0000000000	        0.0000000000	        0.0000000000	        0.0000000000	        0.0000000000	        0.0000000000	        0.0000000000	        0.0000000000	        0.0000000000	        0.0000000000	        0.0000000000	        0.0000000000	        0.0000000000	        0.0000000000	        0.0000000000	        0.0000000000	        0.0000000000	        0.0000000000	        0.0000000000	        0.0000000000	        0.0000000000	        0.0000000000	        0.0000000000	        0.0000000000	        0.0000000000	        0.0000000000	        0.0000000000	        0.0000000000	        0.0000000000	        0.0000000000	        0.0000000000	        0.0000000000	        0.0000000000	        0.0000000000	        0.0000000000	        0.0000000000	        0.0000000000	        0.0000000000	        0.0000000000	        0.0000000000	        0.0000000000	        0.0000000000	        0.0000000000	        0.0000000000	        0.0000000000	        0.0000000000	        0.0000000000	        0.0000000000	        0.0000000000	        0.0000000000	        0.0384929721	       -0.0256399220	       -0.0144640121	        0.0321892081	       -0.0017385511	        0.0000000000	        0.0000000000	        0.0000000000	        0.0000000000	        0.0000000000	        0.0000000000	        0.0000000000	        0.0000000000	        0.0000000000	        0.0000000000	        0.0000000000	        0.0000000000	        0.0000000000	        0.0000000000	        0.0000000000	        0.0000000000	        0.0000000000	        0.0000000000	        0.0000000000	        0.0000000000	        0.0000000000	        0.0000000000	        0.0000000000	        0.0000000000	        0.0000000000	        0.0000000000	        0.0000000000	        0.0000000000	        0.0000000000	        0.0000000000	        0.0000000000	        0.0000000000	        0.0000000000	        0.0000000000	        0.0000000000	        0.0000000000	        0.0000000000	        0.0000000000	        0.0000000000	
        1.6400000000	        8.3860636620	      221.9692698481	        4.5646059653	        4.5173303339	        3.8528798567	        5.1500517037	        9.6905145751	      185.3955093196	        6.3497529335	        3.2860956418	       11.5610330075	       37.6527593055	      118.7449417180	      663.7075139048	       10.1762236635	       13.7154284233	        8.1168541512	      398.0572385224	      141.2967502979	      117.9010453126	      142.9204797674	      147.4578144742	      146.2856280724	       10.2936963031	      576.4841518702	       12.6047908564	       44.4876744809	      149.5974782830	      642.7625119967	      240.2543156706	       34.2361863722	       17.2422997846	        6.4967662487	      823.8005047804	      151.9477077558	        8.0270256408	      182.2305555874	       19.3091397633	       50.0297783791	       27.0379401398	        0.0000000000	        0.0000000000	        0.0000000000	        0.0000000000	        0.0000000000	        0.0000000000	        0.0000000000	        0.0000000000	        0.0000000000	        0.0000000000	        0.0000000000	        0.0000000000	        0.0000000000	        0.0000000000	        0.0000000000	        0.0000000000	        0.0000000000	        0.0000000000	        0.0000000000	        0.0000000000	        0.0000000000	        0.0000000000	        0.0000000000	        0.0000000000	        0.0000000000	        0.0000000000	        0.0000000000	        0.0000000000	        0.0000000000	        0.0000000000	        0.0000000000	        0.0000000000	        0.0000000000	        0.0000000000	        0.0000000000	        0.0000000000	        0.0000000000	        0.0000000000	        0.0000000000	        0.0000000000	        0.0000000000	        0.0000000000	        0.0000000000	        0.0000000000	        0.0000000000	        0.0000000000	        0.0000000000	        0.0000000000	        0.0000000000	        0.0000000000	        0.0000000000	        0.0000000000	        0.0000000000	        0.0000000000	        0.0000000000	        0.0000000000	        0.0000000000	        0.0000000000	        0.0000000000	        0.0000000000	        0.0000000000	        0.0000000000	        0.0000000000	        0.0429962951	       -0.0285212786	       -0.0152374471	        0.0344433218	       -0.0021994287	        0.0000000000	        0.0000000000	        0.0000000000	        0.0000000000	        0.0000000000	        0.0000000000	        0.0000000000	        0.0000000000	        0.0000000000	        0.0000000000	        0.0000000000	        0.0000000000	        0.0000000000	        0.0000000000	        0.0000000000	        0.0000000000	        0.0000000000	        0.0000000000	        0.0000000000	        0.0000000000	        0.0000000000	        0.0000000000	        0.0000000000	        0.0000000000	        0.0000000000	        0.0000000000	        0.0000000000	        0.0000000000	        0.0000000000	        0.0000000000	        0.0000000000	        0.0000000000	        0.0000000000	        0.0000000000	        0.0000000000	        0.0000000000	        0.0000000000	        0.0000000000	        0.0000000000	
        1.6500000000	        8.4149047006	      246.4555512837	        4.6131229380	        4.5846869424	        3.9267720791	        5.1699961682	        9.5662231060	      182.8473679833	        6.2342779591	        3.2231137669	       12.1298099153	       41.1214834075	      122.4248280379	      702.7617208106	       10.1782547329	       13.8322586285	        8.2932439524	      410.8747903231	      144.4020117876	      118.1654878080	      145.3710844217	      147.7959323179	      143.1374732809	       10.7577893405	      607.2008787966	       13.4093021647	       48.5953354230	      139.5438276162	      682.8143615308	      287.5537098335	       36.1234633441	       16.7589761417	        6.4173984816	      939.1832717299	      156.2013593860	        8.0137136143	      188.6492365012	       19.8842443672	       51.5780115217	       27.8000032658	        0.0000000000	        0.0000000000	        0.0000000000	        0.0000000000	        0.0000000000	        0.0000000000	        0.0000000000	        0.0000000000	        0.0000000000	        0.0000000000	        0.0000000000	        0.0000000000	        0.0000000000	        0.0000000000	        0.0000000000	        0.0000000000	        0.0000000000	        0.0000000000	        0.0000000000	        0.0000000000	        0.0000000000	        0.0000000000	        0.0000000000	        0.0000000000	        0.0000000000	        0.0000000000	        0.0000000000	        0.0000000000	        0.0000000000	        0.0000000000	        0.0000000000	        0.0000000000	        0.0000000000	        0.0000000000	        0.0000000000	        0.0000000000	        0.0000000000	        0.0000000000	        0.0000000000	        0.0000000000	        0.0000000000	        0.0000000000	        0.0000000000	        0.0000000000	        0.0000000000	        0.0000000000	        0.0000000000	        0.0000000000	        0.0000000000	        0.0000000000	        0.0000000000	        0.0000000000	        0.0000000000	        0.0000000000	        0.0000000000	        0.0000000000	        0.0000000000	        0.0000000000	        0.0000000000	        0.0000000000	        0.0000000000	        0.0000000000	        0.0000000000	        0.0469929979	       -0.0310097076	       -0.0158024742	        0.0360631614	       -0.0028222256	        0.0000000000	        0.0000000000	        0.0000000000	        0.0000000000	        0.0000000000	        0.0000000000	        0.0000000000	        0.0000000000	        0.0000000000	        0.0000000000	        0.0000000000	        0.0000000000	        0.0000000000	        0.0000000000	        0.0000000000	        0.0000000000	        0.0000000000	        0.0000000000	        0.0000000000	        0.0000000000	        0.0000000000	        0.0000000000	        0.0000000000	        0.0000000000	        0.0000000000	        0.0000000000	        0.0000000000	        0.0000000000	        0.0000000000	        0.0000000000	        0.0000000000	        0.0000000000	        0.0000000000	        0.0000000000	        0.0000000000	        0.0000000000	        0.0000000000	        0.0000000000	        0.0000000000	
        1.6600000000	        8.4746445116	      269.6852380410	        4.6665645566	        4.6585253724	        4.0071681796	        5.1990333994	        9.4187748662	      178.2532225465	        6.2553688193	        3.2321257531	       12.6508689494	       44.5295336375	      124.8273958220	      732.0271930872	       10.2147212879	       13.9905398120	        8.4864070789	      414.7499059471	      144.6068035050	      116.2959419306	      145.7267959183	      146.6580407700	      139.0076929243	       11.1239602892	      622.3789327588	       14.2511127697	       52.6909616385	      127.3435775642	      706.8576393913	      340.9574478641	       37.4191436588	       16.1850416735	        6.3321340227	     1052.5082844355	      158.3831942898	        8.1549645486	      195.1845531343	       20.5135825938	       53.3020276046	       28.6480371529	        0.0000000000	        0.0000000000	        0.0000000000	        0.0000000000	        0.0000000000	        0.0000000000	        0.0000000000	        0.0000000000	        0.0000000000	        0.0000000000	        0.0000000000	        0.0000000000	        0.0000000000	        0.0000000000	        0.0000000000	        0.0000000000	        0.0000000000	        0.0000000000	        0.0000000000	        0.0000000000	        0.0000000000	        0.0000000000	        0.0000000000	        0.0000000000	        0.0000000000	        0.0000000000	        0.0000000000	        0.0000000000	        0.0000000000	        0.0000000000	        0.0000000000	        0.0000000000	        0.0000000000	        0.0000000000	        0.0000000000	        0.0000000000	        0.0000000000	        0.0000000000	        0.0000000000	        0.0000000000	        0.0000000000	        0.0000000000	        0.0000000000	        0.0000000000	        0.0000000000	        0.0000000000	        0.0000000000	        0.0000000000	        0.0000000000	        0.0000000000	        0.0000000000	        0.0000000000	        0.0000000000	        0.0000000000	        0.0000000000	        0.0000000000	        0.0000000000	        0.0000000000	        0.0000000000	        0.0000000000	        0.0000000000	        0.0000000000	        0.0000000000	        0.0500982705	       -0.0327796280	       -0.0160897401	        0.0369042646	       -0.0036952671	        0.0000000000	        0.0000000000	        0.0000000000	        0.0000000000	        0.0000000000	        0.0000000000	        0.0000000000	        0.0000000000	        0.0000000000	        0.0000000000	        0.0000000000	        0.0000000000	        0.0000000000	        0.0000000000	        0.0000000000	        0.0000000000	        0.0000000000	        0.0000000000	        0.0000000000	        0.0000000000	        0.0000000000	        0.0000000000	        0.0000000000	        0.0000000000	        0.0000000000	        0.0000000000	        0.0000000000	        0.0000000000	        0.0000000000	        0.0000000000	        0.0000000000	        0.0000000000	        0.0000000000	        0.0000000000	        0.0000000000	        0.0000000000	        0.0000000000	        0.0000000000	        0.0000000000	
        1.6700000000	        8.5965946938	      290.8834990145	        4.7240646954	        4.7382787645	        4.0910318122	        5.2396755921	        9.2467014284	      171.5593223163	        6.3672631294	        3.2896295193	       13.0959633199	       47.7482777616	      125.6767167630	      748.4257247258	       10.2881098429	       14.1923200188	        8.6941474681	      408.7653289899	      141.5410365082	      112.0537573809	      143.7828854770	      144.0119905375	      134.1170859515	       11.4323159586	      620.0502186810	       15.1026461357	       56.6323759882	      113.9643300229	      712.4028902956	      397.6669823365	       37.9655658249	       15.5218107660	        6.2396108715	     1156.0725951778	      158.3296054452	        8.4039291131	      201.6410909065	       21.1903303417	       55.1861431998	       29.5746861233	        0.0000000000	        0.0000000000	        0.0000000000	        0.0000000000	        0.0000000000	        0.0000000000	        0.0000000000	        0.0000000000	        0.0000000000	        0.0000000000	        0.0000000000	        0.0000000000	        0.0000000000	        0.0000000000	        0.0000000000	        0.0000000000	        0.0000000000	        0.0000000000	        0.0000000000	        0.0000000000	        0.0000000000	        0.0000000000	        0.0000000000	        0.0000000000	        0.0000000000	        0.0000000000	        0.0000000000	        0.0000000000	        0.0000000000	        0.0000000000	        0.0000000000	        0.0000000000	        0.0000000000	        0.0000000000	        0.0000000000	        0.0000000000	        0.0000000000	        0.0000000000	        0.0000000000	        0.0000000000	        0.0000000000	        0.0000000000	        0.0000000000	        0.0000000000	        0.0000000000	        0.0000000000	        0.0000000000	        0.0000000000	        0.0000000000	        0.0000000000	        0.0000000000	        0.0000000000	        0.0000000000	        0.0000000000	        0.0000000000	        0.0000000000	        0.0000000000	        0.0000000000	        0.0000000000	        0.0000000000	        0.0000000000	        0.0000000000	        0.0000000000	        0.0519503544	       -0.0335335781	       -0.0160483114	        0.0369037641	       -0.0049459102	        0.0000000000	        0.0000000000	        0.0000000000	        0.0000000000	        0.0000000000	        0.0000000000	        0.0000000000	        0.0000000000	        0.0000000000	        0.0000000000	        0.0000000000	        0.0000000000	        0.0000000000	        0.0000000000	        0.0000000000	        0.0000000000	        0.0000000000	        0.0000000000	        0.0000000000	        0.0000000000	        0.0000000000	        0.0000000000	        0.0000000000	        0.0000000000	        0.0000000000	        0.0000000000	        0.0000000000	        0.0000000000	        0.0000000000	        0.0000000000	        0.0000000000	        0.0000000000	        0.0000000000	        0.0000000000	        0.0000000000	        0.0000000000	        0.0000000000	        0.0000000000	        0.0000000000	
        1.6800000000	        8.8476757355	      309.0271069455	        4.7853658784	        4.8239216775	        4.1761368418	        5.2974952994	        9.0531001560	      162.8457776742	        6.5358628614	        3.3774097081	       13.4371676133	       50.6386131294	      124.7509975565	      749.2507346564	       10.4004018383	       14.4386485024	        8.9154765515	      392.4953848688	      135.0690801886	      105.4343853462	      139.4839495804	      139.8804989264	      128.6210797801	       11.7170037095	      599.6802938478	       15.9329439474	       60.2611557968	      100.2842557991	      698.4977093754	      454.3927503577	       37.6609097428	       14.7853679178	        6.1402964235	     1242.0860606547	      155.9574868884	        8.7176520424	      207.7857996682	       21.9069114967	       57.2137880879	       30.5710575527	        0.0000000000	        0.0000000000	        0.0000000000	        0.0000000000	        0.0000000000	        0.0000000000	        0.0000000000	        0.0000000000	        0.0000000000	        0.0000000000	        0.0000000000	        0.0000000000	        0.0000000000	        0.0000000000	        0.0000000000	        0.0000000000	        0.0000000000	        0.0000000000	        0.0000000000	        0.0000000000	        0.0000000000	        0.0000000000	        0.0000000000	        0.0000000000	        0.0000000000	        0.0000000000	        0.0000000000	        0.0000000000	        0.0000000000	        0.0000000000	        0.0000000000	        0.0000000000	        0.0000000000	        0.0000000000	        0.0000000000	        0.0000000000	        0.0000000000	        0.0000000000	        0.0000000000	        0.0000000000	        0.0000000000	        0.0000000000	        0.0000000000	        0.0000000000	        0.0000000000	        0.0000000000	        0.0000000000	        0.0000000000	        0.0000000000	        0.0000000000	        0.0000000000	        0.0000000000	        0.0000000000	        0.0000000000	        0.0000000000	        0.0000000000	        0.0000000000	        0.0000000000	        0.0000000000	        0.0000000000	        0.0000000000	        0.0000000000	        0.0000000000	        0.0522898881	       -0.0330706212	       -0.0156779836	        0.0360856918	       -0.0067312567	        0.0000000000	        0.0000000000	        0.0000000000	        0.0000000000	        0.0000000000	        0.0000000000	        0.0000000000	        0.0000000000	        0.0000000000	        0.0000000000	        0.0000000000	        0.0000000000	        0.0000000000	        0.0000000000	        0.0000000000	        0.0000000000	        0.0000000000	        0.0000000000	        0.0000000000	        0.0000000000	        0.0000000000	        0.0000000000	        0.0000000000	        0.0000000000	        0.0000000000	        0.0000000000	        0.0000000000	        0.0000000000	        0.0000000000	        0.0000000000	        0.0000000000	        0.0000000000	        0.0000000000	        0.0000000000	        0.0000000000	        0.0000000000	        0.0000000000	        0.0000000000	        0.0000000000	
        1.6900000000	        9.4010401002	      322.9156417397	        4.8508896161	        4.9159004867	        4.2616278444	        5.3841452600	        8.8452058319	      152.2876522765	        6.7362896877	        3.4817750924	       13.6482530703	       53.0471795527	      121.9108947123	      732.5891918888	       10.5524900660	       14.7289722570	        9.1503690483	      366.0552346054	      125.3104429735	       96.7149764340	      132.9410995836	      134.3468257494	      122.6414197812	       11.9722063637	      562.4097739681	       16.7039145609	       63.3946544363	       86.9990803131	      665.9479631477	      507.5820171333	       36.4731077050	       14.0046300374	        6.0365607596	     1303.4243199403	      151.2841586509	        9.0618808240	      213.3263868025	       22.6548092115	       59.3686228492	       31.6266725715	        0.0000000000	        0.0000000000	        0.0000000000	        0.0000000000	        0.0000000000	        0.0000000000	        0.0000000000	        0.0000000000	        0.0000000000	        0.0000000000	        0.0000000000	        0.0000000000	        0.0000000000	        0.0000000000	        0.0000000000	        0.0000000000	        0.0000000000	        0.0000000000	        0.0000000000	        0.0000000000	        0.0000000000	        0.0000000000	        0.0000000000	        0.0000000000	        0.0000000000	        0.0000000000	        0.0000000000	        0.0000000000	        0.0000000000	        0.0000000000	        0.0000000000	        0.0000000000	        0.0000000000	        0.0000000000	        0.0000000000	        0.0000000000	        0.0000000000	        0.0000000000	        0.0000000000	        0.0000000000	        0.0000000000	        0.0000000000	        0.0000000000	        0.0000000000	        0.0000000000	        0.0000000000	        0.0000000000	        0.0000000000	        0.0000000000	        0.0000000000	        0.0000000000	        0.0000000000	        0.0000000000	        0.0000000000	        0.0000000000	        0.0000000000	        0.0000000000	        0.0000000000	        0.0000000000	        0.0000000000	        0.0000000000	        0.0000000000	        0.0000000000	        0.0510255597	       -0.0313387063	       -0.0150506323	        0.0344829757	       -0.0092102052	        0.0000000000	        0.0000000000	        0.0000000000	        0.0000000000	        0.0000000000	        0.0000000000	        0.0000000000	        0.0000000000	        0.0000000000	        0.0000000000	        0.0000000000	        0.0000000000	        0.0000000000	        0.0000000000	        0.0000000000	        0.0000000000	        0.0000000000	        0.0000000000	        0.0000000000	        0.0000000000	        0.0000000000	        0.0000000000	        0.0000000000	        0.0000000000	        0.0000000000	        0.0000000000	        0.0000000000	        0.0000000000	        0.0000000000	        0.0000000000	        0.0000000000	        0.0000000000	        0.0000000000	        0.0000000000	        0.0000000000	        0.0000000000	        0.0000000000	        0.0000000000	        0.0000000000	
        1.7000000000	       10.7686162686	      331.2708074354	        4.9217803114	        5.0150636677	        4.3485074425	        5.5222147062	        8.6335226427	      140.1533142479	        6.9516848760	        3.5932384201	       13.7059151691	       54.7995115761	      117.1225491977	      697.7467004588	       10.7438001409	       15.0608022231	        9.3994160223	      330.2122530059	      112.6500876598	       86.4260845575	      124.4540147407	      127.5733794517	      116.2962336810	       12.1392995414	      510.9864902515	       17.3630153266	       65.8142384501	       74.6056069014	      617.3064042712	      553.7197598566	       34.4476860067	       13.2168495654	        5.9327524315	     1334.3221919074	      144.4662393459	        9.4151187013	      217.8814560197	       23.4239484879	       61.6332472056	       32.7288716088	        0.0000000000	        0.0000000000	        0.0000000000	        0.0000000000	        0.0000000000	        0.0000000000	        0.0000000000	        0.0000000000	        0.0000000000	        0.0000000000	        0.0000000000	        0.0000000000	        0.0000000000	        0.0000000000	        0.0000000000	        0.0000000000	        0.0000000000	        0.0000000000	        0.0000000000	        0.0000000000	        0.0000000000	        0.0000000000	        0.0000000000	        0.0000000000	        0.0000000000	        0.0000000000	        0.0000000000	        0.0000000000	        0.0000000000	        0.0000000000	        0.0000000000	        0.0000000000	        0.0000000000	        0.0000000000	        0.0000000000	        0.0000000000	        0.0000000000	        0.0000000000	        0.0000000000	        0.0000000000	        0.0000000000	        0.0000000000	        0.0000000000	        0.0000000000	        0.0000000000	        0.0000000000	        0.0000000000	        0.0000000000	        0.0000000000	        0.0000000000	        0.0000000000	        0.0000000000	        0.0000000000	        0.0000000000	        0.0000000000	        0.0000000000	        0.0000000000	        0.0000000000	        0.0000000000	        0.0000000000	        0.0000000000	        0.0000000000	        0.0000000000	        0.0482534116	       -0.0284661906	       -0.0142771994	        0.0321259000	       -0.0124682122	        0.0000000000	        0.0000000000	        0.0000000000	        0.0000000000	        0.0000000000	        0.0000000000	        0.0000000000	        0.0000000000	        0.0000000000	        0.0000000000	        0.0000000000	        0.0000000000	        0.0000000000	        0.0000000000	        0.0000000000	        0.0000000000	        0.0000000000	        0.0000000000	        0.0000000000	        0.0000000000	        0.0000000000	        0.0000000000	        0.0000000000	        0.0000000000	        0.0000000000	        0.0000000000	        0.0000000000	        0.0000000000	        0.0000000000	        0.0000000000	        0.0000000000	        0.0000000000	        0.0000000000	        0.0000000000	        0.0000000000	        0.0000000000	        0.0000000000	        0.0000000000	        0.0000000000	
        1.7100000000	       14.0878456261	      332.9273027142	        4.9999421118	        5.1226109733	        4.4400727699	        5.7538710144	        8.4307221086	      126.8380257444	        7.1721211414	        3.7061627882	       13.5909285578	       55.6944818647	      110.4708742122	      645.5755269686	       10.9722838744	       15.4297993614	        9.6634904206	      286.5369443196	       97.7674650093	       75.2745249996	      114.5134686537	      119.8178040648	      109.7170462568	       12.1359549534	      449.4973337696	       17.8346518190	       67.2564206235	       63.4495116881	      556.3813469636	      589.6938341303	       31.7117336169	       12.4619594229	        5.8353153789	     1330.9188074563	      135.8424357988	        9.7668455595	      220.9549087796	       24.2018976736	       63.9853942203	       33.8618256766	        0.0000000000	        0.0000000000	        0.0000000000	        0.0000000000	        0.0000000000	        0.0000000000	        0.0000000000	        0.0000000000	        0.0000000000	        0.0000000000	        0.0000000000	        0.0000000000	        0.0000000000	        0.0000000000	        0.0000000000	        0.0000000000	        0.0000000000	        0.0000000000	        0.0000000000	        0.0000000000	        0.0000000000	        0.0000000000	        0.0000000000	        0.0000000000	        0.0000000000	        0.0000000000	        0.0000000000	        0.0000000000	        0.0000000000	        0.0000000000	        0.0000000000	        0.0000000000	        0.0000000000	        0.0000000000	        0.0000000000	        0.0000000000	        0.0000000000	        0.0000000000	        0.0000000000	        0.0000000000	        0.0000000000	        0.0000000000	        0.0000000000	        0.0000000000	        0.0000000000	        0.0000000000	        0.0000000000	        0.0000000000	        0.0000000000	        0.0000000000	        0.0000000000	        0.0000000000	        0.0000000000	        0.0000000000	        0.0000000000	        0.0000000000	        0.0000000000	        0.0000000000	        0.0000000000	        0.0000000000	        0.0000000000	        0.0000000000	        0.0000000000	        0.0442182963	       -0.0247536176	       -0.0134435764	        0.0291074301	       -0.0163799652	        0.0000000000	        0.0000000000	        0.0000000000	        0.0000000000	        0.0000000000	        0.0000000000	        0.0000000000	        0.0000000000	        0.0000000000	        0.0000000000	        0.0000000000	        0.0000000000	        0.0000000000	        0.0000000000	        0.0000000000	        0.0000000000	        0.0000000000	        0.0000000000	        0.0000000000	        0.0000000000	        0.0000000000	        0.0000000000	        0.0000000000	        0.0000000000	        0.0000000000	        0.0000000000	        0.0000000000	        0.0000000000	        0.0000000000	        0.0000000000	        0.0000000000	        0.0000000000	        0.0000000000	        0.0000000000	        0.0000000000	        0.0000000000	        0.0000000000	        0.0000000000	        0.0000000000	
        1.7200000000	       19.5602247365	      327.7926778454	        5.0881160906	        5.2399981613	        4.5428609104	        6.1656538772	        8.2502736692	      112.8706656828	        7.3926530816	        3.8181385123	       13.2896795767	       55.5109822256	      102.1600185409	      578.5888306561	       11.2345620811	       15.8301480089	        9.9434640419	      237.1256846192	       81.4274083002	       63.8895642322	      103.7413259707	      111.4115466591	      103.0414052296	       11.9319322526	      382.6773682587	       18.0174202532	       67.4221571109	       53.8021701304	      488.1005094725	      613.1758642741	       28.4775691919	       11.7765894683	        5.7525644986	     1291.6177452793	      125.9418167652	       10.1122918581	      221.9445543415	       24.9734424966	       66.3926589017	       35.0056886065	        0.0000000000	        0.0000000000	        0.0000000000	        0.0000000000	        0.0000000000	        0.0000000000	        0.0000000000	        0.0000000000	        0.0000000000	        0.0000000000	        0.0000000000	        0.0000000000	        0.0000000000	        0.0000000000	        0.0000000000	        0.0000000000	        0.0000000000	        0.0000000000	        0.0000000000	        0.0000000000	        0.0000000000	        0.0000000000	        0.0000000000	        0.0000000000	        0.0000000000	        0.0000000000	        0.0000000000	        0.0000000000	        0.0000000000	        0.0000000000	        0.0000000000	        0.0000000000	        0.0000000000	        0.0000000000	        0.0000000000	        0.0000000000	        0.0000000000	        0.0000000000	        0.0000000000	        0.0000000000	        0.0000000000	        0.0000000000	        0.0000000000	        0.0000000000	        0.0000000000	        0.0000000000	        0.0000000000	        0.0000000000	        0.0000000000	        0.0000000000	        0.0000000000	        0.0000000000	        0.0000000000	        0.0000000000	        0.0000000000	        0.0000000000	        0.0000000000	        0.0000000000	        0.0000000000	        0.0000000000	        0.0000000000	        0.0000000000	        0.0000000000	        0.0393164550	       -0.0205793274	       -0.0126153679	        0.0256378482	       -0.0204640482	        0.0000000000	        0.0000000000	        0.0000000000	        0.0000000000	        0.0000000000	        0.0000000000	        0.0000000000	        0.0000000000	        0.0000000000	        0.0000000000	        0.0000000000	        0.0000000000	        0.0000000000	        0.0000000000	        0.0000000000	        0.0000000000	        0.0000000000	        0.0000000000	        0.0000000000	        0.0000000000	        0.0000000000	        0.0000000000	        0.0000000000	        0.0000000000	        0.0000000000	        0.0000000000	        0.0000000000	        0.0000000000	        0.0000000000	        0.0000000000	        0.0000000000	        0.0000000000	        0.0000000000	        0.0000000000	        0.0000000000	        0.0000000000	        0.0000000000	        0.0000000000	        0.0000000000	
        1.7300000000	       25.5122079558	      317.0663593155	        5.1899573224	        5.3687858068	        4.6683955452	        6.9443417113	        8.1052681542	       98.8568093734	        7.6117784060	        3.9303726480	       12.7967593325	       54.0408333355	       92.5007401043	      500.7850552620	       11.5261725972	       16.2550694935	       10.2399834309	      183.9617002606	       64.3924720128	       52.6871080892	       92.8073217296	      102.7233091195	       96.4037436490	       11.5827257142	      315.7920668520	       17.7975353051	       66.0226738567	       45.9239976520	      417.8819614397	      622.9029211667	       25.0197030036	       11.1890035428	        5.6942835975	     1217.2492053677	      115.4164415409	       10.4480544528	      220.2229538669	       25.7211259749	       68.8078049172	       36.1365022531	        0.0000000000	        0.0000000000	        0.0000000000	        0.0000000000	        0.0000000000	        0.0000000000	        0.0000000000	        0.0000000000	        0.0000000000	        0.0000000000	        0.0000000000	        0.0000000000	        0.0000000000	        0.0000000000	        0.0000000000	        0.0000000000	        0.0000000000	        0.0000000000	        0.0000000000	        0.0000000000	        0.0000000000	        0.0000000000	        0.0000000000	        0.0000000000	        0.0000000000	        0.0000000000	        0.0000000000	        0.0000000000	        0.0000000000	        0.0000000000	        0.0000000000	        0.0000000000	        0.0000000000	        0.0000000000	        0.0000000000	        0.0000000000	        0.0000000000	        0.0000000000	        0.0000000000	        0.0000000000	        0.0000000000	        0.0000000000	        0.0000000000	        0.0000000000	        0.0000000000	        0.0000000000	        0.0000000000	        0.0000000000	        0.0000000000	        0.0000000000	        0.0000000000	        0.0000000000	        0.0000000000	        0.0000000000	        0.0000000000	        0.0000000000	        0.0000000000	        0.0000000000	        0.0000000000	        0.0000000000	        0.0000000000	        0.0000000000	        0.0000000000	        0.0340372344	       -0.0162900696	       -0.0118817355	        0.0220157414	       -0.0238647787	        0.0000000000	        0.0000000000	        0.0000000000	        0.0000000000	        0.0000000000	        0.0000000000	        0.0000000000	        0.0000000000	        0.0000000000	        0.0000000000	        0.0000000000	        0.0000000000	        0.0000000000	        0.0000000000	        0.0000000000	        0.0000000000	        0.0000000000	        0.0000000000	        0.0000000000	        0.0000000000	        0.0000000000	        0.0000000000	        0.0000000000	        0.0000000000	        0.0000000000	        0.0000000000	        0.0000000000	        0.0000000000	        0.0000000000	        0.0000000000	        0.0000000000	        0.0000000000	        0.0000000000	        0.0000000000	        0.0000000000	        0.0000000000	        0.0000000000	        0.0000000000	        0.0000000000	
        1.7400000000	       30.5175964786	      302.9880628664	        5.3087084826	        5.5097000533	        4.8322434587	        8.3347878743	        8.0061419540	       85.4277963763	        7.8370164994	        4.0533713509	       12.1188876486	       51.1527581165	       81.8869481267	      417.1916818085	       11.8393703457	       16.6960989601	       10.5526566621	      129.9715128795	       47.7016648434	       41.8420483836	       82.4581232438	       94.2042957687	       89.9607644192	       11.1767725221	      252.9655274664	       17.0839816838	       62.8666021166	       40.0732778903	      351.1014856481	      618.8349210539	       21.6595446629	       10.7131507792	        5.6698763258	     1111.0286302435	      104.9113565955	       10.7705545616	      215.3045654828	       26.4251630460	       71.1649213858	       37.2251095767	        0.0000000000	        0.0000000000	        0.0000000000	        0.0000000000	        0.0000000000	        0.0000000000	        0.0000000000	        0.0000000000	        0.0000000000	        0.0000000000	        0.0000000000	        0.0000000000	        0.0000000000	        0.0000000000	        0.0000000000	        0.0000000000	        0.0000000000	        0.0000000000	        0.0000000000	        0.0000000000	        0.0000000000	        0.0000000000	        0.0000000000	        0.0000000000	        0.0000000000	        0.0000000000	        0.0000000000	        0.0000000000	        0.0000000000	        0.0000000000	        0.0000000000	        0.0000000000	        0.0000000000	        0.0000000000	        0.0000000000	        0.0000000000	        0.0000000000	        0.0000000000	        0.0000000000	        0.0000000000	        0.0000000000	        0.0000000000	        0.0000000000	        0.0000000000	        0.0000000000	        0.0000000000	        0.0000000000	        0.0000000000	        0.0000000000	        0.0000000000	        0.0000000000	        0.0000000000	        0.0000000000	        0.0000000000	        0.0000000000	        0.0000000000	        0.0000000000	        0.0000000000	        0.0000000000	        0.0000000000	        0.0000000000	        0.0000000000	        0.0000000000	        0.0289993427	       -0.0123488199	       -0.0112525802	        0.0186876942	       -0.0255793902	        0.0000000000	        0.0000000000	        0.0000000000	        0.0000000000	        0.0000000000	        0.0000000000	        0.0000000000	        0.0000000000	        0.0000000000	        0.0000000000	        0.0000000000	        0.0000000000	        0.0000000000	        0.0000000000	        0.0000000000	        0.0000000000	        0.0000000000	        0.0000000000	        0.0000000000	        0.0000000000	        0.0000000000	        0.0000000000	        0.0000000000	        0.0000000000	        0.0000000000	        0.0000000000	        0.0000000000	        0.0000000000	        0.0000000000	        0.0000000000	        0.0000000000	        0.0000000000	        0.0000000000	        0.0000000000	        0.0000000000	        0.0000000000	        0.0000000000	        0.0000000000	        0.0000000000	
        1.7500000000	       34.7076767873	      286.7100210454	        5.4501025256	        5.6644684881	        5.0683585868	       10.4607977851	        7.9607514404	       73.0051337181	        8.1046725423	        4.2813095991	       11.2792315320	       46.8702446983	       70.7640119297	      333.2343844657	       12.1578799784	       17.1421207588	       10.8803625291	       77.7689989320	       33.2042476823	       31.9674185170	       73.0939127711	       85.9028722974	       83.5186112720	       10.8052962478	      199.4989567066	       15.8556376372	       57.9633685756	       36.4757751722	      292.3256474992	      602.0051204104	       18.5542129573	       10.3490553533	        5.6906096123	      978.3825901519	       94.8345017869	       11.0818036204	      207.0566847750	       27.0672346353	       73.3828495955	       38.2403966196	        0.0000000000	        0.0000000000	        0.0000000000	        0.0000000000	        0.0000000000	        0.0000000000	        0.0000000000	        0.0000000000	        0.0000000000	        0.0000000000	        0.0000000000	        0.0000000000	        0.0000000000	        0.0000000000	        0.0000000000	        0.0000000000	        0.0000000000	        0.0000000000	        0.0000000000	        0.0000000000	        0.0000000000	        0.0000000000	        0.0000000000	        0.0000000000	        0.0000000000	        0.0000000000	        0.0000000000	        0.0000000000	        0.0000000000	        0.0000000000	        0.0000000000	        0.0000000000	        0.0000000000	        0.0000000000	        0.0000000000	        0.0000000000	        0.0000000000	        0.0000000000	        0.0000000000	        0.0000000000	        0.0000000000	        0.0000000000	        0.0000000000	        0.0000000000	        0.0000000000	        0.0000000000	        0.0000000000	        0.0000000000	        0.0000000000	        0.0000000000	        0.0000000000	        0.0000000000	        0.0000000000	        0.0000000000	        0.0000000000	        0.0000000000	        0.0000000000	        0.0000000000	        0.0000000000	        0.0000000000	        0.0000000000	        0.0000000000	        0.0000000000	        0.0245930321	       -0.0092136444	       -0.0100198778	        0.0159887955	       -0.0243808422	        0.0000000000	        0.0000000000	        0.0000000000	        0.0000000000	        0.0000000000	        0.0000000000	        0.0000000000	        0.0000000000	        0.0000000000	        0.0000000000	        0.0000000000	        0.0000000000	        0.0000000000	        0.0000000000	        0.0000000000	        0.0000000000	        0.0000000000	        0.0000000000	        0.0000000000	        0.0000000000	        0.0000000000	        0.0000000000	        0.0000000000	        0.0000000000	        0.0000000000	        0.0000000000	        0.0000000000	        0.0000000000	        0.0000000000	        0.0000000000	        0.0000000000	        0.0000000000	        0.0000000000	        0.0000000000	        0.0000000000	        0.0000000000	        0.0000000000	        0.0000000000	        0.0000000000	
        1.7600000000	       44.6764990975	      279.2064161634	        5.6819865110	        5.8587608360	        5.8636889219	       15.9682606141	        8.0075263922	       61.3397184264	        9.4779282259	        5.1526390494	       10.3227974574	       41.4732610944	       59.5999854756	      254.2456759540	       12.4734643112	       17.5928933186	       11.2381763273	       46.9959445912	       24.9985591418	       26.1390265032	       63.9910092008	       76.6696625787	       76.5037701947	       11.0505064932	      151.1998868671	       14.2309345458	       51.6522134031	       35.6680098175	      240.6791223596	      574.3305033939	       15.2467806771	       10.1141999494	        5.8116235195	      827.3813949245	       85.0991277107	       11.3951984496	      195.9913567963	       27.6804341670	       75.4248461572	       39.2024371917	        0.0000000000	        0.0000000000	        0.0000000000	        0.0000000000	        0.0000000000	        0.0000000000	        0.0000000000	        0.0000000000	        0.0000000000	        0.0000000000	        0.0000000000	        0.0000000000	        0.0000000000	        0.0000000000	        0.0000000000	        0.0000000000	        0.0000000000	        0.0000000000	        0.0000000000	        0.0000000000	        0.0000000000	        0.0000000000	        0.0000000000	        0.0000000000	        0.0000000000	        0.0000000000	        0.0000000000	        0.0000000000	        0.0000000000	        0.0000000000	        0.0000000000	        0.0000000000	        0.0000000000	        0.0000000000	        0.0000000000	        0.0000000000	        0.0000000000	        0.0000000000	        0.0000000000	        0.0000000000	        0.0000000000	        0.0000000000	        0.0000000000	        0.0000000000	        0.0000000000	        0.0000000000	        0.0000000000	        0.0000000000	        0.0000000000	        0.0000000000	        0.0000000000	        0.0000000000	        0.0000000000	        0.0000000000	        0.0000000000	        0.0000000000	        0.0000000000	        0.0000000000	        0.0000000000	        0.0000000000	        0.0000000000	        0.0000000000	        0.0000000000	        0.0199872657	       -0.0046851396	       -0.0082476809	        0.0127767392	       -0.0208457659	        0.0000000000	        0.0000000000	        0.0000000000	        0.0000000000	        0.0000000000	        0.0000000000	        0.0000000000	        0.0000000000	        0.0000000000	        0.0000000000	        0.0000000000	        0.0000000000	        0.0000000000	        0.0000000000	        0.0000000000	        0.0000000000	        0.0000000000	        0.0000000000	        0.0000000000	        0.0000000000	        0.0000000000	        0.0000000000	        0.0000000000	        0.0000000000	        0.0000000000	        0.0000000000	        0.0000000000	        0.0000000000	        0.0000000000	        0.0000000000	        0.0000000000	        0.0000000000	        0.0000000000	        0.0000000000	        0.0000000000	        0.0000000000	        0.0000000000	        0.0000000000	        0.0000000000	
        1.7700000000	       58.4882463627	      278.5133721813	        6.1961615336	        6.1183162802	       11.7117751054	       24.7607464903	        8.1932684549	       51.0699167837	       13.4945122066	        7.0473513800	        9.3112335202	       35.4296803727	       48.8480502207	      184.9650326181	       12.8015801441	       18.0546617924	       11.6565855718	       33.8792274437	       21.8049584297	       23.9501384517	       58.1178157516	       70.1446334340	       71.3985931713	       12.1540579063	      109.7311375416	       12.4236137891	       44.5090353445	       39.2801753651	      200.1997915565	      539.6495280482	       12.2609913142	       10.0012558988	        6.1243657204	      667.3169171703	       76.0660431614	       11.9615248334	      183.1174083421	       28.2869012397	       77.2382883877	       40.1121463294	        0.0000000000	        0.0000000000	        0.0000000000	        0.0000000000	        0.0000000000	        0.0000000000	        0.0000000000	        0.0000000000	        0.0000000000	        0.0000000000	        0.0000000000	        0.0000000000	        0.0000000000	        0.0000000000	        0.0000000000	        0.0000000000	        0.0000000000	        0.0000000000	        0.0000000000	        0.0000000000	        0.0000000000	        0.0000000000	        0.0000000000	        0.0000000000	        0.0000000000	        0.0000000000	        0.0000000000	        0.0000000000	        0.0000000000	        0.0000000000	        0.0000000000	        0.0000000000	        0.0000000000	        0.0000000000	        0.0000000000	        0.0000000000	        0.0000000000	        0.0000000000	        0.0000000000	        0.0000000000	        0.0000000000	        0.0000000000	        0.0000000000	        0.0000000000	        0.0000000000	        0.0000000000	        0.0000000000	        0.0000000000	        0.0000000000	        0.0000000000	        0.0000000000	        0.0000000000	        0.0000000000	        0.0000000000	        0.0000000000	        0.0000000000	        0.0000000000	        0.0000000000	        0.0000000000	        0.0000000000	        0.0000000000	        0.0000000000	        0.0000000000	        0.0158685421	        0.0005565411	       -0.0080653476	        0.0097884886	       -0.0152026142	        0.0000000000	        0.0000000000	        0.0000000000	        0.0000000000	        0.0000000000	        0.0000000000	        0.0000000000	        0.0000000000	        0.0000000000	        0.0000000000	        0.0000000000	        0.0000000000	        0.0000000000	        0.0000000000	        0.0000000000	        0.0000000000	        0.0000000000	        0.0000000000	        0.0000000000	        0.0000000000	        0.0000000000	        0.0000000000	        0.0000000000	        0.0000000000	        0.0000000000	        0.0000000000	        0.0000000000	        0.0000000000	        0.0000000000	        0.0000000000	        0.0000000000	        0.0000000000	        0.0000000000	        0.0000000000	        0.0000000000	        0.0000000000	        0.0000000000	        0.0000000000	        0.0000000000	
        1.7800000000	       70.2200573111	      278.2669903082	        7.5575132001	        6.4028889167	       23.7403873791	       33.3941624284	        8.5165351494	       43.0763606935	       19.7754578080	        9.7400315943	        8.3188626365	       29.3600925176	       38.9101635772	      129.0921197691	       13.1469370633	       18.5139969536	       12.1611556261	       29.0392806871	       20.7973142478	       23.4844223020	       54.7706423009	       66.5497684070	       68.6539151353	       14.0680241041	       79.8155883767	       10.7296380084	       37.2945002275	       48.8146627534	      177.3968641109	      503.1828256595	       10.5508690949	        9.9296425024	        6.7156409437	      510.6815417160	       68.2854300604	       18.3491847378	      169.8882384150	       28.7714996129	       78.6338138545	       40.8225565777	        0.0000000000	        0.0000000000	        0.0000000000	        0.0000000000	        0.0000000000	        0.0000000000	        0.0000000000	        0.0000000000	        0.0000000000	        0.0000000000	        0.0000000000	        0.0000000000	        0.0000000000	        0.0000000000	        0.0000000000	        0.0000000000	        0.0000000000	        0.0000000000	        0.0000000000	        0.0000000000	        0.0000000000	        0.0000000000	        0.0000000000	        0.0000000000	        0.0000000000	        0.0000000000	        0.0000000000	        0.0000000000	        0.0000000000	        0.0000000000	        0.0000000000	        0.0000000000	        0.0000000000	        0.0000000000	        0.0000000000	        0.0000000000	        0.0000000000	        0.0000000000	        0.0000000000	        0.0000000000	        0.0000000000	        0.0000000000	        0.0000000000	        0.0000000000	        0.0000000000	        0.0000000000	        0.0000000000	        0.0000000000	        0.0000000000	        0.0000000000	        0.0000000000	        0.0000000000	        0.0000000000	        0.0000000000	        0.0000000000	        0.0000000000	        0.0000000000	        0.0000000000	        0.0000000000	        0.0000000000	        0.0000000000	        0.0000000000	        0.0000000000	        0.0136707584	        0.0046595614	       -0.0106446739	        0.0084488421	       -0.0104457247	        0.0000000000	        0.0000000000	        0.0000000000	        0.0000000000	        0.0000000000	        0.0000000000	        0.0000000000	        0.0000000000	        0.0000000000	        0.0000000000	        0.0000000000	        0.0000000000	        0.0000000000	        0.0000000000	        0.0000000000	        0.0000000000	        0.0000000000	        0.0000000000	        0.0000000000	        0.0000000000	        0.0000000000	        0.0000000000	        0.0000000000	        0.0000000000	        0.0000000000	        0.0000000000	        0.0000000000	        0.0000000000	        0.0000000000	        0.0000000000	        0.0000000000	        0.0000000000	        0.0000000000	        0.0000000000	        0.0000000000	        0.0000000000	        0.0000000000	        0.0000000000	        0.0000000000	
        1.7900000000	       79.1776718263	      277.4250374226	       10.7262568637	        6.6253402048	       34.3663167416	       40.7188528643	        8.9536744402	       37.5109038768	       27.5877181004	       12.8874846846	        7.4112127889	       23.7500263263	       30.0662290028	       87.2859714959	       13.4910926020	       18.9406091840	       12.7542325517	       27.3308762418	       20.5924599225	       23.6882306650	       52.5397216026	       64.3809773528	       67.2035121318	       16.6971113506	       60.8970128748	        9.3370710654	       30.5912133336	       64.5508730333	      171.2078551577	      468.7468257270	       10.2681090283	        9.8471653386	        7.7276654672	      367.5185623317	       61.8511422252	       32.4697450331	      157.4336096065	       29.0050972205	       79.4631660328	       41.2012889552	        0.0000000000	        0.0000000000	        0.0000000000	        0.0000000000	        0.0000000000	        0.0000000000	        0.0000000000	        0.0000000000	        0.0000000000	        0.0000000000	        0.0000000000	        0.0000000000	        0.0000000000	        0.0000000000	        0.0000000000	        0.0000000000	        0.0000000000	        0.0000000000	        0.0000000000	        0.0000000000	        0.0000000000	        0.0000000000	        0.0000000000	        0.0000000000	        0.0000000000	        0.0000000000	        0.0000000000	        0.0000000000	        0.0000000000	        0.0000000000	        0.0000000000	        0.0000000000	        0.0000000000	        0.0000000000	        0.0000000000	        0.0000000000	        0.0000000000	        0.0000000000	        0.0000000000	        0.0000000000	        0.0000000000	        0.0000000000	        0.0000000000	        0.0000000000	        0.0000000000	        0.0000000000	        0.0000000000	        0.0000000000	        0.0000000000	        0.0000000000	        0.0000000000	        0.0000000000	        0.0000000000	        0.0000000000	        0.0000000000	        0.0000000000	        0.0000000000	        0.0000000000	        0.0000000000	        0.0000000000	        0.0000000000	        0.0000000000	        0.0000000000	        0.0132247928	        0.0075566102	       -0.0151074175	        0.0086574534	       -0.0066870736	        0.0000000000	        0.0000000000	        0.0000000000	        0.0000000000	        0.0000000000	        0.0000000000	        0.0000000000	        0.0000000000	        0.0000000000	        0.0000000000	        0.0000000000	        0.0000000000	        0.0000000000	        0.0000000000	        0.0000000000	        0.0000000000	        0.0000000000	        0.0000000000	        0.0000000000	        0.0000000000	        0.0000000000	        0.0000000000	        0.0000000000	        0.0000000000	        0.0000000000	        0.0000000000	        0.0000000000	        0.0000000000	        0.0000000000	        0.0000000000	        0.0000000000	        0.0000000000	        0.0000000000	        0.0000000000	        0.0000000000	        0.0000000000	        0.0000000000	        0.0000000000	        0.0000000000	
        1.8000000000	       85.7729594882	      275.1013520654	       13.7629089704	        6.7376842946	       41.9517127587	       46.5711701028	        9.4676989652	       34.3040159056	       36.2103495114	       16.1554671560	        6.6396061252	       18.9469745277	       22.4824807039	       57.3620014228	       13.7941338740	       19.2942380844	       13.3198836394	       26.6902908515	       20.6517260639	       24.1171067122	       50.7277586528	       62.7806972634	       66.3406778760	       19.9072058149	       50.6049142054	        8.3246912245	       24.8035440107	       85.7773914071	      177.7710327393	      438.4136625126	       11.2377240155	        9.7703327492	        9.3287286950	      244.9758742999	       56.5068288414	       52.3913754493	      146.5536603973	       28.9734318921	       79.7503628143	       41.2639711463	        0.0000000000	        0.0000000000	        0.0000000000	        0.0000000000	        0.0000000000	        0.0000000000	        0.0000000000	        0.0000000000	        0.0000000000	        0.0000000000	        0.0000000000	        0.0000000000	        0.0000000000	        0.0000000000	        0.0000000000	        0.0000000000	        0.0000000000	        0.0000000000	        0.0000000000	        0.0000000000	        0.0000000000	        0.0000000000	        0.0000000000	        0.0000000000	        0.0000000000	        0.0000000000	        0.0000000000	        0.0000000000	        0.0000000000	        0.0000000000	        0.0000000000	        0.0000000000	        0.0000000000	        0.0000000000	        0.0000000000	        0.0000000000	        0.0000000000	        0.0000000000	        0.0000000000	        0.0000000000	        0.0000000000	        0.0000000000	        0.0000000000	        0.0000000000	        0.0000000000	        0.0000000000	        0.0000000000	        0.0000000000	        0.0000000000	        0.0000000000	        0.0000000000	        0.0000000000	        0.0000000000	        0.0000000000	        0.0000000000	        0.0000000000	        0.0000000000	        0.0000000000	        0.0000000000	        0.0000000000	        0.0000000000	        0.0000000000	        0.0000000000	        0.0139951058	        0.0094567801	       -0.0203344292	        0.0100551336	       -0.0037027722	        0.0000000000	        0.0000000000	        0.0000000000	        0.0000000000	        0.0000000000	        0.0000000000	        0.0000000000	        0.0000000000	        0.0000000000	        0.0000000000	        0.0000000000	        0.0000000000	        0.0000000000	        0.0000000000	        0.0000000000	        0.0000000000	        0.0000000000	        0.0000000000	        0.0000000000	        0.0000000000	        0.0000000000	        0.0000000000	        0.0000000000	        0.0000000000	        0.0000000000	        0.0000000000	        0.0000000000	        0.0000000000	        0.0000000000	        0.0000000000	        0.0000000000	        0.0000000000	        0.0000000000	        0.0000000000	        0.0000000000	        0.0000000000	        0.0000000000	        0.0000000000	        0.0000000000	
        1.8100000000	       90.4540411523	      271.1716943313	       14.6423203408	        6.7785193483	       46.9846148845	       51.1154907600	       10.0438520705	       33.2502759654	       44.9834643795	       19.2524275939	        6.0369465202	       15.1833333556	       16.2435614174	       36.4159405459	       14.0304001481	       19.5594047722	       13.6984285852	       26.3891314321	       20.7926762822	       24.6047890404	       49.0717518226	       61.3897116710	       65.7244972889	       23.5665265370	       45.7190004817	        7.6776144100	       20.1908799968	      111.1325482894	      191.7967709560	      413.2101565713	       13.1532162976	        9.7652252555	       11.5577892934	      148.6884784197	       51.7551585493	       76.2561478333	      137.7844684146	       28.7806800031	       79.6255096533	       41.1258584109	        0.0000000000	        0.0000000000	        0.0000000000	        0.0000000000	        0.0000000000	        0.0000000000	        0.0000000000	        0.0000000000	        0.0000000000	        0.0000000000	        0.0000000000	        0.0000000000	        0.0000000000	        0.0000000000	        0.0000000000	        0.0000000000	        0.0000000000	        0.0000000000	        0.0000000000	        0.0000000000	        0.0000000000	        0.0000000000	        0.0000000000	        0.0000000000	        0.0000000000	        0.0000000000	        0.0000000000	        0.0000000000	        0.0000000000	        0.0000000000	        0.0000000000	        0.0000000000	        0.0000000000	        0.0000000000	        0.0000000000	        0.0000000000	        0.0000000000	        0.0000000000	        0.0000000000	        0.0000000000	        0.0000000000	        0.0000000000	        0.0000000000	        0.0000000000	        0.0000000000	        0.0000000000	        0.0000000000	        0.0000000000	        0.0000000000	        0.0000000000	        0.0000000000	        0.0000000000	        0.0000000000	        0.0000000000	        0.0000000000	        0.0000000000	        0.0000000000	        0.0000000000	        0.0000000000	        0.0000000000	        0.0000000000	        0.0000000000	        0.0000000000	        0.0153944273	        0.0106588205	       -0.0256769145	        0.0121598351	       -0.0015283887	        0.0000000000	        0.0000000000	        0.0000000000	        0.0000000000	        0.0000000000	        0.0000000000	        0.0000000000	        0.0000000000	        0.0000000000	        0.0000000000	        0.0000000000	        0.0000000000	        0.0000000000	        0.0000000000	        0.0000000000	        0.0000000000	        0.0000000000	        0.0000000000	        0.0000000000	        0.0000000000	        0.0000000000	        0.0000000000	        0.0000000000	        0.0000000000	        0.0000000000	        0.0000000000	        0.0000000000	        0.0000000000	        0.0000000000	        0.0000000000	        0.0000000000	        0.0000000000	        0.0000000000	        0.0000000000	        0.0000000000	        0.0000000000	        0.0000000000	        0.0000000000	        0.0000000000	
        1.8200000000	       93.4450369990	      265.5417915455	       13.5536913803	        6.7994877127	       50.0380820846	       54.5377989472	       10.6713825504	       34.0385209780	       53.4038553043	       21.9733015220	        5.6118882099	       12.5635133389	       11.3807827075	       22.2628067228	       14.2088975225	       19.7510426106	       13.8831000847	       26.1895189631	       20.9600508520	       25.0975833137	       47.4940325560	       60.0826077546	       65.2036699460	       27.5345045897	       43.5168346482	        7.3140059333	       16.8599797470	      138.9462447484	      208.9534265969	      393.5802137962	       15.7036510691	        9.8924310772	       14.1033656001	       81.6726665785	       47.1756458678	      102.8025124103	      131.3764655724	       28.5290400453	       79.1962698738	       40.8748750381	        0.0000000000	        0.0000000000	        0.0000000000	        0.0000000000	        0.0000000000	        0.0000000000	        0.0000000000	        0.0000000000	        0.0000000000	        0.0000000000	        0.0000000000	        0.0000000000	        0.0000000000	        0.0000000000	        0.0000000000	        0.0000000000	        0.0000000000	        0.0000000000	        0.0000000000	        0.0000000000	        0.0000000000	        0.0000000000	        0.0000000000	        0.0000000000	        0.0000000000	        0.0000000000	        0.0000000000	        0.0000000000	        0.0000000000	        0.0000000000	        0.0000000000	        0.0000000000	        0.0000000000	        0.0000000000	        0.0000000000	        0.0000000000	        0.0000000000	        0.0000000000	        0.0000000000	        0.0000000000	        0.0000000000	        0.0000000000	        0.0000000000	        0.0000000000	        0.0000000000	        0.0000000000	        0.0000000000	        0.0000000000	        0.0000000000	        0.0000000000	        0.0000000000	        0.0000000000	        0.0000000000	        0.0000000000	        0.0000000000	        0.0000000000	        0.0000000000	        0.0000000000	        0.0000000000	        0.0000000000	        0.0000000000	        0.0000000000	        0.0000000000	        0.0170310584	        0.0113625291	       -0.0309642787	        0.0145397950	       -0.0032454382	        0.0000000000	        0.0000000000	        0.0000000000	        0.0000000000	        0.0000000000	        0.0000000000	        0.0000000000	        0.0000000000	        0.0000000000	        0.0000000000	        0.0000000000	        0.0000000000	        0.0000000000	        0.0000000000	        0.0000000000	        0.0000000000	        0.0000000000	        0.0000000000	        0.0000000000	        0.0000000000	        0.0000000000	        0.0000000000	        0.0000000000	        0.0000000000	        0.0000000000	        0.0000000000	        0.0000000000	        0.0000000000	        0.0000000000	        0.0000000000	        0.0000000000	        0.0000000000	        0.0000000000	        0.0000000000	        0.0000000000	        0.0000000000	        0.0000000000	        0.0000000000	        0.0000000000	
        1.8300000000	       94.8824462124	      258.1649075692	       11.7764759361	        6.8299990244	       51.7193204991	       57.0372208280	       11.3430664428	       36.1957379697	       61.9625358192	       24.5028150462	        5.3245421495	       10.7772611698	        7.8469148408	       13.5425533293	       14.3671745450	       19.9017490941	       13.9897269564	       26.0265459340	       21.1363172887	       25.5774764534	       45.9823018532	       58.8202989020	       64.6968113955	       31.6449564259	       41.7226397290	        6.9486944562	       14.4303075758	      167.4971350991	      225.8194980805	      379.1395877338	       18.5324143292	       10.1837541038	       16.3328282181	       51.7534491517	       42.5961538709	      137.3389314457	      126.5669600744	       28.2715575953	       78.5314501632	       40.5533603963	        0.0000000000	        0.0000000000	        0.0000000000	        0.0000000000	        0.0000000000	        0.0000000000	        0.0000000000	        0.0000000000	        0.0000000000	        0.0000000000	        0.0000000000	        0.0000000000	        0.0000000000	        0.0000000000	        0.0000000000	        0.0000000000	        0.0000000000	        0.0000000000	        0.0000000000	        0.0000000000	        0.0000000000	        0.0000000000	        0.0000000000	        0.0000000000	        0.0000000000	        0.0000000000	        0.0000000000	        0.0000000000	        0.0000000000	        0.0000000000	        0.0000000000	        0.0000000000	        0.0000000000	        0.0000000000	        0.0000000000	        0.0000000000	        0.0000000000	        0.0000000000	        0.0000000000	        0.0000000000	        0.0000000000	        0.0000000000	        0.0000000000	        0.0000000000	        0.0000000000	        0.0000000000	        0.0000000000	        0.0000000000	        0.0000000000	        0.0000000000	        0.0000000000	        0.0000000000	        0.0000000000	        0.0000000000	        0.0000000000	        0.0000000000	        0.0000000000	        0.0000000000	        0.0000000000	        0.0000000000	        0.0000000000	        0.0000000000	        0.0000000000	        0.0185835570	        0.0117289856	       -0.0361447226	        0.0167960456	        0.0055437549	        0.0000000000	        0.0000000000	        0.0000000000	        0.0000000000	        0.0000000000	        0.0000000000	        0.0000000000	        0.0000000000	        0.0000000000	        0.0000000000	        0.0000000000	        0.0000000000	        0.0000000000	        0.0000000000	        0.0000000000	        0.0000000000	        0.0000000000	        0.0000000000	        0.0000000000	        0.0000000000	        0.0000000000	        0.0000000000	        0.0000000000	        0.0000000000	        0.0000000000	        0.0000000000	        0.0000000000	        0.0000000000	        0.0000000000	        0.0000000000	        0.0000000000	        0.0000000000	        0.0000000000	        0.0000000000	        0.0000000000	        0.0000000000	        0.0000000000	        0.0000000000	        0.0000000000	
        1.8400000000	       95.0221729628	      249.2152361909	       10.4553041792	        6.8799954178	       52.8638343586	       58.9323435860	       12.0095381840	       38.7530454915	       68.8861256928	       26.2650374372	        5.1739528293	        9.9706898672	        5.8111243854	       10.4720023369	       14.5730784408	       20.0597717181	       14.1443668745	       25.8878263564	       21.3147854554	       26.0355748843	       44.5445929312	       57.5941929048	       64.1517415636	       35.5267498650	       38.3091798297	        6.7107894901	       13.1948670188	      195.2403803109	      239.3908890190	      368.4439012954	       21.1319487157	       10.6049367108	       17.2573536945	       42.5689028408	       38.0217721665	      168.2085884335	      124.1398085985	       28.0362494083	       77.6859313695	       40.1884148561	        0.0000000000	        0.0000000000	        0.0000000000	        0.0000000000	        0.0000000000	        0.0000000000	        0.0000000000	        0.0000000000	        0.0000000000	        0.0000000000	        0.0000000000	        0.0000000000	        0.0000000000	        0.0000000000	        0.0000000000	        0.0000000000	        0.0000000000	        0.0000000000	        0.0000000000	        0.0000000000	        0.0000000000	        0.0000000000	        0.0000000000	        0.0000000000	        0.0000000000	        0.0000000000	        0.0000000000	        0.0000000000	        0.0000000000	        0.0000000000	        0.0000000000	        0.0000000000	        0.0000000000	        0.0000000000	        0.0000000000	        0.0000000000	        0.0000000000	        0.0000000000	        0.0000000000	        0.0000000000	        0.0000000000	        0.0000000000	        0.0000000000	        0.0000000000	        0.0000000000	        0.0000000000	        0.0000000000	        0.0000000000	        0.0000000000	        0.0000000000	        0.0000000000	        0.0000000000	        0.0000000000	        0.0000000000	        0.0000000000	        0.0000000000	        0.0000000000	        0.0000000000	        0.0000000000	        0.0000000000	        0.0000000000	        0.0000000000	        0.0000000000	        0.0197129663	        0.0119897829	       -0.0412750929	        0.0181530625	        0.0150532080	        0.0000000000	        0.0000000000	        0.0000000000	        0.0000000000	        0.0000000000	        0.0000000000	        0.0000000000	        0.0000000000	        0.0000000000	        0.0000000000	        0.0000000000	        0.0000000000	        0.0000000000	        0.0000000000	        0.0000000000	        0.0000000000	        0.0000000000	        0.0000000000	        0.0000000000	        0.0000000000	        0.0000000000	        0.0000000000	        0.0000000000	        0.0000000000	        0.0000000000	        0.0000000000	        0.0000000000	        0.0000000000	        0.0000000000	        0.0000000000	        0.0000000000	        0.0000000000	        0.0000000000	        0.0000000000	        0.0000000000	        0.0000000000	        0.0000000000	        0.0000000000	        0.0000000000	
        1.8500000000	       94.0735090983	      239.0525118158	        9.8180268259	        6.9449872996	       54.0611818295	       60.5066516381	       12.6808234327	       41.0691457090	       72.4114133199	       26.7030213922	        5.1500927108	        9.8026814961	        5.2920715187	        9.7986644177	       14.9461177143	       20.2969865002	       14.4632500731	       25.7761203848	       21.4942878257	       26.4763554021	       43.1958574564	       56.4121576246	       63.5631546232	       39.0760395496	       32.3268973839	        6.6507720516	       12.8448868723	      220.9612039720	      248.9714365857	      358.5769901451	       23.2898465815	       11.2187317294	       16.4722240251	       40.6670269646	       33.5458694766	      184.0500741681	      123.4403034111	       27.8130824826	       76.6810817891	       39.7782761315	        0.0000000000	        0.0000000000	        0.0000000000	        0.0000000000	        0.0000000000	        0.0000000000	        0.0000000000	        0.0000000000	        0.0000000000	        0.0000000000	        0.0000000000	        0.0000000000	        0.0000000000	        0.0000000000	        0.0000000000	        0.0000000000	        0.0000000000	        0.0000000000	        0.0000000000	        0.0000000000	        0.0000000000	        0.0000000000	        0.0000000000	        0.0000000000	        0.0000000000	        0.0000000000	        0.0000000000	        0.0000000000	        0.0000000000	        0.0000000000	        0.0000000000	        0.0000000000	        0.0000000000	        0.0000000000	        0.0000000000	        0.0000000000	        0.0000000000	        0.0000000000	        0.0000000000	        0.0000000000	        0.0000000000	        0.0000000000	        0.0000000000	        0.0000000000	        0.0000000000	        0.0000000000	        0.0000000000	        0.0000000000	        0.0000000000	        0.0000000000	        0.0000000000	        0.0000000000	        0.0000000000	        0.0000000000	        0.0000000000	        0.0000000000	        0.0000000000	        0.0000000000	        0.0000000000	        0.0000000000	        0.0000000000	        0.0000000000	        0.0000000000	        0.0203284537	        0.0122562544	       -0.0466652203	        0.0185302670	        0.0197866748	        0.0000000000	        0.0000000000	        0.0000000000	        0.0000000000	        0.0000000000	        0.0000000000	        0.0000000000	        0.0000000000	        0.0000000000	        0.0000000000	        0.0000000000	        0.0000000000	        0.0000000000	        0.0000000000	        0.0000000000	        0.0000000000	        0.0000000000	        0.0000000000	        0.0000000000	        0.0000000000	        0.0000000000	        0.0000000000	        0.0000000000	        0.0000000000	        0.0000000000	        0.0000000000	        0.0000000000	        0.0000000000	        0.0000000000	        0.0000000000	        0.0000000000	        0.0000000000	        0.0000000000	        0.0000000000	        0.0000000000	        0.0000000000	        0.0000000000	        0.0000000000	        0.0000000000	
        1.8600000000	       92.3028677478	      228.1264633006	        9.7599570794	        7.0171057118	       55.6612255711	       62.0004648397	       13.3132845478	       42.3914416497	       72.1071360553	       25.7392703438	        5.2314426555	        9.9086985766	        5.4147873821	       10.2207597187	       15.8023833715	       20.7981755703	       15.3285227043	       25.6988120148	       21.6764216630	       26.8960720263	       41.9530749759	       55.2910454378	       62.9554381052	       42.1367507687	       24.3362532288	        6.7220559068	       12.9020578492	      243.6558622198	      254.8389487940	      347.1178829152	       24.9086841600	       12.1245612301	       14.0604319680	       41.3389290133	       29.2910913603	      183.6466258434	      123.6453639974	       27.6000386184	       75.5360117620	       39.3272395795	        0.0000000000	        0.0000000000	        0.0000000000	        0.0000000000	        0.0000000000	        0.0000000000	        0.0000000000	        0.0000000000	        0.0000000000	        0.0000000000	        0.0000000000	        0.0000000000	        0.0000000000	        0.0000000000	        0.0000000000	        0.0000000000	        0.0000000000	        0.0000000000	        0.0000000000	        0.0000000000	        0.0000000000	        0.0000000000	        0.0000000000	        0.0000000000	        0.0000000000	        0.0000000000	        0.0000000000	        0.0000000000	        0.0000000000	        0.0000000000	        0.0000000000	        0.0000000000	        0.0000000000	        0.0000000000	        0.0000000000	        0.0000000000	        0.0000000000	        0.0000000000	        0.0000000000	        0.0000000000	        0.0000000000	        0.0000000000	        0.0000000000	        0.0000000000	        0.0000000000	        0.0000000000	        0.0000000000	        0.0000000000	        0.0000000000	        0.0000000000	        0.0000000000	        0.0000000000	        0.0000000000	        0.0000000000	        0.0000000000	        0.0000000000	        0.0000000000	        0.0000000000	        0.0000000000	        0.0000000000	        0.0000000000	        0.0000000000	        0.0000000000	        0.0204405330	        0.0126162858	       -0.0527048446	        0.0178388794	        0.0207454118	        0.0000000000	        0.0000000000	        0.0000000000	        0.0000000000	        0.0000000000	        0.0000000000	        0.0000000000	        0.0000000000	        0.0000000000	        0.0000000000	        0.0000000000	        0.0000000000	        0.0000000000	        0.0000000000	        0.0000000000	        0.0000000000	        0.0000000000	        0.0000000000	        0.0000000000	        0.0000000000	        0.0000000000	        0.0000000000	        0.0000000000	        0.0000000000	        0.0000000000	        0.0000000000	        0.0000000000	        0.0000000000	        0.0000000000	        0.0000000000	        0.0000000000	        0.0000000000	        0.0000000000	        0.0000000000	        0.0000000000	        0.0000000000	        0.0000000000	        0.0000000000	        0.0000000000	
        1.8700000000	       90.0012166946	      217.1636360485	        9.8747190382	        7.0854811888	       57.1716948360	       63.3234718103	       13.7727574587	       42.0590306154	       68.5079180182	       23.6383135622	        5.4071964257	       10.1367688498	        5.7666193548	       11.1668152802	       17.7130319985	       22.0256898544	       18.3812279751	       25.6654890370	       21.8659025912	       27.2632161828	       40.8339267365	       54.2546789892	       62.3728719616	       44.4110753368	       17.4262323597	        6.8930697766	       13.1429812413	      262.3309781610	      258.9300120690	      333.2313473018	       26.0954748420	       13.4178517409	       11.0560482611	       42.9623020386	       25.3767820772	      170.4911352488	      124.3802956192	       27.4109138923	       74.2657195674	       38.8460009059	        0.0000000000	        0.0000000000	        0.0000000000	        0.0000000000	        0.0000000000	        0.0000000000	        0.0000000000	        0.0000000000	        0.0000000000	        0.0000000000	        0.0000000000	        0.0000000000	        0.0000000000	        0.0000000000	        0.0000000000	        0.0000000000	        0.0000000000	        0.0000000000	        0.0000000000	        0.0000000000	        0.0000000000	        0.0000000000	        0.0000000000	        0.0000000000	        0.0000000000	        0.0000000000	        0.0000000000	        0.0000000000	        0.0000000000	        0.0000000000	        0.0000000000	        0.0000000000	        0.0000000000	        0.0000000000	        0.0000000000	        0.0000000000	        0.0000000000	        0.0000000000	        0.0000000000	        0.0000000000	        0.0000000000	        0.0000000000	        0.0000000000	        0.0000000000	        0.0000000000	        0.0000000000	        0.0000000000	        0.0000000000	        0.0000000000	        0.0000000000	        0.0000000000	        0.0000000000	        0.0000000000	        0.0000000000	        0.0000000000	        0.0000000000	        0.0000000000	        0.0000000000	        0.0000000000	        0.0000000000	        0.0000000000	        0.0000000000	        0.0000000000	        0.0203334048	        0.0129326057	       -0.0588948741	        0.0161749507	        0.0193222206	        0.0000000000	        0.0000000000	        0.0000000000	        0.0000000000	        0.0000000000	        0.0000000000	        0.0000000000	        0.0000000000	        0.0000000000	        0.0000000000	        0.0000000000	        0.0000000000	        0.0000000000	        0.0000000000	        0.0000000000	        0.0000000000	        0.0000000000	        0.0000000000	        0.0000000000	        0.0000000000	        0.0000000000	        0.0000000000	        0.0000000000	        0.0000000000	        0.0000000000	        0.0000000000	        0.0000000000	        0.0000000000	        0.0000000000	        0.0000000000	        0.0000000000	        0.0000000000	        0.0000000000	        0.0000000000	        0.0000000000	        0.0000000000	        0.0000000000	        0.0000000000	        0.0000000000	
        1.8800000000	       87.3547138203	      206.8857108017	        9.6206763481	        7.1399142649	       57.6133686412	       64.1693258948	       14.0707500306	       39.7316685729	       62.6396062717	       20.8184546243	        5.6750506411	       10.4682943486	        6.2124226848	       12.2725186651	       20.1697055834	       24.7166296785	       25.2619574005	       25.6844332265	       22.0685327898	       27.5692070552	       39.8532672466	       53.3272125049	       61.8643155486	       45.4923241144	       13.5080939404	        7.1630208459	       13.5262787012	      276.2661794520	      264.7326490867	      317.3538283345	       27.1010198815	       15.1473599696	        9.1279042502	       44.9789944184	       21.8844513451	      149.5979411877	      125.5263311943	       27.3100256603	       72.8955321684	       38.3661744113	        0.0000000000	        0.0000000000	        0.0000000000	        0.0000000000	        0.0000000000	        0.0000000000	        0.0000000000	        0.0000000000	        0.0000000000	        0.0000000000	        0.0000000000	        0.0000000000	        0.0000000000	        0.0000000000	        0.0000000000	        0.0000000000	        0.0000000000	        0.0000000000	        0.0000000000	        0.0000000000	        0.0000000000	        0.0000000000	        0.0000000000	        0.0000000000	        0.0000000000	        0.0000000000	        0.0000000000	        0.0000000000	        0.0000000000	        0.0000000000	        0.0000000000	        0.0000000000	        0.0000000000	        0.0000000000	        0.0000000000	        0.0000000000	        0.0000000000	        0.0000000000	        0.0000000000	        0.0000000000	        0.0000000000	        0.0000000000	        0.0000000000	        0.0000000000	        0.0000000000	        0.0000000000	        0.0000000000	        0.0000000000	        0.0000000000	        0.0000000000	        0.0000000000	        0.0000000000	        0.0000000000	        0.0000000000	        0.0000000000	        0.0000000000	        0.0000000000	        0.0000000000	        0.0000000000	        0.0000000000	        0.0000000000	        0.0000000000	        0.0000000000	        0.0204571325	        0.0129195052	       -0.0643014152	        0.0137236979	        0.0164360227	        0.0000000000	        0.0000000000	        0.0000000000	        0.0000000000	        0.0000000000	        0.0000000000	        0.0000000000	        0.0000000000	        0.0000000000	        0.0000000000	        0.0000000000	        0.0000000000	        0.0000000000	        0.0000000000	        0.0000000000	        0.0000000000	        0.0000000000	        0.0000000000	        0.0000000000	        0.0000000000	        0.0000000000	        0.0000000000	        0.0000000000	        0.0000000000	        0.0000000000	        0.0000000000	        0.0000000000	        0.0000000000	        0.0000000000	        0.0000000000	        0.0000000000	        0.0000000000	        0.0000000000	        0.0000000000	        0.0000000000	        0.0000000000	        0.0000000000	        0.0000000000	        0.0000000000	
        1.8900000000	       84.6645015678	      197.3598399167	        9.2576397854	        7.1815997074	       57.3734672386	       64.6530811572	       14.4543350497	       36.1483270668	       55.6979926024	       17.7258704224	        6.0255105839	       10.9483412647	        6.6491936791	       13.4305814170	       21.7486695450	       30.3951275335	       34.1279572908	       25.7596818061	       22.2872711471	       27.8444368399	       39.0205218495	       52.5269379959	       61.4596163623	       45.7892888651	       11.5648819193	        7.5376032994	       14.0843515598	      285.3415495184	      270.8886236744	      299.8326369668	       28.0368754905	       17.2781114842	        8.3568443138	       47.2080038612	       18.8421711663	      126.0769014714	      127.0696276065	       27.4117546660	       71.4458075510	       37.9237742019	        0.0000000000	        0.0000000000	        0.0000000000	        0.0000000000	        0.0000000000	        0.0000000000	        0.0000000000	        0.0000000000	        0.0000000000	        0.0000000000	        0.0000000000	        0.0000000000	        0.0000000000	        0.0000000000	        0.0000000000	        0.0000000000	        0.0000000000	        0.0000000000	        0.0000000000	        0.0000000000	        0.0000000000	        0.0000000000	        0.0000000000	        0.0000000000	        0.0000000000	        0.0000000000	        0.0000000000	        0.0000000000	        0.0000000000	        0.0000000000	        0.0000000000	        0.0000000000	        0.0000000000	        0.0000000000	        0.0000000000	        0.0000000000	        0.0000000000	        0.0000000000	        0.0000000000	        0.0000000000	        0.0000000000	        0.0000000000	        0.0000000000	        0.0000000000	        0.0000000000	        0.0000000000	        0.0000000000	        0.0000000000	        0.0000000000	        0.0000000000	        0.0000000000	        0.0000000000	        0.0000000000	        0.0000000000	        0.0000000000	        0.0000000000	        0.0000000000	        0.0000000000	        0.0000000000	        0.0000000000	        0.0000000000	        0.0000000000	        0.0000000000	        0.0206057988	        0.0127620912	       -0.0688576348	        0.0110961067	        0.0128775181	        0.0000000000	        0.0000000000	        0.0000000000	        0.0000000000	        0.0000000000	        0.0000000000	        0.0000000000	        0.0000000000	        0.0000000000	        0.0000000000	        0.0000000000	        0.0000000000	        0.0000000000	        0.0000000000	        0.0000000000	        0.0000000000	        0.0000000000	        0.0000000000	        0.0000000000	        0.0000000000	        0.0000000000	        0.0000000000	        0.0000000000	        0.0000000000	        0.0000000000	        0.0000000000	        0.0000000000	        0.0000000000	        0.0000000000	        0.0000000000	        0.0000000000	        0.0000000000	        0.0000000000	        0.0000000000	        0.0000000000	        0.0000000000	        0.0000000000	        0.0000000000	        0.0000000000	
        1.9000000000	       82.0551746750	      188.4195017768	        9.0258291658	        7.2121334529	       56.9189793838	       64.8169875967	       14.9717089772	       32.6141894730	       48.8202908944	       14.7564673149	        6.4322131286	       11.5896051771	        7.0909159184	       14.6729507216	       21.7931688953	       38.9000505245	       43.6807801433	       25.8926280164	       22.5241762155	       28.1208317923	       38.3416911949	       51.8701348403	       61.1872951798	       45.8013004938	       10.5953308647	        7.9902869072	       14.8052573055	      289.9442468757	      275.8800643408	      280.8243505282	       28.9733936868	       19.6360089881	        8.1789145470	       49.5931014424	       16.2497613624	      104.3700112834	      128.9479936892	       27.7442135587	       69.8996008565	       37.5177760219	        0.0000000000	        0.0000000000	        0.0000000000	        0.0000000000	        0.0000000000	        0.0000000000	        0.0000000000	        0.0000000000	        0.0000000000	        0.0000000000	        0.0000000000	        0.0000000000	        0.0000000000	        0.0000000000	        0.0000000000	        0.0000000000	        0.0000000000	        0.0000000000	        0.0000000000	        0.0000000000	        0.0000000000	        0.0000000000	        0.0000000000	        0.0000000000	        0.0000000000	        0.0000000000	        0.0000000000	        0.0000000000	        0.0000000000	        0.0000000000	        0.0000000000	        0.0000000000	        0.0000000000	        0.0000000000	        0.0000000000	        0.0000000000	        0.0000000000	        0.0000000000	        0.0000000000	        0.0000000000	        0.0000000000	        0.0000000000	        0.0000000000	        0.0000000000	        0.0000000000	        0.0000000000	        0.0000000000	        0.0000000000	        0.0000000000	        0.0000000000	        0.0000000000	        0.0000000000	        0.0000000000	        0.0000000000	        0.0000000000	        0.0000000000	        0.0000000000	        0.0000000000	        0.0000000000	        0.0000000000	        0.0000000000	        0.0000000000	        0.0000000000	        0.0205283460	        0.0125748346	       -0.0722720709	        0.0089230662	        0.0096187136	        0.0000000000	        0.0000000000	        0.0000000000	        0.0000000000	        0.0000000000	        0.0000000000	        0.0000000000	        0.0000000000	        0.0000000000	        0.0000000000	        0.0000000000	        0.0000000000	        0.0000000000	        0.0000000000	        0.0000000000	        0.0000000000	        0.0000000000	        0.0000000000	        0.0000000000	        0.0000000000	        0.0000000000	        0.0000000000	        0.0000000000	        0.0000000000	        0.0000000000	        0.0000000000	        0.0000000000	        0.0000000000	        0.0000000000	        0.0000000000	        0.0000000000	        0.0000000000	        0.0000000000	        0.0000000000	        0.0000000000	        0.0000000000	        0.0000000000	        0.0000000000	        0.0000000000	
        1.9100000000	       79.4965389306	      179.8637028688	        8.9579328985	        7.2294246229	       56.4199971163	       64.6939678373	       15.5816643457	       30.1243100343	       42.8911949855	       12.2005080201	        6.8553199382	       12.3058494864	        7.5508484690	       16.0084968683	       20.9387178644	       47.9767160009	       53.6268142415	       26.0813989322	       22.7793924140	       28.4182191742	       37.8188005562	       51.3692674210	       61.0726479395	       45.8518010444	       10.0741764757	        8.4522092161	       15.5761465845	      290.9760124239	      279.2149422077	      260.5878874125	       29.9757929087	       21.9809439762	        8.2525565605	       52.0486339629	       14.0850122290	       87.5612387795	      130.9431362386	       28.1073923162	       68.1949156514	       37.0789081468	        0.0000000000	        0.0000000000	        0.0000000000	        0.0000000000	        0.0000000000	        0.0000000000	        0.0000000000	        0.0000000000	        0.0000000000	        0.0000000000	        0.0000000000	        0.0000000000	        0.0000000000	        0.0000000000	        0.0000000000	        0.0000000000	        0.0000000000	        0.0000000000	        0.0000000000	        0.0000000000	        0.0000000000	        0.0000000000	        0.0000000000	        0.0000000000	        0.0000000000	        0.0000000000	        0.0000000000	        0.0000000000	        0.0000000000	        0.0000000000	        0.0000000000	        0.0000000000	        0.0000000000	        0.0000000000	        0.0000000000	        0.0000000000	        0.0000000000	        0.0000000000	        0.0000000000	        0.0000000000	        0.0000000000	        0.0000000000	        0.0000000000	        0.0000000000	        0.0000000000	        0.0000000000	        0.0000000000	        0.0000000000	        0.0000000000	        0.0000000000	        0.0000000000	        0.0000000000	        0.0000000000	        0.0000000000	        0.0000000000	        0.0000000000	        0.0000000000	        0.0000000000	        0.0000000000	        0.0000000000	        0.0000000000	        0.0000000000	        0.0000000000	        0.0201972356	        0.0123710028	       -0.0747499638	        0.0074045972	        0.0073621268	        0.0000000000	        0.0000000000	        0.0000000000	        0.0000000000	        0.0000000000	        0.0000000000	        0.0000000000	        0.0000000000	        0.0000000000	        0.0000000000	        0.0000000000	        0.0000000000	        0.0000000000	        0.0000000000	        0.0000000000	        0.0000000000	        0.0000000000	        0.0000000000	        0.0000000000	        0.0000000000	        0.0000000000	        0.0000000000	        0.0000000000	        0.0000000000	        0.0000000000	        0.0000000000	        0.0000000000	        0.0000000000	        0.0000000000	        0.0000000000	        0.0000000000	        0.0000000000	        0.0000000000	        0.0000000000	        0.0000000000	        0.0000000000	        0.0000000000	        0.0000000000	        0.0000000000	
        1.9200000000	       77.0095904144	      171.7317816630	        9.0326837520	        7.2308856315	       55.9121907595	       64.3371509154	       16.2628070815	       29.2296370040	       38.4665755720	       10.2300856230	        7.2505842010	       12.9445733639	        8.0740759728	       17.4006601397	       19.8411756467	       55.9914870966	       63.4088297730	       26.3210887568	       23.0508880943	       28.7378500248	       37.4500048266	       51.0316289733	       61.1318305802	       46.0800587670	        9.7795459416	        8.8361352904	       16.2279158790	      289.5516559781	      280.9791574291	      239.4887886908	       31.0578828982	       24.1306627688	        8.4288194053	       54.3267068525	       12.3088228023	       77.2220519563	      132.7337155530	       28.1852673101	       66.2177010351	       36.4610184861	        0.0000000000	        0.0000000000	        0.0000000000	        0.0000000000	        0.0000000000	        0.0000000000	        0.0000000000	        0.0000000000	        0.0000000000	        0.0000000000	        0.0000000000	        0.0000000000	        0.0000000000	        0.0000000000	        0.0000000000	        0.0000000000	        0.0000000000	        0.0000000000	        0.0000000000	        0.0000000000	        0.0000000000	        0.0000000000	        0.0000000000	        0.0000000000	        0.0000000000	        0.0000000000	        0.0000000000	        0.0000000000	        0.0000000000	        0.0000000000	        0.0000000000	        0.0000000000	        0.0000000000	        0.0000000000	        0.0000000000	        0.0000000000	        0.0000000000	        0.0000000000	        0.0000000000	        0.0000000000	        0.0000000000	        0.0000000000	        0.0000000000	        0.0000000000	        0.0000000000	        0.0000000000	        0.0000000000	        0.0000000000	        0.0000000000	        0.0000000000	        0.0000000000	        0.0000000000	        0.0000000000	        0.0000000000	        0.0000000000	        0.0000000000	        0.0000000000	        0.0000000000	        0.0000000000	        0.0000000000	        0.0000000000	        0.0000000000	        0.0000000000	        0.0196533104	        0.0121518735	       -0.0764738190	        0.0065030276	        0.0064306245	        0.0000000000	        0.0000000000	        0.0000000000	        0.0000000000	        0.0000000000	        0.0000000000	        0.0000000000	        0.0000000000	        0.0000000000	        0.0000000000	        0.0000000000	        0.0000000000	        0.0000000000	        0.0000000000	        0.0000000000	        0.0000000000	        0.0000000000	        0.0000000000	        0.0000000000	        0.0000000000	        0.0000000000	        0.0000000000	        0.0000000000	        0.0000000000	        0.0000000000	        0.0000000000	        0.0000000000	        0.0000000000	        0.0000000000	        0.0000000000	        0.0000000000	        0.0000000000	        0.0000000000	        0.0000000000	        0.0000000000	        0.0000000000	        0.0000000000	        0.0000000000	        0.0000000000	
        1.9300000000	       74.6662906946	      164.1760186797	        9.2179295810	        7.2143747146	       55.3699978573	       63.8285123696	       17.0258468220	       30.1387445879	       35.7929721791	        8.9157231001	        7.5780953271	       13.3655492313	        8.7515531824	       18.8039055463	       18.8390322729	       62.3318187289	       72.1632054783	       26.6039944448	       23.3344672748	       29.0719774657	       37.2296622176	       50.8584479530	       61.3711892006	       46.5006572954	        9.6186553461	        9.0725316556	       16.6176361234	      286.7914282393	      281.7469399249	      217.9542568952	       32.2206830839	       26.0561518432	        8.6484295140	       56.1107757669	       10.8716955761	       73.6782395624	      134.0477844736	       27.7504507615	       63.8674448907	       35.5293907998	        0.0000000000	        0.0000000000	        0.0000000000	        0.0000000000	        0.0000000000	        0.0000000000	        0.0000000000	        0.0000000000	        0.0000000000	        0.0000000000	        0.0000000000	        0.0000000000	        0.0000000000	        0.0000000000	        0.0000000000	        0.0000000000	        0.0000000000	        0.0000000000	        0.0000000000	        0.0000000000	        0.0000000000	        0.0000000000	        0.0000000000	        0.0000000000	        0.0000000000	        0.0000000000	        0.0000000000	        0.0000000000	        0.0000000000	        0.0000000000	        0.0000000000	        0.0000000000	        0.0000000000	        0.0000000000	        0.0000000000	        0.0000000000	        0.0000000000	        0.0000000000	        0.0000000000	        0.0000000000	        0.0000000000	        0.0000000000	        0.0000000000	        0.0000000000	        0.0000000000	        0.0000000000	        0.0000000000	        0.0000000000	        0.0000000000	        0.0000000000	        0.0000000000	        0.0000000000	        0.0000000000	        0.0000000000	        0.0000000000	        0.0000000000	        0.0000000000	        0.0000000000	        0.0000000000	        0.0000000000	        0.0000000000	        0.0000000000	        0.0000000000	        0.0189736460	        0.0119193982	       -0.0776375234	        0.0060984124	        0.0067635417	        0.0000000000	        0.0000000000	        0.0000000000	        0.0000000000	        0.0000000000	        0.0000000000	        0.0000000000	        0.0000000000	        0.0000000000	        0.0000000000	        0.0000000000	        0.0000000000	        0.0000000000	        0.0000000000	        0.0000000000	        0.0000000000	        0.0000000000	        0.0000000000	        0.0000000000	        0.0000000000	        0.0000000000	        0.0000000000	        0.0000000000	        0.0000000000	        0.0000000000	        0.0000000000	        0.0000000000	        0.0000000000	        0.0000000000	        0.0000000000	        0.0000000000	        0.0000000000	        0.0000000000	        0.0000000000	        0.0000000000	        0.0000000000	        0.0000000000	        0.0000000000	        0.0000000000	
        1.9400000000	       72.5230018722	      157.3668813860	        9.4583135451	        7.1783427556	       54.7212314504	       63.2613424039	       17.9079772031	       32.8814037497	       34.8790349706	        8.2559860317	        7.8080373457	       13.4915547092	        9.6605725837	       20.2071841922	       18.0476317905	       66.9961511827	       79.0537595649	       26.9199923825	       23.6239568398	       29.4098190245	       37.1485319604	       50.8444908382	       61.7869250407	       47.0540380986	        9.5467930078	        9.1305797832	       16.6780454778	      283.6851168609	      282.3444215525	      196.4189905397	       33.4892669357	       27.8777698298	        8.8860074826	       57.2826436165	        9.7200891885	       76.4414417613	      134.7593520489	       26.7472391473	       61.1377119987	       34.2505426974	        0.0000000000	        0.0000000000	        0.0000000000	        0.0000000000	        0.0000000000	        0.0000000000	        0.0000000000	        0.0000000000	        0.0000000000	        0.0000000000	        0.0000000000	        0.0000000000	        0.0000000000	        0.0000000000	        0.0000000000	        0.0000000000	        0.0000000000	        0.0000000000	        0.0000000000	        0.0000000000	        0.0000000000	        0.0000000000	        0.0000000000	        0.0000000000	        0.0000000000	        0.0000000000	        0.0000000000	        0.0000000000	        0.0000000000	        0.0000000000	        0.0000000000	        0.0000000000	        0.0000000000	        0.0000000000	        0.0000000000	        0.0000000000	        0.0000000000	        0.0000000000	        0.0000000000	        0.0000000000	        0.0000000000	        0.0000000000	        0.0000000000	        0.0000000000	        0.0000000000	        0.0000000000	        0.0000000000	        0.0000000000	        0.0000000000	        0.0000000000	        0.0000000000	        0.0000000000	        0.0000000000	        0.0000000000	        0.0000000000	        0.0000000000	        0.0000000000	        0.0000000000	        0.0000000000	        0.0000000000	        0.0000000000	        0.0000000000	        0.0000000000	        0.0182554907	        0.0116678696	       -0.0784917198	        0.0060675337	        0.0081246729	        0.0000000000	        0.0000000000	        0.0000000000	        0.0000000000	        0.0000000000	        0.0000000000	        0.0000000000	        0.0000000000	        0.0000000000	        0.0000000000	        0.0000000000	        0.0000000000	        0.0000000000	        0.0000000000	        0.0000000000	        0.0000000000	        0.0000000000	        0.0000000000	        0.0000000000	        0.0000000000	        0.0000000000	        0.0000000000	        0.0000000000	        0.0000000000	        0.0000000000	        0.0000000000	        0.0000000000	        0.0000000000	        0.0000000000	        0.0000000000	        0.0000000000	        0.0000000000	        0.0000000000	        0.0000000000	        0.0000000000	        0.0000000000	        0.0000000000	        0.0000000000	        0.0000000000	
        1.9500000000	       70.5906449579	      151.3948541562	        9.6655441801	        7.1222470470	       53.8758649308	       62.7170447775	       19.0016062629	       37.3982551689	       35.5561500210	        8.2013095840	        7.9239297118	       13.3254854794	       10.8241829803	       21.6656367412	       17.4694395423	       70.2101096216	       83.5383632139	       27.2570379819	       23.9115772603	       29.7396135793	       37.1940368027	       50.9780440634	       62.3645558659	       47.6410154975	        9.5381842188	        9.0237869233	       16.4312221885	      280.9753065616	      283.6155270187	      175.2692883276	       34.9087309992	       29.7553736484	        9.1284209548	       57.8693350056	        8.8013666063	       84.4078248849	      134.9090908055	       25.2732009291	       58.1231532041	       32.6973231695	        0.0000000000	        0.0000000000	        0.0000000000	        0.0000000000	        0.0000000000	        0.0000000000	        0.0000000000	        0.0000000000	        0.0000000000	        0.0000000000	        0.0000000000	        0.0000000000	        0.0000000000	        0.0000000000	        0.0000000000	        0.0000000000	        0.0000000000	        0.0000000000	        0.0000000000	        0.0000000000	        0.0000000000	        0.0000000000	        0.0000000000	        0.0000000000	        0.0000000000	        0.0000000000	        0.0000000000	        0.0000000000	        0.0000000000	        0.0000000000	        0.0000000000	        0.0000000000	        0.0000000000	        0.0000000000	        0.0000000000	        0.0000000000	        0.0000000000	        0.0000000000	        0.0000000000	        0.0000000000	        0.0000000000	        0.0000000000	        0.0000000000	        0.0000000000	        0.0000000000	        0.0000000000	        0.0000000000	        0.0000000000	        0.0000000000	        0.0000000000	        0.0000000000	        0.0000000000	        0.0000000000	        0.0000000000	        0.0000000000	        0.0000000000	        0.0000000000	        0.0000000000	        0.0000000000	        0.0000000000	        0.0000000000	        0.0000000000	        0.0000000000	        0.0175860617	        0.0113853778	       -0.0792696664	        0.0063218699	        0.0100785951	        0.0000000000	        0.0000000000	        0.0000000000	        0.0000000000	        0.0000000000	        0.0000000000	        0.0000000000	        0.0000000000	        0.0000000000	        0.0000000000	        0.0000000000	        0.0000000000	        0.0000000000	        0.0000000000	        0.0000000000	        0.0000000000	        0.0000000000	        0.0000000000	        0.0000000000	        0.0000000000	        0.0000000000	        0.0000000000	        0.0000000000	        0.0000000000	        0.0000000000	        0.0000000000	        0.0000000000	        0.0000000000	        0.0000000000	        0.0000000000	        0.0000000000	        0.0000000000	        0.0000000000	        0.0000000000	        0.0000000000	        0.0000000000	        0.0000000000	        0.0000000000	        0.0000000000	
        1.9600000000	       68.8290965444	      146.2432151578	        9.7308636250	        7.0469463189	       52.7480974274	       62.2507363033	       20.6360965022	       43.5103952778	       37.5378299047	        8.6737314371	        7.9230201240	       12.9342098653	       12.2354358417	       23.2818406549	       17.0685731686	       72.2156142379	       85.4044056153	       27.6016979197	       24.1884282874	       30.0494857637	       37.3504681155	       51.2411129198	       63.0786778483	       48.1294286545	        9.5756227295	        8.7973849902	       15.9653988983	      279.0841936506	      286.2159237969	      154.8408937271	       36.5204402619	       31.7551173347	        9.3659552741	       57.8820850264	        8.0670206766	       95.9835285132	      134.6465065333	       23.5277249467	       54.9712369451	       31.0004956825	        0.0000000000	        0.0000000000	        0.0000000000	        0.0000000000	        0.0000000000	        0.0000000000	        0.0000000000	        0.0000000000	        0.0000000000	        0.0000000000	        0.0000000000	        0.0000000000	        0.0000000000	        0.0000000000	        0.0000000000	        0.0000000000	        0.0000000000	        0.0000000000	        0.0000000000	        0.0000000000	        0.0000000000	        0.0000000000	        0.0000000000	        0.0000000000	        0.0000000000	        0.0000000000	        0.0000000000	        0.0000000000	        0.0000000000	        0.0000000000	        0.0000000000	        0.0000000000	        0.0000000000	        0.0000000000	        0.0000000000	        0.0000000000	        0.0000000000	        0.0000000000	        0.0000000000	        0.0000000000	        0.0000000000	        0.0000000000	        0.0000000000	        0.0000000000	        0.0000000000	        0.0000000000	        0.0000000000	        0.0000000000	        0.0000000000	        0.0000000000	        0.0000000000	        0.0000000000	        0.0000000000	        0.0000000000	        0.0000000000	        0.0000000000	        0.0000000000	        0.0000000000	        0.0000000000	        0.0000000000	        0.0000000000	        0.0000000000	        0.0000000000	        0.0170277338	        0.0110569534	       -0.0801350413	        0.0068077890	        0.0121139663	        0.0000000000	        0.0000000000	        0.0000000000	        0.0000000000	        0.0000000000	        0.0000000000	        0.0000000000	        0.0000000000	        0.0000000000	        0.0000000000	        0.0000000000	        0.0000000000	        0.0000000000	        0.0000000000	        0.0000000000	        0.0000000000	        0.0000000000	        0.0000000000	        0.0000000000	        0.0000000000	        0.0000000000	        0.0000000000	        0.0000000000	        0.0000000000	        0.0000000000	        0.0000000000	        0.0000000000	        0.0000000000	        0.0000000000	        0.0000000000	        0.0000000000	        0.0000000000	        0.0000000000	        0.0000000000	        0.0000000000	        0.0000000000	        0.0000000000	        0.0000000000	        0.0000000000	
        1.9700000000	       67.1430393366	      141.7934976268	        9.5581779923	        6.9546888540	       51.2511812692	       61.8907760208	       23.7504951597	       50.7895457684	       40.4775078078	        9.5789643715	        7.8145977341	       12.4150675855	       13.8823554685	       25.1578074055	       16.8068401529	       73.1847621257	       84.6174865135	       27.9397473275	       24.4450602537	       30.3280764072	       37.5991840467	       51.6098535776	       63.8933755020	       48.3119072143	        9.6462976737	        8.5070682413	       15.3933422398	      278.0963697250	      290.7254630326	      135.4807920067	       38.3315848624	       33.7825894368	        9.5800733493	       57.3417417427	        7.4744838105	      109.3598260554	      134.1408510714	       21.7528723151	       51.8421504580	       29.3026620659	        0.0000000000	        0.0000000000	        0.0000000000	        0.0000000000	        0.0000000000	        0.0000000000	        0.0000000000	        0.0000000000	        0.0000000000	        0.0000000000	        0.0000000000	        0.0000000000	        0.0000000000	        0.0000000000	        0.0000000000	        0.0000000000	        0.0000000000	        0.0000000000	        0.0000000000	        0.0000000000	        0.0000000000	        0.0000000000	        0.0000000000	        0.0000000000	        0.0000000000	        0.0000000000	        0.0000000000	        0.0000000000	        0.0000000000	        0.0000000000	        0.0000000000	        0.0000000000	        0.0000000000	        0.0000000000	        0.0000000000	        0.0000000000	        0.0000000000	        0.0000000000	        0.0000000000	        0.0000000000	        0.0000000000	        0.0000000000	        0.0000000000	        0.0000000000	        0.0000000000	        0.0000000000	        0.0000000000	        0.0000000000	        0.0000000000	        0.0000000000	        0.0000000000	        0.0000000000	        0.0000000000	        0.0000000000	        0.0000000000	        0.0000000000	        0.0000000000	        0.0000000000	        0.0000000000	        0.0000000000	        0.0000000000	        0.0000000000	        0.0000000000	        0.0166413560	        0.0106605482	       -0.0812448728	        0.0074118102	        0.0138647726	        0.0000000000	        0.0000000000	        0.0000000000	        0.0000000000	        0.0000000000	        0.0000000000	        0.0000000000	        0.0000000000	        0.0000000000	        0.0000000000	        0.0000000000	        0.0000000000	        0.0000000000	        0.0000000000	        0.0000000000	        0.0000000000	        0.0000000000	        0.0000000000	        0.0000000000	        0.0000000000	        0.0000000000	        0.0000000000	        0.0000000000	        0.0000000000	        0.0000000000	        0.0000000000	        0.0000000000	        0.0000000000	        0.0000000000	        0.0000000000	        0.0000000000	        0.0000000000	        0.0000000000	        0.0000000000	        0.0000000000	        0.0000000000	        0.0000000000	        0.0000000000	        0.0000000000	
        1.9800000000	       65.3965825686	      137.8115603939	        9.1485346307	        6.8499445710	       49.3307321264	       61.6190561217	       29.2766658222	       58.7378016666	       44.0067499254	       10.8084308726	        7.6176453742	       11.8670173404	       15.7573564151	       27.3750535903	       16.6550997874	       73.2505326551	       81.4147283174	       28.2570811372	       24.6723601836	       30.5654118511	       37.9190936196	       52.0555632114	       64.7637934498	       47.9949109266	        9.7398280723	        8.2039549713	       14.8193045655	      277.7578827630	      297.3088022125	      117.3941389187	       40.2943560405	       35.6202051570	        9.7468693456	       56.3397718541	        6.9879195554	      122.8378629559	      133.5262597511	       20.1224468112	       48.8426999320	       27.6902334194	        0.0000000000	        0.0000000000	        0.0000000000	        0.0000000000	        0.0000000000	        0.0000000000	        0.0000000000	        0.0000000000	        0.0000000000	        0.0000000000	        0.0000000000	        0.0000000000	        0.0000000000	        0.0000000000	        0.0000000000	        0.0000000000	        0.0000000000	        0.0000000000	        0.0000000000	        0.0000000000	        0.0000000000	        0.0000000000	        0.0000000000	        0.0000000000	        0.0000000000	        0.0000000000	        0.0000000000	        0.0000000000	        0.0000000000	        0.0000000000	        0.0000000000	        0.0000000000	        0.0000000000	        0.0000000000	        0.0000000000	        0.0000000000	        0.0000000000	        0.0000000000	        0.0000000000	        0.0000000000	        0.0000000000	        0.0000000000	        0.0000000000	        0.0000000000	        0.0000000000	        0.0000000000	        0.0000000000	        0.0000000000	        0.0000000000	        0.0000000000	        0.0000000000	        0.0000000000	        0.0000000000	        0.0000000000	        0.0000000000	        0.0000000000	        0.0000000000	        0.0000000000	        0.0000000000	        0.0000000000	        0.0000000000	        0.0000000000	        0.0000000000	        0.0164530516	        0.0101750238	       -0.0826398254	        0.0080288206	        0.0150975123	        0.0000000000	        0.0000000000	        0.0000000000	        0.0000000000	        0.0000000000	        0.0000000000	        0.0000000000	        0.0000000000	        0.0000000000	        0.0000000000	        0.0000000000	        0.0000000000	        0.0000000000	        0.0000000000	        0.0000000000	        0.0000000000	        0.0000000000	        0.0000000000	        0.0000000000	        0.0000000000	        0.0000000000	        0.0000000000	        0.0000000000	        0.0000000000	        0.0000000000	        0.0000000000	        0.0000000000	        0.0000000000	        0.0000000000	        0.0000000000	        0.0000000000	        0.0000000000	        0.0000000000	        0.0000000000	        0.0000000000	        0.0000000000	        0.0000000000	        0.0000000000	        0.0000000000	
        1.9900000000	       63.4483371156	      133.9780986143	        8.6203057298	        6.7397581595	       47.0073894543	       61.3611465595	       37.3185312416	       67.1018409020	       47.7687462857	       12.2422292276	        7.3578965928	       11.3688053170	       17.8574818483	       29.9938943698	       16.6004515428	       72.6236675711	       76.3983511077	       28.5408756117	       24.8625749798	       30.7540024584	       38.2874704601	       52.5462505971	       65.6390645305	       47.1292418402	        9.8472020083	        7.9259354319	       14.3178237753	      277.5372574783	      305.3072877387	      100.4719481907	       42.3022172853	       37.0381963894	        9.8609373754	       55.0400060246	        6.5783618817	      135.0523474264	      132.8869109196	       18.6900391165	       46.0222159360	       26.1882053973	        0.0000000000	        0.0000000000	        0.0000000000	        0.0000000000	        0.0000000000	        0.0000000000	        0.0000000000	        0.0000000000	        0.0000000000	        0.0000000000	        0.0000000000	        0.0000000000	        0.0000000000	        0.0000000000	        0.0000000000	        0.0000000000	        0.0000000000	        0.0000000000	        0.0000000000	        0.0000000000	        0.0000000000	        0.0000000000	        0.0000000000	        0.0000000000	        0.0000000000	        0.0000000000	        0.0000000000	        0.0000000000	        0.0000000000	        0.0000000000	        0.0000000000	        0.0000000000	        0.0000000000	        0.0000000000	        0.0000000000	        0.0000000000	        0.0000000000	        0.0000000000	        0.0000000000	        0.0000000000	        0.0000000000	        0.0000000000	        0.0000000000	        0.0000000000	        0.0000000000	        0.0000000000	        0.0000000000	        0.0000000000	        0.0000000000	        0.0000000000	        0.0000000000	        0.0000000000	        0.0000000000	        0.0000000000	        0.0000000000	        0.0000000000	        0.0000000000	        0.0000000000	        0.0000000000	        0.0000000000	        0.0000000000	        0.0000000000	        0.0000000000	        0.0164149293	        0.0095955091	       -0.0841314565	        0.0086875849	        0.0156807598	        0.0000000000	        0.0000000000	        0.0000000000	        0.0000000000	        0.0000000000	        0.0000000000	        0.0000000000	        0.0000000000	        0.0000000000	        0.0000000000	        0.0000000000	        0.0000000000	        0.0000000000	        0.0000000000	        0.0000000000	        0.0000000000	        0.0000000000	        0.0000000000	        0.0000000000	        0.0000000000	        0.0000000000	        0.0000000000	        0.0000000000	        0.0000000000	        0.0000000000	        0.0000000000	        0.0000000000	        0.0000000000	        0.0000000000	        0.0000000000	        0.0000000000	        0.0000000000	        0.0000000000	        0.0000000000	        0.0000000000	        0.0000000000	        0.0000000000	        0.0000000000	        0.0000000000	
        2.0000000000	       61.1721256614	      129.9667244626	        8.1018185323	        6.6320388311	       44.3504359503	       61.0185131292	       47.6372496751	       75.7575526705	       51.4537074239	       13.7580008316	        7.0643707138	       10.9656748842	       20.1797100982	       33.0484924732	       16.6465559722	       71.5895086382	       70.2828600805	       28.7808231507	       25.0101887571	       30.8897044344	       38.6810502032	       53.0486922401	       66.4664269137	       45.7518624300	        9.9604219648	        7.6938637996	       13.9248401563	      276.7801029272	      313.6328221723	       84.5025292721	       44.1963288020	       37.9018125129	        9.9329933228	       53.6419841111	        6.2235182592	      145.0646225363	      132.2670839519	       17.4533393560	       43.4213379478	       24.8118089549	        0.0000000000	        0.0000000000	        0.0000000000	        0.0000000000	        0.0000000000	        0.0000000000	        0.0000000000	        0.0000000000	        0.0000000000	        0.0000000000	        0.0000000000	        0.0000000000	        0.0000000000	        0.0000000000	        0.0000000000	        0.0000000000	        0.0000000000	        0.0000000000	        0.0000000000	        0.0000000000	        0.0000000000	        0.0000000000	        0.0000000000	        0.0000000000	        0.0000000000	        0.0000000000	        0.0000000000	        0.0000000000	        0.0000000000	        0.0000000000	        0.0000000000	        0.0000000000	        0.0000000000	        0.0000000000	        0.0000000000	        0.0000000000	        0.0000000000	        0.0000000000	        0.0000000000	        0.0000000000	        0.0000000000	        0.0000000000	        0.0000000000	        0.0000000000	        0.0000000000	        0.0000000000	        0.0000000000	        0.0000000000	        0.0000000000	        0.0000000000	        0.0000000000	        0.0000000000	        0.0000000000	        0.0000000000	        0.0000000000	        0.0000000000	        0.0000000000	        0.0000000000	        0.0000000000	        0.0000000000	        0.0000000000	        0.0000000000	        0.0000000000	        0.0164547901	        0.0089298252	       -0.0854694697	        0.0094332958	        0.0156379923	        0.0000000000	        0.0000000000	        0.0000000000	        0.0000000000	        0.0000000000	        0.0000000000	        0.0000000000	        0.0000000000	        0.0000000000	        0.0000000000	        0.0000000000	        0.0000000000	        0.0000000000	        0.0000000000	        0.0000000000	        0.0000000000	        0.0000000000	        0.0000000000	        0.0000000000	        0.0000000000	        0.0000000000	        0.0000000000	        0.0000000000	        0.0000000000	        0.0000000000	        0.0000000000	        0.0000000000	        0.0000000000	        0.0000000000	        0.0000000000	        0.0000000000	        0.0000000000	        0.0000000000	        0.0000000000	        0.0000000000	        0.0000000000	        0.0000000000	        0.0000000000	        0.0000000000	
        2.0100000000	       58.4770008190	      125.4974713258	        7.6653530720	        6.5340993802	       41.4533302255	       60.4927536956	       60.0224716630	       84.5939585199	       54.8196534444	       15.2399851788	        6.7660555410	       10.6705468709	       22.7159944183	       36.5436882057	       16.8084656016	       70.4392344706	       63.7273452919	       28.9705111574	       25.1128346916	       30.9724676207	       39.0775690158	       53.5311349617	       67.1965211026	       43.9403017876	       10.0725351177	        7.5140607961	       13.6444288273	      274.8732128905	      321.0309657381	       69.3649227968	       45.7935411105	       38.2389573325	        9.9813405614	       52.3404904407	        5.9073077896	      152.3889446090	      131.6923486119	       16.3988239210	       41.0790246681	       23.5774576923	        0.0000000000	        0.0000000000	        0.0000000000	        0.0000000000	        0.0000000000	        0.0000000000	        0.0000000000	        0.0000000000	        0.0000000000	        0.0000000000	        0.0000000000	        0.0000000000	        0.0000000000	        0.0000000000	        0.0000000000	        0.0000000000	        0.0000000000	        0.0000000000	        0.0000000000	        0.0000000000	        0.0000000000	        0.0000000000	        0.0000000000	        0.0000000000	        0.0000000000	        0.0000000000	        0.0000000000	        0.0000000000	        0.0000000000	        0.0000000000	        0.0000000000	        0.0000000000	        0.0000000000	        0.0000000000	        0.0000000000	        0.0000000000	        0.0000000000	        0.0000000000	        0.0000000000	        0.0000000000	        0.0000000000	        0.0000000000	        0.0000000000	        0.0000000000	        0.0000000000	        0.0000000000	        0.0000000000	        0.0000000000	        0.0000000000	        0.0000000000	        0.0000000000	        0.0000000000	        0.0000000000	        0.0000000000	        0.0000000000	        0.0000000000	        0.0000000000	        0.0000000000	        0.0000000000	        0.0000000000	        0.0000000000	        0.0000000000	        0.0000000000	        0.0165022418	        0.0081957986	       -0.0864279982	        0.0102876525	        0.0151330652	        0.0000000000	        0.0000000000	        0.0000000000	        0.0000000000	        0.0000000000	        0.0000000000	        0.0000000000	        0.0000000000	        0.0000000000	        0.0000000000	        0.0000000000	        0.0000000000	        0.0000000000	        0.0000000000	        0.0000000000	        0.0000000000	        0.0000000000	        0.0000000000	        0.0000000000	        0.0000000000	        0.0000000000	        0.0000000000	        0.0000000000	        0.0000000000	        0.0000000000	        0.0000000000	        0.0000000000	        0.0000000000	        0.0000000000	        0.0000000000	        0.0000000000	        0.0000000000	        0.0000000000	        0.0000000000	        0.0000000000	        0.0000000000	        0.0000000000	        0.0000000000	        0.0000000000	
        2.0200000000	       55.3192517738	      120.3627824116	        7.3306288134	        6.4518478428	       38.4181890046	       59.6941814652	       74.3559840080	       93.5013991028	       57.6933471897	       16.5847235464	        6.4890997534	       10.4759843652	       25.4498489579	       40.4446466641	       17.1084869850	       69.4195811704	       57.2733091983	       29.1087020613	       25.1720780511	       31.0068975280	       39.4576051735	       53.9663978331	       67.7893222421	       41.7929972230	       10.1777622598	        7.3844626397	       13.4638470509	      271.3797870358	      326.2701226762	       55.0789508594	       46.9186222628	       38.2561648030	       10.0284462128	       51.2962993873	        5.6192276072	      156.9665243177	      131.1859507093	       15.5140679041	       39.0292563019	       22.4995508079	        0.0000000000	        0.0000000000	        0.0000000000	        0.0000000000	        0.0000000000	        0.0000000000	        0.0000000000	        0.0000000000	        0.0000000000	        0.0000000000	        0.0000000000	        0.0000000000	        0.0000000000	        0.0000000000	        0.0000000000	        0.0000000000	        0.0000000000	        0.0000000000	        0.0000000000	        0.0000000000	        0.0000000000	        0.0000000000	        0.0000000000	        0.0000000000	        0.0000000000	        0.0000000000	        0.0000000000	        0.0000000000	        0.0000000000	        0.0000000000	        0.0000000000	        0.0000000000	        0.0000000000	        0.0000000000	        0.0000000000	        0.0000000000	        0.0000000000	        0.0000000000	        0.0000000000	        0.0000000000	        0.0000000000	        0.0000000000	        0.0000000000	        0.0000000000	        0.0000000000	        0.0000000000	        0.0000000000	        0.0000000000	        0.0000000000	        0.0000000000	        0.0000000000	        0.0000000000	        0.0000000000	        0.0000000000	        0.0000000000	        0.0000000000	        0.0000000000	        0.0000000000	        0.0000000000	        0.0000000000	        0.0000000000	        0.0000000000	        0.0000000000	        0.0164939801	        0.0074180180	       -0.0868212099	        0.0112532696	        0.0143801406	        0.0000000000	        0.0000000000	        0.0000000000	        0.0000000000	        0.0000000000	        0.0000000000	        0.0000000000	        0.0000000000	        0.0000000000	        0.0000000000	        0.0000000000	        0.0000000000	        0.0000000000	        0.0000000000	        0.0000000000	        0.0000000000	        0.0000000000	        0.0000000000	        0.0000000000	        0.0000000000	        0.0000000000	        0.0000000000	        0.0000000000	        0.0000000000	        0.0000000000	        0.0000000000	        0.0000000000	        0.0000000000	        0.0000000000	        0.0000000000	        0.0000000000	        0.0000000000	        0.0000000000	        0.0000000000	        0.0000000000	        0.0000000000	        0.0000000000	        0.0000000000	        0.0000000000	
        2.0300000000	       51.7079804886	      114.4425478071	        7.0901946541	        6.3893587715	       35.3448168350	       58.5470856826	       90.5517361603	      102.4033201838	       59.9626254344	       17.7053881177	        6.2545443804	       10.3665002802	       28.3541384033	       44.6526088234	       17.5717814944	       68.7051997397	       51.3242524276	       29.2001320359	       25.1937740993	       31.0023053436	       39.8064226036	       54.3348795671	       68.2196740420	       39.4165262616	       10.2716090497	        7.2998225113	       13.3656690859	      266.1317068558	      328.3037075528	       41.7931187936	       47.4353611163	       38.3405568766	       10.1023247208	       50.6188527333	        5.3535862191	      159.0730646825	      130.7735036937	       14.7890584224	       37.2996108183	       21.5884860397	        0.0000000000	        0.0000000000	        0.0000000000	        0.0000000000	        0.0000000000	        0.0000000000	        0.0000000000	        0.0000000000	        0.0000000000	        0.0000000000	        0.0000000000	        0.0000000000	        0.0000000000	        0.0000000000	        0.0000000000	        0.0000000000	        0.0000000000	        0.0000000000	        0.0000000000	        0.0000000000	        0.0000000000	        0.0000000000	        0.0000000000	        0.0000000000	        0.0000000000	        0.0000000000	        0.0000000000	        0.0000000000	        0.0000000000	        0.0000000000	        0.0000000000	        0.0000000000	        0.0000000000	        0.0000000000	        0.0000000000	        0.0000000000	        0.0000000000	        0.0000000000	        0.0000000000	        0.0000000000	        0.0000000000	        0.0000000000	        0.0000000000	        0.0000000000	        0.0000000000	        0.0000000000	        0.0000000000	        0.0000000000	        0.0000000000	        0.0000000000	        0.0000000000	        0.0000000000	        0.0000000000	        0.0000000000	        0.0000000000	        0.0000000000	        0.0000000000	        0.0000000000	        0.0000000000	        0.0000000000	        0.0000000000	        0.0000000000	        0.0000000000	        0.0163742328	        0.0066240224	       -0.0864972155	        0.0123288342	        0.0135725653	        0.0000000000	        0.0000000000	        0.0000000000	        0.0000000000	        0.0000000000	        0.0000000000	        0.0000000000	        0.0000000000	        0.0000000000	        0.0000000000	        0.0000000000	        0.0000000000	        0.0000000000	        0.0000000000	        0.0000000000	        0.0000000000	        0.0000000000	        0.0000000000	        0.0000000000	        0.0000000000	        0.0000000000	        0.0000000000	        0.0000000000	        0.0000000000	        0.0000000000	        0.0000000000	        0.0000000000	        0.0000000000	        0.0000000000	        0.0000000000	        0.0000000000	        0.0000000000	        0.0000000000	        0.0000000000	        0.0000000000	        0.0000000000	        0.0000000000	        0.0000000000	        0.0000000000	
        2.0400000000	       47.7046068346	      107.7192150803	        6.9267727605	        6.3485210196	       32.3210863920	       57.0103364057	      108.4112357410	      111.2358839050	       61.5700334817	       18.5367851931	        6.0768285563	       10.3255554750	       31.3895064352	       48.9909819417	       18.2219735531	       68.4103093573	       46.1313127131	       29.2554445669	       25.1877187590	       30.9718943314	       40.1154385849	       54.6268586277	       68.4811429560	       36.9004610930	       10.3505865486	        7.2543008295	       13.3332480318	      259.2726269401	      326.4618848322	       29.8467409018	       47.2795298212	       39.2507593482	       10.2345543198	       50.3589695576	        5.1085806904	      159.1891735689	      130.4798313326	       14.2165243321	       35.9128069166	       20.8517393351	        0.0000000000	        0.0000000000	        0.0000000000	        0.0000000000	        0.0000000000	        0.0000000000	        0.0000000000	        0.0000000000	        0.0000000000	        0.0000000000	        0.0000000000	        0.0000000000	        0.0000000000	        0.0000000000	        0.0000000000	        0.0000000000	        0.0000000000	        0.0000000000	        0.0000000000	        0.0000000000	        0.0000000000	        0.0000000000	        0.0000000000	        0.0000000000	        0.0000000000	        0.0000000000	        0.0000000000	        0.0000000000	        0.0000000000	        0.0000000000	        0.0000000000	        0.0000000000	        0.0000000000	        0.0000000000	        0.0000000000	        0.0000000000	        0.0000000000	        0.0000000000	        0.0000000000	        0.0000000000	        0.0000000000	        0.0000000000	        0.0000000000	        0.0000000000	        0.0000000000	        0.0000000000	        0.0000000000	        0.0000000000	        0.0000000000	        0.0000000000	        0.0000000000	        0.0000000000	        0.0000000000	        0.0000000000	        0.0000000000	        0.0000000000	        0.0000000000	        0.0000000000	        0.0000000000	        0.0000000000	        0.0000000000	        0.0000000000	        0.0000000000	        0.0161074238	        0.0058404759	       -0.0853858597	        0.0135084986	        0.0128571137	        0.0000000000	        0.0000000000	        0.0000000000	        0.0000000000	        0.0000000000	        0.0000000000	        0.0000000000	        0.0000000000	        0.0000000000	        0.0000000000	        0.0000000000	        0.0000000000	        0.0000000000	        0.0000000000	        0.0000000000	        0.0000000000	        0.0000000000	        0.0000000000	        0.0000000000	        0.0000000000	        0.0000000000	        0.0000000000	        0.0000000000	        0.0000000000	        0.0000000000	        0.0000000000	        0.0000000000	        0.0000000000	        0.0000000000	        0.0000000000	        0.0000000000	        0.0000000000	        0.0000000000	        0.0000000000	        0.0000000000	        0.0000000000	        0.0000000000	        0.0000000000	        0.0000000000	
        2.0500000000	       43.4035408257	      100.2716296973	        6.8193690876	        6.3286032251	       29.4075916775	       55.1164356467	      127.4356855221	      119.8078144543	       62.5103129745	       19.0407728325	        5.9634982111	       10.3378932997	       34.5034590501	       53.2303751542	       19.0846451577	       68.6555095271	       41.7710178692	       29.2900595681	       25.1664926356	       30.9310022540	       40.3829841298	       54.8435592221	       68.5871672485	       34.2572790660	       10.4112364945	        7.2421691236	       13.3517155845	      251.2383354088	      320.9300313192	       19.9689024975	       46.4786990852	       42.6556140395	       10.4268325161	       50.5115952117	        4.8852660085	      157.8871145999	      130.3236577605	       13.7939411803	       34.8912906631	       20.2977171779	        0.0000000000	        0.0000000000	        0.0000000000	        0.0000000000	        0.0000000000	        0.0000000000	        0.0000000000	        0.0000000000	        0.0000000000	        0.0000000000	        0.0000000000	        0.0000000000	        0.0000000000	        0.0000000000	        0.0000000000	        0.0000000000	        0.0000000000	        0.0000000000	        0.0000000000	        0.0000000000	        0.0000000000	        0.0000000000	        0.0000000000	        0.0000000000	        0.0000000000	        0.0000000000	        0.0000000000	        0.0000000000	        0.0000000000	        0.0000000000	        0.0000000000	        0.0000000000	        0.0000000000	        0.0000000000	        0.0000000000	        0.0000000000	        0.0000000000	        0.0000000000	        0.0000000000	        0.0000000000	        0.0000000000	        0.0000000000	        0.0000000000	        0.0000000000	        0.0000000000	        0.0000000000	        0.0000000000	        0.0000000000	        0.0000000000	        0.0000000000	        0.0000000000	        0.0000000000	        0.0000000000	        0.0000000000	        0.0000000000	        0.0000000000	        0.0000000000	        0.0000000000	        0.0000000000	        0.0000000000	        0.0000000000	        0.0000000000	        0.0000000000	        0.0157273913	        0.0050839652	       -0.0837252662	        0.0146198509	        0.0123242301	        0.0000000000	        0.0000000000	        0.0000000000	        0.0000000000	        0.0000000000	        0.0000000000	        0.0000000000	        0.0000000000	        0.0000000000	        0.0000000000	        0.0000000000	        0.0000000000	        0.0000000000	        0.0000000000	        0.0000000000	        0.0000000000	        0.0000000000	        0.0000000000	        0.0000000000	        0.0000000000	        0.0000000000	        0.0000000000	        0.0000000000	        0.0000000000	        0.0000000000	        0.0000000000	        0.0000000000	        0.0000000000	        0.0000000000	        0.0000000000	        0.0000000000	        0.0000000000	        0.0000000000	        0.0000000000	        0.0000000000	        0.0000000000	        0.0000000000	        0.0000000000	        0.0000000000	
        2.0600000000	       38.9274407911	       92.2395408017	        6.7528924574	        6.3274274291	       26.6432243789	       52.8934430676	      147.2676893964	      128.2450422098	       62.8320672024	       19.2111673012	        5.9161932859	       10.3888465435	       37.6317362514	       57.1764378945	       20.1539989221	       69.3851612861	       38.2047499238	       29.3225756635	       25.1444395979	       30.8961931034	       40.6145682892	       54.9973467414	       68.5704754196	       31.5743042815	       10.4523887752	        7.2570663872	       13.4063120755	      242.6302885454	      312.0532747651	       13.1557316882	       45.1360784138	       50.0595852833	       10.7119711172	       51.0263966507	        4.6867130002	      155.7820121601	      130.3110584241	       13.5158722942	       34.2486913142	       19.9277654388	        0.0000000000	        0.0000000000	        0.0000000000	        0.0000000000	        0.0000000000	        0.0000000000	        0.0000000000	        0.0000000000	        0.0000000000	        0.0000000000	        0.0000000000	        0.0000000000	        0.0000000000	        0.0000000000	        0.0000000000	        0.0000000000	        0.0000000000	        0.0000000000	        0.0000000000	        0.0000000000	        0.0000000000	        0.0000000000	        0.0000000000	        0.0000000000	        0.0000000000	        0.0000000000	        0.0000000000	        0.0000000000	        0.0000000000	        0.0000000000	        0.0000000000	        0.0000000000	        0.0000000000	        0.0000000000	        0.0000000000	        0.0000000000	        0.0000000000	        0.0000000000	        0.0000000000	        0.0000000000	        0.0000000000	        0.0000000000	        0.0000000000	        0.0000000000	        0.0000000000	        0.0000000000	        0.0000000000	        0.0000000000	        0.0000000000	        0.0000000000	        0.0000000000	        0.0000000000	        0.0000000000	        0.0000000000	        0.0000000000	        0.0000000000	        0.0000000000	        0.0000000000	        0.0000000000	        0.0000000000	        0.0000000000	        0.0000000000	        0.0000000000	        0.0152571389	        0.0043650380	       -0.0816621743	        0.0156183568	        0.0120538679	        0.0000000000	        0.0000000000	        0.0000000000	        0.0000000000	        0.0000000000	        0.0000000000	        0.0000000000	        0.0000000000	        0.0000000000	        0.0000000000	        0.0000000000	        0.0000000000	        0.0000000000	        0.0000000000	        0.0000000000	        0.0000000000	        0.0000000000	        0.0000000000	        0.0000000000	        0.0000000000	        0.0000000000	        0.0000000000	        0.0000000000	        0.0000000000	        0.0000000000	        0.0000000000	        0.0000000000	        0.0000000000	        0.0000000000	        0.0000000000	        0.0000000000	        0.0000000000	        0.0000000000	        0.0000000000	        0.0000000000	        0.0000000000	        0.0000000000	        0.0000000000	        0.0000000000	
        2.0700000000	       34.4206120532	       83.8080310977	        6.7183427684	        6.3420195622	       24.0552840546	       50.3393543613	      167.8900129138	      136.9546044702	       62.6313794108	       19.0734139201	        5.9325545652	       10.4639647695	       40.7001972548	       60.7283440390	       21.3713854797	       70.3620860516	       35.3420626386	       29.3725491700	       25.1362241113	       30.8840255402	       40.8221658053	       55.1103624858	       68.4796521967	       29.0320051741	       10.4760227305	        7.2917625888	       13.4817393858	      234.1076165269	      300.0310553308	        9.6209945040	       43.3964823021	       61.2644653532	       11.2544625869	       51.8248513603	        4.5170597552	      153.4855714847	      130.4326664165	       13.3758028779	       33.9911378281	       19.7384355856	        0.0000000000	        0.0000000000	        0.0000000000	        0.0000000000	        0.0000000000	        0.0000000000	        0.0000000000	        0.0000000000	        0.0000000000	        0.0000000000	        0.0000000000	        0.0000000000	        0.0000000000	        0.0000000000	        0.0000000000	        0.0000000000	        0.0000000000	        0.0000000000	        0.0000000000	        0.0000000000	        0.0000000000	        0.0000000000	        0.0000000000	        0.0000000000	        0.0000000000	        0.0000000000	        0.0000000000	        0.0000000000	        0.0000000000	        0.0000000000	        0.0000000000	        0.0000000000	        0.0000000000	        0.0000000000	        0.0000000000	        0.0000000000	        0.0000000000	        0.0000000000	        0.0000000000	        0.0000000000	        0.0000000000	        0.0000000000	        0.0000000000	        0.0000000000	        0.0000000000	        0.0000000000	        0.0000000000	        0.0000000000	        0.0000000000	        0.0000000000	        0.0000000000	        0.0000000000	        0.0000000000	        0.0000000000	        0.0000000000	        0.0000000000	        0.0000000000	        0.0000000000	        0.0000000000	        0.0000000000	        0.0000000000	        0.0000000000	        0.0000000000	        0.0146780519	        0.0036913936	       -0.0791024362	        0.0167366550	        0.0121384845	        0.0000000000	        0.0000000000	        0.0000000000	        0.0000000000	        0.0000000000	        0.0000000000	        0.0000000000	        0.0000000000	        0.0000000000	        0.0000000000	        0.0000000000	        0.0000000000	        0.0000000000	        0.0000000000	        0.0000000000	        0.0000000000	        0.0000000000	        0.0000000000	        0.0000000000	        0.0000000000	        0.0000000000	        0.0000000000	        0.0000000000	        0.0000000000	        0.0000000000	        0.0000000000	        0.0000000000	        0.0000000000	        0.0000000000	        0.0000000000	        0.0000000000	        0.0000000000	        0.0000000000	        0.0000000000	        0.0000000000	        0.0000000000	        0.0000000000	        0.0000000000	        0.0000000000	
        2.0800000000	       30.0467384577	       75.2309379325	        6.7059555200	        6.3678065425	       21.6806773293	       47.5417154245	      188.8103821337	      145.7904977148	       62.0310164538	       18.6767189109	        6.0080603685	       10.5506343509	       43.6260371047	       63.8536356152	       22.6857012880	       71.5065308884	       33.1036183551	       29.4577266655	       25.1545566137	       30.9078621271	       41.0223456267	       55.2113250271	       68.3723516636	       26.6570383902	       10.4833758827	        7.3394885384	       13.5643498272	      226.3461900336	      285.7729884797	        7.9036636263	       41.3982345984	       74.7601211057	       12.2088705908	       52.8183349740	        4.3806190247	      151.5218991519	      130.6674375361	       13.3755252370	       34.1286370808	       19.7331159793	        0.0000000000	        0.0000000000	        0.0000000000	        0.0000000000	        0.0000000000	        0.0000000000	        0.0000000000	        0.0000000000	        0.0000000000	        0.0000000000	        0.0000000000	        0.0000000000	        0.0000000000	        0.0000000000	        0.0000000000	        0.0000000000	        0.0000000000	        0.0000000000	        0.0000000000	        0.0000000000	        0.0000000000	        0.0000000000	        0.0000000000	        0.0000000000	        0.0000000000	        0.0000000000	        0.0000000000	        0.0000000000	        0.0000000000	        0.0000000000	        0.0000000000	        0.0000000000	        0.0000000000	        0.0000000000	        0.0000000000	        0.0000000000	        0.0000000000	        0.0000000000	        0.0000000000	        0.0000000000	        0.0000000000	        0.0000000000	        0.0000000000	        0.0000000000	        0.0000000000	        0.0000000000	        0.0000000000	        0.0000000000	        0.0000000000	        0.0000000000	        0.0000000000	        0.0000000000	        0.0000000000	        0.0000000000	        0.0000000000	        0.0000000000	        0.0000000000	        0.0000000000	        0.0000000000	        0.0000000000	        0.0000000000	        0.0000000000	        0.0000000000	        0.0140324786	        0.0030680146	       -0.0762753784	        0.0178587482	        0.0126120833	        0.0000000000	        0.0000000000	        0.0000000000	        0.0000000000	        0.0000000000	        0.0000000000	        0.0000000000	        0.0000000000	        0.0000000000	        0.0000000000	        0.0000000000	        0.0000000000	        0.0000000000	        0.0000000000	        0.0000000000	        0.0000000000	        0.0000000000	        0.0000000000	        0.0000000000	        0.0000000000	        0.0000000000	        0.0000000000	        0.0000000000	        0.0000000000	        0.0000000000	        0.0000000000	        0.0000000000	        0.0000000000	        0.0000000000	        0.0000000000	        0.0000000000	        0.0000000000	        0.0000000000	        0.0000000000	        0.0000000000	        0.0000000000	        0.0000000000	        0.0000000000	        0.0000000000	
        2.0900000000	       25.9894805509	       66.8202504915	        6.7087263397	        6.3998538842	       19.5661298523	       44.6116412482	      209.4113115018	      154.5235765025	       61.1610730077	       18.0845720190	        6.1365694739	       10.6383282029	       46.3228618365	       66.5886039086	       24.0254134208	       72.6937073315	       31.4194436106	       29.5923344523	       25.2092681283	       30.9771012014	       41.2344970494	       55.3325639352	       68.3096179524	       24.4811617442	       10.4771009319	        7.3942511312	       13.6427397476	      219.9429758324	      270.2037668256	        6.8210909040	       39.2808938266	       88.9079326140	       13.7303832898	       53.9135058683	        4.2812452775	      150.2915513545	      130.9841432024	       13.5161967422	       34.6621414728	       19.9115289364	        0.0000000000	        0.0000000000	        0.0000000000	        0.0000000000	        0.0000000000	        0.0000000000	        0.0000000000	        0.0000000000	        0.0000000000	        0.0000000000	        0.0000000000	        0.0000000000	        0.0000000000	        0.0000000000	        0.0000000000	        0.0000000000	        0.0000000000	        0.0000000000	        0.0000000000	        0.0000000000	        0.0000000000	        0.0000000000	        0.0000000000	        0.0000000000	        0.0000000000	        0.0000000000	        0.0000000000	        0.0000000000	        0.0000000000	        0.0000000000	        0.0000000000	        0.0000000000	        0.0000000000	        0.0000000000	        0.0000000000	        0.0000000000	        0.0000000000	        0.0000000000	        0.0000000000	        0.0000000000	        0.0000000000	        0.0000000000	        0.0000000000	        0.0000000000	        0.0000000000	        0.0000000000	        0.0000000000	        0.0000000000	        0.0000000000	        0.0000000000	        0.0000000000	        0.0000000000	        0.0000000000	        0.0000000000	        0.0000000000	        0.0000000000	        0.0000000000	        0.0000000000	        0.0000000000	        0.0000000000	        0.0000000000	        0.0000000000	        0.0000000000	        0.0133497750	        0.0025031149	       -0.0733332223	        0.0189357599	        0.0134757710	        0.0000000000	        0.0000000000	        0.0000000000	        0.0000000000	        0.0000000000	        0.0000000000	        0.0000000000	        0.0000000000	        0.0000000000	        0.0000000000	        0.0000000000	        0.0000000000	        0.0000000000	        0.0000000000	        0.0000000000	        0.0000000000	        0.0000000000	        0.0000000000	        0.0000000000	        0.0000000000	        0.0000000000	        0.0000000000	        0.0000000000	        0.0000000000	        0.0000000000	        0.0000000000	        0.0000000000	        0.0000000000	        0.0000000000	        0.0000000000	        0.0000000000	        0.0000000000	        0.0000000000	        0.0000000000	        0.0000000000	        0.0000000000	        0.0000000000	        0.0000000000	        0.0000000000	
        2.1000000000	       22.4261791819	       58.9236327283	        6.7213609203	        6.4332665446	       17.7558661290	       41.6763509227	      229.1110089681	      162.9437116795	       60.1354906336	       17.3631045571	        6.3098297929	       10.7200978265	       48.7057896831	       68.9799417581	       25.2971496338	       73.7396788362	       30.2093255744	       29.7858467848	       25.3064977651	       31.0961884959	       41.4787484812	       55.5066506335	       68.3498288259	       22.5651364421	       10.4612492450	        7.4520050794	       13.7098237314	      215.3722315037	      254.3188190169	        5.8990921952	       37.1899771367	      102.4039923436	       15.8827560482	       55.0097282503	        4.2217247399	      150.0096262521	      131.3461299186	       13.7968703338	       35.5795846042	       20.2678798862	        0.0000000000	        0.0000000000	        0.0000000000	        0.0000000000	        0.0000000000	        0.0000000000	        0.0000000000	        0.0000000000	        0.0000000000	        0.0000000000	        0.0000000000	        0.0000000000	        0.0000000000	        0.0000000000	        0.0000000000	        0.0000000000	        0.0000000000	        0.0000000000	        0.0000000000	        0.0000000000	        0.0000000000	        0.0000000000	        0.0000000000	        0.0000000000	        0.0000000000	        0.0000000000	        0.0000000000	        0.0000000000	        0.0000000000	        0.0000000000	        0.0000000000	        0.0000000000	        0.0000000000	        0.0000000000	        0.0000000000	        0.0000000000	        0.0000000000	        0.0000000000	        0.0000000000	        0.0000000000	        0.0000000000	        0.0000000000	        0.0000000000	        0.0000000000	        0.0000000000	        0.0000000000	        0.0000000000	        0.0000000000	        0.0000000000	        0.0000000000	        0.0000000000	        0.0000000000	        0.0000000000	        0.0000000000	        0.0000000000	        0.0000000000	        0.0000000000	        0.0000000000	        0.0000000000	        0.0000000000	        0.0000000000	        0.0000000000	        0.0000000000	        0.0126559804	        0.0020049293	       -0.0703878250	        0.0200138692	        0.0146659875	        0.0000000000	        0.0000000000	        0.0000000000	        0.0000000000	        0.0000000000	        0.0000000000	        0.0000000000	        0.0000000000	        0.0000000000	        0.0000000000	        0.0000000000	        0.0000000000	        0.0000000000	        0.0000000000	        0.0000000000	        0.0000000000	        0.0000000000	        0.0000000000	        0.0000000000	        0.0000000000	        0.0000000000	        0.0000000000	        0.0000000000	        0.0000000000	        0.0000000000	        0.0000000000	        0.0000000000	        0.0000000000	        0.0000000000	        0.0000000000	        0.0000000000	        0.0000000000	        0.0000000000	        0.0000000000	        0.0000000000	        0.0000000000	        0.0000000000	        0.0000000000	        0.0000000000	
        2.1100000000	       19.5112019369	       51.9139753735	        6.7394070356	        6.4633217752	       16.2968338148	       38.8980682675	      247.2272573814	      170.8111729811	       59.0336680762	       16.5717200372	        6.5165901629	       10.7941957076	       50.6950441422	       71.0141713962	       26.3967858149	       74.4642809573	       29.4081615486	       30.0424785116	       25.4482410697	       31.2632695574	       41.7739643331	       55.7632251222	       68.5433004151	       20.9715348522	       10.4400052697	        7.5117696899	       13.7648477938	      212.9817835565	      239.2425885326	        5.0539507162	       35.2716549274	      114.3042982411	       18.5671561689	       55.9919922866	        4.2032662236	      150.6516883953	      131.7161987148	       14.2129925181	       36.8513505625	       20.7894888812	        0.0000000000	        0.0000000000	        0.0000000000	        0.0000000000	        0.0000000000	        0.0000000000	        0.0000000000	        0.0000000000	        0.0000000000	        0.0000000000	        0.0000000000	        0.0000000000	        0.0000000000	        0.0000000000	        0.0000000000	        0.0000000000	        0.0000000000	        0.0000000000	        0.0000000000	        0.0000000000	        0.0000000000	        0.0000000000	        0.0000000000	        0.0000000000	        0.0000000000	        0.0000000000	        0.0000000000	        0.0000000000	        0.0000000000	        0.0000000000	        0.0000000000	        0.0000000000	        0.0000000000	        0.0000000000	        0.0000000000	        0.0000000000	        0.0000000000	        0.0000000000	        0.0000000000	        0.0000000000	        0.0000000000	        0.0000000000	        0.0000000000	        0.0000000000	        0.0000000000	        0.0000000000	        0.0000000000	        0.0000000000	        0.0000000000	        0.0000000000	        0.0000000000	        0.0000000000	        0.0000000000	        0.0000000000	        0.0000000000	        0.0000000000	        0.0000000000	        0.0000000000	        0.0000000000	        0.0000000000	        0.0000000000	        0.0000000000	        0.0000000000	        0.0119892903	        0.0015845006	       -0.0676023031	        0.0211692770	        0.0160239546	        0.0000000000	        0.0000000000	        0.0000000000	        0.0000000000	        0.0000000000	        0.0000000000	        0.0000000000	        0.0000000000	        0.0000000000	        0.0000000000	        0.0000000000	        0.0000000000	        0.0000000000	        0.0000000000	        0.0000000000	        0.0000000000	        0.0000000000	        0.0000000000	        0.0000000000	        0.0000000000	        0.0000000000	        0.0000000000	        0.0000000000	        0.0000000000	        0.0000000000	        0.0000000000	        0.0000000000	        0.0000000000	        0.0000000000	        0.0000000000	        0.0000000000	        0.0000000000	        0.0000000000	        0.0000000000	        0.0000000000	        0.0000000000	        0.0000000000	        0.0000000000	        0.0000000000	
        2.1200000000	       17.3626456669	       46.1682304587	        6.7600816754	        6.4857459342	       15.2511008543	       36.4750377466	      262.8137234547	      177.8499353037	       57.8977751735	       15.7603194871	        6.7419725073	       10.8640121533	       52.2174534759	       72.6076102036	       27.2134582652	       74.7286655312	       29.0145081129	       30.3615395045	       25.6325343737	       31.4691891114	       42.1361881622	       56.1266051612	       68.9286051849	       19.7476176557	       10.4166867827	        7.5752634066	       13.8131503008	      212.9986171704	      226.1752353815	        4.3385664088	       33.6567681777	      123.9340306217	       21.5723179333	       56.7256033855	        4.2251458880	      151.9665471346	      132.0581925405	       14.7531024853	       38.4236750870	       21.4544278259	        0.0000000000	        0.0000000000	        0.0000000000	        0.0000000000	        0.0000000000	        0.0000000000	        0.0000000000	        0.0000000000	        0.0000000000	        0.0000000000	        0.0000000000	        0.0000000000	        0.0000000000	        0.0000000000	        0.0000000000	        0.0000000000	        0.0000000000	        0.0000000000	        0.0000000000	        0.0000000000	        0.0000000000	        0.0000000000	        0.0000000000	        0.0000000000	        0.0000000000	        0.0000000000	        0.0000000000	        0.0000000000	        0.0000000000	        0.0000000000	        0.0000000000	        0.0000000000	        0.0000000000	        0.0000000000	        0.0000000000	        0.0000000000	        0.0000000000	        0.0000000000	        0.0000000000	        0.0000000000	        0.0000000000	        0.0000000000	        0.0000000000	        0.0000000000	        0.0000000000	        0.0000000000	        0.0000000000	        0.0000000000	        0.0000000000	        0.0000000000	        0.0000000000	        0.0000000000	        0.0000000000	        0.0000000000	        0.0000000000	        0.0000000000	        0.0000000000	        0.0000000000	        0.0000000000	        0.0000000000	        0.0000000000	        0.0000000000	        0.0000000000	        0.0113962091	        0.0012612291	       -0.0651935714	        0.0224704780	        0.0173286327	        0.0000000000	        0.0000000000	        0.0000000000	        0.0000000000	        0.0000000000	        0.0000000000	        0.0000000000	        0.0000000000	        0.0000000000	        0.0000000000	        0.0000000000	        0.0000000000	        0.0000000000	        0.0000000000	        0.0000000000	        0.0000000000	        0.0000000000	        0.0000000000	        0.0000000000	        0.0000000000	        0.0000000000	        0.0000000000	        0.0000000000	        0.0000000000	        0.0000000000	        0.0000000000	        0.0000000000	        0.0000000000	        0.0000000000	        0.0000000000	        0.0000000000	        0.0000000000	        0.0000000000	        0.0000000000	        0.0000000000	        0.0000000000	        0.0000000000	        0.0000000000	        0.0000000000	
        2.1300000000	       16.0637003500	       42.0327602148	        6.7837344621	        6.4970747964	       14.7062873557	       34.6243104453	      274.6156684844	      183.7723765819	       56.7438971849	       14.9723153947	        6.9676212373	       10.9365218196	       53.2066210202	       73.6476556467	       27.6302462518	       74.4394652265	       29.1243141071	       30.7384616442	       25.8542107618	       31.6976592673	       42.5776723225	       56.6143972780	       69.5308653098	       18.9188210475	       10.3933124781	        7.6454295282	       13.8643221912	      215.5342758191	      216.2829330774	        3.8095271308	       32.4450979773	      130.7808085574	       24.6415595360	       57.0602741075	        4.2845933684	      153.5484204712	      132.3377328933	       15.3950229291	       40.2144955458	       22.2303638669	        0.0000000000	        0.0000000000	        0.0000000000	        0.0000000000	        0.0000000000	        0.0000000000	        0.0000000000	        0.0000000000	        0.0000000000	        0.0000000000	        0.0000000000	        0.0000000000	        0.0000000000	        0.0000000000	        0.0000000000	        0.0000000000	        0.0000000000	        0.0000000000	        0.0000000000	        0.0000000000	        0.0000000000	        0.0000000000	        0.0000000000	        0.0000000000	        0.0000000000	        0.0000000000	        0.0000000000	        0.0000000000	        0.0000000000	        0.0000000000	        0.0000000000	        0.0000000000	        0.0000000000	        0.0000000000	        0.0000000000	        0.0000000000	        0.0000000000	        0.0000000000	        0.0000000000	        0.0000000000	        0.0000000000	        0.0000000000	        0.0000000000	        0.0000000000	        0.0000000000	        0.0000000000	        0.0000000000	        0.0000000000	        0.0000000000	        0.0000000000	        0.0000000000	        0.0000000000	        0.0000000000	        0.0000000000	        0.0000000000	        0.0000000000	        0.0000000000	        0.0000000000	        0.0000000000	        0.0000000000	        0.0000000000	        0.0000000000	        0.0000000000	        0.0109220346	        0.0010674322	       -0.0633997670	        0.0239491807	        0.0183516753	        0.0000000000	        0.0000000000	        0.0000000000	        0.0000000000	        0.0000000000	        0.0000000000	        0.0000000000	        0.0000000000	        0.0000000000	        0.0000000000	        0.0000000000	        0.0000000000	        0.0000000000	        0.0000000000	        0.0000000000	        0.0000000000	        0.0000000000	        0.0000000000	        0.0000000000	        0.0000000000	        0.0000000000	        0.0000000000	        0.0000000000	        0.0000000000	        0.0000000000	        0.0000000000	        0.0000000000	        0.0000000000	        0.0000000000	        0.0000000000	        0.0000000000	        0.0000000000	        0.0000000000	        0.0000000000	        0.0000000000	        0.0000000000	        0.0000000000	        0.0000000000	        0.0000000000	
        2.1400000000	       15.6936161643	       39.7888070519	        6.8144499638	        6.4949548670	       14.7761914673	       33.5482244254	      281.1990043429	      188.3150314879	       55.5807775104	       14.2504557464	        7.1727333655	       11.0194545622	       53.6032362277	       74.0412993581	       27.5408450324	       73.5388641797	       29.9146171754	       31.1661833666	       26.1061076810	       31.9285271050	       43.1065153089	       57.2371426675	       70.3620113411	       18.4863045075	       10.3708142289	        7.7245504040	       13.9294981234	      220.5928850584	      210.5974145478	        3.4847441901	       31.7003574650	      134.4152012093	       27.5028874641	       56.8472884129	        4.3771546589	      154.9268821115	      132.5244981326	       16.1046559242	       42.1202664710	       23.0772581816	        0.0000000000	        0.0000000000	        0.0000000000	        0.0000000000	        0.0000000000	        0.0000000000	        0.0000000000	        0.0000000000	        0.0000000000	        0.0000000000	        0.0000000000	        0.0000000000	        0.0000000000	        0.0000000000	        0.0000000000	        0.0000000000	        0.0000000000	        0.0000000000	        0.0000000000	        0.0000000000	        0.0000000000	        0.0000000000	        0.0000000000	        0.0000000000	        0.0000000000	        0.0000000000	        0.0000000000	        0.0000000000	        0.0000000000	        0.0000000000	        0.0000000000	        0.0000000000	        0.0000000000	        0.0000000000	        0.0000000000	        0.0000000000	        0.0000000000	        0.0000000000	        0.0000000000	        0.0000000000	        0.0000000000	        0.0000000000	        0.0000000000	        0.0000000000	        0.0000000000	        0.0000000000	        0.0000000000	        0.0000000000	        0.0000000000	        0.0000000000	        0.0000000000	        0.0000000000	        0.0000000000	        0.0000000000	        0.0000000000	        0.0000000000	        0.0000000000	        0.0000000000	        0.0000000000	        0.0000000000	        0.0000000000	        0.0000000000	        0.0000000000	        0.0106040970	        0.0010445277	       -0.0624425413	        0.0255875485	        0.0188796379	        0.0000000000	        0.0000000000	        0.0000000000	        0.0000000000	        0.0000000000	        0.0000000000	        0.0000000000	        0.0000000000	        0.0000000000	        0.0000000000	        0.0000000000	        0.0000000000	        0.0000000000	        0.0000000000	        0.0000000000	        0.0000000000	        0.0000000000	        0.0000000000	        0.0000000000	        0.0000000000	        0.0000000000	        0.0000000000	        0.0000000000	        0.0000000000	        0.0000000000	        0.0000000000	        0.0000000000	        0.0000000000	        0.0000000000	        0.0000000000	        0.0000000000	        0.0000000000	        0.0000000000	        0.0000000000	        0.0000000000	        0.0000000000	        0.0000000000	        0.0000000000	        0.0000000000	
        2.1500000000	       16.3750779984	       39.6488683848	        6.8589753924	        6.4782559982	       15.5862756387	       33.3939940372	      281.1915784182	      191.2640785622	       54.4362149920	       13.6442753016	        7.3355881867	       11.1149958809	       53.3561734604	       73.7800922883	       26.8945852502	       72.0121798717	       31.5747973932	       31.6365512939	       26.3805113720	       32.1448886266	       43.7268094733	       57.9988169537	       71.4226443129	       18.4216443111	       10.3495789723	        7.8108847147	       14.0151028107	      228.0858036692	      209.9595897534	        3.3505485960	       31.4565251351	      134.4608220298	       29.8648176785	       55.9678784758	        4.4976568391	      155.6721327140	      132.5912898165	       16.8413699030	       44.0381074243	       23.9546523235	        0.0000000000	        0.0000000000	        0.0000000000	        0.0000000000	        0.0000000000	        0.0000000000	        0.0000000000	        0.0000000000	        0.0000000000	        0.0000000000	        0.0000000000	        0.0000000000	        0.0000000000	        0.0000000000	        0.0000000000	        0.0000000000	        0.0000000000	        0.0000000000	        0.0000000000	        0.0000000000	        0.0000000000	        0.0000000000	        0.0000000000	        0.0000000000	        0.0000000000	        0.0000000000	        0.0000000000	        0.0000000000	        0.0000000000	        0.0000000000	        0.0000000000	        0.0000000000	        0.0000000000	        0.0000000000	        0.0000000000	        0.0000000000	        0.0000000000	        0.0000000000	        0.0000000000	        0.0000000000	        0.0000000000	        0.0000000000	        0.0000000000	        0.0000000000	        0.0000000000	        0.0000000000	        0.0000000000	        0.0000000000	        0.0000000000	        0.0000000000	        0.0000000000	        0.0000000000	        0.0000000000	        0.0000000000	        0.0000000000	        0.0000000000	        0.0000000000	        0.0000000000	        0.0000000000	        0.0000000000	        0.0000000000	        0.0000000000	        0.0000000000	        0.0104706968	        0.0012277362	       -0.0625026904	        0.0273171903	        0.0187533744	        0.0000000000	        0.0000000000	        0.0000000000	        0.0000000000	        0.0000000000	        0.0000000000	        0.0000000000	        0.0000000000	        0.0000000000	        0.0000000000	        0.0000000000	        0.0000000000	        0.0000000000	        0.0000000000	        0.0000000000	        0.0000000000	        0.0000000000	        0.0000000000	        0.0000000000	        0.0000000000	        0.0000000000	        0.0000000000	        0.0000000000	        0.0000000000	        0.0000000000	        0.0000000000	        0.0000000000	        0.0000000000	        0.0000000000	        0.0000000000	        0.0000000000	        0.0000000000	        0.0000000000	        0.0000000000	        0.0000000000	        0.0000000000	        0.0000000000	        0.0000000000	        0.0000000000	
        2.1600000000	       18.2876836924	       41.7818774085	        6.9252325439	        6.4470743870	       17.2449171447	       34.2321752214	      273.5278022432	      192.4512536922	       53.3856077508	       13.2165762196	        7.4352516276	       11.2098948495	       52.4251204292	       73.0424926169	       25.7394012007	       69.9075313423	       34.2326169946	       32.1414369721	       26.6704042746	       32.3394833312	       44.4390955319	       58.8977698883	       72.7044875058	       18.6585709349	       10.3297827397	        7.8935005234	       14.1117429624	      237.8479419636	      215.0171058119	        3.3882127894	       31.7238953483	      130.6321522509	       31.3890792537	       54.3640829369	        4.6414288309	      155.5268326477	      132.5027139055	       17.5689369824	       45.8910225970	       24.8298683424	        0.0000000000	        0.0000000000	        0.0000000000	        0.0000000000	        0.0000000000	        0.0000000000	        0.0000000000	        0.0000000000	        0.0000000000	        0.0000000000	        0.0000000000	        0.0000000000	        0.0000000000	        0.0000000000	        0.0000000000	        0.0000000000	        0.0000000000	        0.0000000000	        0.0000000000	        0.0000000000	        0.0000000000	        0.0000000000	        0.0000000000	        0.0000000000	        0.0000000000	        0.0000000000	        0.0000000000	        0.0000000000	        0.0000000000	        0.0000000000	        0.0000000000	        0.0000000000	        0.0000000000	        0.0000000000	        0.0000000000	        0.0000000000	        0.0000000000	        0.0000000000	        0.0000000000	        0.0000000000	        0.0000000000	        0.0000000000	        0.0000000000	        0.0000000000	        0.0000000000	        0.0000000000	        0.0000000000	        0.0000000000	        0.0000000000	        0.0000000000	        0.0000000000	        0.0000000000	        0.0000000000	        0.0000000000	        0.0000000000	        0.0000000000	        0.0000000000	        0.0000000000	        0.0000000000	        0.0000000000	        0.0000000000	        0.0000000000	        0.0000000000	        0.0105416323	        0.0016332978	       -0.0637101710	        0.0289981907	        0.0180589722	        0.0000000000	        0.0000000000	        0.0000000000	        0.0000000000	        0.0000000000	        0.0000000000	        0.0000000000	        0.0000000000	        0.0000000000	        0.0000000000	        0.0000000000	        0.0000000000	        0.0000000000	        0.0000000000	        0.0000000000	        0.0000000000	        0.0000000000	        0.0000000000	        0.0000000000	        0.0000000000	        0.0000000000	        0.0000000000	        0.0000000000	        0.0000000000	        0.0000000000	        0.0000000000	        0.0000000000	        0.0000000000	        0.0000000000	        0.0000000000	        0.0000000000	        0.0000000000	        0.0000000000	        0.0000000000	        0.0000000000	        0.0000000000	        0.0000000000	        0.0000000000	        0.0000000000	
        2.1700000000	       21.6052794575	       46.3157115781	        7.0206382298	        6.4025989034	       19.8076548837	       36.0743729883	      257.6415418039	      191.7470456300	       52.5386472524	       13.0360051385	        7.4541468826	       11.2772780104	       50.7887189912	       72.0743804478	       24.2203355932	       67.3261821865	       37.9016755055	       32.6733689747	       26.9700532868	       32.5145313161	       45.2408857250	       59.9276602266	       74.1923335229	       19.0935499467	       10.3112425675	        7.9546884606	       14.1951189592	      249.6481719707	      226.3441566752	        3.5991937692	       32.5001959912	      122.8575979776	       31.6786731449	       52.0654611889	        4.8051182204	      154.3624545047	      132.2167875710	       18.2636469215	       47.6370521576	       25.6816643979	        0.0000000000	        0.0000000000	        0.0000000000	        0.0000000000	        0.0000000000	        0.0000000000	        0.0000000000	        0.0000000000	        0.0000000000	        0.0000000000	        0.0000000000	        0.0000000000	        0.0000000000	        0.0000000000	        0.0000000000	        0.0000000000	        0.0000000000	        0.0000000000	        0.0000000000	        0.0000000000	        0.0000000000	        0.0000000000	        0.0000000000	        0.0000000000	        0.0000000000	        0.0000000000	        0.0000000000	        0.0000000000	        0.0000000000	        0.0000000000	        0.0000000000	        0.0000000000	        0.0000000000	        0.0000000000	        0.0000000000	        0.0000000000	        0.0000000000	        0.0000000000	        0.0000000000	        0.0000000000	        0.0000000000	        0.0000000000	        0.0000000000	        0.0000000000	        0.0000000000	        0.0000000000	        0.0000000000	        0.0000000000	        0.0000000000	        0.0000000000	        0.0000000000	        0.0000000000	        0.0000000000	        0.0000000000	        0.0000000000	        0.0000000000	        0.0000000000	        0.0000000000	        0.0000000000	        0.0000000000	        0.0000000000	        0.0000000000	        0.0000000000	        0.0108362565	        0.0022589465	       -0.0661768861	        0.0304057925	        0.0170854516	        0.0000000000	        0.0000000000	        0.0000000000	        0.0000000000	        0.0000000000	        0.0000000000	        0.0000000000	        0.0000000000	        0.0000000000	        0.0000000000	        0.0000000000	        0.0000000000	        0.0000000000	        0.0000000000	        0.0000000000	        0.0000000000	        0.0000000000	        0.0000000000	        0.0000000000	        0.0000000000	        0.0000000000	        0.0000000000	        0.0000000000	        0.0000000000	        0.0000000000	        0.0000000000	        0.0000000000	        0.0000000000	        0.0000000000	        0.0000000000	        0.0000000000	        0.0000000000	        0.0000000000	        0.0000000000	        0.0000000000	        0.0000000000	        0.0000000000	        0.0000000000	        0.0000000000	
        2.1800000000	       26.4044693493	       53.2966415551	        7.1480394789	        6.3468869439	       23.2527428631	       38.9069253364	      233.5732700957	      189.0778174669	       51.9862137662	       13.1587807199	        7.3809759060	       11.2934438046	       48.4562473360	       70.8271615794	       22.5430374686	       64.3957725993	       42.4508200005	       33.2257583535	       27.2750360603	       32.6767558678	       46.1271748917	       61.0783213482	       75.8655095474	       19.5986846658	       10.2930857402	        7.9810574484	       14.2434168261	      263.1837326155	      244.6304362774	        4.0145352318	       33.7904077226	      111.4170506696	       30.3162314936	       49.2023654873	        4.9868497711	      151.9283365436	      131.7111057555	       18.9142792369	       49.2604114732	       26.4982359740	        0.0000000000	        0.0000000000	        0.0000000000	        0.0000000000	        0.0000000000	        0.0000000000	        0.0000000000	        0.0000000000	        0.0000000000	        0.0000000000	        0.0000000000	        0.0000000000	        0.0000000000	        0.0000000000	        0.0000000000	        0.0000000000	        0.0000000000	        0.0000000000	        0.0000000000	        0.0000000000	        0.0000000000	        0.0000000000	        0.0000000000	        0.0000000000	        0.0000000000	        0.0000000000	        0.0000000000	        0.0000000000	        0.0000000000	        0.0000000000	        0.0000000000	        0.0000000000	        0.0000000000	        0.0000000000	        0.0000000000	        0.0000000000	        0.0000000000	        0.0000000000	        0.0000000000	        0.0000000000	        0.0000000000	        0.0000000000	        0.0000000000	        0.0000000000	        0.0000000000	        0.0000000000	        0.0000000000	        0.0000000000	        0.0000000000	        0.0000000000	        0.0000000000	        0.0000000000	        0.0000000000	        0.0000000000	        0.0000000000	        0.0000000000	        0.0000000000	        0.0000000000	        0.0000000000	        0.0000000000	        0.0000000000	        0.0000000000	        0.0000000000	        0.0113881356	        0.0030879320	       -0.0700616704	        0.0312678944	        0.0159511248	        0.0000000000	        0.0000000000	        0.0000000000	        0.0000000000	        0.0000000000	        0.0000000000	        0.0000000000	        0.0000000000	        0.0000000000	        0.0000000000	        0.0000000000	        0.0000000000	        0.0000000000	        0.0000000000	        0.0000000000	        0.0000000000	        0.0000000000	        0.0000000000	        0.0000000000	        0.0000000000	        0.0000000000	        0.0000000000	        0.0000000000	        0.0000000000	        0.0000000000	        0.0000000000	        0.0000000000	        0.0000000000	        0.0000000000	        0.0000000000	        0.0000000000	        0.0000000000	        0.0000000000	        0.0000000000	        0.0000000000	        0.0000000000	        0.0000000000	        0.0000000000	        0.0000000000	
        2.1900000000	       32.6366273456	       62.6341508423	        7.2996353878	        6.2829710896	       27.4902237491	       42.7031557181	      201.9509040749	      184.4301768887	       51.7862509244	       13.6241559306	        7.2116112619	       11.2446751709	       45.4730060685	       68.9548651668	       20.9269978931	       61.2770086572	       47.6363915723	       33.7929386660	       27.5821406626	       32.8330192706	       47.0909689634	       62.3367065056	       77.6994356497	       20.0296015459	       10.2737541793	        7.9661363350	       14.2431238311	      278.0418162521	      270.6639067840	        4.6928264837	       35.6087376105	       96.9135744630	       26.9329326977	       45.9815550730	        5.1860192492	      147.8539152549	      130.9890895073	       19.5171699017	       50.7580161108	       27.2731048628	        0.0000000000	        0.0000000000	        0.0000000000	        0.0000000000	        0.0000000000	        0.0000000000	        0.0000000000	        0.0000000000	        0.0000000000	        0.0000000000	        0.0000000000	        0.0000000000	        0.0000000000	        0.0000000000	        0.0000000000	        0.0000000000	        0.0000000000	        0.0000000000	        0.0000000000	        0.0000000000	        0.0000000000	        0.0000000000	        0.0000000000	        0.0000000000	        0.0000000000	        0.0000000000	        0.0000000000	        0.0000000000	        0.0000000000	        0.0000000000	        0.0000000000	        0.0000000000	        0.0000000000	        0.0000000000	        0.0000000000	        0.0000000000	        0.0000000000	        0.0000000000	        0.0000000000	        0.0000000000	        0.0000000000	        0.0000000000	        0.0000000000	        0.0000000000	        0.0000000000	        0.0000000000	        0.0000000000	        0.0000000000	        0.0000000000	        0.0000000000	        0.0000000000	        0.0000000000	        0.0000000000	        0.0000000000	        0.0000000000	        0.0000000000	        0.0000000000	        0.0000000000	        0.0000000000	        0.0000000000	        0.0000000000	        0.0000000000	        0.0000000000	        0.0122413978	        0.0040919996	       -0.0755635990	        0.0312990415	        0.0146491468	        0.0000000000	        0.0000000000	        0.0000000000	        0.0000000000	        0.0000000000	        0.0000000000	        0.0000000000	        0.0000000000	        0.0000000000	        0.0000000000	        0.0000000000	        0.0000000000	        0.0000000000	        0.0000000000	        0.0000000000	        0.0000000000	        0.0000000000	        0.0000000000	        0.0000000000	        0.0000000000	        0.0000000000	        0.0000000000	        0.0000000000	        0.0000000000	        0.0000000000	        0.0000000000	        0.0000000000	        0.0000000000	        0.0000000000	        0.0000000000	        0.0000000000	        0.0000000000	        0.0000000000	        0.0000000000	        0.0000000000	        0.0000000000	        0.0000000000	        0.0000000000	        0.0000000000	
        2.2000000000	       40.1576961146	       74.0255903331	        7.4499838857	        6.2150098097	       32.3955868126	       47.4081218592	      163.8970789190	      177.8959231047	       51.9778539332	       14.4596625489	        6.9481325793	       11.1246321830	       41.9197565429	       66.0692520278	       19.5538945704	       58.2015086409	       53.1832662358	       34.3699946342	       27.8891357405	       32.9882054862	       48.1236748461	       63.6877221745	       79.6671357463	       20.2589600588	       10.2511633967	        7.9061164253	       14.1850441996	      293.6314146381	      305.1344108143	        5.7226644350	       37.9704000257	       80.0197305209	       21.3279604795	       42.6394944348	        5.4029450210	      141.8400512828	      130.0716093347	       20.0731460185	       52.1261830704	       28.0007479088	        0.0000000000	        0.0000000000	        0.0000000000	        0.0000000000	        0.0000000000	        0.0000000000	        0.0000000000	        0.0000000000	        0.0000000000	        0.0000000000	        0.0000000000	        0.0000000000	        0.0000000000	        0.0000000000	        0.0000000000	        0.0000000000	        0.0000000000	        0.0000000000	        0.0000000000	        0.0000000000	        0.0000000000	        0.0000000000	        0.0000000000	        0.0000000000	        0.0000000000	        0.0000000000	        0.0000000000	        0.0000000000	        0.0000000000	        0.0000000000	        0.0000000000	        0.0000000000	        0.0000000000	        0.0000000000	        0.0000000000	        0.0000000000	        0.0000000000	        0.0000000000	        0.0000000000	        0.0000000000	        0.0000000000	        0.0000000000	        0.0000000000	        0.0000000000	        0.0000000000	        0.0000000000	        0.0000000000	        0.0000000000	        0.0000000000	        0.0000000000	        0.0000000000	        0.0000000000	        0.0000000000	        0.0000000000	        0.0000000000	        0.0000000000	        0.0000000000	        0.0000000000	        0.0000000000	        0.0000000000	        0.0000000000	        0.0000000000	        0.0000000000	        0.0133855133	        0.0052409586	       -0.0826201618	        0.0304302978	        0.0131883355	        0.0000000000	        0.0000000000	        0.0000000000	        0.0000000000	        0.0000000000	        0.0000000000	        0.0000000000	        0.0000000000	        0.0000000000	        0.0000000000	        0.0000000000	        0.0000000000	        0.0000000000	        0.0000000000	        0.0000000000	        0.0000000000	        0.0000000000	        0.0000000000	        0.0000000000	        0.0000000000	        0.0000000000	        0.0000000000	        0.0000000000	        0.0000000000	        0.0000000000	        0.0000000000	        0.0000000000	        0.0000000000	        0.0000000000	        0.0000000000	        0.0000000000	        0.0000000000	        0.0000000000	        0.0000000000	        0.0000000000	        0.0000000000	        0.0000000000	        0.0000000000	        0.0000000000	
        2.2100000000	       48.7980132934	       86.9729689805	        7.4832803090	        6.1443230593	       37.8557260662	       53.2255070678	      120.4057943080	      169.1454859027	       52.5927290237	       15.6870457770	        6.5967872999	       10.9299618027	       37.9071606394	       61.9102075975	       18.5671353100	       55.7240128534	       58.5702385115	       34.9516021996	       28.1930887934	       33.1419557760	       49.2145938776	       65.1137846055	       81.7385731100	       19.9276143131	       10.2174672513	        7.7943643044	       14.0597153440	      309.1511149034	      348.4223043808	        7.2736195767	       41.0546149847	       61.9102923391	       13.9796480878	       39.4138480561	        5.6385261709	      133.7797425433	      128.9912553706	       20.5742296283	       53.3817499221	       28.6837893675	        0.0000000000	        0.0000000000	        0.0000000000	        0.0000000000	        0.0000000000	        0.0000000000	        0.0000000000	        0.0000000000	        0.0000000000	        0.0000000000	        0.0000000000	        0.0000000000	        0.0000000000	        0.0000000000	        0.0000000000	        0.0000000000	        0.0000000000	        0.0000000000	        0.0000000000	        0.0000000000	        0.0000000000	        0.0000000000	        0.0000000000	        0.0000000000	        0.0000000000	        0.0000000000	        0.0000000000	        0.0000000000	        0.0000000000	        0.0000000000	        0.0000000000	        0.0000000000	        0.0000000000	        0.0000000000	        0.0000000000	        0.0000000000	        0.0000000000	        0.0000000000	        0.0000000000	        0.0000000000	        0.0000000000	        0.0000000000	        0.0000000000	        0.0000000000	        0.0000000000	        0.0000000000	        0.0000000000	        0.0000000000	        0.0000000000	        0.0000000000	        0.0000000000	        0.0000000000	        0.0000000000	        0.0000000000	        0.0000000000	        0.0000000000	        0.0000000000	        0.0000000000	        0.0000000000	        0.0000000000	        0.0000000000	        0.0000000000	        0.0000000000	        0.0149774103	        0.0064983857	       -0.0921136604	        0.0274527349	        0.0114702978	        0.0000000000	        0.0000000000	        0.0000000000	        0.0000000000	        0.0000000000	        0.0000000000	        0.0000000000	        0.0000000000	        0.0000000000	        0.0000000000	        0.0000000000	        0.0000000000	        0.0000000000	        0.0000000000	        0.0000000000	        0.0000000000	        0.0000000000	        0.0000000000	        0.0000000000	        0.0000000000	        0.0000000000	        0.0000000000	        0.0000000000	        0.0000000000	        0.0000000000	        0.0000000000	        0.0000000000	        0.0000000000	        0.0000000000	        0.0000000000	        0.0000000000	        0.0000000000	        0.0000000000	        0.0000000000	        0.0000000000	        0.0000000000	        0.0000000000	        0.0000000000	        0.0000000000	
        2.2200000000	       57.9459771544	       99.4607113474	        7.1699581554	        6.0702425037	       43.4508175616	       60.5734236114	       74.9836066932	      158.8320707934	       53.6948313320	       17.3389444829	        6.1640082817	       10.6429982233	       33.5767646550	       56.6693874215	       18.0947807184	       54.4869606367	       62.0130913179	       35.5314425867	       28.4905422387	       33.2917896716	       50.3512593014	       66.5957260099	       83.8830364113	       18.8832505279	       10.1623864160	        7.6053552925	       13.8381234047	      323.2168626756	      407.4058988218	       21.8547328304	       45.6390029371	       51.7889179744	        9.8731099166	       36.5399844211	        5.8901966024	      124.0245187943	      127.7579229270	       21.1739150674	       54.4271397765	       29.3277560829	        0.0000000000	        0.0000000000	        0.0000000000	        0.0000000000	        0.0000000000	        0.0000000000	        0.0000000000	        0.0000000000	        0.0000000000	        0.0000000000	        0.0000000000	        0.0000000000	        0.0000000000	        0.0000000000	        0.0000000000	        0.0000000000	        0.0000000000	        0.0000000000	        0.0000000000	        0.0000000000	        0.0000000000	        0.0000000000	        0.0000000000	        0.0000000000	        0.0000000000	        0.0000000000	        0.0000000000	        0.0000000000	        0.0000000000	        0.0000000000	        0.0000000000	        0.0000000000	        0.0000000000	        0.0000000000	        0.0000000000	        0.0000000000	        0.0000000000	        0.0000000000	        0.0000000000	        0.0000000000	        0.0000000000	        0.0000000000	        0.0000000000	        0.0000000000	        0.0000000000	        0.0000000000	        0.0000000000	        0.0000000000	        0.0000000000	        0.0000000000	        0.0000000000	        0.0000000000	        0.0000000000	        0.0000000000	        0.0000000000	        0.0000000000	        0.0000000000	        0.0000000000	        0.0000000000	        0.0000000000	        0.0000000000	        0.0000000000	        0.0000000000	        0.0174448356	        0.0076447774	       -0.1061973842	        0.0222358818	        0.0093743829	        0.0000000000	        0.0000000000	        0.0000000000	        0.0000000000	        0.0000000000	        0.0000000000	        0.0000000000	        0.0000000000	        0.0000000000	        0.0000000000	        0.0000000000	        0.0000000000	        0.0000000000	        0.0000000000	        0.0000000000	        0.0000000000	        0.0000000000	        0.0000000000	        0.0000000000	        0.0000000000	        0.0000000000	        0.0000000000	        0.0000000000	        0.0000000000	        0.0000000000	        0.0000000000	        0.0000000000	        0.0000000000	        0.0000000000	        0.0000000000	        0.0000000000	        0.0000000000	        0.0000000000	        0.0000000000	        0.0000000000	        0.0000000000	        0.0000000000	        0.0000000000	        0.0000000000	
        2.2300000000	       68.0380928524	      112.4230735799	        6.5537782609	        5.9936992510	       49.4055236101	       69.0979864400	       35.9046240116	      150.8352434315	       55.4283903819	       19.4817577104	        5.6507941581	       10.1946323957	       29.0882948088	       50.9272676788	       17.9941844498	       54.0450433863	       61.1048879581	       36.1491986625	       28.7959967514	       33.4313892023	       51.5221686336	       68.1173306152	       86.0793745830	       18.7319029873	       10.0814628546	        7.2668688315	       13.4371259441	      332.6571640610	      461.0681772776	       54.8601204583	       54.0032285117	       46.0089603495	        8.1953693495	       34.5058921895	        6.1903250875	      113.5391567998	      126.2995491131	       20.6104728760	       56.0003121880	       29.8201649099	        0.0000000000	        0.0000000000	        0.0000000000	        0.0000000000	        0.0000000000	        0.0000000000	        0.0000000000	        0.0000000000	        0.0000000000	        0.0000000000	        0.0000000000	        0.0000000000	        0.0000000000	        0.0000000000	        0.0000000000	        0.0000000000	        0.0000000000	        0.0000000000	        0.0000000000	        0.0000000000	        0.0000000000	        0.0000000000	        0.0000000000	        0.0000000000	        0.0000000000	        0.0000000000	        0.0000000000	        0.0000000000	        0.0000000000	        0.0000000000	        0.0000000000	        0.0000000000	        0.0000000000	        0.0000000000	        0.0000000000	        0.0000000000	        0.0000000000	        0.0000000000	        0.0000000000	        0.0000000000	        0.0000000000	        0.0000000000	        0.0000000000	        0.0000000000	        0.0000000000	        0.0000000000	        0.0000000000	        0.0000000000	        0.0000000000	        0.0000000000	        0.0000000000	        0.0000000000	        0.0000000000	        0.0000000000	        0.0000000000	        0.0000000000	        0.0000000000	        0.0000000000	        0.0000000000	        0.0000000000	        0.0000000000	        0.0000000000	        0.0000000000	        0.0252828296	        0.0094007178	       -0.1491431604	        0.0254989683	        0.0038612060	        0.0000000000	        0.0000000000	        0.0000000000	        0.0000000000	        0.0000000000	        0.0000000000	        0.0000000000	        0.0000000000	        0.0000000000	        0.0000000000	        0.0000000000	        0.0000000000	        0.0000000000	        0.0000000000	        0.0000000000	        0.0000000000	        0.0000000000	        0.0000000000	        0.0000000000	        0.0000000000	        0.0000000000	        0.0000000000	        0.0000000000	        0.0000000000	        0.0000000000	        0.0000000000	        0.0000000000	        0.0000000000	        0.0000000000	        0.0000000000	        0.0000000000	        0.0000000000	        0.0000000000	        0.0000000000	        0.0000000000	        0.0000000000	        0.0000000000	        0.0000000000	        0.0000000000	
        2.2400000000	       76.6544381685	      108.4539583602	        6.4366845986	        5.9538596454	       51.9575932240	       87.1701454993	       24.8457986010	      136.1979959089	       58.7846702382	       22.4797509616	        5.0692545043	        9.7918824172	       24.4695608652	       45.1269839810	       17.4172607369	       43.2176901942	       48.0386627761	       33.4116544003	       28.0049084711	       33.0617354371	       51.9193366802	       68.9511692491	       87.6353807109	       13.3871239429	        9.7611419912	        6.7229409936	       12.8678509680	      325.4117949976	      528.6193640484	      104.7727627974	       61.4176923304	       44.8754075344	        8.1892457687	       40.4149887872	        6.0811561304	      109.0243493314	      124.3937774864	       30.1436722001	       50.8359010379	       30.4196377092	        0.0000000000	        0.0000000000	        0.0000000000	        0.0000000000	        0.0000000000	        0.0000000000	        0.0000000000	        0.0000000000	        0.0000000000	        0.0000000000	        0.0000000000	        0.0000000000	        0.0000000000	        0.0000000000	        0.0000000000	        0.0000000000	        0.0000000000	        0.0000000000	        0.0000000000	        0.0000000000	        0.0000000000	        0.0000000000	        0.0000000000	        0.0000000000	        0.0000000000	        0.0000000000	        0.0000000000	        0.0000000000	        0.0000000000	        0.0000000000	        0.0000000000	        0.0000000000	        0.0000000000	        0.0000000000	        0.0000000000	        0.0000000000	        0.0000000000	        0.0000000000	        0.0000000000	        0.0000000000	        0.0000000000	        0.0000000000	        0.0000000000	        0.0000000000	        0.0000000000	        0.0000000000	        0.0000000000	        0.0000000000	        0.0000000000	        0.0000000000	        0.0000000000	        0.0000000000	        0.0000000000	        0.0000000000	        0.0000000000	        0.0000000000	        0.0000000000	        0.0000000000	        0.0000000000	        0.0000000000	        0.0000000000	        0.0000000000	        0.0000000000	        0.0333230185	        0.0104463140	       -0.1882223383	        0.0135208369	       -0.0066603474	        0.0000000000	        0.0000000000	        0.0000000000	        0.0000000000	        0.0000000000	        0.0000000000	        0.0000000000	        0.0000000000	        0.0000000000	        0.0000000000	        0.0000000000	        0.0000000000	        0.0000000000	        0.0000000000	        0.0000000000	        0.0000000000	        0.0000000000	        0.0000000000	        0.0000000000	        0.0000000000	        0.0000000000	        0.0000000000	        0.0000000000	        0.0000000000	        0.0000000000	        0.0000000000	        0.0000000000	        0.0000000000	        0.0000000000	        0.0000000000	        0.0000000000	        0.0000000000	        0.0000000000	        0.0000000000	        0.0000000000	        0.0000000000	        0.0000000000	        0.0000000000	        0.0000000000	
        2.2500000000	      -51.2211541674	       42.3659132920	      -11.1672238349	        6.1925875641	      -47.8490367252	      -88.8023960601	       -2.3871918528	       87.6632335507	       66.4139455408	       27.5531834589	        3.9619373902	        5.4100176818	       19.6972088934	       21.8084387840	       24.2827002902	       26.0710674898	      -13.3244747376	      311.5808740706	       97.5062084160	       84.2968744052	      513.3151348855	      214.6205040370	      135.7547623739	       -4.8060670606	       26.5171813761	        2.8501148768	        8.2335473695	      282.7147564105	      106.2859128403	      148.0584699787	      -24.0554126777	       -5.5790995760	      -13.8836961974	      -31.0550306153	       15.3584423643	      130.2417884989	      115.3299661543	       54.8895889758	      114.4777752063	       69.4149054340	        0.0000000000	        0.0000000000	        0.0000000000	        0.0000000000	        0.0000000000	        0.0000000000	        0.0000000000	        0.0000000000	        0.0000000000	        0.0000000000	        0.0000000000	        0.0000000000	        0.0000000000	        0.0000000000	        0.0000000000	        0.0000000000	        0.0000000000	        0.0000000000	        0.0000000000	        0.0000000000	        0.0000000000	        0.0000000000	        0.0000000000	        0.0000000000	        0.0000000000	        0.0000000000	        0.0000000000	        0.0000000000	        0.0000000000	        0.0000000000	        0.0000000000	        0.0000000000	        0.0000000000	        0.0000000000	        0.0000000000	        0.0000000000	        0.0000000000	        0.0000000000	        0.0000000000	        0.0000000000	        0.0000000000	        0.0000000000	        0.0000000000	        0.0000000000	        0.0000000000	        0.0000000000	        0.0000000000	        0.0000000000	        0.0000000000	        0.0000000000	        0.0000000000	        0.0000000000	        0.0000000000	        0.0000000000	        0.0000000000	        0.0000000000	        0.0000000000	        0.0000000000	        0.0000000000	        0.0000000000	        0.0000000000	        0.0000000000	        0.0000000000	        0.0000000000	        0.0000000000	        0.0000000000	        0.0000000000	        0.0000000000	        0.0000000000	        0.0000000000	        0.0000000000	        0.0000000000	        0.0000000000	        0.0000000000	        0.0000000000	        0.0000000000	        0.0000000000	        0.0000000000	        0.0000000000	        0.0000000000	        0.0000000000	        0.0000000000	        0.0000000000	        0.0000000000	        0.0000000000	        0.0000000000	        0.0000000000	        0.0000000000	        0.0000000000	        0.0000000000	        0.0000000000	        0.0000000000	        0.0000000000	        0.0000000000	        0.0000000000	        0.0000000000	        0.0000000000	        0.0000000000	        0.0000000000	        0.0000000000	        0.0000000000	        0.0000000000	        0.0000000000	        0.0000000000	        0.0000000000	        0.0000000000	        0.0000000000	
