TendonPower
version=1
nRows=115
nColumns=81
inDegrees=no

This analysis gathers basic information about muscles during a simulation (e.g., forces, tendon lengths, moment arms, etc).
Units are S.I. units (second, meters, Newtons, ...)
If the header above contains a line with 'inDegrees', this indicates whether rotational values are in degrees (yes) or radians (no).

endheader
time	addbrev_r	addlong_r	addmagDist_r	addmagIsch_r	addmagMid_r	addmagProx_r	bflh_r	bfsh_r	edl_r	ehl_r	fdl_r	fhl_r	gaslat_r	gasmed_r	glmax1_r	glmax2_r	glmax3_r	glmed1_r	glmed2_r	glmed3_r	glmin1_r	glmin2_r	glmin3_r	grac_r	iliacus_r	perbrev_r	perlong_r	piri_r	psoas_r	recfem_r	sart_r	semimem_r	semiten_r	soleus_r	tfl_r	tibant_r	tibpost_r	vasint_r	vaslat_r	vasmed_r	addbrev_l	addlong_l	addmagDist_l	addmagIsch_l	addmagMid_l	addmagProx_l	bflh_l	bfsh_l	edl_l	ehl_l	fdl_l	fhl_l	gaslat_l	gasmed_l	glmax1_l	glmax2_l	glmax3_l	glmed1_l	glmed2_l	glmed3_l	glmin1_l	glmin2_l	glmin3_l	grac_l	iliacus_l	perbrev_l	perlong_l	piri_l	psoas_l	recfem_l	sart_l	semimem_l	semiten_l	soleus_l	tfl_l	tibant_l	tibpost_l	vasint_l	vaslat_l	vasmed_l
      1.11000000	     -0.00000000	     -0.00000000	39779955.41073862	4065155.89009100	 905350.71173298	     -0.00000000	 209735.54113455	4096847.52734027	     -0.00000000	     -0.00000000	     -0.00000000	     -0.00000000	     -0.00000000	     -0.00000000	385873706.83134443	504058939.11417192	550214676.65932703	     -0.00000000	     -0.00000000	     -0.00000000	     -0.00000000	     -0.00000000	     -0.00000000	54094521.69351266	     -0.00000000	     -0.00000000	     -0.00000000	     -0.00000000	1610764.42524702	     -0.00000000	544506676.98909986	     -0.00000000	37610434.18199804	     -0.00000000	     -0.00000000	     -0.00000000	     -0.00000000	     -0.00000000	     -0.00000000	     -0.00000000	2430151.81415176	 517097.09401302	11310675.69749226	 202819.65700037	     -0.00000000	     -0.00000000	     -0.00000000	4422530.73932487	     -0.00000000	     -0.00000000	     -0.00000000	     -0.00000000	     -0.00000000	     -0.00000000	146608153.95307896	173513267.09484828	148483136.06525710	     -0.00000000	     -0.00000000	     -0.00000000	     -0.00000000	     -0.00000000	     -0.00000000	54105256.56609114	2549422.57820159	     -0.00000000	     -0.00000000	     -0.00000000	11648286.27311032	     -0.00000000	660419440.04353213	     -0.00000000	18802586.30999756	     -0.00000000	     14.45677544	     -0.00000000	     -0.00000000	     -0.00000000	     -0.00000000	     -0.00000000
      1.12000000	     -0.00000000	     -0.00000000	39641897.80622794	4074269.38861405	 823118.44385167	     -0.00000000	 215771.33636679	4130420.31621595	     -0.00000000	     -0.00000000	     -0.00000000	     -0.00000000	     -0.00000000	     -0.00000000	387294837.47790271	505198139.60472262	549790284.56922662	     -0.00000000	     -0.00000000	     -0.00000000	     -0.00000000	     -0.00000000	     -0.00000000	54044541.55017207	     -0.00000000	     -0.00000000	     -0.00000000	     -0.00000000	1577059.71063695	     -0.00000000	544340304.44270420	     -0.00000000	37760057.79767348	     -0.00000000	     -0.00000000	     -0.00000000	     -0.00000000	     -0.00000000	     -0.00000000	     -0.00000000	2767161.40681938	 593174.47563270	11261044.65637259	 191343.16499586	     -0.00000000	     -0.00000000	     -0.00000000	4367311.61140459	     -0.00000000	     -0.00000000	     -0.00000000	     -0.00000000	     -0.00000000	     -0.00000000	143135616.23790073	169028597.18186778	144940652.97087899	     -0.00000000	     -0.00000000	     -0.00000000	     -0.00000000	     -0.00000000	     -0.00000000	54244789.07072134	2672892.43053416	     -0.00000000	     -0.00000000	     -0.00000000	11891605.30659379	     -0.00000000	661008842.93225086	     -0.00000000	18507314.16727043	     -0.00000000	     29.88405772	     -0.00000000	     -0.00000000	     -0.00000000	     -0.00000000	     -0.00000000
      1.13000000	     -0.00000000	     -0.00000000	39378119.84000783	4066383.09036411	 715761.13876163	     -0.00000000	 215264.42434058	4131731.98275663	     -0.00000000	     -0.00000000	     -0.00000000	     -0.00000000	     -0.00000000	     -0.00000000	388893763.85941702	506365211.21734101	548678486.81919611	     -0.00000000	     -0.00000000	     -0.00000000	     -0.00000000	     -0.00000000	     -0.00000000	53844841.95404182	     -0.00000000	     -0.00000000	     -0.00000000	     -0.00000000	1545590.41172770	     -0.00000000	544234921.79655659	     -0.00000000	37753049.05310073	     -0.00000000	     -0.00000000	     -0.00000000	     -0.00000000	     -0.00000000	     -0.00000000	     -0.00000000	3141698.81828731	 670468.13477859	11338160.51108393	 187896.40005215	     -0.00000000	     -0.00000000	     -0.00000000	4263117.04961235	     -0.00000000	     -0.00000000	     -0.00000000	     -0.00000000	     -0.00000000	     -0.00000000	139563649.96548131	165049694.47764459	142835834.67043000	     -0.00000000	     -0.00000000	     -0.00000000	     -0.00000000	     -0.00000000	     -0.00000000	54263335.54835305	2769249.32739095	     -0.00000000	     -0.00000000	     -0.00000000	12075465.49444615	     -0.00000000	660733619.84765351	     -0.00000000	18182201.57544968	     -0.00000000	     44.71188869	     -0.00000000	     -0.00000000	     -0.00000000	     -0.00000000	     -0.00000000
      1.14000000	     -0.00000000	     -0.00000000	39128469.26727196	4062239.18972502	 617861.03472751	     -0.00000000	 210460.79789202	4101807.48685539	     -0.00000000	     -0.00000000	     -0.00000000	     -0.00000000	     -0.00000000	     -0.00000000	390375293.21826768	507415386.54933089	547544620.24597454	     -0.00000000	     -0.00000000	     -0.00000000	     -0.00000000	     -0.00000000	     -0.00000000	53564569.60717549	     -0.00000000	     -0.00000000	     -0.00000000	     -0.00000000	1514046.23715319	     -0.00000000	543847765.96401954	     -0.00000000	37645826.42637660	     -0.00000000	     -0.00000000	     -0.00000000	     -0.00000000	     -0.00000000	     -0.00000000	     -0.00000000	3511822.16197393	 743530.79136197	11475352.38501791	 188421.72659441	     -0.00000000	     -0.00000000	     -0.00000000	4135588.39446408	     -0.00000000	     -0.00000000	     -0.00000000	     -0.00000000	     -0.00000000	     -0.00000000	136508834.03741875	161889907.22704989	141756377.07455975	     -0.00000000	     -0.00000000	     -0.00000000	     -0.00000000	     -0.00000000	     -0.00000000	54205003.30101544	2839397.67508556	     -0.00000000	     -0.00000000	     -0.00000000	12213786.14892943	     -0.00000000	659980214.88225615	     -0.00000000	17850071.04425382	     -0.00000000	     58.35133718	     -0.00000000	     -0.00000000	     -0.00000000	     -0.00000000	     -0.00000000
      1.15000000	     -0.00000000	     -0.00000000	38834057.89210063	4049340.36115641	 526661.47006064	     -0.00000000	 200570.21105285	4047141.78311085	     -0.00000000	     -0.00000000	     -0.00000000	     -0.00000000	     -0.00000000	     -0.00000000	391346821.22162277	507876581.80981416	545825266.98843193	     -0.00000000	     -0.00000000	     -0.00000000	     -0.00000000	     -0.00000000	     -0.00000000	53214046.52401420	     -0.00000000	     -0.00000000	     -0.00000000	     -0.00000000	1492412.48054745	     -0.00000000	543475612.85524452	     -0.00000000	37420283.87574515	     -0.00000000	     -0.00000000	     -0.00000000	     -0.00000000	     -0.00000000	     -0.00000000	     -0.00000000	3873489.76953951	 810933.07615905	11666992.74212334	 192867.87241477	     -0.00000000	     -0.00000000	     -0.00000000	3977036.75154370	     -0.00000000	     -0.00000000	     -0.00000000	     -0.00000000	     -0.00000000	     -0.00000000	133747558.81755301	159329041.90577924	141529761.50935647	     -0.00000000	     -0.00000000	     -0.00000000	     -0.00000000	     -0.00000000	     -0.00000000	54033540.09504044	2886925.56487294	     -0.00000000	     -0.00000000	     -0.00000000	12307401.14481842	     -0.00000000	658657577.67297065	     -0.00000000	17489020.22903898	     -0.00000000	     72.62222939	     -0.00000000	     -0.00000000	     -0.00000000	     -0.00000000	     -0.00000000
      1.16000000	     -0.00000000	     -0.00000000	38510989.32147761	4029471.32850276	 438244.41353442	     -0.00000000	 187115.78199496	3967734.08740798	     -0.00000000	     -0.00000000	     -0.00000000	     -0.00000000	     -0.00000000	     -0.00000000	392473343.46782315	508492540.61810088	544077190.83300138	     -0.00000000	     -0.00000000	     -0.00000000	     -0.00000000	     -0.00000000	     -0.00000000	52778216.72489535	     -0.00000000	     -0.00000000	     -0.00000000	     -0.00000000	1471945.73478432	     -0.00000000	543046079.36777520	     -0.00000000	37093169.25820417	     -0.00000000	     -0.00000000	     -0.00000000	     -0.00000000	     -0.00000000	     -0.00000000	     -0.00000000	4215331.08018734	 868061.10303345	11958306.20252605	 203839.33197801	    380.87611428	     -0.00000000	     -0.00000000	3779814.50856591	     -0.00000000	     -0.00000000	     -0.00000000	     -0.00000000	     -0.00000000	     -0.00000000	131719245.74648815	157968238.71162161	142888509.01224744	     -0.00000000	     -0.00000000	     -0.00000000	     -0.00000000	     -0.00000000	     -0.00000000	53728767.27870305	2891266.41444460	     -0.00000000	     -0.00000000	     -0.00000000	12329215.83784303	     -0.00000000	656505627.48949897	     -0.00000000	17105364.69473224	     -0.00000000	     80.84215854	     -0.00000000	     -0.00000000	     -0.00000000	     -0.00000000	     -0.00000000
      1.17000000	     -0.00000000	     -0.00000000	38177228.11199108	4007352.08753873	 367545.84426450	     -0.00000000	 168708.84797167	3861172.38396020	     -0.00000000	     -0.00000000	     -0.00000000	     -0.00000000	     -0.00000000	     -0.00000000	392413818.62434912	507826124.75553918	541486348.40783501	     -0.00000000	     -0.00000000	     -0.00000000	     -0.00000000	     -0.00000000	     -0.00000000	52292097.07529758	     -0.00000000	     -0.00000000	     -0.00000000	     -0.00000000	1466920.09762051	     -0.00000000	542494339.69736886	     -0.00000000	36643501.38754205	     -0.00000000	     -0.00000000	     -0.00000000	     -0.00000000	     -0.00000000	     -0.00000000	     -0.00000000	4556521.50274811	 923770.57539445	12258268.31649028	 215860.69479768	   4234.05830700	     -0.00000000	     -0.00000000	3567279.53900604	     -0.00000000	     -0.00000000	     -0.00000000	     -0.00000000	     -0.00000000	     -0.00000000	129765174.18792984	156722034.51253140	144366884.37528872	     -0.00000000	     -0.00000000	     -0.00000000	     -0.00000000	     -0.00000000	     -0.00000000	53347912.07462055	2891775.45024927	     -0.00000000	     -0.00000000	     -0.00000000	12341399.45621423	     -0.00000000	654031948.92106152	     -0.00000000	16687343.40389628	     -0.00000000	     92.37339576	     -0.00000000	     -0.00000000	     -0.00000000	     -0.00000000	     -0.00000000
      1.18000000	     -0.00000000	     -0.00000000	37817818.98184533	3976272.06244667	 305600.74897379	     -0.00000000	 147899.88086818	3737124.72163763	     -0.00000000	     -0.00000000	     -0.00000000	     -0.00000000	     -0.00000000	     -0.00000000	392008945.36523449	506792394.71254075	538593547.12340951	     -0.00000000	     -0.00000000	     -0.00000000	     -0.00000000	     -0.00000000	     -0.00000000	51755045.84548142	     -0.00000000	     -0.00000000	     -0.00000000	     -0.00000000	1470659.95030215	     -0.00000000	541973697.43999374	     -0.00000000	36102863.44444182	     -0.00000000	     -0.00000000	     -0.00000000	     -0.00000000	     -0.00000000	     -0.00000000	     -0.00000000	4858018.42873366	 967243.30681921	12623371.99282522	 232864.28617574	  16885.22299273	     -0.00000000	     -0.00000000	3324127.46372693	     -0.00000000	     -0.00000000	     -0.00000000	     -0.00000000	     -0.00000000	     -0.00000000	128590643.64881600	156556787.71648017	147050593.49117368	     -0.00000000	     -0.00000000	     -0.00000000	     -0.00000000	     -0.00000000	     -0.00000000	52832544.66226301	2857481.37725608	     -0.00000000	     -0.00000000	     -0.00000000	12297711.56180044	     -0.00000000	650813264.11086631	     -0.00000000	16237405.87985409	     -0.00000000	    101.39233981	     -0.00000000	     -0.00000000	     -0.00000000	     -0.00000000	     -0.00000000
      1.19000000	     -0.00000000	     -0.00000000	37507235.73788430	3948843.45759221	 255115.39382856	     -0.00000000	 127197.94598033	3595936.84548873	     -0.00000000	     -0.00000000	     -0.00000000	     -0.00000000	     -0.00000000	     -0.00000000	391857776.90132582	506120868.68270254	536236094.77161628	     -0.00000000	     -0.00000000	     -0.00000000	     -0.00000000	     -0.00000000	     -0.00000000	51176239.97282667	     -0.00000000	     -0.00000000	     -0.00000000	     -0.00000000	1471727.62063480	     -0.00000000	541211361.79335499	     -0.00000000	35516160.45753151	     -0.00000000	     -0.00000000	     -0.00000000	     -0.00000000	     -0.00000000	     -0.00000000	     -0.00000000	5078839.98410212	 986612.80980418	13106500.36450137	 259813.89813986	  45711.93733342	     -0.00000000	     -0.00000000	3036497.04156494	     -0.00000000	     -0.00000000	     -0.00000000	     -0.00000000	     -0.00000000	     -0.00000000	128496042.59999594	158058457.51205525	151769823.14632913	     -0.00000000	     -0.00000000	     -0.00000000	     -0.00000000	     -0.00000000	     -0.00000000	52102106.40787043	2767165.91801711	     -0.00000000	     -0.00000000	     -0.00000000	12154894.96468070	     -0.00000000	646352740.05767965	     -0.00000000	15755420.88745005	     -0.00000000	    101.12066260	     -0.00000000	     -0.00000000	     -0.00000000	     -0.00000000	     -0.00000000
      1.20000000	     -0.00000000	     -0.00000000	37140097.06227461	3904178.72753453	 221707.86280877	     -0.00000000	 103354.66319650	3442066.42342249	     -0.00000000	     -0.00000000	     -0.00000000	     -0.00000000	     -0.00000000	     -0.00000000	389765078.62528360	503339329.76123416	532379989.84891528	     -0.00000000	     -0.00000000	     -0.00000000	     -0.00000000	     -0.00000000	     -0.00000000	50594523.50953983	     -0.00000000	     -0.00000000	     -0.00000000	     -0.00000000	1505286.25878693	     -0.00000000	540724324.33552730	     -0.00000000	34805607.73120297	     -0.00000000	     -0.00000000	     -0.00000000	     -0.00000000	     -0.00000000	     -0.00000000	     -0.00000000	5272865.53593047	1003710.36591116	13535819.47625505	 284588.16221065	  85444.02699660	     -0.00000000	     -0.00000000	2746532.95196049	     -0.00000000	     -0.00000000	     -0.00000000	     -0.00000000	     -0.00000000	     -0.00000000	128503102.42297341	159432057.66278797	155939229.81606206	     -0.00000000	     -0.00000000	     -0.00000000	     -0.00000000	     -0.00000000	     -0.00000000	51300846.61493648	2689629.91874913	     -0.00000000	     -0.00000000	     -0.00000000	12032766.30495621	     -0.00000000	641757484.31301415	     -0.00000000	15222287.91700148	     -0.00000000	    112.83213533	     -0.00000000	     -0.00000000	     -0.00000000	     -0.00000000	     -0.00000000
      1.21000000	     -0.00000000	     -0.00000000	36991118.17066618	3889483.51485028	 201416.31800956	     -0.00000000	  85625.74795513	3283203.03348327	     -0.00000000	     -0.00000000	     -0.00000000	     -0.00000000	     -0.00000000	     -0.00000000	389674915.61422932	503008182.64966410	531261171.22972757	     -0.00000000	     -0.00000000	     -0.00000000	     -0.00000000	     -0.00000000	     -0.00000000	50020800.79875275	     -0.00000000	     -0.00000000	     -0.00000000	     -0.00000000	1507080.62548170	     -0.00000000	539513482.88491917	     -0.00000000	34191303.60756373	     -0.00000000	     -0.00000000	     -0.00000000	     -0.00000000	     -0.00000000	     -0.00000000	     -0.00000000	5245303.41014565	 965101.51462111	14174490.77006763	 329182.49677549	 136629.31284367	     -0.00000000	     -0.00000000	2405910.39146989	     -0.00000000	     -0.00000000	     -0.00000000	     -0.00000000	     -0.00000000	     -0.00000000	131234238.16326393	164602561.52862620	164287916.10553530	     -0.00000000	     -0.00000000	     -0.00000000	     -0.00000000	     -0.00000000	     -0.00000000	50184958.57224506	2501828.56186404	     -0.00000000	     -0.00000000	     -0.00000000	11720016.07314022	     -0.00000000	635155354.25895703	     -0.00000000	14697554.07706435	     -0.00000000	    100.40618618	     -0.00000000	     -0.00000000	     -0.00000000	     -0.00000000	     -0.00000000
      1.22000000	     -0.00000000	     -0.00000000	36551253.55985602	3831956.09989254	 164880.66801834	     -0.00000000	  64387.92473566	3120449.67341285	     -0.00000000	     -0.00000000	     -0.00000000	     -0.00000000	     -0.00000000	     -0.00000000	387647815.36648363	500208335.14685619	527006659.96617234	     -0.00000000	     -0.00000000	     -0.00000000	     -0.00000000	     -0.00000000	     -0.00000000	49359745.49771778	     -0.00000000	     -0.00000000	     -0.00000000	     -0.00000000	1544735.89072811	     -0.00000000	539034142.04050958	     -0.00000000	33409262.43850295	     -0.00000000	     -0.00000000	     -0.00000000	     -0.00000000	     -0.00000000	     -0.00000000	     -0.00000000	5348633.46533202	 953351.52325478	14857645.53143216	 375514.61662268	 218094.62352389	     -0.00000000	     -0.00000000	2074609.86313467	     -0.00000000	     -0.00000000	     -0.00000000	     -0.00000000	     -0.00000000	     -0.00000000	133378974.72891855	169002959.58731273	172307790.04052982	     -0.00000000	     -0.00000000	     -0.00000000	     -0.00000000	     -0.00000000	     -0.00000000	49123292.39086487	2342244.56818467	     -0.00000000	     -0.00000000	     -0.00000000	11466219.51627800	     -0.00000000	628356683.46713102	     -0.00000000	14138553.13872284	     -0.00000000	     82.85908264	     -0.00000000	     -0.00000000	     -0.00000000	     -0.00000000	     -0.00000000
      1.23000000	     -0.00000000	     -0.00000000	36096347.34384517	3766253.97004607	 137136.00087958	     -0.00000000	  45565.82942171	2962480.70494961	     -0.00000000	     -0.00000000	     -0.00000000	     -0.00000000	     -0.00000000	     -0.00000000	384938457.93898433	496677569.68494654	522280676.37523848	     -0.00000000	     -0.00000000	     -0.00000000	     -0.00000000	     -0.00000000	     -0.00000000	48725455.65295876	     -0.00000000	     -0.00000000	     -0.00000000	     -0.00000000	1596733.80642876	     -0.00000000	538735863.49604261	     -0.00000000	32610919.96492456	     -0.00000000	     -0.00000000	     -0.00000000	     -0.00000000	     -0.00000000	     -0.00000000	     -0.00000000	5372041.37797334	 925698.09339900	15574229.92472632	 427962.95894202	 310534.93842641	     -0.00000000	     -0.00000000	1747348.45657510	     -0.00000000	     -0.00000000	     -0.00000000	     -0.00000000	     -0.00000000	     -0.00000000	136362528.31646150	174392730.44477922	181203918.57463184	     -0.00000000	     -0.00000000	     -0.00000000	     -0.00000000	     -0.00000000	     -0.00000000	47964541.67241906	2167728.66061236	     -0.00000000	     -0.00000000	     -0.00000000	11180913.13146036	     -0.00000000	620947695.63604975	     -0.00000000	13572509.59877324	     -0.00000000	     64.00737502	     -0.00000000	     -0.00000000	     -0.00000000	     -0.00000000	     -0.00000000
      1.24000000	     -0.00000000	     -0.00000000	35710002.96790974	3706806.78318845	 116199.91556441	     -0.00000000	  32189.91756328	2817383.96037145	     -0.00000000	     -0.00000000	     -0.00000000	     -0.00000000	     -0.00000000	     -0.00000000	382801155.82297409	493860017.59942937	518407806.40111089	     -0.00000000	     -0.00000000	     -0.00000000	     -0.00000000	     -0.00000000	     -0.00000000	48141989.07115204	     -0.00000000	     -0.00000000	     -0.00000000	     -0.00000000	1642558.73199954	     -0.00000000	538385887.13938463	     -0.00000000	31884999.41055873	     -0.00000000	     -0.00000000	     -0.00000000	     -0.00000000	     -0.00000000	     -0.00000000	     -0.00000000	5215811.78321285	 860592.38431523	16405018.95235794	 495421.58355629	 408015.85832179	     -0.00000000	     -0.00000000	1418304.73848875	     -0.00000000	     -0.00000000	     -0.00000000	     -0.00000000	     -0.00000000	     -0.00000000	141475266.49843889	182472673.27897224	192746407.57893354	     -0.00000000	     -0.00000000	     -0.00000000	     -0.00000000	     -0.00000000	     -0.00000000	46639638.89017142	1941475.62077174	     -0.00000000	     -0.00000000	     -0.00000000	10796721.29584651	     -0.00000000	612360161.63304162	     -0.00000000	13018586.13616803	     -0.00000000	     37.64858826	     -0.00000000	     -0.00000000	     -0.00000000	     -0.00000000	     -0.00000000
      1.25000000	     -0.00000000	     -0.00000000	35450397.33132809	3664302.20485028	 103193.16738943	     -0.00000000	  23304.59986766	2679911.60778962	     -0.00000000	     -0.00000000	     -0.00000000	     -0.00000000	     -0.00000000	     -0.00000000	381558840.87295640	492177709.45541847	515955778.13138473	     -0.00000000	     -0.00000000	     -0.00000000	     -0.00000000	     -0.00000000	     -0.00000000	47604486.10109865	     -0.00000000	     -0.00000000	     -0.00000000	     -0.00000000	1673518.84179971	     -0.00000000	537723858.75866401	     -0.00000000	31245134.60169562	     -0.00000000	     -0.00000000	     -0.00000000	     -0.00000000	     -0.00000000	     -0.00000000	     -0.00000000	4887661.02608203	 762249.87337262	17351252.90359242	 580087.19345849	 505571.73815988	     -0.00000000	     -0.00000000	1102585.44921626	     -0.00000000	     -0.00000000	     -0.00000000	     -0.00000000	     -0.00000000	     -0.00000000	148602507.16065186	193126254.00939521	206849707.43661687	     -0.00000000	     -0.00000000	     -0.00000000	     -0.00000000	     -0.00000000	     -0.00000000	45185427.03853636	1678659.17661324	     -0.00000000	     -0.00000000	     -0.00000000	10324999.63972305	     -0.00000000	602720330.44402087	     -0.00000000	12490009.37923505	     -0.00000000	     11.64221769	     -0.00000000	     -0.00000000	   1164.47069176	    -10.66979048	     -0.00000000
      1.26000000	     -0.00000000	     -0.00000000	34939065.14335064	3586325.11655321	  78775.51193062	     -0.00000000	  15270.79345149	2559797.21755699	     -0.00000000	     -0.00000000	     -0.00000000	     -0.00000000	     -0.00000000	     -0.00000000	378869772.74475193	488578278.80073285	510876729.43626601	     -0.00000000	     -0.00000000	     -0.00000000	     -0.00000000	     -0.00000000	     -0.00000000	47058914.32943678	     -0.00000000	     -0.00000000	     -0.00000000	     -0.00000000	1733975.21250422	     -0.00000000	537900187.52289808	     -0.00000000	30547062.45111726	     -0.00000000	     -0.00000000	     -0.00000000	     -0.00000000	     -0.00000000	     -0.00000000	     -0.00000000	4632382.86308462	 680927.36373901	18357308.12017734	 671394.55649248	 633996.39791001	     -0.00000000	     -0.00000000	 826259.63476688	     -0.00000000	     -0.00000000	     -0.00000000	     -0.00000000	     -0.00000000	     -0.00000000	155549079.61723924	203559810.99385676	221102407.09688902	     -0.00000000	     -0.00000000	     -0.00000000	     -0.00000000	     -0.00000000	     -0.00000000	43824352.74014768	1443289.42385681	     -0.00000000	     -0.00000000	     -0.00000000	9891967.12472911	     -0.00000000	593066638.59425294	     -0.00000000	11977470.30115941	     -0.00000000	      0.30707391	     -0.00000000	     -0.00000000	  13571.37070712	  10510.89786858	   2572.83526914
      1.27000000	     -0.00000000	     -0.00000000	34349473.90765117	3497152.08353450	  54026.70891019	     -0.00000000	   9348.40516017	2458255.69591602	     -0.00000000	     -0.00000000	     -0.00000000	     -0.00000000	     -0.00000000	     -0.00000000	375874812.68180889	484523407.46377057	505049180.83678144	     -0.00000000	     -0.00000000	     -0.00000000	     -0.00000000	     -0.00000000	     -0.00000000	46552441.65788639	     -0.00000000	     -0.00000000	     -0.00000000	     -0.00000000	1803497.84710450	     -0.00000000	538476406.92204142	     -0.00000000	29881267.18600717	     -0.00000000	     -0.00000000	     -0.00000000	     -0.00000000	     -0.00000000	     -0.00000000	     -0.00000000	4328479.26467182	 593291.08771978	19452044.91245237	 775961.11203454	 778536.69894284	     -0.00000000	     -0.00000000	 586771.08302824	     -0.00000000	     -0.00000000	     -0.00000000	     -0.00000000	     -0.00000000	     -0.00000000	163399718.52863708	215158595.95012382	236685914.42829898	     -0.00000000	     -0.00000000	     -0.00000000	     -0.00000000	     -0.00000000	     -0.00000000	42479610.23170654	1210118.53370014	     -0.00000000	     -0.00000000	     -0.00000000	9438327.21401428	     -0.00000000	583066046.51414895	     -0.00000000	11509639.60678389	     -0.00000000	     -0.21399235	     -0.00000000	     -0.00000000	  50889.39669299	  61050.28478205	  23915.56623087
      1.28000000	     -0.00000000	     -0.00000000	33564082.16686959	3380812.14315648	  28413.41679814	     -0.00000000	   5041.28200179	2374651.86204011	     -0.00000000	     -0.00000000	     -0.00000000	     -0.00000000	     -0.00000000	     -0.00000000	371667217.94839954	478858796.63088608	497065296.36419988	     -0.00000000	     -0.00000000	     -0.00000000	     -0.00000000	     -0.00000000	     -0.00000000	46062974.80279905	     -0.00000000	     -0.00000000	     -0.00000000	     -0.00000000	1899697.65550099	     -0.00000000	539799490.25235987	     -0.00000000	29187792.67634576	     -0.00000000	     -0.00000000	     -0.00000000	     -0.00000000	     -0.00000000	     -0.00000000	     -0.00000000	4077962.28805618	 518676.13674492	20604239.74670821	 888610.07836576	 956049.55213983	     -0.00000000	     -0.00000000	 392095.76531205	     -0.00000000	     -0.00000000	     -0.00000000	     -0.00000000	     -0.00000000	     -0.00000000	170990681.17204231	226490502.25217980	252358295.56796214	     -0.00000000	     -0.00000000	     -0.00000000	     -0.00000000	     -0.00000000	     -0.00000000	41238821.69989465	1004432.23498007	     -0.00000000	     -0.00000000	     -0.00000000	9014914.39099722	     -0.00000000	573208821.17122769	     -0.00000000	11084135.87826229	     -0.00000000	     -0.00000000	     -0.00000000	     -0.00000000	 120762.02277568	 174161.46719876	  80428.80588828
      1.29000000	     -0.00000000	     -0.00000000	32866832.57324345	3278399.06293168	  13838.93917968	     -0.00000000	   2765.30622055	2310114.66454182	     -0.00000000	     -0.00000000	     -0.00000000	     -0.00000000	     -0.00000000	     -0.00000000	368137788.39965624	474024003.35444951	490052930.62784559	     -0.00000000	     -0.00000000	     -0.00000000	     -0.00000000	     -0.00000000	     -0.00000000	45656298.15651849	     -0.00000000	     -0.00000000	     -0.00000000	     -0.00000000	1984372.65215837	     -0.00000000	541067958.45951533	     -0.00000000	28612383.82880749	     -0.00000000	     -0.00000000	     -0.00000000	     -0.00000000	     -0.00000000	     -0.00000000	     -0.00000000	3695526.76489991	 425129.09856149	21876489.89287275	1022218.85629495	1134504.70175923	     -0.00000000	     -0.00000000	 237847.77919232	     -0.00000000	     -0.00000000	     -0.00000000	     -0.00000000	     -0.00000000	     -0.00000000	180419600.51848826	240165272.25408781	270369164.74856049	     -0.00000000	     -0.00000000	     -0.00000000	     -0.00000000	     -0.00000000	     -0.00000000	39998587.15080918	 790849.87154820	     -0.00000000	     -0.00000000	     -0.00000000	8530731.17021237	     -0.00000000	562950111.10105753	     -0.00000000	10751489.93997071	     -0.00000000	     -0.00000000	     -0.00000000	     -0.00000000	 214362.97213440	 365648.08217434	 185710.98182213
      1.30000000	     -0.00000000	     -0.00000000	32061285.37477390	3159292.50976506	   4956.82544909	     -0.00000000	   1169.91729477	2262307.31385640	     -0.00000000	     -0.00000000	     -0.00000000	     -0.00000000	     -0.00000000	     -0.00000000	363393355.66874433	467700141.48705512	481465640.55630797	     -0.00000000	     -0.00000000	     -0.00000000	     -0.00000000	     -0.00000000	     -0.00000000	45304961.35923074	     -0.00000000	     -0.00000000	     -0.00000000	     -0.00000000	2095563.65217767	     -0.00000000	542937554.88072598	     -0.00000000	28033963.72092175	     -0.00000000	     -0.00000000	     -0.00000000	     -0.00000000	     -0.00000000	     -0.00000000	     -0.00000000	3315493.71103543	 339823.18792513	23134438.35565513	1160068.86757501	1313739.80498675	     -0.00000000	     -0.00000000	 128099.13361817	     -0.00000000	     -0.00000000	     -0.00000000	     -0.00000000	     -0.00000000	     -0.00000000	189855805.47286361	253747321.16388988	288096085.54908371	     -0.00000000	     -0.00000000	     -0.00000000	     -0.00000000	     -0.00000000	     -0.00000000	38854502.84152846	 608468.72950812	     -0.00000000	     -0.00000000	     -0.00000000	8073276.02465144	     -0.00000000	553212025.52002823	     -0.00000000	10476517.38854336	     -0.00000000	     -0.00000000	     -0.00000000	     -0.00000000	 321569.47730964	 597103.28754009	 320630.85042363
      1.31000000	     -0.00000000	     -0.00000000	31380785.09580278	3059176.59150034	   1248.33360371	     -0.00000000	    472.50715501	2229688.40879170	     -0.00000000	     -0.00000000	     -0.00000000	     -0.00000000	     -0.00000000	     -0.00000000	360281259.09048730	463283756.18346471	474734681.52431017	     -0.00000000	     -0.00000000	     -0.00000000	     -0.00000000	     -0.00000000	     -0.00000000	45014145.56478829	     -0.00000000	     -0.00000000	     -0.00000000	     -0.00000000	2179892.47023234	     -0.00000000	544586933.65612268	     -0.00000000	27587778.10154971	     -0.00000000	     -0.00000000	     -0.00000000	     -0.00000000	     -0.00000000	     -0.00000000	     -0.00000000	2858670.57648708	 247726.11359481	24601744.63160578	1330313.53880305	1515336.44424823	     -0.00000000	     -0.00000000	  54429.75760537	     -0.00000000	     -0.00000000	     -0.00000000	     -0.00000000	     -0.00000000	     -0.00000000	200971632.67852718	269676042.41213703	308673505.09650999	     -0.00000000	     -0.00000000	     -0.00000000	     -0.00000000	     -0.00000000	     -0.00000000	37762900.97134747	 429208.61592419	     -0.00000000	     -0.00000000	     -0.00000000	7553030.05132559	     -0.00000000	543002754.42795968	     -0.00000000	10329646.95530431	     -0.00000000	     -0.00000000	     -0.00000000	     -0.00000000	 441249.93144158	 861767.57536905	 479270.44969047
      1.32000000	     -0.00000000	     -0.00000000	30500165.18738621	2932370.80858165	     11.94795778	     -0.00000000	     74.88924649	2216873.50102184	     -0.00000000	     -0.00000000	     -0.00000000	     -0.00000000	     -0.00000000	     -0.00000000	354946627.36589921	456142774.40259588	465080697.98597199	     -0.00000000	     -0.00000000	     -0.00000000	     -0.00000000	     -0.00000000	     -0.00000000	44776593.00366838	     -0.00000000	     -0.00000000	     -0.00000000	     -0.00000000	2308152.80303664	     -0.00000000	547126300.41973162	     -0.00000000	27103369.94192532	     -0.00000000	     -0.00000000	     -0.00000000	     -0.00000000	     -0.00000000	     -0.00000000	     -0.00000000	2487606.45078728	 177898.64591348	26036680.12229226	1500258.93982574	1737349.87788041	     -0.00000000	     -0.00000000	  15755.77530397	     -0.00000000	     -0.00000000	     -0.00000000	     -0.00000000	     -0.00000000	     -0.00000000	211191695.65486532	284396553.22147274	328033609.08238858	     -0.00000000	     -0.00000000	     -0.00000000	     -0.00000000	     -0.00000000	     -0.00000000	36852699.22294981	 292771.23952303	     -0.00000000	     -0.00000000	     -0.00000000	7094640.39028891	     -0.00000000	533748111.07432878	     -0.00000000	10240359.47011705	     -0.00000000	     -0.00000000	     -0.00000000	     -0.00000000	 559634.38645585	1126677.04537335	 641232.54324753
      1.33000000	     -0.00000000	     -0.00000000	29517428.62300338	2790721.09196051	     -0.00000000	     -0.00000000	     -0.31048973	2220112.11550813	     -0.00000000	     -0.00000000	     -0.00000000	     -0.00000000	     -0.00000000	     -0.00000000	348822544.41749507	447943092.57794118	454097033.56525940	     -0.00000000	     -0.00000000	     -0.00000000	     -0.00000000	     -0.00000000	     -0.00000000	44584097.51239973	     -0.00000000	     -0.00000000	     -0.00000000	     -0.00000000	2460070.39129022	     -0.00000000	550254996.91478622	     -0.00000000	26619661.72592121	     -0.00000000	     -0.00000000	     -0.00000000	     -0.00000000	     -0.00000000	     -0.00000000	     -0.00000000	2153287.85639094	 121313.69683659	27482090.89707747	1676200.71391113	1974756.96247704	     -0.00000000	     -0.00000000	   2834.63511476	     -0.00000000	     -0.00000000	     -0.00000000	     -0.00000000	     -0.00000000	     -0.00000000	221144563.15242845	298751261.54700100	347049905.20898354	     -0.00000000	     -0.00000000	     -0.00000000	     -0.00000000	     -0.00000000	     -0.00000000	36103530.76735343	 186081.64627504	     -0.00000000	     -0.00000000	     -0.00000000	6664642.72892931	     -0.00000000	525227461.84715062	     -0.00000000	10233762.24018105	     -0.00000000	     -0.00000000	     -0.00000000	     -0.00000000	 670262.66007739	1375519.43407803	 795585.70700888
      1.34000000	     -0.00000000	     -0.00000000	28574609.34564963	2656056.64211099	     -0.00000000	     -0.00000000	     -0.00000000	2238427.34095048	     -0.00000000	     -0.00000000	     -0.00000000	     -0.00000000	     -0.00000000	     -0.00000000	343009018.58607411	440091290.12196499	443486243.09698343	     -0.00000000	     -0.00000000	     -0.00000000	     -0.00000000	     -0.00000000	     -0.00000000	44453836.26984955	     -0.00000000	     -0.00000000	     -0.00000000	     -0.00000000	2609884.02158347	     -0.00000000	553480578.81338251	     -0.00000000	26208859.75687458	     -0.00000000	     -0.00000000	     -0.00000000	     -0.00000000	     -0.00000000	     -0.00000000	     -0.00000000	1811043.63511149	  72114.86538441	29026991.03288200	1871592.75189235	2229201.35389544	     -0.00000000	     -0.00000000	    128.93178338	     -0.00000000	     -0.00000000	     -0.00000000	     -0.00000000	     -0.00000000	     -0.00000000	231723282.84402487	313955060.07354057	367101919.07771903	     -0.00000000	     -0.00000000	     -0.00000000	     -0.00000000	     -0.00000000	     -0.00000000	35486696.44895822	 100572.47570397	     -0.00000000	     -0.00000000	     -0.00000000	6223311.20019383	     -0.00000000	517018607.87168580	     -0.00000000	10340876.18019443	     -0.00000000	     -0.00000000	     -0.00000000	     -0.00000000	 770074.22913843	1600423.84941044	 936612.96262326
      1.35000000	     -0.00000000	     -0.00000000	27618340.17693173	2518709.78921487	     -0.00000000	     -0.00000000	     -0.00000000	2269583.51350184	     -0.00000000	     -0.00000000	     -0.00000000	     -0.00000000	     -0.00000000	     -0.00000000	336681140.87596792	431610944.35311341	432333573.75593472	     -0.00000000	     -0.00000000	     -0.00000000	     -0.00000000	     -0.00000000	     -0.00000000	44383938.15969007	     -0.00000000	     -0.00000000	     -0.00000000	     -0.00000000	2776347.98477440	     -0.00000000	557021338.35639906	     -0.00000000	25821169.91408440	     -0.00000000	     -0.00000000	     -0.00000000	     -0.00000000	     -0.00000000	     -0.00000000	     -0.00000000	1483658.97687386	  35060.21250246	30545599.22664339	2070998.21486040	2473402.91203824	     -0.00000000	     -0.00000000	     -0.00000000	     -0.00000000	     -0.00000000	     -0.00000000	     -0.00000000	     -0.00000000	     -0.00000000	242283170.73779649	329013531.34088439	386715854.65908599	     -0.00000000	     -0.00000000	     -0.00000000	     -0.00000000	     -0.00000000	     -0.00000000	35018999.64792269	  42474.82463724	     -0.00000000	     -0.00000000	     -0.00000000	5801961.98468131	     -0.00000000	509647920.89984792	     -0.00000000	10538119.56181993	     -0.00000000	     -0.00000000	     -0.00000000	     -0.00000000	 851081.17276849	1782949.85858551	1051991.87665281
      1.36000000	     -0.00000000	     -0.00000000	26675160.93959622	2382596.63087968	     -0.00000000	     -0.00000000	     -0.00000000	2313975.30298845	     -0.00000000	     -0.00000000	     -0.00000000	     -0.00000000	     -0.00000000	     -0.00000000	329993072.67658663	422707537.99228442	420921226.97681814	     -0.00000000	     -0.00000000	     -0.00000000	     -0.00000000	     -0.00000000	     -0.00000000	44381002.23713780	     -0.00000000	     -0.00000000	     -0.00000000	     -0.00000000	2956206.40148829	     -0.00000000	560796437.27929723	     -0.00000000	25469261.26945103	     -0.00000000	     -0.00000000	     -0.00000000	     -0.00000000	     -0.00000000	     -0.00000000	     -0.00000000	1175997.53386599	  13187.72127223	32031251.81245986	2273570.19531030	2702370.06794655	     -0.00000000	     -0.00000000	     -0.00000000	     -0.00000000	     -0.00000000	     -0.00000000	     -0.00000000	     -0.00000000	     -0.00000000	252788721.86048260	343875513.23041326	405818206.96127486	     -0.00000000	     -0.00000000	     -0.00000000	     -0.00000000	     -0.00000000	     -0.00000000	34704997.80016672	  12707.80834243	     -0.00000000	     -0.00000000	     -0.00000000	5399028.31126109	     -0.00000000	503150682.75951660	     -0.00000000	10832269.03942149	     -0.00000000	     -0.00000000	     -0.00000000	     -0.00000000	 909008.21705251	1913371.12301015	1134899.93354521
      1.37000000	     -0.00000000	     -0.00000000	25686231.39574489	2244480.55235339	     -0.00000000	     -0.00000000	     -0.00000000	2369909.44559747	     -0.00000000	     -0.00000000	     -0.00000000	     -0.00000000	     -0.00000000	     -0.00000000	323645887.27565044	414023729.29212606	409240382.78924221	     -0.00000000	     -0.00000000	     -0.00000000	     -0.00000000	     -0.00000000	     -0.00000000	44383754.86400354	     -0.00000000	     -0.00000000	     -0.00000000	     -0.00000000	3136162.08661530	     -0.00000000	564787598.60260451	     -0.00000000	25143609.44657567	     -0.00000000	     -0.00000000	     -0.00000000	     -0.00000000	     -0.00000000	     -0.00000000	     -0.00000000	 936629.09888583	   3556.20171231	33663558.21347894	2496524.64844013	3004902.84788973	     -0.00000000	     -0.00000000	     -0.00000000	     -0.00000000	     -0.00000000	     -0.00000000	     -0.00000000	     -0.00000000	     -0.00000000	262976136.92174244	358523253.57471633	425469324.51690370	     -0.00000000	     -0.00000000	     -0.00000000	     -0.00000000	     -0.00000000	     -0.00000000	34590346.39683951	   1799.34051970	     -0.00000000	     -0.00000000	     -0.00000000	5009050.19000060	     -0.00000000	497079758.34146887	     -0.00000000	11242477.81020836	     -0.00000000	     -0.00000000	     -0.00000000	     -0.00000000	 946230.20722259	1997107.43030067	1188315.81519979
      1.38000000	     -0.00000000	     -0.00000000	24772042.74811337	2112700.16095408	     -0.00000000	     -0.00000000	     -0.00000000	2433273.22347429	     -0.00000000	     -0.00000000	     -0.00000000	     -0.00000000	     -0.00000000	     -0.00000000	316766766.22269994	404831600.51917654	397647711.27121669	     -0.00000000	     -0.00000000	     -0.00000000	     -0.00000000	     -0.00000000	     -0.00000000	44469485.57870252	     -0.00000000	     -0.00000000	     -0.00000000	     -0.00000000	3334203.85946732	     -0.00000000	568861236.27947569	     -0.00000000	24843137.98325075	     -0.00000000	     -0.00000000	     -0.00000000	     -0.00000000	     -0.00000000	     -0.00000000	     -0.00000000	 698880.08014629	    261.92837030	35121678.57000263	2706877.11925762	3233126.26840667	     -0.00000000	     -0.00000000	     -0.00000000	     -0.00000000	     -0.00000000	     -0.00000000	     -0.00000000	     -0.00000000	     -0.00000000	273029396.05409491	372641066.85175699	443542825.36286968	     -0.00000000	     -0.00000000	     -0.00000000	     -0.00000000	     -0.00000000	     -0.00000000	34600988.29009433	    -20.17321357	     -0.00000000	     -0.00000000	     -0.00000000	4641163.67453727	     -0.00000000	492233454.17798531	     -0.00000000	11736233.35107930	     -0.00000000	     -0.00000000	     -0.00000000	     -0.00000000	 955150.97892452	2017171.41090507	1201118.91170784
      1.39000000	     -0.00000000	     -0.00000000	23842555.97173684	1980150.42558814	     -0.00000000	     -0.00000000	     -0.00000000	2507953.01191989	     -0.00000000	     -0.00000000	     -0.00000000	     -0.00000000	     -0.00000000	     -0.00000000	309972538.04644537	395621195.76173687	385835167.48655385	     -0.00000000	     -0.00000000	     -0.00000000	     -0.00000000	     -0.00000000	     -0.00000000	44587228.96544561	     22.76582152	     -0.00000000	     -0.00000000	     -0.00000000	3540404.28420191	     -0.00000000	573159271.63403332	     -0.00000000	24564223.49169737	     -0.00000000	     -0.00000000	     -0.00000000	     -0.00000000	     -0.00000000	     -0.00000000	     -0.00000000	 505615.90219212	     -0.00000000	36590817.78883677	2922096.50069205	3477701.72683116	     -0.00000000	     -0.00000000	     -0.00000000	     -0.00000000	     -0.00000000	     -0.00000000	     -0.00000000	     -0.00000000	     -0.00000000	282754783.68095809	386309359.34674209	461212909.91589910	     -0.00000000	     -0.00000000	     -0.00000000	     -0.00000000	     -0.00000000	     -0.00000000	34774880.58643133	     -0.00000000	     -0.00000000	     -0.00000000	     -0.00000000	4292381.30196789	     -0.00000000	488104550.81922102	     -0.00000000	12330686.50027840	     -0.00000000	     -0.00000000	     -0.00000000	     -0.00000000	 941189.61419976	1985784.40451601	1181039.42898783
      1.40000000	     -0.00000000	     -0.00000000	22939447.31184794	1852509.35457028	     -0.00000000	     -0.00000000	     -0.00000000	2587975.76344720	     -0.00000000	     -0.00000000	     -0.00000000	     -0.00000000	     -0.00000000	     -0.00000000	303135959.96619296	386345728.68131131	374051297.23743284	     -0.00000000	     -0.00000000	     -0.00000000	     -0.00000000	     -0.00000000	     -0.00000000	44732132.10367464	   1491.22279560	     -0.00000000	     -0.00000000	     -0.00000000	3753324.06233496	     -0.00000000	577470511.62060988	     -0.00000000	24301799.44957369	     -0.00000000	     -0.00000000	     -0.00000000	     -0.00000000	     -0.00000000	     -0.00000000	     -0.00000000	 353620.54706905	     -0.00000000	37989341.59191796	3131440.47706805	3715289.23858521	     -0.00000000	     -0.00000000	     -0.00000000	     -0.00000000	     -0.00000000	     -0.00000000	     -0.00000000	     -0.00000000	     -0.00000000	291816619.40021521	399006370.93796438	477659954.44059390	     -0.00000000	     -0.00000000	     -0.00000000	     -0.00000000	     -0.00000000	     -0.00000000	35130262.23237742	     -0.00000000	     -0.00000000	     -0.00000000	     -0.00000000	3974466.64009939	     -0.00000000	485028747.70722687	     -0.00000000	13030824.56734449	     -0.00000000	     -0.00000000	     -0.00000000	     -0.00000000	 899877.36682906	1892848.14762308	1121735.57539284
      1.41000000	     -0.00000000	     -0.00000000	22395426.17300535	1773822.87901708	     -0.00000000	     -0.00000000	     -0.00000000	2630021.26171258	     -0.00000000	     -0.00000000	     -0.00000000	     -0.00000000	     -0.00000000	     -0.00000000	297208953.25130516	378774903.49023527	365685973.96734363	     -0.00000000	     -0.00000000	     -0.00000000	     -0.00000000	     -0.00000000	     -0.00000000	44852157.25419642	   4637.91162753	     -0.00000000	     -0.00000000	     -0.00000000	3921513.35957340	     -0.00000000	580170292.75226521	     -0.00000000	24082965.83774813	     -0.00000000	     -0.00000000	     -0.00000000	     -0.00000000	     -0.00000000	     -0.00000000	     -0.00000000	 220601.23329066	     -0.00000000	39283674.86112836	3337115.48902810	3898184.46452288	     -0.00000000	     -0.00000000	     -0.00000000	     -0.00000000	     -0.00000000	     -0.00000000	     -0.00000000	     -0.00000000	     -0.00000000	300680487.76491642	411190830.45053786	492950759.62818122	     -0.00000000	     -0.00000000	     -0.00000000	     -0.00000000	     -0.00000000	     -0.00000000	35630309.61551539	     -0.00000000	     -0.00000000	     -0.00000000	     -0.00000000	3669648.98439263	     -0.00000000	482904234.68776649	     -0.00000000	13859069.92768844	     -0.00000000	     -0.00000000	     -0.00000000	     -0.00000000	 831529.18693911	1738942.15531608	1023976.62316362
      1.42000000	     -0.00000000	     -0.00000000	21068529.36026347	1591862.92043237	     -0.00000000	     -0.00000000	     -0.00000000	2775260.90652621	     -0.00000000	     -0.00000000	     -0.00000000	     -0.00000000	     -0.00000000	     -0.00000000	288401734.38174468	366163237.65404534	348719538.37696123	     -0.00000000	     -0.00000000	     -0.00000000	     -0.00000000	     -0.00000000	     -0.00000000	45121994.04768130	  18467.28724122	     -0.00000000	     -0.00000000	     -0.00000000	4241250.03699566	     -0.00000000	586838595.16889930	     -0.00000000	23771891.70128009	     -0.00000000	     -0.00000000	     -0.00000000	     -0.00000000	     -0.00000000	     -0.00000000	     -0.00000000	 161236.96416393	     -0.00000000	40504654.63451906	3516584.40131213	4172133.18955409	     -0.00000000	     -0.00000000	    280.33755668	     -0.00000000	     -0.00000000	     -0.00000000	     -0.00000000	     -0.00000000	     -0.00000000	307287350.47827566	420657104.38860661	506054327.10353237	     -0.00000000	     -0.00000000	     -0.00000000	     -0.00000000	     -0.00000000	     -0.00000000	36310692.39436314	     -0.00000000	     -0.00000000	     -0.00000000	     -0.00000000	3446411.70898194	     -0.00000000	481820949.32349855	     -0.00000000	14684610.66555102	     -0.00000000	     -0.00000000	     -0.00000000	     -0.00000000	 754485.19531674	1565334.82508259	 914372.68083211
      1.43000000	     -0.00000000	     -0.00000000	20508306.95668682	1508435.74038607	     -0.00000000	     -0.00000000	     -0.00000000	2850050.82070221	     -0.00000000	     -0.00000000	     -0.00000000	     -0.00000000	     -0.00000000	     -0.00000000	282944941.68898058	358813114.10237956	340230571.04958564	     -0.00000000	     -0.00000000	     -0.00000000	     -0.00000000	     -0.00000000	     -0.00000000	45357289.81970724	  32304.47796798	     -0.00000000	     -0.00000000	     -0.00000000	4433743.17180398	     -0.00000000	590166029.31830513	     -0.00000000	23619160.00689277	     -0.00000000	     -0.00000000	     -0.00000000	     -0.00000000	     -0.00000000	     -0.00000000	     -0.00000000	  68217.86115337	     -0.00000000	41625154.25784034	3705885.55786163	4274451.94080023	     -0.00000000	     -0.00000000	   3621.12226193	     -0.00000000	     -0.00000000	     -0.00000000	     -0.00000000	     -0.00000000	     -0.00000000	316243779.15494072	432589109.84178990	520002110.64415246	     -0.00000000	     -0.00000000	     -0.00000000	     -0.00000000	     -0.00000000	     -0.00000000	37021722.53736687	     -0.00000000	     -0.00000000	     -0.00000000	     -0.00000000	3168876.08516477	     -0.00000000	481151758.28462470	     -0.00000000	15700889.11654186	     -0.00000000	     -0.00000000	     -0.00000000	     -0.00000000	 657522.07426209	1346879.97405928	 777546.78144014
      1.44000000	     -0.00000000	     -0.00000000	19524869.47345854	1372518.46589199	     -0.00000000	     -0.00000000	     -0.00000000	2963414.91851742	     -0.00000000	     -0.00000000	     -0.00000000	     -0.00000000	     -0.00000000	     -0.00000000	274834105.94720167	347499400.17676228	326207726.90051997	     -0.00000000	     -0.00000000	     -0.00000000	     -0.00000000	     -0.00000000	     -0.00000000	45636034.97478253	  67544.04980091	     -0.00000000	     -0.00000000	     -0.00000000	4737771.10077329	     -0.00000000	595479371.42996228	     -0.00000000	23330202.89167496	     -0.00000000	     -0.00000000	     -0.00000000	     -0.00000000	     -0.00000000	     -0.00000000	     -0.00000000	  37490.49402712	     -0.00000000	42486162.60540721	3844805.39662173	4425489.66689338	     -0.00000000	     -0.00000000	  18377.25749127	     -0.00000000	     -0.00000000	     -0.00000000	     -0.00000000	     -0.00000000	     -0.00000000	321535549.81116068	439842800.79744542	529395438.59403902	     -0.00000000	     -0.00000000	     -0.00000000	     -0.00000000	     -0.00000000	     -0.00000000	37960281.65633930	     -0.00000000	     -0.00000000	     -0.00000000	     -0.00000000	3000326.23438790	     -0.00000000	482237808.20966220	     -0.00000000	16719621.26950224	     -0.00000000	     -0.00000000	     -0.00000000	     -0.00000000	 547370.32100218	1099203.07377617	 624129.01120100
      1.45000000	     -0.00000000	     -0.00000000	19043104.16454820	1303997.40971214	     -0.00000000	     -0.00000000	     -0.00000000	3035389.43845139	     -0.00000000	     -0.00000000	     -0.00000000	     -0.00000000	     -0.00000000	     -0.00000000	270073074.08373332	341039092.36384863	318714052.41198725	     -0.00000000	     -0.00000000	     -0.00000000	     -0.00000000	     -0.00000000	     -0.00000000	45858012.10844714	  93416.78877935	     -0.00000000	     -0.00000000	     -0.00000000	4915719.54156598	     -0.00000000	598409640.65972936	     -0.00000000	23208299.78067776	     -0.00000000	     -0.00000000	     -0.00000000	     -0.00000000	     -0.00000000	     -0.00000000	     -0.00000000	   6660.33924562	     -0.00000000	43544683.04480404	4025366.72886627	4536681.70208705	     -0.00000000	     -0.00000000	  56363.59881895	     -0.00000000	     -0.00000000	     -0.00000000	     -0.00000000	     -0.00000000	     -0.00000000	329773190.48544669	450658294.88733274	542112131.92130756	     -0.00000000	     -0.00000000	     -0.00000000	     -0.00000000	     -0.00000000	     -0.00000000	38940879.14046057	     -0.00000000	     -0.00000000	     -0.00000000	     -0.00000000	2761997.10342113	     -0.00000000	482777034.29239362	     -0.00000000	17952826.51625490	     -0.00000000	     -0.00000000	     -0.00000000	     -0.00000000	 437532.16902654	 853544.06320271	 474100.17811137
      1.46000000	     -0.00000000	     -0.00000000	18164797.63555559	1181920.94642354	     -0.00000000	     -0.00000000	     -0.00000000	3147598.29335713	     -0.00000000	     -0.00000000	     -0.00000000	     -0.00000000	     -0.00000000	     -0.00000000	261999798.94826707	329828969.43367922	305294960.65437979	     -0.00000000	     -0.00000000	     -0.00000000	     -0.00000000	     -0.00000000	     -0.00000000	46187975.21276799	 149319.86977239	     -0.00000000	     -0.00000000	     -0.00000000	5241317.05684412	     -0.00000000	603529833.16362929	     -0.00000000	22924436.57497159	     -0.00000000	     -0.00000000	     -0.00000000	     -0.00000000	     -0.00000000	     -0.00000000	     -0.00000000	   1599.40051376	     -0.00000000	44022404.44697151	4113526.39506758	4567820.07694422	     -0.00000000	     -0.00000000	 127202.84446444	     -0.00000000	     -0.00000000	     -0.00000000	     -0.00000000	     -0.00000000	     -0.00000000	333662876.86733556	455618813.93656427	547781028.21055698	     -0.00000000	     -0.00000000	     -0.00000000	     -0.00000000	     -0.00000000	     -0.00000000	40073464.52623889	     -0.00000000	     -0.00000000	     -0.00000000	     -0.00000000	2649604.42124076	     -0.00000000	485770319.24385470	     -0.00000000	19118739.88801035	     -0.00000000	     -0.00000000	     -0.00000000	     -0.00000000	 323156.33447235	 600634.81177980	 322547.17300278
      1.47000000	     -0.00000000	     -0.00000000	17523801.69713211	1093593.66093996	     -0.00000000	     -0.00000000	     -0.00000000	3239150.75264817	     -0.00000000	     -0.00000000	     -0.00000000	     -0.00000000	     -0.00000000	     -0.00000000	255733107.03784618	321167987.81960809	295120753.94162989	     -0.00000000	     -0.00000000	     -0.00000000	     -0.00000000	     -0.00000000	     -0.00000000	46473675.21215879	 201795.33887559	     -0.00000000	     -0.00000000	     -0.00000000	5500727.96485474	     -0.00000000	607431530.32761705	     -0.00000000	22723823.55607549	     -0.00000000	     -0.00000000	     -0.00000000	     -0.00000000	     -0.00000000	     -0.00000000	     -0.00000000	     -7.10827139	     -0.00000000	44599421.83384339	4219553.04343956	4594456.10683293	     -0.00000000	     -0.00000000	 231676.14497241	     -0.00000000	     -0.00000000	     -0.00000000	     -0.00000000	     -0.00000000	     -0.00000000	338777219.07440323	462072053.25521189	554947700.72063136	     -0.00000000	     -0.00000000	     -0.00000000	     -0.00000000	     -0.00000000	     -0.00000000	41276105.66876635	     -0.00000000	     -0.00000000	     -0.00000000	     -0.00000000	2511101.91676154	     -0.00000000	488633892.08845067	     -0.00000000	20437093.51358983	     -0.00000000	     -0.00000000	     -0.00000000	     -0.00000000	 219601.71920987	 376804.96551857	 191958.97337563
      1.48000000	     -0.00000000	     -0.00000000	17070330.20891041	1032413.16384569	     -0.00000000	     -0.00000000	     -0.00000000	3313957.44391359	     -0.00000000	     -0.00000000	     -0.00000000	     -0.00000000	     -0.00000000	     -0.00000000	251574242.63617438	315290677.03006613	288025610.35012853	     -0.00000000	     -0.00000000	     -0.00000000	     -0.00000000	     -0.00000000	     -0.00000000	46700175.97523258	 242600.31550030	     -0.00000000	     -0.00000000	     -0.00000000	5685416.99212004	     -0.00000000	610285056.53503275	     -0.00000000	22608715.40824242	     -0.00000000	     -0.00000000	     -0.00000000	     -0.00000000	     -0.00000000	     -0.00000000	     -0.00000000	     -0.00000000	     -0.00000000	45350466.93646511	4352926.51836077	4651891.10003050	     -0.00000000	     -0.00000000	 371629.14278316	     -0.00000000	     -0.00000000	     -0.00000000	     -0.00000000	     -0.00000000	     -0.00000000	345182498.18176222	470174245.36067885	564112296.12950492	     -0.00000000	     -0.00000000	     -0.00000000	     -0.00000000	     -0.00000000	     -0.00000000	42560703.34221161	     -0.00000000	     -0.00000000	     -0.00000000	     -0.00000000	2345257.69452128	     -0.00000000	491159000.43069506	     -0.00000000	21925540.75693683	     -0.00000000	     -0.00000000	     -0.00000000	     -0.00000000	 131107.19002907	 194130.26681071	  90491.43909875
      1.49000000	     -0.00000000	     -0.00000000	16368860.38277040	 939017.94407817	     -0.00000000	     -0.00000000	     -0.00000000	3412132.72127988	     -0.00000000	     -0.00000000	     -0.00000000	     -0.00000000	     -0.00000000	     -0.00000000	244155349.66467988	305098212.68666792	276304852.97118306	     -0.00000000	     -0.00000000	     -0.00000000	     -0.00000000	     -0.00000000	     -0.00000000	47023243.81268010	 321757.67114173	     -0.00000000	     -0.00000000	     -0.00000000	6002018.34328258	     -0.00000000	614589070.58424282	     -0.00000000	22352810.23022965	     -0.00000000	     -0.00000000	     -0.00000000	     -0.00000000	     -0.00000000	     -0.00000000	     -0.00000000	     -0.00000000	     -0.00000000	45473948.23666047	4388019.37705678	4590614.12211517	     -0.00000000	     -0.00000000	 560266.24200744	     -0.00000000	     -0.00000000	     -0.00000000	     -0.00000000	     -0.00000000	     -0.00000000	347494922.84160495	472803971.82462442	566323435.08366418	     -0.00000000	     -0.00000000	     -0.00000000	     -0.00000000	     -0.00000000	     -0.00000000	43914727.05657719	     -0.00000000	     -0.00000000	     -0.00000000	     -0.00000000	2288048.69658397	     -0.00000000	495945318.02245176	     -0.00000000	23308845.18481183	     -0.00000000	     -0.00000000	     -0.00000000	     -0.00000000	  58196.66280166	  72049.54742470	  29134.10680071
      1.50000000	     -0.00000000	     -0.00000000	15776467.16541308	 860681.39332072	     -0.00000000	     -0.00000000	     -0.00000000	3497607.52592192	     -0.00000000	     -0.00000000	     -0.00000000	     -0.00000000	     -0.00000000	     -0.00000000	238165454.00760606	296671119.80134410	266421133.20771191	     -0.00000000	     -0.00000000	     -0.00000000	     -0.00000000	     -0.00000000	     -0.00000000	47312588.18660907	 397188.88411246	     -0.00000000	     -0.00000000	     -0.00000000	6283015.89183486	     -0.00000000	618317508.67151928	     -0.00000000	22129429.14690310	     -0.00000000	     -0.00000000	     -0.00000000	     -0.00000000	     -0.00000000	     -0.00000000	     -0.00000000	     -0.00000000	     -0.00000000	45613719.61447006	4426218.08915148	4522768.24538828	     -0.00000000	     -0.00000000	 789004.56501711	     -0.00000000	     -0.00000000	     -0.00000000	     -0.00000000	     -0.00000000	     -0.00000000	350195220.50439626	475887807.88748628	568923822.45457339	     -0.00000000	     -0.00000000	     -0.00000000	     -0.00000000	     -0.00000000	     -0.00000000	45302671.27691352	     -0.00000000	     -0.00000000	     -0.00000000	     -0.00000000	2224042.59243475	     -0.00000000	500702116.78223443	     -0.00000000	24780802.07254961	     -0.00000000	     -0.00000000	     -0.00000000	     -0.00000000	  17436.23000354	  14911.52141438	   4233.10261040
      1.51000000	     -0.00000000	     -0.00000000	15214222.22396131	 789632.84498024	     -0.00000000	     -0.00000000	     -0.00000000	3578858.39833256	     -0.00000000	     -0.00000000	     -0.00000000	     -0.00000000	     -0.00000000	     -0.00000000	232611885.38208640	288789488.85827667	257057811.39612952	     -0.00000000	     -0.00000000	     -0.00000000	     -0.00000000	     -0.00000000	     -0.00000000	47574752.67352418	 476319.08964259	     -0.00000000	     -0.00000000	     -0.00000000	6551179.31827222	     -0.00000000	621790789.34232414	     -0.00000000	21918045.64876403	     -0.00000000	     -0.00000000	     -0.00000000	     -0.00000000	     -0.00000000	     -0.00000000	     -0.00000000	     -0.00000000	     -0.00000000	45719955.94321194	4455617.87217898	4464183.43461978	     -0.00000000	    198.36727569	1058124.97394438	     -0.00000000	     -0.00000000	     -0.00000000	     -0.00000000	     -0.00000000	     -0.00000000	352455118.37041003	478460670.84441322	571053584.09244788	     -0.00000000	     -0.00000000	     -0.00000000	     -0.00000000	     -0.00000000	     -0.00000000	46748236.15271307	     -0.00000000	     -0.00000000	     -0.00000000	     -0.00000000	2172463.43616352	     -0.00000000	505658685.42109668	     -0.00000000	26303694.66549774	     -0.00000000	     -0.00000000	     -0.00000000	     -0.00000000	   2105.10851783	    142.26803570	     -0.00000000
      1.52000000	     -0.00000000	     -0.00000000	14724836.68880441	 734155.14418931	     -0.00000000	     -0.00000000	     -0.00000000	3646688.61358999	     -0.00000000	     -0.00000000	     -0.00000000	     -0.00000000	     -0.00000000	     -0.00000000	229454112.09616545	283752558.59214675	250003593.37685919	     -0.00000000	     -0.00000000	     -0.00000000	     -0.00000000	     -0.00000000	     -0.00000000	47720197.72894458	 535101.11856599	     -0.00000000	     -0.00000000	     -0.00000000	6737257.37757991	     -0.00000000	624510198.41165173	     -0.00000000	21767619.28927752	     -0.00000000	     -0.00000000	     -0.00000000	     -0.00000000	     -0.00000000	     -0.00000000	     -0.00000000	     -0.00000000	     -0.00000000	46141537.39288285	4523132.17655929	4511867.70259298	     -0.00000000	   3200.08971778	1352693.76375030	     -0.00000000	     -0.00000000	     -0.00000000	     -0.00000000	     -0.00000000	     -0.00000000	356149254.41814023	483164831.41562814	576401299.22752452	     -0.00000000	     -0.00000000	     -0.00000000	     -0.00000000	     -0.00000000	     -0.00000000	48253050.36006090	     -0.00000000	     -0.00000000	     -0.00000000	     -0.00000000	2089675.62854903	     -0.00000000	509705072.91879874	     -0.00000000	27950267.84297685	     -0.00000000	     -0.00000000	     -0.00000000	     -0.00000000	     -0.00000000	     -0.00000000	     -0.00000000
      1.53000000	     -0.00000000	     -0.00000000	14070383.58267831	 652387.74437267	     -0.00000000	     -0.00000000	     -0.00000000	3735251.52611932	     -0.00000000	     -0.00000000	     -0.00000000	     -0.00000000	     -0.00000000	     -0.00000000	221599058.66693711	272899869.41700190	237896683.11817655	     -0.00000000	     -0.00000000	     -0.00000000	     -0.00000000	     -0.00000000	     -0.00000000	48072659.76531007	 662675.87201460	     -0.00000000	     -0.00000000	     -0.00000000	7117988.87729669	     -0.00000000	628725613.05329359	     -0.00000000	21448376.21823159	     -0.00000000	     -0.00000000	     -0.00000000	     -0.00000000	     -0.00000000	     -0.00000000	     -0.00000000	     -0.00000000	     -0.00000000	45578292.36964525	4450060.65672640	4307920.52228638	     -0.00000000	   9041.80829784	1700372.89612743	     -0.00000000	     -0.00000000	     -0.00000000	     -0.00000000	     -0.00000000	     -0.00000000	354426972.05969650	480416398.19489765	571483810.05343390	     -0.00000000	     -0.00000000	     -0.00000000	     -0.00000000	     -0.00000000	     -0.00000000	49681260.03703743	     -0.00000000	     -0.00000000	     -0.00000000	     -0.00000000	2136915.93266892	     -0.00000000	516500541.33117908	     -0.00000000	29299302.87344874	     -0.00000000	     -0.00000000	     -0.00000000	     -0.00000000	     -0.00000000	     -0.00000000	     -0.00000000
      1.54000000	     -0.00000000	     -0.00000000	13485133.47441428	 589314.59757993	     -0.00000000	     -0.00000000	     -0.00000000	3803874.34485884	     -0.00000000	     -0.00000000	     -0.00000000	     -0.00000000	     -0.00000000	     -0.00000000	217263972.85656896	266135277.29284596	228852321.09066981	     -0.00000000	     -0.00000000	     -0.00000000	     -0.00000000	     -0.00000000	     -0.00000000	48235328.20294642	 757478.63719869	     -0.00000000	     -0.00000000	     -0.00000000	7378244.57663475	     -0.00000000	631944591.36913979	     -0.00000000	21204868.80146227	     -0.00000000	     -0.00000000	     -0.00000000	     -0.00000000	     -0.00000000	     -0.00000000	     -0.00000000	     -0.00000000	     -0.00000000	45648400.42452681	4456519.06439011	4323639.19980602	     -0.00000000	  22626.81228239	2045289.56899054	     -0.00000000	     -0.00000000	     -0.00000000	     -0.00000000	     -0.00000000	     -0.00000000	355107585.34118921	481349160.70239991	572558946.51464319	     -0.00000000	     -0.00000000	     -0.00000000	     -0.00000000	     -0.00000000	     -0.00000000	51151386.11853310	     -0.00000000	     -0.00000000	     -0.00000000	     -0.00000000	2125428.12658280	     -0.00000000	521278409.71845925	     -0.00000000	30771904.66621237	     -0.00000000	     -0.00000000	     -0.00000000	     -0.00000000	     -0.00000000	     -0.00000000	     -0.00000000
      1.55000000	     -0.00000000	     -0.00000000	12812636.02552644	 514872.96420665	     -0.00000000	     -0.00000000	     -0.00000000	3882848.89927424	     -0.00000000	     -0.00000000	     -0.00000000	     -0.00000000	     -0.00000000	     -0.00000000	210073744.73789352	255838046.88705623	216785060.71241963	     -0.00000000	     -0.00000000	     -0.00000000	     -0.00000000	     -0.00000000	     -0.00000000	48518559.97175208	 907714.77651120	     -0.00000000	     -0.00000000	     -0.00000000	7765056.49726630	     -0.00000000	635973655.18030119	     -0.00000000	20857450.23350016	     -0.00000000	     -0.66464938	     -0.00000000	     -0.00000000	     -0.00000000	     -0.00000000	     -0.00000000	     -0.00000000	     -0.00000000	45179483.63864587	4383800.54187479	4218160.79771239	     -0.00000000	  39146.26370844	2409737.18367950	     -0.00000000	     -0.00000000	     -0.00000000	     -0.00000000	     -0.00000000	     -0.00000000	352513865.33874547	477870481.25177300	567812373.86231220	     -0.00000000	     -0.00000000	     -0.00000000	     -0.00000000	     -0.00000000	     -0.00000000	52509098.60997809	     -0.00000000	     -0.00000000	     -0.00000000	     -0.00000000	2192333.79288190	     -0.00000000	527274197.10418147	     -0.00000000	31991283.32224192	     -0.00000000	     -0.00000000	     -0.00000000	     -0.00000000	     -0.00000000	     -0.00000000	     -0.00000000
      1.56000000	     -0.00000000	     -0.00000000	12239810.47598282	 460223.10279253	     -0.00000000	     -0.00000000	     -0.00000000	3936349.67527686	     -0.00000000	     -0.00000000	     -0.00000000	     -0.00000000	     -0.00000000	     -0.00000000	206852974.15306336	250189404.90736863	208376537.52533212	     -0.00000000	     -0.00000000	     -0.00000000	     -0.00000000	     -0.00000000	     -0.00000000	48602728.07287399	1008295.81399673	     -0.00000000	     -0.00000000	     -0.00000000	8010200.85445691	     -0.00000000	638875015.97304082	     -0.00000000	20594956.22435092	     -0.00000000	     -0.29317304	     -0.00000000	     -0.00000000	     -0.00000000	     -0.00000000	     -0.00000000	     -0.00000000	     -0.00000000	45461250.41972782	4410738.70470478	4352031.81453750	     -0.00000000	  68487.34385679	2738887.31887398	     -0.00000000	     -0.00000000	     -0.00000000	     -0.00000000	     -0.00000000	     -0.00000000	352982639.80584705	478932019.42917597	570214577.20813775	     -0.00000000	     -0.00000000	     -0.00000000	     -0.00000000	     -0.00000000	     -0.00000000	53850879.04520015	     -0.00000000	     -0.00000000	     -0.00000000	     -0.00000000	2181435.02439500	     -0.00000000	530643592.10151273	     -0.00000000	33339875.31679783	     -0.00000000	     -0.00000000	     -0.00000000	     -0.00000000	     -0.00000000	     -0.00000000	     -0.00000000
      1.57000000	     -0.00000000	    -18.12368289	11599310.97045584	 393318.53661646	     -0.00000000	     -0.00000000	     -0.00000000	4006874.35083828	     -0.00000000	     -0.00000000	     -0.00000000	     -0.00000000	     -0.00000000	     -0.00000000	199179104.22699514	239255045.22836125	195978911.66610163	     -0.00000000	     -0.00000000	     -0.00000000	     -0.00000000	     -0.00000000	     -0.00000000	48914078.53483614	1196098.49941446	     -0.00000000	     -0.00000000	     -0.00000000	8447245.74797923	     -0.00000000	642846338.98518836	     -0.00000000	20207737.14018480	     -0.00000000	     24.93711377	     -0.00000000	     -0.00000000	     -0.00000000	     -0.00000000	     -0.00000000	     -0.00000000	     -0.00000000	44956126.75316712	4331335.45262554	4264790.13071065	     -0.00000000	  91419.74645073	3070833.78740966	     -0.00000000	     -0.00000000	     -0.00000000	     -0.00000000	     -0.00000000	     -0.00000000	349455486.21081758	474320108.37439167	564499072.37972009	     -0.00000000	     -0.00000000	     -0.00000000	     -0.00000000	     -0.00000000	     -0.00000000	54957995.35688835	     -0.00000000	     -0.00000000	     -0.00000000	     -0.00000000	2267573.92439196	     -0.00000000	535633353.39827168	     -0.00000000	34303454.31041877	     -0.00000000	     -0.00000000	     -0.00000000	     -0.00000000	     -0.00000000	     -0.00000000	     -0.00000000
      1.58000000	     -0.00000000	    363.98526758	11066108.92467839	 342444.48066845	     -0.00000000	     -0.00000000	     -0.00000000	4054215.36314030	     -0.00000000	     -0.00000000	     -0.00000000	     -0.00000000	     -0.00000000	     -0.00000000	194026573.18934029	231402603.20864603	186347526.12287918	     -0.00000000	     -0.00000000	     -0.00000000	     -0.00000000	     -0.00000000	     -0.00000000	49103923.38652803	1350058.45108726	     -0.00000000	     -0.00000000	     -0.00000000	8789286.16380042	     -0.00000000	645917906.06137919	     -0.00000000	19878416.21798866	     -0.00000000	     81.51129800	     -0.00000000	     -0.00000000	     -0.00000000	     -0.00000000	     -0.00000000	     -0.00000000	     -0.00000000	44953422.77154959	4323373.18417496	4318518.10637655	     -0.00000000	 119910.78189473	3351415.98341823	     -0.00000000	     -0.00000000	     -0.00000000	     -0.00000000	     -0.00000000	     -0.00000000	348251240.96989000	472999131.46668345	563670321.36610126	     -0.00000000	     -0.00000000	     -0.00000000	     -0.00000000	     -0.00000000	     -0.00000000	55952938.39254602	     -0.00000000	     -0.00000000	     -0.00000000	     -0.00000000	2293072.42789385	     -0.00000000	538507446.70733845	     -0.00000000	35282324.00061575	     -0.00000000	     -0.00000000	     -0.00000000	     -0.00000000	     -0.00000000	     -0.00000000	     -0.00000000
      1.59000000	    525.29396186	   2294.50542048	10599938.20210849	 298332.28064399	     -0.00000000	     -0.00000000	     -0.00000000	4090168.93459089	     -0.00000000	     -0.00000000	     -0.00000000	     -0.00000000	     -0.00000000	     -0.00000000	188908828.62447456	223732909.61225906	177334127.55491245	     -0.00000000	     -0.00000000	     -0.00000000	     -0.00000000	     -0.00000000	     -0.00000000	49305173.71571796	1509835.97229148	     -0.00000000	     -0.00000000	     -0.00000000	9134400.35097252	     -0.00000000	648718373.88320374	     -0.00000000	19548045.85807304	     -0.00000000	    167.46939532	     -0.00000000	     -0.00000000	     -0.00000000	     -0.00000000	     -0.00000000	     -0.00000000	     -0.00000000	44952408.67682076	4321161.73742054	4353848.62237757	     -0.00000000	 146887.65021695	3591300.44087515	     -0.00000000	     -0.00000000	     -0.00000000	     -0.00000000	     -0.00000000	     -0.00000000	347285601.44528008	471882071.53981394	562904157.66409147	     -0.00000000	     -0.00000000	     -0.00000000	     -0.00000000	     -0.00000000	     -0.00000000	56760677.43668965	     -0.00000000	     -0.00000000	     -0.00000000	     -0.00000000	2310554.09043269	     -0.00000000	540676259.98111928	     -0.00000000	36113955.44671922	     -0.00000000	     -0.00000000	     -0.00000000	     -0.00000000	     -0.00000000	     -0.00000000	     -0.00000000
      1.60000000	   6011.58480015	   6465.33205119	10223673.10214125	 262791.77545782	     -0.00000000	     -0.00000000	     -0.00000000	4108561.62234369	     -0.00000000	     -0.00000000	     -0.00000000	     -0.00000000	     -0.00000000	     -0.00000000	184358485.45622233	216947278.26922983	169605350.39012113	     -0.00000000	     -0.00000000	     -0.00000000	     -0.00000000	     -0.00000000	     -0.00000000	49487130.88984879	1660085.52482962	     -0.00000000	     -0.00000000	     -0.00000000	9453489.76428736	     -0.00000000	651042511.55996490	     -0.00000000	19230782.36559746	     -0.00000000	    276.05539086	     -0.00000000	     -0.00000000	     -0.00000000	     -0.00000000	     -0.00000000	     -0.00000000	     -0.00000000	45036751.09747091	4337157.61630987	4382399.52829533	     -0.00000000	 172442.89993343	3781842.79645357	     -0.00000000	     -0.00000000	     -0.00000000	     -0.00000000	     -0.00000000	     -0.00000000	347257880.36707777	471880773.38778096	563264352.79475498	     -0.00000000	     -0.00000000	     -0.00000000	     -0.00000000	     -0.00000000	     -0.00000000	57378244.40650719	     -0.00000000	     -0.00000000	     -0.00000000	     -0.00000000	2303963.74179917	     -0.00000000	541907858.37186277	     -0.00000000	36824946.67975026	     -0.00000000	     -0.00000000	     -0.00000000	     -0.00000000	     -0.00000000	     -0.00000000	     -0.00000000
      1.61000000	  21588.67273850	  13433.17235394	9951459.79902033	 236207.77490210	     -0.00000000	     -0.00000000	     -0.00000000	4108995.03937909	     -0.00000000	     -0.00000000	     -0.00000000	     -0.00000000	     -0.00000000	     -0.00000000	180693818.11422855	211470890.59983262	163572192.00238034	     -0.00000000	     -0.00000000	     -0.00000000	     -0.00000000	     -0.00000000	     -0.00000000	49642050.48448064	1787780.52177328	     -0.00000000	     -0.00000000	     -0.00000000	9726588.25170519	     -0.00000000	652805093.00557923	     -0.00000000	18943237.09280081	     -0.00000000	    389.42891184	     -0.00000000	     -0.00000000	     -0.00000000	     -0.00000000	     -0.00000000	     -0.00000000	     -0.00000000	45203518.01772010	4372513.66009301	4392669.54869311	     -0.00000000	 196891.47358673	3926056.23306513	     -0.00000000	     -0.00000000	     -0.00000000	     -0.00000000	     -0.00000000	     -0.00000000	348392537.65375322	473237443.72692257	564883605.92481744	     -0.00000000	     -0.00000000	     -0.00000000	     -0.00000000	     -0.00000000	     -0.00000000	57818592.23068353	     -0.00000000	     -0.00000000	     -0.00000000	     -0.00000000	2268862.75246021	     -0.00000000	542276475.00992155	     -0.00000000	37440465.33705108	     -0.00000000	     -0.00000000	     -0.00000000	     -0.00000000	     -0.00000000	     -0.00000000	     -0.00000000
      1.62000000	  71666.84496831	  28119.72585741	9753877.51360094	 213354.60114276	     -0.00000000	     -0.00000000	     -0.00000000	4093909.77641953	     -0.00000000	     -0.00000000	     -0.00000000	     -0.00000000	     -0.00000000	     -0.00000000	175947178.30047148	205060011.42957467	157605326.18097389	     -0.00000000	     -0.00000000	     -0.00000000	     -0.00000000	     -0.00000000	     -0.00000000	49845579.79429321	1933909.61601184	     -0.00000000	     -0.00000000	     -0.00000000	10032412.30014323	     -0.00000000	654369933.25585341	     -0.00000000	18628837.30487617	     -0.00000000	    511.58840998	     -0.00000000	     -0.00000000	     -0.00000000	     -0.00000000	     -0.00000000	     -0.00000000	     -0.00000000	45053745.89603560	4372112.51221724	4271816.57289110	     -0.00000000	 211832.99342771	4039829.12824990	     -0.00000000	     -0.00000000	     -0.00000000	     -0.00000000	     -0.00000000	     -0.00000000	348747151.82580060	473191398.20812613	563750040.27707422	     -0.00000000	     -0.00000000	     -0.00000000	     -0.00000000	     -0.00000000	     -0.00000000	58043009.27618235	     -0.00000000	     -0.00000000	     -0.00000000	     -0.00000000	2254533.16878569	     -0.00000000	542970278.55721927	     -0.00000000	37826550.59375058	     -0.00000000	     -0.00000000	     -0.00000000	     -0.00000000	     -0.00000000	     -0.00000000	     -0.00000000
      1.63000000	 152439.30955044	  51102.01837985	9651625.40270635	 197305.16869004	     -0.00000000	     -0.00000000	     -0.00000000	4059202.88427349	     -0.00000000	     -0.00000000	     -0.00000000	     -0.00000000	     -0.00000000	     -0.00000000	171685907.25626484	199544743.28861484	153040780.41112641	     -0.00000000	     -0.00000000	     -0.00000000	     -0.00000000	     -0.00000000	     -0.00000000	50022882.13191421	2060607.81585877	     -0.00000000	     -0.00000000	     -0.00000000	10300131.90456687	     -0.00000000	655411568.71296918	     -0.00000000	18331318.28441488	     -0.00000000	    615.65898484	     -0.00000000	     -0.00000000	     -0.00000000	     -0.00000000	     -0.00000000	     -0.00000000	     -0.00000000	44886802.58872230	4376251.96075727	4105273.16241529	     -0.00000000	 222490.66373501	4112039.32851350	     -0.00000000	     -0.00000000	     -0.00000000	     -0.00000000	     -0.00000000	     -0.00000000	349891184.28697532	473961476.65439683	563000053.15844321	     -0.00000000	     -0.00000000	     -0.00000000	     -0.00000000	     -0.00000000	     -0.00000000	58094702.36532539	     -0.00000000	     -0.00000000	     -0.00000000	     -0.00000000	2223007.53578425	     -0.00000000	543194721.35204768	     -0.00000000	38091707.11312263	     -0.00000000	     -0.00000000	     -0.00000000	     -0.00000000	     -0.00000000	     -0.00000000	     -0.00000000
      1.64000000	 242375.02287607	  75017.80725255	9601451.44778203	 186871.41131607	     -0.00000000	     -0.00000000	     -0.00000000	4015921.12493481	     -0.00000000	     -0.00000000	     -0.00000000	     -0.00000000	     -0.00000000	     -0.00000000	168123824.63342050	195134368.15826133	149694774.44380465	     -0.00000000	     -0.00000000	     -0.00000000	     -0.00000000	     -0.00000000	     -0.00000000	50132199.33581728	2161836.47282487	     -0.00000000	     -0.00000000	     -0.00000000	10507137.20776106	     -0.00000000	655986230.63392830	     -0.00000000	18076928.83710369	     -0.00000000	    705.50041839	     -0.00000000	     -0.00000000	     -0.00000000	     -0.00000000	     -0.00000000	     -0.00000000	     -0.00000000	44924791.27299595	4414258.24037444	3977077.11626673	     -0.00000000	 232836.57431028	4137969.83230268	     -0.00000000	     -0.00000000	     -0.00000000	     -0.00000000	     -0.00000000	     -0.00000000	352365532.24811357	476452781.35391754	564435909.77986944	     -0.00000000	     -0.00000000	     -0.00000000	     -0.00000000	     -0.00000000	     -0.00000000	58041947.96030388	     -0.00000000	     -0.00000000	     -0.00000000	     -0.00000000	2158068.08368783	     -0.00000000	542439890.81114388	     -0.00000000	38314782.87830817	     -0.00000000	     -0.00000000	     -0.00000000	     -0.00000000	     -0.00000000	     -0.00000000	     -0.00000000
      1.65000000	 405736.58644600	 113907.57675121	9686233.19743887	 181063.00967179	     -0.00000000	     -0.00000000	     -0.00000000	3932784.98312587	     -0.00000000	     -0.00000000	     -0.00000000	     -0.00000000	     -0.00000000	     -0.00000000	164357157.85079178	190802846.42150071	147479172.71603778	     -0.00000000	     -0.00000000	     -0.00000000	     -0.00000000	     -0.00000000	     -0.00000000	50270979.55736963	2254834.77033614	     -0.00000000	     -0.00000000	     -0.00000000	10724314.56912356	     -0.00000000	656059528.69867420	     -0.00000000	17765970.27037750	     -0.00000000	    748.84468816	     -0.00000000	     -0.00000000	     -0.00000000	     -0.00000000	     -0.00000000	     -0.00000000	     -0.00000000	44444192.20639959	4387083.85801314	3659294.14189687	     -0.00000000	 229402.24737065	4145672.28695025	     -0.00000000	     -0.00000000	     -0.00000000	     -0.00000000	     -0.00000000	     -0.00000000	353566159.19703597	476781239.97966266	561576681.31818366	     -0.00000000	     -0.00000000	     -0.00000000	     -0.00000000	     -0.00000000	     -0.00000000	57756236.74241875	     -0.00000000	     -0.00000000	     -0.00000000	     -0.00000000	2130295.52908363	     -0.00000000	542683159.56659257	     -0.00000000	38263304.73832848	     -0.00000000	     -0.00000000	     -0.00000000	     -0.00000000	     -0.00000000	     -0.00000000	     -0.00000000
      1.66000000	 586972.39543455	 153620.90059085	9823820.71874486	 180221.55470279	     -0.00000000	     -0.00000000	     -0.00000000	3820523.09512228	     -0.00000000	     -0.00000000	     -0.00000000	     -0.00000000	     -0.00000000	     -0.00000000	160895203.56084821	187191978.07524702	146259252.47943443	     -0.00000000	     -0.00000000	     -0.00000000	     -0.00000000	     -0.00000000	     -0.00000000	50284164.22530781	2325377.85397822	     -0.00000000	     -0.00000000	     -0.00000000	10885098.03133176	     -0.00000000	655484417.56695962	     -0.00000000	17443868.86930553	     -0.00000000	    788.28170419	     -0.00000000	     -0.00000000	     -0.00000000	     -0.00000000	     -0.00000000	     -0.00000000	     -0.00000000	43985204.29318122	4358720.45953199	3370737.41718849	     -0.00000000	 222303.10995093	4127936.94264547	     -0.00000000	     -0.00000000	     -0.00000000	     -0.00000000	     -0.00000000	     -0.00000000	354685287.12716794	477108636.93213725	558894331.19474578	     -0.00000000	     -0.00000000	     -0.00000000	     -0.00000000	     -0.00000000	     -0.00000000	57416616.32268746	     -0.00000000	     -0.00000000	     -0.00000000	     -0.00000000	2105673.77109571	     -0.00000000	542799059.15218747	     -0.00000000	38122303.98802484	     -0.00000000	     -0.00000000	     -0.00000000	     -0.00000000	     -0.00000000	     -0.00000000	     -0.00000000
      1.67000000	 783282.72163062	 193865.53642909	10011957.95471908	 182984.62990663	     -0.00000000	     -0.00000000	     -0.00000000	3693419.34112099	     -0.00000000	     -0.00000000	     -0.00000000	     -0.00000000	     -0.00000000	     -0.00000000	158028473.21124309	184452659.27236214	146023538.42049918	     -0.00000000	     -0.00000000	     -0.00000000	     -0.00000000	     -0.00000000	     -0.00000000	50235521.70719162	2372010.50536102	     -0.00000000	     -0.00000000	     -0.00000000	11002512.73149097	     -0.00000000	654476263.88819253	     -0.00000000	17129288.52853371	     -0.00000000	    806.57480317	     -0.00000000	     -0.00000000	     -0.00000000	     -0.00000000	     -0.00000000	     -0.00000000	     -0.00000000	43585275.87162139	4341651.30347630	3094559.74141991	     -0.00000000	 212033.39098620	4072835.85529249	     -0.00000000	     -0.00000000	     -0.00000000	     -0.00000000	     -0.00000000	     -0.00000000	356330242.68138200	478088732.71352947	556924249.95933735	     -0.00000000	     -0.00000000	     -0.00000000	     -0.00000000	     -0.00000000	     -0.00000000	56971142.43577541	     -0.00000000	     -0.00000000	     -0.00000000	     -0.00000000	2068202.40241071	     -0.00000000	542427808.86557066	     -0.00000000	37892134.37657368	     -0.00000000	     -0.00000000	     -0.00000000	     -0.00000000	     -0.00000000	     -0.00000000	     -0.00000000
      1.68000000	1004542.93547302	 236713.95865340	10242154.36616284	 188622.70396607	     -0.00000000	     -0.00000000	     -0.00000000	3544190.79386337	     -0.00000000	     -0.00000000	     -0.00000000	     -0.00000000	     -0.00000000	     -0.00000000	155199555.08762708	181970019.33599746	146320330.41055986	     -0.00000000	     -0.00000000	     -0.00000000	     -0.00000000	     -0.00000000	     -0.00000000	50109971.56666795	2407836.83135417	     -0.00000000	     -0.00000000	     -0.00000000	11095458.92964669	     -0.00000000	653013115.74310231	     -0.00000000	16789628.25221623	     -0.00000000	    819.54808392	     -0.00000000	     -0.00000000	     -0.00000000	     -0.00000000	     -0.00000000	     -0.00000000	     -0.00000000	43153606.24902987	4320297.03731634	2827813.67383560	     -0.00000000	 196510.94599893	3987433.31731991	     -0.00000000	     -0.00000000	     -0.00000000	     -0.00000000	     -0.00000000	     -0.00000000	357534188.41256744	478537564.28014129	554420599.51357126	     -0.00000000	     -0.00000000	     -0.00000000	     -0.00000000	     -0.00000000	     -0.00000000	56437588.69584639	     -0.00000000	     -0.00000000	     -0.00000000	     -0.00000000	2038651.33212021	     -0.00000000	541923616.42863393	     -0.00000000	37535152.37672073	     -0.00000000	     -0.00000000	     -0.00000000	     -0.00000000	     -0.00000000	     -0.00000000	     -0.00000000
      1.69000000	1218606.02868786	 276345.42854255	10483309.49150635	 195812.92324481	     -0.00000000	     -0.00000000	     -0.00000000	3375513.59525948	     -0.00000000	     -0.00000000	     -0.00000000	     -0.00000000	     -0.00000000	     -0.00000000	153008254.52393141	180227037.59308255	147157262.08305746	     -0.00000000	     -0.00000000	     -0.00000000	     -0.00000000	     -0.00000000	     -0.00000000	49886970.57688480	2426257.97542521	     -0.00000000	     -0.00000000	     -0.00000000	11157139.38754587	     -0.00000000	651160183.03595793	     -0.00000000	16421752.85764898	     -0.00000000	    844.55678305	     -0.00000000	     -0.00000000	     -0.00000000	     -0.00000000	     -0.00000000	     -0.00000000	     -0.00000000	42733811.32244743	4292678.16263219	2600396.50110278	     -0.00000000	 177546.49830085	3878882.01917924	     -0.00000000	     -0.00000000	     -0.00000000	     -0.00000000	     -0.00000000	     -0.00000000	358271272.53975159	478565548.18127739	551806996.31299424	     -0.00000000	     -0.00000000	     -0.00000000	     -0.00000000	     -0.00000000	     -0.00000000	55864951.41438873	     -0.00000000	     -0.00000000	     -0.00000000	     -0.00000000	2021311.93145610	     -0.00000000	541395531.61658859	     -0.00000000	37074897.07754842	     -0.00000000	     -0.00000000	     -0.00000000	     -0.00000000	     -0.00000000	     -0.00000000	     -0.00000000
      1.70000000	1410683.29554165	 304783.87447593	10883577.12453798	 214087.36141309	     -0.00000000	     -0.00000000	     -0.00000000	3155546.50036619	     -0.00000000	     -0.00000000	     -0.00000000	     -0.00000000	     -0.00000000	     -0.00000000	152263594.45466730	180706434.01392153	150757070.16515762	     -0.00000000	     -0.00000000	     -0.00000000	     -0.00000000	     -0.00000000	     -0.00000000	49475241.97771058	2377163.99912339	     -0.00000000	     -0.00000000	     -0.00000000	11103879.96095810	     -0.00000000	647967429.35258055	     -0.00000000	16039081.10975046	     -0.00000000	    806.26019672	     -0.00000000	     -0.00000000	     -0.00000000	     -0.00000000	     -0.00000000	     -0.00000000	     -0.00000000	42296337.74705507	4265318.98639444	2353868.34345576	     -0.00000000	 158296.32181580	3754825.27833770	     -0.00000000	     -0.00000000	     -0.00000000	     -0.00000000	     -0.00000000	     -0.00000000	359671914.66480243	479312231.72685397	549552062.22165382	     -0.00000000	     -0.00000000	     -0.00000000	     -0.00000000	     -0.00000000	     -0.00000000	55206182.81243825	     -0.00000000	     -0.00000000	     -0.00000000	     -0.00000000	1992418.74616318	     -0.00000000	540661280.59835851	     -0.00000000	36570618.64327176	     -0.00000000	     -0.00000000	     -0.00000000	     -0.00000000	     -0.00000000	     -0.00000000	     -0.00000000
      1.71000000	1599572.23389092	 334537.04552101	11176367.24478648	 227208.33378572	     -0.00000000	     -0.00000000	     -0.00000000	2934157.11721776	     -0.00000000	     -0.00000000	     -0.00000000	     -0.00000000	     -0.00000000	     -0.00000000	150761774.38782597	180034268.45362309	152724909.83760294	     -0.00000000	     -0.00000000	     -0.00000000	     -0.00000000	     -0.00000000	     -0.00000000	48987051.09944666	2364031.58267021	     -0.00000000	     -0.00000000	     -0.00000000	11095709.57019195	     -0.00000000	644911928.24804425	     -0.00000000	15586765.31077660	     -0.00000000	    851.59338619	     -0.00000000	     -0.00000000	     -0.00000000	     -0.00000000	     -0.00000000	     -0.00000000	     -0.00000000	41893708.96612366	4228409.56795429	2204584.62135858	     -0.00000000	 134037.25237776	3606697.33795427	     -0.00000000	     -0.00000000	     -0.00000000	     -0.00000000	     -0.00000000	     -0.00000000	358825477.75360835	477696694.64137065	546077382.96695864	     -0.00000000	     -0.00000000	     -0.00000000	     -0.00000000	     -0.00000000	     -0.00000000	54576300.29680930	     -0.00000000	     -0.00000000	     -0.00000000	     -0.00000000	2006314.66139407	     -0.00000000	540027904.82050943	     -0.00000000	35917421.13747542	     -0.00000000	     -0.00000000	     -0.00000000	     -0.00000000	     -0.00000000	     -0.00000000	     -0.00000000
      1.72000000	1738358.37463780	 350388.73091125	11567138.57834481	 247962.15891005	     -0.00000000	     -0.00000000	     -0.00000000	2680216.50436663	     -0.00000000	     -0.00000000	     -0.00000000	     -0.00000000	     -0.00000000	     -0.00000000	150940070.38074496	181496457.15311486	156830766.96792668	     -0.00000000	     -0.00000000	     -0.00000000	     -0.00000000	     -0.00000000	     -0.00000000	48343084.89691064	2295811.35422452	     -0.00000000	     -0.00000000	     -0.00000000	11001221.24946729	     -0.00000000	640840636.53603923	     -0.00000000	15117845.39962248	     -0.00000000	    859.14104325	     -0.00000000	     -0.00000000	     -0.00000000	     -0.00000000	     -0.00000000	     -0.00000000	     -0.00000000	41466114.49225812	4184235.85782283	2049607.05194432	     -0.00000000	 110923.18233636	3453260.77015191	     -0.00000000	     -0.00000000	     -0.00000000	     -0.00000000	     -0.00000000	     -0.00000000	358276385.39292634	476430119.98405546	542761796.86707664	     -0.00000000	     -0.00000000	     -0.00000000	     -0.00000000	     -0.00000000	     -0.00000000	53904440.58194464	     -0.00000000	     -0.00000000	     -0.00000000	     -0.00000000	2019291.62051855	     -0.00000000	539412829.75258827	     -0.00000000	35231283.65502790	     -0.00000000	     -0.00000000	     -0.00000000	     -0.00000000	     -0.00000000	     -0.00000000	     -0.00000000
      1.73000000	1815811.21903912	 350459.25257757	12042982.73791829	 277128.23674358	     -0.00000000	     -0.00000000	     -0.00000000	2398055.15481063	     -0.00000000	     -0.00000000	     -0.00000000	     -0.00000000	     -0.00000000	     -0.00000000	152379651.90933585	184680485.41001648	162742740.48920476	     -0.00000000	     -0.00000000	     -0.00000000	     -0.00000000	     -0.00000000	     -0.00000000	47520736.91289616	2184158.70003094	     -0.00000000	     -0.00000000	     -0.00000000	10825817.07065279	     -0.00000000	635699108.97255337	     -0.00000000	14629401.02331189	     -0.00000000	    837.07096398	     -0.00000000	     -0.00000000	     -0.00000000	     -0.00000000	     -0.00000000	     -0.00000000	     -0.00000000	41083193.69895597	4143592.44685586	1917822.17782067	     -0.00000000	  89649.09173710	3294306.90261009	     -0.00000000	     -0.00000000	     -0.00000000	     -0.00000000	     -0.00000000	     -0.00000000	357715205.02918380	475230897.29576802	539762550.29947972	     -0.00000000	     -0.00000000	     -0.00000000	     -0.00000000	     -0.00000000	     -0.00000000	53226864.72567494	     -0.00000000	     -0.00000000	     -0.00000000	     -0.00000000	2032663.87959247	     -0.00000000	538633742.02940452	     -0.00000000	34533010.11354826	     -0.00000000	     -0.00000000	     -0.00000000	     -0.00000000	     -0.00000000	     -0.00000000	     -0.00000000
      1.74000000	1833514.96060305	 338184.48795805	12545859.92181118	 310947.94846727	     -0.00000000	     -0.00000000	     -0.00000000	2100754.51379801	     -0.00000000	     -0.00000000	     -0.00000000	     -0.00000000	     -0.00000000	     -0.00000000	154841744.05199927	189060941.16415346	169622283.71229401	     -0.00000000	     -0.00000000	     -0.00000000	     -0.00000000	     -0.00000000	     -0.00000000	46553729.73403904	2050522.40922131	     -0.00000000	     -0.00000000	     -0.00000000	10607534.40705053	     -0.00000000	629817736.38934433	     -0.00000000	14106978.86668256	     -0.00000000	    815.70933926	     -0.00000000	     -0.00000000	     -0.00000000	     -0.00000000	     -0.00000000	     -0.00000000	     -0.00000000	40687880.36909573	4092871.32026311	1815522.81413069	     -0.00000000	  69362.34019256	3136537.92443517	     -0.00000000	     -0.00000000	     -0.00000000	     -0.00000000	     -0.00000000	     -0.00000000	356332735.08402646	473160862.27472138	536219875.10908109	     -0.00000000	     -0.00000000	     -0.00000000	     -0.00000000	     -0.00000000	     -0.00000000	52576003.87686789	     -0.00000000	     -0.00000000	     -0.00000000	     -0.00000000	2065277.35685090	     -0.00000000	538045403.92132342	     -0.00000000	33797952.61990750	     -0.00000000	     -0.00000000	     -0.00000000	     -0.00000000	     -0.00000000	     -0.00000000	     -0.00000000
      1.75000000	1752764.17082977	 305362.81212457	13130369.54804590	 355051.87099803	     -0.00000000	     -0.00000000	     -0.00000000	1789073.55374451	     -0.00000000	     -0.00000000	     -0.00000000	     -0.00000000	     -0.00000000	     -0.00000000	159165984.84886542	195766216.16604337	178652892.43140259	     -0.00000000	     -0.00000000	     -0.00000000	     -0.00000000	     -0.00000000	     -0.00000000	45409323.86053431	1871860.60231430	     -0.00000000	     -0.00000000	     -0.00000000	10301176.83345392	     -0.00000000	622831588.89279807	     -0.00000000	13581870.51946153	     -0.00000000	    758.57149289	     -0.00000000	     -0.00000000	     -0.00000000	     -0.00000000	     -0.00000000	     -0.00000000	     -0.00000000	40357785.70885278	4047304.75305034	1738790.17173717	     -0.00000000	  52594.36851309	2985676.17532575	     -0.00000000	     -0.00000000	     -0.00000000	     -0.00000000	     -0.00000000	     -0.00000000	355073142.05764830	471338915.30382973	533237814.62347960	     -0.00000000	     -0.00000000	     -0.00000000	     -0.00000000	     -0.00000000	     -0.00000000	51966902.97543326	     -0.00000000	     -0.00000000	     -0.00000000	     -0.00000000	2096863.94469420	     -0.00000000	537382708.07063484	     -0.00000000	33103071.91059046	     -0.00000000	     -0.00000000	     -0.00000000	     -0.00000000	     -0.00000000	     -0.00000000	     -0.00000000
      1.76000000	1715935.36933631	 282482.06422723	13728030.36599305	 400093.75519678	     -0.00000000	     -0.00000000	     -0.00000000	1493473.85095091	     -0.00000000	     -0.00000000	     -0.00000000	     -0.00000000	     -0.00000000	     -0.00000000	163032934.59264120	201878984.63422632	187318727.61738589	     -0.00000000	     -0.00000000	     -0.00000000	     -0.00000000	     -0.00000000	     -0.00000000	44290669.37318452	1715894.59979967	     -0.00000000	     -0.00000000	     -0.00000000	10034715.73584079	     -0.00000000	615734324.30484414	     -0.00000000	13031452.82642070	     -0.00000000	    694.46386403	     -0.00000000	     -0.00000000	     -0.00000000	     -0.00000000	     -0.00000000	     -0.00000000	     -0.00000000	39745999.45066606	3958667.86610057	1619324.70094495	     -0.00000000	  36010.72377559	2847340.79587428	     -0.00000000	     -0.00000000	     -0.00000000	     -0.00000000	     -0.00000000	     -0.00000000	352094455.27102751	467262448.35252339	527282394.88825196	     -0.00000000	     -0.00000000	     -0.00000000	     -0.00000000	     -0.00000000	     -0.00000000	51336587.12274989	     -0.00000000	     -0.00000000	     -0.00000000	     -0.00000000	2169507.84162466	     -0.00000000	537622585.30436957	     -0.00000000	32307275.94228668	     -0.00000000	     -0.00000000	     -0.00000000	     -0.00000000	     -0.00000000	     -0.00000000	     -0.00000000
      1.77000000	1525808.74811263	 228867.80711749	14521999.56383627	 468194.80484749	     -0.00000000	     -0.00000000	     -0.00000000	1187949.49698794	     -0.00000000	     -0.00000000	     -0.00000000	     -0.00000000	     -0.00000000	     -0.00000000	170223667.81302515	212312460.13526949	200333405.99188524	     -0.00000000	     -0.00000000	     -0.00000000	     -0.00000000	     -0.00000000	     -0.00000000	42946165.32755087	1484069.99946244	     -0.00000000	     -0.00000000	     -0.00000000	9607710.87012218	     -0.00000000	606859123.85720897	     -0.00000000	12518146.27768581	     -0.00000000	    546.24581794	     -0.00000000	     -0.00000000	    250.97719913	     -0.00000000	     -0.00000000	     -0.00000000	     -0.00000000	39353112.88930803	3901580.27930142	1533869.60364309	     -0.00000000	  26311.19845501	2723198.86018750	     -0.00000000	     -0.00000000	     -0.00000000	     -0.00000000	     -0.00000000	     -0.00000000	350729405.44867378	465256615.05466372	523863611.75786346	     -0.00000000	     -0.00000000	     -0.00000000	     -0.00000000	     -0.00000000	     -0.00000000	50785584.43282130	     -0.00000000	     -0.00000000	     -0.00000000	     -0.00000000	2208682.43723436	     -0.00000000	537341535.46993852	     -0.00000000	31674563.65246831	     -0.00000000	     -0.00000000	     -0.00000000	     -0.00000000	     -0.00000000	     -0.00000000	     -0.00000000
      1.78000000	1406890.56925792	 192091.06490591	15303294.33950823	 535322.50406874	     33.60413447	     -0.00000000	     -0.00000000	 920864.37122077	     -0.00000000	     -0.00000000	     -0.00000000	     -0.00000000	     -0.00000000	     -0.00000000	176435304.32272822	221461308.37103516	212292457.35614511	     -0.00000000	     -0.00000000	     -0.00000000	     -0.00000000	     -0.00000000	     -0.00000000	41710588.68807284	1295490.50481567	     -0.00000000	     -0.00000000	     -0.00000000	9253763.84943028	     -0.00000000	598330934.32527018	     -0.00000000	11995248.74286680	     -0.00000000	    413.61452306	     -0.00000000	     -0.00000000	   6922.99070579	   3577.56238213	    457.09213479	     -0.00000000	     -0.00000000	38621921.92292125	3796575.80761507	1395147.78412892	     -0.00000000	  16939.14496949	2614398.56220328	     -0.00000000	     -0.00000000	     -0.00000000	     -0.00000000	     -0.00000000	     -0.00000000	347324763.19147533	460533406.57600713	516801302.53947711	     -0.00000000	     -0.00000000	     -0.00000000	     -0.00000000	     -0.00000000	     -0.00000000	50211842.63856906	     -0.00000000	     -0.00000000	     -0.00000000	     -0.00000000	2295430.93668286	     -0.00000000	538124125.22601998	     -0.00000000	30933380.77559688	     -0.00000000	     -0.00000000	     -0.00000000	     -0.00000000	     -0.00000000	     -0.00000000	     -0.00000000
      1.79000000	1207975.28595820	 143282.85159826	16222554.85364828	 621092.51505467	   1514.20284396	     -0.00000000	     -0.00000000	 676011.37929078	     -0.00000000	     -0.00000000	     -0.00000000	     -0.00000000	     -0.00000000	     -0.00000000	184727107.44938767	233302082.97209820	227009806.71702439	     -0.00000000	     -0.00000000	     -0.00000000	     -0.00000000	     -0.00000000	     -0.00000000	40396870.59502516	1079777.76166757	     -0.00000000	     -0.00000000	     -0.00000000	8816847.81422924	     -0.00000000	588863215.68505383	     -0.00000000	11527510.46362494	     -0.00000000	    261.07649436	     -0.00000000	     -0.00000000	  32621.44775740	  33877.79298283	  12007.21594409	     -0.00000000	     -0.00000000	37964692.28169101	3701049.34091262	1270379.81721631	     -0.00000000	  10825.82780810	2524507.42296701	     -0.00000000	     -0.00000000	     -0.00000000	     -0.00000000	     -0.00000000	     -0.00000000	344627863.42246735	456689962.29135132	510716717.49663007	     -0.00000000	     -0.00000000	     -0.00000000	     -0.00000000	     -0.00000000	     -0.00000000	49712907.63914926	     -0.00000000	     -0.00000000	     -0.00000000	     -0.00000000	2370666.30749844	     -0.00000000	538911139.99619877	     -0.00000000	30299990.05803559	     -0.00000000	     -0.00000000	     -0.00000000	     -0.00000000	     -0.00000000	     -0.00000000	     -0.00000000
      1.80000000	1003075.41694261	  98294.06999913	17203682.58035466	 717473.83382806	   6770.12678259	     -0.00000000	     -0.00000000	 469366.99532886	     -0.00000000	     -0.00000000	     -0.00000000	     -0.00000000	     -0.00000000	     -0.00000000	193596936.11167449	245896038.86945486	242588076.92648101	     -0.00000000	     -0.00000000	     -0.00000000	     -0.00000000	     -0.00000000	     -0.00000000	39117585.60666873	 876773.25198023	     -0.00000000	     -0.00000000	     -0.00000000	8372548.30160371	     -0.00000000	579232931.86384654	     -0.00000000	11105893.70513594	     -0.00000000	    135.30407405	     -0.00000000	     -0.00000000	  88007.71171339	 117277.96078653	  51797.46316482	     -0.00000000	     -0.00000000	37225544.77068903	3594787.11313892	1138394.19693040	     -0.00000000	   6458.02305151	2452278.94886421	     -0.00000000	     -0.00000000	     -0.00000000	     -0.00000000	     -0.00000000	     -0.00000000	341392503.96443933	452117696.43394536	503667634.24030846	     -0.00000000	     -0.00000000	     -0.00000000	     -0.00000000	     -0.00000000	     -0.00000000	49259703.24360275	     -0.00000000	     -0.00000000	     -0.00000000	     -0.00000000	2459546.20357794	     -0.00000000	540111295.29250872	     -0.00000000	29692904.71031569	     -0.00000000	     -0.00000000	     -0.00000000	     -0.00000000	     -0.00000000	     -0.00000000	     -0.00000000
      1.81000000	 745020.98764401	  52118.30433810	18307654.20289537	 834532.32589480	  17268.02327620	     -0.00000000	     -0.00000000	 300517.15286646	     -0.00000000	     -0.00000000	     -0.00000000	     -0.00000000	     -0.00000000	     -0.00000000	204485821.91771981	261047801.57059658	260654054.40455630	     -0.00000000	     -0.00000000	     -0.00000000	     -0.00000000	     -0.00000000	     -0.00000000	37829026.82599676	 668032.42416814	     -0.00000000	     -0.00000000	     -0.00000000	7862954.91143325	     -0.00000000	569077743.03490973	     -0.00000000	10775279.78011183	     -0.00000000	     40.14005793	     -0.00000000	     -0.00000000	 170757.85635552	 274374.75476218	 134018.60037178	     -0.00000000	     -0.00000000	36607009.26098221	3506125.90998657	1026357.78101158	     -0.00000000	   4110.81779373	2395237.57281317	     -0.00000000	     -0.00000000	     -0.00000000	     -0.00000000	     -0.00000000	     -0.00000000	339078158.18806463	448717040.97996438	498031083.65452254	     -0.00000000	     -0.00000000	     -0.00000000	     -0.00000000	     -0.00000000	     -0.00000000	48880784.74051022	     -0.00000000	     -0.00000000	     -0.00000000	     -0.00000000	2529299.09785980	     -0.00000000	541137976.79962599	     -0.00000000	29204530.13027207	     -0.00000000	     -0.00000000	     -0.00000000	     -0.00000000	     -0.00000000	     -0.00000000	     -0.00000000
      1.82000000	 583343.33174387	  26771.43564447	19380063.80331077	 948294.49395815	  40863.89633881	     -0.00000000	     -0.00000000	 178598.65237379	     -0.00000000	     -0.00000000	     -0.00000000	     -0.00000000	     -0.00000000	     -0.00000000	213599775.48541573	273991610.78103662	276883415.73713738	     -0.00000000	     -0.00000000	     -0.00000000	     -0.00000000	     -0.00000000	     -0.00000000	36734457.36715908	 512231.69436387	     -0.00000000	     -0.00000000	     -0.00000000	7447352.40398752	     -0.00000000	559878008.79908013	     -0.00000000	10475688.98099678	     -0.00000000	      1.63025051	     -0.00000000	     -0.00000000	 265904.20178775	 475960.12735093	 249450.23816281	     -0.00000000	     -0.00000000	35630335.74063056	3366336.77480982	 874830.70981578	     -0.00000000	   1964.03316806	2355338.50449203	     -0.00000000	     -0.00000000	     -0.00000000	     -0.00000000	     -0.00000000	     -0.00000000	334449203.70196348	442230050.94754314	488339341.77010268	     -0.00000000	     -0.00000000	     -0.00000000	     -0.00000000	     -0.00000000	     -0.00000000	48498418.79100853	     -0.00000000	     -0.00000000	     -0.00000000	     -0.00000000	2658280.86696679	     -0.00000000	543433255.54206848	     -0.00000000	28601632.40147161	     -0.00000000	     -0.00000000	     -0.00000000	     -0.00000000	     -0.00000000	     -0.00000000	     -0.00000000
      1.83000000	 399743.47019927	   9047.64509520	20657965.11575110	1091934.33576261	  80335.36374972	     -0.00000000	     -0.00000000	  90525.88350596	     -0.00000000	     -0.00000000	     -0.00000000	     -0.00000000	     -0.00000000	     -0.00000000	224610179.71648782	289541179.38959295	296161298.74987131	     -0.00000000	     -0.00000000	     -0.00000000	     -0.00000000	     -0.00000000	     -0.00000000	35677132.74508466	 355703.39535808	     -0.00000000	     -0.00000000	     -0.00000000	6963220.07156907	     -0.00000000	550115558.46652305	     -0.00000000	10301260.22380332	     -0.00000000	     -0.01066825	     -0.00000000	     -0.00000000	 374412.73099660	 713397.62512745	 389872.71773456	     -0.00000000	     -0.00000000	34773892.88585956	3247844.52587172	 739975.28467097	     -0.00000000	    898.61560034	2335648.12269853	     -0.00000000	     -0.00000000	     -0.00000000	     -0.00000000	     -0.00000000	     -0.00000000	330840944.84573901	437001386.69167620	480068080.33935869	     -0.00000000	     -0.00000000	     -0.00000000	     -0.00000000	     -0.00000000	     -0.00000000	48199191.55481759	     -0.00000000	     -0.00000000	     -0.00000000	     -0.00000000	2763174.58539298	     -0.00000000	545546982.32351530	     -0.00000000	28144531.67817720	     -0.00000000	     -0.00000000	     -0.00000000	     -0.00000000	     -0.00000000	     -0.00000000	     -0.00000000
      1.84000000	 247384.28623572	   1650.88549708	21960579.43889945	1244717.93511989	 131388.80487766	     -0.00000000	     -0.00000000	  36647.49521877	     -0.00000000	     -0.00000000	     -0.00000000	     -0.00000000	     -0.00000000	     -0.00000000	235614875.92527887	305059497.04506093	315418445.94703317	     -0.00000000	     -0.00000000	     -0.00000000	     -0.00000000	     -0.00000000	     -0.00000000	34747572.84685104	 229840.84875934	     -0.00000000	     -0.00000000	     -0.00000000	6498771.72730949	     -0.00000000	540893487.25598419	     -0.00000000	10208123.19070065	     -0.00000000	     -0.00000000	     -0.00000000	     -0.00000000	 485029.78057170	 959478.65548288	 538683.09334415	     -0.00000000	     -0.00000000	33862772.58919278	3120944.93791189	 613337.50259743	     -0.00000000	    297.00737605	2328053.07907065	     -0.00000000	     -0.00000000	     -0.00000000	     -0.00000000	     -0.00000000	     -0.00000000	326660755.85848016	431035227.53060037	470965399.31949800	     -0.00000000	     -0.00000000	     -0.00000000	     -0.00000000	     -0.00000000	     -0.00000000	47944803.19821077	     -0.00000000	     -0.00000000	     -0.00000000	     -0.00000000	2884989.43884799	     -0.00000000	548039462.63305795	     -0.00000000	27696840.08165025	     -0.00000000	     -0.00000000	     -0.00000000	     -0.00000000	     -0.00000000	     -0.00000000	     -0.00000000
      1.85000000	 133848.31585799	     -4.65710359	23281079.15118809	1404699.02349129	 195288.89253603	     -0.00000000	     -0.00000000	  10675.41503082	     -0.00000000	     -0.00000000	     -0.00000000	     -0.00000000	     -0.00000000	     -0.00000000	246341778.00528064	320215617.21484178	334386559.81118041	     -0.00000000	     -0.00000000	     -0.00000000	     -0.00000000	     -0.00000000	     -0.00000000	33969753.73679251	 134395.96457382	     -0.00000000	     -0.00000000	     -0.00000000	6061788.25553438	     -0.00000000	532349326.29329723	     -0.00000000	10197451.34883506	     -0.00000000	     -0.00000000	     -0.00000000	     -0.00000000	 590087.93792408	1195085.43944846	 683469.09259973	     -0.00000000	     -0.00000000	32873165.63267028	2981281.75551276	 494841.79126009	     -0.00000000	     26.44269924	2334658.32436970	     -0.00000000	     -0.00000000	     -0.00000000	     -0.00000000	     -0.00000000	     -0.00000000	321727817.67621821	424085298.96170789	460729339.65753883	     -0.00000000	     -0.00000000	     -0.00000000	     -0.00000000	     -0.00000000	     -0.00000000	47742736.98353051	     -0.00000000	     -0.00000000	     -0.00000000	     -0.00000000	3031042.67510930	     -0.00000000	551047893.95667970	     -0.00000000	27249371.80848380	     -0.00000000	     -0.00000000	     -0.00000000	     -0.00000000	     -0.00000000	     -0.00000000	     -0.00000000
      1.86000000	  52024.13990739	     -0.00000000	24722867.83927928	1585363.52351548	 278508.39420521	     -0.00000000	     -0.00000000	   2103.31262275	     -0.00000000	     -0.00000000	     -0.00000000	     -0.00000000	     -0.00000000	     -0.00000000	257550594.71572372	336097217.95066762	354458977.74428457	     -0.00000000	     -0.00000000	     -0.00000000	     -0.00000000	     -0.00000000	     -0.00000000	33337666.74531064	  62273.53351631	     -0.00000000	     -0.00000000	     -0.00000000	5618412.98664141	     -0.00000000	524087410.11335838	     -0.00000000	10304637.88591354	     -0.00000000	     -0.00000000	     -0.00000000	     -0.00000000	 685649.67962904	1410172.84855938	 817207.65684092	     -0.00000000	     -0.00000000	31908419.54447785	2848095.25506197	 387894.11349493	     -0.00000000	     -0.21872038	2354254.95275323	     -0.00000000	     -0.00000000	     -0.00000000	     -0.00000000	     -0.00000000	     -0.00000000	316941705.86473829	417281409.46629858	450658923.63985890	     -0.00000000	     -0.00000000	     -0.00000000	     -0.00000000	     -0.00000000	     -0.00000000	47587953.14542309	     -0.00000000	     -0.00000000	     -0.00000000	     -0.00000000	3174282.25538710	     -0.00000000	554120711.66152835	     -0.00000000	26862774.62000187	     -0.00000000	     -0.00000000	     -0.00000000	     -0.00000000	     -0.00000000	     -0.00000000	     -0.00000000
      1.87000000	   4423.01502434	     -0.00000000	25583888.86937283	1715319.82689426	 280462.62557322	     -0.00000000	     -0.00000000	    328.14102186	     -0.00000000	     -0.00000000	     -0.00000000	     -0.00000000	     -0.00000000	     -0.00000000	267475792.61512926	349285563.51268572	368744911.97561979	     -0.00000000	     -0.00000000	     -0.00000000	     -0.00000000	     -0.00000000	     -0.00000000	32759348.98942937	  26238.16333527	     -0.00000000	     -0.00000000	     -0.00000000	5251917.64531616	     -0.00000000	518299062.11015677	     -0.00000000	10415324.13487823	     -0.00000000	     -0.00000000	     -0.00000000	     -0.00000000	 750799.05172236	1556977.67456803	 909246.36512079	     -0.00000000	     -0.00000000	31192414.15467801	2726874.76093101	 378022.13504859	     -0.00000000	     -0.00000000	2365795.20292261	     -0.00000000	     -0.00000000	     -0.00000000	     -0.00000000	     -0.00000000	     -0.00000000	309202139.59337562	407524742.86265504	440182580.90753168	     -0.00000000	     -0.00000000	     -0.00000000	     -0.00000000	     -0.00000000	     -0.00000000	47649095.53067947	     -0.00000000	     -0.00000000	     -0.00000000	     -0.00000000	3388996.56273476	     -0.00000000	557181398.26451957	     -0.00000000	26433098.81192085	     -0.00000000	     -0.00000000	     -0.00000000	     -0.00000000	     -0.00000000	     -0.00000000	     -0.00000000
      1.88000000	    208.31181736	     -0.00000000	27604175.16023894	1963954.32558211	 478921.46819592	     -0.00000000	     -0.00000000	     -0.08203655	     -0.00000000	     -0.00000000	     -0.00000000	     -0.00000000	     -0.00000000	     -0.00000000	279055697.19631332	366521877.03517747	393117886.48425394	     -0.00000000	     -0.00000000	     -0.00000000	     -0.00000000	     -0.00000000	     -0.00000000	32569818.49501596	   4045.54913898	     -0.00000000	     -0.00000000	     -0.00000000	4811308.34166120	     -0.00000000	510069185.92446500	     -0.00000000	10800350.11282562	     -0.00000000	     -0.00000000	     -0.00000000	     -0.00000000	 819466.82485848	1711721.45475235	1006859.26557522	     -0.00000000	     -0.00000000	29892769.73273411	2565331.56106486	 217689.94938916	     -0.00000000	     -0.00000000	2428415.97011603	     -0.00000000	     -0.00000000	     -0.00000000	     -0.00000000	     -0.00000000	     -0.00000000	305750972.15005499	401558207.58217180	428483646.52368969	     -0.00000000	     -0.00000000	     -0.00000000	     -0.00000000	     -0.00000000	     -0.00000000	47443096.54547944	     -0.00000000	     -0.00000000	     -0.00000000	     -0.00000000	3519970.39889017	     -0.00000000	561320782.88633776	     -0.00000000	26117893.71628908	     -0.00000000	     -0.00000000	     -0.00000000	     -0.00000000	     -0.00000000	     -0.00000000	     -0.00000000
      1.89000000	     -0.00000000	     -0.00000000	29114399.07295708	2170720.11404349	 603084.95718369	     -0.00000000	     -0.00000000	     -0.00000000	     -0.00000000	     -0.00000000	     -0.00000000	     -0.00000000	     -0.00000000	     -0.00000000	289754958.49435812	381657363.70207214	412538092.17529827	     -0.00000000	     -0.00000000	     -0.00000000	     -0.00000000	     -0.00000000	     -0.00000000	32440198.61320028	     33.51415951	     -0.00000000	     -0.00000000	     -0.00000000	4426144.15022697	     -0.00000000	504082590.72107244	     -0.00000000	11218368.20196628	     -0.00000000	     -0.00000000	     -0.00000000	     -0.00000000	 852949.54887206	1787158.62888397	1054619.02436686	     -0.00000000	     -0.00000000	28911278.54271601	2428979.12213614	 152991.24539172	     -0.00000000	     -0.00000000	2481092.88432423	     -0.00000000	     -0.00000000	     -0.00000000	     -0.00000000	     -0.00000000	     -0.00000000	300037108.85523665	393504590.32562423	417325952.92851269	     -0.00000000	     -0.00000000	     -0.00000000	     -0.00000000	     -0.00000000	     -0.00000000	47439126.53380528	     -1.71214144	     -0.00000000	     -0.00000000	     -0.00000000	3701361.85375953	     -0.00000000	565097971.54143715	     -0.00000000	25797655.59759440	     -0.00000000	     -0.00000000	     -0.00000000	     -0.00000000	     -0.00000000	     -0.00000000	     -0.00000000
      1.90000000	     -0.00000000	     -0.00000000	30322979.72406543	2354246.58001610	 661765.05956543	     -0.00000000	     -0.00000000	     -0.00000000	     -0.00000000	     -0.00000000	     -0.00000000	     -0.00000000	     -0.00000000	     -0.00000000	300182346.82004648	395824642.77122456	429203329.67963797	     -0.00000000	     -0.00000000	     -0.00000000	     -0.00000000	     -0.00000000	     -0.00000000	32375433.11828844	     -0.00000000	     -0.00000000	     -0.00000000	     -0.00000000	4067151.18702617	     -0.00000000	499517777.44891411	     -0.00000000	11692814.50765977	     -0.00000000	     -0.00000000	     -0.00000000	     -0.00000000	 858788.15991451	1800312.20047259	1062952.99760923	     -0.00000000	     -0.00000000	28258735.43083410	2328369.95068228	 141005.44991417	     -0.00000000	     -0.00000000	2512969.09558289	     -0.00000000	     -0.00000000	     -0.00000000	     -0.00000000	     -0.00000000	     -0.00000000	293123203.56520134	384595396.50442237	407576384.91658223	     -0.00000000	     -0.00000000	     -0.00000000	     -0.00000000	     -0.00000000	     -0.00000000	47547688.07073597	    140.80011827	     -0.00000000	     -0.00000000	     -0.00000000	3899223.60083981	     -0.00000000	568027785.64478171	     -0.00000000	25487597.56953692	     -0.00000000	     -0.00000000	     -0.00000000	     -0.00000000	     -0.00000000	     -0.00000000	     -0.00000000
      1.91000000	     -0.00000000	     -0.00000000	32091128.37130361	2591543.29954404	 890009.75517463	     -0.00000000	     -0.00000000	     -0.00000000	     -0.00000000	     -0.00000000	     -0.00000000	     -0.00000000	     -0.00000000	     -0.00000000	309619768.89589393	409778860.33298260	449117633.52163810	     -0.00000000	     -0.00000000	     -0.00000000	     -0.00000000	     -0.00000000	     -0.00000000	32709036.28650036	     -0.00000000	     -0.00000000	     -0.00000000	     -0.00000000	3733403.36505384	     -0.00000000	494843017.21653974	     -0.00000000	12364777.85241816	     -0.00000000	     -0.00000000	     -0.00000000	     -0.00000000	 843717.72958488	1766376.07672953	1041399.22281022	     -0.00000000	     -0.00000000	26937961.67904768	2155174.49009872	  59284.42252677	     -0.00000000	     -0.00000000	2609829.40554226	     -0.00000000	     -0.00000000	     -0.00000000	     -0.00000000	     -0.00000000	     -0.00000000	288044485.04666024	376531837.40541601	394176874.41814065	     -0.00000000	     -0.00000000	     -0.00000000	     -0.00000000	     -0.00000000	     -0.00000000	47536688.66637953	   1901.44285984	     -0.00000000	     -0.00000000	     -0.00000000	4100160.06946452	     -0.00000000	573203462.06360912	     -0.00000000	25186422.70908687	     -0.00000000	     -0.00000000	     -0.00000000	     -0.00000000	     -0.00000000	     -0.00000000	     -0.00000000
      1.92000000	     -0.00000000	     -0.00000000	33410890.96319869	2794473.42876558	 991097.84330778	     -0.00000000	     -0.00000000	      5.99084900	     -0.00000000	     -0.00000000	     -0.00000000	     -0.00000000	     -0.00000000	     -0.00000000	319634298.61520469	423446552.53833342	465806891.26016152	     -0.00000000	     -0.00000000	     -0.00000000	     -0.00000000	     -0.00000000	     -0.00000000	33047830.04423405	     -0.00000000	     -0.00000000	     -0.00000000	     -0.00000000	3407056.01099602	     -0.00000000	491789297.02841341	     -0.00000000	13113053.46037699	     -0.00000000	     -0.00000000	     -0.00000000	     -0.00000000	 797652.53024620	1662596.10833319	 975709.69912207	     -0.00000000	     -0.00000000	26299162.56630160	2063783.40212947	  47369.27991036	     -0.00000000	     -0.00000000	2657583.44695729	     -0.00000000	     -0.00000000	     -0.00000000	     -0.00000000	     -0.00000000	     -0.00000000	281758280.96547633	368317533.79731458	384844302.96347618	     -0.00000000	     -0.00000000	     -0.00000000	     -0.00000000	     -0.00000000	     -0.00000000	47665162.14162657	   5939.63082386	     -0.00000000	     -0.00000000	     -0.00000000	4284684.88368487	     -0.00000000	576136329.66203666	     -0.00000000	24949737.83975319	     -0.00000000	     -0.00000000	     -0.00000000	     -0.00000000	     -0.00000000	     -0.00000000	     -0.00000000
      1.93000000	     -0.00000000	     -0.00000000	34742117.70098475	2984522.68449117	1176030.85879008	     -0.00000000	     -0.00000000	    590.29860186	     -0.00000000	     -0.00000000	     -0.00000000	     -0.00000000	     -0.00000000	     -0.00000000	326774908.99831653	433726424.02759057	480322374.40109813	     -0.00000000	     -0.00000000	     -0.00000000	     -0.00000000	     -0.00000000	     -0.00000000	33643709.67195396	     -0.00000000	     -0.00000000	     -0.00000000	     -0.00000000	3169121.37834857	     -0.00000000	489856460.28828096	     -0.00000000	13903983.45162376	     -0.00000000	     -0.00000000	     -0.00000000	     -0.00000000	 734695.57640680	1520720.73436418	 886343.14801650	     -0.00000000	     -0.00000000	24949588.47025658	1879672.45190200	  13739.37398831	     -0.00000000	     -0.00000000	2773552.19613740	     -0.00000000	     -0.00000000	     -0.00000000	     -0.00000000	     -0.00000000	     -0.00000000	274393534.68789822	357450621.10951656	369245156.05656636	     -0.00000000	     -0.00000000	     -0.00000000	     -0.00000000	     -0.00000000	     -0.00000000	47808542.12049410	  18867.21917348	     -0.00000000	     -0.00000000	     -0.00000000	4570280.14257572	     -0.00000000	582136852.50717962	     -0.00000000	24598144.87871941	     -0.00000000	     -0.00000000	     -0.00000000	     -0.00000000	     -0.00000000	     -0.00000000	     -0.00000000
      1.94000000	     -0.00000000	     -0.00000000	35950272.06433477	3176077.87885426	1282273.59079347	     -0.00000000	     -0.00000000	   4142.48907173	     -0.00000000	     -0.00000000	     -0.00000000	     -0.00000000	     -0.00000000	     -0.00000000	335700540.76896459	445624196.54671508	494931603.54688072	     -0.00000000	     -0.00000000	     -0.00000000	     -0.00000000	     -0.00000000	     -0.00000000	34298142.72716717	     -0.00000000	     -0.00000000	     -0.00000000	     -0.00000000	2899777.82053326	     -0.00000000	488580611.68868244	     -0.00000000	14857544.08869399	     -0.00000000	     -0.00000000	     -0.00000000	     -0.00000000	 650270.93845437	1330537.05978030	 767380.58651838	     -0.00000000	     -0.00000000	24204156.81378368	1772380.95370644	   7405.52984803	     -0.00000000	     -0.00000000	2848829.20597751	     -0.00000000	     -0.00000000	     -0.00000000	     -0.00000000	     -0.00000000	     -0.00000000	268633977.36826694	349476333.74715728	359280673.23002231	     -0.00000000	     -0.00000000	     -0.00000000	     -0.00000000	     -0.00000000	     -0.00000000	47998777.61915014	  34650.59625429	     -0.00000000	     -0.00000000	     -0.00000000	4782848.76823372	     -0.00000000	585889250.12796223	     -0.00000000	24379195.65315451	     -0.00000000	     -0.00000000	     -0.00000000	     -0.00000000	     -0.00000000	     -0.00000000	     -0.00000000
      1.95000000	     -0.00000000	     -0.00000000	37008953.16740873	3344775.20504009	1392504.37499559	     -0.00000000	     -0.00000000	  17491.46137266	     -0.00000000	     -0.00000000	     -0.00000000	     -0.00000000	     -0.00000000	     -0.00000000	342860583.73683840	455161842.10508364	507051014.96893138	     -0.00000000	     -0.00000000	     -0.00000000	     -0.00000000	     -0.00000000	     -0.00000000	35123386.20027363	     -0.00000000	     -0.00000000	     -0.00000000	     -0.00000000	2686507.78300198	     -0.00000000	488516093.64079076	     -0.00000000	15880086.33758471	     -0.00000000	     -0.00000000	     -0.00000000	     -0.00000000	 551497.74607368	1108452.33777130	 629830.76200334	     -0.00000000	     -0.00000000	23326527.62797220	1649554.45905295	   2822.36164657	     -0.00000000	     -0.00000000	2938619.34151770	     -0.00000000	     -0.00000000	     -0.00000000	     -0.00000000	     -0.00000000	     -0.00000000	261934995.59746078	340138341.35856038	347498541.17113060	     -0.00000000	     -0.00000000	     -0.00000000	     -0.00000000	     -0.00000000	     -0.00000000	48216104.90887193	  63578.51213486	     -0.00000000	     -0.00000000	     -0.00000000	5037049.72446898	     -0.00000000	590284070.01767445	     -0.00000000	24120854.10541999	     -0.00000000	     -0.00000000	     -0.00000000	     -0.00000000	     -0.00000000	     -0.00000000	     -0.00000000
      1.96000000	     -0.00000000	     -0.00000000	38010086.11836402	3510284.74390568	1479949.12682631	     -0.00000000	     -0.00000000	  52963.62046581	     -0.00000000	     -0.00000000	     -0.00000000	     -0.00000000	     -0.00000000	     -0.00000000	350341679.22675478	464833686.13437420	518816803.07150400	     -0.00000000	     -0.00000000	     -0.00000000	     -0.00000000	     -0.00000000	     -0.00000000	36061293.02161400	     -0.00000000	     -0.00000000	     -0.00000000	     -0.00000000	2477638.94931633	     -0.00000000	489072043.55543137	     -0.00000000	17032733.26513508	     -0.00000000	     -0.00000000	     -0.00000000	     -0.00000000	 445008.55464026	 870187.49129539	 484193.71752954	     -0.00000000	     -0.00000000	22602299.83589998	1547801.72045608	   1075.28549556	     -0.00000000	     -0.00000000	3021880.02156363	     -0.00000000	     -0.00000000	     -0.00000000	     -0.00000000	     -0.00000000	     -0.00000000	255976644.59463292	331895357.74103963	337362059.44938856	     -0.00000000	     -0.00000000	     -0.00000000	     -0.00000000	     -0.00000000	     -0.00000000	48444595.22889186	  96636.00456583	     -0.00000000	     -0.00000000	     -0.00000000	5268006.05507680	     -0.00000000	594101949.14661038	     -0.00000000	23913107.78681562	     -0.00000000	     -0.00000000	     -0.00000000	     -0.00000000	     -0.00000000	     -0.00000000	     -0.00000000
      1.97000000	     -0.00000000	     -0.00000000	38850274.88687515	3653638.86830616	1549872.14209194	     -0.00000000	     -0.00000000	 116741.91459809	     -0.00000000	     -0.00000000	     -0.00000000	     -0.00000000	     -0.00000000	     -0.00000000	356637307.78132266	472860299.11806071	528511315.49334311	     -0.00000000	     -0.00000000	     -0.00000000	     -0.00000000	     -0.00000000	     -0.00000000	37121228.52980024	     -0.00000000	     -0.00000000	     -0.00000000	     -0.00000000	2306189.05059985	     -0.00000000	490604518.38070077	     -0.00000000	18262023.38378052	     -0.00000000	     -0.00000000	     -0.00000000	     -0.00000000	 336742.29885448	 630430.52493442	 340221.25714251	     -0.00000000	     -0.00000000	21868775.80557102	1445117.94454488	    258.12106596	     -0.00000000	     -0.00000000	3110369.22135981	     -0.00000000	     -0.00000000	     -0.00000000	     -0.00000000	     -0.00000000	     -0.00000000	249772451.02673626	323297633.02700222	326867088.24519473	     -0.00000000	     -0.00000000	     -0.00000000	     -0.00000000	     -0.00000000	     -0.00000000	48700219.77838904	 138689.69069080	     -0.00000000	     -0.00000000	     -0.00000000	5517439.17582897	     -0.00000000	598075512.12132251	     -0.00000000	23698329.82531257	     -0.00000000	     -0.00000000	     -0.00000000	     -0.00000000	     -0.00000000	     -0.00000000	     -0.00000000
      1.98000000	     -0.00000000	     -0.00000000	39477717.70901904	3765804.35906471	1592784.06080519	     -0.00000000	     -0.00000000	 215902.88278404	     -0.00000000	     -0.00000000	     -0.00000000	     -0.00000000	     -0.00000000	     -0.00000000	361524024.40064675	478980366.69024211	535721093.03190088	     -0.00000000	     -0.00000000	     -0.00000000	     -0.00000000	     -0.00000000	     -0.00000000	38292578.47374462	     -0.00000000	     -0.00000000	     -0.00000000	     -0.00000000	2175935.58638393	     -0.00000000	493236705.24461901	     -0.00000000	19551693.29331579	     -0.00000000	     -0.00000000	     -0.00000000	     -0.00000000	 232512.21447777	 404284.52311764	 207754.19927063	     -0.00000000	     -0.00000000	21098488.01232935	1338707.70409835	      1.59113021	     -0.00000000	     -0.00000000	3202199.95593001	     -0.00000000	     -0.00000000	     -0.00000000	     -0.00000000	     -0.00000000	     -0.00000000	243216897.88587230	314160690.45858806	315699649.29929465	     -0.00000000	     -0.00000000	     -0.00000000	     -0.00000000	     -0.00000000	     -0.00000000	48969314.39833894	 192244.92780706	     -0.00000000	     -0.00000000	     -0.00000000	5792023.74245041	     -0.00000000	602268116.23106086	     -0.00000000	23455776.17160889	     -0.00000000	     -0.00000000	     -0.00000000	     -0.00000000	     -0.00000000	     -0.00000000	     -0.00000000
      1.99000000	     -0.00000000	     -0.00000000	39859712.92821857	3839409.51406054	1609139.83359531	     -0.00000000	     -0.00000000	 353872.74245388	     -0.00000000	     -0.00000000	     -0.00000000	     -0.00000000	     -0.00000000	     -0.00000000	364620168.66556913	482771551.20563030	540059516.12644768	     -0.00000000	     -0.00000000	     -0.00000000	     -0.00000000	     -0.00000000	     -0.00000000	39542039.22806662	     -0.00000000	     -0.00000000	     -0.00000000	     -0.00000000	2092596.28299582	     -0.00000000	496943372.39940566	     -0.00000000	20855631.53628572	     -0.00000000	     -0.00000000	     -0.00000000	     -0.00000000	 140321.25109630	 212388.60089288	  99973.17829926	    877.41147754	     -0.00000000	20236797.35647248	1223402.03340879	     -0.00000000	     -0.00000000	     -0.00000000	3301731.64741422	     -0.00000000	     -0.00000000	     -0.00000000	     -0.00000000	     -0.00000000	     -0.00000000	235507372.94790408	303483879.78007400	302819300.22445083	     -0.00000000	     -0.00000000	     -0.00000000	     -0.00000000	     -0.00000000	     -0.00000000	49260631.85236573	 266581.77198896	     -0.00000000	     -0.00000000	     -0.00000000	6115182.95989032	     -0.00000000	606902489.61343646	     -0.00000000	23161239.14541342	     -0.00000000	     -0.00000000	     -0.00000000	     -0.00000000	     -0.00000000	     -0.00000000	     -0.00000000
      2.00000000	     -0.00000000	     -0.00000000	40262843.65655148	3920603.43611944	1613113.78425149	     -0.00000000	     -0.00000000	 534092.99108665	     -0.00000000	     -0.00000000	     -0.00000000	     -0.00000000	     -0.00000000	     -0.00000000	368338533.77304518	487230410.22728574	544872576.33649838	     -0.00000000	     -0.00000000	     -0.00000000	     -0.00000000	     -0.00000000	     -0.00000000	40858585.50903974	     -0.00000000	     -0.00000000	     -0.00000000	     -0.00000000	1997561.99256471	     -0.00000000	500714898.89335406	     -0.00000000	22297736.95899285	     -0.00000000	     -0.00000000	     -0.00000000	     -0.00000000	  65988.17387095	  83571.63456227	  34789.06516094	   7940.82771874	     -0.00000000	19579727.15264688	1134676.25357342	     -0.00000000	     -0.00000000	     -0.00000000	3387896.96205384	     -0.00000000	     -0.00000000	     -0.00000000	     -0.00000000	     -0.00000000	     -0.00000000	229590598.63546297	295195995.00111681	292825331.74015033	     -0.00000000	     -0.00000000	     -0.00000000	     -0.00000000	     -0.00000000	     -0.00000000	49535110.37542444	 333374.68803601	     -0.00000000	     -0.00000000	     -0.00000000	6382965.63563704	     -0.00000000	610655103.09810352	     -0.00000000	22944186.46064936	     -0.00000000	     -0.00000000	     -0.00000000	     -0.00000000	     -0.00000000	     -0.00000000	     -0.00000000
      2.01000000	     -0.00000000	     -0.00000000	40797210.01356770	4020187.63446081	1638099.56435852	     -0.00000000	     -0.00000000	 753207.81117933	     -0.00000000	     -0.00000000	     -0.00000000	     -0.00000000	     -0.00000000	     -0.00000000	372992549.06185943	492901152.04057050	551175252.71345663	     -0.00000000	     -0.00000000	     -0.00000000	     -0.00000000	     -0.00000000	     -0.00000000	42242673.43950056	     -0.00000000	     -0.00000000	     -0.00000000	     -0.00000000	1886372.35930639	     -0.00000000	504197530.02133471	     -0.00000000	23877337.58289317	     -0.00000000	     -0.00000000	     -0.00000000	     -0.00000000	  21603.57840183	  19646.40364877	   6222.18559706	  18612.23288498	     -0.00026635	19025707.53805968	1063164.10800715	     -0.00000000	     -0.00000000	     -0.00000000	3466424.30997496	     -0.00000000	     -0.00000000	     -0.00000000	     -0.00000000	     -0.00000000	     -0.00000000	225465176.67197517	289122477.73978072	284943390.75487667	     -0.00000000	     -0.00000000	     -0.00000000	     -0.00000000	     -0.00000000	     -0.00000000	49753796.57740716	 389113.07143373	     -0.00000000	     -0.00000000	     -0.00000000	6593127.21637272	     -0.00000000	613783043.89043343	     -0.00000000	22791163.08236116	     -0.00000000	     -0.00000000	     -0.00000000	     -0.00000000	     -0.00000000	     -0.00000000	     -0.00000000
      2.02000000	     -0.00000000	     -0.00000000	40908781.91538987	4056350.06629951	1603701.04674119	     -0.00000000	     -1.35153292	1018571.02354208	     -0.00000000	     -0.00000000	     -0.00000000	     -0.00000000	     -0.00000000	     -0.00000000	374815940.61999995	494871138.99880487	552782622.36902583	     -0.00000000	     -0.00000000	     -0.00000000	     -0.00000000	     -0.00000000	     -0.00000000	43653052.42607245	     -0.00000000	     -0.00000000	     -0.00000000	     -0.00000000	1839716.42627986	     -0.00000000	509064547.29600406	     -0.00000000	25384412.50940602	     -0.00000000	     -0.00000000	     -0.00000000	     -0.00000000	   3178.50600889	    629.86830968	      1.28286703	  51014.50900738	     47.06742395	18364270.36216726	 976887.83361644	     -0.00000000	     -0.00000000	     -0.00000000	3553204.76507024	     -0.00000000	     -0.00000000	     -0.00000000	     -0.00000000	     -0.00000000	     -0.00000000	219684908.67344359	280844959.67165112	274794136.69272286	     -0.00000000	     -0.00000000	     -0.00000000	     -0.00000000	     -0.00000000	     -0.00000000	50035130.62403931	 471247.56656643	     -0.00000000	     -0.00000000	     -0.00000000	6881301.93984037	     -0.00000000	617594931.18410909	     -0.00000000	22554365.10893385	     -0.00000000	     -0.00000000	     -0.00000000	     -0.00000000	     -0.00000000	     -0.00000000	     -0.00000000
      2.03000000	     -0.00000000	     -0.00000000	40824984.31110460	4059661.95200288	1549411.85146471	     -0.00000000	    659.09306600	1321717.54576096	     -0.00000000	     -0.00000000	     -0.00000000	     -0.00000000	     -0.00000000	     -0.00000000	375236141.19158018	495072946.01747465	552244686.02053988	     -0.00000000	     -0.00000000	     -0.00000000	     -0.00000000	     -0.00000000	     -0.00000000	45076610.06249463	     -0.00000000	     -0.00000000	     -0.00000000	     -0.00000000	1825799.76016074	     -0.00000000	514517294.67495376	     -0.00000000	26852529.25643858	     -0.00000000	     -0.00000000	     -0.00000000	     -0.00000000	     -0.00666776	     -0.00000000	     -0.00000000	 103061.70522655	   1352.36744854	17633546.64265214	 886012.13063123	     -0.00000000	     -0.00000000	     -0.00000000	3643481.14914103	     -0.00000000	     -0.00000000	     -0.00000000	     -0.00000000	     -0.00000000	     -0.00000000	213292837.21790072	271666255.63944852	263486980.19800556	     -0.00000000	     -0.00000000	     -0.00000000	     -0.00000000	     -0.00000000	     -0.00000000	50315970.51981182	 573253.15913010	     -0.00000000	     -0.00000000	     -0.00000000	7204598.21496835	     -0.00000000	621678737.87599897	     -0.00000000	22275481.00372797	     -0.00000000	     -0.00000000	     -0.00000000	     -0.00000000	     -0.00000000	     -0.00000000	     -0.00000000
      2.04000000	     -0.00000000	     -0.00000000	40497422.51477747	4022305.62410646	1478202.82762343	     -0.00000000	   3481.39292223	1653484.55068131	     -0.00000000	     -0.00000000	     -0.00000000	     -0.00000000	     -0.00000000	     -0.00000000	373467043.48195434	492574455.09609246	548704663.88630021	     -0.00000000	     -0.00000000	     -0.00000000	     -0.00000000	     -0.00000000	     -0.00000000	46478418.57284683	     -0.00000000	     -0.00000000	     -0.00000000	     -0.00000000	1857882.03259278	     -0.00000000	520577067.51107281	     -0.00000000	28202586.53569251	     -0.00000000	     -0.00000000	     -0.00000000	     -0.00000000	     -0.00000000	     -0.00000000	     -0.00000000	 189114.72224485	   6199.83225919	16793813.53497006	 786210.20805665	     -0.00000000	     -0.00000000	     -0.00000000	3739647.82001108	     -0.00000000	     -0.00000000	     -0.00000000	     -0.00000000	     -0.00000000	     -0.00000000	205464962.93368295	260552456.73095927	250035949.36958903	     -0.00000000	     -0.00000000	     -0.00000000	     -0.00000000	     -0.00000000	     -0.00000000	50616419.82643315	 711641.56473496	     -0.00000000	     -0.00000000	     -0.00000000	7597049.74487112	     -0.00000000	626264993.69400299	     -0.00000000	21921060.29040513	     -0.00000000	     -0.00000000	     -0.00000000	     -0.00000000	     -0.00000000	     -0.00000000	     -0.00000000
      2.05000000	     -0.00000000	     -0.00000000	40747132.99819128	4064501.18200655	1512293.52927246	     -0.00000000	  11771.44342466	1990470.10410865	     -0.00000000	     -0.00000000	     -0.00000000	     -0.00000000	     -0.00000000	     -0.00000000	374815321.80110568	494333498.24734473	551111989.81724095	     -0.00000000	     -0.00000000	     -0.00000000	     -0.00000000	     -0.00000000	     -0.00000000	47918854.23068452	     -0.00000000	     -0.00000000	     -0.00000000	     -0.00000000	1822798.80042593	     -0.00000000	524637877.93696296	     -0.00000000	29728345.56568801	     -0.00000000	     -0.00000000	     -0.00000000	     -0.00000000	     -0.00000000	     -0.00000000	     -0.00000000	 218771.72185852	  10194.95247373	16140228.68913013	 715626.31282025	     -0.00000000	     -0.00000000	     -0.00000000	3814590.15439286	     -0.00000000	     -0.00000000	     -0.00000000	     -0.00000000	     -0.00000000	     -0.00000000	201851038.28848916	254566674.11764401	241221832.67971721	     -0.00000000	     -0.00000000	     -0.00000000	     -0.00000000	     -0.00000000	     -0.00000000	50763057.04759698	 801280.28863195	     -0.00000000	     -0.00000000	     -0.00000000	7843166.37135464	     -0.00000000	629572510.47153652	     -0.00000000	21694266.36677985	     -0.00000000	     -0.00000000	     -0.00000000	     -0.00000000	     -0.00000000	     -0.00000000	     -0.00000000
      2.06000000	     -0.00000000	     -0.00000000	40573850.59628944	4042573.99250999	1486431.85678660	     -0.00000000	  24586.26195709	2341283.69061491	     -0.00000000	     -0.00000000	     -0.00000000	     -0.00000000	     -0.00000000	     -0.00000000	373432615.30523372	492537662.42482781	548961004.33431470	     -0.00000000	     -0.00000000	     -0.00000000	     -0.00000000	     -0.00000000	     -0.00000000	49252270.81937148	     -0.00000000	     -0.00000000	     -0.00000000	     -0.00000000	1847640.28451535	     -0.00000000	529622865.70068949	     -0.00000000	31032646.01918219	     -0.00000000	     -0.00000000	     -0.00000000	     -0.00000000	     -0.00000000	     -0.00000000	     -0.00000000	 299729.89606298	  20730.50844732	15388773.37039235	 633574.44634972	     -0.00000000	     -0.00000000	     -0.00000000	3897335.12471957	     -0.00000000	     -0.00000000	     -0.00000000	     -0.00000000	     -0.00000000	     -0.00000000	195913601.38479742	245610084.37630391	229637135.46393612	     -0.00000000	     -0.00000000	     -0.00000000	     -0.00000000	     -0.00000000	     -0.00000000	50997451.69066057	 939403.24789430	     -0.00000000	     -0.00000000	     -0.00000000	8197249.35919231	     -0.00000000	633582905.30761290	     -0.00000000	21368464.53578166	     -0.00000000	     -0.00000000	     -0.00000000	     -0.00000000	     -0.00000000	     -0.00000000	     -0.00000000
      2.07000000	     -0.00000000	     -0.00000000	40393152.28201077	4016561.63809626	1474338.21342826	     -0.00000000	  42049.50343625	2682046.26054715	     -0.00000000	     -0.00000000	     -0.00000000	     -0.00000000	     -0.00000000	     -0.00000000	371437993.21646410	490075632.50312173	546372813.89007008	     -0.00000000	     -0.00000000	     -0.00000000	     -0.00000000	     -0.00000000	     -0.00000000	50490548.69447258	     -0.00000000	     -0.00000000	     -0.00000000	     -0.00000000	1883940.33323643	     -0.00000000	534156049.03976649	     -0.00000000	32228005.32139462	     -0.00000000	     -0.00000000	     -0.00000000	     -0.00000000	     -0.00000000	     -0.00000000	     -0.00000000	 400071.13006388	  38891.50366097	14615288.68403096	 552653.76286696	     -0.00000000	     -0.00000000	     -0.00000000	3981448.79029793	     -0.00000000	     -0.00000000	     -0.00000000	     -0.00000000	     -0.00000000	     -0.00000000	189608091.25827414	236085322.68018290	217413172.72636637	     -0.00000000	     -0.00000000	     -0.00000000	     -0.00000000	     -0.00000000	     -0.00000000	51244151.43965706	1101314.36422756	     -0.00000000	     -0.00000000	     -0.00000000	8585159.89038442	     -0.00000000	637715259.57773817	     -0.00000000	21015906.83762160	     -0.00000000	     -0.00000000	     -0.00000000	     -0.00000000	     -0.00000000	     -0.00000000	     -0.00000000
      2.08000000	     -0.00000000	     -0.00000000	40361118.88558324	4007479.89408354	1499894.03229689	     -0.00000000	  65198.08026705	2993824.36154240	     -0.00000000	     -0.00000000	     -0.00000000	     -0.00000000	     -0.00000000	     -0.00000000	369953601.40313643	488414069.65137804	545168364.26412916	     -0.00000000	     -0.00000000	     -0.00000000	     -0.00000000	     -0.00000000	     -0.00000000	51615917.25317188	     -0.00000000	     -0.00000000	     -0.00000000	     -0.00000000	1909993.39292611	     -0.00000000	537719179.23341787	     -0.00000000	33335037.40504065	     -0.00000000	     -0.00000000	     -0.00000000	     -0.00000000	     -0.00000000	     -0.00000000	     -0.00000000	 498872.49295229	  62193.68295705	13874263.91436579	 479435.22260760	     -0.00000000	     -0.00000000	     -0.00000000	4055929.23431576	     -0.00000000	     -0.00000000	     -0.00000000	     -0.00000000	     -0.00000000	     -0.00000000	183861159.91393048	227185509.36389524	205746299.91407552	     -0.00000000	     -0.00000000	     -0.00000000	     -0.00000000	     -0.00000000	     -0.00000000	51456662.18168303	1269860.80892627	     -0.00000000	     -0.00000000	     -0.00000000	8966475.64494816	     -0.00000000	641591672.83177900	     -0.00000000	20659661.37109906	     -0.00000000	     -0.00000000	     -0.00000000	     -0.00000000	     -0.00000000	     -0.00000000	     -0.00000000
      2.09000000	     -0.00000000	     -0.00000000	40608571.14534425	4038430.92212258	1583319.60485106	     -0.00000000	  93061.35163736	3266366.71200961	     -0.00000000	     -0.00000000	     -0.00000000	     -0.00000000	     -0.00000000	     -0.00000000	369563610.36932892	488329550.64134258	546501807.23743427	     -0.00000000	     -0.00000000	     -0.00000000	     -0.00000000	     -0.00000000	     -0.00000000	52640544.89485439	     -0.00000000	     -0.00000000	     -0.00000000	     -0.00000000	1907932.71724318	     -0.00000000	539868876.49856198	     -0.00000000	34403197.06271030	     -0.00000000	     -0.00000000	     -0.00000000	     -0.00000000	     -0.00000000	     -0.00000000	     -0.00000000	 573120.34904462	  84043.43505620	13211642.41821071	 418500.63604336	     -0.00000000	     -0.00000000	     -0.00000000	4112898.06282168	     -0.00000000	     -0.00000000	     -0.00000000	     -0.00000000	     -0.00000000	     -0.00000000	179294094.05287066	219783704.88819075	195591387.94061172	     -0.00000000	     -0.00000000	     -0.00000000	     -0.00000000	     -0.00000000	     -0.00000000	51598278.75040855	1426164.70327932	     -0.00000000	     -0.00000000	     -0.00000000	9302431.62474233	     -0.00000000	644900035.75036073	     -0.00000000	20325406.57978800	     -0.00000000	     -0.00000000	     -0.00000000	     -0.00000000	     -0.00000000	     -0.00000000	     -0.00000000
      2.10000000	     -0.00000000	     -0.00000000	40544544.03794254	4029208.83999052	1592501.45830193	     -0.00000000	 116998.79134702	3514558.25332829	     -0.00000000	     -0.00000000	     -0.00000000	     -0.00000000	     -0.00000000	     -0.00000000	368166623.87886590	486680683.60913366	545069113.29417670	     -0.00000000	     -0.00000000	     -0.00000000	     -0.00000000	     -0.00000000	     -0.00000000	53452958.40537301	     -0.00000000	     -0.00000000	     -0.00000000	     -0.00000000	1930882.36915023	     -0.00000000	542307338.63672698	     -0.00000000	35237713.28033986	     -0.00000000	     -0.00000000	     -0.00000000	     -0.00000000	     -0.00000000	     -0.00000000	     -0.00000000	 732028.01122834	 123692.20777164	12599376.70518032	 359701.96325403	     -0.00000000	     -0.00000000	     -0.00000000	4172477.02057363	     -0.00000000	     -0.00000000	     -0.00000000	     -0.00000000	     -0.00000000	     -0.00000000	173346782.82079765	210799126.14082539	184678252.45285615	     -0.00000000	     -0.00000000	     -0.00000000	     -0.00000000	     -0.00000000	     -0.00000000	51869885.34050970	1621790.15668666	     -0.00000000	     -0.00000000	     -0.00000000	9716715.77600017	     -0.00000000	648393846.74697578	     -0.00000000	19961421.70308685	     -0.00000000	     -0.02822953	     -0.00000000	     -0.00000000	     -0.00000000	     -0.00000000	     -0.00000000
      2.11000000	     -0.00000000	     -0.00000000	40602339.62236407	4041061.80355167	1610072.17041479	     -0.00000000	 140965.25284312	3717961.95298938	     -0.00000000	     -0.00000000	     -0.00000000	     -0.00000000	     -0.00000000	     -0.00000000	367843027.24256563	486353315.56016964	545111786.09755301	     -0.00000000	     -0.00000000	     -0.00000000	     -0.00000000	     -0.00000000	     -0.00000000	54108724.57853905	     -0.00000000	     -0.00000000	     -0.00000000	     -0.00000000	1930117.89881188	     -0.00000000	543770992.97374701	     -0.00000000	35978041.67375146	     -0.00000000	     -0.00000000	     -0.00000000	     -0.00000000	     -0.00000000	     -0.00000000	     -0.00000000	 905552.77371714	 168304.64079351	12093207.02670002	 312143.55096800	     -0.00000000	     -0.00000000	     -0.00000000	4215986.85238878	     -0.00000000	     -0.00000000	     -0.00000000	     -0.00000000	     -0.00000000	     -0.00000000	168008832.88395768	202766625.28790152	175176223.72145599	     -0.00000000	     -0.00000000	     -0.00000000	     -0.00000000	     -0.00000000	     -0.00000000	52124907.47040044	1810158.41392357	     -0.00000000	     -0.00000000	     -0.00000000	10103429.48655920	     -0.00000000	651358263.96405685	     -0.00000000	19621306.58804187	     -0.00000000	     -0.80335767	     -0.00000000	     -0.00000000	     -0.00000000	     -0.00000000	     -0.00000000
      2.12000000	     -0.00000000	     -0.00000000	40899761.46137957	4090648.17931180	1661295.38900502	     -0.00000000	 167115.06927607	3876668.85581067	     -0.00000000	     -0.00000000	     -0.00000000	     -0.00000000	     -0.00000000	     -0.00000000	369062606.59759593	488020765.12875122	547705128.87231362	     -0.00000000	     -0.00000000	     -0.00000000	     -0.00000000	     -0.00000000	     -0.00000000	54655667.00300979	     -0.00000000	     -0.00000000	     -0.00000000	     -0.00000000	1894029.15720024	     -0.00000000	544030230.21697509	     -0.00000000	36688223.78909110	     -0.00000000	     -0.00000000	     -0.00000000	     -0.00000000	     -0.00000000	     -0.00000000	     -0.00000000	1044858.10039801	 206378.65735284	11714945.89357634	 277879.60018424	     -0.00000000	     -0.00000000	     -0.00000000	4230831.93646524	     -0.00000000	     -0.00000000	     -0.00000000	     -0.00000000	     -0.00000000	     -0.00000000	164311295.77084479	196967019.27529678	168135705.59925574	     -0.00000000	     -0.00000000	     -0.00000000	     -0.00000000	     -0.00000000	     -0.00000000	52286895.63487561	1958573.63904458	     -0.00000000	     -0.00000000	     -0.00000000	10405591.81268584	     -0.00000000	653481778.72793460	     -0.00000000	19319718.08920826	     -0.00000000	      2.22029201	     -0.00000000	     -0.00000000	     -0.00000000	     -0.00000000	     -0.00000000
      2.13000000	     -0.00000000	     -0.00000000	41518262.37293589	4197572.74079631	1755704.87911436	     -0.00000000	 194886.73507596	3969149.22515518	     -0.00000000	     -0.00000000	     -0.00000000	     -0.00000000	     -0.00000000	     -0.00000000	372088627.32389081	491994147.97140676	553363217.69252169	     -0.00000000	     -0.00000000	     -0.00000000	     -0.00000000	     -0.00000000	     -0.00000000	55056140.76364968	     -0.00000000	     -0.00000000	     -0.00000000	     -0.00000000	1811314.28714643	     -0.00000000	542621156.20953321	     -0.00000000	37352793.59291028	     -0.00000000	     -0.00000000	     -0.00000000	     -0.00000000	     -0.00000000	     -0.00000000	     -0.00000000	1170869.89670713	 239681.79343345	11407882.98828012	 253778.23578395	     -0.00000000	     -0.00000000	     -0.00000000	4229557.72382657	     -0.00000000	     -0.00000000	     -0.00000000	     -0.00000000	     -0.00000000	     -0.00000000	159915966.45084202	191040810.64948508	161780351.98809120	     -0.00000000	     -0.00000000	     -0.00000000	     -0.00000000	     -0.00000000	     -0.00000000	52337532.89643986	2104411.88127780	     -0.00000000	     -0.00000000	     -0.00000000	10653172.35643544	     -0.00000000	654918635.22255981	     -0.00000000	19055176.46915402	     -0.00000000	     22.26414280	     -0.00000000	     -0.00000000	     -0.00000000	     -0.00000000	     -0.00000000
      2.14000000	     -0.00000000	     -0.00000000	40911660.54402877	4123768.67601283	1584386.47384929	     -0.00000000	 201336.29303338	4099499.96350135	     -0.00000000	     -0.00000000	     -0.00000000	     -0.00000000	     -0.00000000	     -0.00000000	370833166.03551674	489724571.78620619	548459778.43974209	     -0.00000000	     -0.00000000	     -0.00000000	     -0.00000000	     -0.00000000	     -0.00000000	55203299.02034687	     -0.00000000	     -0.00000000	     -0.00000000	     -0.00000000	1844670.14418202	     -0.00000000	544796042.88811946	     -0.00000000	37565555.19587404	     -0.00000000	     -0.00000000	     -0.00000000	     -0.00000000	     -0.00000000	     -0.00000000	     -0.00000000	1539910.60591677	 326046.53745728	11219529.28489869	 225281.12463809	     -0.00000000	     -0.00000000	     -0.00000000	4220437.37886332	     -0.00000000	     -0.00000000	     -0.00000000	     -0.00000000	     -0.00000000	     -0.00000000	155249871.83588800	184233564.88259691	155366940.54474622	     -0.00000000	     -0.00000000	     -0.00000000	     -0.00000000	     -0.00000000	     -0.00000000	52737465.45284440	2284770.70246982	     -0.00000000	     -0.00000000	     -0.00000000	11057670.92962573	     -0.00000000	656934672.69649076	     -0.00000000	18695434.00459888	     -0.00000000	     46.74868899	     -0.00000000	     -0.00000000	     -0.00000000	     -0.00000000	     -0.00000000
      2.15000000	     -0.00000000	     -0.00000000	40821468.09576569	4133917.13841172	1498439.02181312	     -0.00000000	 211719.51043420	4160870.55407406	     -0.00000000	     -0.00000000	     -0.00000000	     -0.00000000	     -0.00000000	     -0.00000000	372267867.08008552	491004563.80233395	548502442.46571100	     -0.00000000	     -0.00000000	     -0.00000000	     -0.00000000	     -0.00000000	     -0.00000000	55258329.79182322	     -0.00000000	     -0.00000000	     -0.00000000	     -0.00000000	1811004.34786006	     -0.00000000	544830910.80139637	     -0.00000000	37818141.79116269	     -0.00000000	     -0.00000000	     -0.00000000	     -0.00000000	     -0.00000000	     -0.00000000	     -0.00000000	1850563.78417654	 396989.22305310	11115705.23398040	 208930.30895408	     -0.00000000	     -0.00000000	     -0.00000000	4187793.50074132	     -0.00000000	     -0.00000000	     -0.00000000	     -0.00000000	     -0.00000000	     -0.00000000	150955516.48398164	178638792.70954728	150669475.68544862	     -0.00000000	     -0.00000000	     -0.00000000	     -0.00000000	     -0.00000000	     -0.00000000	52942057.60867760	2429372.99861716	     -0.00000000	     -0.00000000	     -0.00000000	11344339.76050079	     -0.00000000	657960016.91777587	     -0.00000000	18401147.87647612	     -0.00000000	     74.94263163	     -0.00000000	     -0.00000000	     -0.00000000	     -0.00000000	     -0.00000000
      2.16000000	     -0.00000000	     -0.00000000	40896744.10776097	4169858.70718559	1438660.42560656	     -0.00000000	 221890.96255279	4185584.39192884	     -0.00000000	     -0.00000000	     -0.00000000	     -0.00000000	     -0.00000000	     -0.00000000	374728034.84819180	493616847.39693874	550270310.39707887	     -0.00000000	     -0.00000000	     -0.00000000	     -0.00000000	     -0.00000000	     -0.00000000	55243547.67374203	     -0.00000000	     -0.00000000	     -0.00000000	     -0.00000000	1755403.17024250	     -0.00000000	544120856.92946184	     -0.00000000	38035375.52487258	     -0.00000000	     -0.00000000	     -0.00000000	     -0.00000000	     -0.00000000	     -0.00000000	     -0.00000000	2134299.52546159	 460165.84380552	11075800.73547306	 198533.64756010	     -0.00000000	     -0.00000000	     -0.00000000	4142869.05589571	     -0.00000000	     -0.00000000	     -0.00000000	     -0.00000000	     -0.00000000	     -0.00000000	147490299.67117244	174286343.77710053	147346449.70366871	     -0.00000000	     -0.00000000	     -0.00000000	     -0.00000000	     -0.00000000	     -0.00000000	53075851.23278126	2542175.49229111	     -0.00000000	     -0.00000000	     -0.00000000	11565828.57155355	     -0.00000000	658497857.51146674	     -0.00000000	18144890.42847051	     -0.00000000	    101.34468041	     -0.00000000	     -0.00000000	     -0.00000000	     -0.00000000	     -0.00000000
      2.17000000	     -0.00000000	     -0.00000000	40536793.43565435	4149934.50320704	1279208.74580918	     -0.00000000	 219477.23125363	4189320.71471030	     -0.00000000	     -0.00000000	     -0.00000000	     -0.00000000	     -0.00000000	     -0.00000000	375891549.60475314	494195613.90347278	548292214.80165958	     -0.00000000	     -0.00000000	     -0.00000000	     -0.00000000	     -0.00000000	     -0.00000000	55019678.82178238	     -0.00000000	     -0.00000000	     -0.00000000	     -0.00000000	1730922.18227649	     -0.00000000	544255983.96719754	     -0.00000000	37995013.45214008	     -0.00000000	     -0.00000000	     -0.00000000	     -0.00000000	     -0.00000000	     -0.00000000	     -0.00000000	2546823.83208898	 546704.13855503	11167481.15393814	 192969.12948101	     -0.00000000	     -0.00000000	     -0.00000000	4056376.31425707	     -0.00000000	     -0.00000000	     -0.00000000	     -0.00000000	     -0.00000000	     -0.00000000	143782484.31660455	169962082.20217723	145038797.13110077	     -0.00000000	     -0.00000000	     -0.00000000	     -0.00000000	     -0.00000000	     -0.00000000	53219940.53516243	2647522.05163335	     -0.00000000	     -0.00000000	     -0.00000000	11793297.37103739	     -0.00000000	658499565.98313606	     -0.00000000	17830674.50620280	     -0.00000000	    118.57828496	     -0.00000000	     -0.00000000	     -0.00000000	     -0.00000000	     -0.00000000
      2.18000000	     -0.00000000	     -0.00000000	40263237.54568735	4140600.96537101	1146577.68941455	     -0.00000000	 215324.38103680	4167071.77317797	     -0.00000000	     -0.00000000	     -0.00000000	     -0.00000000	     -0.00000000	     -0.00000000	377364986.87102163	495246344.83263510	547104655.83962774	     -0.00000000	     -0.00000000	     -0.00000000	     -0.00000000	     -0.00000000	     -0.00000000	54752076.15480899	     -0.00000000	     -0.00000000	     -0.00000000	     -0.00000000	1700115.96072636	     -0.00000000	544032356.13938069	     -0.00000000	37902147.49996091	     -0.00000000	     -0.00000000	     -0.00000000	     -0.00000000	     -0.00000000	     -0.00000000	     -0.00000000	2942057.54024631	 626569.27298894	11296433.20894022	 191387.27505490	     -0.00000000	     -0.00000000	     -0.00000000	3956561.51246989	     -0.00000000	     -0.00000000	     -0.00000000	     -0.00000000	     -0.00000000	     -0.00000000	140347651.71314397	166239572.50363210	143492081.21185556	     -0.00000000	     -0.00000000	     -0.00000000	     -0.00000000	     -0.00000000	     -0.00000000	53273161.43413528	2732921.04169160	     -0.00000000	     -0.00000000	     -0.00000000	11970031.23288425	     -0.00000000	658065961.53201842	     -0.00000000	17531944.01695960	     -0.00000000	    134.32860028	     -0.00000000	     -0.00000000	     -0.00000000	     -0.00000000	     -0.00000000
      2.19000000	     -0.00000000	     -0.00000000	39929435.84835359	4123694.81657913	1004588.81674769	     -0.00000000	 205931.29750923	4115127.24193680	     -0.00000000	     -0.00000000	     -0.00000000	     -0.00000000	     -0.00000000	     -0.00000000	378861298.61690158	496242642.73607814	545539672.92160797	     -0.00000000	     -0.00000000	     -0.00000000	     -0.00000000	     -0.00000000	     -0.00000000	54372789.32602727	     -0.00000000	     -0.00000000	     -0.00000000	     -0.00000000	1670760.37512841	     -0.00000000	543728709.77392316	     -0.00000000	37685190.51984233	     -0.00000000	     -0.00000000	     -0.00000000	     -0.00000000	     -0.00000000	     -0.00000000	     -0.00000000	3364704.10778677	 708266.90470995	11501770.54474688	 194288.62512508	     -0.00000000	     -0.00000000	     -0.00000000	3830877.42006869	     -0.00000000	     -0.00000000	     -0.00000000	     -0.00000000	     -0.00000000	     -0.00000000	137206857.72001851	163131000.33272719	142955846.77968258	     -0.00000000	     -0.00000000	     -0.00000000	     -0.00000000	     -0.00000000	     -0.00000000	53258693.60906237	2795574.62321689	     -0.00000000	     -0.00000000	     -0.00000000	12108079.67334897	     -0.00000000	657099500.03310895	     -0.00000000	17219507.85769772	     -0.00000000	    139.66205532	     -0.00000000	     -0.00000000	     -0.00000000	     -0.00000000	     -0.00000000
      2.20000000	     -0.00000000	     -0.00000000	39839696.61727097	4139435.53324874	 869549.80700720	     -0.00000000	 209238.02626723	4078921.64761314	     -0.00000000	     -0.00000000	     -0.00000000	     -0.00000000	     -0.00000000	     -0.00000000	384323937.29933214	501915410.83384120	548299318.85414875	     -0.00000000	     -0.00000000	     -0.00000000	     -0.00000000	     -0.00000000	     -0.00000000	54020376.52454183	     -0.00000000	     -0.00000000	     -0.00000000	     -0.00000000	1581874.47157516	     -0.00000000	542791209.04433358	     -0.00000000	37688608.11209720	     -0.00000000	     -0.00000000	     -0.00000000	     -0.00000000	     -0.00000000	     -0.00000000	     -0.00000000	3264038.59315335	 697144.50213799	11245692.03707102	 182878.87310364	     -0.00000000	     -0.00000000	     -0.00000000	3778761.92059113	     -0.00000000	     -0.00000000	     -0.00000000	     -0.00000000	     -0.00000000	     -0.00000000	136162272.89893427	161326927.64930001	139817354.95826107	     -0.00000000	     -0.00000000	     -0.00000000	     -0.00000000	     -0.00000000	     -0.00000000	52978100.27813582	2864856.85258248	     -0.00000000	     -0.00000000	     -0.00000000	12184300.16557943	     -0.00000000	657297244.51173913	     -0.00000000	16982673.82228656	     -0.00000000	    235.62983149	     -0.00000000	     -0.00000000	     -0.00000000	     -0.00000000	     -0.00000000
      2.21000000	     -0.00000000	     -0.00000000	39188984.99272919	4078106.28631839	 746167.43246739	     -0.00000000	 175676.16459514	3939246.07819728	     -0.00000000	     -0.00000000	     -0.00000000	     -0.00000000	     -0.00000000	     -0.00000000	380863270.05312449	497085591.54601049	541284351.18065751	     -0.00000000	     -0.00000000	     -0.00000000	     -0.00000000	     -0.00000000	     -0.00000000	53404391.16519399	     -0.00000000	     -0.00000000	     -0.00000000	     -0.00000000	1628932.37421102	     -0.00000000	542838745.90889549	     -0.00000000	36949862.86475915	     -0.00000000	     -0.00000000	     -0.00000000	     -0.00000000	     -0.00000000	     -0.00000000	     -0.00000000	4229180.54189180	 864920.43869505	12059271.86034456	 209841.82655787	    708.58873441	     -0.00000000	     -0.00000000	3518082.76693527	     -0.00000000	     -0.00000000	     -0.00000000	     -0.00000000	     -0.00000000	     -0.00000000	131871576.82443842	158547564.34662256	144099810.01039395	     -0.00000000	     -0.00000000	     -0.00000000	     -0.00000000	     -0.00000000	     -0.00000000	52996589.71104524	2863212.03519529	     -0.00000000	     -0.00000000	     -0.00000000	12280385.58738828	     -0.00000000	653791309.35850811	     -0.00000000	16547845.80399781	     -0.00000000	    144.93593414	     -0.00000000	     -0.00000000	     -0.00000000	     -0.00000000	     -0.00000000
      2.22000000	     -0.00000000	     -0.00000000	38809110.46996584	4048316.63693845	 633591.90896397	     -0.00000000	 157212.97762853	3823363.45503989	     -0.00000000	     -0.00000000	     -0.00000000	     -0.00000000	     -0.00000000	     -0.00000000	381836609.18546641	497506292.15939796	539168287.26516879	     -0.00000000	     -0.00000000	     -0.00000000	     -0.00000000	     -0.00000000	     -0.00000000	52836569.09101123	     -0.00000000	     -0.00000000	     -0.00000000	     -0.00000000	1612719.66943386	     -0.00000000	542297422.23474503	     -0.00000000	36465854.56899342	     -0.00000000	     -0.00000000	     -0.00000000	     -0.00000000	     -0.00000000	     -0.00000000	     -0.00000000	4617771.16631799	 926990.46505708	12449416.12134520	 225944.23131390	   7863.24378193	     -0.00000000	     -0.00000000	3315773.74267065	     -0.00000000	     -0.00000000	     -0.00000000	     -0.00000000	     -0.00000000	     -0.00000000	130270004.00027622	157867294.27170551	146598608.52517223	     -0.00000000	     -0.00000000	     -0.00000000	     -0.00000000	     -0.00000000	     -0.00000000	52673246.37162323	2842291.29771895	     -0.00000000	     -0.00000000	     -0.00000000	12273140.43406916	     -0.00000000	651046137.95771468	     -0.00000000	16180648.26730339	     -0.00000000	    134.03468288	     -0.00000000	     -0.00000000	     -0.00000000	     -0.00000000	     -0.00000000
      2.23000000	     -0.00000000	     -0.00000000	38457150.47850976	4019352.14672206	 541875.96564755	     -0.00000000	 137048.80465451	3686727.71398298	     -0.00000000	     -0.00000000	     -0.00000000	     -0.00000000	     -0.00000000	     -0.00000000	382409196.58029181	497549240.32485038	537000675.26720047	     -0.00000000	     -0.00000000	     -0.00000000	     -0.00000000	     -0.00000000	     -0.00000000	52228505.12126009	     -0.00000000	     -0.00000000	     -0.00000000	     -0.00000000	1602870.31323429	     -0.00000000	541575259.91505456	     -0.00000000	35903839.88762355	     -0.00000000	     -0.00000000	     -0.00000000	     -0.00000000	     -0.00000000	     -0.00000000	     -0.00000000	4968796.04451958	 978038.91361117	12876044.04548613	 245686.01742983	  29661.80120333	     -0.00000000	     -0.00000000	3091953.77281810	     -0.00000000	     -0.00000000	     -0.00000000	     -0.00000000	     -0.00000000	     -0.00000000	129182182.03410928	157896398.23343098	149834679.70642567	     -0.00000000	     -0.00000000	     -0.00000000	     -0.00000000	     -0.00000000	     -0.00000000	52231419.44620130	2799304.61009536	     -0.00000000	     -0.00000000	     -0.00000000	12225664.43166694	     -0.00000000	647728786.76519728	     -0.00000000	15785047.37032516	     -0.00000000	    125.90667765	     -0.00000000	     -0.00000000	     -0.00000000	     -0.00000000	     -0.00000000
      2.24000000	     -0.00000000	     -0.00000000	38077884.04329646	3983218.58354330	 462349.40336247	     -0.00000000	 114970.51368650	3534058.89928918	     -0.00000000	     -0.00000000	     -0.00000000	     -0.00000000	     -0.00000000	     -0.00000000	382278324.48626631	496814026.99107128	534231196.27081257	     -0.00000000	     -0.00000000	     -0.00000000	     -0.00000000	     -0.00000000	     -0.00000000	51576906.56475735	     -0.00000000	     -0.00000000	     -0.00000000	     -0.00000000	1605426.71532725	     -0.00000000	540837710.98042166	     -0.00000000	35251591.79481196	     -0.00000000	     -0.00000000	     -0.00000000	     -0.00000000	     -0.00000000	     -0.00000000	     -0.00000000	5302431.55603381	1023647.25870941	13329660.40251662	 268199.53301870	  73881.67668738	     -0.00000000	     -0.00000000	2852493.22549074	     -0.00000000	     -0.00000000	     -0.00000000	     -0.00000000	     -0.00000000	     -0.00000000	128418775.95667687	158349585.99319798	153522381.06041798	     -0.00000000	     -0.00000000	     -0.00000000	     -0.00000000	     -0.00000000	     -0.00000000	51698633.88856027	2744159.30449812	     -0.00000000	     -0.00000000	     -0.00000000	12156900.91189943	     -0.00000000	643940620.94181705	     -0.00000000	15358376.10089969	     -0.00000000	    117.42299487	     -0.00000000	     -0.00000000	     -0.00000000	     -0.00000000	     -0.00000000
      2.25000000	     -0.00000000	     -0.00000000	37666705.46605015	3938068.91912779	 391887.21520232	     -0.00000000	  92474.30905448	3370273.36034817	     -0.00000000	     -0.00000000	     -0.00000000	     -0.00000000	     -0.00000000	     -0.00000000	381652187.89362061	495525834.69058859	530989637.83509821	     -0.00000000	     -0.00000000	     -0.00000000	     -0.00000000	     -0.00000000	     -0.00000000	50887237.69708171	     -0.00000000	     -0.00000000	     -0.00000000	     -0.00000000	1618748.55456805	     -0.00000000	540137213.62776244	     -0.00000000	34525474.82118496	     -0.00000000	     -0.00000000	     -0.00000000	     -0.00000000	     -0.00000000	     -0.00000000	     -0.00000000	5601649.02448734	1058699.00079812	13843366.49332240	 295984.82556100	 139261.55219150	     -0.00000000	     -0.00000000	2590661.91837795	     -0.00000000	     -0.00000000	     -0.00000000	     -0.00000000	     -0.00000000	     -0.00000000	128293155.36851974	159672743.17342004	158213425.09397563	     -0.00000000	     -0.00000000	     -0.00000000	     -0.00000000	     -0.00000000	     -0.00000000	51043850.86214019	2663387.08813173	     -0.00000000	     -0.00000000	     -0.00000000	12046342.10544774	     -0.00000000	639425771.51903021	     -0.00000000	14899274.78736892	     -0.00000000	    106.30468109	     -0.00000000	     -0.00000000	     -0.00000000	     -0.00000000	     -0.00000000
