[2026-02-12 16:41:33.483] [info] Updating Model file from 40000 to latest format...
[2026-02-12 16:41:33.500] [info] Loaded model 2_scaled_rajagopal2022 from file C:\Users\Israel Luis\Documents\GitHub\GoalOptimized\Database\sub2\model\model_rajagopal2022_sub2.osim
[2026-02-12 16:41:33.501] [warning] Couldn't find file 'r_pelvis.vtp'.
[2026-02-12 16:41:33.501] [warning] Couldn't find file 'l_pelvis.vtp'.
[2026-02-12 16:41:33.501] [warning] Couldn't find file 'sacrum.vtp'.
[2026-02-12 16:41:33.501] [warning] Couldn't find file 'r_femur.vtp'.
[2026-02-12 16:41:33.501] [warning] Couldn't find file 'r_tibia.vtp'.
[2026-02-12 16:41:33.501] [warning] Couldn't find file 'r_fibula.vtp'.
[2026-02-12 16:41:33.501] [warning] Couldn't find file 'r_patella.vtp'.
[2026-02-12 16:41:33.501] [warning] Couldn't find file 'r_talus.vtp'.
[2026-02-12 16:41:33.501] [warning] Couldn't find file 'r_foot.vtp'.
[2026-02-12 16:41:33.501] [warning] Couldn't find file 'r_bofoot.vtp'.
[2026-02-12 16:41:33.501] [warning] Couldn't find file 'l_femur.vtp'.
[2026-02-12 16:41:33.501] [warning] Couldn't find file 'l_tibia.vtp'.
[2026-02-12 16:41:33.501] [warning] Couldn't find file 'l_fibula.vtp'.
[2026-02-12 16:41:33.501] [warning] Couldn't find file 'l_patella.vtp'.
[2026-02-12 16:41:33.501] [warning] Couldn't find file 'l_talus.vtp'.
[2026-02-12 16:41:33.501] [warning] Couldn't find file 'l_foot.vtp'.
[2026-02-12 16:41:33.501] [warning] Couldn't find file 'l_bofoot.vtp'.
[2026-02-12 16:41:33.501] [warning] Couldn't find file 'hat_spine.vtp'.
[2026-02-12 16:41:33.502] [warning] Couldn't find file 'hat_jaw.vtp'.
[2026-02-12 16:41:33.502] [warning] Couldn't find file 'hat_skull.vtp'.
[2026-02-12 16:41:33.502] [warning] Couldn't find file 'hat_ribs_scap.vtp'.
[2026-02-12 16:41:33.502] [warning] Couldn't find file 'humerus_rv.vtp'.
[2026-02-12 16:41:33.502] [warning] Couldn't find file 'ulna_rv.vtp'.
[2026-02-12 16:41:33.502] [warning] Couldn't find file 'radius_rv.vtp'.
[2026-02-12 16:41:33.502] [warning] Couldn't find file 'pisiform_rvs.vtp'.
[2026-02-12 16:41:33.502] [warning] Couldn't find file 'lunate_rvs.vtp'.
[2026-02-12 16:41:33.502] [warning] Couldn't find file 'scaphoid_rvs.vtp'.
[2026-02-12 16:41:33.502] [warning] Couldn't find file 'triquetrum_rvs.vtp'.
[2026-02-12 16:41:33.502] [warning] Couldn't find file 'hamate_rvs.vtp'.
[2026-02-12 16:41:33.502] [warning] Couldn't find file 'capitate_rvs.vtp'.
[2026-02-12 16:41:33.502] [warning] Couldn't find file 'trapezoid_rvs.vtp'.
[2026-02-12 16:41:33.502] [warning] Couldn't find file 'trapezium_rvs.vtp'.
[2026-02-12 16:41:33.502] [warning] Couldn't find file 'metacarpal2_rvs.vtp'.
[2026-02-12 16:41:33.502] [warning] Couldn't find file 'index_proximal_rvs.vtp'.
[2026-02-12 16:41:33.502] [warning] Couldn't find file 'index_medial_rvs.vtp'.
[2026-02-12 16:41:33.502] [warning] Couldn't find file 'index_distal_rvs.vtp'.
[2026-02-12 16:41:33.502] [warning] Couldn't find file 'metacarpal3_rvs.vtp'.
[2026-02-12 16:41:33.502] [warning] Couldn't find file 'middle_proximal_rvs.vtp'.
[2026-02-12 16:41:33.502] [warning] Couldn't find file 'middle_medial_rvs.vtp'.
[2026-02-12 16:41:33.502] [warning] Couldn't find file 'middle_distal_rvs.vtp'.
[2026-02-12 16:41:33.502] [warning] Couldn't find file 'metacarpal4_rvs.vtp'.
[2026-02-12 16:41:33.502] [warning] Couldn't find file 'ring_proximal_rvs.vtp'.
[2026-02-12 16:41:33.502] [warning] Couldn't find file 'ring_medial_rvs.vtp'.
[2026-02-12 16:41:33.502] [warning] Couldn't find file 'ring_distal_rvs.vtp'.
[2026-02-12 16:41:33.502] [warning] Couldn't find file 'metacarpal5_rvs.vtp'.
[2026-02-12 16:41:33.502] [warning] Couldn't find file 'little_proximal_rvs.vtp'.
[2026-02-12 16:41:33.503] [warning] Couldn't find file 'little_medial_rvs.vtp'.
[2026-02-12 16:41:33.503] [warning] Couldn't find file 'little_distal_rvs.vtp'.
[2026-02-12 16:41:33.503] [warning] Couldn't find file 'metacarpal1_rvs.vtp'.
[2026-02-12 16:41:33.503] [warning] Couldn't find file 'thumb_proximal_rvs.vtp'.
[2026-02-12 16:41:33.503] [warning] Couldn't find file 'thumb_distal_rvs.vtp'.
[2026-02-12 16:41:33.503] [warning] Couldn't find file 'humerus_lv.vtp'.
[2026-02-12 16:41:33.503] [warning] Couldn't find file 'ulna_lv.vtp'.
[2026-02-12 16:41:33.503] [warning] Couldn't find file 'radius_lv.vtp'.
[2026-02-12 16:41:33.503] [warning] Couldn't find file 'pisiform_lvs.vtp'.
[2026-02-12 16:41:33.503] [warning] Couldn't find file 'lunate_lvs.vtp'.
[2026-02-12 16:41:33.503] [warning] Couldn't find file 'scaphoid_lvs.vtp'.
[2026-02-12 16:41:33.503] [warning] Couldn't find file 'triquetrum_lvs.vtp'.
[2026-02-12 16:41:33.503] [warning] Couldn't find file 'hamate_lvs.vtp'.
[2026-02-12 16:41:33.503] [warning] Couldn't find file 'capitate_lvs.vtp'.
[2026-02-12 16:41:33.503] [warning] Couldn't find file 'trapezoid_lvs.vtp'.
[2026-02-12 16:41:33.503] [warning] Couldn't find file 'trapezium_lvs.vtp'.
[2026-02-12 16:41:33.503] [warning] Couldn't find file 'metacarpal2_lvs.vtp'.
[2026-02-12 16:41:33.503] [warning] Couldn't find file 'index_proximal_lvs.vtp'.
[2026-02-12 16:41:33.503] [warning] Couldn't find file 'index_medial_lvs.vtp'.
[2026-02-12 16:41:33.503] [warning] Couldn't find file 'index_distal_lvs.vtp'.
[2026-02-12 16:41:33.503] [warning] Couldn't find file 'metacarpal3_lvs.vtp'.
[2026-02-12 16:41:33.503] [warning] Couldn't find file 'middle_proximal_lvs.vtp'.
[2026-02-12 16:41:33.503] [warning] Couldn't find file 'middle_medial_lvs.vtp'.
[2026-02-12 16:41:33.503] [warning] Couldn't find file 'middle_distal_lvs.vtp'.
[2026-02-12 16:41:33.503] [warning] Couldn't find file 'metacarpal4_lvs.vtp'.
[2026-02-12 16:41:33.503] [warning] Couldn't find file 'ring_proximal_lvs.vtp'.
[2026-02-12 16:41:33.503] [warning] Couldn't find file 'ring_medial_lvs.vtp'.
[2026-02-12 16:41:33.503] [warning] Couldn't find file 'ring_distal_lvs.vtp'.
[2026-02-12 16:41:33.504] [warning] Couldn't find file 'metacarpal5_lvs.vtp'.
[2026-02-12 16:41:33.504] [warning] Couldn't find file 'little_proximal_lvs.vtp'.
[2026-02-12 16:41:33.504] [warning] Couldn't find file 'little_medial_lvs.vtp'.
[2026-02-12 16:41:33.504] [warning] Couldn't find file 'little_distal_lvs.vtp'.
[2026-02-12 16:41:33.504] [warning] Couldn't find file 'metacarpal1_lvs.vtp'.
[2026-02-12 16:41:33.504] [warning] Couldn't find file 'thumb_proximal_lvs.vtp'.
[2026-02-12 16:41:33.504] [warning] Couldn't find file 'thumb_distal_lvs.vtp'.
[2026-02-12 16:41:33.528] [info] AbstractTool IK_sub2_v2_t2 loading model C:\Users\Israel Luis\Documents\GitHub\GoalOptimized\Database\sub2\model\model_rajagopal2022_sub2.osim
[2026-02-12 16:41:33.542] [info] Updating Model file from 40000 to latest format...
[2026-02-12 16:41:33.560] [info] Loaded model 2_scaled_rajagopal2022 from file C:\Users\Israel Luis\Documents\GitHub\GoalOptimized\Database\sub2\model\model_rajagopal2022_sub2.osim
[2026-02-12 16:41:33.560] [warning] Couldn't find file 'r_pelvis.vtp'.
[2026-02-12 16:41:33.560] [warning] Couldn't find file 'l_pelvis.vtp'.
[2026-02-12 16:41:33.560] [warning] Couldn't find file 'sacrum.vtp'.
[2026-02-12 16:41:33.560] [warning] Couldn't find file 'r_femur.vtp'.
[2026-02-12 16:41:33.560] [warning] Couldn't find file 'r_tibia.vtp'.
[2026-02-12 16:41:33.560] [warning] Couldn't find file 'r_fibula.vtp'.
[2026-02-12 16:41:33.561] [warning] Couldn't find file 'r_patella.vtp'.
[2026-02-12 16:41:33.561] [warning] Couldn't find file 'r_talus.vtp'.
[2026-02-12 16:41:33.561] [warning] Couldn't find file 'r_foot.vtp'.
[2026-02-12 16:41:33.561] [warning] Couldn't find file 'r_bofoot.vtp'.
[2026-02-12 16:41:33.561] [warning] Couldn't find file 'l_femur.vtp'.
[2026-02-12 16:41:33.561] [warning] Couldn't find file 'l_tibia.vtp'.
[2026-02-12 16:41:33.561] [warning] Couldn't find file 'l_fibula.vtp'.
[2026-02-12 16:41:33.561] [warning] Couldn't find file 'l_patella.vtp'.
[2026-02-12 16:41:33.561] [warning] Couldn't find file 'l_talus.vtp'.
[2026-02-12 16:41:33.561] [warning] Couldn't find file 'l_foot.vtp'.
[2026-02-12 16:41:33.561] [warning] Couldn't find file 'l_bofoot.vtp'.
[2026-02-12 16:41:33.561] [warning] Couldn't find file 'hat_spine.vtp'.
[2026-02-12 16:41:33.561] [warning] Couldn't find file 'hat_jaw.vtp'.
[2026-02-12 16:41:33.561] [warning] Couldn't find file 'hat_skull.vtp'.
[2026-02-12 16:41:33.561] [warning] Couldn't find file 'hat_ribs_scap.vtp'.
[2026-02-12 16:41:33.561] [warning] Couldn't find file 'humerus_rv.vtp'.
[2026-02-12 16:41:33.561] [warning] Couldn't find file 'ulna_rv.vtp'.
[2026-02-12 16:41:33.561] [warning] Couldn't find file 'radius_rv.vtp'.
[2026-02-12 16:41:33.561] [warning] Couldn't find file 'pisiform_rvs.vtp'.
[2026-02-12 16:41:33.561] [warning] Couldn't find file 'lunate_rvs.vtp'.
[2026-02-12 16:41:33.561] [warning] Couldn't find file 'scaphoid_rvs.vtp'.
[2026-02-12 16:41:33.561] [warning] Couldn't find file 'triquetrum_rvs.vtp'.
[2026-02-12 16:41:33.561] [warning] Couldn't find file 'hamate_rvs.vtp'.
[2026-02-12 16:41:33.561] [warning] Couldn't find file 'capitate_rvs.vtp'.
[2026-02-12 16:41:33.561] [warning] Couldn't find file 'trapezoid_rvs.vtp'.
[2026-02-12 16:41:33.562] [warning] Couldn't find file 'trapezium_rvs.vtp'.
[2026-02-12 16:41:33.562] [warning] Couldn't find file 'metacarpal2_rvs.vtp'.
[2026-02-12 16:41:33.562] [warning] Couldn't find file 'index_proximal_rvs.vtp'.
[2026-02-12 16:41:33.562] [warning] Couldn't find file 'index_medial_rvs.vtp'.
[2026-02-12 16:41:33.562] [warning] Couldn't find file 'index_distal_rvs.vtp'.
[2026-02-12 16:41:33.562] [warning] Couldn't find file 'metacarpal3_rvs.vtp'.
[2026-02-12 16:41:33.562] [warning] Couldn't find file 'middle_proximal_rvs.vtp'.
[2026-02-12 16:41:33.562] [warning] Couldn't find file 'middle_medial_rvs.vtp'.
[2026-02-12 16:41:33.562] [warning] Couldn't find file 'middle_distal_rvs.vtp'.
[2026-02-12 16:41:33.562] [warning] Couldn't find file 'metacarpal4_rvs.vtp'.
[2026-02-12 16:41:33.562] [warning] Couldn't find file 'ring_proximal_rvs.vtp'.
[2026-02-12 16:41:33.562] [warning] Couldn't find file 'ring_medial_rvs.vtp'.
[2026-02-12 16:41:33.562] [warning] Couldn't find file 'ring_distal_rvs.vtp'.
[2026-02-12 16:41:33.562] [warning] Couldn't find file 'metacarpal5_rvs.vtp'.
[2026-02-12 16:41:33.562] [warning] Couldn't find file 'little_proximal_rvs.vtp'.
[2026-02-12 16:41:33.562] [warning] Couldn't find file 'little_medial_rvs.vtp'.
[2026-02-12 16:41:33.562] [warning] Couldn't find file 'little_distal_rvs.vtp'.
[2026-02-12 16:41:33.562] [warning] Couldn't find file 'metacarpal1_rvs.vtp'.
[2026-02-12 16:41:33.562] [warning] Couldn't find file 'thumb_proximal_rvs.vtp'.
[2026-02-12 16:41:33.562] [warning] Couldn't find file 'thumb_distal_rvs.vtp'.
[2026-02-12 16:41:33.562] [warning] Couldn't find file 'humerus_lv.vtp'.
[2026-02-12 16:41:33.562] [warning] Couldn't find file 'ulna_lv.vtp'.
[2026-02-12 16:41:33.562] [warning] Couldn't find file 'radius_lv.vtp'.
[2026-02-12 16:41:33.562] [warning] Couldn't find file 'pisiform_lvs.vtp'.
[2026-02-12 16:41:33.562] [warning] Couldn't find file 'lunate_lvs.vtp'.
[2026-02-12 16:41:33.562] [warning] Couldn't find file 'scaphoid_lvs.vtp'.
[2026-02-12 16:41:33.562] [warning] Couldn't find file 'triquetrum_lvs.vtp'.
[2026-02-12 16:41:33.562] [warning] Couldn't find file 'hamate_lvs.vtp'.
[2026-02-12 16:41:33.562] [warning] Couldn't find file 'capitate_lvs.vtp'.
[2026-02-12 16:41:33.563] [warning] Couldn't find file 'trapezoid_lvs.vtp'.
[2026-02-12 16:41:33.563] [warning] Couldn't find file 'trapezium_lvs.vtp'.
[2026-02-12 16:41:33.563] [warning] Couldn't find file 'metacarpal2_lvs.vtp'.
[2026-02-12 16:41:33.563] [warning] Couldn't find file 'index_proximal_lvs.vtp'.
[2026-02-12 16:41:33.563] [warning] Couldn't find file 'index_medial_lvs.vtp'.
[2026-02-12 16:41:33.563] [warning] Couldn't find file 'index_distal_lvs.vtp'.
[2026-02-12 16:41:33.563] [warning] Couldn't find file 'metacarpal3_lvs.vtp'.
[2026-02-12 16:41:33.563] [warning] Couldn't find file 'middle_proximal_lvs.vtp'.
[2026-02-12 16:41:33.563] [warning] Couldn't find file 'middle_medial_lvs.vtp'.
[2026-02-12 16:41:33.563] [warning] Couldn't find file 'middle_distal_lvs.vtp'.
[2026-02-12 16:41:33.563] [warning] Couldn't find file 'metacarpal4_lvs.vtp'.
[2026-02-12 16:41:33.563] [warning] Couldn't find file 'ring_proximal_lvs.vtp'.
[2026-02-12 16:41:33.563] [warning] Couldn't find file 'ring_medial_lvs.vtp'.
[2026-02-12 16:41:33.563] [warning] Couldn't find file 'ring_distal_lvs.vtp'.
[2026-02-12 16:41:33.563] [warning] Couldn't find file 'metacarpal5_lvs.vtp'.
[2026-02-12 16:41:33.563] [warning] Couldn't find file 'little_proximal_lvs.vtp'.
[2026-02-12 16:41:33.563] [warning] Couldn't find file 'little_medial_lvs.vtp'.
[2026-02-12 16:41:33.563] [warning] Couldn't find file 'little_distal_lvs.vtp'.
[2026-02-12 16:41:33.563] [warning] Couldn't find file 'metacarpal1_lvs.vtp'.
[2026-02-12 16:41:33.563] [warning] Couldn't find file 'thumb_proximal_lvs.vtp'.
[2026-02-12 16:41:33.563] [warning] Couldn't find file 'thumb_distal_lvs.vtp'.
[2026-02-12 16:41:33.570] [info] No external loads will be applied (external loads file not specified).
[2026-02-12 16:41:33.581] [info] Loading coordinates from file 'C:\Users\Israel Luis\Documents\GitHub\GoalOptimized\Database\sub2\IK\IK_sub2_v2_t2.mot'.
[2026-02-12 16:41:33.581] [info] Storage: read data file = C:\Users\Israel Luis\Documents\GitHub\GoalOptimized\Database\sub2\IK\IK_sub2_v2_t2.mot (nr=117 nc=40)
[2026-02-12 16:41:34.117] [info] Found 117 state vectors with time stamps ranging from 0.21 to 1.37.
[2026-02-12 16:41:34.117] [info] Executing the analyses from 0.21 to 1.37...
[2026-02-12 16:41:38.377] [info] Printing results of investigation IK_sub2_v2_t2 to C:\Users\Israel Luis\Documents\GitHub\GoalOptimized\ProjectResults\DSE\sub2\v2_t2\Je\MuscleAnalysis
[2026-02-12 16:50:44.848] [info] Updating Model file from 40000 to latest format...
[2026-02-12 16:50:44.866] [info] Loaded model 2_scaled_rajagopal2022 from file C:\Users\Israel Luis\Documents\GitHub\GoalOptimized\Database\sub2\model\model_rajagopal2022_sub2.osim
[2026-02-12 16:50:44.867] [warning] Couldn't find file 'r_pelvis.vtp'.
[2026-02-12 16:50:44.867] [warning] Couldn't find file 'l_pelvis.vtp'.
[2026-02-12 16:50:44.867] [warning] Couldn't find file 'sacrum.vtp'.
[2026-02-12 16:50:44.867] [warning] Couldn't find file 'r_femur.vtp'.
[2026-02-12 16:50:44.867] [warning] Couldn't find file 'r_tibia.vtp'.
[2026-02-12 16:50:44.867] [warning] Couldn't find file 'r_fibula.vtp'.
[2026-02-12 16:50:44.867] [warning] Couldn't find file 'r_patella.vtp'.
[2026-02-12 16:50:44.867] [warning] Couldn't find file 'r_talus.vtp'.
[2026-02-12 16:50:44.867] [warning] Couldn't find file 'r_foot.vtp'.
[2026-02-12 16:50:44.867] [warning] Couldn't find file 'r_bofoot.vtp'.
[2026-02-12 16:50:44.867] [warning] Couldn't find file 'l_femur.vtp'.
[2026-02-12 16:50:44.867] [warning] Couldn't find file 'l_tibia.vtp'.
[2026-02-12 16:50:44.867] [warning] Couldn't find file 'l_fibula.vtp'.
[2026-02-12 16:50:44.867] [warning] Couldn't find file 'l_patella.vtp'.
[2026-02-12 16:50:44.867] [warning] Couldn't find file 'l_talus.vtp'.
[2026-02-12 16:50:44.867] [warning] Couldn't find file 'l_foot.vtp'.
[2026-02-12 16:50:44.867] [warning] Couldn't find file 'l_bofoot.vtp'.
[2026-02-12 16:50:44.867] [warning] Couldn't find file 'hat_spine.vtp'.
[2026-02-12 16:50:44.867] [warning] Couldn't find file 'hat_jaw.vtp'.
[2026-02-12 16:50:44.867] [warning] Couldn't find file 'hat_skull.vtp'.
[2026-02-12 16:50:44.867] [warning] Couldn't find file 'hat_ribs_scap.vtp'.
[2026-02-12 16:50:44.867] [warning] Couldn't find file 'humerus_rv.vtp'.
[2026-02-12 16:50:44.867] [warning] Couldn't find file 'ulna_rv.vtp'.
[2026-02-12 16:50:44.867] [warning] Couldn't find file 'radius_rv.vtp'.
[2026-02-12 16:50:44.867] [warning] Couldn't find file 'pisiform_rvs.vtp'.
[2026-02-12 16:50:44.867] [warning] Couldn't find file 'lunate_rvs.vtp'.
[2026-02-12 16:50:44.867] [warning] Couldn't find file 'scaphoid_rvs.vtp'.
[2026-02-12 16:50:44.868] [warning] Couldn't find file 'triquetrum_rvs.vtp'.
[2026-02-12 16:50:44.868] [warning] Couldn't find file 'hamate_rvs.vtp'.
[2026-02-12 16:50:44.868] [warning] Couldn't find file 'capitate_rvs.vtp'.
[2026-02-12 16:50:44.868] [warning] Couldn't find file 'trapezoid_rvs.vtp'.
[2026-02-12 16:50:44.868] [warning] Couldn't find file 'trapezium_rvs.vtp'.
[2026-02-12 16:50:44.868] [warning] Couldn't find file 'metacarpal2_rvs.vtp'.
[2026-02-12 16:50:44.868] [warning] Couldn't find file 'index_proximal_rvs.vtp'.
[2026-02-12 16:50:44.868] [warning] Couldn't find file 'index_medial_rvs.vtp'.
[2026-02-12 16:50:44.868] [warning] Couldn't find file 'index_distal_rvs.vtp'.
[2026-02-12 16:50:44.868] [warning] Couldn't find file 'metacarpal3_rvs.vtp'.
[2026-02-12 16:50:44.868] [warning] Couldn't find file 'middle_proximal_rvs.vtp'.
[2026-02-12 16:50:44.868] [warning] Couldn't find file 'middle_medial_rvs.vtp'.
[2026-02-12 16:50:44.868] [warning] Couldn't find file 'middle_distal_rvs.vtp'.
[2026-02-12 16:50:44.868] [warning] Couldn't find file 'metacarpal4_rvs.vtp'.
[2026-02-12 16:50:44.868] [warning] Couldn't find file 'ring_proximal_rvs.vtp'.
[2026-02-12 16:50:44.868] [warning] Couldn't find file 'ring_medial_rvs.vtp'.
[2026-02-12 16:50:44.868] [warning] Couldn't find file 'ring_distal_rvs.vtp'.
[2026-02-12 16:50:44.868] [warning] Couldn't find file 'metacarpal5_rvs.vtp'.
[2026-02-12 16:50:44.868] [warning] Couldn't find file 'little_proximal_rvs.vtp'.
[2026-02-12 16:50:44.868] [warning] Couldn't find file 'little_medial_rvs.vtp'.
[2026-02-12 16:50:44.868] [warning] Couldn't find file 'little_distal_rvs.vtp'.
[2026-02-12 16:50:44.868] [warning] Couldn't find file 'metacarpal1_rvs.vtp'.
[2026-02-12 16:50:44.868] [warning] Couldn't find file 'thumb_proximal_rvs.vtp'.
[2026-02-12 16:50:44.868] [warning] Couldn't find file 'thumb_distal_rvs.vtp'.
[2026-02-12 16:50:44.868] [warning] Couldn't find file 'humerus_lv.vtp'.
[2026-02-12 16:50:44.868] [warning] Couldn't find file 'ulna_lv.vtp'.
[2026-02-12 16:50:44.868] [warning] Couldn't find file 'radius_lv.vtp'.
[2026-02-12 16:50:44.868] [warning] Couldn't find file 'pisiform_lvs.vtp'.
[2026-02-12 16:50:44.869] [warning] Couldn't find file 'lunate_lvs.vtp'.
[2026-02-12 16:50:44.869] [warning] Couldn't find file 'scaphoid_lvs.vtp'.
[2026-02-12 16:50:44.869] [warning] Couldn't find file 'triquetrum_lvs.vtp'.
[2026-02-12 16:50:44.869] [warning] Couldn't find file 'hamate_lvs.vtp'.
[2026-02-12 16:50:44.869] [warning] Couldn't find file 'capitate_lvs.vtp'.
[2026-02-12 16:50:44.869] [warning] Couldn't find file 'trapezoid_lvs.vtp'.
[2026-02-12 16:50:44.869] [warning] Couldn't find file 'trapezium_lvs.vtp'.
[2026-02-12 16:50:44.869] [warning] Couldn't find file 'metacarpal2_lvs.vtp'.
[2026-02-12 16:50:44.869] [warning] Couldn't find file 'index_proximal_lvs.vtp'.
[2026-02-12 16:50:44.869] [warning] Couldn't find file 'index_medial_lvs.vtp'.
[2026-02-12 16:50:44.869] [warning] Couldn't find file 'index_distal_lvs.vtp'.
[2026-02-12 16:50:44.869] [warning] Couldn't find file 'metacarpal3_lvs.vtp'.
[2026-02-12 16:50:44.869] [warning] Couldn't find file 'middle_proximal_lvs.vtp'.
[2026-02-12 16:50:44.869] [warning] Couldn't find file 'middle_medial_lvs.vtp'.
[2026-02-12 16:50:44.869] [warning] Couldn't find file 'middle_distal_lvs.vtp'.
[2026-02-12 16:50:44.869] [warning] Couldn't find file 'metacarpal4_lvs.vtp'.
[2026-02-12 16:50:44.869] [warning] Couldn't find file 'ring_proximal_lvs.vtp'.
[2026-02-12 16:50:44.869] [warning] Couldn't find file 'ring_medial_lvs.vtp'.
[2026-02-12 16:50:44.869] [warning] Couldn't find file 'ring_distal_lvs.vtp'.
[2026-02-12 16:50:44.869] [warning] Couldn't find file 'metacarpal5_lvs.vtp'.
[2026-02-12 16:50:44.869] [warning] Couldn't find file 'little_proximal_lvs.vtp'.
[2026-02-12 16:50:44.869] [warning] Couldn't find file 'little_medial_lvs.vtp'.
[2026-02-12 16:50:44.869] [warning] Couldn't find file 'little_distal_lvs.vtp'.
[2026-02-12 16:50:44.869] [warning] Couldn't find file 'metacarpal1_lvs.vtp'.
[2026-02-12 16:50:44.869] [warning] Couldn't find file 'thumb_proximal_lvs.vtp'.
[2026-02-12 16:50:44.869] [warning] Couldn't find file 'thumb_distal_lvs.vtp'.
[2026-02-12 16:50:44.874] [info] AbstractTool IK_sub2_v2_t2 loading model C:\Users\Israel Luis\Documents\GitHub\GoalOptimized\Database\sub2\model\model_rajagopal2022_sub2.osim
[2026-02-12 16:50:44.888] [info] Updating Model file from 40000 to latest format...
[2026-02-12 16:50:44.905] [info] Loaded model 2_scaled_rajagopal2022 from file C:\Users\Israel Luis\Documents\GitHub\GoalOptimized\Database\sub2\model\model_rajagopal2022_sub2.osim
[2026-02-12 16:50:44.905] [warning] Couldn't find file 'r_pelvis.vtp'.
[2026-02-12 16:50:44.905] [warning] Couldn't find file 'l_pelvis.vtp'.
[2026-02-12 16:50:44.906] [warning] Couldn't find file 'sacrum.vtp'.
[2026-02-12 16:50:44.906] [warning] Couldn't find file 'r_femur.vtp'.
[2026-02-12 16:50:44.906] [warning] Couldn't find file 'r_tibia.vtp'.
[2026-02-12 16:50:44.906] [warning] Couldn't find file 'r_fibula.vtp'.
[2026-02-12 16:50:44.906] [warning] Couldn't find file 'r_patella.vtp'.
[2026-02-12 16:50:44.906] [warning] Couldn't find file 'r_talus.vtp'.
[2026-02-12 16:50:44.906] [warning] Couldn't find file 'r_foot.vtp'.
[2026-02-12 16:50:44.906] [warning] Couldn't find file 'r_bofoot.vtp'.
[2026-02-12 16:50:44.906] [warning] Couldn't find file 'l_femur.vtp'.
[2026-02-12 16:50:44.906] [warning] Couldn't find file 'l_tibia.vtp'.
[2026-02-12 16:50:44.906] [warning] Couldn't find file 'l_fibula.vtp'.
[2026-02-12 16:50:44.906] [warning] Couldn't find file 'l_patella.vtp'.
[2026-02-12 16:50:44.906] [warning] Couldn't find file 'l_talus.vtp'.
[2026-02-12 16:50:44.906] [warning] Couldn't find file 'l_foot.vtp'.
[2026-02-12 16:50:44.906] [warning] Couldn't find file 'l_bofoot.vtp'.
[2026-02-12 16:50:44.906] [warning] Couldn't find file 'hat_spine.vtp'.
[2026-02-12 16:50:44.906] [warning] Couldn't find file 'hat_jaw.vtp'.
[2026-02-12 16:50:44.906] [warning] Couldn't find file 'hat_skull.vtp'.
[2026-02-12 16:50:44.906] [warning] Couldn't find file 'hat_ribs_scap.vtp'.
[2026-02-12 16:50:44.906] [warning] Couldn't find file 'humerus_rv.vtp'.
[2026-02-12 16:50:44.906] [warning] Couldn't find file 'ulna_rv.vtp'.
[2026-02-12 16:50:44.906] [warning] Couldn't find file 'radius_rv.vtp'.
[2026-02-12 16:50:44.906] [warning] Couldn't find file 'pisiform_rvs.vtp'.
[2026-02-12 16:50:44.906] [warning] Couldn't find file 'lunate_rvs.vtp'.
[2026-02-12 16:50:44.906] [warning] Couldn't find file 'scaphoid_rvs.vtp'.
[2026-02-12 16:50:44.906] [warning] Couldn't find file 'triquetrum_rvs.vtp'.
[2026-02-12 16:50:44.906] [warning] Couldn't find file 'hamate_rvs.vtp'.
[2026-02-12 16:50:44.906] [warning] Couldn't find file 'capitate_rvs.vtp'.
[2026-02-12 16:50:44.907] [warning] Couldn't find file 'trapezoid_rvs.vtp'.
[2026-02-12 16:50:44.907] [warning] Couldn't find file 'trapezium_rvs.vtp'.
[2026-02-12 16:50:44.907] [warning] Couldn't find file 'metacarpal2_rvs.vtp'.
[2026-02-12 16:50:44.907] [warning] Couldn't find file 'index_proximal_rvs.vtp'.
[2026-02-12 16:50:44.907] [warning] Couldn't find file 'index_medial_rvs.vtp'.
[2026-02-12 16:50:44.907] [warning] Couldn't find file 'index_distal_rvs.vtp'.
[2026-02-12 16:50:44.907] [warning] Couldn't find file 'metacarpal3_rvs.vtp'.
[2026-02-12 16:50:44.907] [warning] Couldn't find file 'middle_proximal_rvs.vtp'.
[2026-02-12 16:50:44.907] [warning] Couldn't find file 'middle_medial_rvs.vtp'.
[2026-02-12 16:50:44.907] [warning] Couldn't find file 'middle_distal_rvs.vtp'.
[2026-02-12 16:50:44.907] [warning] Couldn't find file 'metacarpal4_rvs.vtp'.
[2026-02-12 16:50:44.907] [warning] Couldn't find file 'ring_proximal_rvs.vtp'.
[2026-02-12 16:50:44.907] [warning] Couldn't find file 'ring_medial_rvs.vtp'.
[2026-02-12 16:50:44.907] [warning] Couldn't find file 'ring_distal_rvs.vtp'.
[2026-02-12 16:50:44.907] [warning] Couldn't find file 'metacarpal5_rvs.vtp'.
[2026-02-12 16:50:44.907] [warning] Couldn't find file 'little_proximal_rvs.vtp'.
[2026-02-12 16:50:44.907] [warning] Couldn't find file 'little_medial_rvs.vtp'.
[2026-02-12 16:50:44.907] [warning] Couldn't find file 'little_distal_rvs.vtp'.
[2026-02-12 16:50:44.907] [warning] Couldn't find file 'metacarpal1_rvs.vtp'.
[2026-02-12 16:50:44.907] [warning] Couldn't find file 'thumb_proximal_rvs.vtp'.
[2026-02-12 16:50:44.907] [warning] Couldn't find file 'thumb_distal_rvs.vtp'.
[2026-02-12 16:50:44.907] [warning] Couldn't find file 'humerus_lv.vtp'.
[2026-02-12 16:50:44.907] [warning] Couldn't find file 'ulna_lv.vtp'.
[2026-02-12 16:50:44.907] [warning] Couldn't find file 'radius_lv.vtp'.
[2026-02-12 16:50:44.907] [warning] Couldn't find file 'pisiform_lvs.vtp'.
[2026-02-12 16:50:44.907] [warning] Couldn't find file 'lunate_lvs.vtp'.
[2026-02-12 16:50:44.907] [warning] Couldn't find file 'scaphoid_lvs.vtp'.
[2026-02-12 16:50:44.907] [warning] Couldn't find file 'triquetrum_lvs.vtp'.
[2026-02-12 16:50:44.907] [warning] Couldn't find file 'hamate_lvs.vtp'.
[2026-02-12 16:50:44.907] [warning] Couldn't find file 'capitate_lvs.vtp'.
[2026-02-12 16:50:44.908] [warning] Couldn't find file 'trapezoid_lvs.vtp'.
[2026-02-12 16:50:44.908] [warning] Couldn't find file 'trapezium_lvs.vtp'.
[2026-02-12 16:50:44.908] [warning] Couldn't find file 'metacarpal2_lvs.vtp'.
[2026-02-12 16:50:44.908] [warning] Couldn't find file 'index_proximal_lvs.vtp'.
[2026-02-12 16:50:44.908] [warning] Couldn't find file 'index_medial_lvs.vtp'.
[2026-02-12 16:50:44.908] [warning] Couldn't find file 'index_distal_lvs.vtp'.
[2026-02-12 16:50:44.908] [warning] Couldn't find file 'metacarpal3_lvs.vtp'.
[2026-02-12 16:50:44.908] [warning] Couldn't find file 'middle_proximal_lvs.vtp'.
[2026-02-12 16:50:44.908] [warning] Couldn't find file 'middle_medial_lvs.vtp'.
[2026-02-12 16:50:44.908] [warning] Couldn't find file 'middle_distal_lvs.vtp'.
[2026-02-12 16:50:44.908] [warning] Couldn't find file 'metacarpal4_lvs.vtp'.
[2026-02-12 16:50:44.908] [warning] Couldn't find file 'ring_proximal_lvs.vtp'.
[2026-02-12 16:50:44.908] [warning] Couldn't find file 'ring_medial_lvs.vtp'.
[2026-02-12 16:50:44.908] [warning] Couldn't find file 'ring_distal_lvs.vtp'.
[2026-02-12 16:50:44.908] [warning] Couldn't find file 'metacarpal5_lvs.vtp'.
[2026-02-12 16:50:44.908] [warning] Couldn't find file 'little_proximal_lvs.vtp'.
[2026-02-12 16:50:44.908] [warning] Couldn't find file 'little_medial_lvs.vtp'.
[2026-02-12 16:50:44.908] [warning] Couldn't find file 'little_distal_lvs.vtp'.
[2026-02-12 16:50:44.908] [warning] Couldn't find file 'metacarpal1_lvs.vtp'.
[2026-02-12 16:50:44.908] [warning] Couldn't find file 'thumb_proximal_lvs.vtp'.
[2026-02-12 16:50:44.908] [warning] Couldn't find file 'thumb_distal_lvs.vtp'.
[2026-02-12 16:50:44.913] [info] No external loads will be applied (external loads file not specified).
[2026-02-12 16:50:44.924] [info] Loading coordinates from file 'C:\Users\Israel Luis\Documents\GitHub\GoalOptimized\Database\sub2\IK\IK_sub2_v2_t2.mot'.
[2026-02-12 16:50:44.924] [info] Storage: read data file = C:\Users\Israel Luis\Documents\GitHub\GoalOptimized\Database\sub2\IK\IK_sub2_v2_t2.mot (nr=117 nc=40)
[2026-02-12 16:50:45.476] [info] Found 117 state vectors with time stamps ranging from 0.21 to 1.37.
[2026-02-12 16:50:45.476] [info] Executing the analyses from 0.21 to 1.37...
[2026-02-12 16:50:49.714] [info] Printing results of investigation IK_sub2_v2_t2 to C:\Users\Israel Luis\Documents\GitHub\GoalOptimized\ProjectResults\DSE\sub2\v2_t2\Je\MuscleAnalysis
[2026-02-12 17:05:29.583] [info] Updating Model file from 40000 to latest format...
[2026-02-12 17:05:29.600] [info] Loaded model 2_scaled_rajagopal2022 from file C:\Users\Israel Luis\Documents\GitHub\GoalOptimized\Database\sub2\model\model_rajagopal2022_sub2.osim
[2026-02-12 17:05:29.600] [warning] Couldn't find file 'r_pelvis.vtp'.
[2026-02-12 17:05:29.600] [warning] Couldn't find file 'l_pelvis.vtp'.
[2026-02-12 17:05:29.601] [warning] Couldn't find file 'sacrum.vtp'.
[2026-02-12 17:05:29.601] [warning] Couldn't find file 'r_femur.vtp'.
[2026-02-12 17:05:29.601] [warning] Couldn't find file 'r_tibia.vtp'.
[2026-02-12 17:05:29.601] [warning] Couldn't find file 'r_fibula.vtp'.
[2026-02-12 17:05:29.601] [warning] Couldn't find file 'r_patella.vtp'.
[2026-02-12 17:05:29.601] [warning] Couldn't find file 'r_talus.vtp'.
[2026-02-12 17:05:29.601] [warning] Couldn't find file 'r_foot.vtp'.
[2026-02-12 17:05:29.601] [warning] Couldn't find file 'r_bofoot.vtp'.
[2026-02-12 17:05:29.601] [warning] Couldn't find file 'l_femur.vtp'.
[2026-02-12 17:05:29.601] [warning] Couldn't find file 'l_tibia.vtp'.
[2026-02-12 17:05:29.601] [warning] Couldn't find file 'l_fibula.vtp'.
[2026-02-12 17:05:29.601] [warning] Couldn't find file 'l_patella.vtp'.
[2026-02-12 17:05:29.601] [warning] Couldn't find file 'l_talus.vtp'.
[2026-02-12 17:05:29.601] [warning] Couldn't find file 'l_foot.vtp'.
[2026-02-12 17:05:29.601] [warning] Couldn't find file 'l_bofoot.vtp'.
[2026-02-12 17:05:29.601] [warning] Couldn't find file 'hat_spine.vtp'.
[2026-02-12 17:05:29.601] [warning] Couldn't find file 'hat_jaw.vtp'.
[2026-02-12 17:05:29.601] [warning] Couldn't find file 'hat_skull.vtp'.
[2026-02-12 17:05:29.601] [warning] Couldn't find file 'hat_ribs_scap.vtp'.
[2026-02-12 17:05:29.601] [warning] Couldn't find file 'humerus_rv.vtp'.
[2026-02-12 17:05:29.601] [warning] Couldn't find file 'ulna_rv.vtp'.
[2026-02-12 17:05:29.601] [warning] Couldn't find file 'radius_rv.vtp'.
[2026-02-12 17:05:29.601] [warning] Couldn't find file 'pisiform_rvs.vtp'.
[2026-02-12 17:05:29.601] [warning] Couldn't find file 'lunate_rvs.vtp'.
[2026-02-12 17:05:29.601] [warning] Couldn't find file 'scaphoid_rvs.vtp'.
[2026-02-12 17:05:29.601] [warning] Couldn't find file 'triquetrum_rvs.vtp'.
[2026-02-12 17:05:29.602] [warning] Couldn't find file 'hamate_rvs.vtp'.
[2026-02-12 17:05:29.602] [warning] Couldn't find file 'capitate_rvs.vtp'.
[2026-02-12 17:05:29.602] [warning] Couldn't find file 'trapezoid_rvs.vtp'.
[2026-02-12 17:05:29.602] [warning] Couldn't find file 'trapezium_rvs.vtp'.
[2026-02-12 17:05:29.602] [warning] Couldn't find file 'metacarpal2_rvs.vtp'.
[2026-02-12 17:05:29.602] [warning] Couldn't find file 'index_proximal_rvs.vtp'.
[2026-02-12 17:05:29.602] [warning] Couldn't find file 'index_medial_rvs.vtp'.
[2026-02-12 17:05:29.602] [warning] Couldn't find file 'index_distal_rvs.vtp'.
[2026-02-12 17:05:29.602] [warning] Couldn't find file 'metacarpal3_rvs.vtp'.
[2026-02-12 17:05:29.602] [warning] Couldn't find file 'middle_proximal_rvs.vtp'.
[2026-02-12 17:05:29.602] [warning] Couldn't find file 'middle_medial_rvs.vtp'.
[2026-02-12 17:05:29.602] [warning] Couldn't find file 'middle_distal_rvs.vtp'.
[2026-02-12 17:05:29.602] [warning] Couldn't find file 'metacarpal4_rvs.vtp'.
[2026-02-12 17:05:29.602] [warning] Couldn't find file 'ring_proximal_rvs.vtp'.
[2026-02-12 17:05:29.602] [warning] Couldn't find file 'ring_medial_rvs.vtp'.
[2026-02-12 17:05:29.602] [warning] Couldn't find file 'ring_distal_rvs.vtp'.
[2026-02-12 17:05:29.602] [warning] Couldn't find file 'metacarpal5_rvs.vtp'.
[2026-02-12 17:05:29.602] [warning] Couldn't find file 'little_proximal_rvs.vtp'.
[2026-02-12 17:05:29.602] [warning] Couldn't find file 'little_medial_rvs.vtp'.
[2026-02-12 17:05:29.602] [warning] Couldn't find file 'little_distal_rvs.vtp'.
[2026-02-12 17:05:29.602] [warning] Couldn't find file 'metacarpal1_rvs.vtp'.
[2026-02-12 17:05:29.602] [warning] Couldn't find file 'thumb_proximal_rvs.vtp'.
[2026-02-12 17:05:29.602] [warning] Couldn't find file 'thumb_distal_rvs.vtp'.
[2026-02-12 17:05:29.602] [warning] Couldn't find file 'humerus_lv.vtp'.
[2026-02-12 17:05:29.602] [warning] Couldn't find file 'ulna_lv.vtp'.
[2026-02-12 17:05:29.602] [warning] Couldn't find file 'radius_lv.vtp'.
[2026-02-12 17:05:29.602] [warning] Couldn't find file 'pisiform_lvs.vtp'.
[2026-02-12 17:05:29.602] [warning] Couldn't find file 'lunate_lvs.vtp'.
[2026-02-12 17:05:29.603] [warning] Couldn't find file 'scaphoid_lvs.vtp'.
[2026-02-12 17:05:29.603] [warning] Couldn't find file 'triquetrum_lvs.vtp'.
[2026-02-12 17:05:29.603] [warning] Couldn't find file 'hamate_lvs.vtp'.
[2026-02-12 17:05:29.603] [warning] Couldn't find file 'capitate_lvs.vtp'.
[2026-02-12 17:05:29.603] [warning] Couldn't find file 'trapezoid_lvs.vtp'.
[2026-02-12 17:05:29.603] [warning] Couldn't find file 'trapezium_lvs.vtp'.
[2026-02-12 17:05:29.603] [warning] Couldn't find file 'metacarpal2_lvs.vtp'.
[2026-02-12 17:05:29.603] [warning] Couldn't find file 'index_proximal_lvs.vtp'.
[2026-02-12 17:05:29.603] [warning] Couldn't find file 'index_medial_lvs.vtp'.
[2026-02-12 17:05:29.603] [warning] Couldn't find file 'index_distal_lvs.vtp'.
[2026-02-12 17:05:29.603] [warning] Couldn't find file 'metacarpal3_lvs.vtp'.
[2026-02-12 17:05:29.603] [warning] Couldn't find file 'middle_proximal_lvs.vtp'.
[2026-02-12 17:05:29.603] [warning] Couldn't find file 'middle_medial_lvs.vtp'.
[2026-02-12 17:05:29.603] [warning] Couldn't find file 'middle_distal_lvs.vtp'.
[2026-02-12 17:05:29.603] [warning] Couldn't find file 'metacarpal4_lvs.vtp'.
[2026-02-12 17:05:29.603] [warning] Couldn't find file 'ring_proximal_lvs.vtp'.
[2026-02-12 17:05:29.603] [warning] Couldn't find file 'ring_medial_lvs.vtp'.
[2026-02-12 17:05:29.603] [warning] Couldn't find file 'ring_distal_lvs.vtp'.
[2026-02-12 17:05:29.603] [warning] Couldn't find file 'metacarpal5_lvs.vtp'.
[2026-02-12 17:05:29.603] [warning] Couldn't find file 'little_proximal_lvs.vtp'.
[2026-02-12 17:05:29.603] [warning] Couldn't find file 'little_medial_lvs.vtp'.
[2026-02-12 17:05:29.603] [warning] Couldn't find file 'little_distal_lvs.vtp'.
[2026-02-12 17:05:29.603] [warning] Couldn't find file 'metacarpal1_lvs.vtp'.
[2026-02-12 17:05:29.603] [warning] Couldn't find file 'thumb_proximal_lvs.vtp'.
[2026-02-12 17:05:29.603] [warning] Couldn't find file 'thumb_distal_lvs.vtp'.
[2026-02-12 17:05:29.616] [info] AbstractTool IK_sub2_v2_t3 loading model C:\Users\Israel Luis\Documents\GitHub\GoalOptimized\Database\sub2\model\model_rajagopal2022_sub2.osim
[2026-02-12 17:05:29.630] [info] Updating Model file from 40000 to latest format...
[2026-02-12 17:05:29.647] [info] Loaded model 2_scaled_rajagopal2022 from file C:\Users\Israel Luis\Documents\GitHub\GoalOptimized\Database\sub2\model\model_rajagopal2022_sub2.osim
[2026-02-12 17:05:29.647] [warning] Couldn't find file 'r_pelvis.vtp'.
[2026-02-12 17:05:29.648] [warning] Couldn't find file 'l_pelvis.vtp'.
[2026-02-12 17:05:29.648] [warning] Couldn't find file 'sacrum.vtp'.
[2026-02-12 17:05:29.648] [warning] Couldn't find file 'r_femur.vtp'.
[2026-02-12 17:05:29.648] [warning] Couldn't find file 'r_tibia.vtp'.
[2026-02-12 17:05:29.648] [warning] Couldn't find file 'r_fibula.vtp'.
[2026-02-12 17:05:29.648] [warning] Couldn't find file 'r_patella.vtp'.
[2026-02-12 17:05:29.648] [warning] Couldn't find file 'r_talus.vtp'.
[2026-02-12 17:05:29.648] [warning] Couldn't find file 'r_foot.vtp'.
[2026-02-12 17:05:29.648] [warning] Couldn't find file 'r_bofoot.vtp'.
[2026-02-12 17:05:29.648] [warning] Couldn't find file 'l_femur.vtp'.
[2026-02-12 17:05:29.648] [warning] Couldn't find file 'l_tibia.vtp'.
[2026-02-12 17:05:29.648] [warning] Couldn't find file 'l_fibula.vtp'.
[2026-02-12 17:05:29.648] [warning] Couldn't find file 'l_patella.vtp'.
[2026-02-12 17:05:29.648] [warning] Couldn't find file 'l_talus.vtp'.
[2026-02-12 17:05:29.648] [warning] Couldn't find file 'l_foot.vtp'.
[2026-02-12 17:05:29.648] [warning] Couldn't find file 'l_bofoot.vtp'.
[2026-02-12 17:05:29.648] [warning] Couldn't find file 'hat_spine.vtp'.
[2026-02-12 17:05:29.648] [warning] Couldn't find file 'hat_jaw.vtp'.
[2026-02-12 17:05:29.648] [warning] Couldn't find file 'hat_skull.vtp'.
[2026-02-12 17:05:29.648] [warning] Couldn't find file 'hat_ribs_scap.vtp'.
[2026-02-12 17:05:29.648] [warning] Couldn't find file 'humerus_rv.vtp'.
[2026-02-12 17:05:29.648] [warning] Couldn't find file 'ulna_rv.vtp'.
[2026-02-12 17:05:29.648] [warning] Couldn't find file 'radius_rv.vtp'.
[2026-02-12 17:05:29.648] [warning] Couldn't find file 'pisiform_rvs.vtp'.
[2026-02-12 17:05:29.648] [warning] Couldn't find file 'lunate_rvs.vtp'.
[2026-02-12 17:05:29.648] [warning] Couldn't find file 'scaphoid_rvs.vtp'.
[2026-02-12 17:05:29.649] [warning] Couldn't find file 'triquetrum_rvs.vtp'.
[2026-02-12 17:05:29.649] [warning] Couldn't find file 'hamate_rvs.vtp'.
[2026-02-12 17:05:29.649] [warning] Couldn't find file 'capitate_rvs.vtp'.
[2026-02-12 17:05:29.649] [warning] Couldn't find file 'trapezoid_rvs.vtp'.
[2026-02-12 17:05:29.649] [warning] Couldn't find file 'trapezium_rvs.vtp'.
[2026-02-12 17:05:29.649] [warning] Couldn't find file 'metacarpal2_rvs.vtp'.
[2026-02-12 17:05:29.649] [warning] Couldn't find file 'index_proximal_rvs.vtp'.
[2026-02-12 17:05:29.649] [warning] Couldn't find file 'index_medial_rvs.vtp'.
[2026-02-12 17:05:29.649] [warning] Couldn't find file 'index_distal_rvs.vtp'.
[2026-02-12 17:05:29.649] [warning] Couldn't find file 'metacarpal3_rvs.vtp'.
[2026-02-12 17:05:29.649] [warning] Couldn't find file 'middle_proximal_rvs.vtp'.
[2026-02-12 17:05:29.649] [warning] Couldn't find file 'middle_medial_rvs.vtp'.
[2026-02-12 17:05:29.649] [warning] Couldn't find file 'middle_distal_rvs.vtp'.
[2026-02-12 17:05:29.649] [warning] Couldn't find file 'metacarpal4_rvs.vtp'.
[2026-02-12 17:05:29.649] [warning] Couldn't find file 'ring_proximal_rvs.vtp'.
[2026-02-12 17:05:29.649] [warning] Couldn't find file 'ring_medial_rvs.vtp'.
[2026-02-12 17:05:29.649] [warning] Couldn't find file 'ring_distal_rvs.vtp'.
[2026-02-12 17:05:29.649] [warning] Couldn't find file 'metacarpal5_rvs.vtp'.
[2026-02-12 17:05:29.649] [warning] Couldn't find file 'little_proximal_rvs.vtp'.
[2026-02-12 17:05:29.649] [warning] Couldn't find file 'little_medial_rvs.vtp'.
[2026-02-12 17:05:29.649] [warning] Couldn't find file 'little_distal_rvs.vtp'.
[2026-02-12 17:05:29.649] [warning] Couldn't find file 'metacarpal1_rvs.vtp'.
[2026-02-12 17:05:29.649] [warning] Couldn't find file 'thumb_proximal_rvs.vtp'.
[2026-02-12 17:05:29.649] [warning] Couldn't find file 'thumb_distal_rvs.vtp'.
[2026-02-12 17:05:29.649] [warning] Couldn't find file 'humerus_lv.vtp'.
[2026-02-12 17:05:29.649] [warning] Couldn't find file 'ulna_lv.vtp'.
[2026-02-12 17:05:29.649] [warning] Couldn't find file 'radius_lv.vtp'.
[2026-02-12 17:05:29.649] [warning] Couldn't find file 'pisiform_lvs.vtp'.
[2026-02-12 17:05:29.650] [warning] Couldn't find file 'lunate_lvs.vtp'.
[2026-02-12 17:05:29.650] [warning] Couldn't find file 'scaphoid_lvs.vtp'.
[2026-02-12 17:05:29.650] [warning] Couldn't find file 'triquetrum_lvs.vtp'.
[2026-02-12 17:05:29.650] [warning] Couldn't find file 'hamate_lvs.vtp'.
[2026-02-12 17:05:29.650] [warning] Couldn't find file 'capitate_lvs.vtp'.
[2026-02-12 17:05:29.650] [warning] Couldn't find file 'trapezoid_lvs.vtp'.
[2026-02-12 17:05:29.650] [warning] Couldn't find file 'trapezium_lvs.vtp'.
[2026-02-12 17:05:29.650] [warning] Couldn't find file 'metacarpal2_lvs.vtp'.
[2026-02-12 17:05:29.650] [warning] Couldn't find file 'index_proximal_lvs.vtp'.
[2026-02-12 17:05:29.650] [warning] Couldn't find file 'index_medial_lvs.vtp'.
[2026-02-12 17:05:29.650] [warning] Couldn't find file 'index_distal_lvs.vtp'.
[2026-02-12 17:05:29.650] [warning] Couldn't find file 'metacarpal3_lvs.vtp'.
[2026-02-12 17:05:29.650] [warning] Couldn't find file 'middle_proximal_lvs.vtp'.
[2026-02-12 17:05:29.650] [warning] Couldn't find file 'middle_medial_lvs.vtp'.
[2026-02-12 17:05:29.650] [warning] Couldn't find file 'middle_distal_lvs.vtp'.
[2026-02-12 17:05:29.650] [warning] Couldn't find file 'metacarpal4_lvs.vtp'.
[2026-02-12 17:05:29.650] [warning] Couldn't find file 'ring_proximal_lvs.vtp'.
[2026-02-12 17:05:29.650] [warning] Couldn't find file 'ring_medial_lvs.vtp'.
[2026-02-12 17:05:29.650] [warning] Couldn't find file 'ring_distal_lvs.vtp'.
[2026-02-12 17:05:29.650] [warning] Couldn't find file 'metacarpal5_lvs.vtp'.
[2026-02-12 17:05:29.650] [warning] Couldn't find file 'little_proximal_lvs.vtp'.
[2026-02-12 17:05:29.650] [warning] Couldn't find file 'little_medial_lvs.vtp'.
[2026-02-12 17:05:29.650] [warning] Couldn't find file 'little_distal_lvs.vtp'.
[2026-02-12 17:05:29.650] [warning] Couldn't find file 'metacarpal1_lvs.vtp'.
[2026-02-12 17:05:29.650] [warning] Couldn't find file 'thumb_proximal_lvs.vtp'.
[2026-02-12 17:05:29.650] [warning] Couldn't find file 'thumb_distal_lvs.vtp'.
[2026-02-12 17:05:29.655] [info] No external loads will be applied (external loads file not specified).
[2026-02-12 17:05:29.667] [info] Loading coordinates from file 'C:\Users\Israel Luis\Documents\GitHub\GoalOptimized\Database\sub2\IK\IK_sub2_v2_t3.mot'.
[2026-02-12 17:05:29.667] [info] Storage: read data file = C:\Users\Israel Luis\Documents\GitHub\GoalOptimized\Database\sub2\IK\IK_sub2_v2_t3.mot (nr=116 nc=40)
[2026-02-12 17:05:30.233] [info] Found 116 state vectors with time stamps ranging from 1.27 to 2.42.
[2026-02-12 17:05:30.233] [info] Executing the analyses from 1.27 to 2.42...
[2026-02-12 17:05:34.466] [info] Printing results of investigation IK_sub2_v2_t3 to C:\Users\Israel Luis\Documents\GitHub\GoalOptimized\ProjectResults\DSE\sub2\v2_t3\Je\MuscleAnalysis
[2026-02-12 17:10:35.628] [info] Updating Model file from 40000 to latest format...
[2026-02-12 17:10:35.645] [info] Loaded model 2_scaled_rajagopal2022 from file C:\Users\Israel Luis\Documents\GitHub\GoalOptimized\Database\sub2\model\model_rajagopal2022_sub2.osim
[2026-02-12 17:10:35.646] [warning] Couldn't find file 'r_pelvis.vtp'.
[2026-02-12 17:10:35.646] [warning] Couldn't find file 'l_pelvis.vtp'.
[2026-02-12 17:10:35.646] [warning] Couldn't find file 'sacrum.vtp'.
[2026-02-12 17:10:35.646] [warning] Couldn't find file 'r_femur.vtp'.
[2026-02-12 17:10:35.646] [warning] Couldn't find file 'r_tibia.vtp'.
[2026-02-12 17:10:35.646] [warning] Couldn't find file 'r_fibula.vtp'.
[2026-02-12 17:10:35.646] [warning] Couldn't find file 'r_patella.vtp'.
[2026-02-12 17:10:35.646] [warning] Couldn't find file 'r_talus.vtp'.
[2026-02-12 17:10:35.646] [warning] Couldn't find file 'r_foot.vtp'.
[2026-02-12 17:10:35.646] [warning] Couldn't find file 'r_bofoot.vtp'.
[2026-02-12 17:10:35.646] [warning] Couldn't find file 'l_femur.vtp'.
[2026-02-12 17:10:35.646] [warning] Couldn't find file 'l_tibia.vtp'.
[2026-02-12 17:10:35.646] [warning] Couldn't find file 'l_fibula.vtp'.
[2026-02-12 17:10:35.646] [warning] Couldn't find file 'l_patella.vtp'.
[2026-02-12 17:10:35.646] [warning] Couldn't find file 'l_talus.vtp'.
[2026-02-12 17:10:35.646] [warning] Couldn't find file 'l_foot.vtp'.
[2026-02-12 17:10:35.646] [warning] Couldn't find file 'l_bofoot.vtp'.
[2026-02-12 17:10:35.646] [warning] Couldn't find file 'hat_spine.vtp'.
[2026-02-12 17:10:35.646] [warning] Couldn't find file 'hat_jaw.vtp'.
[2026-02-12 17:10:35.646] [warning] Couldn't find file 'hat_skull.vtp'.
[2026-02-12 17:10:35.646] [warning] Couldn't find file 'hat_ribs_scap.vtp'.
[2026-02-12 17:10:35.646] [warning] Couldn't find file 'humerus_rv.vtp'.
[2026-02-12 17:10:35.647] [warning] Couldn't find file 'ulna_rv.vtp'.
[2026-02-12 17:10:35.647] [warning] Couldn't find file 'radius_rv.vtp'.
[2026-02-12 17:10:35.647] [warning] Couldn't find file 'pisiform_rvs.vtp'.
[2026-02-12 17:10:35.647] [warning] Couldn't find file 'lunate_rvs.vtp'.
[2026-02-12 17:10:35.647] [warning] Couldn't find file 'scaphoid_rvs.vtp'.
[2026-02-12 17:10:35.647] [warning] Couldn't find file 'triquetrum_rvs.vtp'.
[2026-02-12 17:10:35.647] [warning] Couldn't find file 'hamate_rvs.vtp'.
[2026-02-12 17:10:35.647] [warning] Couldn't find file 'capitate_rvs.vtp'.
[2026-02-12 17:10:35.647] [warning] Couldn't find file 'trapezoid_rvs.vtp'.
[2026-02-12 17:10:35.647] [warning] Couldn't find file 'trapezium_rvs.vtp'.
[2026-02-12 17:10:35.647] [warning] Couldn't find file 'metacarpal2_rvs.vtp'.
[2026-02-12 17:10:35.647] [warning] Couldn't find file 'index_proximal_rvs.vtp'.
[2026-02-12 17:10:35.647] [warning] Couldn't find file 'index_medial_rvs.vtp'.
[2026-02-12 17:10:35.647] [warning] Couldn't find file 'index_distal_rvs.vtp'.
[2026-02-12 17:10:35.647] [warning] Couldn't find file 'metacarpal3_rvs.vtp'.
[2026-02-12 17:10:35.647] [warning] Couldn't find file 'middle_proximal_rvs.vtp'.
[2026-02-12 17:10:35.647] [warning] Couldn't find file 'middle_medial_rvs.vtp'.
[2026-02-12 17:10:35.647] [warning] Couldn't find file 'middle_distal_rvs.vtp'.
[2026-02-12 17:10:35.647] [warning] Couldn't find file 'metacarpal4_rvs.vtp'.
[2026-02-12 17:10:35.647] [warning] Couldn't find file 'ring_proximal_rvs.vtp'.
[2026-02-12 17:10:35.647] [warning] Couldn't find file 'ring_medial_rvs.vtp'.
[2026-02-12 17:10:35.647] [warning] Couldn't find file 'ring_distal_rvs.vtp'.
[2026-02-12 17:10:35.647] [warning] Couldn't find file 'metacarpal5_rvs.vtp'.
[2026-02-12 17:10:35.647] [warning] Couldn't find file 'little_proximal_rvs.vtp'.
[2026-02-12 17:10:35.647] [warning] Couldn't find file 'little_medial_rvs.vtp'.
[2026-02-12 17:10:35.647] [warning] Couldn't find file 'little_distal_rvs.vtp'.
[2026-02-12 17:10:35.647] [warning] Couldn't find file 'metacarpal1_rvs.vtp'.
[2026-02-12 17:10:35.647] [warning] Couldn't find file 'thumb_proximal_rvs.vtp'.
[2026-02-12 17:10:35.647] [warning] Couldn't find file 'thumb_distal_rvs.vtp'.
[2026-02-12 17:10:35.648] [warning] Couldn't find file 'humerus_lv.vtp'.
[2026-02-12 17:10:35.648] [warning] Couldn't find file 'ulna_lv.vtp'.
[2026-02-12 17:10:35.648] [warning] Couldn't find file 'radius_lv.vtp'.
[2026-02-12 17:10:35.648] [warning] Couldn't find file 'pisiform_lvs.vtp'.
[2026-02-12 17:10:35.648] [warning] Couldn't find file 'lunate_lvs.vtp'.
[2026-02-12 17:10:35.648] [warning] Couldn't find file 'scaphoid_lvs.vtp'.
[2026-02-12 17:10:35.648] [warning] Couldn't find file 'triquetrum_lvs.vtp'.
[2026-02-12 17:10:35.648] [warning] Couldn't find file 'hamate_lvs.vtp'.
[2026-02-12 17:10:35.648] [warning] Couldn't find file 'capitate_lvs.vtp'.
[2026-02-12 17:10:35.648] [warning] Couldn't find file 'trapezoid_lvs.vtp'.
[2026-02-12 17:10:35.648] [warning] Couldn't find file 'trapezium_lvs.vtp'.
[2026-02-12 17:10:35.648] [warning] Couldn't find file 'metacarpal2_lvs.vtp'.
[2026-02-12 17:10:35.648] [warning] Couldn't find file 'index_proximal_lvs.vtp'.
[2026-02-12 17:10:35.648] [warning] Couldn't find file 'index_medial_lvs.vtp'.
[2026-02-12 17:10:35.648] [warning] Couldn't find file 'index_distal_lvs.vtp'.
[2026-02-12 17:10:35.648] [warning] Couldn't find file 'metacarpal3_lvs.vtp'.
[2026-02-12 17:10:35.648] [warning] Couldn't find file 'middle_proximal_lvs.vtp'.
[2026-02-12 17:10:35.648] [warning] Couldn't find file 'middle_medial_lvs.vtp'.
[2026-02-12 17:10:35.648] [warning] Couldn't find file 'middle_distal_lvs.vtp'.
[2026-02-12 17:10:35.648] [warning] Couldn't find file 'metacarpal4_lvs.vtp'.
[2026-02-12 17:10:35.648] [warning] Couldn't find file 'ring_proximal_lvs.vtp'.
[2026-02-12 17:10:35.648] [warning] Couldn't find file 'ring_medial_lvs.vtp'.
[2026-02-12 17:10:35.648] [warning] Couldn't find file 'ring_distal_lvs.vtp'.
[2026-02-12 17:10:35.648] [warning] Couldn't find file 'metacarpal5_lvs.vtp'.
[2026-02-12 17:10:35.648] [warning] Couldn't find file 'little_proximal_lvs.vtp'.
[2026-02-12 17:10:35.648] [warning] Couldn't find file 'little_medial_lvs.vtp'.
[2026-02-12 17:10:35.648] [warning] Couldn't find file 'little_distal_lvs.vtp'.
[2026-02-12 17:10:35.648] [warning] Couldn't find file 'metacarpal1_lvs.vtp'.
[2026-02-12 17:10:35.648] [warning] Couldn't find file 'thumb_proximal_lvs.vtp'.
[2026-02-12 17:10:35.649] [warning] Couldn't find file 'thumb_distal_lvs.vtp'.
[2026-02-12 17:10:35.653] [info] AbstractTool IK_sub2_v2_t3 loading model C:\Users\Israel Luis\Documents\GitHub\GoalOptimized\Database\sub2\model\model_rajagopal2022_sub2.osim
[2026-02-12 17:10:35.667] [info] Updating Model file from 40000 to latest format...
[2026-02-12 17:10:35.691] [info] Loaded model 2_scaled_rajagopal2022 from file C:\Users\Israel Luis\Documents\GitHub\GoalOptimized\Database\sub2\model\model_rajagopal2022_sub2.osim
[2026-02-12 17:10:35.692] [warning] Couldn't find file 'r_pelvis.vtp'.
[2026-02-12 17:10:35.692] [warning] Couldn't find file 'l_pelvis.vtp'.
[2026-02-12 17:10:35.692] [warning] Couldn't find file 'sacrum.vtp'.
[2026-02-12 17:10:35.692] [warning] Couldn't find file 'r_femur.vtp'.
[2026-02-12 17:10:35.692] [warning] Couldn't find file 'r_tibia.vtp'.
[2026-02-12 17:10:35.692] [warning] Couldn't find file 'r_fibula.vtp'.
[2026-02-12 17:10:35.692] [warning] Couldn't find file 'r_patella.vtp'.
[2026-02-12 17:10:35.692] [warning] Couldn't find file 'r_talus.vtp'.
[2026-02-12 17:10:35.692] [warning] Couldn't find file 'r_foot.vtp'.
[2026-02-12 17:10:35.692] [warning] Couldn't find file 'r_bofoot.vtp'.
[2026-02-12 17:10:35.692] [warning] Couldn't find file 'l_femur.vtp'.
[2026-02-12 17:10:35.692] [warning] Couldn't find file 'l_tibia.vtp'.
[2026-02-12 17:10:35.692] [warning] Couldn't find file 'l_fibula.vtp'.
[2026-02-12 17:10:35.692] [warning] Couldn't find file 'l_patella.vtp'.
[2026-02-12 17:10:35.692] [warning] Couldn't find file 'l_talus.vtp'.
[2026-02-12 17:10:35.692] [warning] Couldn't find file 'l_foot.vtp'.
[2026-02-12 17:10:35.692] [warning] Couldn't find file 'l_bofoot.vtp'.
[2026-02-12 17:10:35.692] [warning] Couldn't find file 'hat_spine.vtp'.
[2026-02-12 17:10:35.692] [warning] Couldn't find file 'hat_jaw.vtp'.
[2026-02-12 17:10:35.692] [warning] Couldn't find file 'hat_skull.vtp'.
[2026-02-12 17:10:35.692] [warning] Couldn't find file 'hat_ribs_scap.vtp'.
[2026-02-12 17:10:35.692] [warning] Couldn't find file 'humerus_rv.vtp'.
[2026-02-12 17:10:35.692] [warning] Couldn't find file 'ulna_rv.vtp'.
[2026-02-12 17:10:35.692] [warning] Couldn't find file 'radius_rv.vtp'.
[2026-02-12 17:10:35.693] [warning] Couldn't find file 'pisiform_rvs.vtp'.
[2026-02-12 17:10:35.693] [warning] Couldn't find file 'lunate_rvs.vtp'.
[2026-02-12 17:10:35.693] [warning] Couldn't find file 'scaphoid_rvs.vtp'.
[2026-02-12 17:10:35.693] [warning] Couldn't find file 'triquetrum_rvs.vtp'.
[2026-02-12 17:10:35.693] [warning] Couldn't find file 'hamate_rvs.vtp'.
[2026-02-12 17:10:35.693] [warning] Couldn't find file 'capitate_rvs.vtp'.
[2026-02-12 17:10:35.693] [warning] Couldn't find file 'trapezoid_rvs.vtp'.
[2026-02-12 17:10:35.693] [warning] Couldn't find file 'trapezium_rvs.vtp'.
[2026-02-12 17:10:35.693] [warning] Couldn't find file 'metacarpal2_rvs.vtp'.
[2026-02-12 17:10:35.693] [warning] Couldn't find file 'index_proximal_rvs.vtp'.
[2026-02-12 17:10:35.693] [warning] Couldn't find file 'index_medial_rvs.vtp'.
[2026-02-12 17:10:35.693] [warning] Couldn't find file 'index_distal_rvs.vtp'.
[2026-02-12 17:10:35.693] [warning] Couldn't find file 'metacarpal3_rvs.vtp'.
[2026-02-12 17:10:35.693] [warning] Couldn't find file 'middle_proximal_rvs.vtp'.
[2026-02-12 17:10:35.693] [warning] Couldn't find file 'middle_medial_rvs.vtp'.
[2026-02-12 17:10:35.693] [warning] Couldn't find file 'middle_distal_rvs.vtp'.
[2026-02-12 17:10:35.693] [warning] Couldn't find file 'metacarpal4_rvs.vtp'.
[2026-02-12 17:10:35.693] [warning] Couldn't find file 'ring_proximal_rvs.vtp'.
[2026-02-12 17:10:35.693] [warning] Couldn't find file 'ring_medial_rvs.vtp'.
[2026-02-12 17:10:35.693] [warning] Couldn't find file 'ring_distal_rvs.vtp'.
[2026-02-12 17:10:35.693] [warning] Couldn't find file 'metacarpal5_rvs.vtp'.
[2026-02-12 17:10:35.693] [warning] Couldn't find file 'little_proximal_rvs.vtp'.
[2026-02-12 17:10:35.693] [warning] Couldn't find file 'little_medial_rvs.vtp'.
[2026-02-12 17:10:35.693] [warning] Couldn't find file 'little_distal_rvs.vtp'.
[2026-02-12 17:10:35.693] [warning] Couldn't find file 'metacarpal1_rvs.vtp'.
[2026-02-12 17:10:35.693] [warning] Couldn't find file 'thumb_proximal_rvs.vtp'.
[2026-02-12 17:10:35.693] [warning] Couldn't find file 'thumb_distal_rvs.vtp'.
[2026-02-12 17:10:35.694] [warning] Couldn't find file 'humerus_lv.vtp'.
[2026-02-12 17:10:35.694] [warning] Couldn't find file 'ulna_lv.vtp'.
[2026-02-12 17:10:35.694] [warning] Couldn't find file 'radius_lv.vtp'.
[2026-02-12 17:10:35.694] [warning] Couldn't find file 'pisiform_lvs.vtp'.
[2026-02-12 17:10:35.694] [warning] Couldn't find file 'lunate_lvs.vtp'.
[2026-02-12 17:10:35.694] [warning] Couldn't find file 'scaphoid_lvs.vtp'.
[2026-02-12 17:10:35.694] [warning] Couldn't find file 'triquetrum_lvs.vtp'.
[2026-02-12 17:10:35.694] [warning] Couldn't find file 'hamate_lvs.vtp'.
[2026-02-12 17:10:35.694] [warning] Couldn't find file 'capitate_lvs.vtp'.
[2026-02-12 17:10:35.694] [warning] Couldn't find file 'trapezoid_lvs.vtp'.
[2026-02-12 17:10:35.694] [warning] Couldn't find file 'trapezium_lvs.vtp'.
[2026-02-12 17:10:35.694] [warning] Couldn't find file 'metacarpal2_lvs.vtp'.
[2026-02-12 17:10:35.694] [warning] Couldn't find file 'index_proximal_lvs.vtp'.
[2026-02-12 17:10:35.694] [warning] Couldn't find file 'index_medial_lvs.vtp'.
[2026-02-12 17:10:35.694] [warning] Couldn't find file 'index_distal_lvs.vtp'.
[2026-02-12 17:10:35.694] [warning] Couldn't find file 'metacarpal3_lvs.vtp'.
[2026-02-12 17:10:35.694] [warning] Couldn't find file 'middle_proximal_lvs.vtp'.
[2026-02-12 17:10:35.694] [warning] Couldn't find file 'middle_medial_lvs.vtp'.
[2026-02-12 17:10:35.694] [warning] Couldn't find file 'middle_distal_lvs.vtp'.
[2026-02-12 17:10:35.694] [warning] Couldn't find file 'metacarpal4_lvs.vtp'.
[2026-02-12 17:10:35.695] [warning] Couldn't find file 'ring_proximal_lvs.vtp'.
[2026-02-12 17:10:35.695] [warning] Couldn't find file 'ring_medial_lvs.vtp'.
[2026-02-12 17:10:35.695] [warning] Couldn't find file 'ring_distal_lvs.vtp'.
[2026-02-12 17:10:35.695] [warning] Couldn't find file 'metacarpal5_lvs.vtp'.
[2026-02-12 17:10:35.695] [warning] Couldn't find file 'little_proximal_lvs.vtp'.
[2026-02-12 17:10:35.695] [warning] Couldn't find file 'little_medial_lvs.vtp'.
[2026-02-12 17:10:35.695] [warning] Couldn't find file 'little_distal_lvs.vtp'.
[2026-02-12 17:10:35.695] [warning] Couldn't find file 'metacarpal1_lvs.vtp'.
[2026-02-12 17:10:35.695] [warning] Couldn't find file 'thumb_proximal_lvs.vtp'.
[2026-02-12 17:10:35.695] [warning] Couldn't find file 'thumb_distal_lvs.vtp'.
[2026-02-12 17:10:35.700] [info] No external loads will be applied (external loads file not specified).
[2026-02-12 17:10:35.715] [info] Loading coordinates from file 'C:\Users\Israel Luis\Documents\GitHub\GoalOptimized\Database\sub2\IK\IK_sub2_v2_t3.mot'.
[2026-02-12 17:10:35.715] [info] Storage: read data file = C:\Users\Israel Luis\Documents\GitHub\GoalOptimized\Database\sub2\IK\IK_sub2_v2_t3.mot (nr=116 nc=40)
[2026-02-12 17:10:36.278] [info] Found 116 state vectors with time stamps ranging from 1.27 to 2.42.
[2026-02-12 17:10:36.278] [info] Executing the analyses from 1.27 to 2.42...
[2026-02-12 17:10:40.569] [info] Printing results of investigation IK_sub2_v2_t3 to C:\Users\Israel Luis\Documents\GitHub\GoalOptimized\ProjectResults\DSE\sub2\v2_t3\Je\MuscleAnalysis
[2026-02-13 15:38:23.619] [info] Updating Model file from 40000 to latest format...
[2026-02-13 15:38:23.639] [info] Loaded model 1_scaled_rajagopal2022 from file C:\Users\Israel Luis\Documents\GitHub\GoalOptimized\Database\sub1\model\model_rajagopal2022_sub1.osim
[2026-02-13 15:38:23.640] [warning] Couldn't find file 'r_pelvis.vtp'.
[2026-02-13 15:38:23.640] [warning] Couldn't find file 'l_pelvis.vtp'.
[2026-02-13 15:38:23.640] [warning] Couldn't find file 'sacrum.vtp'.
[2026-02-13 15:38:23.640] [warning] Couldn't find file 'r_femur.vtp'.
[2026-02-13 15:38:23.640] [warning] Couldn't find file 'r_tibia.vtp'.
[2026-02-13 15:38:23.640] [warning] Couldn't find file 'r_fibula.vtp'.
[2026-02-13 15:38:23.640] [warning] Couldn't find file 'r_patella.vtp'.
[2026-02-13 15:38:23.640] [warning] Couldn't find file 'r_talus.vtp'.
[2026-02-13 15:38:23.640] [warning] Couldn't find file 'r_foot.vtp'.
[2026-02-13 15:38:23.640] [warning] Couldn't find file 'r_bofoot.vtp'.
[2026-02-13 15:38:23.640] [warning] Couldn't find file 'l_femur.vtp'.
[2026-02-13 15:38:23.640] [warning] Couldn't find file 'l_tibia.vtp'.
[2026-02-13 15:38:23.640] [warning] Couldn't find file 'l_fibula.vtp'.
[2026-02-13 15:38:23.640] [warning] Couldn't find file 'l_patella.vtp'.
[2026-02-13 15:38:23.640] [warning] Couldn't find file 'l_talus.vtp'.
[2026-02-13 15:38:23.640] [warning] Couldn't find file 'l_foot.vtp'.
[2026-02-13 15:38:23.640] [warning] Couldn't find file 'l_bofoot.vtp'.
[2026-02-13 15:38:23.641] [warning] Couldn't find file 'hat_spine.vtp'.
[2026-02-13 15:38:23.641] [warning] Couldn't find file 'hat_jaw.vtp'.
[2026-02-13 15:38:23.641] [warning] Couldn't find file 'hat_skull.vtp'.
[2026-02-13 15:38:23.641] [warning] Couldn't find file 'hat_ribs_scap.vtp'.
[2026-02-13 15:38:23.641] [warning] Couldn't find file 'humerus_rv.vtp'.
[2026-02-13 15:38:23.641] [warning] Couldn't find file 'ulna_rv.vtp'.
[2026-02-13 15:38:23.641] [warning] Couldn't find file 'radius_rv.vtp'.
[2026-02-13 15:38:23.641] [warning] Couldn't find file 'pisiform_rvs.vtp'.
[2026-02-13 15:38:23.641] [warning] Couldn't find file 'lunate_rvs.vtp'.
[2026-02-13 15:38:23.641] [warning] Couldn't find file 'scaphoid_rvs.vtp'.
[2026-02-13 15:38:23.641] [warning] Couldn't find file 'triquetrum_rvs.vtp'.
[2026-02-13 15:38:23.641] [warning] Couldn't find file 'hamate_rvs.vtp'.
[2026-02-13 15:38:23.641] [warning] Couldn't find file 'capitate_rvs.vtp'.
[2026-02-13 15:38:23.641] [warning] Couldn't find file 'trapezoid_rvs.vtp'.
[2026-02-13 15:38:23.641] [warning] Couldn't find file 'trapezium_rvs.vtp'.
[2026-02-13 15:38:23.641] [warning] Couldn't find file 'metacarpal2_rvs.vtp'.
[2026-02-13 15:38:23.641] [warning] Couldn't find file 'index_proximal_rvs.vtp'.
[2026-02-13 15:38:23.641] [warning] Couldn't find file 'index_medial_rvs.vtp'.
[2026-02-13 15:38:23.641] [warning] Couldn't find file 'index_distal_rvs.vtp'.
[2026-02-13 15:38:23.641] [warning] Couldn't find file 'metacarpal3_rvs.vtp'.
[2026-02-13 15:38:23.641] [warning] Couldn't find file 'middle_proximal_rvs.vtp'.
[2026-02-13 15:38:23.641] [warning] Couldn't find file 'middle_medial_rvs.vtp'.
[2026-02-13 15:38:23.641] [warning] Couldn't find file 'middle_distal_rvs.vtp'.
[2026-02-13 15:38:23.641] [warning] Couldn't find file 'metacarpal4_rvs.vtp'.
[2026-02-13 15:38:23.641] [warning] Couldn't find file 'ring_proximal_rvs.vtp'.
[2026-02-13 15:38:23.641] [warning] Couldn't find file 'ring_medial_rvs.vtp'.
[2026-02-13 15:38:23.642] [warning] Couldn't find file 'ring_distal_rvs.vtp'.
[2026-02-13 15:38:23.642] [warning] Couldn't find file 'metacarpal5_rvs.vtp'.
[2026-02-13 15:38:23.642] [warning] Couldn't find file 'little_proximal_rvs.vtp'.
[2026-02-13 15:38:23.642] [warning] Couldn't find file 'little_medial_rvs.vtp'.
[2026-02-13 15:38:23.642] [warning] Couldn't find file 'little_distal_rvs.vtp'.
[2026-02-13 15:38:23.642] [warning] Couldn't find file 'metacarpal1_rvs.vtp'.
[2026-02-13 15:38:23.642] [warning] Couldn't find file 'thumb_proximal_rvs.vtp'.
[2026-02-13 15:38:23.642] [warning] Couldn't find file 'thumb_distal_rvs.vtp'.
[2026-02-13 15:38:23.642] [warning] Couldn't find file 'humerus_lv.vtp'.
[2026-02-13 15:38:23.642] [warning] Couldn't find file 'ulna_lv.vtp'.
[2026-02-13 15:38:23.642] [warning] Couldn't find file 'radius_lv.vtp'.
[2026-02-13 15:38:23.642] [warning] Couldn't find file 'pisiform_lvs.vtp'.
[2026-02-13 15:38:23.642] [warning] Couldn't find file 'lunate_lvs.vtp'.
[2026-02-13 15:38:23.642] [warning] Couldn't find file 'scaphoid_lvs.vtp'.
[2026-02-13 15:38:23.642] [warning] Couldn't find file 'triquetrum_lvs.vtp'.
[2026-02-13 15:38:23.642] [warning] Couldn't find file 'hamate_lvs.vtp'.
[2026-02-13 15:38:23.642] [warning] Couldn't find file 'capitate_lvs.vtp'.
[2026-02-13 15:38:23.642] [warning] Couldn't find file 'trapezoid_lvs.vtp'.
[2026-02-13 15:38:23.642] [warning] Couldn't find file 'trapezium_lvs.vtp'.
[2026-02-13 15:38:23.642] [warning] Couldn't find file 'metacarpal2_lvs.vtp'.
[2026-02-13 15:38:23.642] [warning] Couldn't find file 'index_proximal_lvs.vtp'.
[2026-02-13 15:38:23.642] [warning] Couldn't find file 'index_medial_lvs.vtp'.
[2026-02-13 15:38:23.642] [warning] Couldn't find file 'index_distal_lvs.vtp'.
[2026-02-13 15:38:23.642] [warning] Couldn't find file 'metacarpal3_lvs.vtp'.
[2026-02-13 15:38:23.642] [warning] Couldn't find file 'middle_proximal_lvs.vtp'.
[2026-02-13 15:38:23.642] [warning] Couldn't find file 'middle_medial_lvs.vtp'.
[2026-02-13 15:38:23.642] [warning] Couldn't find file 'middle_distal_lvs.vtp'.
[2026-02-13 15:38:23.643] [warning] Couldn't find file 'metacarpal4_lvs.vtp'.
[2026-02-13 15:38:23.643] [warning] Couldn't find file 'ring_proximal_lvs.vtp'.
[2026-02-13 15:38:23.643] [warning] Couldn't find file 'ring_medial_lvs.vtp'.
[2026-02-13 15:38:23.643] [warning] Couldn't find file 'ring_distal_lvs.vtp'.
[2026-02-13 15:38:23.643] [warning] Couldn't find file 'metacarpal5_lvs.vtp'.
[2026-02-13 15:38:23.643] [warning] Couldn't find file 'little_proximal_lvs.vtp'.
[2026-02-13 15:38:23.643] [warning] Couldn't find file 'little_medial_lvs.vtp'.
[2026-02-13 15:38:23.643] [warning] Couldn't find file 'little_distal_lvs.vtp'.
[2026-02-13 15:38:23.643] [warning] Couldn't find file 'metacarpal1_lvs.vtp'.
[2026-02-13 15:38:23.643] [warning] Couldn't find file 'thumb_proximal_lvs.vtp'.
[2026-02-13 15:38:23.643] [warning] Couldn't find file 'thumb_distal_lvs.vtp'.
[2026-02-13 15:38:23.658] [info] AbstractTool IK_sub1_v2_t2 loading model C:\Users\Israel Luis\Documents\GitHub\GoalOptimized\Database\sub1\model\model_rajagopal2022_sub1.osim
[2026-02-13 15:38:23.672] [info] Updating Model file from 40000 to latest format...
[2026-02-13 15:38:23.691] [info] Loaded model 1_scaled_rajagopal2022 from file C:\Users\Israel Luis\Documents\GitHub\GoalOptimized\Database\sub1\model\model_rajagopal2022_sub1.osim
[2026-02-13 15:38:23.692] [warning] Couldn't find file 'r_pelvis.vtp'.
[2026-02-13 15:38:23.692] [warning] Couldn't find file 'l_pelvis.vtp'.
[2026-02-13 15:38:23.692] [warning] Couldn't find file 'sacrum.vtp'.
[2026-02-13 15:38:23.692] [warning] Couldn't find file 'r_femur.vtp'.
[2026-02-13 15:38:23.692] [warning] Couldn't find file 'r_tibia.vtp'.
[2026-02-13 15:38:23.692] [warning] Couldn't find file 'r_fibula.vtp'.
[2026-02-13 15:38:23.692] [warning] Couldn't find file 'r_patella.vtp'.
[2026-02-13 15:38:23.692] [warning] Couldn't find file 'r_talus.vtp'.
[2026-02-13 15:38:23.692] [warning] Couldn't find file 'r_foot.vtp'.
[2026-02-13 15:38:23.692] [warning] Couldn't find file 'r_bofoot.vtp'.
[2026-02-13 15:38:23.692] [warning] Couldn't find file 'l_femur.vtp'.
[2026-02-13 15:38:23.692] [warning] Couldn't find file 'l_tibia.vtp'.
[2026-02-13 15:38:23.692] [warning] Couldn't find file 'l_fibula.vtp'.
[2026-02-13 15:38:23.692] [warning] Couldn't find file 'l_patella.vtp'.
[2026-02-13 15:38:23.692] [warning] Couldn't find file 'l_talus.vtp'.
[2026-02-13 15:38:23.692] [warning] Couldn't find file 'l_foot.vtp'.
[2026-02-13 15:38:23.692] [warning] Couldn't find file 'l_bofoot.vtp'.
[2026-02-13 15:38:23.692] [warning] Couldn't find file 'hat_spine.vtp'.
[2026-02-13 15:38:23.692] [warning] Couldn't find file 'hat_jaw.vtp'.
[2026-02-13 15:38:23.692] [warning] Couldn't find file 'hat_skull.vtp'.
[2026-02-13 15:38:23.693] [warning] Couldn't find file 'hat_ribs_scap.vtp'.
[2026-02-13 15:38:23.693] [warning] Couldn't find file 'humerus_rv.vtp'.
[2026-02-13 15:38:23.693] [warning] Couldn't find file 'ulna_rv.vtp'.
[2026-02-13 15:38:23.693] [warning] Couldn't find file 'radius_rv.vtp'.
[2026-02-13 15:38:23.693] [warning] Couldn't find file 'pisiform_rvs.vtp'.
[2026-02-13 15:38:23.693] [warning] Couldn't find file 'lunate_rvs.vtp'.
[2026-02-13 15:38:23.693] [warning] Couldn't find file 'scaphoid_rvs.vtp'.
[2026-02-13 15:38:23.693] [warning] Couldn't find file 'triquetrum_rvs.vtp'.
[2026-02-13 15:38:23.693] [warning] Couldn't find file 'hamate_rvs.vtp'.
[2026-02-13 15:38:23.693] [warning] Couldn't find file 'capitate_rvs.vtp'.
[2026-02-13 15:38:23.693] [warning] Couldn't find file 'trapezoid_rvs.vtp'.
[2026-02-13 15:38:23.693] [warning] Couldn't find file 'trapezium_rvs.vtp'.
[2026-02-13 15:38:23.693] [warning] Couldn't find file 'metacarpal2_rvs.vtp'.
[2026-02-13 15:38:23.693] [warning] Couldn't find file 'index_proximal_rvs.vtp'.
[2026-02-13 15:38:23.693] [warning] Couldn't find file 'index_medial_rvs.vtp'.
[2026-02-13 15:38:23.693] [warning] Couldn't find file 'index_distal_rvs.vtp'.
[2026-02-13 15:38:23.693] [warning] Couldn't find file 'metacarpal3_rvs.vtp'.
[2026-02-13 15:38:23.693] [warning] Couldn't find file 'middle_proximal_rvs.vtp'.
[2026-02-13 15:38:23.693] [warning] Couldn't find file 'middle_medial_rvs.vtp'.
[2026-02-13 15:38:23.693] [warning] Couldn't find file 'middle_distal_rvs.vtp'.
[2026-02-13 15:38:23.693] [warning] Couldn't find file 'metacarpal4_rvs.vtp'.
[2026-02-13 15:38:23.693] [warning] Couldn't find file 'ring_proximal_rvs.vtp'.
[2026-02-13 15:38:23.693] [warning] Couldn't find file 'ring_medial_rvs.vtp'.
[2026-02-13 15:38:23.693] [warning] Couldn't find file 'ring_distal_rvs.vtp'.
[2026-02-13 15:38:23.693] [warning] Couldn't find file 'metacarpal5_rvs.vtp'.
[2026-02-13 15:38:23.693] [warning] Couldn't find file 'little_proximal_rvs.vtp'.
[2026-02-13 15:38:23.693] [warning] Couldn't find file 'little_medial_rvs.vtp'.
[2026-02-13 15:38:23.694] [warning] Couldn't find file 'little_distal_rvs.vtp'.
[2026-02-13 15:38:23.694] [warning] Couldn't find file 'metacarpal1_rvs.vtp'.
[2026-02-13 15:38:23.694] [warning] Couldn't find file 'thumb_proximal_rvs.vtp'.
[2026-02-13 15:38:23.694] [warning] Couldn't find file 'thumb_distal_rvs.vtp'.
[2026-02-13 15:38:23.694] [warning] Couldn't find file 'humerus_lv.vtp'.
[2026-02-13 15:38:23.694] [warning] Couldn't find file 'ulna_lv.vtp'.
[2026-02-13 15:38:23.694] [warning] Couldn't find file 'radius_lv.vtp'.
[2026-02-13 15:38:23.694] [warning] Couldn't find file 'pisiform_lvs.vtp'.
[2026-02-13 15:38:23.694] [warning] Couldn't find file 'lunate_lvs.vtp'.
[2026-02-13 15:38:23.694] [warning] Couldn't find file 'scaphoid_lvs.vtp'.
[2026-02-13 15:38:23.694] [warning] Couldn't find file 'triquetrum_lvs.vtp'.
[2026-02-13 15:38:23.694] [warning] Couldn't find file 'hamate_lvs.vtp'.
[2026-02-13 15:38:23.694] [warning] Couldn't find file 'capitate_lvs.vtp'.
[2026-02-13 15:38:23.694] [warning] Couldn't find file 'trapezoid_lvs.vtp'.
[2026-02-13 15:38:23.694] [warning] Couldn't find file 'trapezium_lvs.vtp'.
[2026-02-13 15:38:23.694] [warning] Couldn't find file 'metacarpal2_lvs.vtp'.
[2026-02-13 15:38:23.694] [warning] Couldn't find file 'index_proximal_lvs.vtp'.
[2026-02-13 15:38:23.694] [warning] Couldn't find file 'index_medial_lvs.vtp'.
[2026-02-13 15:38:23.694] [warning] Couldn't find file 'index_distal_lvs.vtp'.
[2026-02-13 15:38:23.694] [warning] Couldn't find file 'metacarpal3_lvs.vtp'.
[2026-02-13 15:38:23.694] [warning] Couldn't find file 'middle_proximal_lvs.vtp'.
[2026-02-13 15:38:23.694] [warning] Couldn't find file 'middle_medial_lvs.vtp'.
[2026-02-13 15:38:23.694] [warning] Couldn't find file 'middle_distal_lvs.vtp'.
[2026-02-13 15:38:23.694] [warning] Couldn't find file 'metacarpal4_lvs.vtp'.
[2026-02-13 15:38:23.694] [warning] Couldn't find file 'ring_proximal_lvs.vtp'.
[2026-02-13 15:38:23.694] [warning] Couldn't find file 'ring_medial_lvs.vtp'.
[2026-02-13 15:38:23.695] [warning] Couldn't find file 'ring_distal_lvs.vtp'.
[2026-02-13 15:38:23.695] [warning] Couldn't find file 'metacarpal5_lvs.vtp'.
[2026-02-13 15:38:23.695] [warning] Couldn't find file 'little_proximal_lvs.vtp'.
[2026-02-13 15:38:23.695] [warning] Couldn't find file 'little_medial_lvs.vtp'.
[2026-02-13 15:38:23.695] [warning] Couldn't find file 'little_distal_lvs.vtp'.
[2026-02-13 15:38:23.695] [warning] Couldn't find file 'metacarpal1_lvs.vtp'.
[2026-02-13 15:38:23.695] [warning] Couldn't find file 'thumb_proximal_lvs.vtp'.
[2026-02-13 15:38:23.695] [warning] Couldn't find file 'thumb_distal_lvs.vtp'.
[2026-02-13 15:38:23.701] [info] No external loads will be applied (external loads file not specified).
[2026-02-13 15:38:23.713] [info] Loading coordinates from file 'C:\Users\Israel Luis\Documents\GitHub\GoalOptimized\Database\sub1\IK\IK_sub1_v2_t2.mot'.
[2026-02-13 15:38:23.713] [info] Storage: read data file = C:\Users\Israel Luis\Documents\GitHub\GoalOptimized\Database\sub1\IK\IK_sub1_v2_t2.mot (nr=118 nc=40)
[2026-02-13 15:38:24.285] [info] Found 118 state vectors with time stamps ranging from 0.04 to 1.21.
[2026-02-13 15:38:24.285] [info] Executing the analyses from 0.04 to 1.21...
[2026-02-13 15:38:28.551] [info] Printing results of investigation IK_sub1_v2_t2 to C:\Users\Israel Luis\Documents\GitHub\GoalOptimized\ProjectResults\DSE\sub1\v2_t2\Je\MuscleAnalysis
[2026-02-13 15:40:15.140] [info] Updating Model file from 40000 to latest format...
[2026-02-13 15:40:15.159] [info] Loaded model 1_scaled_rajagopal2022 from file C:\Users\Israel Luis\Documents\GitHub\GoalOptimized\Database\sub1\model\model_rajagopal2022_sub1.osim
[2026-02-13 15:40:15.159] [warning] Couldn't find file 'r_pelvis.vtp'.
[2026-02-13 15:40:15.159] [warning] Couldn't find file 'l_pelvis.vtp'.
[2026-02-13 15:40:15.159] [warning] Couldn't find file 'sacrum.vtp'.
[2026-02-13 15:40:15.159] [warning] Couldn't find file 'r_femur.vtp'.
[2026-02-13 15:40:15.159] [warning] Couldn't find file 'r_tibia.vtp'.
[2026-02-13 15:40:15.159] [warning] Couldn't find file 'r_fibula.vtp'.
[2026-02-13 15:40:15.159] [warning] Couldn't find file 'r_patella.vtp'.
[2026-02-13 15:40:15.159] [warning] Couldn't find file 'r_talus.vtp'.
[2026-02-13 15:40:15.159] [warning] Couldn't find file 'r_foot.vtp'.
[2026-02-13 15:40:15.159] [warning] Couldn't find file 'r_bofoot.vtp'.
[2026-02-13 15:40:15.159] [warning] Couldn't find file 'l_femur.vtp'.
[2026-02-13 15:40:15.159] [warning] Couldn't find file 'l_tibia.vtp'.
[2026-02-13 15:40:15.159] [warning] Couldn't find file 'l_fibula.vtp'.
[2026-02-13 15:40:15.159] [warning] Couldn't find file 'l_patella.vtp'.
[2026-02-13 15:40:15.159] [warning] Couldn't find file 'l_talus.vtp'.
[2026-02-13 15:40:15.159] [warning] Couldn't find file 'l_foot.vtp'.
[2026-02-13 15:40:15.159] [warning] Couldn't find file 'l_bofoot.vtp'.
[2026-02-13 15:40:15.160] [warning] Couldn't find file 'hat_spine.vtp'.
[2026-02-13 15:40:15.160] [warning] Couldn't find file 'hat_jaw.vtp'.
[2026-02-13 15:40:15.160] [warning] Couldn't find file 'hat_skull.vtp'.
[2026-02-13 15:40:15.160] [warning] Couldn't find file 'hat_ribs_scap.vtp'.
[2026-02-13 15:40:15.160] [warning] Couldn't find file 'humerus_rv.vtp'.
[2026-02-13 15:40:15.160] [warning] Couldn't find file 'ulna_rv.vtp'.
[2026-02-13 15:40:15.160] [warning] Couldn't find file 'radius_rv.vtp'.
[2026-02-13 15:40:15.160] [warning] Couldn't find file 'pisiform_rvs.vtp'.
[2026-02-13 15:40:15.160] [warning] Couldn't find file 'lunate_rvs.vtp'.
[2026-02-13 15:40:15.160] [warning] Couldn't find file 'scaphoid_rvs.vtp'.
[2026-02-13 15:40:15.160] [warning] Couldn't find file 'triquetrum_rvs.vtp'.
[2026-02-13 15:40:15.160] [warning] Couldn't find file 'hamate_rvs.vtp'.
[2026-02-13 15:40:15.160] [warning] Couldn't find file 'capitate_rvs.vtp'.
[2026-02-13 15:40:15.160] [warning] Couldn't find file 'trapezoid_rvs.vtp'.
[2026-02-13 15:40:15.160] [warning] Couldn't find file 'trapezium_rvs.vtp'.
[2026-02-13 15:40:15.160] [warning] Couldn't find file 'metacarpal2_rvs.vtp'.
[2026-02-13 15:40:15.160] [warning] Couldn't find file 'index_proximal_rvs.vtp'.
[2026-02-13 15:40:15.160] [warning] Couldn't find file 'index_medial_rvs.vtp'.
[2026-02-13 15:40:15.160] [warning] Couldn't find file 'index_distal_rvs.vtp'.
[2026-02-13 15:40:15.160] [warning] Couldn't find file 'metacarpal3_rvs.vtp'.
[2026-02-13 15:40:15.160] [warning] Couldn't find file 'middle_proximal_rvs.vtp'.
[2026-02-13 15:40:15.160] [warning] Couldn't find file 'middle_medial_rvs.vtp'.
[2026-02-13 15:40:15.160] [warning] Couldn't find file 'middle_distal_rvs.vtp'.
[2026-02-13 15:40:15.160] [warning] Couldn't find file 'metacarpal4_rvs.vtp'.
[2026-02-13 15:40:15.160] [warning] Couldn't find file 'ring_proximal_rvs.vtp'.
[2026-02-13 15:40:15.160] [warning] Couldn't find file 'ring_medial_rvs.vtp'.
[2026-02-13 15:40:15.160] [warning] Couldn't find file 'ring_distal_rvs.vtp'.
[2026-02-13 15:40:15.160] [warning] Couldn't find file 'metacarpal5_rvs.vtp'.
[2026-02-13 15:40:15.161] [warning] Couldn't find file 'little_proximal_rvs.vtp'.
[2026-02-13 15:40:15.161] [warning] Couldn't find file 'little_medial_rvs.vtp'.
[2026-02-13 15:40:15.161] [warning] Couldn't find file 'little_distal_rvs.vtp'.
[2026-02-13 15:40:15.161] [warning] Couldn't find file 'metacarpal1_rvs.vtp'.
[2026-02-13 15:40:15.161] [warning] Couldn't find file 'thumb_proximal_rvs.vtp'.
[2026-02-13 15:40:15.161] [warning] Couldn't find file 'thumb_distal_rvs.vtp'.
[2026-02-13 15:40:15.161] [warning] Couldn't find file 'humerus_lv.vtp'.
[2026-02-13 15:40:15.161] [warning] Couldn't find file 'ulna_lv.vtp'.
[2026-02-13 15:40:15.161] [warning] Couldn't find file 'radius_lv.vtp'.
[2026-02-13 15:40:15.161] [warning] Couldn't find file 'pisiform_lvs.vtp'.
[2026-02-13 15:40:15.161] [warning] Couldn't find file 'lunate_lvs.vtp'.
[2026-02-13 15:40:15.161] [warning] Couldn't find file 'scaphoid_lvs.vtp'.
[2026-02-13 15:40:15.161] [warning] Couldn't find file 'triquetrum_lvs.vtp'.
[2026-02-13 15:40:15.161] [warning] Couldn't find file 'hamate_lvs.vtp'.
[2026-02-13 15:40:15.161] [warning] Couldn't find file 'capitate_lvs.vtp'.
[2026-02-13 15:40:15.161] [warning] Couldn't find file 'trapezoid_lvs.vtp'.
[2026-02-13 15:40:15.161] [warning] Couldn't find file 'trapezium_lvs.vtp'.
[2026-02-13 15:40:15.161] [warning] Couldn't find file 'metacarpal2_lvs.vtp'.
[2026-02-13 15:40:15.161] [warning] Couldn't find file 'index_proximal_lvs.vtp'.
[2026-02-13 15:40:15.161] [warning] Couldn't find file 'index_medial_lvs.vtp'.
[2026-02-13 15:40:15.161] [warning] Couldn't find file 'index_distal_lvs.vtp'.
[2026-02-13 15:40:15.161] [warning] Couldn't find file 'metacarpal3_lvs.vtp'.
[2026-02-13 15:40:15.161] [warning] Couldn't find file 'middle_proximal_lvs.vtp'.
[2026-02-13 15:40:15.161] [warning] Couldn't find file 'middle_medial_lvs.vtp'.
[2026-02-13 15:40:15.161] [warning] Couldn't find file 'middle_distal_lvs.vtp'.
[2026-02-13 15:40:15.161] [warning] Couldn't find file 'metacarpal4_lvs.vtp'.
[2026-02-13 15:40:15.161] [warning] Couldn't find file 'ring_proximal_lvs.vtp'.
[2026-02-13 15:40:15.161] [warning] Couldn't find file 'ring_medial_lvs.vtp'.
[2026-02-13 15:40:15.162] [warning] Couldn't find file 'ring_distal_lvs.vtp'.
[2026-02-13 15:40:15.162] [warning] Couldn't find file 'metacarpal5_lvs.vtp'.
[2026-02-13 15:40:15.162] [warning] Couldn't find file 'little_proximal_lvs.vtp'.
[2026-02-13 15:40:15.162] [warning] Couldn't find file 'little_medial_lvs.vtp'.
[2026-02-13 15:40:15.162] [warning] Couldn't find file 'little_distal_lvs.vtp'.
[2026-02-13 15:40:15.162] [warning] Couldn't find file 'metacarpal1_lvs.vtp'.
[2026-02-13 15:40:15.162] [warning] Couldn't find file 'thumb_proximal_lvs.vtp'.
[2026-02-13 15:40:15.162] [warning] Couldn't find file 'thumb_distal_lvs.vtp'.
[2026-02-13 15:40:15.166] [info] AbstractTool IK_sub1_v2_t2 loading model C:\Users\Israel Luis\Documents\GitHub\GoalOptimized\Database\sub1\model\model_rajagopal2022_sub1.osim
[2026-02-13 15:40:15.180] [info] Updating Model file from 40000 to latest format...
[2026-02-13 15:40:15.198] [info] Loaded model 1_scaled_rajagopal2022 from file C:\Users\Israel Luis\Documents\GitHub\GoalOptimized\Database\sub1\model\model_rajagopal2022_sub1.osim
[2026-02-13 15:40:15.199] [warning] Couldn't find file 'r_pelvis.vtp'.
[2026-02-13 15:40:15.199] [warning] Couldn't find file 'l_pelvis.vtp'.
[2026-02-13 15:40:15.199] [warning] Couldn't find file 'sacrum.vtp'.
[2026-02-13 15:40:15.199] [warning] Couldn't find file 'r_femur.vtp'.
[2026-02-13 15:40:15.199] [warning] Couldn't find file 'r_tibia.vtp'.
[2026-02-13 15:40:15.199] [warning] Couldn't find file 'r_fibula.vtp'.
[2026-02-13 15:40:15.199] [warning] Couldn't find file 'r_patella.vtp'.
[2026-02-13 15:40:15.199] [warning] Couldn't find file 'r_talus.vtp'.
[2026-02-13 15:40:15.199] [warning] Couldn't find file 'r_foot.vtp'.
[2026-02-13 15:40:15.199] [warning] Couldn't find file 'r_bofoot.vtp'.
[2026-02-13 15:40:15.199] [warning] Couldn't find file 'l_femur.vtp'.
[2026-02-13 15:40:15.199] [warning] Couldn't find file 'l_tibia.vtp'.
[2026-02-13 15:40:15.199] [warning] Couldn't find file 'l_fibula.vtp'.
[2026-02-13 15:40:15.199] [warning] Couldn't find file 'l_patella.vtp'.
[2026-02-13 15:40:15.199] [warning] Couldn't find file 'l_talus.vtp'.
[2026-02-13 15:40:15.199] [warning] Couldn't find file 'l_foot.vtp'.
[2026-02-13 15:40:15.199] [warning] Couldn't find file 'l_bofoot.vtp'.
[2026-02-13 15:40:15.199] [warning] Couldn't find file 'hat_spine.vtp'.
[2026-02-13 15:40:15.199] [warning] Couldn't find file 'hat_jaw.vtp'.
[2026-02-13 15:40:15.199] [warning] Couldn't find file 'hat_skull.vtp'.
[2026-02-13 15:40:15.199] [warning] Couldn't find file 'hat_ribs_scap.vtp'.
[2026-02-13 15:40:15.200] [warning] Couldn't find file 'humerus_rv.vtp'.
[2026-02-13 15:40:15.200] [warning] Couldn't find file 'ulna_rv.vtp'.
[2026-02-13 15:40:15.200] [warning] Couldn't find file 'radius_rv.vtp'.
[2026-02-13 15:40:15.200] [warning] Couldn't find file 'pisiform_rvs.vtp'.
[2026-02-13 15:40:15.200] [warning] Couldn't find file 'lunate_rvs.vtp'.
[2026-02-13 15:40:15.200] [warning] Couldn't find file 'scaphoid_rvs.vtp'.
[2026-02-13 15:40:15.200] [warning] Couldn't find file 'triquetrum_rvs.vtp'.
[2026-02-13 15:40:15.200] [warning] Couldn't find file 'hamate_rvs.vtp'.
[2026-02-13 15:40:15.200] [warning] Couldn't find file 'capitate_rvs.vtp'.
[2026-02-13 15:40:15.200] [warning] Couldn't find file 'trapezoid_rvs.vtp'.
[2026-02-13 15:40:15.200] [warning] Couldn't find file 'trapezium_rvs.vtp'.
[2026-02-13 15:40:15.200] [warning] Couldn't find file 'metacarpal2_rvs.vtp'.
[2026-02-13 15:40:15.200] [warning] Couldn't find file 'index_proximal_rvs.vtp'.
[2026-02-13 15:40:15.200] [warning] Couldn't find file 'index_medial_rvs.vtp'.
[2026-02-13 15:40:15.200] [warning] Couldn't find file 'index_distal_rvs.vtp'.
[2026-02-13 15:40:15.200] [warning] Couldn't find file 'metacarpal3_rvs.vtp'.
[2026-02-13 15:40:15.200] [warning] Couldn't find file 'middle_proximal_rvs.vtp'.
[2026-02-13 15:40:15.200] [warning] Couldn't find file 'middle_medial_rvs.vtp'.
[2026-02-13 15:40:15.200] [warning] Couldn't find file 'middle_distal_rvs.vtp'.
[2026-02-13 15:40:15.200] [warning] Couldn't find file 'metacarpal4_rvs.vtp'.
[2026-02-13 15:40:15.200] [warning] Couldn't find file 'ring_proximal_rvs.vtp'.
[2026-02-13 15:40:15.200] [warning] Couldn't find file 'ring_medial_rvs.vtp'.
[2026-02-13 15:40:15.200] [warning] Couldn't find file 'ring_distal_rvs.vtp'.
[2026-02-13 15:40:15.200] [warning] Couldn't find file 'metacarpal5_rvs.vtp'.
[2026-02-13 15:40:15.200] [warning] Couldn't find file 'little_proximal_rvs.vtp'.
[2026-02-13 15:40:15.200] [warning] Couldn't find file 'little_medial_rvs.vtp'.
[2026-02-13 15:40:15.200] [warning] Couldn't find file 'little_distal_rvs.vtp'.
[2026-02-13 15:40:15.200] [warning] Couldn't find file 'metacarpal1_rvs.vtp'.
[2026-02-13 15:40:15.201] [warning] Couldn't find file 'thumb_proximal_rvs.vtp'.
[2026-02-13 15:40:15.201] [warning] Couldn't find file 'thumb_distal_rvs.vtp'.
[2026-02-13 15:40:15.201] [warning] Couldn't find file 'humerus_lv.vtp'.
[2026-02-13 15:40:15.201] [warning] Couldn't find file 'ulna_lv.vtp'.
[2026-02-13 15:40:15.201] [warning] Couldn't find file 'radius_lv.vtp'.
[2026-02-13 15:40:15.201] [warning] Couldn't find file 'pisiform_lvs.vtp'.
[2026-02-13 15:40:15.201] [warning] Couldn't find file 'lunate_lvs.vtp'.
[2026-02-13 15:40:15.201] [warning] Couldn't find file 'scaphoid_lvs.vtp'.
[2026-02-13 15:40:15.201] [warning] Couldn't find file 'triquetrum_lvs.vtp'.
[2026-02-13 15:40:15.201] [warning] Couldn't find file 'hamate_lvs.vtp'.
[2026-02-13 15:40:15.201] [warning] Couldn't find file 'capitate_lvs.vtp'.
[2026-02-13 15:40:15.201] [warning] Couldn't find file 'trapezoid_lvs.vtp'.
[2026-02-13 15:40:15.201] [warning] Couldn't find file 'trapezium_lvs.vtp'.
[2026-02-13 15:40:15.201] [warning] Couldn't find file 'metacarpal2_lvs.vtp'.
[2026-02-13 15:40:15.201] [warning] Couldn't find file 'index_proximal_lvs.vtp'.
[2026-02-13 15:40:15.201] [warning] Couldn't find file 'index_medial_lvs.vtp'.
[2026-02-13 15:40:15.201] [warning] Couldn't find file 'index_distal_lvs.vtp'.
[2026-02-13 15:40:15.201] [warning] Couldn't find file 'metacarpal3_lvs.vtp'.
[2026-02-13 15:40:15.201] [warning] Couldn't find file 'middle_proximal_lvs.vtp'.
[2026-02-13 15:40:15.201] [warning] Couldn't find file 'middle_medial_lvs.vtp'.
[2026-02-13 15:40:15.201] [warning] Couldn't find file 'middle_distal_lvs.vtp'.
[2026-02-13 15:40:15.201] [warning] Couldn't find file 'metacarpal4_lvs.vtp'.
[2026-02-13 15:40:15.201] [warning] Couldn't find file 'ring_proximal_lvs.vtp'.
[2026-02-13 15:40:15.201] [warning] Couldn't find file 'ring_medial_lvs.vtp'.
[2026-02-13 15:40:15.201] [warning] Couldn't find file 'ring_distal_lvs.vtp'.
[2026-02-13 15:40:15.201] [warning] Couldn't find file 'metacarpal5_lvs.vtp'.
[2026-02-13 15:40:15.201] [warning] Couldn't find file 'little_proximal_lvs.vtp'.
[2026-02-13 15:40:15.201] [warning] Couldn't find file 'little_medial_lvs.vtp'.
[2026-02-13 15:40:15.201] [warning] Couldn't find file 'little_distal_lvs.vtp'.
[2026-02-13 15:40:15.202] [warning] Couldn't find file 'metacarpal1_lvs.vtp'.
[2026-02-13 15:40:15.202] [warning] Couldn't find file 'thumb_proximal_lvs.vtp'.
[2026-02-13 15:40:15.202] [warning] Couldn't find file 'thumb_distal_lvs.vtp'.
[2026-02-13 15:40:15.206] [info] No external loads will be applied (external loads file not specified).
[2026-02-13 15:40:15.217] [info] Loading coordinates from file 'C:\Users\Israel Luis\Documents\GitHub\GoalOptimized\Database\sub1\IK\IK_sub1_v2_t2.mot'.
[2026-02-13 15:40:15.217] [info] Storage: read data file = C:\Users\Israel Luis\Documents\GitHub\GoalOptimized\Database\sub1\IK\IK_sub1_v2_t2.mot (nr=118 nc=40)
[2026-02-13 15:40:15.795] [info] Found 118 state vectors with time stamps ranging from 0.04 to 1.21.
[2026-02-13 15:40:15.795] [info] Executing the analyses from 0.04 to 1.21...
[2026-02-13 15:40:20.134] [info] Printing results of investigation IK_sub1_v2_t2 to C:\Users\Israel Luis\Documents\GitHub\GoalOptimized\ProjectResults\DSE\sub1\v2_t2\Je\MuscleAnalysis
[2026-02-13 15:40:34.865] [info] Updating Model file from 40000 to latest format...
[2026-02-13 15:40:34.884] [info] Loaded model 1_scaled_rajagopal2022 from file C:\Users\Israel Luis\Documents\GitHub\GoalOptimized\Database\sub1\model\model_rajagopal2022_sub1.osim
[2026-02-13 15:40:34.884] [warning] Couldn't find file 'r_pelvis.vtp'.
[2026-02-13 15:40:34.884] [warning] Couldn't find file 'l_pelvis.vtp'.
[2026-02-13 15:40:34.884] [warning] Couldn't find file 'sacrum.vtp'.
[2026-02-13 15:40:34.884] [warning] Couldn't find file 'r_femur.vtp'.
[2026-02-13 15:40:34.884] [warning] Couldn't find file 'r_tibia.vtp'.
[2026-02-13 15:40:34.884] [warning] Couldn't find file 'r_fibula.vtp'.
[2026-02-13 15:40:34.884] [warning] Couldn't find file 'r_patella.vtp'.
[2026-02-13 15:40:34.884] [warning] Couldn't find file 'r_talus.vtp'.
[2026-02-13 15:40:34.884] [warning] Couldn't find file 'r_foot.vtp'.
[2026-02-13 15:40:34.884] [warning] Couldn't find file 'r_bofoot.vtp'.
[2026-02-13 15:40:34.884] [warning] Couldn't find file 'l_femur.vtp'.
[2026-02-13 15:40:34.884] [warning] Couldn't find file 'l_tibia.vtp'.
[2026-02-13 15:40:34.884] [warning] Couldn't find file 'l_fibula.vtp'.
[2026-02-13 15:40:34.884] [warning] Couldn't find file 'l_patella.vtp'.
[2026-02-13 15:40:34.884] [warning] Couldn't find file 'l_talus.vtp'.
[2026-02-13 15:40:34.884] [warning] Couldn't find file 'l_foot.vtp'.
[2026-02-13 15:40:34.885] [warning] Couldn't find file 'l_bofoot.vtp'.
[2026-02-13 15:40:34.885] [warning] Couldn't find file 'hat_spine.vtp'.
[2026-02-13 15:40:34.885] [warning] Couldn't find file 'hat_jaw.vtp'.
[2026-02-13 15:40:34.885] [warning] Couldn't find file 'hat_skull.vtp'.
[2026-02-13 15:40:34.885] [warning] Couldn't find file 'hat_ribs_scap.vtp'.
[2026-02-13 15:40:34.885] [warning] Couldn't find file 'humerus_rv.vtp'.
[2026-02-13 15:40:34.885] [warning] Couldn't find file 'ulna_rv.vtp'.
[2026-02-13 15:40:34.885] [warning] Couldn't find file 'radius_rv.vtp'.
[2026-02-13 15:40:34.885] [warning] Couldn't find file 'pisiform_rvs.vtp'.
[2026-02-13 15:40:34.885] [warning] Couldn't find file 'lunate_rvs.vtp'.
[2026-02-13 15:40:34.885] [warning] Couldn't find file 'scaphoid_rvs.vtp'.
[2026-02-13 15:40:34.885] [warning] Couldn't find file 'triquetrum_rvs.vtp'.
[2026-02-13 15:40:34.885] [warning] Couldn't find file 'hamate_rvs.vtp'.
[2026-02-13 15:40:34.885] [warning] Couldn't find file 'capitate_rvs.vtp'.
[2026-02-13 15:40:34.885] [warning] Couldn't find file 'trapezoid_rvs.vtp'.
[2026-02-13 15:40:34.885] [warning] Couldn't find file 'trapezium_rvs.vtp'.
[2026-02-13 15:40:34.885] [warning] Couldn't find file 'metacarpal2_rvs.vtp'.
[2026-02-13 15:40:34.885] [warning] Couldn't find file 'index_proximal_rvs.vtp'.
[2026-02-13 15:40:34.885] [warning] Couldn't find file 'index_medial_rvs.vtp'.
[2026-02-13 15:40:34.885] [warning] Couldn't find file 'index_distal_rvs.vtp'.
[2026-02-13 15:40:34.885] [warning] Couldn't find file 'metacarpal3_rvs.vtp'.
[2026-02-13 15:40:34.885] [warning] Couldn't find file 'middle_proximal_rvs.vtp'.
[2026-02-13 15:40:34.885] [warning] Couldn't find file 'middle_medial_rvs.vtp'.
[2026-02-13 15:40:34.885] [warning] Couldn't find file 'middle_distal_rvs.vtp'.
[2026-02-13 15:40:34.885] [warning] Couldn't find file 'metacarpal4_rvs.vtp'.
[2026-02-13 15:40:34.885] [warning] Couldn't find file 'ring_proximal_rvs.vtp'.
[2026-02-13 15:40:34.885] [warning] Couldn't find file 'ring_medial_rvs.vtp'.
[2026-02-13 15:40:34.886] [warning] Couldn't find file 'ring_distal_rvs.vtp'.
[2026-02-13 15:40:34.886] [warning] Couldn't find file 'metacarpal5_rvs.vtp'.
[2026-02-13 15:40:34.886] [warning] Couldn't find file 'little_proximal_rvs.vtp'.
[2026-02-13 15:40:34.886] [warning] Couldn't find file 'little_medial_rvs.vtp'.
[2026-02-13 15:40:34.886] [warning] Couldn't find file 'little_distal_rvs.vtp'.
[2026-02-13 15:40:34.886] [warning] Couldn't find file 'metacarpal1_rvs.vtp'.
[2026-02-13 15:40:34.886] [warning] Couldn't find file 'thumb_proximal_rvs.vtp'.
[2026-02-13 15:40:34.886] [warning] Couldn't find file 'thumb_distal_rvs.vtp'.
[2026-02-13 15:40:34.886] [warning] Couldn't find file 'humerus_lv.vtp'.
[2026-02-13 15:40:34.886] [warning] Couldn't find file 'ulna_lv.vtp'.
[2026-02-13 15:40:34.886] [warning] Couldn't find file 'radius_lv.vtp'.
[2026-02-13 15:40:34.886] [warning] Couldn't find file 'pisiform_lvs.vtp'.
[2026-02-13 15:40:34.886] [warning] Couldn't find file 'lunate_lvs.vtp'.
[2026-02-13 15:40:34.886] [warning] Couldn't find file 'scaphoid_lvs.vtp'.
[2026-02-13 15:40:34.886] [warning] Couldn't find file 'triquetrum_lvs.vtp'.
[2026-02-13 15:40:34.886] [warning] Couldn't find file 'hamate_lvs.vtp'.
[2026-02-13 15:40:34.886] [warning] Couldn't find file 'capitate_lvs.vtp'.
[2026-02-13 15:40:34.886] [warning] Couldn't find file 'trapezoid_lvs.vtp'.
[2026-02-13 15:40:34.886] [warning] Couldn't find file 'trapezium_lvs.vtp'.
[2026-02-13 15:40:34.886] [warning] Couldn't find file 'metacarpal2_lvs.vtp'.
[2026-02-13 15:40:34.886] [warning] Couldn't find file 'index_proximal_lvs.vtp'.
[2026-02-13 15:40:34.886] [warning] Couldn't find file 'index_medial_lvs.vtp'.
[2026-02-13 15:40:34.886] [warning] Couldn't find file 'index_distal_lvs.vtp'.
[2026-02-13 15:40:34.886] [warning] Couldn't find file 'metacarpal3_lvs.vtp'.
[2026-02-13 15:40:34.886] [warning] Couldn't find file 'middle_proximal_lvs.vtp'.
[2026-02-13 15:40:34.886] [warning] Couldn't find file 'middle_medial_lvs.vtp'.
[2026-02-13 15:40:34.886] [warning] Couldn't find file 'middle_distal_lvs.vtp'.
[2026-02-13 15:40:34.887] [warning] Couldn't find file 'metacarpal4_lvs.vtp'.
[2026-02-13 15:40:34.887] [warning] Couldn't find file 'ring_proximal_lvs.vtp'.
[2026-02-13 15:40:34.887] [warning] Couldn't find file 'ring_medial_lvs.vtp'.
[2026-02-13 15:40:34.887] [warning] Couldn't find file 'ring_distal_lvs.vtp'.
[2026-02-13 15:40:34.887] [warning] Couldn't find file 'metacarpal5_lvs.vtp'.
[2026-02-13 15:40:34.887] [warning] Couldn't find file 'little_proximal_lvs.vtp'.
[2026-02-13 15:40:34.887] [warning] Couldn't find file 'little_medial_lvs.vtp'.
[2026-02-13 15:40:34.887] [warning] Couldn't find file 'little_distal_lvs.vtp'.
[2026-02-13 15:40:34.887] [warning] Couldn't find file 'metacarpal1_lvs.vtp'.
[2026-02-13 15:40:34.887] [warning] Couldn't find file 'thumb_proximal_lvs.vtp'.
[2026-02-13 15:40:34.887] [warning] Couldn't find file 'thumb_distal_lvs.vtp'.
[2026-02-13 15:40:34.899] [info] AbstractTool IK_sub1_v2_t3 loading model C:\Users\Israel Luis\Documents\GitHub\GoalOptimized\Database\sub1\model\model_rajagopal2022_sub1.osim
[2026-02-13 15:40:34.913] [info] Updating Model file from 40000 to latest format...
[2026-02-13 15:40:34.932] [info] Loaded model 1_scaled_rajagopal2022 from file C:\Users\Israel Luis\Documents\GitHub\GoalOptimized\Database\sub1\model\model_rajagopal2022_sub1.osim
[2026-02-13 15:40:34.932] [warning] Couldn't find file 'r_pelvis.vtp'.
[2026-02-13 15:40:34.932] [warning] Couldn't find file 'l_pelvis.vtp'.
[2026-02-13 15:40:34.932] [warning] Couldn't find file 'sacrum.vtp'.
[2026-02-13 15:40:34.932] [warning] Couldn't find file 'r_femur.vtp'.
[2026-02-13 15:40:34.932] [warning] Couldn't find file 'r_tibia.vtp'.
[2026-02-13 15:40:34.932] [warning] Couldn't find file 'r_fibula.vtp'.
[2026-02-13 15:40:34.932] [warning] Couldn't find file 'r_patella.vtp'.
[2026-02-13 15:40:34.932] [warning] Couldn't find file 'r_talus.vtp'.
[2026-02-13 15:40:34.932] [warning] Couldn't find file 'r_foot.vtp'.
[2026-02-13 15:40:34.932] [warning] Couldn't find file 'r_bofoot.vtp'.
[2026-02-13 15:40:34.932] [warning] Couldn't find file 'l_femur.vtp'.
[2026-02-13 15:40:34.932] [warning] Couldn't find file 'l_tibia.vtp'.
[2026-02-13 15:40:34.932] [warning] Couldn't find file 'l_fibula.vtp'.
[2026-02-13 15:40:34.932] [warning] Couldn't find file 'l_patella.vtp'.
[2026-02-13 15:40:34.932] [warning] Couldn't find file 'l_talus.vtp'.
[2026-02-13 15:40:34.933] [warning] Couldn't find file 'l_foot.vtp'.
[2026-02-13 15:40:34.933] [warning] Couldn't find file 'l_bofoot.vtp'.
[2026-02-13 15:40:34.933] [warning] Couldn't find file 'hat_spine.vtp'.
[2026-02-13 15:40:34.933] [warning] Couldn't find file 'hat_jaw.vtp'.
[2026-02-13 15:40:34.933] [warning] Couldn't find file 'hat_skull.vtp'.
[2026-02-13 15:40:34.933] [warning] Couldn't find file 'hat_ribs_scap.vtp'.
[2026-02-13 15:40:34.933] [warning] Couldn't find file 'humerus_rv.vtp'.
[2026-02-13 15:40:34.933] [warning] Couldn't find file 'ulna_rv.vtp'.
[2026-02-13 15:40:34.933] [warning] Couldn't find file 'radius_rv.vtp'.
[2026-02-13 15:40:34.933] [warning] Couldn't find file 'pisiform_rvs.vtp'.
[2026-02-13 15:40:34.933] [warning] Couldn't find file 'lunate_rvs.vtp'.
[2026-02-13 15:40:34.933] [warning] Couldn't find file 'scaphoid_rvs.vtp'.
[2026-02-13 15:40:34.933] [warning] Couldn't find file 'triquetrum_rvs.vtp'.
[2026-02-13 15:40:34.933] [warning] Couldn't find file 'hamate_rvs.vtp'.
[2026-02-13 15:40:34.933] [warning] Couldn't find file 'capitate_rvs.vtp'.
[2026-02-13 15:40:34.933] [warning] Couldn't find file 'trapezoid_rvs.vtp'.
[2026-02-13 15:40:34.933] [warning] Couldn't find file 'trapezium_rvs.vtp'.
[2026-02-13 15:40:34.933] [warning] Couldn't find file 'metacarpal2_rvs.vtp'.
[2026-02-13 15:40:34.933] [warning] Couldn't find file 'index_proximal_rvs.vtp'.
[2026-02-13 15:40:34.933] [warning] Couldn't find file 'index_medial_rvs.vtp'.
[2026-02-13 15:40:34.933] [warning] Couldn't find file 'index_distal_rvs.vtp'.
[2026-02-13 15:40:34.933] [warning] Couldn't find file 'metacarpal3_rvs.vtp'.
[2026-02-13 15:40:34.933] [warning] Couldn't find file 'middle_proximal_rvs.vtp'.
[2026-02-13 15:40:34.933] [warning] Couldn't find file 'middle_medial_rvs.vtp'.
[2026-02-13 15:40:34.933] [warning] Couldn't find file 'middle_distal_rvs.vtp'.
[2026-02-13 15:40:34.933] [warning] Couldn't find file 'metacarpal4_rvs.vtp'.
[2026-02-13 15:40:34.933] [warning] Couldn't find file 'ring_proximal_rvs.vtp'.
[2026-02-13 15:40:34.934] [warning] Couldn't find file 'ring_medial_rvs.vtp'.
[2026-02-13 15:40:34.934] [warning] Couldn't find file 'ring_distal_rvs.vtp'.
[2026-02-13 15:40:34.934] [warning] Couldn't find file 'metacarpal5_rvs.vtp'.
[2026-02-13 15:40:34.934] [warning] Couldn't find file 'little_proximal_rvs.vtp'.
[2026-02-13 15:40:34.934] [warning] Couldn't find file 'little_medial_rvs.vtp'.
[2026-02-13 15:40:34.934] [warning] Couldn't find file 'little_distal_rvs.vtp'.
[2026-02-13 15:40:34.934] [warning] Couldn't find file 'metacarpal1_rvs.vtp'.
[2026-02-13 15:40:34.934] [warning] Couldn't find file 'thumb_proximal_rvs.vtp'.
[2026-02-13 15:40:34.934] [warning] Couldn't find file 'thumb_distal_rvs.vtp'.
[2026-02-13 15:40:34.934] [warning] Couldn't find file 'humerus_lv.vtp'.
[2026-02-13 15:40:34.934] [warning] Couldn't find file 'ulna_lv.vtp'.
[2026-02-13 15:40:34.934] [warning] Couldn't find file 'radius_lv.vtp'.
[2026-02-13 15:40:34.934] [warning] Couldn't find file 'pisiform_lvs.vtp'.
[2026-02-13 15:40:34.934] [warning] Couldn't find file 'lunate_lvs.vtp'.
[2026-02-13 15:40:34.934] [warning] Couldn't find file 'scaphoid_lvs.vtp'.
[2026-02-13 15:40:34.934] [warning] Couldn't find file 'triquetrum_lvs.vtp'.
[2026-02-13 15:40:34.934] [warning] Couldn't find file 'hamate_lvs.vtp'.
[2026-02-13 15:40:34.934] [warning] Couldn't find file 'capitate_lvs.vtp'.
[2026-02-13 15:40:34.934] [warning] Couldn't find file 'trapezoid_lvs.vtp'.
[2026-02-13 15:40:34.934] [warning] Couldn't find file 'trapezium_lvs.vtp'.
[2026-02-13 15:40:34.934] [warning] Couldn't find file 'metacarpal2_lvs.vtp'.
[2026-02-13 15:40:34.934] [warning] Couldn't find file 'index_proximal_lvs.vtp'.
[2026-02-13 15:40:34.934] [warning] Couldn't find file 'index_medial_lvs.vtp'.
[2026-02-13 15:40:34.934] [warning] Couldn't find file 'index_distal_lvs.vtp'.
[2026-02-13 15:40:34.934] [warning] Couldn't find file 'metacarpal3_lvs.vtp'.
[2026-02-13 15:40:34.934] [warning] Couldn't find file 'middle_proximal_lvs.vtp'.
[2026-02-13 15:40:34.934] [warning] Couldn't find file 'middle_medial_lvs.vtp'.
[2026-02-13 15:40:34.934] [warning] Couldn't find file 'middle_distal_lvs.vtp'.
[2026-02-13 15:40:34.934] [warning] Couldn't find file 'metacarpal4_lvs.vtp'.
[2026-02-13 15:40:34.935] [warning] Couldn't find file 'ring_proximal_lvs.vtp'.
[2026-02-13 15:40:34.935] [warning] Couldn't find file 'ring_medial_lvs.vtp'.
[2026-02-13 15:40:34.935] [warning] Couldn't find file 'ring_distal_lvs.vtp'.
[2026-02-13 15:40:34.935] [warning] Couldn't find file 'metacarpal5_lvs.vtp'.
[2026-02-13 15:40:34.935] [warning] Couldn't find file 'little_proximal_lvs.vtp'.
[2026-02-13 15:40:34.935] [warning] Couldn't find file 'little_medial_lvs.vtp'.
[2026-02-13 15:40:34.935] [warning] Couldn't find file 'little_distal_lvs.vtp'.
[2026-02-13 15:40:34.935] [warning] Couldn't find file 'metacarpal1_lvs.vtp'.
[2026-02-13 15:40:34.935] [warning] Couldn't find file 'thumb_proximal_lvs.vtp'.
[2026-02-13 15:40:34.935] [warning] Couldn't find file 'thumb_distal_lvs.vtp'.
[2026-02-13 15:40:34.940] [info] No external loads will be applied (external loads file not specified).
[2026-02-13 15:40:34.951] [info] Loading coordinates from file 'C:\Users\Israel Luis\Documents\GitHub\GoalOptimized\Database\sub1\IK\IK_sub1_v2_t3.mot'.
[2026-02-13 15:40:34.951] [info] Storage: read data file = C:\Users\Israel Luis\Documents\GitHub\GoalOptimized\Database\sub1\IK\IK_sub1_v2_t3.mot (nr=115 nc=40)
[2026-02-13 15:40:35.506] [info] Found 115 state vectors with time stamps ranging from 1.11 to 2.25.
[2026-02-13 15:40:35.506] [info] Executing the analyses from 1.11 to 2.25...
[2026-02-13 15:40:39.687] [info] Printing results of investigation IK_sub1_v2_t3 to C:\Users\Israel Luis\Documents\GitHub\GoalOptimized\ProjectResults\DSE\sub1\v2_t3\Je\MuscleAnalysis
[2026-02-13 15:40:52.032] [info] Updating Model file from 40000 to latest format...
[2026-02-13 15:40:52.051] [info] Loaded model 7_scaledH_rajagopal2016_1802_7 from file C:\Users\Israel Luis\Documents\GitHub\GoalOptimized\Database\sub3\model\model_rajagopal2022_sub3.osim
[2026-02-13 15:40:52.051] [warning] Couldn't find file 'r_pelvis.vtp'.
[2026-02-13 15:40:52.051] [warning] Couldn't find file 'l_pelvis.vtp'.
[2026-02-13 15:40:52.051] [warning] Couldn't find file 'sacrum.vtp'.
[2026-02-13 15:40:52.051] [warning] Couldn't find file 'r_femur.vtp'.
[2026-02-13 15:40:52.051] [warning] Couldn't find file 'r_tibia.vtp'.
[2026-02-13 15:40:52.051] [warning] Couldn't find file 'r_fibula.vtp'.
[2026-02-13 15:40:52.051] [warning] Couldn't find file 'r_patella.vtp'.
[2026-02-13 15:40:52.051] [warning] Couldn't find file 'r_talus.vtp'.
[2026-02-13 15:40:52.051] [warning] Couldn't find file 'r_foot.vtp'.
[2026-02-13 15:40:52.051] [warning] Couldn't find file 'r_bofoot.vtp'.
[2026-02-13 15:40:52.051] [warning] Couldn't find file 'l_femur.vtp'.
[2026-02-13 15:40:52.051] [warning] Couldn't find file 'l_tibia.vtp'.
[2026-02-13 15:40:52.051] [warning] Couldn't find file 'l_fibula.vtp'.
[2026-02-13 15:40:52.051] [warning] Couldn't find file 'l_patella.vtp'.
[2026-02-13 15:40:52.052] [warning] Couldn't find file 'l_talus.vtp'.
[2026-02-13 15:40:52.052] [warning] Couldn't find file 'l_foot.vtp'.
[2026-02-13 15:40:52.052] [warning] Couldn't find file 'l_bofoot.vtp'.
[2026-02-13 15:40:52.052] [warning] Couldn't find file 'hat_spine.vtp'.
[2026-02-13 15:40:52.052] [warning] Couldn't find file 'hat_jaw.vtp'.
[2026-02-13 15:40:52.052] [warning] Couldn't find file 'hat_skull.vtp'.
[2026-02-13 15:40:52.052] [warning] Couldn't find file 'hat_ribs_scap.vtp'.
[2026-02-13 15:40:52.052] [warning] Couldn't find file 'humerus_rv.vtp'.
[2026-02-13 15:40:52.052] [warning] Couldn't find file 'ulna_rv.vtp'.
[2026-02-13 15:40:52.052] [warning] Couldn't find file 'radius_rv.vtp'.
[2026-02-13 15:40:52.052] [warning] Couldn't find file 'pisiform_rvs.vtp'.
[2026-02-13 15:40:52.052] [warning] Couldn't find file 'lunate_rvs.vtp'.
[2026-02-13 15:40:52.052] [warning] Couldn't find file 'scaphoid_rvs.vtp'.
[2026-02-13 15:40:52.052] [warning] Couldn't find file 'triquetrum_rvs.vtp'.
[2026-02-13 15:40:52.052] [warning] Couldn't find file 'hamate_rvs.vtp'.
[2026-02-13 15:40:52.052] [warning] Couldn't find file 'capitate_rvs.vtp'.
[2026-02-13 15:40:52.052] [warning] Couldn't find file 'trapezoid_rvs.vtp'.
[2026-02-13 15:40:52.052] [warning] Couldn't find file 'trapezium_rvs.vtp'.
[2026-02-13 15:40:52.052] [warning] Couldn't find file 'metacarpal2_rvs.vtp'.
[2026-02-13 15:40:52.052] [warning] Couldn't find file 'index_proximal_rvs.vtp'.
[2026-02-13 15:40:52.052] [warning] Couldn't find file 'index_medial_rvs.vtp'.
[2026-02-13 15:40:52.052] [warning] Couldn't find file 'index_distal_rvs.vtp'.
[2026-02-13 15:40:52.052] [warning] Couldn't find file 'metacarpal3_rvs.vtp'.
[2026-02-13 15:40:52.052] [warning] Couldn't find file 'middle_proximal_rvs.vtp'.
[2026-02-13 15:40:52.052] [warning] Couldn't find file 'middle_medial_rvs.vtp'.
[2026-02-13 15:40:52.052] [warning] Couldn't find file 'middle_distal_rvs.vtp'.
[2026-02-13 15:40:52.052] [warning] Couldn't find file 'metacarpal4_rvs.vtp'.
[2026-02-13 15:40:52.052] [warning] Couldn't find file 'ring_proximal_rvs.vtp'.
[2026-02-13 15:40:52.053] [warning] Couldn't find file 'ring_medial_rvs.vtp'.
[2026-02-13 15:40:52.053] [warning] Couldn't find file 'ring_distal_rvs.vtp'.
[2026-02-13 15:40:52.053] [warning] Couldn't find file 'metacarpal5_rvs.vtp'.
[2026-02-13 15:40:52.053] [warning] Couldn't find file 'little_proximal_rvs.vtp'.
[2026-02-13 15:40:52.053] [warning] Couldn't find file 'little_medial_rvs.vtp'.
[2026-02-13 15:40:52.053] [warning] Couldn't find file 'little_distal_rvs.vtp'.
[2026-02-13 15:40:52.053] [warning] Couldn't find file 'metacarpal1_rvs.vtp'.
[2026-02-13 15:40:52.053] [warning] Couldn't find file 'thumb_proximal_rvs.vtp'.
[2026-02-13 15:40:52.053] [warning] Couldn't find file 'thumb_distal_rvs.vtp'.
[2026-02-13 15:40:52.053] [warning] Couldn't find file 'humerus_lv.vtp'.
[2026-02-13 15:40:52.053] [warning] Couldn't find file 'ulna_lv.vtp'.
[2026-02-13 15:40:52.053] [warning] Couldn't find file 'radius_lv.vtp'.
[2026-02-13 15:40:52.053] [warning] Couldn't find file 'pisiform_lvs.vtp'.
[2026-02-13 15:40:52.053] [warning] Couldn't find file 'lunate_lvs.vtp'.
[2026-02-13 15:40:52.053] [warning] Couldn't find file 'scaphoid_lvs.vtp'.
[2026-02-13 15:40:52.053] [warning] Couldn't find file 'triquetrum_lvs.vtp'.
[2026-02-13 15:40:52.053] [warning] Couldn't find file 'hamate_lvs.vtp'.
[2026-02-13 15:40:52.053] [warning] Couldn't find file 'capitate_lvs.vtp'.
[2026-02-13 15:40:52.053] [warning] Couldn't find file 'trapezoid_lvs.vtp'.
[2026-02-13 15:40:52.053] [warning] Couldn't find file 'trapezium_lvs.vtp'.
[2026-02-13 15:40:52.053] [warning] Couldn't find file 'metacarpal2_lvs.vtp'.
[2026-02-13 15:40:52.053] [warning] Couldn't find file 'index_proximal_lvs.vtp'.
[2026-02-13 15:40:52.053] [warning] Couldn't find file 'index_medial_lvs.vtp'.
[2026-02-13 15:40:52.053] [warning] Couldn't find file 'index_distal_lvs.vtp'.
[2026-02-13 15:40:52.053] [warning] Couldn't find file 'metacarpal3_lvs.vtp'.
[2026-02-13 15:40:52.053] [warning] Couldn't find file 'middle_proximal_lvs.vtp'.
[2026-02-13 15:40:52.053] [warning] Couldn't find file 'middle_medial_lvs.vtp'.
[2026-02-13 15:40:52.053] [warning] Couldn't find file 'middle_distal_lvs.vtp'.
[2026-02-13 15:40:52.054] [warning] Couldn't find file 'metacarpal4_lvs.vtp'.
[2026-02-13 15:40:52.054] [warning] Couldn't find file 'ring_proximal_lvs.vtp'.
[2026-02-13 15:40:52.054] [warning] Couldn't find file 'ring_medial_lvs.vtp'.
[2026-02-13 15:40:52.054] [warning] Couldn't find file 'ring_distal_lvs.vtp'.
[2026-02-13 15:40:52.054] [warning] Couldn't find file 'metacarpal5_lvs.vtp'.
[2026-02-13 15:40:52.054] [warning] Couldn't find file 'little_proximal_lvs.vtp'.
[2026-02-13 15:40:52.054] [warning] Couldn't find file 'little_medial_lvs.vtp'.
[2026-02-13 15:40:52.054] [warning] Couldn't find file 'little_distal_lvs.vtp'.
[2026-02-13 15:40:52.054] [warning] Couldn't find file 'metacarpal1_lvs.vtp'.
[2026-02-13 15:40:52.054] [warning] Couldn't find file 'thumb_proximal_lvs.vtp'.
[2026-02-13 15:40:52.054] [warning] Couldn't find file 'thumb_distal_lvs.vtp'.
[2026-02-13 15:40:52.065] [info] AbstractTool IK_sub3_v2_t2 loading model C:\Users\Israel Luis\Documents\GitHub\GoalOptimized\Database\sub3\model\model_rajagopal2022_sub3.osim
[2026-02-13 15:40:52.081] [info] Updating Model file from 40000 to latest format...
[2026-02-13 15:40:52.103] [info] Loaded model 7_scaledH_rajagopal2016_1802_7 from file C:\Users\Israel Luis\Documents\GitHub\GoalOptimized\Database\sub3\model\model_rajagopal2022_sub3.osim
[2026-02-13 15:40:52.103] [warning] Couldn't find file 'r_pelvis.vtp'.
[2026-02-13 15:40:52.103] [warning] Couldn't find file 'l_pelvis.vtp'.
[2026-02-13 15:40:52.103] [warning] Couldn't find file 'sacrum.vtp'.
[2026-02-13 15:40:52.103] [warning] Couldn't find file 'r_femur.vtp'.
[2026-02-13 15:40:52.103] [warning] Couldn't find file 'r_tibia.vtp'.
[2026-02-13 15:40:52.103] [warning] Couldn't find file 'r_fibula.vtp'.
[2026-02-13 15:40:52.103] [warning] Couldn't find file 'r_patella.vtp'.
[2026-02-13 15:40:52.103] [warning] Couldn't find file 'r_talus.vtp'.
[2026-02-13 15:40:52.104] [warning] Couldn't find file 'r_foot.vtp'.
[2026-02-13 15:40:52.104] [warning] Couldn't find file 'r_bofoot.vtp'.
[2026-02-13 15:40:52.104] [warning] Couldn't find file 'l_femur.vtp'.
[2026-02-13 15:40:52.104] [warning] Couldn't find file 'l_tibia.vtp'.
[2026-02-13 15:40:52.104] [warning] Couldn't find file 'l_fibula.vtp'.
[2026-02-13 15:40:52.104] [warning] Couldn't find file 'l_patella.vtp'.
[2026-02-13 15:40:52.104] [warning] Couldn't find file 'l_talus.vtp'.
[2026-02-13 15:40:52.104] [warning] Couldn't find file 'l_foot.vtp'.
[2026-02-13 15:40:52.104] [warning] Couldn't find file 'l_bofoot.vtp'.
[2026-02-13 15:40:52.104] [warning] Couldn't find file 'hat_spine.vtp'.
[2026-02-13 15:40:52.104] [warning] Couldn't find file 'hat_jaw.vtp'.
[2026-02-13 15:40:52.104] [warning] Couldn't find file 'hat_skull.vtp'.
[2026-02-13 15:40:52.104] [warning] Couldn't find file 'hat_ribs_scap.vtp'.
[2026-02-13 15:40:52.104] [warning] Couldn't find file 'humerus_rv.vtp'.
[2026-02-13 15:40:52.104] [warning] Couldn't find file 'ulna_rv.vtp'.
[2026-02-13 15:40:52.104] [warning] Couldn't find file 'radius_rv.vtp'.
[2026-02-13 15:40:52.104] [warning] Couldn't find file 'pisiform_rvs.vtp'.
[2026-02-13 15:40:52.104] [warning] Couldn't find file 'lunate_rvs.vtp'.
[2026-02-13 15:40:52.104] [warning] Couldn't find file 'scaphoid_rvs.vtp'.
[2026-02-13 15:40:52.104] [warning] Couldn't find file 'triquetrum_rvs.vtp'.
[2026-02-13 15:40:52.104] [warning] Couldn't find file 'hamate_rvs.vtp'.
[2026-02-13 15:40:52.104] [warning] Couldn't find file 'capitate_rvs.vtp'.
[2026-02-13 15:40:52.104] [warning] Couldn't find file 'trapezoid_rvs.vtp'.
[2026-02-13 15:40:52.104] [warning] Couldn't find file 'trapezium_rvs.vtp'.
[2026-02-13 15:40:52.104] [warning] Couldn't find file 'metacarpal2_rvs.vtp'.
[2026-02-13 15:40:52.104] [warning] Couldn't find file 'index_proximal_rvs.vtp'.
[2026-02-13 15:40:52.104] [warning] Couldn't find file 'index_medial_rvs.vtp'.
[2026-02-13 15:40:52.104] [warning] Couldn't find file 'index_distal_rvs.vtp'.
[2026-02-13 15:40:52.105] [warning] Couldn't find file 'metacarpal3_rvs.vtp'.
[2026-02-13 15:40:52.105] [warning] Couldn't find file 'middle_proximal_rvs.vtp'.
[2026-02-13 15:40:52.105] [warning] Couldn't find file 'middle_medial_rvs.vtp'.
[2026-02-13 15:40:52.105] [warning] Couldn't find file 'middle_distal_rvs.vtp'.
[2026-02-13 15:40:52.105] [warning] Couldn't find file 'metacarpal4_rvs.vtp'.
[2026-02-13 15:40:52.105] [warning] Couldn't find file 'ring_proximal_rvs.vtp'.
[2026-02-13 15:40:52.105] [warning] Couldn't find file 'ring_medial_rvs.vtp'.
[2026-02-13 15:40:52.105] [warning] Couldn't find file 'ring_distal_rvs.vtp'.
[2026-02-13 15:40:52.105] [warning] Couldn't find file 'metacarpal5_rvs.vtp'.
[2026-02-13 15:40:52.105] [warning] Couldn't find file 'little_proximal_rvs.vtp'.
[2026-02-13 15:40:52.105] [warning] Couldn't find file 'little_medial_rvs.vtp'.
[2026-02-13 15:40:52.105] [warning] Couldn't find file 'little_distal_rvs.vtp'.
[2026-02-13 15:40:52.105] [warning] Couldn't find file 'metacarpal1_rvs.vtp'.
[2026-02-13 15:40:52.105] [warning] Couldn't find file 'thumb_proximal_rvs.vtp'.
[2026-02-13 15:40:52.105] [warning] Couldn't find file 'thumb_distal_rvs.vtp'.
[2026-02-13 15:40:52.105] [warning] Couldn't find file 'humerus_lv.vtp'.
[2026-02-13 15:40:52.105] [warning] Couldn't find file 'ulna_lv.vtp'.
[2026-02-13 15:40:52.105] [warning] Couldn't find file 'radius_lv.vtp'.
[2026-02-13 15:40:52.105] [warning] Couldn't find file 'pisiform_lvs.vtp'.
[2026-02-13 15:40:52.105] [warning] Couldn't find file 'lunate_lvs.vtp'.
[2026-02-13 15:40:52.105] [warning] Couldn't find file 'scaphoid_lvs.vtp'.
[2026-02-13 15:40:52.105] [warning] Couldn't find file 'triquetrum_lvs.vtp'.
[2026-02-13 15:40:52.105] [warning] Couldn't find file 'hamate_lvs.vtp'.
[2026-02-13 15:40:52.105] [warning] Couldn't find file 'capitate_lvs.vtp'.
[2026-02-13 15:40:52.105] [warning] Couldn't find file 'trapezoid_lvs.vtp'.
[2026-02-13 15:40:52.105] [warning] Couldn't find file 'trapezium_lvs.vtp'.
[2026-02-13 15:40:52.105] [warning] Couldn't find file 'metacarpal2_lvs.vtp'.
[2026-02-13 15:40:52.105] [warning] Couldn't find file 'index_proximal_lvs.vtp'.
[2026-02-13 15:40:52.106] [warning] Couldn't find file 'index_medial_lvs.vtp'.
[2026-02-13 15:40:52.106] [warning] Couldn't find file 'index_distal_lvs.vtp'.
[2026-02-13 15:40:52.106] [warning] Couldn't find file 'metacarpal3_lvs.vtp'.
[2026-02-13 15:40:52.106] [warning] Couldn't find file 'middle_proximal_lvs.vtp'.
[2026-02-13 15:40:52.106] [warning] Couldn't find file 'middle_medial_lvs.vtp'.
[2026-02-13 15:40:52.106] [warning] Couldn't find file 'middle_distal_lvs.vtp'.
[2026-02-13 15:40:52.106] [warning] Couldn't find file 'metacarpal4_lvs.vtp'.
[2026-02-13 15:40:52.106] [warning] Couldn't find file 'ring_proximal_lvs.vtp'.
[2026-02-13 15:40:52.106] [warning] Couldn't find file 'ring_medial_lvs.vtp'.
[2026-02-13 15:40:52.106] [warning] Couldn't find file 'ring_distal_lvs.vtp'.
[2026-02-13 15:40:52.106] [warning] Couldn't find file 'metacarpal5_lvs.vtp'.
[2026-02-13 15:40:52.106] [warning] Couldn't find file 'little_proximal_lvs.vtp'.
[2026-02-13 15:40:52.106] [warning] Couldn't find file 'little_medial_lvs.vtp'.
[2026-02-13 15:40:52.106] [warning] Couldn't find file 'little_distal_lvs.vtp'.
[2026-02-13 15:40:52.106] [warning] Couldn't find file 'metacarpal1_lvs.vtp'.
[2026-02-13 15:40:52.106] [warning] Couldn't find file 'thumb_proximal_lvs.vtp'.
[2026-02-13 15:40:52.106] [warning] Couldn't find file 'thumb_distal_lvs.vtp'.
[2026-02-13 15:40:52.111] [info] No external loads will be applied (external loads file not specified).
[2026-02-13 15:40:52.124] [info] Loading coordinates from file 'C:\Users\Israel Luis\Documents\GitHub\GoalOptimized\Database\sub3\IK\IK_sub3_v2_t2.mot'.
[2026-02-13 15:40:52.124] [info] Storage: read data file = C:\Users\Israel Luis\Documents\GitHub\GoalOptimized\Database\sub3\IK\IK_sub3_v2_t2.mot (nr=112 nc=40)
[2026-02-13 15:40:52.755] [info] Found 112 state vectors with time stamps ranging from 0.78 to 1.89.
[2026-02-13 15:40:52.755] [info] Executing the analyses from 0.78 to 1.89...
[2026-02-13 15:40:56.869] [info] Printing results of investigation IK_sub3_v2_t2 to C:\Users\Israel Luis\Documents\GitHub\GoalOptimized\ProjectResults\DSE\sub3\v2_t2\Je\MuscleAnalysis
[2026-02-13 15:41:13.467] [info] Updating Model file from 40000 to latest format...
[2026-02-13 15:41:13.487] [info] Loaded model 7_scaledH_rajagopal2016_1802_7 from file C:\Users\Israel Luis\Documents\GitHub\GoalOptimized\Database\sub3\model\model_rajagopal2022_sub3.osim
[2026-02-13 15:41:13.487] [warning] Couldn't find file 'r_pelvis.vtp'.
[2026-02-13 15:41:13.487] [warning] Couldn't find file 'l_pelvis.vtp'.
[2026-02-13 15:41:13.487] [warning] Couldn't find file 'sacrum.vtp'.
[2026-02-13 15:41:13.487] [warning] Couldn't find file 'r_femur.vtp'.
[2026-02-13 15:41:13.487] [warning] Couldn't find file 'r_tibia.vtp'.
[2026-02-13 15:41:13.487] [warning] Couldn't find file 'r_fibula.vtp'.
[2026-02-13 15:41:13.487] [warning] Couldn't find file 'r_patella.vtp'.
[2026-02-13 15:41:13.487] [warning] Couldn't find file 'r_talus.vtp'.
[2026-02-13 15:41:13.487] [warning] Couldn't find file 'r_foot.vtp'.
[2026-02-13 15:41:13.488] [warning] Couldn't find file 'r_bofoot.vtp'.
[2026-02-13 15:41:13.488] [warning] Couldn't find file 'l_femur.vtp'.
[2026-02-13 15:41:13.488] [warning] Couldn't find file 'l_tibia.vtp'.
[2026-02-13 15:41:13.488] [warning] Couldn't find file 'l_fibula.vtp'.
[2026-02-13 15:41:13.488] [warning] Couldn't find file 'l_patella.vtp'.
[2026-02-13 15:41:13.488] [warning] Couldn't find file 'l_talus.vtp'.
[2026-02-13 15:41:13.488] [warning] Couldn't find file 'l_foot.vtp'.
[2026-02-13 15:41:13.488] [warning] Couldn't find file 'l_bofoot.vtp'.
[2026-02-13 15:41:13.488] [warning] Couldn't find file 'hat_spine.vtp'.
[2026-02-13 15:41:13.488] [warning] Couldn't find file 'hat_jaw.vtp'.
[2026-02-13 15:41:13.488] [warning] Couldn't find file 'hat_skull.vtp'.
[2026-02-13 15:41:13.488] [warning] Couldn't find file 'hat_ribs_scap.vtp'.
[2026-02-13 15:41:13.488] [warning] Couldn't find file 'humerus_rv.vtp'.
[2026-02-13 15:41:13.488] [warning] Couldn't find file 'ulna_rv.vtp'.
[2026-02-13 15:41:13.488] [warning] Couldn't find file 'radius_rv.vtp'.
[2026-02-13 15:41:13.488] [warning] Couldn't find file 'pisiform_rvs.vtp'.
[2026-02-13 15:41:13.488] [warning] Couldn't find file 'lunate_rvs.vtp'.
[2026-02-13 15:41:13.488] [warning] Couldn't find file 'scaphoid_rvs.vtp'.
[2026-02-13 15:41:13.488] [warning] Couldn't find file 'triquetrum_rvs.vtp'.
[2026-02-13 15:41:13.488] [warning] Couldn't find file 'hamate_rvs.vtp'.
[2026-02-13 15:41:13.488] [warning] Couldn't find file 'capitate_rvs.vtp'.
[2026-02-13 15:41:13.488] [warning] Couldn't find file 'trapezoid_rvs.vtp'.
[2026-02-13 15:41:13.488] [warning] Couldn't find file 'trapezium_rvs.vtp'.
[2026-02-13 15:41:13.488] [warning] Couldn't find file 'metacarpal2_rvs.vtp'.
[2026-02-13 15:41:13.488] [warning] Couldn't find file 'index_proximal_rvs.vtp'.
[2026-02-13 15:41:13.488] [warning] Couldn't find file 'index_medial_rvs.vtp'.
[2026-02-13 15:41:13.488] [warning] Couldn't find file 'index_distal_rvs.vtp'.
[2026-02-13 15:41:13.489] [warning] Couldn't find file 'metacarpal3_rvs.vtp'.
[2026-02-13 15:41:13.489] [warning] Couldn't find file 'middle_proximal_rvs.vtp'.
[2026-02-13 15:41:13.489] [warning] Couldn't find file 'middle_medial_rvs.vtp'.
[2026-02-13 15:41:13.489] [warning] Couldn't find file 'middle_distal_rvs.vtp'.
[2026-02-13 15:41:13.489] [warning] Couldn't find file 'metacarpal4_rvs.vtp'.
[2026-02-13 15:41:13.489] [warning] Couldn't find file 'ring_proximal_rvs.vtp'.
[2026-02-13 15:41:13.489] [warning] Couldn't find file 'ring_medial_rvs.vtp'.
[2026-02-13 15:41:13.489] [warning] Couldn't find file 'ring_distal_rvs.vtp'.
[2026-02-13 15:41:13.489] [warning] Couldn't find file 'metacarpal5_rvs.vtp'.
[2026-02-13 15:41:13.489] [warning] Couldn't find file 'little_proximal_rvs.vtp'.
[2026-02-13 15:41:13.489] [warning] Couldn't find file 'little_medial_rvs.vtp'.
[2026-02-13 15:41:13.489] [warning] Couldn't find file 'little_distal_rvs.vtp'.
[2026-02-13 15:41:13.489] [warning] Couldn't find file 'metacarpal1_rvs.vtp'.
[2026-02-13 15:41:13.489] [warning] Couldn't find file 'thumb_proximal_rvs.vtp'.
[2026-02-13 15:41:13.489] [warning] Couldn't find file 'thumb_distal_rvs.vtp'.
[2026-02-13 15:41:13.489] [warning] Couldn't find file 'humerus_lv.vtp'.
[2026-02-13 15:41:13.489] [warning] Couldn't find file 'ulna_lv.vtp'.
[2026-02-13 15:41:13.489] [warning] Couldn't find file 'radius_lv.vtp'.
[2026-02-13 15:41:13.489] [warning] Couldn't find file 'pisiform_lvs.vtp'.
[2026-02-13 15:41:13.489] [warning] Couldn't find file 'lunate_lvs.vtp'.
[2026-02-13 15:41:13.489] [warning] Couldn't find file 'scaphoid_lvs.vtp'.
[2026-02-13 15:41:13.489] [warning] Couldn't find file 'triquetrum_lvs.vtp'.
[2026-02-13 15:41:13.489] [warning] Couldn't find file 'hamate_lvs.vtp'.
[2026-02-13 15:41:13.489] [warning] Couldn't find file 'capitate_lvs.vtp'.
[2026-02-13 15:41:13.489] [warning] Couldn't find file 'trapezoid_lvs.vtp'.
[2026-02-13 15:41:13.489] [warning] Couldn't find file 'trapezium_lvs.vtp'.
[2026-02-13 15:41:13.489] [warning] Couldn't find file 'metacarpal2_lvs.vtp'.
[2026-02-13 15:41:13.489] [warning] Couldn't find file 'index_proximal_lvs.vtp'.
[2026-02-13 15:41:13.490] [warning] Couldn't find file 'index_medial_lvs.vtp'.
[2026-02-13 15:41:13.490] [warning] Couldn't find file 'index_distal_lvs.vtp'.
[2026-02-13 15:41:13.490] [warning] Couldn't find file 'metacarpal3_lvs.vtp'.
[2026-02-13 15:41:13.490] [warning] Couldn't find file 'middle_proximal_lvs.vtp'.
[2026-02-13 15:41:13.490] [warning] Couldn't find file 'middle_medial_lvs.vtp'.
[2026-02-13 15:41:13.490] [warning] Couldn't find file 'middle_distal_lvs.vtp'.
[2026-02-13 15:41:13.490] [warning] Couldn't find file 'metacarpal4_lvs.vtp'.
[2026-02-13 15:41:13.490] [warning] Couldn't find file 'ring_proximal_lvs.vtp'.
[2026-02-13 15:41:13.490] [warning] Couldn't find file 'ring_medial_lvs.vtp'.
[2026-02-13 15:41:13.490] [warning] Couldn't find file 'ring_distal_lvs.vtp'.
[2026-02-13 15:41:13.490] [warning] Couldn't find file 'metacarpal5_lvs.vtp'.
[2026-02-13 15:41:13.490] [warning] Couldn't find file 'little_proximal_lvs.vtp'.
[2026-02-13 15:41:13.490] [warning] Couldn't find file 'little_medial_lvs.vtp'.
[2026-02-13 15:41:13.490] [warning] Couldn't find file 'little_distal_lvs.vtp'.
[2026-02-13 15:41:13.490] [warning] Couldn't find file 'metacarpal1_lvs.vtp'.
[2026-02-13 15:41:13.490] [warning] Couldn't find file 'thumb_proximal_lvs.vtp'.
[2026-02-13 15:41:13.490] [warning] Couldn't find file 'thumb_distal_lvs.vtp'.
[2026-02-13 15:41:13.503] [info] AbstractTool IK_sub3_v2_t3 loading model C:\Users\Israel Luis\Documents\GitHub\GoalOptimized\Database\sub3\model\model_rajagopal2022_sub3.osim
[2026-02-13 15:41:13.519] [info] Updating Model file from 40000 to latest format...
[2026-02-13 15:41:13.540] [info] Loaded model 7_scaledH_rajagopal2016_1802_7 from file C:\Users\Israel Luis\Documents\GitHub\GoalOptimized\Database\sub3\model\model_rajagopal2022_sub3.osim
[2026-02-13 15:41:13.540] [warning] Couldn't find file 'r_pelvis.vtp'.
[2026-02-13 15:41:13.540] [warning] Couldn't find file 'l_pelvis.vtp'.
[2026-02-13 15:41:13.540] [warning] Couldn't find file 'sacrum.vtp'.
[2026-02-13 15:41:13.540] [warning] Couldn't find file 'r_femur.vtp'.
[2026-02-13 15:41:13.540] [warning] Couldn't find file 'r_tibia.vtp'.
[2026-02-13 15:41:13.540] [warning] Couldn't find file 'r_fibula.vtp'.
[2026-02-13 15:41:13.540] [warning] Couldn't find file 'r_patella.vtp'.
[2026-02-13 15:41:13.540] [warning] Couldn't find file 'r_talus.vtp'.
[2026-02-13 15:41:13.540] [warning] Couldn't find file 'r_foot.vtp'.
[2026-02-13 15:41:13.540] [warning] Couldn't find file 'r_bofoot.vtp'.
[2026-02-13 15:41:13.540] [warning] Couldn't find file 'l_femur.vtp'.
[2026-02-13 15:41:13.540] [warning] Couldn't find file 'l_tibia.vtp'.
[2026-02-13 15:41:13.540] [warning] Couldn't find file 'l_fibula.vtp'.
[2026-02-13 15:41:13.540] [warning] Couldn't find file 'l_patella.vtp'.
[2026-02-13 15:41:13.541] [warning] Couldn't find file 'l_talus.vtp'.
[2026-02-13 15:41:13.541] [warning] Couldn't find file 'l_foot.vtp'.
[2026-02-13 15:41:13.541] [warning] Couldn't find file 'l_bofoot.vtp'.
[2026-02-13 15:41:13.541] [warning] Couldn't find file 'hat_spine.vtp'.
[2026-02-13 15:41:13.541] [warning] Couldn't find file 'hat_jaw.vtp'.
[2026-02-13 15:41:13.541] [warning] Couldn't find file 'hat_skull.vtp'.
[2026-02-13 15:41:13.541] [warning] Couldn't find file 'hat_ribs_scap.vtp'.
[2026-02-13 15:41:13.541] [warning] Couldn't find file 'humerus_rv.vtp'.
[2026-02-13 15:41:13.541] [warning] Couldn't find file 'ulna_rv.vtp'.
[2026-02-13 15:41:13.541] [warning] Couldn't find file 'radius_rv.vtp'.
[2026-02-13 15:41:13.541] [warning] Couldn't find file 'pisiform_rvs.vtp'.
[2026-02-13 15:41:13.541] [warning] Couldn't find file 'lunate_rvs.vtp'.
[2026-02-13 15:41:13.541] [warning] Couldn't find file 'scaphoid_rvs.vtp'.
[2026-02-13 15:41:13.541] [warning] Couldn't find file 'triquetrum_rvs.vtp'.
[2026-02-13 15:41:13.541] [warning] Couldn't find file 'hamate_rvs.vtp'.
[2026-02-13 15:41:13.541] [warning] Couldn't find file 'capitate_rvs.vtp'.
[2026-02-13 15:41:13.541] [warning] Couldn't find file 'trapezoid_rvs.vtp'.
[2026-02-13 15:41:13.541] [warning] Couldn't find file 'trapezium_rvs.vtp'.
[2026-02-13 15:41:13.541] [warning] Couldn't find file 'metacarpal2_rvs.vtp'.
[2026-02-13 15:41:13.542] [warning] Couldn't find file 'index_proximal_rvs.vtp'.
[2026-02-13 15:41:13.542] [warning] Couldn't find file 'index_medial_rvs.vtp'.
[2026-02-13 15:41:13.542] [warning] Couldn't find file 'index_distal_rvs.vtp'.
[2026-02-13 15:41:13.542] [warning] Couldn't find file 'metacarpal3_rvs.vtp'.
[2026-02-13 15:41:13.542] [warning] Couldn't find file 'middle_proximal_rvs.vtp'.
[2026-02-13 15:41:13.542] [warning] Couldn't find file 'middle_medial_rvs.vtp'.
[2026-02-13 15:41:13.542] [warning] Couldn't find file 'middle_distal_rvs.vtp'.
[2026-02-13 15:41:13.542] [warning] Couldn't find file 'metacarpal4_rvs.vtp'.
[2026-02-13 15:41:13.542] [warning] Couldn't find file 'ring_proximal_rvs.vtp'.
[2026-02-13 15:41:13.542] [warning] Couldn't find file 'ring_medial_rvs.vtp'.
[2026-02-13 15:41:13.542] [warning] Couldn't find file 'ring_distal_rvs.vtp'.
[2026-02-13 15:41:13.542] [warning] Couldn't find file 'metacarpal5_rvs.vtp'.
[2026-02-13 15:41:13.542] [warning] Couldn't find file 'little_proximal_rvs.vtp'.
[2026-02-13 15:41:13.542] [warning] Couldn't find file 'little_medial_rvs.vtp'.
[2026-02-13 15:41:13.542] [warning] Couldn't find file 'little_distal_rvs.vtp'.
[2026-02-13 15:41:13.542] [warning] Couldn't find file 'metacarpal1_rvs.vtp'.
[2026-02-13 15:41:13.542] [warning] Couldn't find file 'thumb_proximal_rvs.vtp'.
[2026-02-13 15:41:13.542] [warning] Couldn't find file 'thumb_distal_rvs.vtp'.
[2026-02-13 15:41:13.542] [warning] Couldn't find file 'humerus_lv.vtp'.
[2026-02-13 15:41:13.542] [warning] Couldn't find file 'ulna_lv.vtp'.
[2026-02-13 15:41:13.542] [warning] Couldn't find file 'radius_lv.vtp'.
[2026-02-13 15:41:13.542] [warning] Couldn't find file 'pisiform_lvs.vtp'.
[2026-02-13 15:41:13.542] [warning] Couldn't find file 'lunate_lvs.vtp'.
[2026-02-13 15:41:13.542] [warning] Couldn't find file 'scaphoid_lvs.vtp'.
[2026-02-13 15:41:13.542] [warning] Couldn't find file 'triquetrum_lvs.vtp'.
[2026-02-13 15:41:13.542] [warning] Couldn't find file 'hamate_lvs.vtp'.
[2026-02-13 15:41:13.542] [warning] Couldn't find file 'capitate_lvs.vtp'.
[2026-02-13 15:41:13.542] [warning] Couldn't find file 'trapezoid_lvs.vtp'.
[2026-02-13 15:41:13.543] [warning] Couldn't find file 'trapezium_lvs.vtp'.
[2026-02-13 15:41:13.543] [warning] Couldn't find file 'metacarpal2_lvs.vtp'.
[2026-02-13 15:41:13.543] [warning] Couldn't find file 'index_proximal_lvs.vtp'.
[2026-02-13 15:41:13.543] [warning] Couldn't find file 'index_medial_lvs.vtp'.
[2026-02-13 15:41:13.543] [warning] Couldn't find file 'index_distal_lvs.vtp'.
[2026-02-13 15:41:13.543] [warning] Couldn't find file 'metacarpal3_lvs.vtp'.
[2026-02-13 15:41:13.543] [warning] Couldn't find file 'middle_proximal_lvs.vtp'.
[2026-02-13 15:41:13.543] [warning] Couldn't find file 'middle_medial_lvs.vtp'.
[2026-02-13 15:41:13.543] [warning] Couldn't find file 'middle_distal_lvs.vtp'.
[2026-02-13 15:41:13.543] [warning] Couldn't find file 'metacarpal4_lvs.vtp'.
[2026-02-13 15:41:13.543] [warning] Couldn't find file 'ring_proximal_lvs.vtp'.
[2026-02-13 15:41:13.543] [warning] Couldn't find file 'ring_medial_lvs.vtp'.
[2026-02-13 15:41:13.543] [warning] Couldn't find file 'ring_distal_lvs.vtp'.
[2026-02-13 15:41:13.543] [warning] Couldn't find file 'metacarpal5_lvs.vtp'.
[2026-02-13 15:41:13.543] [warning] Couldn't find file 'little_proximal_lvs.vtp'.
[2026-02-13 15:41:13.543] [warning] Couldn't find file 'little_medial_lvs.vtp'.
[2026-02-13 15:41:13.543] [warning] Couldn't find file 'little_distal_lvs.vtp'.
[2026-02-13 15:41:13.543] [warning] Couldn't find file 'metacarpal1_lvs.vtp'.
[2026-02-13 15:41:13.543] [warning] Couldn't find file 'thumb_proximal_lvs.vtp'.
[2026-02-13 15:41:13.543] [warning] Couldn't find file 'thumb_distal_lvs.vtp'.
[2026-02-13 15:41:13.548] [info] No external loads will be applied (external loads file not specified).
[2026-02-13 15:41:13.560] [info] Loading coordinates from file 'C:\Users\Israel Luis\Documents\GitHub\GoalOptimized\Database\sub3\IK\IK_sub3_v2_t3.mot'.
[2026-02-13 15:41:13.560] [info] Storage: read data file = C:\Users\Israel Luis\Documents\GitHub\GoalOptimized\Database\sub3\IK\IK_sub3_v2_t3.mot (nr=114 nc=40)
[2026-02-13 15:41:14.134] [info] Found 114 state vectors with time stamps ranging from 1.1 to 2.23.
[2026-02-13 15:41:14.134] [info] Executing the analyses from 1.1 to 2.23...
[2026-02-13 15:41:18.312] [info] Printing results of investigation IK_sub3_v2_t3 to C:\Users\Israel Luis\Documents\GitHub\GoalOptimized\ProjectResults\DSE\sub3\v2_t3\Je\MuscleAnalysis
[2026-02-13 15:41:31.864] [info] Updating Model file from 40000 to latest format...
[2026-02-13 15:41:31.883] [info] Loaded model 9_scaled_rajagopal2022 from file C:\Users\Israel Luis\Documents\GitHub\GoalOptimized\Database\sub4\model\model_rajagopal2022_sub4.osim
[2026-02-13 15:41:31.883] [warning] Couldn't find file 'r_pelvis.vtp'.
[2026-02-13 15:41:31.883] [warning] Couldn't find file 'l_pelvis.vtp'.
[2026-02-13 15:41:31.883] [warning] Couldn't find file 'sacrum.vtp'.
[2026-02-13 15:41:31.883] [warning] Couldn't find file 'r_femur.vtp'.
[2026-02-13 15:41:31.883] [warning] Couldn't find file 'r_tibia.vtp'.
[2026-02-13 15:41:31.883] [warning] Couldn't find file 'r_fibula.vtp'.
[2026-02-13 15:41:31.883] [warning] Couldn't find file 'r_patella.vtp'.
[2026-02-13 15:41:31.884] [warning] Couldn't find file 'r_talus.vtp'.
[2026-02-13 15:41:31.884] [warning] Couldn't find file 'r_foot.vtp'.
[2026-02-13 15:41:31.884] [warning] Couldn't find file 'r_bofoot.vtp'.
[2026-02-13 15:41:31.884] [warning] Couldn't find file 'l_femur.vtp'.
[2026-02-13 15:41:31.884] [warning] Couldn't find file 'l_tibia.vtp'.
[2026-02-13 15:41:31.884] [warning] Couldn't find file 'l_fibula.vtp'.
[2026-02-13 15:41:31.884] [warning] Couldn't find file 'l_patella.vtp'.
[2026-02-13 15:41:31.884] [warning] Couldn't find file 'l_talus.vtp'.
[2026-02-13 15:41:31.884] [warning] Couldn't find file 'l_foot.vtp'.
[2026-02-13 15:41:31.884] [warning] Couldn't find file 'l_bofoot.vtp'.
[2026-02-13 15:41:31.884] [warning] Couldn't find file 'hat_spine.vtp'.
[2026-02-13 15:41:31.884] [warning] Couldn't find file 'hat_jaw.vtp'.
[2026-02-13 15:41:31.884] [warning] Couldn't find file 'hat_skull.vtp'.
[2026-02-13 15:41:31.884] [warning] Couldn't find file 'hat_ribs_scap.vtp'.
[2026-02-13 15:41:31.884] [warning] Couldn't find file 'humerus_rv.vtp'.
[2026-02-13 15:41:31.884] [warning] Couldn't find file 'ulna_rv.vtp'.
[2026-02-13 15:41:31.884] [warning] Couldn't find file 'radius_rv.vtp'.
[2026-02-13 15:41:31.884] [warning] Couldn't find file 'pisiform_rvs.vtp'.
[2026-02-13 15:41:31.884] [warning] Couldn't find file 'lunate_rvs.vtp'.
[2026-02-13 15:41:31.884] [warning] Couldn't find file 'scaphoid_rvs.vtp'.
[2026-02-13 15:41:31.884] [warning] Couldn't find file 'triquetrum_rvs.vtp'.
[2026-02-13 15:41:31.884] [warning] Couldn't find file 'hamate_rvs.vtp'.
[2026-02-13 15:41:31.884] [warning] Couldn't find file 'capitate_rvs.vtp'.
[2026-02-13 15:41:31.884] [warning] Couldn't find file 'trapezoid_rvs.vtp'.
[2026-02-13 15:41:31.884] [warning] Couldn't find file 'trapezium_rvs.vtp'.
[2026-02-13 15:41:31.884] [warning] Couldn't find file 'metacarpal2_rvs.vtp'.
[2026-02-13 15:41:31.884] [warning] Couldn't find file 'index_proximal_rvs.vtp'.
[2026-02-13 15:41:31.885] [warning] Couldn't find file 'index_medial_rvs.vtp'.
[2026-02-13 15:41:31.885] [warning] Couldn't find file 'index_distal_rvs.vtp'.
[2026-02-13 15:41:31.885] [warning] Couldn't find file 'metacarpal3_rvs.vtp'.
[2026-02-13 15:41:31.885] [warning] Couldn't find file 'middle_proximal_rvs.vtp'.
[2026-02-13 15:41:31.885] [warning] Couldn't find file 'middle_medial_rvs.vtp'.
[2026-02-13 15:41:31.885] [warning] Couldn't find file 'middle_distal_rvs.vtp'.
[2026-02-13 15:41:31.885] [warning] Couldn't find file 'metacarpal4_rvs.vtp'.
[2026-02-13 15:41:31.885] [warning] Couldn't find file 'ring_proximal_rvs.vtp'.
[2026-02-13 15:41:31.885] [warning] Couldn't find file 'ring_medial_rvs.vtp'.
[2026-02-13 15:41:31.885] [warning] Couldn't find file 'ring_distal_rvs.vtp'.
[2026-02-13 15:41:31.885] [warning] Couldn't find file 'metacarpal5_rvs.vtp'.
[2026-02-13 15:41:31.885] [warning] Couldn't find file 'little_proximal_rvs.vtp'.
[2026-02-13 15:41:31.885] [warning] Couldn't find file 'little_medial_rvs.vtp'.
[2026-02-13 15:41:31.885] [warning] Couldn't find file 'little_distal_rvs.vtp'.
[2026-02-13 15:41:31.885] [warning] Couldn't find file 'metacarpal1_rvs.vtp'.
[2026-02-13 15:41:31.885] [warning] Couldn't find file 'thumb_proximal_rvs.vtp'.
[2026-02-13 15:41:31.885] [warning] Couldn't find file 'thumb_distal_rvs.vtp'.
[2026-02-13 15:41:31.885] [warning] Couldn't find file 'humerus_lv.vtp'.
[2026-02-13 15:41:31.885] [warning] Couldn't find file 'ulna_lv.vtp'.
[2026-02-13 15:41:31.885] [warning] Couldn't find file 'radius_lv.vtp'.
[2026-02-13 15:41:31.885] [warning] Couldn't find file 'pisiform_lvs.vtp'.
[2026-02-13 15:41:31.885] [warning] Couldn't find file 'lunate_lvs.vtp'.
[2026-02-13 15:41:31.885] [warning] Couldn't find file 'scaphoid_lvs.vtp'.
[2026-02-13 15:41:31.885] [warning] Couldn't find file 'triquetrum_lvs.vtp'.
[2026-02-13 15:41:31.885] [warning] Couldn't find file 'hamate_lvs.vtp'.
[2026-02-13 15:41:31.885] [warning] Couldn't find file 'capitate_lvs.vtp'.
[2026-02-13 15:41:31.885] [warning] Couldn't find file 'trapezoid_lvs.vtp'.
[2026-02-13 15:41:31.885] [warning] Couldn't find file 'trapezium_lvs.vtp'.
[2026-02-13 15:41:31.886] [warning] Couldn't find file 'metacarpal2_lvs.vtp'.
[2026-02-13 15:41:31.886] [warning] Couldn't find file 'index_proximal_lvs.vtp'.
[2026-02-13 15:41:31.886] [warning] Couldn't find file 'index_medial_lvs.vtp'.
[2026-02-13 15:41:31.886] [warning] Couldn't find file 'index_distal_lvs.vtp'.
[2026-02-13 15:41:31.886] [warning] Couldn't find file 'metacarpal3_lvs.vtp'.
[2026-02-13 15:41:31.886] [warning] Couldn't find file 'middle_proximal_lvs.vtp'.
[2026-02-13 15:41:31.886] [warning] Couldn't find file 'middle_medial_lvs.vtp'.
[2026-02-13 15:41:31.886] [warning] Couldn't find file 'middle_distal_lvs.vtp'.
[2026-02-13 15:41:31.886] [warning] Couldn't find file 'metacarpal4_lvs.vtp'.
[2026-02-13 15:41:31.886] [warning] Couldn't find file 'ring_proximal_lvs.vtp'.
[2026-02-13 15:41:31.886] [warning] Couldn't find file 'ring_medial_lvs.vtp'.
[2026-02-13 15:41:31.886] [warning] Couldn't find file 'ring_distal_lvs.vtp'.
[2026-02-13 15:41:31.886] [warning] Couldn't find file 'metacarpal5_lvs.vtp'.
[2026-02-13 15:41:31.886] [warning] Couldn't find file 'little_proximal_lvs.vtp'.
[2026-02-13 15:41:31.886] [warning] Couldn't find file 'little_medial_lvs.vtp'.
[2026-02-13 15:41:31.886] [warning] Couldn't find file 'little_distal_lvs.vtp'.
[2026-02-13 15:41:31.886] [warning] Couldn't find file 'metacarpal1_lvs.vtp'.
[2026-02-13 15:41:31.886] [warning] Couldn't find file 'thumb_proximal_lvs.vtp'.
[2026-02-13 15:41:31.886] [warning] Couldn't find file 'thumb_distal_lvs.vtp'.
[2026-02-13 15:41:31.897] [info] AbstractTool IK_sub4_v2_t2 loading model C:\Users\Israel Luis\Documents\GitHub\GoalOptimized\Database\sub4\model\model_rajagopal2022_sub4.osim
[2026-02-13 15:41:31.911] [info] Updating Model file from 40000 to latest format...
[2026-02-13 15:41:31.930] [info] Loaded model 9_scaled_rajagopal2022 from file C:\Users\Israel Luis\Documents\GitHub\GoalOptimized\Database\sub4\model\model_rajagopal2022_sub4.osim
[2026-02-13 15:41:31.930] [warning] Couldn't find file 'r_pelvis.vtp'.
[2026-02-13 15:41:31.930] [warning] Couldn't find file 'l_pelvis.vtp'.
[2026-02-13 15:41:31.930] [warning] Couldn't find file 'sacrum.vtp'.
[2026-02-13 15:41:31.930] [warning] Couldn't find file 'r_femur.vtp'.
[2026-02-13 15:41:31.930] [warning] Couldn't find file 'r_tibia.vtp'.
[2026-02-13 15:41:31.930] [warning] Couldn't find file 'r_fibula.vtp'.
[2026-02-13 15:41:31.930] [warning] Couldn't find file 'r_patella.vtp'.
[2026-02-13 15:41:31.930] [warning] Couldn't find file 'r_talus.vtp'.
[2026-02-13 15:41:31.930] [warning] Couldn't find file 'r_foot.vtp'.
[2026-02-13 15:41:31.930] [warning] Couldn't find file 'r_bofoot.vtp'.
[2026-02-13 15:41:31.930] [warning] Couldn't find file 'l_femur.vtp'.
[2026-02-13 15:41:31.930] [warning] Couldn't find file 'l_tibia.vtp'.
[2026-02-13 15:41:31.930] [warning] Couldn't find file 'l_fibula.vtp'.
[2026-02-13 15:41:31.930] [warning] Couldn't find file 'l_patella.vtp'.
[2026-02-13 15:41:31.930] [warning] Couldn't find file 'l_talus.vtp'.
[2026-02-13 15:41:31.930] [warning] Couldn't find file 'l_foot.vtp'.
[2026-02-13 15:41:31.931] [warning] Couldn't find file 'l_bofoot.vtp'.
[2026-02-13 15:41:31.931] [warning] Couldn't find file 'hat_spine.vtp'.
[2026-02-13 15:41:31.931] [warning] Couldn't find file 'hat_jaw.vtp'.
[2026-02-13 15:41:31.931] [warning] Couldn't find file 'hat_skull.vtp'.
[2026-02-13 15:41:31.931] [warning] Couldn't find file 'hat_ribs_scap.vtp'.
[2026-02-13 15:41:31.931] [warning] Couldn't find file 'humerus_rv.vtp'.
[2026-02-13 15:41:31.931] [warning] Couldn't find file 'ulna_rv.vtp'.
[2026-02-13 15:41:31.931] [warning] Couldn't find file 'radius_rv.vtp'.
[2026-02-13 15:41:31.931] [warning] Couldn't find file 'pisiform_rvs.vtp'.
[2026-02-13 15:41:31.931] [warning] Couldn't find file 'lunate_rvs.vtp'.
[2026-02-13 15:41:31.931] [warning] Couldn't find file 'scaphoid_rvs.vtp'.
[2026-02-13 15:41:31.931] [warning] Couldn't find file 'triquetrum_rvs.vtp'.
[2026-02-13 15:41:31.931] [warning] Couldn't find file 'hamate_rvs.vtp'.
[2026-02-13 15:41:31.931] [warning] Couldn't find file 'capitate_rvs.vtp'.
[2026-02-13 15:41:31.931] [warning] Couldn't find file 'trapezoid_rvs.vtp'.
[2026-02-13 15:41:31.931] [warning] Couldn't find file 'trapezium_rvs.vtp'.
[2026-02-13 15:41:31.931] [warning] Couldn't find file 'metacarpal2_rvs.vtp'.
[2026-02-13 15:41:31.931] [warning] Couldn't find file 'index_proximal_rvs.vtp'.
[2026-02-13 15:41:31.931] [warning] Couldn't find file 'index_medial_rvs.vtp'.
[2026-02-13 15:41:31.931] [warning] Couldn't find file 'index_distal_rvs.vtp'.
[2026-02-13 15:41:31.931] [warning] Couldn't find file 'metacarpal3_rvs.vtp'.
[2026-02-13 15:41:31.931] [warning] Couldn't find file 'middle_proximal_rvs.vtp'.
[2026-02-13 15:41:31.931] [warning] Couldn't find file 'middle_medial_rvs.vtp'.
[2026-02-13 15:41:31.931] [warning] Couldn't find file 'middle_distal_rvs.vtp'.
[2026-02-13 15:41:31.931] [warning] Couldn't find file 'metacarpal4_rvs.vtp'.
[2026-02-13 15:41:31.931] [warning] Couldn't find file 'ring_proximal_rvs.vtp'.
[2026-02-13 15:41:31.931] [warning] Couldn't find file 'ring_medial_rvs.vtp'.
[2026-02-13 15:41:31.931] [warning] Couldn't find file 'ring_distal_rvs.vtp'.
[2026-02-13 15:41:31.931] [warning] Couldn't find file 'metacarpal5_rvs.vtp'.
[2026-02-13 15:41:31.932] [warning] Couldn't find file 'little_proximal_rvs.vtp'.
[2026-02-13 15:41:31.932] [warning] Couldn't find file 'little_medial_rvs.vtp'.
[2026-02-13 15:41:31.932] [warning] Couldn't find file 'little_distal_rvs.vtp'.
[2026-02-13 15:41:31.932] [warning] Couldn't find file 'metacarpal1_rvs.vtp'.
[2026-02-13 15:41:31.932] [warning] Couldn't find file 'thumb_proximal_rvs.vtp'.
[2026-02-13 15:41:31.932] [warning] Couldn't find file 'thumb_distal_rvs.vtp'.
[2026-02-13 15:41:31.932] [warning] Couldn't find file 'humerus_lv.vtp'.
[2026-02-13 15:41:31.932] [warning] Couldn't find file 'ulna_lv.vtp'.
[2026-02-13 15:41:31.932] [warning] Couldn't find file 'radius_lv.vtp'.
[2026-02-13 15:41:31.932] [warning] Couldn't find file 'pisiform_lvs.vtp'.
[2026-02-13 15:41:31.932] [warning] Couldn't find file 'lunate_lvs.vtp'.
[2026-02-13 15:41:31.932] [warning] Couldn't find file 'scaphoid_lvs.vtp'.
[2026-02-13 15:41:31.932] [warning] Couldn't find file 'triquetrum_lvs.vtp'.
[2026-02-13 15:41:31.932] [warning] Couldn't find file 'hamate_lvs.vtp'.
[2026-02-13 15:41:31.932] [warning] Couldn't find file 'capitate_lvs.vtp'.
[2026-02-13 15:41:31.932] [warning] Couldn't find file 'trapezoid_lvs.vtp'.
[2026-02-13 15:41:31.932] [warning] Couldn't find file 'trapezium_lvs.vtp'.
[2026-02-13 15:41:31.932] [warning] Couldn't find file 'metacarpal2_lvs.vtp'.
[2026-02-13 15:41:31.932] [warning] Couldn't find file 'index_proximal_lvs.vtp'.
[2026-02-13 15:41:31.932] [warning] Couldn't find file 'index_medial_lvs.vtp'.
[2026-02-13 15:41:31.932] [warning] Couldn't find file 'index_distal_lvs.vtp'.
[2026-02-13 15:41:31.932] [warning] Couldn't find file 'metacarpal3_lvs.vtp'.
[2026-02-13 15:41:31.932] [warning] Couldn't find file 'middle_proximal_lvs.vtp'.
[2026-02-13 15:41:31.932] [warning] Couldn't find file 'middle_medial_lvs.vtp'.
[2026-02-13 15:41:31.932] [warning] Couldn't find file 'middle_distal_lvs.vtp'.
[2026-02-13 15:41:31.932] [warning] Couldn't find file 'metacarpal4_lvs.vtp'.
[2026-02-13 15:41:31.932] [warning] Couldn't find file 'ring_proximal_lvs.vtp'.
[2026-02-13 15:41:31.933] [warning] Couldn't find file 'ring_medial_lvs.vtp'.
[2026-02-13 15:41:31.933] [warning] Couldn't find file 'ring_distal_lvs.vtp'.
[2026-02-13 15:41:31.933] [warning] Couldn't find file 'metacarpal5_lvs.vtp'.
[2026-02-13 15:41:31.933] [warning] Couldn't find file 'little_proximal_lvs.vtp'.
[2026-02-13 15:41:31.933] [warning] Couldn't find file 'little_medial_lvs.vtp'.
[2026-02-13 15:41:31.933] [warning] Couldn't find file 'little_distal_lvs.vtp'.
[2026-02-13 15:41:31.933] [warning] Couldn't find file 'metacarpal1_lvs.vtp'.
[2026-02-13 15:41:31.933] [warning] Couldn't find file 'thumb_proximal_lvs.vtp'.
[2026-02-13 15:41:31.933] [warning] Couldn't find file 'thumb_distal_lvs.vtp'.
[2026-02-13 15:41:31.937] [info] No external loads will be applied (external loads file not specified).
[2026-02-13 15:41:31.949] [info] Loading coordinates from file 'C:\Users\Israel Luis\Documents\GitHub\GoalOptimized\Database\sub4\IK\IK_sub4_v2_t2.mot'.
[2026-02-13 15:41:31.949] [info] Storage: read data file = C:\Users\Israel Luis\Documents\GitHub\GoalOptimized\Database\sub4\IK\IK_sub4_v2_t2.mot (nr=119 nc=40)
[2026-02-13 15:41:32.615] [info] Found 119 state vectors with time stamps ranging from 0.16 to 1.34.
[2026-02-13 15:41:32.615] [info] Executing the analyses from 0.16 to 1.34...
[2026-02-13 15:41:36.943] [info] Printing results of investigation IK_sub4_v2_t2 to C:\Users\Israel Luis\Documents\GitHub\GoalOptimized\ProjectResults\DSE\sub4\v2_t2\Je\MuscleAnalysis
[2026-02-13 15:41:51.412] [info] Updating Model file from 40000 to latest format...
[2026-02-13 15:41:51.429] [info] Loaded model 9_scaled_rajagopal2022 from file C:\Users\Israel Luis\Documents\GitHub\GoalOptimized\Database\sub4\model\model_rajagopal2022_sub4.osim
[2026-02-13 15:41:51.429] [warning] Couldn't find file 'r_pelvis.vtp'.
[2026-02-13 15:41:51.429] [warning] Couldn't find file 'l_pelvis.vtp'.
[2026-02-13 15:41:51.429] [warning] Couldn't find file 'sacrum.vtp'.
[2026-02-13 15:41:51.429] [warning] Couldn't find file 'r_femur.vtp'.
[2026-02-13 15:41:51.429] [warning] Couldn't find file 'r_tibia.vtp'.
[2026-02-13 15:41:51.429] [warning] Couldn't find file 'r_fibula.vtp'.
[2026-02-13 15:41:51.429] [warning] Couldn't find file 'r_patella.vtp'.
[2026-02-13 15:41:51.429] [warning] Couldn't find file 'r_talus.vtp'.
[2026-02-13 15:41:51.429] [warning] Couldn't find file 'r_foot.vtp'.
[2026-02-13 15:41:51.429] [warning] Couldn't find file 'r_bofoot.vtp'.
[2026-02-13 15:41:51.430] [warning] Couldn't find file 'l_femur.vtp'.
[2026-02-13 15:41:51.430] [warning] Couldn't find file 'l_tibia.vtp'.
[2026-02-13 15:41:51.430] [warning] Couldn't find file 'l_fibula.vtp'.
[2026-02-13 15:41:51.430] [warning] Couldn't find file 'l_patella.vtp'.
[2026-02-13 15:41:51.430] [warning] Couldn't find file 'l_talus.vtp'.
[2026-02-13 15:41:51.430] [warning] Couldn't find file 'l_foot.vtp'.
[2026-02-13 15:41:51.430] [warning] Couldn't find file 'l_bofoot.vtp'.
[2026-02-13 15:41:51.430] [warning] Couldn't find file 'hat_spine.vtp'.
[2026-02-13 15:41:51.430] [warning] Couldn't find file 'hat_jaw.vtp'.
[2026-02-13 15:41:51.430] [warning] Couldn't find file 'hat_skull.vtp'.
[2026-02-13 15:41:51.430] [warning] Couldn't find file 'hat_ribs_scap.vtp'.
[2026-02-13 15:41:51.430] [warning] Couldn't find file 'humerus_rv.vtp'.
[2026-02-13 15:41:51.430] [warning] Couldn't find file 'ulna_rv.vtp'.
[2026-02-13 15:41:51.430] [warning] Couldn't find file 'radius_rv.vtp'.
[2026-02-13 15:41:51.430] [warning] Couldn't find file 'pisiform_rvs.vtp'.
[2026-02-13 15:41:51.430] [warning] Couldn't find file 'lunate_rvs.vtp'.
[2026-02-13 15:41:51.430] [warning] Couldn't find file 'scaphoid_rvs.vtp'.
[2026-02-13 15:41:51.430] [warning] Couldn't find file 'triquetrum_rvs.vtp'.
[2026-02-13 15:41:51.430] [warning] Couldn't find file 'hamate_rvs.vtp'.
[2026-02-13 15:41:51.430] [warning] Couldn't find file 'capitate_rvs.vtp'.
[2026-02-13 15:41:51.430] [warning] Couldn't find file 'trapezoid_rvs.vtp'.
[2026-02-13 15:41:51.430] [warning] Couldn't find file 'trapezium_rvs.vtp'.
[2026-02-13 15:41:51.430] [warning] Couldn't find file 'metacarpal2_rvs.vtp'.
[2026-02-13 15:41:51.430] [warning] Couldn't find file 'index_proximal_rvs.vtp'.
[2026-02-13 15:41:51.430] [warning] Couldn't find file 'index_medial_rvs.vtp'.
[2026-02-13 15:41:51.430] [warning] Couldn't find file 'index_distal_rvs.vtp'.
[2026-02-13 15:41:51.430] [warning] Couldn't find file 'metacarpal3_rvs.vtp'.
[2026-02-13 15:41:51.430] [warning] Couldn't find file 'middle_proximal_rvs.vtp'.
[2026-02-13 15:41:51.431] [warning] Couldn't find file 'middle_medial_rvs.vtp'.
[2026-02-13 15:41:51.431] [warning] Couldn't find file 'middle_distal_rvs.vtp'.
[2026-02-13 15:41:51.431] [warning] Couldn't find file 'metacarpal4_rvs.vtp'.
[2026-02-13 15:41:51.431] [warning] Couldn't find file 'ring_proximal_rvs.vtp'.
[2026-02-13 15:41:51.431] [warning] Couldn't find file 'ring_medial_rvs.vtp'.
[2026-02-13 15:41:51.431] [warning] Couldn't find file 'ring_distal_rvs.vtp'.
[2026-02-13 15:41:51.431] [warning] Couldn't find file 'metacarpal5_rvs.vtp'.
[2026-02-13 15:41:51.431] [warning] Couldn't find file 'little_proximal_rvs.vtp'.
[2026-02-13 15:41:51.431] [warning] Couldn't find file 'little_medial_rvs.vtp'.
[2026-02-13 15:41:51.431] [warning] Couldn't find file 'little_distal_rvs.vtp'.
[2026-02-13 15:41:51.431] [warning] Couldn't find file 'metacarpal1_rvs.vtp'.
[2026-02-13 15:41:51.431] [warning] Couldn't find file 'thumb_proximal_rvs.vtp'.
[2026-02-13 15:41:51.431] [warning] Couldn't find file 'thumb_distal_rvs.vtp'.
[2026-02-13 15:41:51.431] [warning] Couldn't find file 'humerus_lv.vtp'.
[2026-02-13 15:41:51.431] [warning] Couldn't find file 'ulna_lv.vtp'.
[2026-02-13 15:41:51.431] [warning] Couldn't find file 'radius_lv.vtp'.
[2026-02-13 15:41:51.431] [warning] Couldn't find file 'pisiform_lvs.vtp'.
[2026-02-13 15:41:51.431] [warning] Couldn't find file 'lunate_lvs.vtp'.
[2026-02-13 15:41:51.431] [warning] Couldn't find file 'scaphoid_lvs.vtp'.
[2026-02-13 15:41:51.431] [warning] Couldn't find file 'triquetrum_lvs.vtp'.
[2026-02-13 15:41:51.431] [warning] Couldn't find file 'hamate_lvs.vtp'.
[2026-02-13 15:41:51.431] [warning] Couldn't find file 'capitate_lvs.vtp'.
[2026-02-13 15:41:51.431] [warning] Couldn't find file 'trapezoid_lvs.vtp'.
[2026-02-13 15:41:51.431] [warning] Couldn't find file 'trapezium_lvs.vtp'.
[2026-02-13 15:41:51.431] [warning] Couldn't find file 'metacarpal2_lvs.vtp'.
[2026-02-13 15:41:51.431] [warning] Couldn't find file 'index_proximal_lvs.vtp'.
[2026-02-13 15:41:51.431] [warning] Couldn't find file 'index_medial_lvs.vtp'.
[2026-02-13 15:41:51.431] [warning] Couldn't find file 'index_distal_lvs.vtp'.
[2026-02-13 15:41:51.431] [warning] Couldn't find file 'metacarpal3_lvs.vtp'.
[2026-02-13 15:41:51.432] [warning] Couldn't find file 'middle_proximal_lvs.vtp'.
[2026-02-13 15:41:51.432] [warning] Couldn't find file 'middle_medial_lvs.vtp'.
[2026-02-13 15:41:51.432] [warning] Couldn't find file 'middle_distal_lvs.vtp'.
[2026-02-13 15:41:51.432] [warning] Couldn't find file 'metacarpal4_lvs.vtp'.
[2026-02-13 15:41:51.432] [warning] Couldn't find file 'ring_proximal_lvs.vtp'.
[2026-02-13 15:41:51.432] [warning] Couldn't find file 'ring_medial_lvs.vtp'.
[2026-02-13 15:41:51.432] [warning] Couldn't find file 'ring_distal_lvs.vtp'.
[2026-02-13 15:41:51.432] [warning] Couldn't find file 'metacarpal5_lvs.vtp'.
[2026-02-13 15:41:51.432] [warning] Couldn't find file 'little_proximal_lvs.vtp'.
[2026-02-13 15:41:51.432] [warning] Couldn't find file 'little_medial_lvs.vtp'.
[2026-02-13 15:41:51.432] [warning] Couldn't find file 'little_distal_lvs.vtp'.
[2026-02-13 15:41:51.432] [warning] Couldn't find file 'metacarpal1_lvs.vtp'.
[2026-02-13 15:41:51.432] [warning] Couldn't find file 'thumb_proximal_lvs.vtp'.
[2026-02-13 15:41:51.432] [warning] Couldn't find file 'thumb_distal_lvs.vtp'.
[2026-02-13 15:41:51.443] [info] AbstractTool IK_sub4_v2_t3 loading model C:\Users\Israel Luis\Documents\GitHub\GoalOptimized\Database\sub4\model\model_rajagopal2022_sub4.osim
[2026-02-13 15:41:51.457] [info] Updating Model file from 40000 to latest format...
[2026-02-13 15:41:51.475] [info] Loaded model 9_scaled_rajagopal2022 from file C:\Users\Israel Luis\Documents\GitHub\GoalOptimized\Database\sub4\model\model_rajagopal2022_sub4.osim
[2026-02-13 15:41:51.476] [warning] Couldn't find file 'r_pelvis.vtp'.
[2026-02-13 15:41:51.476] [warning] Couldn't find file 'l_pelvis.vtp'.
[2026-02-13 15:41:51.476] [warning] Couldn't find file 'sacrum.vtp'.
[2026-02-13 15:41:51.476] [warning] Couldn't find file 'r_femur.vtp'.
[2026-02-13 15:41:51.476] [warning] Couldn't find file 'r_tibia.vtp'.
[2026-02-13 15:41:51.476] [warning] Couldn't find file 'r_fibula.vtp'.
[2026-02-13 15:41:51.476] [warning] Couldn't find file 'r_patella.vtp'.
[2026-02-13 15:41:51.476] [warning] Couldn't find file 'r_talus.vtp'.
[2026-02-13 15:41:51.476] [warning] Couldn't find file 'r_foot.vtp'.
[2026-02-13 15:41:51.476] [warning] Couldn't find file 'r_bofoot.vtp'.
[2026-02-13 15:41:51.476] [warning] Couldn't find file 'l_femur.vtp'.
[2026-02-13 15:41:51.476] [warning] Couldn't find file 'l_tibia.vtp'.
[2026-02-13 15:41:51.476] [warning] Couldn't find file 'l_fibula.vtp'.
[2026-02-13 15:41:51.476] [warning] Couldn't find file 'l_patella.vtp'.
[2026-02-13 15:41:51.476] [warning] Couldn't find file 'l_talus.vtp'.
[2026-02-13 15:41:51.476] [warning] Couldn't find file 'l_foot.vtp'.
[2026-02-13 15:41:51.476] [warning] Couldn't find file 'l_bofoot.vtp'.
[2026-02-13 15:41:51.476] [warning] Couldn't find file 'hat_spine.vtp'.
[2026-02-13 15:41:51.476] [warning] Couldn't find file 'hat_jaw.vtp'.
[2026-02-13 15:41:51.476] [warning] Couldn't find file 'hat_skull.vtp'.
[2026-02-13 15:41:51.476] [warning] Couldn't find file 'hat_ribs_scap.vtp'.
[2026-02-13 15:41:51.476] [warning] Couldn't find file 'humerus_rv.vtp'.
[2026-02-13 15:41:51.476] [warning] Couldn't find file 'ulna_rv.vtp'.
[2026-02-13 15:41:51.477] [warning] Couldn't find file 'radius_rv.vtp'.
[2026-02-13 15:41:51.477] [warning] Couldn't find file 'pisiform_rvs.vtp'.
[2026-02-13 15:41:51.477] [warning] Couldn't find file 'lunate_rvs.vtp'.
[2026-02-13 15:41:51.477] [warning] Couldn't find file 'scaphoid_rvs.vtp'.
[2026-02-13 15:41:51.477] [warning] Couldn't find file 'triquetrum_rvs.vtp'.
[2026-02-13 15:41:51.477] [warning] Couldn't find file 'hamate_rvs.vtp'.
[2026-02-13 15:41:51.477] [warning] Couldn't find file 'capitate_rvs.vtp'.
[2026-02-13 15:41:51.477] [warning] Couldn't find file 'trapezoid_rvs.vtp'.
[2026-02-13 15:41:51.477] [warning] Couldn't find file 'trapezium_rvs.vtp'.
[2026-02-13 15:41:51.477] [warning] Couldn't find file 'metacarpal2_rvs.vtp'.
[2026-02-13 15:41:51.477] [warning] Couldn't find file 'index_proximal_rvs.vtp'.
[2026-02-13 15:41:51.477] [warning] Couldn't find file 'index_medial_rvs.vtp'.
[2026-02-13 15:41:51.477] [warning] Couldn't find file 'index_distal_rvs.vtp'.
[2026-02-13 15:41:51.477] [warning] Couldn't find file 'metacarpal3_rvs.vtp'.
[2026-02-13 15:41:51.477] [warning] Couldn't find file 'middle_proximal_rvs.vtp'.
[2026-02-13 15:41:51.477] [warning] Couldn't find file 'middle_medial_rvs.vtp'.
[2026-02-13 15:41:51.477] [warning] Couldn't find file 'middle_distal_rvs.vtp'.
[2026-02-13 15:41:51.477] [warning] Couldn't find file 'metacarpal4_rvs.vtp'.
[2026-02-13 15:41:51.477] [warning] Couldn't find file 'ring_proximal_rvs.vtp'.
[2026-02-13 15:41:51.477] [warning] Couldn't find file 'ring_medial_rvs.vtp'.
[2026-02-13 15:41:51.477] [warning] Couldn't find file 'ring_distal_rvs.vtp'.
[2026-02-13 15:41:51.477] [warning] Couldn't find file 'metacarpal5_rvs.vtp'.
[2026-02-13 15:41:51.477] [warning] Couldn't find file 'little_proximal_rvs.vtp'.
[2026-02-13 15:41:51.477] [warning] Couldn't find file 'little_medial_rvs.vtp'.
[2026-02-13 15:41:51.477] [warning] Couldn't find file 'little_distal_rvs.vtp'.
[2026-02-13 15:41:51.477] [warning] Couldn't find file 'metacarpal1_rvs.vtp'.
[2026-02-13 15:41:51.477] [warning] Couldn't find file 'thumb_proximal_rvs.vtp'.
[2026-02-13 15:41:51.477] [warning] Couldn't find file 'thumb_distal_rvs.vtp'.
[2026-02-13 15:41:51.477] [warning] Couldn't find file 'humerus_lv.vtp'.
[2026-02-13 15:41:51.478] [warning] Couldn't find file 'ulna_lv.vtp'.
[2026-02-13 15:41:51.478] [warning] Couldn't find file 'radius_lv.vtp'.
[2026-02-13 15:41:51.478] [warning] Couldn't find file 'pisiform_lvs.vtp'.
[2026-02-13 15:41:51.478] [warning] Couldn't find file 'lunate_lvs.vtp'.
[2026-02-13 15:41:51.478] [warning] Couldn't find file 'scaphoid_lvs.vtp'.
[2026-02-13 15:41:51.478] [warning] Couldn't find file 'triquetrum_lvs.vtp'.
[2026-02-13 15:41:51.478] [warning] Couldn't find file 'hamate_lvs.vtp'.
[2026-02-13 15:41:51.478] [warning] Couldn't find file 'capitate_lvs.vtp'.
[2026-02-13 15:41:51.478] [warning] Couldn't find file 'trapezoid_lvs.vtp'.
[2026-02-13 15:41:51.478] [warning] Couldn't find file 'trapezium_lvs.vtp'.
[2026-02-13 15:41:51.478] [warning] Couldn't find file 'metacarpal2_lvs.vtp'.
[2026-02-13 15:41:51.478] [warning] Couldn't find file 'index_proximal_lvs.vtp'.
[2026-02-13 15:41:51.478] [warning] Couldn't find file 'index_medial_lvs.vtp'.
[2026-02-13 15:41:51.478] [warning] Couldn't find file 'index_distal_lvs.vtp'.
[2026-02-13 15:41:51.478] [warning] Couldn't find file 'metacarpal3_lvs.vtp'.
[2026-02-13 15:41:51.478] [warning] Couldn't find file 'middle_proximal_lvs.vtp'.
[2026-02-13 15:41:51.478] [warning] Couldn't find file 'middle_medial_lvs.vtp'.
[2026-02-13 15:41:51.478] [warning] Couldn't find file 'middle_distal_lvs.vtp'.
[2026-02-13 15:41:51.478] [warning] Couldn't find file 'metacarpal4_lvs.vtp'.
[2026-02-13 15:41:51.478] [warning] Couldn't find file 'ring_proximal_lvs.vtp'.
[2026-02-13 15:41:51.478] [warning] Couldn't find file 'ring_medial_lvs.vtp'.
[2026-02-13 15:41:51.478] [warning] Couldn't find file 'ring_distal_lvs.vtp'.
[2026-02-13 15:41:51.478] [warning] Couldn't find file 'metacarpal5_lvs.vtp'.
[2026-02-13 15:41:51.478] [warning] Couldn't find file 'little_proximal_lvs.vtp'.
[2026-02-13 15:41:51.478] [warning] Couldn't find file 'little_medial_lvs.vtp'.
[2026-02-13 15:41:51.478] [warning] Couldn't find file 'little_distal_lvs.vtp'.
[2026-02-13 15:41:51.478] [warning] Couldn't find file 'metacarpal1_lvs.vtp'.
[2026-02-13 15:41:51.478] [warning] Couldn't find file 'thumb_proximal_lvs.vtp'.
[2026-02-13 15:41:51.478] [warning] Couldn't find file 'thumb_distal_lvs.vtp'.
[2026-02-13 15:41:51.483] [info] No external loads will be applied (external loads file not specified).
[2026-02-13 15:41:51.495] [info] Loading coordinates from file 'C:\Users\Israel Luis\Documents\GitHub\GoalOptimized\Database\sub4\IK\IK_sub4_v2_t3.mot'.
[2026-02-13 15:41:51.495] [info] Storage: read data file = C:\Users\Israel Luis\Documents\GitHub\GoalOptimized\Database\sub4\IK\IK_sub4_v2_t3.mot (nr=122 nc=40)
[2026-02-13 15:41:52.104] [info] Found 122 state vectors with time stamps ranging from 0.18 to 1.39.
[2026-02-13 15:41:52.104] [info] Executing the analyses from 0.18 to 1.39...
[2026-02-13 15:41:56.474] [info] Printing results of investigation IK_sub4_v2_t3 to C:\Users\Israel Luis\Documents\GitHub\GoalOptimized\ProjectResults\DSE\sub4\v2_t3\Je\MuscleAnalysis
[2026-02-13 15:42:12.091] [info] Updating Model file from 40000 to latest format...
[2026-02-13 15:42:12.110] [info] Loaded model 14_scaled_rajagopal2022 from file C:\Users\Israel Luis\Documents\GitHub\GoalOptimized\Database\sub5\model\model_rajagopal2022_sub5.osim
[2026-02-13 15:42:12.110] [warning] Couldn't find file 'r_pelvis.vtp'.
[2026-02-13 15:42:12.110] [warning] Couldn't find file 'l_pelvis.vtp'.
[2026-02-13 15:42:12.110] [warning] Couldn't find file 'sacrum.vtp'.
[2026-02-13 15:42:12.110] [warning] Couldn't find file 'r_femur.vtp'.
[2026-02-13 15:42:12.110] [warning] Couldn't find file 'r_tibia.vtp'.
[2026-02-13 15:42:12.110] [warning] Couldn't find file 'r_fibula.vtp'.
[2026-02-13 15:42:12.110] [warning] Couldn't find file 'r_patella.vtp'.
[2026-02-13 15:42:12.110] [warning] Couldn't find file 'r_talus.vtp'.
[2026-02-13 15:42:12.110] [warning] Couldn't find file 'r_foot.vtp'.
[2026-02-13 15:42:12.110] [warning] Couldn't find file 'r_bofoot.vtp'.
[2026-02-13 15:42:12.110] [warning] Couldn't find file 'l_femur.vtp'.
[2026-02-13 15:42:12.110] [warning] Couldn't find file 'l_tibia.vtp'.
[2026-02-13 15:42:12.110] [warning] Couldn't find file 'l_fibula.vtp'.
[2026-02-13 15:42:12.110] [warning] Couldn't find file 'l_patella.vtp'.
[2026-02-13 15:42:12.111] [warning] Couldn't find file 'l_talus.vtp'.
[2026-02-13 15:42:12.111] [warning] Couldn't find file 'l_foot.vtp'.
[2026-02-13 15:42:12.111] [warning] Couldn't find file 'l_bofoot.vtp'.
[2026-02-13 15:42:12.111] [warning] Couldn't find file 'hat_spine.vtp'.
[2026-02-13 15:42:12.111] [warning] Couldn't find file 'hat_jaw.vtp'.
[2026-02-13 15:42:12.111] [warning] Couldn't find file 'hat_skull.vtp'.
[2026-02-13 15:42:12.111] [warning] Couldn't find file 'hat_ribs_scap.vtp'.
[2026-02-13 15:42:12.111] [warning] Couldn't find file 'humerus_rv.vtp'.
[2026-02-13 15:42:12.111] [warning] Couldn't find file 'ulna_rv.vtp'.
[2026-02-13 15:42:12.111] [warning] Couldn't find file 'radius_rv.vtp'.
[2026-02-13 15:42:12.111] [warning] Couldn't find file 'pisiform_rvs.vtp'.
[2026-02-13 15:42:12.111] [warning] Couldn't find file 'lunate_rvs.vtp'.
[2026-02-13 15:42:12.111] [warning] Couldn't find file 'scaphoid_rvs.vtp'.
[2026-02-13 15:42:12.111] [warning] Couldn't find file 'triquetrum_rvs.vtp'.
[2026-02-13 15:42:12.111] [warning] Couldn't find file 'hamate_rvs.vtp'.
[2026-02-13 15:42:12.111] [warning] Couldn't find file 'capitate_rvs.vtp'.
[2026-02-13 15:42:12.111] [warning] Couldn't find file 'trapezoid_rvs.vtp'.
[2026-02-13 15:42:12.111] [warning] Couldn't find file 'trapezium_rvs.vtp'.
[2026-02-13 15:42:12.111] [warning] Couldn't find file 'metacarpal2_rvs.vtp'.
[2026-02-13 15:42:12.111] [warning] Couldn't find file 'index_proximal_rvs.vtp'.
[2026-02-13 15:42:12.111] [warning] Couldn't find file 'index_medial_rvs.vtp'.
[2026-02-13 15:42:12.111] [warning] Couldn't find file 'index_distal_rvs.vtp'.
[2026-02-13 15:42:12.111] [warning] Couldn't find file 'metacarpal3_rvs.vtp'.
[2026-02-13 15:42:12.111] [warning] Couldn't find file 'middle_proximal_rvs.vtp'.
[2026-02-13 15:42:12.111] [warning] Couldn't find file 'middle_medial_rvs.vtp'.
[2026-02-13 15:42:12.111] [warning] Couldn't find file 'middle_distal_rvs.vtp'.
[2026-02-13 15:42:12.111] [warning] Couldn't find file 'metacarpal4_rvs.vtp'.
[2026-02-13 15:42:12.111] [warning] Couldn't find file 'ring_proximal_rvs.vtp'.
[2026-02-13 15:42:12.112] [warning] Couldn't find file 'ring_medial_rvs.vtp'.
[2026-02-13 15:42:12.112] [warning] Couldn't find file 'ring_distal_rvs.vtp'.
[2026-02-13 15:42:12.112] [warning] Couldn't find file 'metacarpal5_rvs.vtp'.
[2026-02-13 15:42:12.112] [warning] Couldn't find file 'little_proximal_rvs.vtp'.
[2026-02-13 15:42:12.112] [warning] Couldn't find file 'little_medial_rvs.vtp'.
[2026-02-13 15:42:12.112] [warning] Couldn't find file 'little_distal_rvs.vtp'.
[2026-02-13 15:42:12.112] [warning] Couldn't find file 'metacarpal1_rvs.vtp'.
[2026-02-13 15:42:12.112] [warning] Couldn't find file 'thumb_proximal_rvs.vtp'.
[2026-02-13 15:42:12.112] [warning] Couldn't find file 'thumb_distal_rvs.vtp'.
[2026-02-13 15:42:12.112] [warning] Couldn't find file 'humerus_lv.vtp'.
[2026-02-13 15:42:12.112] [warning] Couldn't find file 'ulna_lv.vtp'.
[2026-02-13 15:42:12.112] [warning] Couldn't find file 'radius_lv.vtp'.
[2026-02-13 15:42:12.112] [warning] Couldn't find file 'pisiform_lvs.vtp'.
[2026-02-13 15:42:12.112] [warning] Couldn't find file 'lunate_lvs.vtp'.
[2026-02-13 15:42:12.112] [warning] Couldn't find file 'scaphoid_lvs.vtp'.
[2026-02-13 15:42:12.112] [warning] Couldn't find file 'triquetrum_lvs.vtp'.
[2026-02-13 15:42:12.112] [warning] Couldn't find file 'hamate_lvs.vtp'.
[2026-02-13 15:42:12.112] [warning] Couldn't find file 'capitate_lvs.vtp'.
[2026-02-13 15:42:12.112] [warning] Couldn't find file 'trapezoid_lvs.vtp'.
[2026-02-13 15:42:12.112] [warning] Couldn't find file 'trapezium_lvs.vtp'.
[2026-02-13 15:42:12.112] [warning] Couldn't find file 'metacarpal2_lvs.vtp'.
[2026-02-13 15:42:12.112] [warning] Couldn't find file 'index_proximal_lvs.vtp'.
[2026-02-13 15:42:12.112] [warning] Couldn't find file 'index_medial_lvs.vtp'.
[2026-02-13 15:42:12.112] [warning] Couldn't find file 'index_distal_lvs.vtp'.
[2026-02-13 15:42:12.112] [warning] Couldn't find file 'metacarpal3_lvs.vtp'.
[2026-02-13 15:42:12.112] [warning] Couldn't find file 'middle_proximal_lvs.vtp'.
[2026-02-13 15:42:12.112] [warning] Couldn't find file 'middle_medial_lvs.vtp'.
[2026-02-13 15:42:12.112] [warning] Couldn't find file 'middle_distal_lvs.vtp'.
[2026-02-13 15:42:12.113] [warning] Couldn't find file 'metacarpal4_lvs.vtp'.
[2026-02-13 15:42:12.113] [warning] Couldn't find file 'ring_proximal_lvs.vtp'.
[2026-02-13 15:42:12.113] [warning] Couldn't find file 'ring_medial_lvs.vtp'.
[2026-02-13 15:42:12.113] [warning] Couldn't find file 'ring_distal_lvs.vtp'.
[2026-02-13 15:42:12.113] [warning] Couldn't find file 'metacarpal5_lvs.vtp'.
[2026-02-13 15:42:12.113] [warning] Couldn't find file 'little_proximal_lvs.vtp'.
[2026-02-13 15:42:12.113] [warning] Couldn't find file 'little_medial_lvs.vtp'.
[2026-02-13 15:42:12.113] [warning] Couldn't find file 'little_distal_lvs.vtp'.
[2026-02-13 15:42:12.113] [warning] Couldn't find file 'metacarpal1_lvs.vtp'.
[2026-02-13 15:42:12.113] [warning] Couldn't find file 'thumb_proximal_lvs.vtp'.
[2026-02-13 15:42:12.113] [warning] Couldn't find file 'thumb_distal_lvs.vtp'.
[2026-02-13 15:42:12.124] [info] AbstractTool IK_sub5_v2_t2 loading model C:\Users\Israel Luis\Documents\GitHub\GoalOptimized\Database\sub5\model\model_rajagopal2022_sub5.osim
[2026-02-13 15:42:12.138] [info] Updating Model file from 40000 to latest format...
[2026-02-13 15:42:12.156] [info] Loaded model 14_scaled_rajagopal2022 from file C:\Users\Israel Luis\Documents\GitHub\GoalOptimized\Database\sub5\model\model_rajagopal2022_sub5.osim
[2026-02-13 15:42:12.156] [warning] Couldn't find file 'r_pelvis.vtp'.
[2026-02-13 15:42:12.156] [warning] Couldn't find file 'l_pelvis.vtp'.
[2026-02-13 15:42:12.156] [warning] Couldn't find file 'sacrum.vtp'.
[2026-02-13 15:42:12.156] [warning] Couldn't find file 'r_femur.vtp'.
[2026-02-13 15:42:12.156] [warning] Couldn't find file 'r_tibia.vtp'.
[2026-02-13 15:42:12.157] [warning] Couldn't find file 'r_fibula.vtp'.
[2026-02-13 15:42:12.157] [warning] Couldn't find file 'r_patella.vtp'.
[2026-02-13 15:42:12.157] [warning] Couldn't find file 'r_talus.vtp'.
[2026-02-13 15:42:12.157] [warning] Couldn't find file 'r_foot.vtp'.
[2026-02-13 15:42:12.157] [warning] Couldn't find file 'r_bofoot.vtp'.
[2026-02-13 15:42:12.157] [warning] Couldn't find file 'l_femur.vtp'.
[2026-02-13 15:42:12.157] [warning] Couldn't find file 'l_tibia.vtp'.
[2026-02-13 15:42:12.157] [warning] Couldn't find file 'l_fibula.vtp'.
[2026-02-13 15:42:12.157] [warning] Couldn't find file 'l_patella.vtp'.
[2026-02-13 15:42:12.157] [warning] Couldn't find file 'l_talus.vtp'.
[2026-02-13 15:42:12.157] [warning] Couldn't find file 'l_foot.vtp'.
[2026-02-13 15:42:12.157] [warning] Couldn't find file 'l_bofoot.vtp'.
[2026-02-13 15:42:12.157] [warning] Couldn't find file 'hat_spine.vtp'.
[2026-02-13 15:42:12.157] [warning] Couldn't find file 'hat_jaw.vtp'.
[2026-02-13 15:42:12.157] [warning] Couldn't find file 'hat_skull.vtp'.
[2026-02-13 15:42:12.157] [warning] Couldn't find file 'hat_ribs_scap.vtp'.
[2026-02-13 15:42:12.157] [warning] Couldn't find file 'humerus_rv.vtp'.
[2026-02-13 15:42:12.157] [warning] Couldn't find file 'ulna_rv.vtp'.
[2026-02-13 15:42:12.157] [warning] Couldn't find file 'radius_rv.vtp'.
[2026-02-13 15:42:12.157] [warning] Couldn't find file 'pisiform_rvs.vtp'.
[2026-02-13 15:42:12.157] [warning] Couldn't find file 'lunate_rvs.vtp'.
[2026-02-13 15:42:12.157] [warning] Couldn't find file 'scaphoid_rvs.vtp'.
[2026-02-13 15:42:12.157] [warning] Couldn't find file 'triquetrum_rvs.vtp'.
[2026-02-13 15:42:12.157] [warning] Couldn't find file 'hamate_rvs.vtp'.
[2026-02-13 15:42:12.157] [warning] Couldn't find file 'capitate_rvs.vtp'.
[2026-02-13 15:42:12.157] [warning] Couldn't find file 'trapezoid_rvs.vtp'.
[2026-02-13 15:42:12.157] [warning] Couldn't find file 'trapezium_rvs.vtp'.
[2026-02-13 15:42:12.157] [warning] Couldn't find file 'metacarpal2_rvs.vtp'.
[2026-02-13 15:42:12.158] [warning] Couldn't find file 'index_proximal_rvs.vtp'.
[2026-02-13 15:42:12.158] [warning] Couldn't find file 'index_medial_rvs.vtp'.
[2026-02-13 15:42:12.158] [warning] Couldn't find file 'index_distal_rvs.vtp'.
[2026-02-13 15:42:12.158] [warning] Couldn't find file 'metacarpal3_rvs.vtp'.
[2026-02-13 15:42:12.158] [warning] Couldn't find file 'middle_proximal_rvs.vtp'.
[2026-02-13 15:42:12.158] [warning] Couldn't find file 'middle_medial_rvs.vtp'.
[2026-02-13 15:42:12.158] [warning] Couldn't find file 'middle_distal_rvs.vtp'.
[2026-02-13 15:42:12.158] [warning] Couldn't find file 'metacarpal4_rvs.vtp'.
[2026-02-13 15:42:12.158] [warning] Couldn't find file 'ring_proximal_rvs.vtp'.
[2026-02-13 15:42:12.158] [warning] Couldn't find file 'ring_medial_rvs.vtp'.
[2026-02-13 15:42:12.158] [warning] Couldn't find file 'ring_distal_rvs.vtp'.
[2026-02-13 15:42:12.158] [warning] Couldn't find file 'metacarpal5_rvs.vtp'.
[2026-02-13 15:42:12.158] [warning] Couldn't find file 'little_proximal_rvs.vtp'.
[2026-02-13 15:42:12.158] [warning] Couldn't find file 'little_medial_rvs.vtp'.
[2026-02-13 15:42:12.158] [warning] Couldn't find file 'little_distal_rvs.vtp'.
[2026-02-13 15:42:12.158] [warning] Couldn't find file 'metacarpal1_rvs.vtp'.
[2026-02-13 15:42:12.158] [warning] Couldn't find file 'thumb_proximal_rvs.vtp'.
[2026-02-13 15:42:12.158] [warning] Couldn't find file 'thumb_distal_rvs.vtp'.
[2026-02-13 15:42:12.158] [warning] Couldn't find file 'humerus_lv.vtp'.
[2026-02-13 15:42:12.158] [warning] Couldn't find file 'ulna_lv.vtp'.
[2026-02-13 15:42:12.158] [warning] Couldn't find file 'radius_lv.vtp'.
[2026-02-13 15:42:12.158] [warning] Couldn't find file 'pisiform_lvs.vtp'.
[2026-02-13 15:42:12.158] [warning] Couldn't find file 'lunate_lvs.vtp'.
[2026-02-13 15:42:12.158] [warning] Couldn't find file 'scaphoid_lvs.vtp'.
[2026-02-13 15:42:12.158] [warning] Couldn't find file 'triquetrum_lvs.vtp'.
[2026-02-13 15:42:12.158] [warning] Couldn't find file 'hamate_lvs.vtp'.
[2026-02-13 15:42:12.158] [warning] Couldn't find file 'capitate_lvs.vtp'.
[2026-02-13 15:42:12.158] [warning] Couldn't find file 'trapezoid_lvs.vtp'.
[2026-02-13 15:42:12.158] [warning] Couldn't find file 'trapezium_lvs.vtp'.
[2026-02-13 15:42:12.159] [warning] Couldn't find file 'metacarpal2_lvs.vtp'.
[2026-02-13 15:42:12.159] [warning] Couldn't find file 'index_proximal_lvs.vtp'.
[2026-02-13 15:42:12.159] [warning] Couldn't find file 'index_medial_lvs.vtp'.
[2026-02-13 15:42:12.159] [warning] Couldn't find file 'index_distal_lvs.vtp'.
[2026-02-13 15:42:12.159] [warning] Couldn't find file 'metacarpal3_lvs.vtp'.
[2026-02-13 15:42:12.159] [warning] Couldn't find file 'middle_proximal_lvs.vtp'.
[2026-02-13 15:42:12.159] [warning] Couldn't find file 'middle_medial_lvs.vtp'.
[2026-02-13 15:42:12.159] [warning] Couldn't find file 'middle_distal_lvs.vtp'.
[2026-02-13 15:42:12.159] [warning] Couldn't find file 'metacarpal4_lvs.vtp'.
[2026-02-13 15:42:12.159] [warning] Couldn't find file 'ring_proximal_lvs.vtp'.
[2026-02-13 15:42:12.159] [warning] Couldn't find file 'ring_medial_lvs.vtp'.
[2026-02-13 15:42:12.159] [warning] Couldn't find file 'ring_distal_lvs.vtp'.
[2026-02-13 15:42:12.159] [warning] Couldn't find file 'metacarpal5_lvs.vtp'.
[2026-02-13 15:42:12.159] [warning] Couldn't find file 'little_proximal_lvs.vtp'.
[2026-02-13 15:42:12.159] [warning] Couldn't find file 'little_medial_lvs.vtp'.
[2026-02-13 15:42:12.159] [warning] Couldn't find file 'little_distal_lvs.vtp'.
[2026-02-13 15:42:12.159] [warning] Couldn't find file 'metacarpal1_lvs.vtp'.
[2026-02-13 15:42:12.159] [warning] Couldn't find file 'thumb_proximal_lvs.vtp'.
[2026-02-13 15:42:12.159] [warning] Couldn't find file 'thumb_distal_lvs.vtp'.
[2026-02-13 15:42:12.164] [info] No external loads will be applied (external loads file not specified).
[2026-02-13 15:42:12.176] [info] Loading coordinates from file 'C:\Users\Israel Luis\Documents\GitHub\GoalOptimized\Database\sub5\IK\IK_sub5_v2_t2.mot'.
[2026-02-13 15:42:12.176] [info] Storage: read data file = C:\Users\Israel Luis\Documents\GitHub\GoalOptimized\Database\sub5\IK\IK_sub5_v2_t2.mot (nr=105 nc=40)
[2026-02-13 15:42:12.723] [info] Found 105 state vectors with time stamps ranging from 0.63 to 1.67.
[2026-02-13 15:42:12.723] [info] Executing the analyses from 0.63 to 1.67...
[2026-02-13 15:42:16.587] [info] Printing results of investigation IK_sub5_v2_t2 to C:\Users\Israel Luis\Documents\GitHub\GoalOptimized\ProjectResults\DSE\sub5\v2_t2\Je\MuscleAnalysis
[2026-02-13 15:42:29.483] [info] Updating Model file from 40000 to latest format...
[2026-02-13 15:42:29.511] [info] Loaded model 14_scaled_rajagopal2022 from file C:\Users\Israel Luis\Documents\GitHub\GoalOptimized\Database\sub5\model\model_rajagopal2022_sub5.osim
[2026-02-13 15:42:29.511] [warning] Couldn't find file 'r_pelvis.vtp'.
[2026-02-13 15:42:29.511] [warning] Couldn't find file 'l_pelvis.vtp'.
[2026-02-13 15:42:29.511] [warning] Couldn't find file 'sacrum.vtp'.
[2026-02-13 15:42:29.511] [warning] Couldn't find file 'r_femur.vtp'.
[2026-02-13 15:42:29.511] [warning] Couldn't find file 'r_tibia.vtp'.
[2026-02-13 15:42:29.511] [warning] Couldn't find file 'r_fibula.vtp'.
[2026-02-13 15:42:29.511] [warning] Couldn't find file 'r_patella.vtp'.
[2026-02-13 15:42:29.511] [warning] Couldn't find file 'r_talus.vtp'.
[2026-02-13 15:42:29.511] [warning] Couldn't find file 'r_foot.vtp'.
[2026-02-13 15:42:29.511] [warning] Couldn't find file 'r_bofoot.vtp'.
[2026-02-13 15:42:29.511] [warning] Couldn't find file 'l_femur.vtp'.
[2026-02-13 15:42:29.512] [warning] Couldn't find file 'l_tibia.vtp'.
[2026-02-13 15:42:29.512] [warning] Couldn't find file 'l_fibula.vtp'.
[2026-02-13 15:42:29.512] [warning] Couldn't find file 'l_patella.vtp'.
[2026-02-13 15:42:29.512] [warning] Couldn't find file 'l_talus.vtp'.
[2026-02-13 15:42:29.512] [warning] Couldn't find file 'l_foot.vtp'.
[2026-02-13 15:42:29.512] [warning] Couldn't find file 'l_bofoot.vtp'.
[2026-02-13 15:42:29.512] [warning] Couldn't find file 'hat_spine.vtp'.
[2026-02-13 15:42:29.512] [warning] Couldn't find file 'hat_jaw.vtp'.
[2026-02-13 15:42:29.512] [warning] Couldn't find file 'hat_skull.vtp'.
[2026-02-13 15:42:29.512] [warning] Couldn't find file 'hat_ribs_scap.vtp'.
[2026-02-13 15:42:29.512] [warning] Couldn't find file 'humerus_rv.vtp'.
[2026-02-13 15:42:29.512] [warning] Couldn't find file 'ulna_rv.vtp'.
[2026-02-13 15:42:29.512] [warning] Couldn't find file 'radius_rv.vtp'.
[2026-02-13 15:42:29.512] [warning] Couldn't find file 'pisiform_rvs.vtp'.
[2026-02-13 15:42:29.512] [warning] Couldn't find file 'lunate_rvs.vtp'.
[2026-02-13 15:42:29.512] [warning] Couldn't find file 'scaphoid_rvs.vtp'.
[2026-02-13 15:42:29.512] [warning] Couldn't find file 'triquetrum_rvs.vtp'.
[2026-02-13 15:42:29.512] [warning] Couldn't find file 'hamate_rvs.vtp'.
[2026-02-13 15:42:29.513] [warning] Couldn't find file 'capitate_rvs.vtp'.
[2026-02-13 15:42:29.513] [warning] Couldn't find file 'trapezoid_rvs.vtp'.
[2026-02-13 15:42:29.513] [warning] Couldn't find file 'trapezium_rvs.vtp'.
[2026-02-13 15:42:29.513] [warning] Couldn't find file 'metacarpal2_rvs.vtp'.
[2026-02-13 15:42:29.513] [warning] Couldn't find file 'index_proximal_rvs.vtp'.
[2026-02-13 15:42:29.513] [warning] Couldn't find file 'index_medial_rvs.vtp'.
[2026-02-13 15:42:29.513] [warning] Couldn't find file 'index_distal_rvs.vtp'.
[2026-02-13 15:42:29.513] [warning] Couldn't find file 'metacarpal3_rvs.vtp'.
[2026-02-13 15:42:29.513] [warning] Couldn't find file 'middle_proximal_rvs.vtp'.
[2026-02-13 15:42:29.513] [warning] Couldn't find file 'middle_medial_rvs.vtp'.
[2026-02-13 15:42:29.513] [warning] Couldn't find file 'middle_distal_rvs.vtp'.
[2026-02-13 15:42:29.513] [warning] Couldn't find file 'metacarpal4_rvs.vtp'.
[2026-02-13 15:42:29.513] [warning] Couldn't find file 'ring_proximal_rvs.vtp'.
[2026-02-13 15:42:29.513] [warning] Couldn't find file 'ring_medial_rvs.vtp'.
[2026-02-13 15:42:29.513] [warning] Couldn't find file 'ring_distal_rvs.vtp'.
[2026-02-13 15:42:29.513] [warning] Couldn't find file 'metacarpal5_rvs.vtp'.
[2026-02-13 15:42:29.513] [warning] Couldn't find file 'little_proximal_rvs.vtp'.
[2026-02-13 15:42:29.513] [warning] Couldn't find file 'little_medial_rvs.vtp'.
[2026-02-13 15:42:29.513] [warning] Couldn't find file 'little_distal_rvs.vtp'.
[2026-02-13 15:42:29.513] [warning] Couldn't find file 'metacarpal1_rvs.vtp'.
[2026-02-13 15:42:29.513] [warning] Couldn't find file 'thumb_proximal_rvs.vtp'.
[2026-02-13 15:42:29.514] [warning] Couldn't find file 'thumb_distal_rvs.vtp'.
[2026-02-13 15:42:29.514] [warning] Couldn't find file 'humerus_lv.vtp'.
[2026-02-13 15:42:29.514] [warning] Couldn't find file 'ulna_lv.vtp'.
[2026-02-13 15:42:29.514] [warning] Couldn't find file 'radius_lv.vtp'.
[2026-02-13 15:42:29.514] [warning] Couldn't find file 'pisiform_lvs.vtp'.
[2026-02-13 15:42:29.514] [warning] Couldn't find file 'lunate_lvs.vtp'.
[2026-02-13 15:42:29.514] [warning] Couldn't find file 'scaphoid_lvs.vtp'.
[2026-02-13 15:42:29.514] [warning] Couldn't find file 'triquetrum_lvs.vtp'.
[2026-02-13 15:42:29.514] [warning] Couldn't find file 'hamate_lvs.vtp'.
[2026-02-13 15:42:29.514] [warning] Couldn't find file 'capitate_lvs.vtp'.
[2026-02-13 15:42:29.514] [warning] Couldn't find file 'trapezoid_lvs.vtp'.
[2026-02-13 15:42:29.514] [warning] Couldn't find file 'trapezium_lvs.vtp'.
[2026-02-13 15:42:29.514] [warning] Couldn't find file 'metacarpal2_lvs.vtp'.
[2026-02-13 15:42:29.514] [warning] Couldn't find file 'index_proximal_lvs.vtp'.
[2026-02-13 15:42:29.514] [warning] Couldn't find file 'index_medial_lvs.vtp'.
[2026-02-13 15:42:29.514] [warning] Couldn't find file 'index_distal_lvs.vtp'.
[2026-02-13 15:42:29.514] [warning] Couldn't find file 'metacarpal3_lvs.vtp'.
[2026-02-13 15:42:29.514] [warning] Couldn't find file 'middle_proximal_lvs.vtp'.
[2026-02-13 15:42:29.514] [warning] Couldn't find file 'middle_medial_lvs.vtp'.
[2026-02-13 15:42:29.514] [warning] Couldn't find file 'middle_distal_lvs.vtp'.
[2026-02-13 15:42:29.514] [warning] Couldn't find file 'metacarpal4_lvs.vtp'.
[2026-02-13 15:42:29.514] [warning] Couldn't find file 'ring_proximal_lvs.vtp'.
[2026-02-13 15:42:29.514] [warning] Couldn't find file 'ring_medial_lvs.vtp'.
[2026-02-13 15:42:29.515] [warning] Couldn't find file 'ring_distal_lvs.vtp'.
[2026-02-13 15:42:29.515] [warning] Couldn't find file 'metacarpal5_lvs.vtp'.
[2026-02-13 15:42:29.515] [warning] Couldn't find file 'little_proximal_lvs.vtp'.
[2026-02-13 15:42:29.515] [warning] Couldn't find file 'little_medial_lvs.vtp'.
[2026-02-13 15:42:29.515] [warning] Couldn't find file 'little_distal_lvs.vtp'.
[2026-02-13 15:42:29.515] [warning] Couldn't find file 'metacarpal1_lvs.vtp'.
[2026-02-13 15:42:29.515] [warning] Couldn't find file 'thumb_proximal_lvs.vtp'.
[2026-02-13 15:42:29.515] [warning] Couldn't find file 'thumb_distal_lvs.vtp'.
[2026-02-13 15:42:29.533] [info] AbstractTool IK_sub5_v2_t3 loading model C:\Users\Israel Luis\Documents\GitHub\GoalOptimized\Database\sub5\model\model_rajagopal2022_sub5.osim
[2026-02-13 15:42:29.565] [info] Updating Model file from 40000 to latest format...
[2026-02-13 15:42:29.606] [info] Loaded model 14_scaled_rajagopal2022 from file C:\Users\Israel Luis\Documents\GitHub\GoalOptimized\Database\sub5\model\model_rajagopal2022_sub5.osim
[2026-02-13 15:42:29.606] [warning] Couldn't find file 'r_pelvis.vtp'.
[2026-02-13 15:42:29.606] [warning] Couldn't find file 'l_pelvis.vtp'.
[2026-02-13 15:42:29.606] [warning] Couldn't find file 'sacrum.vtp'.
[2026-02-13 15:42:29.607] [warning] Couldn't find file 'r_femur.vtp'.
[2026-02-13 15:42:29.607] [warning] Couldn't find file 'r_tibia.vtp'.
[2026-02-13 15:42:29.607] [warning] Couldn't find file 'r_fibula.vtp'.
[2026-02-13 15:42:29.607] [warning] Couldn't find file 'r_patella.vtp'.
[2026-02-13 15:42:29.607] [warning] Couldn't find file 'r_talus.vtp'.
[2026-02-13 15:42:29.607] [warning] Couldn't find file 'r_foot.vtp'.
[2026-02-13 15:42:29.607] [warning] Couldn't find file 'r_bofoot.vtp'.
[2026-02-13 15:42:29.607] [warning] Couldn't find file 'l_femur.vtp'.
[2026-02-13 15:42:29.607] [warning] Couldn't find file 'l_tibia.vtp'.
[2026-02-13 15:42:29.607] [warning] Couldn't find file 'l_fibula.vtp'.
[2026-02-13 15:42:29.607] [warning] Couldn't find file 'l_patella.vtp'.
[2026-02-13 15:42:29.607] [warning] Couldn't find file 'l_talus.vtp'.
[2026-02-13 15:42:29.607] [warning] Couldn't find file 'l_foot.vtp'.
[2026-02-13 15:42:29.607] [warning] Couldn't find file 'l_bofoot.vtp'.
[2026-02-13 15:42:29.607] [warning] Couldn't find file 'hat_spine.vtp'.
[2026-02-13 15:42:29.608] [warning] Couldn't find file 'hat_jaw.vtp'.
[2026-02-13 15:42:29.608] [warning] Couldn't find file 'hat_skull.vtp'.
[2026-02-13 15:42:29.608] [warning] Couldn't find file 'hat_ribs_scap.vtp'.
[2026-02-13 15:42:29.608] [warning] Couldn't find file 'humerus_rv.vtp'.
[2026-02-13 15:42:29.608] [warning] Couldn't find file 'ulna_rv.vtp'.
[2026-02-13 15:42:29.608] [warning] Couldn't find file 'radius_rv.vtp'.
[2026-02-13 15:42:29.608] [warning] Couldn't find file 'pisiform_rvs.vtp'.
[2026-02-13 15:42:29.608] [warning] Couldn't find file 'lunate_rvs.vtp'.
[2026-02-13 15:42:29.608] [warning] Couldn't find file 'scaphoid_rvs.vtp'.
[2026-02-13 15:42:29.608] [warning] Couldn't find file 'triquetrum_rvs.vtp'.
[2026-02-13 15:42:29.608] [warning] Couldn't find file 'hamate_rvs.vtp'.
[2026-02-13 15:42:29.608] [warning] Couldn't find file 'capitate_rvs.vtp'.
[2026-02-13 15:42:29.608] [warning] Couldn't find file 'trapezoid_rvs.vtp'.
[2026-02-13 15:42:29.608] [warning] Couldn't find file 'trapezium_rvs.vtp'.
[2026-02-13 15:42:29.608] [warning] Couldn't find file 'metacarpal2_rvs.vtp'.
[2026-02-13 15:42:29.608] [warning] Couldn't find file 'index_proximal_rvs.vtp'.
[2026-02-13 15:42:29.608] [warning] Couldn't find file 'index_medial_rvs.vtp'.
[2026-02-13 15:42:29.608] [warning] Couldn't find file 'index_distal_rvs.vtp'.
[2026-02-13 15:42:29.608] [warning] Couldn't find file 'metacarpal3_rvs.vtp'.
[2026-02-13 15:42:29.608] [warning] Couldn't find file 'middle_proximal_rvs.vtp'.
[2026-02-13 15:42:29.608] [warning] Couldn't find file 'middle_medial_rvs.vtp'.
[2026-02-13 15:42:29.609] [warning] Couldn't find file 'middle_distal_rvs.vtp'.
[2026-02-13 15:42:29.609] [warning] Couldn't find file 'metacarpal4_rvs.vtp'.
[2026-02-13 15:42:29.609] [warning] Couldn't find file 'ring_proximal_rvs.vtp'.
[2026-02-13 15:42:29.609] [warning] Couldn't find file 'ring_medial_rvs.vtp'.
[2026-02-13 15:42:29.609] [warning] Couldn't find file 'ring_distal_rvs.vtp'.
[2026-02-13 15:42:29.609] [warning] Couldn't find file 'metacarpal5_rvs.vtp'.
[2026-02-13 15:42:29.609] [warning] Couldn't find file 'little_proximal_rvs.vtp'.
[2026-02-13 15:42:29.609] [warning] Couldn't find file 'little_medial_rvs.vtp'.
[2026-02-13 15:42:29.609] [warning] Couldn't find file 'little_distal_rvs.vtp'.
[2026-02-13 15:42:29.609] [warning] Couldn't find file 'metacarpal1_rvs.vtp'.
[2026-02-13 15:42:29.609] [warning] Couldn't find file 'thumb_proximal_rvs.vtp'.
[2026-02-13 15:42:29.609] [warning] Couldn't find file 'thumb_distal_rvs.vtp'.
[2026-02-13 15:42:29.609] [warning] Couldn't find file 'humerus_lv.vtp'.
[2026-02-13 15:42:29.609] [warning] Couldn't find file 'ulna_lv.vtp'.
[2026-02-13 15:42:29.609] [warning] Couldn't find file 'radius_lv.vtp'.
[2026-02-13 15:42:29.609] [warning] Couldn't find file 'pisiform_lvs.vtp'.
[2026-02-13 15:42:29.609] [warning] Couldn't find file 'lunate_lvs.vtp'.
[2026-02-13 15:42:29.609] [warning] Couldn't find file 'scaphoid_lvs.vtp'.
[2026-02-13 15:42:29.610] [warning] Couldn't find file 'triquetrum_lvs.vtp'.
[2026-02-13 15:42:29.610] [warning] Couldn't find file 'hamate_lvs.vtp'.
[2026-02-13 15:42:29.610] [warning] Couldn't find file 'capitate_lvs.vtp'.
[2026-02-13 15:42:29.610] [warning] Couldn't find file 'trapezoid_lvs.vtp'.
[2026-02-13 15:42:29.610] [warning] Couldn't find file 'trapezium_lvs.vtp'.
[2026-02-13 15:42:29.610] [warning] Couldn't find file 'metacarpal2_lvs.vtp'.
[2026-02-13 15:42:29.610] [warning] Couldn't find file 'index_proximal_lvs.vtp'.
[2026-02-13 15:42:29.610] [warning] Couldn't find file 'index_medial_lvs.vtp'.
[2026-02-13 15:42:29.610] [warning] Couldn't find file 'index_distal_lvs.vtp'.
[2026-02-13 15:42:29.610] [warning] Couldn't find file 'metacarpal3_lvs.vtp'.
[2026-02-13 15:42:29.610] [warning] Couldn't find file 'middle_proximal_lvs.vtp'.
[2026-02-13 15:42:29.610] [warning] Couldn't find file 'middle_medial_lvs.vtp'.
[2026-02-13 15:42:29.610] [warning] Couldn't find file 'middle_distal_lvs.vtp'.
[2026-02-13 15:42:29.610] [warning] Couldn't find file 'metacarpal4_lvs.vtp'.
[2026-02-13 15:42:29.610] [warning] Couldn't find file 'ring_proximal_lvs.vtp'.
[2026-02-13 15:42:29.610] [warning] Couldn't find file 'ring_medial_lvs.vtp'.
[2026-02-13 15:42:29.610] [warning] Couldn't find file 'ring_distal_lvs.vtp'.
[2026-02-13 15:42:29.610] [warning] Couldn't find file 'metacarpal5_lvs.vtp'.
[2026-02-13 15:42:29.611] [warning] Couldn't find file 'little_proximal_lvs.vtp'.
[2026-02-13 15:42:29.611] [warning] Couldn't find file 'little_medial_lvs.vtp'.
[2026-02-13 15:42:29.611] [warning] Couldn't find file 'little_distal_lvs.vtp'.
[2026-02-13 15:42:29.611] [warning] Couldn't find file 'metacarpal1_lvs.vtp'.
[2026-02-13 15:42:29.611] [warning] Couldn't find file 'thumb_proximal_lvs.vtp'.
[2026-02-13 15:42:29.611] [warning] Couldn't find file 'thumb_distal_lvs.vtp'.
[2026-02-13 15:42:29.618] [info] No external loads will be applied (external loads file not specified).
[2026-02-13 15:42:29.642] [info] Loading coordinates from file 'C:\Users\Israel Luis\Documents\GitHub\GoalOptimized\Database\sub5\IK\IK_sub5_v2_t3.mot'.
[2026-02-13 15:42:29.642] [info] Storage: read data file = C:\Users\Israel Luis\Documents\GitHub\GoalOptimized\Database\sub5\IK\IK_sub5_v2_t3.mot (nr=105 nc=40)
[2026-02-13 15:42:30.221] [info] Found 105 state vectors with time stamps ranging from 0.67 to 1.71.
[2026-02-13 15:42:30.221] [info] Executing the analyses from 0.67 to 1.71...
[2026-02-13 15:42:34.123] [info] Printing results of investigation IK_sub5_v2_t3 to C:\Users\Israel Luis\Documents\GitHub\GoalOptimized\ProjectResults\DSE\sub5\v2_t3\Je\MuscleAnalysis
