TendonPower
version=1
nRows=118
nColumns=81
inDegrees=no

This analysis gathers basic information about muscles during a simulation (e.g., forces, tendon lengths, moment arms, etc).
Units are S.I. units (second, meters, Newtons, ...)
If the header above contains a line with 'inDegrees', this indicates whether rotational values are in degrees (yes) or radians (no).

endheader
time	addbrev_r	addlong_r	addmagDist_r	addmagIsch_r	addmagMid_r	addmagProx_r	bflh_r	bfsh_r	edl_r	ehl_r	fdl_r	fhl_r	gaslat_r	gasmed_r	glmax1_r	glmax2_r	glmax3_r	glmed1_r	glmed2_r	glmed3_r	glmin1_r	glmin2_r	glmin3_r	grac_r	iliacus_r	perbrev_r	perlong_r	piri_r	psoas_r	recfem_r	sart_r	semimem_r	semiten_r	soleus_r	tfl_r	tibant_r	tibpost_r	vasint_r	vaslat_r	vasmed_r	addbrev_l	addlong_l	addmagDist_l	addmagIsch_l	addmagMid_l	addmagProx_l	bflh_l	bfsh_l	edl_l	ehl_l	fdl_l	fhl_l	gaslat_l	gasmed_l	glmax1_l	glmax2_l	glmax3_l	glmed1_l	glmed2_l	glmed3_l	glmin1_l	glmin2_l	glmin3_l	grac_l	iliacus_l	perbrev_l	perlong_l	piri_l	psoas_l	recfem_l	sart_l	semimem_l	semiten_l	soleus_l	tfl_l	tibant_l	tibpost_l	vasint_l	vaslat_l	vasmed_l
      0.04000000	     -0.00000000	     -0.00000000	42227365.23131915	4385211.93105697	1380178.96229590	     -0.00000000	 255443.20012132	4004006.03415341	     -0.00000000	     -0.00000000	     -0.00000000	     -0.00000000	     -0.00000000	     -0.00000000	395836991.48790377	518443985.17344266	573069618.54443991	     -0.00000000	     -0.00000000	     -0.00000000	     -0.00000000	     -0.00000000	     -0.00000000	54578512.40231832	     -0.00000000	     -0.00000000	     -0.00000000	     -0.00000000	1410573.84369235	     -0.00000000	538099010.95078564	     -0.00000000	38387296.83385707	     -0.00000000	     -0.00000000	     -0.00000000	     -0.00000000	     -0.00000000	     -0.00000000	     -0.00000000	2472941.13433921	 529868.28321551	11153316.43093460	 194961.68168095	     -0.00000000	     -0.00000000	     -0.00000000	4226051.38293544	     -0.00000000	     -0.00000000	     -0.00000000	     -0.00000000	     -0.00000000	     -0.00000000	143875785.57005534	170271911.06489635	145243992.26356450	     -0.00000000	     -0.00000000	     -0.00000000	     -0.00000000	     -0.00000000	     -0.00000000	53563173.46254041	2635616.07893914	     -0.00000000	     -0.00000000	     -0.00000000	11748002.90288078	     -0.00000000	659551036.51018262	     -0.00000000	18249653.01804123	     -0.00000000	     71.63823480	     -0.00000000	     -0.00000000	     -0.00000000	     -0.00000000	     -0.00000000
      0.05000000	     -0.00000000	     -0.00000000	42140446.71105315	4400600.92321422	1274591.09936874	     -0.00000000	 256423.48644067	3982570.48434788	     -0.00000000	     -0.00000000	     -0.00000000	     -0.00000000	     -0.00000000	     -0.00000000	398551548.13220143	521042138.34210938	573834543.97415495	     -0.00000000	     -0.00000000	     -0.00000000	     -0.00000000	     -0.00000000	     -0.00000000	54357980.80824050	     -0.00000000	     -0.00000000	     -0.00000000	     -0.00000000	1363128.47825025	     -0.00000000	537407658.83391559	     -0.00000000	38385489.90727454	     -0.00000000	     -0.00000000	     -0.00000000	     -0.00000000	     -0.00000000	     -0.00000000	     -0.00000000	2928882.62658191	 627555.50196213	11198493.59744798	 186576.98238897	     -0.00000000	     -0.00000000	     -0.00000000	4190583.23598961	     -0.00000000	     -0.00000000	     -0.00000000	     -0.00000000	     -0.00000000	     -0.00000000	139672881.45087081	165228072.20114270	142069977.92221326	     -0.00000000	     -0.00000000	     -0.00000000	     -0.00000000	     -0.00000000	     -0.00000000	53843522.59838602	2767127.35159721	     -0.00000000	     -0.00000000	     -0.00000000	12012982.75968680	     -0.00000000	660130303.82863355	     -0.00000000	18018842.13867733	     -0.00000000	     81.20579618	     -0.00000000	     -0.00000000	     -0.00000000	     -0.00000000	     -0.00000000
      0.06000000	     -0.00000000	     -0.00000000	41676429.24549197	4364579.46529741	1109783.59565229	     -0.00000000	 242657.72226231	3933330.18860541	     -0.00000000	     -0.00000000	     -0.00000000	     -0.00000000	     -0.00000000	     -0.00000000	399251119.25895727	520925158.03193712	570803465.21982086	     -0.00000000	     -0.00000000	     -0.00000000	     -0.00000000	     -0.00000000	     -0.00000000	53958401.97010023	     -0.00000000	     -0.00000000	     -0.00000000	     -0.00000000	1352382.30131199	     -0.00000000	537454169.47988629	     -0.00000000	38104625.53021051	     -0.00000000	     -0.00000000	     -0.00000000	     -0.00000000	     -0.00000000	     -0.00000000	     -0.00000000	3519683.33289302	 750389.01534782	11315306.11647530	 180987.41091541	     -0.00000000	     -0.00000000	     -0.00000000	4105179.62200441	     -0.00000000	     -0.00000000	     -0.00000000	     -0.00000000	     -0.00000000	     -0.00000000	134531289.80358019	159416486.58587825	138965877.65499970	     -0.00000000	     -0.00000000	     -0.00000000	     -0.00000000	     -0.00000000	     -0.00000000	54055841.23701877	2914605.54355275	     -0.00000000	     -0.00000000	     -0.00000000	12297677.48867597	     -0.00000000	660193853.63723648	     -0.00000000	17689469.30266535	     -0.00000000	     95.33778821	     -0.00000000	     -0.00000000	     -0.00000000	     -0.00000000	     -0.00000000
      0.07000000	     -0.00000000	     -0.00000000	41342220.31520656	4339511.40834284	 989862.23149765	     -0.00000000	 229200.40195710	3868424.83172197	     -0.00000000	     -0.00000000	     -0.00000000	     -0.00000000	     -0.00000000	     -0.00000000	400175245.82496583	521297755.24501044	568892235.59047592	     -0.00000000	     -0.00000000	     -0.00000000	     -0.00000000	     -0.00000000	     -0.00000000	53568886.53325824	     -0.00000000	     -0.00000000	     -0.00000000	     -0.00000000	1338903.47529084	     -0.00000000	537224511.53068411	     -0.00000000	37807693.59252434	     -0.00000000	     -0.00000000	     -0.00000000	     -0.00000000	     -0.00000000	     -0.00000000	     -0.00000000	4019267.47055801	 850526.53578054	11467986.67501791	 180378.01972338	     -0.00000000	     -0.00000000	     -0.00000000	3988962.62480423	     -0.00000000	     -0.00000000	     -0.00000000	     -0.00000000	     -0.00000000	     -0.00000000	130537483.59129715	155185225.32868823	137246093.25088903	     -0.00000000	     -0.00000000	     -0.00000000	     -0.00000000	     -0.00000000	     -0.00000000	54086479.00269117	3016554.27685296	     -0.00000000	     -0.00000000	     -0.00000000	12489841.43927905	     -0.00000000	659585513.10429001	     -0.00000000	17358013.61625919	     -0.00000000	    110.67685790	     -0.00000000	     -0.00000000	     -0.00000000	     -0.00000000	     -0.00000000
      0.08000000	     -0.00000000	     -0.00000000	40976539.59357994	4308428.30024828	 878986.34942442	     -0.00000000	 212337.73707692	3788111.75522071	     -0.00000000	     -0.00000000	     -0.00000000	     -0.00000000	     -0.00000000	     -0.00000000	400527497.11681789	521022706.35728651	566423537.31769681	     -0.00000000	     -0.00000000	     -0.00000000	     -0.00000000	     -0.00000000	     -0.00000000	53137805.79010841	     -0.00000000	     -0.00000000	     -0.00000000	     -0.00000000	1334285.38259375	     -0.00000000	537001721.11645103	     -0.00000000	37429631.48546549	     -0.00000000	     -0.00000000	     -0.00000000	     -0.00000000	     -0.00000000	     -0.00000000	     -0.00000000	4475530.61724566	 937501.97043182	11669769.45326862	 184015.94347111	    263.21255311	     -0.00000000	     -0.00000000	3837383.39444093	     -0.00000000	     -0.00000000	     -0.00000000	     -0.00000000	     -0.00000000	     -0.00000000	127217836.76231873	151975816.39618966	136614702.72245121	     -0.00000000	     -0.00000000	     -0.00000000	     -0.00000000	     -0.00000000	     -0.00000000	53965336.82828869	3084696.37772899	     -0.00000000	     -0.00000000	     -0.00000000	12617552.29631754	     -0.00000000	658321444.89399433	     -0.00000000	16996815.99875856	     -0.00000000	    127.27189334	     -0.00000000	     -0.00000000	     -0.00000000	     -0.00000000	     -0.00000000
      0.09000000	     -0.00000000	     -0.00000000	40582571.11152729	4270482.67169626	 775317.41094352	     -0.00000000	 193063.16812796	3694305.20335587	     -0.00000000	     -0.00000000	     -0.00000000	     -0.00000000	     -0.00000000	     -0.00000000	400549889.59750021	520380343.83940041	563609303.95998371	     -0.00000000	     -0.00000000	     -0.00000000	     -0.00000000	     -0.00000000	     -0.00000000	52664819.39232595	     -0.00000000	     -0.00000000	     -0.00000000	     -0.00000000	1336213.68950664	     -0.00000000	536799548.27378494	     -0.00000000	36979903.63343004	     -0.00000000	     -0.00000000	     -0.00000000	     -0.00000000	     -0.00000000	     -0.00000000	     -0.00000000	4879556.41032293	1008145.97238200	11941284.07596398	 193099.47404016	   3903.55202107	     -0.00000000	     -0.00000000	3646362.26419663	     -0.00000000	     -0.00000000	     -0.00000000	     -0.00000000	     -0.00000000	     -0.00000000	124679740.33317889	149964820.41818681	137343799.91293290	     -0.00000000	     -0.00000000	     -0.00000000	     -0.00000000	     -0.00000000	     -0.00000000	53676504.72921047	3110246.43615715	     -0.00000000	     -0.00000000	     -0.00000000	12669484.05353614	     -0.00000000	656251598.49379754	     -0.00000000	16604003.37100479	     -0.00000000	    141.23684022	     -0.00000000	     -0.00000000	     -0.00000000	     -0.00000000	     -0.00000000
      0.10000000	     -0.00000000	     -0.00000000	40207449.00997839	4231260.32388798	 700234.72689738	     -0.00000000	 170629.20139541	3582125.61393629	     -0.00000000	     -0.00000000	     -0.00000000	     -0.00000000	     -0.00000000	     -0.00000000	399377951.07895899	518501510.15023106	560185230.55094075	     -0.00000000	     -0.00000000	     -0.00000000	     -0.00000000	     -0.00000000	     -0.00000000	52179828.09849166	     -0.00000000	     -0.00000000	     -0.00000000	     -0.00000000	1354214.31057236	     -0.00000000	536521148.45858991	     -0.00000000	36441270.59198829	     -0.00000000	     -0.00000000	     -0.00000000	     -0.00000000	     -0.00000000	     -0.00000000	     -0.00000000	5218442.55523818	1064572.93992595	12197172.37705583	 203055.45018880	  13763.56833188	     -0.00000000	     -0.00000000	3433161.26949579	     -0.00000000	     -0.00000000	     -0.00000000	     -0.00000000	     -0.00000000	     -0.00000000	122525833.31726891	148408685.34623584	138264154.97461250	     -0.00000000	     -0.00000000	     -0.00000000	     -0.00000000	     -0.00000000	     -0.00000000	53245536.43423299	3123572.52046218	     -0.00000000	     -0.00000000	     -0.00000000	12691115.85724719	     -0.00000000	653767369.04625702	     -0.00000000	16166200.29163638	     -0.00000000	    168.03139734	     -0.00000000	     -0.00000000	     -0.00000000	     -0.00000000	     -0.00000000
      0.11000000	     -0.00000000	     -0.00000000	39773599.19313799	4181614.18895293	 613619.56144071	     -0.00000000	 148479.84403724	3465274.98258741	     -0.00000000	     -0.00000000	     -0.00000000	     -0.00000000	     -0.00000000	     -0.00000000	398664287.26644874	517063126.97789639	556737346.31549847	     -0.00000000	     -0.00000000	     -0.00000000	     -0.00000000	     -0.00000000	     -0.00000000	51639558.95041235	     -0.00000000	     -0.00000000	     -0.00000000	     -0.00000000	1370062.82282655	     -0.00000000	536332905.65050256	     -0.00000000	35865505.92135474	     -0.00000000	     -0.00000000	     -0.00000000	     -0.00000000	     -0.00000000	     -0.00000000	     -0.00000000	5502260.45930511	1100927.33473813	12595830.48711063	 222594.97470647	  37808.06696893	     -0.00000000	     -0.00000000	3177050.91038157	     -0.00000000	     -0.00000000	     -0.00000000	     -0.00000000	     -0.00000000	     -0.00000000	121653106.64992692	148752533.57470110	141541268.69056386	     -0.00000000	     -0.00000000	     -0.00000000	     -0.00000000	     -0.00000000	     -0.00000000	52645030.85427155	3068301.85826993	     -0.00000000	     -0.00000000	     -0.00000000	12607740.33314639	     -0.00000000	650109790.29348409	     -0.00000000	15713198.86162908	     -0.00000000	    175.75028646	     -0.00000000	     -0.00000000	     -0.00000000	     -0.00000000	     -0.00000000
      0.12000000	     -0.00000000	     -0.00000000	39311206.62996074	4125193.34995398	 543622.32157927	     -0.00000000	 124441.53147239	3337147.72072643	     -0.00000000	     -0.00000000	     -0.00000000	     -0.00000000	     -0.00000000	     -0.00000000	396698692.55006349	514252979.73513675	552316402.04547799	     -0.00000000	     -0.00000000	     -0.00000000	     -0.00000000	     -0.00000000	     -0.00000000	51085940.39903556	     -0.00000000	     -0.00000000	     -0.00000000	     -0.00000000	1403887.45833762	     -0.00000000	536194236.16782475	     -0.00000000	35208882.56826442	     -0.00000000	     -0.00000000	     -0.00000000	     -0.00000000	     -0.00000000	     -0.00000000	     -0.00000000	5735124.18260993	1125381.33087199	13006024.25303466	 244733.37978553	  75379.10431924	     -0.00000000	     -0.00000000	2900409.49430556	     -0.00000000	     -0.00000000	     -0.00000000	     -0.00000000	     -0.00000000	     -0.00000000	121154484.07054110	149575311.40379643	145213148.34227943	     -0.00000000	     -0.00000000	     -0.00000000	     -0.00000000	     -0.00000000	     -0.00000000	51907633.21036657	2999588.21486024	     -0.00000000	     -0.00000000	     -0.00000000	12496032.76407953	     -0.00000000	645871470.43428433	     -0.00000000	15215050.97022110	     -0.00000000	    189.47842771	     -0.00000000	     -0.00000000	     -0.00000000	     -0.00000000	     -0.00000000
      0.13000000	     -0.00000000	     -0.00000000	38826249.09008432	4060263.51265504	 480138.50139273	     -0.00000000	 101198.30530967	3204919.96623730	     -0.00000000	     -0.00000000	     -0.00000000	     -0.00000000	     -0.00000000	     -0.00000000	394525753.95261776	511225770.75918800	547700199.26738727	     -0.00000000	     -0.00000000	     -0.00000000	     -0.00000000	     -0.00000000	     -0.00000000	50516279.89477387	     -0.00000000	     -0.00000000	     -0.00000000	     -0.00000000	1445049.43699592	     -0.00000000	536156539.85700810	     -0.00000000	34512411.38813294	     -0.00000000	     -0.00000000	     -0.00000000	     -0.00000000	     -0.00000000	     -0.00000000	     -0.00000000	5875648.00739476	1127485.20386481	13483983.81336263	 273282.15427539	 123805.24718133	     -0.00000000	     -0.00000000	2597967.47383225	     -0.00000000	     -0.00000000	     -0.00000000	     -0.00000000	     -0.00000000	     -0.00000000	121910709.57932749	151967765.44160885	150428599.88572365	     -0.00000000	     -0.00000000	     -0.00000000	     -0.00000000	     -0.00000000	     -0.00000000	51010996.68449663	2885064.13938781	     -0.00000000	     -0.00000000	     -0.00000000	12315420.14551060	     -0.00000000	640720083.32923424	     -0.00000000	14688314.14075730	     -0.00000000	    196.56874902	     -0.00000000	     -0.00000000	     -0.00000000	     -0.00000000	     -0.00000000
      0.14000000	     -0.00000000	     -0.00000000	38318968.81354672	3992493.64401180	 417587.73114304	     -0.00000000	  80020.73495493	3074757.91571348	     -0.00000000	     -0.00000000	     -0.00000000	     -0.00000000	     -0.00000000	     -0.00000000	392237348.12780726	508038929.85087788	542848093.49371290	     -0.00000000	     -0.00000000	     -0.00000000	     -0.00000000	     -0.00000000	     -0.00000000	49939850.80381601	     -0.00000000	     -0.00000000	     -0.00000000	     -0.00000000	1488844.11279757	     -0.00000000	536143267.15751499	     -0.00000000	33811825.88604356	     -0.00000000	     -0.00000000	     -0.00000000	     -0.00000000	     -0.00000000	     -0.00000000	     -0.00000000	5953833.18848426	1111013.63501823	14078104.36660027	 312132.19820511	 189489.24468599	     -0.00000000	     -0.00000000	2276191.38150911	     -0.00000000	     -0.00000000	     -0.00000000	     -0.00000000	     -0.00000000	     -0.00000000	123632440.12317163	155791257.32371777	157460688.36807179	     -0.00000000	     -0.00000000	     -0.00000000	     -0.00000000	     -0.00000000	     -0.00000000	49972452.06796085	2727103.22424112	     -0.00000000	     -0.00000000	     -0.00000000	12060818.95318753	     -0.00000000	634485069.16319871	     -0.00000000	14155985.16395709	     -0.00000000	    183.65556561	     -0.00000000	     -0.00000000	     -0.00000000	     -0.00000000	     -0.00000000
      0.15000000	     -0.00000000	     -0.00000000	37784055.16533784	3918848.48394540	 359246.43447267	     -0.00000000	  60726.87431480	2946827.41318194	     -0.00000000	     -0.00000000	     -0.00000000	     -0.00000000	     -0.00000000	     -0.00000000	389638010.00033677	504486458.98597765	537630034.53273666	     -0.00000000	     -0.00000000	     -0.00000000	     -0.00000000	     -0.00000000	     -0.00000000	49364473.28871309	     -0.00000000	     -0.00000000	     -0.00000000	     -0.00000000	1539710.36500742	     -0.00000000	536231897.12001598	     -0.00000000	33097657.09186915	     -0.00000000	     -0.00000000	     -0.00000000	     -0.00000000	     -0.00000000	     -0.00000000	     -0.00000000	5933907.26042168	1073129.14244893	14742033.55116923	 359021.28928831	 265684.13620878	     -0.00000000	     -0.00000000	1945936.19174699	     -0.00000000	     -0.00000000	     -0.00000000	     -0.00000000	     -0.00000000	     -0.00000000	126677954.32840468	161214862.88604897	166055331.22400910	     -0.00000000	     -0.00000000	     -0.00000000	     -0.00000000	     -0.00000000	     -0.00000000	48810260.99624985	2533300.20183027	     -0.00000000	     -0.00000000	     -0.00000000	11750766.78121075	     -0.00000000	627390990.85108483	     -0.00000000	13612009.59003270	     -0.00000000	    160.28114219	     -0.00000000	     -0.00000000	     -0.00000000	     -0.00000000	     -0.00000000
      0.16000000	     -0.00000000	     -0.00000000	37398190.47600193	3862341.88522148	 318738.00625750	     -0.00000000	  46308.01250428	2824143.51674445	     -0.00000000	     -0.00000000	     -0.00000000	     -0.00000000	     -0.00000000	     -0.00000000	388145784.19713801	502352801.68122333	534163822.67261672	     -0.00000000	     -0.00000000	     -0.00000000	     -0.00000000	     -0.00000000	     -0.00000000	48835870.98753197	     -0.00000000	     -0.00000000	     -0.00000000	     -0.00000000	1574788.48881439	     -0.00000000	536008854.98681551	     -0.00000000	32468447.34216342	     -0.00000000	     -0.00000000	     -0.00000000	     -0.00000000	     -0.00000000	     -0.00000000	     -0.00000000	5688924.24756968	 987696.04294510	15512797.80323205	 420668.14031419	 338611.76608860	     -0.00000000	     -0.00000000	1606547.05737168	     -0.00000000	     -0.00000000	     -0.00000000	     -0.00000000	     -0.00000000	     -0.00000000	132111400.85831814	169633294.31893525	177484852.08197588	     -0.00000000	     -0.00000000	     -0.00000000	     -0.00000000	     -0.00000000	     -0.00000000	47442321.38764821	2274465.77489910	     -0.00000000	     -0.00000000	     -0.00000000	11322757.96317234	     -0.00000000	619006041.96687400	     -0.00000000	13082267.93948784	     -0.00000000	    121.91941369	     -0.00000000	     -0.00000000	     -0.00000000	     -0.00000000	     -0.00000000
      0.17000000	     -0.00000000	     -0.00000000	36623124.58627689	3750389.93645711	 254316.63646360	     -0.00000000	  30798.92633247	2709376.51451572	     -0.00000000	     -0.00000000	     -0.00000000	     -0.00000000	     -0.00000000	     -0.00000000	383739956.75827700	496525280.51213628	526208302.01746130	     -0.00000000	     -0.00000000	     -0.00000000	     -0.00000000	     -0.00000000	     -0.00000000	48255452.33338296	     -0.00000000	     -0.00000000	     -0.00000000	     -0.00000000	1663736.75532253	     -0.00000000	536937069.08758724	     -0.00000000	31668564.56134976	     -0.00000000	     -0.00000000	     -0.00000000	     -0.00000000	     -0.00000000	     -0.00000000	     -0.00000000	5632366.37552315	 944302.87807564	16260683.61383457	 478510.19372458	 442927.57828084	     -0.00000000	     -0.00000000	1305465.51573072	     -0.00000000	     -0.00000000	     -0.00000000	     -0.00000000	     -0.00000000	     -0.00000000	136137751.70598814	176166349.24143383	187320867.94819853	     -0.00000000	     -0.00000000	     -0.00000000	     -0.00000000	     -0.00000000	     -0.00000000	46229210.05995567	2079698.29540627	     -0.00000000	     -0.00000000	     -0.00000000	11007603.68394495	     -0.00000000	611088655.97812665	     -0.00000000	12524804.08616018	     -0.00000000	     89.17224155	     -0.00000000	     -0.00000000	     -1.33085769	     -0.00000000	     -0.00000000
      0.18000000	     -0.00000000	     -0.00000000	36088424.69015396	3675161.71066631	 203610.91313791	     -0.00000000	  22269.40712440	2609141.51066015	     -0.00000000	     -0.00000000	     -0.00000000	     -0.00000000	     -0.00000000	     -0.00000000	381965510.19459313	493846405.10828143	521505542.27817994	     -0.00000000	     -0.00000000	     -0.00000000	     -0.00000000	     -0.00000000	     -0.00000000	47739555.50607463	     -0.00000000	     -0.00000000	     -0.00000000	     -0.00000000	1708693.06078949	     -0.00000000	537216942.96858168	     -0.00000000	31062770.19342614	     -0.00000000	     -0.00000000	     -0.00000000	     -0.00000000	     -0.00000000	     -0.00000000	     -0.00000000	5306161.85796718	 841663.24396566	17264508.94553651	 566500.29507755	 556757.18917640	     -0.00000000	     -0.00000000	1001944.88838821	     -0.00000000	     -0.00000000	     -0.00000000	     -0.00000000	     -0.00000000	     -0.00000000	143483095.24719316	187180765.77303591	202070195.87328994	     -0.00000000	     -0.00000000	     -0.00000000	     -0.00000000	     -0.00000000	     -0.00000000	44795383.14602739	1794194.40563721	     -0.00000000	     -0.00000000	     -0.00000000	10511380.93176151	     -0.00000000	601242535.61250591	     -0.00000000	12027526.87296984	     -0.00000000	     37.72037339	     -0.00000000	     -0.00000000	   3607.43089681	    843.60954380	     -6.11982098
      0.19000000	     -0.00000000	     -0.00000000	35385292.78336628	3575012.89669881	 153434.93814946	     -0.00000000	  14522.34460271	2519490.79923248	     -0.00000000	     -0.00000000	     -0.00000000	     -0.00000000	     -0.00000000	     -0.00000000	378380601.64068860	488969535.65846658	514477898.50932157	     -0.00000000	     -0.00000000	     -0.00000000	     -0.00000000	     -0.00000000	     -0.00000000	47243583.34600414	     -0.00000000	     -0.00000000	     -0.00000000	     -0.00000000	1786710.17242040	     -0.00000000	538134715.83517897	     -0.00000000	30398735.50078732	     -0.00000000	     -0.00000000	     -0.00000000	     -0.00000000	     -0.00000000	     -0.00000000	     -0.00000000	5009740.73360605	 751033.69628924	18248470.90293323	 656442.24448127	 680317.17327915	     -0.00000000	     -0.00000000	 741999.92261025	     -0.00000000	     -0.00000000	     -0.00000000	     -0.00000000	     -0.00000000	     -0.00000000	150586190.29560250	197744941.78021470	216266946.86956775	     -0.00000000	     -0.00000000	     -0.00000000	     -0.00000000	     -0.00000000	     -0.00000000	43436572.32762177	1546980.47801610	     -0.00000000	     -0.00000000	     -0.00000000	10064663.38542026	     -0.00000000	591658932.89003038	     -0.00000000	11538882.48114153	     -0.00000000	      7.79911789	     -0.00000000	     -0.00000000	  22835.18377380	  20964.01204082	   6801.27714430
      0.20000000	     -0.00000000	     -0.00000000	34625061.01785972	3466190.87941369	 106193.46175714	     -0.00000000	   8726.88734084	2440015.58719944	     -0.00000000	     -0.00000000	     -0.00000000	     -0.00000000	     -0.00000000	     -0.00000000	374679018.63040614	483867141.35302263	506959542.32265496	     -0.00000000	     -0.00000000	     -0.00000000	     -0.00000000	     -0.00000000	     -0.00000000	46764244.53533503	     -0.00000000	     -0.00000000	     -0.00000000	     -0.00000000	1871749.80049721	     -0.00000000	539330602.84191501	     -0.00000000	29746574.33722534	     -0.00000000	     -0.00000000	     -0.00000000	     -0.00000000	     -0.00000000	     -0.00000000	     -0.00000000	4659919.23318867	 654335.47977111	19295889.37894017	 756941.87502861	 812876.22822618	     -0.00000000	     -0.00000000	 519644.84696684	     -0.00000000	     -0.00000000	     -0.00000000	     -0.00000000	     -0.00000000	     -0.00000000	158629798.88264233	209438390.52292207	231604157.09936252	     -0.00000000	     -0.00000000	     -0.00000000	     -0.00000000	     -0.00000000	     -0.00000000	42102405.94989917	1303830.12433744	     -0.00000000	     -0.00000000	     -0.00000000	9604554.98060565	     -0.00000000	581866180.37840509	     -0.00000000	11091343.59208258	     -0.00000000	     -0.23025407	     -0.00000000	     -0.00000000	  70310.95292718	  89833.27704902	  37961.18005058
      0.21000000	     -0.00000000	     -0.00000000	33918723.93249343	3364668.50495098	  69761.03081188	     -0.00000000	   5265.70703555	2378618.48056505	     -0.00000000	     -0.00000000	     -0.00000000	     -0.00000000	     -0.00000000	     -0.00000000	371306081.93491340	479179928.36435860	499980696.39879102	     -0.00000000	     -0.00000000	     -0.00000000	     -0.00000000	     -0.00000000	     -0.00000000	46362622.91370457	     -0.00000000	     -0.00000000	     -0.00000000	     -0.00000000	1952717.35680782	     -0.00000000	540604915.70588839	     -0.00000000	29186346.46762297	     -0.00000000	     -0.00000000	     -0.00000000	     -0.00000000	     -0.00000000	     -0.00000000	     -0.00000000	4208679.76739325	 542952.60324330	20451914.80430436	 876222.77063866	 947364.64544891	     -0.00000000	     -0.00000000	 336226.96379585	     -0.00000000	     -0.00000000	     -0.00000000	     -0.00000000	     -0.00000000	     -0.00000000	168024047.56600660	222919641.61562654	248843079.33696398	     -0.00000000	     -0.00000000	     -0.00000000	     -0.00000000	     -0.00000000	     -0.00000000	40764022.13688564	1057970.71207703	     -0.00000000	     -0.00000000	     -0.00000000	9095803.39833991	     -0.00000000	571622760.93739903	     -0.00000000	10717438.04835313	     -0.00000000	     -0.00008147	     -0.00000000	     -0.00000000	 149566.42665993	 231001.43796052	 110020.26044700
      0.22000000	     -0.00000000	     -0.00000000	33126409.76399864	3252222.18458839	  38493.41981755	     -0.00000000	   2925.41631489	2330164.90805594	     -0.00000000	     -0.00000000	     -0.00000000	     -0.00000000	     -0.00000000	     -0.00000000	367162669.36946231	473508513.07983613	491847410.64917189	     -0.00000000	     -0.00000000	     -0.00000000	     -0.00000000	     -0.00000000	     -0.00000000	45993322.82672680	     -0.00000000	     -0.00000000	     -0.00000000	     -0.00000000	2049876.36279640	     -0.00000000	542280260.43284214	     -0.00000000	28630443.77827031	     -0.00000000	     -0.00000000	     -0.00000000	     -0.00000000	     -0.00000000	     -0.00000000	     -0.00000000	3763762.45506238	 439507.95617664	21654880.52027515	1005279.46505939	1093917.55503481	     -0.00000000	     -0.00000000	 197434.89272933	     -0.00000000	     -0.00000000	     -0.00000000	     -0.00000000	     -0.00000000	     -0.00000000	177742567.92293197	236789489.29749089	266546669.68188515	     -0.00000000	     -0.00000000	     -0.00000000	     -0.00000000	     -0.00000000	     -0.00000000	39513989.47669844	 837373.06124681	     -0.00000000	     -0.00000000	     -0.00000000	8601071.12668002	     -0.00000000	561587980.49713552	     -0.00000000	10404617.36290790	     -0.00000000	     -0.00000000	     -0.00000000	     -0.00000000	 248151.10808200	 437730.85410774	 227231.69549770
      0.23000000	     -0.00000000	     -0.00000000	32333866.90022643	3138971.33776030	  17624.81263469	     -0.00000000	   1425.50057269	2295651.65208240	     -0.00000000	     -0.00000000	     -0.00000000	     -0.00000000	     -0.00000000	     -0.00000000	363211397.63756597	468018795.04022831	483791834.04602641	     -0.00000000	     -0.00000000	     -0.00000000	     -0.00000000	     -0.00000000	     -0.00000000	45673062.86604843	     -0.00000000	     -0.00000000	     -0.00000000	     -0.00000000	2148519.75272396	     -0.00000000	544166633.43141687	     -0.00000000	28126129.82269891	     -0.00000000	     -0.00000000	     -0.00000000	     -0.00000000	     -0.00000000	     -0.00000000	     -0.00000000	3300515.69508427	 339231.96813777	22963990.02755258	1152797.28210742	1255860.28047769	     -0.00000000	     -0.00000000	  98881.66533889	     -0.00000000	     -0.00000000	     -0.00000000	     -0.00000000	     -0.00000000	     -0.00000000	188118333.23787788	251600152.00031003	285473610.23916912	     -0.00000000	     -0.00000000	     -0.00000000	     -0.00000000	     -0.00000000	     -0.00000000	38334536.57506132	 634668.43143478	     -0.00000000	     -0.00000000	     -0.00000000	8091447.70634707	     -0.00000000	551501914.71248114	     -0.00000000	10177614.26931182	     -0.00000000	     -0.00000000	     -0.00000000	     -0.00000000	 361480.37108428	 684849.14552234	 372802.29266264
      0.24000000	     -0.00000000	     -0.00000000	31529326.99977657	3023866.66103620	   6550.36654874	     -0.00000000	    561.38569918	2275351.67779612	     -0.00000000	     -0.00000000	     -0.00000000	     -0.00000000	     -0.00000000	     -0.00000000	358725278.51008332	461908721.11254233	475241669.45345366	     -0.00000000	     -0.00000000	     -0.00000000	     -0.00000000	     -0.00000000	     -0.00000000	45416583.50111385	     -0.00000000	     -0.00000000	     -0.00000000	     -0.00000000	2259000.90322905	     -0.00000000	546323420.59402680	     -0.00000000	27658965.17098913	     -0.00000000	     -0.00000000	     -0.00000000	     -0.00000000	     -0.00000000	     -0.00000000	     -0.00000000	2829031.67254029	 246883.58093218	24313180.56008133	1312036.05295813	1419125.01589841	     -0.00000000	     -0.00000000	  37803.12646862	     -0.00000000	     -0.00000000	     -0.00000000	     -0.00000000	     -0.00000000	     -0.00000000	198973021.87626868	266974415.62206420	304905046.45252061	     -0.00000000	     -0.00000000	     -0.00000000	     -0.00000000	     -0.00000000	     -0.00000000	37258578.20057821	 458322.61384960	     -0.00000000	     -0.00000000	     -0.00000000	7587196.85451713	     -0.00000000	541772371.93655443	     -0.00000000	10032014.96055234	     -0.00000000	     -0.00000000	     -0.00000000	     -0.00000000	 481767.16679508	 952192.59374363	 534248.12427682
      0.25000000	     -0.00000000	     -0.00000000	30748782.14895584	2912002.07661094	   1754.17744518	     -0.00000000	    149.93553447	2266929.31543564	     -0.00000000	     -0.00000000	     -0.00000000	     -0.00000000	     -0.00000000	     -0.00000000	354298457.73977625	455871765.72267532	466836405.30635411	     -0.00000000	     -0.00000000	     -0.00000000	     -0.00000000	     -0.00000000	     -0.00000000	45213912.80112802	     -0.00000000	     -0.00000000	     -0.00000000	     -0.00000000	2371337.62402832	     -0.00000000	548605320.60518742	     -0.00000000	27243068.38687606	     -0.00000000	     -0.00000000	     -0.00000000	     -0.00000000	     -0.00000000	     -0.00000000	     -0.00000000	2350364.92758248	 163568.92389274	25734662.83674914	1487800.27274140	1586076.35047046	     -0.00000000	     -0.00000000	   8969.56788307	     -0.00000000	     -0.00000000	     -0.00000000	     -0.00000000	     -0.00000000	     -0.00000000	210474268.41931784	283175071.42642164	325206937.87001395	     -0.00000000	     -0.00000000	     -0.00000000	     -0.00000000	     -0.00000000	     -0.00000000	36293875.67806225	 306774.55205961	     -0.00000000	     -0.00000000	     -0.00000000	7077121.35963622	     -0.00000000	532326244.15756148	     -0.00000000	9983983.92963632	     -0.00000000	     -0.00000000	     -0.00000000	     -0.00000000	 602499.35154384	1223001.17109360	 700754.06660221
      0.26000000	     -0.00000000	     -0.00000000	29764797.21612183	2769485.16328527	     64.43088679	     -0.00000000	      0.55771936	2273908.35713506	     -0.00000000	     -0.00000000	     -0.00000000	     -0.00000000	     -0.00000000	     -0.00000000	347633264.62636042	447056744.50472498	455443306.07744008	     -0.00000000	     -0.00000000	     -0.00000000	     -0.00000000	     -0.00000000	     -0.00000000	45057746.40977906	     -0.00000000	     -0.00000000	     -0.00000000	     -0.00000000	2536448.82444876	     -0.00000000	551848503.63132811	     -0.00000000	26757900.12911211	     -0.00000000	     -0.00000000	     -0.00000000	     -0.00000000	     -0.00000000	     -0.00000000	     -0.00000000	1964723.99265857	 104231.65987767	27044547.55327468	1653625.28770803	1750779.06601595	     -0.00000000	     -0.00000000	   1174.57937034	     -0.00000000	     -0.00000000	     -0.00000000	     -0.00000000	     -0.00000000	     -0.00000000	220763565.53974795	297660135.39120460	343457252.74683285	     -0.00000000	     -0.00000000	     -0.00000000	     -0.00000000	     -0.00000000	     -0.00000000	35517208.98278301	 198436.53710538	     -0.00000000	     -0.00000000	     -0.00000000	6641506.10514511	     -0.00000000	524154010.09853488	     -0.00000000	9981887.07945590	     -0.00000000	     -0.00000000	     -0.00000000	     -0.00000000	 711174.42703079	1467685.85956048	 853221.96176967
      0.27000000	     -0.00000000	     -0.00000000	28883713.43036520	2647739.92755151	     -0.00000000	     -0.00000000	     -0.00000000	2292071.24594253	     -0.00000000	     -0.00000000	     -0.00000000	     -0.00000000	     -0.00000000	     -0.00000000	342941405.84615767	440484093.33402193	445949575.04545587	     -0.00000000	     -0.00000000	     -0.00000000	     -0.00000000	     -0.00000000	     -0.00000000	44915555.37310454	     -0.00000000	     -0.00000000	     -0.00000000	     -0.00000000	2663701.96985648	     -0.00000000	554744694.60148513	     -0.00000000	26395219.78896611	     -0.00000000	     -0.00000000	     -0.00000000	     -0.00000000	     -0.00000000	     -0.00000000	     -0.00000000	1614680.95938067	  55994.39149295	28714706.75037388	1867364.78746380	2011326.09852524	     -0.00000000	     -0.00000000	     -0.13733425	     -0.00000000	     -0.00000000	     -0.00000000	     -0.00000000	     -0.00000000	     -0.00000000	232110385.50194249	313961711.44619590	365009826.65189624	     -0.00000000	     -0.00000000	     -0.00000000	     -0.00000000	     -0.00000000	     -0.00000000	34905405.82589390	 104398.46947485	     -0.00000000	     -0.00000000	     -0.00000000	6161627.26061622	     -0.00000000	515467211.34875470	     -0.00000000	10138918.09799234	     -0.00000000	     -0.00000000	     -0.00000000	     -0.00000000	 812978.41227647	1697107.47173308	 997637.89657938
      0.28000000	     -0.00000000	     -0.00000000	27951938.60644928	2511434.46740825	     -0.00000000	     -0.00000000	     -0.00000000	2322109.86844771	     -0.00000000	     -0.00000000	     -0.00000000	     -0.00000000	     -0.00000000	     -0.00000000	336039594.91625845	431403165.76926225	434571100.63760233	     -0.00000000	     -0.00000000	     -0.00000000	     -0.00000000	     -0.00000000	     -0.00000000	44878863.73368143	     -0.00000000	     -0.00000000	     -0.00000000	     -0.00000000	2844482.10370599	     -0.00000000	558302424.24866140	     -0.00000000	25993988.28078271	     -0.00000000	     -0.00000000	     -0.00000000	     -0.00000000	     -0.00000000	     -0.00000000	     -0.00000000	1265650.68920116	  23060.44348843	30072853.08827101	2053511.89630051	2174062.51675841	     -0.00000000	     -0.00000000	     -0.00000000	     -0.00000000	     -0.00000000	     -0.00000000	     -0.00000000	     -0.00000000	     -0.00000000	242781443.93429592	328833595.82950902	383481978.73150271	     -0.00000000	     -0.00000000	     -0.00000000	     -0.00000000	     -0.00000000	     -0.00000000	34421964.65483478	  46561.10681868	     -0.00000000	     -0.00000000	     -0.00000000	5743768.55951098	     -0.00000000	508560893.43781686	     -0.00000000	10336545.62762840	     -0.00000000	     -0.00000000	     -0.00000000	     -0.00000000	 888189.50394845	1866508.90453417	1105077.69968402
      0.29000000	     -0.00000000	     -0.00000000	26985848.30735706	2378946.44320251	     -0.00000000	     -0.00000000	     -0.00000000	2362903.90161504	     -0.00000000	     -0.00000000	     -0.00000000	     -0.00000000	     -0.00000000	     -0.00000000	330447975.05432707	423614214.28720850	423646673.93808043	     -0.00000000	     -0.00000000	     -0.00000000	     -0.00000000	     -0.00000000	     -0.00000000	44811986.09123204	     -0.00000000	     -0.00000000	     -0.00000000	     -0.00000000	3002616.97762192	     -0.00000000	561860505.11075914	     -0.00000000	25649990.31355314	     -0.00000000	     -0.00000000	     -0.00000000	     -0.00000000	     -0.00000000	     -0.00000000	     -0.00000000	1011731.06954779	   7780.32727582	31784164.35372018	2283026.26649645	2474120.40315617	     -0.00000000	     -0.00000000	     -0.00000000	     -0.00000000	     -0.00000000	     -0.00000000	     -0.00000000	     -0.00000000	     -0.00000000	253514811.38682261	344286458.45317495	404298941.09890014	     -0.00000000	     -0.00000000	     -0.00000000	     -0.00000000	     -0.00000000	     -0.00000000	34158263.20698021	  13363.78047251	     -0.00000000	     -0.00000000	     -0.00000000	5320683.11258234	     -0.00000000	501426752.66280711	     -0.00000000	10676038.38449459	     -0.00000000	     -0.00000000	     -0.00000000	     -0.00000000	 949289.62298836	2003981.45381810	1192727.32895521
      0.30000000	     -0.00000000	     -0.00000000	26348195.97346119	2272212.44506453	     -0.00000000	     -0.00000000	     -0.00000000	2383022.94455211	     -0.00000000	     -0.00000000	     -0.00000000	     -0.00000000	     -0.00000000	     -0.00000000	322683228.19611448	414026164.22110707	413712080.62945807	     -0.00000000	     -0.00000000	     -0.00000000	     -0.00000000	     -0.00000000	     -0.00000000	44912830.41820332	     -0.00000000	     -0.00000000	     -0.00000000	     -0.00000000	3207637.56896112	     -0.00000000	564908931.87342536	     -0.00000000	25277639.68137100	     -0.00000000	     -0.00000000	     -0.00000000	     -0.00000000	     -0.00000000	     -0.00000000	     -0.00000000	 702018.43701495	    973.00048844	32855776.55326809	2454976.11039637	2516194.47870735	     -0.00000000	     -0.00000000	     -0.00000000	     -0.00000000	     -0.00000000	     -0.00000000	     -0.00000000	     -0.00000000	     -0.00000000	263480888.11195582	357687007.72958195	419645254.19151562	     -0.00000000	     -0.00000000	     -0.00000000	     -0.00000000	     -0.00000000	     -0.00000000	33892667.99882620	   2838.41956227	     -0.00000000	     -0.00000000	     -0.00000000	4951590.98933577	     -0.00000000	496572589.43486857	     -0.00000000	11014798.94037080	     -0.00000000	     -0.00000000	     -0.00000000	     -0.00000000	 976575.05081776	2065319.20922121	1231950.67223911
      0.31000000	     -0.00000000	     -0.00000000	25137608.77161772	2116703.19129149	     -0.00000000	     -0.00000000	     -0.00000000	2469201.57974357	     -0.00000000	     -0.00000000	     -0.00000000	     -0.00000000	     -0.00000000	     -0.00000000	317229617.51859933	405808849.74090588	400736028.58801615	     -0.00000000	     -0.00000000	     -0.00000000	     -0.00000000	     -0.00000000	     -0.00000000	44887036.11726242	     -0.00000000	     -0.00000000	     -0.00000000	     -0.00000000	3382859.43592990	     -0.00000000	569600362.83152878	     -0.00000000	24994642.74625807	     -0.00000000	     -0.00000000	     -0.00000000	     -0.00000000	     -0.00000000	     -0.00000000	     -0.00000000	 560927.53426346	     -7.54016462	34808101.21370608	2715684.05706403	2947575.18610597	     -0.00000000	     -0.00000000	     -0.00000000	     -0.00000000	     -0.00000000	     -0.00000000	     -0.00000000	     -0.00000000	     -0.00000000	273895792.23535407	372970414.25885725	441448979.80816680	     -0.00000000	     -0.00000000	     -0.00000000	     -0.00000000	     -0.00000000	     -0.00000000	34067728.04588543	    -15.84259381	     -0.00000000	     -0.00000000	     -0.00000000	4563366.29317729	     -0.00000000	490714252.01784909	     -0.00000000	11598063.80659778	     -0.00000000	     -0.00000000	     -0.00000000	     -0.00000000	 988732.45269627	2092637.71662757	1249439.96267956
      0.32000000	     -0.00000000	     -0.00000000	24252351.38652721	1990624.23440816	     -0.00000000	     -0.00000000	     -0.00000000	2533664.62550435	     -0.00000000	     -0.00000000	     -0.00000000	     -0.00000000	     -0.00000000	     -0.00000000	310704402.71754885	396964550.55828071	389429666.21429813	     -0.00000000	     -0.00000000	     -0.00000000	     -0.00000000	     -0.00000000	     -0.00000000	44983285.10766680	    -10.83152905	     -0.00000000	     -0.00000000	     -0.00000000	3582842.54599491	     -0.00000000	573604047.38878131	     -0.00000000	24703389.09311524	     -0.00000000	     -0.00000000	     -0.00000000	     -0.00000000	     -0.00000000	     -0.00000000	     -0.00000000	 389702.12696987	     -0.00000000	36279208.98188264	2934552.00501501	3180900.47117863	     -0.00000000	     -0.00000000	     -0.00000000	     -0.00000000	     -0.00000000	     -0.00000000	     -0.00000000	     -0.00000000	     -0.00000000	283643666.85565686	386590321.71933562	459024735.83276397	     -0.00000000	     -0.00000000	     -0.00000000	     -0.00000000	     -0.00000000	     -0.00000000	34263218.01863490	     -0.00000000	     -0.00000000	     -0.00000000	     -0.00000000	4214827.73334515	     -0.00000000	486628468.66362059	     -0.00000000	12209394.62200723	     -0.00000000	     -0.00000000	     -0.00000000	     -0.00000000	 970775.49272422	2052298.81082249	1223569.78292269
      0.33000000	     -0.00000000	     -0.00000000	23338494.52091202	1863195.04387731	     -0.00000000	     -0.00000000	     -0.00000000	2604076.39417234	     -0.00000000	     -0.00000000	     -0.00000000	     -0.00000000	     -0.00000000	     -0.00000000	304084705.95291311	387876951.76775187	377685363.03374541	     -0.00000000	     -0.00000000	     -0.00000000	     -0.00000000	     -0.00000000	     -0.00000000	45088053.55905582	    907.91935865	     -0.00000000	     -0.00000000	     -0.00000000	3792840.78543525	     -0.00000000	577774581.05665994	     -0.00000000	24410306.47515685	     -0.00000000	     -0.00000000	     -0.00000000	     -0.00000000	     -0.00000000	     -0.00000000	     -0.00000000	 269465.60601620	     -0.00000000	37718105.84600840	3149631.17856505	3439006.66904754	     -0.00000000	     -0.00000000	     -0.00000000	     -0.00000000	     -0.00000000	     -0.00000000	     -0.00000000	     -0.00000000	     -0.00000000	292457558.87701190	398985670.98499936	475440300.34102321	     -0.00000000	     -0.00000000	     -0.00000000	     -0.00000000	     -0.00000000	     -0.00000000	34652415.01196375	     -0.00000000	     -0.00000000	     -0.00000000	     -0.00000000	3904141.52189705	     -0.00000000	483520408.28401542	     -0.00000000	12918114.64172160	     -0.00000000	     -0.00000000	     -0.00000000	     -0.00000000	 927377.27396150	1954724.90519721	1161184.10994683
      0.34000000	     -0.00000000	     -0.00000000	22560033.36772407	1750856.29160240	     -0.00000000	     -0.00000000	     -0.00000000	2676286.99158538	     -0.00000000	     -0.00000000	     -0.00000000	     -0.00000000	     -0.00000000	     -0.00000000	297706878.66385788	379213633.97511911	367037817.46532589	     -0.00000000	     -0.00000000	     -0.00000000	     -0.00000000	     -0.00000000	     -0.00000000	45258429.16267224	   4096.52424120	     -0.00000000	     -0.00000000	     -0.00000000	4003354.45646000	     -0.00000000	581697068.49197125	     -0.00000000	24163448.21986691	     -0.00000000	     -0.00000000	     -0.00000000	     -0.00000000	     -0.00000000	     -0.00000000	     -0.00000000	 158067.23087998	     -0.00000000	39009762.56466794	3354026.54105610	3623761.58883444	     -0.00000000	     -0.00000000	     -0.00000000	     -0.00000000	     -0.00000000	     -0.00000000	     -0.00000000	     -0.00000000	     -0.00000000	301337643.02710062	411146953.88227803	490690403.68380719	     -0.00000000	     -0.00000000	     -0.00000000	     -0.00000000	     -0.00000000	     -0.00000000	35139360.62750607	     -0.00000000	     -0.00000000	     -0.00000000	     -0.00000000	3606132.60397541	     -0.00000000	481333841.19647837	     -0.00000000	13720196.56860187	     -0.00000000	     -0.00000000	     -0.00000000	     -0.00000000	 862009.35680558	1807597.30085820	1067511.93829801
      0.35000000	     -0.00000000	     -0.00000000	21674334.84337476	1627840.71029425	     -0.00000000	     -0.00000000	     -0.00000000	2756615.76167208	     -0.00000000	     -0.00000000	     -0.00000000	     -0.00000000	     -0.00000000	     -0.00000000	290871428.33666241	369720671.64651442	355056309.73038518	     -0.00000000	     -0.00000000	     -0.00000000	     -0.00000000	     -0.00000000	     -0.00000000	45422516.58535421	  12514.99878498	     -0.00000000	     -0.00000000	     -0.00000000	4239170.32583508	     -0.00000000	586047915.46912551	     -0.00000000	23881109.22513390	     -0.00000000	     -0.00000000	     -0.00000000	     -0.00000000	     -0.00000000	     -0.00000000	     -0.00000000	  98213.62392829	     -0.00000000	40257936.00013193	3547943.20555186	3859992.85487205	     -0.00000000	     -0.00000000	     79.22373764	     -0.00000000	     -0.00000000	     -0.00000000	     -0.00000000	     -0.00000000	     -0.00000000	308587185.66650999	421280495.05208641	504239081.52961469	     -0.00000000	     -0.00000000	     -0.00000000	     -0.00000000	     -0.00000000	     -0.00000000	35829787.80088329	     -0.00000000	     -0.00000000	     -0.00000000	     -0.00000000	3361065.36924571	     -0.00000000	480140663.28376102	     -0.00000000	14604243.64946855	     -0.00000000	     -0.00000000	     -0.00000000	     -0.00000000	 777304.80368489	1616764.37586272	 946754.54755445
      0.36000000	     -0.00000000	     -0.00000000	20867228.51033963	1514653.55987495	     -0.00000000	     -0.00000000	     -0.00000000	2840616.85738938	     -0.00000000	     -0.00000000	     -0.00000000	     -0.00000000	     -0.00000000	     -0.00000000	284325855.04511136	360612437.84842879	343764607.39807200	     -0.00000000	     -0.00000000	     -0.00000000	     -0.00000000	     -0.00000000	     -0.00000000	45628183.83148453	  27161.24577430	     -0.00000000	     -0.00000000	     -0.00000000	4476514.89657698	     -0.00000000	590268666.49168921	     -0.00000000	23632069.64715715	     -0.00000000	     -0.00000000	     -0.00000000	     -0.00000000	     -0.00000000	     -0.00000000	     -0.00000000	  49955.80844069	     -0.00000000	41365386.66636569	3727479.92793401	4041739.41464030	     -0.00000000	     -0.00000000	   2513.43891183	     -0.00000000	     -0.00000000	     -0.00000000	     -0.00000000	     -0.00000000	     -0.00000000	315568251.28831333	430830130.54132146	516497752.23178411	     -0.00000000	     -0.00000000	     -0.00000000	     -0.00000000	     -0.00000000	     -0.00000000	36632719.08997131	     -0.00000000	     -0.00000000	     -0.00000000	     -0.00000000	3135048.18665787	     -0.00000000	479852061.03838730	     -0.00000000	15583867.18559119	     -0.00000000	     -0.00000000	     -0.00000000	     -0.00000000	 676709.37213405	1390091.54278722	 804506.15595257
      0.37000000	     -0.00000000	     -0.00000000	20258244.10049583	1428648.63294355	     -0.00000000	     -0.00000000	     -0.00000000	2909974.07692114	     -0.00000000	     -0.00000000	     -0.00000000	     -0.00000000	     -0.00000000	     -0.00000000	278883415.94147801	353135350.22647095	334807438.65955997	     -0.00000000	     -0.00000000	     -0.00000000	     -0.00000000	     -0.00000000	     -0.00000000	45824000.76685465	  46296.95381234	     -0.00000000	     -0.00000000	     -0.00000000	4676351.85909833	     -0.00000000	593622690.85528362	     -0.00000000	23440765.18505994	     -0.00000000	     -0.00000000	     -0.00000000	     -0.00000000	     -0.00000000	     -0.00000000	     -0.00000000	  15316.15471726	     -0.00000000	42467186.54959876	3911689.39114685	4199658.94955197	     -0.00000000	     -0.00000000	  14338.90851390	     -0.00000000	     -0.00000000	     -0.00000000	     -0.00000000	     -0.00000000	     -0.00000000	323057774.39374852	440847905.51792073	528928142.90892494	     -0.00000000	     -0.00000000	     -0.00000000	     -0.00000000	     -0.00000000	     -0.00000000	37540683.36708990	     -0.00000000	     -0.00000000	     -0.00000000	     -0.00000000	2905421.70164289	     -0.00000000	479963503.21133906	     -0.00000000	16693641.24852087	     -0.00000000	     -0.00000000	     -0.00000000	     -0.00000000	 567656.93303477	1144749.22173475	 652188.58612399
      0.38000000	     -0.00000000	     -0.00000000	19372223.82290456	1307374.21668199	     -0.00000000	     -0.00000000	     -0.00000000	3006719.57782828	     -0.00000000	     -0.00000000	     -0.00000000	     -0.00000000	     -0.00000000	     -0.00000000	271184287.35689199	342446289.38758099	321799070.22182220	     -0.00000000	     -0.00000000	     -0.00000000	     -0.00000000	     -0.00000000	     -0.00000000	46080357.62694421	  85248.64612084	     -0.00000000	     -0.00000000	     -0.00000000	4969830.71336688	     -0.00000000	598402407.14062917	     -0.00000000	23146705.72108834	     -0.00000000	     -0.00000000	     -0.00000000	     -0.00000000	     -0.00000000	     -0.00000000	     -0.00000000	   6964.17240632	     -0.00000000	43224236.51678186	4039162.88701749	4338777.51300280	     -0.00000000	     -0.00000000	  50288.76279396	     -0.00000000	     -0.00000000	     -0.00000000	     -0.00000000	     -0.00000000	     -0.00000000	327347051.73718822	446627844.31236029	536627846.82360238	     -0.00000000	     -0.00000000	     -0.00000000	     -0.00000000	     -0.00000000	     -0.00000000	38611218.19099252	     -0.00000000	     -0.00000000	     -0.00000000	     -0.00000000	2768699.38856680	     -0.00000000	481806429.51754928	     -0.00000000	17797640.71201286	     -0.00000000	     -0.00000000	     -0.00000000	     -0.00000000	 451040.14511093	 883647.05645598	 492349.41609045
      0.39000000	     -0.00000000	     -0.00000000	18814086.96723415	1229040.37762138	     -0.00000000	     -0.00000000	     -0.00000000	3076580.10836590	     -0.00000000	     -0.00000000	     -0.00000000	     -0.00000000	     -0.00000000	     -0.00000000	266379979.80275261	335655499.04856408	313489603.43476343	     -0.00000000	     -0.00000000	     -0.00000000	     -0.00000000	     -0.00000000	     -0.00000000	46290383.83700792	 116462.84558080	     -0.00000000	     -0.00000000	     -0.00000000	5172800.96312311	     -0.00000000	601651355.15147376	     -0.00000000	22966864.83704254	     -0.00000000	     -0.00000000	     -0.00000000	     -0.00000000	     -0.00000000	     -0.00000000	     -0.00000000	    649.81929593	     -0.00000000	44083238.24701967	4189274.85661861	4439510.62092474	     -0.00000000	     -0.00000000	 115169.81207286	     -0.00000000	     -0.00000000	     -0.00000000	     -0.00000000	     -0.00000000	     -0.00000000	333712286.24139917	454858629.00051051	546451755.84357274	     -0.00000000	     -0.00000000	     -0.00000000	     -0.00000000	     -0.00000000	     -0.00000000	39739689.50036708	     -0.00000000	     -0.00000000	     -0.00000000	     -0.00000000	2588750.17005464	     -0.00000000	483478282.34722567	     -0.00000000	19079535.22578890	     -0.00000000	     -0.00000000	     -0.00000000	     -0.00000000	 338814.08701279	 634993.55649819	 342928.16034263
      0.40000000	     -0.00000000	     -0.00000000	18260869.03443920	1154817.29343891	     -0.00000000	     -0.00000000	     -0.00000000	3147271.07434689	     -0.00000000	     -0.00000000	     -0.00000000	     -0.00000000	     -0.00000000	     -0.00000000	261465635.70493501	328763559.68465060	305114126.47643280	     -0.00000000	     -0.00000000	     -0.00000000	     -0.00000000	     -0.00000000	     -0.00000000	46492370.07881983	 153327.86845905	     -0.00000000	     -0.00000000	     -0.00000000	5375522.69868918	     -0.00000000	604812409.17857230	     -0.00000000	22793446.51597055	     -0.00000000	     -0.00000000	     -0.00000000	     -0.00000000	     -0.00000000	     -0.00000000	     -0.00000000	     -3.32015211	     -0.00000000	44907818.20623159	4332392.06313361	4558786.92525251	     -0.00000000	     -0.00000000	 212751.05772243	     -0.00000000	     -0.00000000	     -0.00000000	     -0.00000000	     -0.00000000	     -0.00000000	339349414.30976719	462139426.51517463	555419481.32157123	     -0.00000000	     -0.00000000	     -0.00000000	     -0.00000000	     -0.00000000	     -0.00000000	40980403.43974247	     -0.00000000	     -0.00000000	     -0.00000000	     -0.00000000	2431958.81029378	     -0.00000000	485612889.88669395	     -0.00000000	20448878.15329609	     -0.00000000	     -0.00000000	     -0.00000000	     -0.00000000	 235144.99857835	 409917.24147266	 210998.79382393
      0.41000000	     -0.00000000	     -0.00000000	17644856.30661361	1071509.76817633	     -0.00000000	     -0.00000000	     -0.00000000	3224301.46232291	     -0.00000000	     -0.00000000	     -0.00000000	     -0.00000000	     -0.00000000	     -0.00000000	255940955.41774678	320940781.41304314	295619364.72794503	     -0.00000000	     -0.00000000	     -0.00000000	     -0.00000000	     -0.00000000	     -0.00000000	46729530.24413354	 201732.86688895	     -0.00000000	     -0.00000000	     -0.00000000	5618376.48292272	     -0.00000000	608418049.08533657	     -0.00000000	22576694.14130689	     -0.00000000	     -0.00000000	     -0.00000000	     -0.00000000	     -0.00000000	     -0.00000000	     -0.00000000	     -0.00000000	     -0.00000000	45421426.88846864	4429083.83148630	4604251.39471892	     -0.00000000	     -0.00000000	 350563.29350285	     -0.00000000	     -0.00000000	     -0.00000000	     -0.00000000	     -0.00000000	     -0.00000000	343307612.40870410	467072532.11118841	561153515.01422167	     -0.00000000	     -0.00000000	     -0.00000000	     -0.00000000	     -0.00000000	     -0.00000000	42294765.51456276	     -0.00000000	     -0.00000000	     -0.00000000	     -0.00000000	2324558.05316093	     -0.00000000	488966196.84987503	     -0.00000000	21837827.47782056	     -0.00000000	     -0.00000000	     -0.00000000	     -0.00000000	 142067.19497987	 215898.47810339	 101824.05418712
      0.42000000	     -0.00000000	     -0.00000000	16899862.74713876	 973441.34516816	     -0.00000000	     -0.00000000	     -0.00000000	3311111.31974342	     -0.00000000	     -0.00000000	     -0.00000000	     -0.00000000	     -0.00000000	     -0.00000000	248505884.41972125	310626953.17216665	283531377.79676378	     -0.00000000	     -0.00000000	     -0.00000000	     -0.00000000	     -0.00000000	     -0.00000000	47010855.31901643	 275598.71778449	     -0.00000000	     -0.00000000	     -0.00000000	5936208.38606515	     -0.00000000	612732759.88498867	     -0.00000000	22276691.93439624	     -0.00000000	     -0.00000000	     -0.00000000	     -0.00000000	     -0.00000000	     -0.00000000	     -0.00000000	     -0.00000000	     -0.00000000	45552272.67012786	4464286.37606889	4583586.78154311	     -0.00000000	     -0.00000000	 532155.49207011	     -0.00000000	     -0.00000000	     -0.00000000	     -0.00000000	     -0.00000000	     -0.00000000	344626498.58184808	468547211.84434897	562596770.02779496	     -0.00000000	     -0.00000000	     -0.00000000	     -0.00000000	     -0.00000000	     -0.00000000	43669145.51262631	     -0.00000000	     -0.00000000	     -0.00000000	     -0.00000000	2285058.16306579	     -0.00000000	493733652.70134276	     -0.00000000	23184191.01310123	     -0.00000000	     -0.00000000	     -0.00000000	     -0.00000000	  66578.50740433	  84454.46384601	  35225.50181082
      0.43000000	     -0.00000000	     -0.00000000	16284286.76539764	 895259.21712950	     -0.00000000	     -0.00000000	     -0.00000000	3387930.07333974	     -0.00000000	     -0.00000000	     -0.00000000	     -0.00000000	     -0.00000000	     -0.00000000	242878832.42710748	302598674.15508670	273768638.45334291	     -0.00000000	     -0.00000000	     -0.00000000	     -0.00000000	     -0.00000000	     -0.00000000	47244108.14085088	 342869.70110510	     -0.00000000	     -0.00000000	     -0.00000000	6197447.59254241	     -0.00000000	616309619.12381983	     -0.00000000	22044629.07988554	     -0.00000000	     -0.00000000	     -0.00000000	     -0.00000000	     -0.00000000	     -0.00000000	     -0.00000000	     -0.00000000	     -0.00000000	45815909.47727617	4518455.21389595	4585634.75454404	     -0.00000000	     -0.00000000	 750169.21253480	     -0.00000000	     -0.00000000	     -0.00000000	     -0.00000000	     -0.00000000	     -0.00000000	347046566.05668855	471455265.24380952	565727922.46303296	     -0.00000000	     -0.00000000	     -0.00000000	     -0.00000000	     -0.00000000	     -0.00000000	45080727.80139222	     -0.00000000	     -0.00000000	     -0.00000000	     -0.00000000	2222330.91507507	     -0.00000000	498128028.35268521	     -0.00000000	24648623.46560856	     -0.00000000	     -0.00000000	     -0.00000000	     -0.00000000	  21977.49604032	  20085.19540119	   6408.82806590
      0.44000000	     -0.00000000	     -0.00000000	15717756.01953324	 824661.15843825	     -0.00000000	     -0.00000000	     -0.00000000	3458553.76358666	     -0.00000000	     -0.00000000	     -0.00000000	     -0.00000000	     -0.00000000	     -0.00000000	237564763.15287292	295004698.74234617	264590066.22130489	     -0.00000000	     -0.00000000	     -0.00000000	     -0.00000000	     -0.00000000	     -0.00000000	47466049.51300846	 413958.39610805	     -0.00000000	     -0.00000000	     -0.00000000	6451354.66554875	     -0.00000000	619630416.37114239	     -0.00000000	21819323.79510578	     -0.00000000	     -0.00000000	     -0.00000000	     -0.00000000	     -0.00000000	     -0.00000000	     -0.00000000	     -0.00000000	     -0.00000000	45978591.49280745	4556482.40161015	4561906.57592609	     -0.00000000	     72.86694081	1008026.10675750	     -0.00000000	     -0.00000000	     -0.00000000	     -0.00000000	     -0.00000000	     -0.00000000	349009767.95220870	473732755.41748804	567928363.45571876	     -0.00000000	     -0.00000000	     -0.00000000	     -0.00000000	     -0.00000000	     -0.00000000	46527794.23664287	     -0.00000000	     -0.00000000	     -0.00000000	     -0.00000000	2173424.30785838	     -0.00000000	502855749.08572328	     -0.00000000	26151433.39785947	     -0.00000000	     -0.00000000	     -0.00000000	     -0.00000000	   3505.90488081	    821.87603696	      3.92205658
      0.45000000	     -0.00000000	     -0.00000000	15219552.46086407	 766093.74504255	     -0.00000000	     -0.00000000	     -0.00000000	3524126.70878099	     -0.00000000	     -0.00000000	     -0.00000000	     -0.00000000	     -0.00000000	     -0.00000000	233920245.93625394	289401190.24722636	257129192.16602471	     -0.00000000	     -0.00000000	     -0.00000000	     -0.00000000	     -0.00000000	     -0.00000000	47635801.28050404	 473738.36502249	     -0.00000000	     -0.00000000	     -0.00000000	6653763.06588758	     -0.00000000	622466670.26985419	     -0.00000000	21648490.83876961	     -0.00000000	     -0.00000000	     -0.00000000	     -0.00000000	     -0.00000000	     -0.00000000	     -0.00000000	     -0.00000000	     -0.00000000	46305446.45035655	4615587.12257810	4588817.90284632	     -0.00000000	   2229.63990041	1295580.29041568	     -0.00000000	     -0.00000000	     -0.00000000	     -0.00000000	     -0.00000000	     -0.00000000	351816848.14126873	477203006.72649765	571831722.91609752	     -0.00000000	     -0.00000000	     -0.00000000	     -0.00000000	     -0.00000000	     -0.00000000	48014568.85939675	     -0.00000000	     -0.00000000	     -0.00000000	     -0.00000000	2106558.96433334	     -0.00000000	507054813.24199748	     -0.00000000	27747340.42892773	     -0.00000000	     -0.00000000	     -0.00000000	     -0.00000000	      0.55770853	     -0.00000000	     -0.00000000
      0.46000000	     -0.00000000	     -0.00000000	14538041.12678743	 685095.63768414	     -0.00000000	     -0.00000000	     -0.00000000	3600238.27191728	     -0.00000000	     -0.00000000	     -0.00000000	     -0.00000000	     -0.00000000	     -0.00000000	226886360.13605979	279456075.92563033	245439505.78380558	     -0.00000000	     -0.00000000	     -0.00000000	     -0.00000000	     -0.00000000	     -0.00000000	47897511.51606999	 585130.32840476	     -0.00000000	     -0.00000000	     -0.00000000	6996012.44928722	     -0.00000000	626435667.98826993	     -0.00000000	21325199.56338406	     -0.00000000	     -0.00000000	     -0.00000000	     -0.00000000	     -0.00000000	     -0.00000000	     -0.00000000	     -0.00000000	     -0.00000000	45966462.79058791	4570216.48710606	4473571.67357770	     -0.00000000	   7109.63552736	1621285.79725873	     -0.00000000	     -0.00000000	     -0.00000000	     -0.00000000	     -0.00000000	     -0.00000000	350551325.01558977	475323117.26494294	568753265.11851192	     -0.00000000	     -0.00000000	     -0.00000000	     -0.00000000	     -0.00000000	     -0.00000000	49449073.74115166	     -0.00000000	     -0.00000000	     -0.00000000	     -0.00000000	2138625.87995547	     -0.00000000	513154842.80581135	     -0.00000000	29104435.56215614	     -0.00000000	     -0.00000000	     -0.00000000	     -0.00000000	     -0.00000000	     -0.00000000	     -0.00000000
      0.47000000	     -0.00000000	     -0.00000000	14008163.76968392	 629411.28331846	     -0.00000000	     -0.00000000	     -0.00000000	3661424.88871332	     -0.00000000	     -0.00000000	     -0.00000000	     -0.00000000	     -0.00000000	     -0.00000000	223810122.61793584	274300228.11316597	237891049.68814769	     -0.00000000	     -0.00000000	     -0.00000000	     -0.00000000	     -0.00000000	     -0.00000000	48011796.72881313	 654988.49368281	     -0.00000000	     -0.00000000	     -0.00000000	7197881.47497507	     -0.00000000	629212121.55311275	     -0.00000000	21133403.07149993	     -0.00000000	     -0.00000000	     -0.00000000	     -0.00000000	     -0.00000000	     -0.00000000	     -0.00000000	     -0.00000000	     -0.00000000	46263435.65333740	4611289.38166788	4550961.21719773	     -0.00000000	  20084.39959730	1952473.33115567	     -0.00000000	     -0.00000000	     -0.00000000	     -0.00000000	     -0.00000000	     -0.00000000	352274930.76184636	477674942.13018781	571931067.11639225	     -0.00000000	     -0.00000000	     -0.00000000	     -0.00000000	     -0.00000000	     -0.00000000	50941054.20697421	     -0.00000000	     -0.00000000	     -0.00000000	     -0.00000000	2099748.22637905	     -0.00000000	517239207.49597740	     -0.00000000	30648702.90799112	     -0.00000000	     -0.00000000	     -0.00000000	     -0.00000000	     -0.00000000	     -0.00000000	     -0.00000000
      0.48000000	     -0.00000000	     -0.00000000	13307933.21432965	 550315.04318526	     -0.00000000	     -0.00000000	     -0.00000000	3740771.68904669	     -0.00000000	     -0.00000000	     -0.00000000	     -0.00000000	     -0.00000000	     -0.00000000	216141484.10065755	263413577.02716750	225272462.12230441	     -0.00000000	     -0.00000000	     -0.00000000	     -0.00000000	     -0.00000000	     -0.00000000	48313927.18764891	 801335.35745775	     -0.00000000	     -0.00000000	     -0.00000000	7595685.73006298	     -0.00000000	633407219.63999224	     -0.00000000	20771476.06007512	     -0.00000000	     -0.00185195	     -0.00000000	     -0.00000000	     -0.00000000	     -0.00000000	     -0.00000000	     -0.00000000	     -0.00000000	45707286.86576413	4526788.81462215	4409878.09809351	     -0.00000000	  34545.72182427	2308027.85290600	     -0.00000000	     -0.00000000	     -0.00000000	     -0.00000000	     -0.00000000	     -0.00000000	349400044.73258454	473790747.90911895	566471718.57071781	     -0.00000000	     -0.00000000	     -0.00000000	     -0.00000000	     -0.00000000	     -0.00000000	52267639.37372927	     -0.00000000	     -0.00000000	     -0.00000000	     -0.00000000	2172177.25278832	     -0.00000000	523425963.10375541	     -0.00000000	31826501.25675209	     -0.00000000	     -0.00000000	     -0.00000000	     -0.00000000	     -0.00000000	     -0.00000000	     -0.00000000
      0.49000000	     -0.00000000	     -0.00000000	12705109.32715553	 488487.40519361	     -0.00000000	     -0.00000000	     -0.00000000	3805451.39676556	     -0.00000000	     -0.00000000	     -0.00000000	     -0.00000000	     -0.00000000	     -0.00000000	211048913.82786372	255632342.22409153	215319387.11424848	     -0.00000000	     -0.00000000	     -0.00000000	     -0.00000000	     -0.00000000	     -0.00000000	48501940.60262374	 922544.87147040	     -0.00000000	     -0.00000000	     -0.00000000	7902702.71914845	     -0.00000000	636764329.73728895	     -0.00000000	20482254.02023158	     -0.00000000	     -0.85075650	     -0.00000000	     -0.00000000	     -0.00000000	     -0.00000000	     -0.00000000	     -0.00000000	     -0.00000000	45633227.88332302	4506070.55558368	4429376.78072396	     -0.00000000	  58658.20033810	2647611.44399101	     -0.00000000	     -0.00000000	     -0.00000000	     -0.00000000	     -0.00000000	     -0.00000000	348439350.65182233	472720711.93617916	565500695.36600673	     -0.00000000	     -0.00000000	     -0.00000000	     -0.00000000	     -0.00000000	     -0.00000000	53578070.86814008	     -0.00000000	     -0.00000000	     -0.00000000	     -0.00000000	2197772.68403144	     -0.00000000	527859218.44410002	     -0.00000000	33081366.60155524	     -0.00000000	     -0.00000000	     -0.00000000	     -0.00000000	     -0.00000000	     -0.00000000	     -0.00000000
      0.50000000	     -0.00000000	     -1.26811123	12101244.31106425	 428398.97950370	     -0.00000000	     -0.00000000	     -0.00000000	3867512.63323678	     -0.00000000	     -0.00000000	     -0.00000000	     -0.00000000	     -0.00000000	     -0.00000000	205591070.64705876	247353096.90758768	204956894.89760819	     -0.00000000	     -0.00000000	     -0.00000000	     -0.00000000	     -0.00000000	     -0.00000000	48703945.12691387	1062081.02283918	     -0.00000000	     -0.00000000	     -0.00000000	8238007.88426648	     -0.00000000	640171286.39031494	     -0.00000000	20167405.62019510	     -0.00000000	      3.22283806	     -0.00000000	     -0.00000000	     -0.00000000	     -0.00000000	     -0.00000000	     -0.00000000	     -0.00000000	45546330.25222495	4480493.59667226	4463459.25113400	     -0.00000000	  85912.39793942	2966593.89243792	     -0.00000000	     -0.00000000	     -0.00000000	     -0.00000000	     -0.00000000	     -0.00000000	347068754.47811997	471195970.06872284	564188768.90089035	     -0.00000000	     -0.00000000	     -0.00000000	     -0.00000000	     -0.00000000	     -0.00000000	54761741.07105471	     -0.00000000	     -0.00000000	     -0.00000000	     -0.00000000	2232970.93364412	     -0.00000000	531818535.13654810	     -0.00000000	34200687.51732405	     -0.00000000	     -0.00000000	     -0.00000000	     -0.00000000	     -0.00000000	     -0.00000000	     -0.00000000
      0.51000000	     -0.00000000	     74.25298166	11545301.68854262	 374255.24706779	     -0.00000000	     -0.00000000	     -0.00000000	3926302.76793739	     -0.00000000	     -0.00000000	     -0.00000000	     -0.00000000	     -0.00000000	     -0.00000000	200442549.22897673	239445717.97432747	195126423.09121305	     -0.00000000	     -0.00000000	     -0.00000000	     -0.00000000	     -0.00000000	     -0.00000000	48924048.14982574	1207499.86519274	     -0.00000000	     -0.00000000	     -0.00000000	8576817.90368172	     -0.00000000	643424878.01187837	     -0.00000000	19861376.83230442	     -0.00000000	     33.67547745	     -0.00000000	     -0.00000000	     -0.00000000	     -0.00000000	     -0.00000000	     -0.00000000	     -0.00000000	45535398.94500590	4467671.04404841	4517155.52743789	     -0.00000000	 115166.14655504	3256963.23454403	     -0.00000000	     -0.00000000	     -0.00000000	     -0.00000000	     -0.00000000	     -0.00000000	346017090.48557562	470097794.62738460	563530847.86479008	     -0.00000000	     -0.00000000	     -0.00000000	     -0.00000000	     -0.00000000	     -0.00000000	55809797.70442304	     -0.00000000	     -0.00000000	     -0.00000000	     -0.00000000	2258659.53787127	     -0.00000000	534961943.94562298	     -0.00000000	35222903.13171437	     -0.00000000	     -0.00000000	     -0.00000000	     -0.00000000	     -0.00000000	     -0.00000000	     -0.00000000
      0.52000000	     62.18916847	   1238.14092163	11051280.76990242	 327156.34372503	     -0.00000000	     -0.00000000	     -0.00000000	3974798.71176774	     -0.00000000	     -0.00000000	     -0.00000000	     -0.00000000	     -0.00000000	     -0.00000000	195511186.88176826	231906588.68241450	185981040.71506590	     -0.00000000	     -0.00000000	     -0.00000000	     -0.00000000	     -0.00000000	     -0.00000000	49143760.79099683	1356483.05467935	     -0.00000000	     -0.00000000	     -0.00000000	8912215.90209873	     -0.00000000	646388845.77609682	     -0.00000000	19558374.81220459	     -0.00000000	     91.22528085	     -0.00000000	     -0.00000000	     -0.00000000	     -0.00000000	     -0.00000000	     -0.00000000	     -0.00000000	45590580.11756429	4465962.13967128	4581599.75811839	     -0.00000000	 144287.54696430	3507563.25550278	     -0.00000000	     -0.00000000	     -0.00000000	     -0.00000000	     -0.00000000	     -0.00000000	345415890.18275887	469572419.57701892	563583751.88989186	     -0.00000000	     -0.00000000	     -0.00000000	     -0.00000000	     -0.00000000	     -0.00000000	56693423.49054237	     -0.00000000	     -0.00000000	     -0.00000000	     -0.00000000	2272888.50512922	     -0.00000000	537291855.35214996	     -0.00000000	36118279.34334926	     -0.00000000	     -0.00000000	     -0.00000000	     -0.00000000	     -0.00000000	     -0.00000000	     -0.00000000
      0.53000000	    519.49981859	   2350.74469620	10668649.98916888	 297656.80863848	     -0.00000000	     -0.00000000	     -0.00000000	3994070.91201940	     -0.00000000	     -0.00000000	     -0.00000000	     -0.00000000	     -0.00000000	     -0.00000000	191728988.27243364	226416408.79609397	179256713.29917017	     -0.00000000	     -0.00000000	     -0.00000000	     -0.00000000	     -0.00000000	     -0.00000000	49162612.09885301	1469680.61587606	     -0.00000000	     -0.00000000	     -0.00000000	9122308.52024056	     -0.00000000	648131914.36401916	     -0.00000000	19326842.91252540	     -0.00000000	    173.87777301	     -0.00000000	     -0.00000000	     -0.00000000	     -0.00000000	     -0.00000000	     -0.00000000	     -0.00000000	46481001.89959196	4601157.34146748	4879739.44761221	     -0.00000000	 181583.68684493	3661610.90360049	     -0.00000000	     -0.00000000	     -0.00000000	     -0.00000000	     -0.00000000	     -0.00000000	348026956.61750996	473469216.84741062	570680680.88122582	     -0.00000000	     -0.00000000	     -0.00000000	     -0.00000000	     -0.00000000	     -0.00000000	57438519.74421161	     -0.00000000	     -0.00000000	     -0.00000000	     -0.00000000	2186826.68184135	     -0.00000000	536154101.51512045	     -0.00000000	37073493.14640638	     -0.00000000	     -0.00000000	     -0.00000000	     -0.00000000	     -0.00000000	     -0.00000000	     -0.00000000
      0.54000000	  17040.70011834	  10865.70425428	10313003.01204456	 255640.57694260	     -0.00000000	     -0.00000000	     -0.00000000	4033773.60179202	     -0.00000000	     -0.00000000	     -0.00000000	     -0.00000000	     -0.00000000	     -0.00000000	186603197.99691901	218523878.44180164	170732095.07948962	     -0.00000000	     -0.00000000	     -0.00000000	     -0.00000000	     -0.00000000	     -0.00000000	49597647.62819846	1643973.40161789	     -0.00000000	     -0.00000000	     -0.00000000	9545761.40748497	     -0.00000000	651214514.02427804	     -0.00000000	18986674.04459773	     -0.00000000	    260.48448680	     -0.00000000	     -0.00000000	     -0.00000000	     -0.00000000	     -0.00000000	     -0.00000000	     -0.00000000	45763291.81418315	4488059.05520228	4650666.59131993	     -0.00000000	 197986.01397454	3891054.27703852	     -0.00000000	     -0.00000000	     -0.00000000	     -0.00000000	     -0.00000000	     -0.00000000	345837208.44669873	470290963.19578350	565005377.79892957	     -0.00000000	     -0.00000000	     -0.00000000	     -0.00000000	     -0.00000000	     -0.00000000	57953671.41341563	     -0.00000000	     -0.00000000	     -0.00000000	     -0.00000000	2260356.70952120	     -0.00000000	539979398.00920498	     -0.00000000	37547063.46611039	     -0.00000000	     -0.00000000	     -0.00000000	     -0.00000000	     -0.00000000	     -0.00000000	     -0.00000000
      0.55000000	  60637.14629037	  23728.87050646	10080252.13831668	 229711.15649759	     -0.00000000	     -0.00000000	     -0.00000000	4046949.35127462	     -0.00000000	     -0.00000000	     -0.00000000	     -0.00000000	     -0.00000000	     -0.00000000	182032712.29336369	212123156.45963538	164435584.23198611	     -0.00000000	     -0.00000000	     -0.00000000	     -0.00000000	     -0.00000000	     -0.00000000	49867956.74729643	1786393.28619067	     -0.00000000	     -0.00000000	     -0.00000000	9856485.33157533	     -0.00000000	653127849.33396506	     -0.00000000	18720560.12433118	     -0.00000000	    350.04605286	     -0.00000000	     -0.00000000	     -0.00000000	     -0.00000000	     -0.00000000	     -0.00000000	     -0.00000000	45768644.79225139	4500336.39099858	4593018.86686027	     -0.00000000	 218631.38373646	4019694.29707114	     -0.00000000	     -0.00000000	     -0.00000000	     -0.00000000	     -0.00000000	     -0.00000000	346888418.85152423	471376825.68700373	565620334.89674962	     -0.00000000	     -0.00000000	     -0.00000000	     -0.00000000	     -0.00000000	     -0.00000000	58284986.90398992	     -0.00000000	     -0.00000000	     -0.00000000	     -0.00000000	2234712.94672431	     -0.00000000	540589532.31461620	     -0.00000000	38043865.28679378	     -0.00000000	     -0.00000000	     -0.00000000	     -0.00000000	     -0.00000000	     -0.00000000	     -0.00000000
      0.56000000	 143466.99897675	  47134.44730125	9930960.44063888	 209198.08010660	     -0.00000000	     -0.00000000	     -0.00000000	4043103.91842165	     -0.00000000	     -0.00000000	     -0.00000000	     -0.00000000	     -0.00000000	     -0.00000000	177401915.69939229	205931061.34055898	158986508.05215898	     -0.00000000	     -0.00000000	     -0.00000000	     -0.00000000	     -0.00000000	     -0.00000000	50146835.45559275	1925878.08919443	     -0.00000000	     -0.00000000	     -0.00000000	10160723.14902129	     -0.00000000	654677740.86122346	     -0.00000000	18452171.06993069	     -0.00000000	    433.69471211	     -0.00000000	     -0.00000000	     -0.00000000	     -0.00000000	     -0.00000000	     -0.00000000	     -0.00000000	45623954.33496408	4498044.24103459	4457542.67366077	     -0.00000000	 233043.45914878	4117225.46504105	     -0.00000000	     -0.00000000	     -0.00000000	     -0.00000000	     -0.00000000	     -0.00000000	347880489.59290928	472144945.99203348	565150587.58653522	     -0.00000000	     -0.00000000	     -0.00000000	     -0.00000000	     -0.00000000	     -0.00000000	58447899.66804776	     -0.00000000	     -0.00000000	     -0.00000000	     -0.00000000	2211940.30561222	     -0.00000000	541164694.86220384	     -0.00000000	38384640.06074811	     -0.00000000	     -0.00000000	     -0.00000000	     -0.00000000	     -0.00000000	     -0.00000000	     -0.00000000
      0.57000000	 265767.46105727	  79337.78101997	9873785.82133431	 194920.82499354	     -0.00000000	     -0.00000000	     -0.00000000	4020526.27205206	     -0.00000000	     -0.00000000	     -0.00000000	     -0.00000000	     -0.00000000	     -0.00000000	173090721.11257041	200449375.80919036	154799969.75639912	     -0.00000000	     -0.00000000	     -0.00000000	     -0.00000000	     -0.00000000	     -0.00000000	50404877.23595049	2049151.28545748	     -0.00000000	     -0.00000000	     -0.00000000	10432577.48783966	     -0.00000000	655735647.99194527	     -0.00000000	18197026.98127486	     -0.00000000	    496.44440088	     -0.00000000	     -0.00000000	     -0.00000000	     -0.00000000	     -0.00000000	     -0.00000000	     -0.00000000	45439560.65952422	4496808.81705696	4273934.99093533	     -0.00000000	 242786.63439240	4177843.89004049	     -0.00000000	     -0.00000000	     -0.00000000	     -0.00000000	     -0.00000000	     -0.00000000	349441026.15607411	473445704.51328343	564753025.20095336	     -0.00000000	     -0.00000000	     -0.00000000	     -0.00000000	     -0.00000000	     -0.00000000	58452727.02735076	     -0.00000000	     -0.00000000	     -0.00000000	     -0.00000000	2177010.02115620	     -0.00000000	541388901.83943260	     -0.00000000	38606760.88528357	     -0.00000000	     -0.00000000	     -0.00000000	     -0.00000000	     -0.00000000	     -0.00000000	     -0.00000000
      0.58000000	 415545.57159293	 115687.74018369	9903948.32382615	 186842.88262712	     -0.00000000	     -0.00000000	     -0.00000000	3983386.07519480	     -0.00000000	     -0.00000000	     -0.00000000	     -0.00000000	     -0.00000000	     -0.00000000	169491684.37135118	196121121.99577856	152120166.37717122	     -0.00000000	     -0.00000000	     -0.00000000	     -0.00000000	     -0.00000000	     -0.00000000	50624462.18416209	2144094.59595364	     -0.00000000	     -0.00000000	     -0.00000000	10650452.93764562	     -0.00000000	656277825.83295822	     -0.00000000	17975204.23701450	     -0.00000000	    525.82152846	     -0.00000000	     -0.00000000	     -0.00000000	     -0.00000000	     -0.00000000	     -0.00000000	     -0.00000000	45344967.82532748	4514935.57887074	4083285.25711256	     -0.00000000	 250486.87828244	4197557.64430584	     -0.00000000	     -0.00000000	     -0.00000000	     -0.00000000	     -0.00000000	     -0.00000000	352134093.05412334	476082130.38581812	565645481.82281780	     -0.00000000	     -0.00000000	     -0.00000000	     -0.00000000	     -0.00000000	     -0.00000000	58327050.67270527	     -0.00000000	     -0.00000000	     -0.00000000	     -0.00000000	2116091.66932509	     -0.00000000	540929809.73338020	     -0.00000000	38759462.12517173	     -0.00000000	     -0.00000000	     -0.00000000	     -0.00000000	     -0.00000000	     -0.00000000	     -0.00000000
      0.59000000	 614721.99031998	 161125.78050091	9999713.50623824	 182003.27387128	     -0.00000000	     -0.00000000	     -0.00000000	3927341.29804626	     -0.00000000	     -0.00000000	     -0.00000000	     -0.00000000	     -0.00000000	     -0.00000000	165901931.64905885	192028463.73801649	150145196.06895477	     -0.00000000	     -0.00000000	     -0.00000000	     -0.00000000	     -0.00000000	     -0.00000000	50830833.92371695	2230675.91315365	     -0.00000000	     -0.00000000	     -0.00000000	10856557.42044925	     -0.00000000	656478694.76209450	     -0.00000000	17740155.98887655	     -0.00000000	    536.04083787	     -0.00000000	     -0.00000000	     -0.00000000	     -0.00000000	     -0.00000000	     -0.00000000	     -0.00000000	45077118.12516348	4512860.50825275	3823594.84699914	     -0.00000000	 250761.98141204	4190979.62902378	     -0.00000000	     -0.00000000	     -0.00000000	     -0.00000000	     -0.00000000	     -0.00000000	354565516.16904604	478171152.28697246	565200520.67208672	     -0.00000000	     -0.00000000	     -0.00000000	     -0.00000000	     -0.00000000	     -0.00000000	58057992.60905786	     -0.00000000	     -0.00000000	     -0.00000000	     -0.00000000	2064075.95642309	     -0.00000000	540628300.94661915	     -0.00000000	38757523.68689238	     -0.00000000	     -0.00000000	     -0.00000000	     -0.00000000	     -0.00000000	     -0.00000000	     -0.00000000
      0.60000000	 878834.84835155	 217623.03017652	10178503.84374323	 181239.53784513	     -0.00000000	     -0.00000000	     -0.00000000	3829517.60498134	     -0.00000000	     -0.00000000	     -0.00000000	     -0.00000000	     -0.00000000	     -0.00000000	162106219.31902713	188035710.89642558	148951328.08944812	     -0.00000000	     -0.00000000	     -0.00000000	     -0.00000000	     -0.00000000	     -0.00000000	50964796.25667531	2308312.48991744	     -0.00000000	     -0.00000000	     -0.00000000	11047556.23127027	     -0.00000000	656077710.50350034	     -0.00000000	17445521.93623696	     -0.00000000	    537.58279505	     -0.00000000	     -0.00000000	     -0.00000000	     -0.00000000	     -0.00000000	     -0.00000000	     -0.00000000	44526638.73045857	4470780.51140080	3497046.80213177	     -0.00000000	 240750.52822730	4167674.27913240	     -0.00000000	     -0.00000000	     -0.00000000	     -0.00000000	     -0.00000000	     -0.00000000	355603872.60406506	478340683.01799613	561972757.37635326	     -0.00000000	     -0.00000000	     -0.00000000	     -0.00000000	     -0.00000000	     -0.00000000	57671597.42967787	     -0.00000000	     -0.00000000	     -0.00000000	     -0.00000000	2045120.80793517	     -0.00000000	540946137.67002749	     -0.00000000	38559321.40190087	     -0.00000000	     -0.00000000	     -0.00000000	     -0.00000000	     -0.00000000	     -0.00000000	     -0.00000000
      0.61000000	1132901.75333948	 270326.75019947	10362925.80913576	 182168.19666752	     -0.00000000	     -0.00000000	     -0.00000000	3735996.67244238	     -0.00000000	     -0.00000000	     -0.00000000	     -0.00000000	     -0.00000000	     -0.00000000	159405035.20582798	185265329.40012237	148553766.25126588	     -0.00000000	     -0.00000000	     -0.00000000	     -0.00000000	     -0.00000000	     -0.00000000	51058314.30613793	2360253.61473651	     -0.00000000	     -0.00000000	     -0.00000000	11192177.13268109	     -0.00000000	655518902.66094625	     -0.00000000	17190683.26733920	     -0.00000000	    528.12473715	     -0.00000000	     -0.00000000	     -0.00000000	     -0.00000000	     -0.00000000	     -0.00000000	     -0.00000000	44231218.78867972	4462297.11604826	3244969.74356446	     -0.00000000	 231384.06773356	4100185.40153210	     -0.00000000	     -0.00000000	     -0.00000000	     -0.00000000	     -0.00000000	     -0.00000000	358115690.48987108	480526898.61526340	561479356.66980958	     -0.00000000	     -0.00000000	     -0.00000000	     -0.00000000	     -0.00000000	     -0.00000000	57217066.18799504	     -0.00000000	     -0.00000000	     -0.00000000	     -0.00000000	1995117.40521221	     -0.00000000	540346824.23507929	     -0.00000000	38331781.90822817	     -0.00000000	     -0.00000000	     -0.00000000	     -0.00000000	     -0.00000000	     -0.00000000	     -0.00000000
      0.62000000	1462582.25817344	 333580.02358911	10656938.02237466	 189038.48141748	     -0.00000000	     -0.00000000	     -0.00000000	3600748.04850501	     -0.00000000	     -0.00000000	     -0.00000000	     -0.00000000	     -0.00000000	     -0.00000000	155988751.60998285	182247485.89075229	148986789.69445482	     -0.00000000	     -0.00000000	     -0.00000000	     -0.00000000	     -0.00000000	     -0.00000000	51060632.25123651	2403438.44026048	     -0.00000000	     -0.00000000	     -0.00000000	11311891.26199781	     -0.00000000	654181241.69268596	     -0.00000000	16888748.42513920	     -0.00000000	    499.07484324	     -0.00000000	     -0.00000000	     -0.00000000	     -0.00000000	     -0.00000000	     -0.00000000	     -0.00000000	43711522.46437778	4431295.54044997	2934066.87373225	     -0.00000000	 213879.43727432	4014516.55124318	     -0.00000000	     -0.00000000	     -0.00000000	     -0.00000000	     -0.00000000	     -0.00000000	359377616.16426653	480930605.42688936	558461954.79439139	     -0.00000000	     -0.00000000	     -0.00000000	     -0.00000000	     -0.00000000	     -0.00000000	56643900.18069263	     -0.00000000	     -0.00000000	     -0.00000000	     -0.00000000	1966842.55046530	     -0.00000000	539993728.79962814	     -0.00000000	37946083.11842737	     -0.00000000	     -0.00000000	     -0.00000000	     -0.00000000	     -0.00000000	     -0.00000000	     -0.00000000
      0.63000000	1762850.75810211	 387514.66137487	10988339.67349966	 199612.66581858	     -0.00000000	     -0.00000000	     -0.00000000	3439626.59322141	     -0.00000000	     -0.00000000	     -0.00000000	     -0.00000000	     -0.00000000	     -0.00000000	153824566.13150272	180742959.63919228	150666114.95560417	     -0.00000000	     -0.00000000	     -0.00000000	     -0.00000000	     -0.00000000	     -0.00000000	50932181.17381000	2409241.57829490	     -0.00000000	     -0.00000000	     -0.00000000	11367060.87019323	     -0.00000000	652261207.05966794	     -0.00000000	16570595.92074310	     -0.00000000	    467.62453266	     -0.00000000	     -0.00000000	     -0.00000000	     -0.00000000	     -0.00000000	     -0.00000000	     -0.00000000	43261398.06120006	4402465.06942985	2667884.60330980	     -0.00000000	 195250.20274665	3907932.96654064	     -0.00000000	     -0.00000000	     -0.00000000	     -0.00000000	     -0.00000000	     -0.00000000	360864426.42033064	481763147.64262092	556207807.51415133	     -0.00000000	     -0.00000000	     -0.00000000	     -0.00000000	     -0.00000000	     -0.00000000	56037417.98756237	     -0.00000000	     -0.00000000	     -0.00000000	     -0.00000000	1937545.11959998	     -0.00000000	539456090.33610523	     -0.00000000	37501814.86295994	     -0.00000000	     -0.00000000	     -0.00000000	     -0.00000000	     -0.00000000	     -0.00000000	     -0.00000000
      0.64000000	2042993.91563630	 434361.26860114	11348893.42835093	 213353.83778508	     -0.00000000	     -0.00000000	     -0.00000000	3255336.99525043	     -0.00000000	     -0.00000000	     -0.00000000	     -0.00000000	     -0.00000000	     -0.00000000	152253524.04769516	180040408.97157663	153095927.12102750	     -0.00000000	     -0.00000000	     -0.00000000	     -0.00000000	     -0.00000000	     -0.00000000	50682534.09717213	2393052.89876268	     -0.00000000	     -0.00000000	     -0.00000000	11378795.89124296	     -0.00000000	649804564.72557807	     -0.00000000	16225904.88528879	     -0.00000000	    439.65168210	     -0.00000000	     -0.00000000	     -0.00000000	     -0.00000000	     -0.00000000	     -0.00000000	     -0.00000000	42866507.31785327	4377899.10044554	2443697.06828193	     -0.00000000	 174567.79356705	3777925.50246127	     -0.00000000	     -0.00000000	     -0.00000000	     -0.00000000	     -0.00000000	     -0.00000000	362098781.62706506	482413375.60292608	554161187.14259565	     -0.00000000	     -0.00000000	     -0.00000000	     -0.00000000	     -0.00000000	     -0.00000000	55391620.32585935	     -0.00000000	     -0.00000000	     -0.00000000	     -0.00000000	1912361.46513104	     -0.00000000	538663827.17081070	     -0.00000000	36981606.43228475	     -0.00000000	     -0.00000000	     -0.00000000	     -0.00000000	     -0.00000000	     -0.00000000	     -0.00000000
      0.65000000	2313015.75841247	 478231.45501216	11698146.80274336	 227439.49138686	     -0.00000000	     -0.00000000	     -0.00000000	3056619.46068227	     -0.00000000	     -0.00000000	     -0.00000000	     -0.00000000	     -0.00000000	     -0.00000000	150860749.06342053	179503715.74339783	155517064.74445501	     -0.00000000	     -0.00000000	     -0.00000000	     -0.00000000	     -0.00000000	     -0.00000000	50342369.02301747	2374264.69746819	     -0.00000000	     -0.00000000	     -0.00000000	11381060.65066020	     -0.00000000	647057808.78452611	     -0.00000000	15841330.28363731	     -0.00000000	    429.60461565	     -0.00000000	     -0.00000000	     -0.00000000	     -0.00000000	     -0.00000000	     -0.00000000	     -0.00000000	42451775.40555000	4343965.47705386	2253542.30981848	     -0.00000000	 150954.20306169	3631735.29397873	     -0.00000000	     -0.00000000	     -0.00000000	     -0.00000000	     -0.00000000	     -0.00000000	362389469.67532468	482040762.80357969	551409737.82131922	     -0.00000000	     -0.00000000	     -0.00000000	     -0.00000000	     -0.00000000	     -0.00000000	54719966.53841219	     -0.00000000	     -0.00000000	     -0.00000000	     -0.00000000	1906264.60504429	     -0.00000000	537924961.29849994	     -0.00000000	36361365.23863424	     -0.00000000	     -0.00000000	     -0.00000000	     -0.00000000	     -0.00000000	     -0.00000000	     -0.00000000
      0.66000000	2540300.49845708	 509613.40932271	12104421.61458175	 247071.53999914	     -0.00000000	     -0.00000000	     -0.00000000	2824883.61389830	     -0.00000000	     -0.00000000	     -0.00000000	     -0.00000000	     -0.00000000	     -0.00000000	150215992.79703069	180060458.41934735	159121327.86219743	     -0.00000000	     -0.00000000	     -0.00000000	     -0.00000000	     -0.00000000	     -0.00000000	49830998.30941468	2324424.83881546	     -0.00000000	     -0.00000000	     -0.00000000	11322310.95294104	     -0.00000000	643456238.60250401	     -0.00000000	15417774.60354405	     -0.00000000	    416.61062960	     -0.00000000	     -0.00000000	     -0.00000000	     -0.00000000	     -0.00000000	     -0.00000000	     -0.00000000	42045907.98887801	4307525.20751678	2088488.36664655	     -0.00000000	 127013.53089018	3474975.21520478	     -0.00000000	     -0.00000000	     -0.00000000	     -0.00000000	     -0.00000000	     -0.00000000	362233854.72490644	481215447.93246520	548451199.94628155	     -0.00000000	     -0.00000000	     -0.00000000	     -0.00000000	     -0.00000000	     -0.00000000	54028413.47090322	     -0.00000000	     -0.00000000	     -0.00000000	     -0.00000000	1908825.94188113	     -0.00000000	537114799.43362892	     -0.00000000	35686935.10065449	     -0.00000000	     -0.00000000	     -0.00000000	     -0.00000000	     -0.00000000	     -0.00000000	     -0.00000000
      0.67000000	2702417.18783627	 525725.02342546	12546623.93327846	 271218.15411108	     -0.00000000	     -0.00000000	     -0.00000000	2570687.65106252	     -0.00000000	     -0.00000000	     -0.00000000	     -0.00000000	     -0.00000000	     -0.00000000	150627945.15526780	181910681.91905901	163837224.56892684	     -0.00000000	     -0.00000000	     -0.00000000	     -0.00000000	     -0.00000000	     -0.00000000	49169979.55452666	2244270.36401147	     -0.00000000	     -0.00000000	     -0.00000000	11208699.48398051	     -0.00000000	639134760.38972604	     -0.00000000	14964527.83135156	     -0.00000000	    402.19293142	     -0.00000000	     -0.00000000	     -0.00000000	     -0.00000000	     -0.00000000	     -0.00000000	     -0.00000000	41649622.73565405	4265130.00490585	1954712.72400343	     -0.00000000	 103727.26781383	3314514.33835330	     -0.00000000	     -0.00000000	     -0.00000000	     -0.00000000	     -0.00000000	     -0.00000000	361514724.79001909	479834100.51938230	545268698.56248260	     -0.00000000	     -0.00000000	     -0.00000000	     -0.00000000	     -0.00000000	     -0.00000000	53345838.94171961	     -0.00000000	     -0.00000000	     -0.00000000	     -0.00000000	1924290.58276159	     -0.00000000	536362829.04195994	     -0.00000000	34973489.84479436	     -0.00000000	     -0.00000000	     -0.00000000	     -0.00000000	     -0.00000000	     -0.00000000	     -0.00000000
      0.68000000	2764515.03036699	 519678.48321746	13034926.01526041	 301807.80064240	     -0.01587198	     -0.00000000	     -0.00000000	2292645.78504275	     -0.00000000	     -0.00000000	     -0.00000000	     -0.00000000	     -0.00000000	     -0.00000000	152418892.94610497	185476297.73985708	170042069.71838710	     -0.00000000	     -0.00000000	     -0.00000000	     -0.00000000	     -0.00000000	     -0.00000000	48323045.14062942	2125856.87785565	     -0.00000000	     -0.00000000	     -0.00000000	11021778.71939650	     -0.00000000	633904122.44630158	     -0.00000000	14484452.01739454	     -0.00000000	    382.70433290	     -0.00000000	     -0.00000000	     -0.00000000	     -0.00000000	     -0.00000000	     -0.00000000	     -0.00000000	41278829.09463003	4221091.92970881	1845045.14866019	     -0.00000000	  82682.04946520	3156478.19789709	     -0.00000000	     -0.00000000	     -0.00000000	     -0.00000000	     -0.00000000	     -0.00000000	360561813.08999008	478264942.45812321	542162955.12759960	     -0.00000000	     -0.00000000	     -0.00000000	     -0.00000000	     -0.00000000	     -0.00000000	52685021.28718784	     -0.00000000	     -0.00000000	     -0.00000000	     -0.00000000	1945979.56406349	     -0.00000000	535624480.50157529	     -0.00000000	34259654.30640060	     -0.00000000	     -0.00000000	     -0.00000000	     -0.00000000	     -0.00000000	     -0.00000000	     -0.00000000
      0.69000000	2803864.83400280	 508962.54659418	13538024.62487420	 335184.62378199	    608.76514229	     -0.00000000	     -0.00000000	2008662.77485345	     -0.00000000	     -0.00000000	     -0.00000000	     -0.00000000	     -0.00000000	     -0.00000000	154475743.23252708	189365216.90700114	176548754.38608387	     -0.00000000	     -0.00000000	     -0.00000000	     -0.00000000	     -0.00000000	     -0.00000000	47387797.37117470	2004799.07378536	     -0.00000000	     -0.00000000	     -0.00000000	10824347.53081041	     -0.00000000	628187914.80248129	     -0.00000000	13972357.34273805	     -0.00000000	    366.02100172	     -0.00000000	     -0.00000000	     -0.00000000	     -0.00000000	     -0.00000000	     -0.00000000	     -0.00000000	40780950.11300012	4153870.68709656	1733366.87326728	     -0.00000000	  61920.15311981	3005694.05175012	     -0.00000000	     -0.00000000	     -0.00000000	     -0.00000000	     -0.00000000	     -0.00000000	358321297.60914880	475141869.17400855	537413842.00359786	     -0.00000000	     -0.00000000	     -0.00000000	     -0.00000000	     -0.00000000	     -0.00000000	52033756.29118123	     -0.00000000	     -0.00000000	     -0.00000000	     -0.00000000	1995515.10092957	     -0.00000000	535363676.86084634	     -0.00000000	33486910.35725131	     -0.00000000	     -0.00000000	     -0.00000000	     -0.00000000	     -0.00000000	     -0.00000000	     -0.00000000
      0.70000000	2754683.30072258	 478100.12812589	14147726.95279965	 379818.71121503	   4112.82923143	     -0.00000000	     -0.00000000	1708642.02100069	     -0.00000000	     -0.00000000	     -0.00000000	     -0.00000000	     -0.00000000	     -0.00000000	158067010.23263231	195300135.26489687	185220017.29793105	     -0.00000000	     -0.00000000	     -0.00000000	     -0.00000000	     -0.00000000	     -0.00000000	46288459.78905813	1841801.84576667	     -0.00000000	     -0.00000000	     -0.00000000	10544826.71208873	     -0.00000000	621330814.24295962	     -0.00000000	13454952.90352039	     -0.00000000	    321.21469552	     -0.00000000	     -0.00000000	     -0.00000000	     -0.00000000	     -0.00000000	     -0.00000000	     -0.00000000	40279139.18801438	4084228.95728943	1625408.09315439	     -0.00000000	  44716.90983696	2865042.79646512	     -0.00000000	     -0.00000000	     -0.00000000	     -0.00000000	     -0.00000000	     -0.00000000	356103510.94965011	472050690.16105652	532682336.12050331	     -0.00000000	     -0.00000000	     -0.00000000	     -0.00000000	     -0.00000000	     -0.00000000	51407943.79119244	     -0.00000000	     -0.00000000	     -0.00000000	     -0.00000000	2046915.50241761	     -0.00000000	535193001.91632164	     -0.00000000	32744229.33600577	     -0.00000000	     -0.00000000	     -0.00000000	     -0.00000000	     -0.00000000	     -0.00000000	     -0.00000000
      0.71000000	2630715.46275701	 432655.44717710	14829213.33980081	 433628.42665798	  12951.41399565	     -0.00000000	     -0.00000000	1410601.23707101	     -0.00000000	     -0.00000000	     -0.00000000	     -0.00000000	     -0.00000000	     -0.00000000	162955530.70475566	202863045.00905198	195483596.64321461	     -0.00000000	     -0.00000000	     -0.00000000	     -0.00000000	     -0.00000000	     -0.00000000	45083222.42931261	1655224.61746721	     -0.00000000	     -0.00000000	     -0.00000000	10212586.05802376	     -0.00000000	613672528.96748006	     -0.00000000	12934274.00739176	     -0.00000000	    262.35827913	     -0.00000000	     -0.00000000	     -0.00000000	     -0.00000000	     -0.00000000	     -0.00000000	     -0.00000000	39729065.83769279	4005239.04510111	1515802.05513356	     -0.00000000	  31372.52957225	2738054.00561268	     -0.00000000	     -0.00000000	     -0.00000000	     -0.00000000	     -0.00000000	     -0.00000000	353578306.35722691	468569204.36493272	527456208.09090489	     -0.00000000	     -0.00000000	     -0.00000000	     -0.00000000	     -0.00000000	     -0.00000000	50815808.34889827	     -0.00000000	     -0.00000000	     -0.00000000	     -0.00000000	2107683.49355435	     -0.00000000	535301017.85715264	     -0.00000000	32021457.26144551	     -0.00000000	     -0.00000000	     -0.00000000	     -0.00000000	     -0.00000000	     -0.00000000	     -0.00000000
      0.72000000	2433354.54317018	 373808.90920844	15607473.65587972	 499668.69749442	  29048.57660536	     -0.00000000	     -0.00000000	1122460.96186889	     -0.00000000	     -0.00000000	     -0.00000000	     -0.00000000	     -0.00000000	     -0.00000000	169296161.02125794	212290749.69174668	207669185.55036265	     -0.00000000	     -0.00000000	     -0.00000000	     -0.00000000	     -0.00000000	     -0.00000000	43790929.13941703	1446116.11913662	     -0.00000000	     -0.00000000	     -0.00000000	9823028.12836879	     -0.00000000	605182066.60157835	     -0.00000000	12424482.63510513	     -0.00000000	    183.61955589	     -0.00000000	     -0.00000000	    881.58060791	     -3.91451348	     -0.00000000	     -0.00000000	     -0.00000000	39138973.22048322	3921415.64606755	1397624.56960752	     -0.00000000	  21779.90325196	2627309.99497364	     -0.00000000	     -0.00000000	     -0.00000000	     -0.00000000	     -0.00000000	     -0.00000000	351037261.38535070	465010380.86843199	521944160.46153075	     -0.00000000	     -0.00000000	     -0.00000000	     -0.00000000	     -0.00000000	     -0.00000000	50258508.73371162	     -0.00000000	     -0.00000000	     -0.00000000	     -0.00000000	2170738.96959808	     -0.00000000	535631739.03760272	     -0.00000000	31344337.56733086	     -0.00000000	     -0.00000000	     -0.00000000	     -0.00000000	     -0.00000000	     -0.00000000	     -0.00000000
      0.73000000	2127906.47640899	 313602.67613476	15839339.40254021	 527605.03190704	  22488.85926179	     -0.00000000	     -0.00000000	 892412.70030603	     -0.00000000	     -0.00000000	     -0.00000000	     -0.00000000	     -0.00000000	     -0.00000000	174691438.69651723	219101944.47847027	213998149.43552846	     -0.00000000	     -0.00000000	     -0.00000000	     -0.00000000	     -0.00000000	     -0.00000000	42495194.28514153	1324672.13597103	     -0.00000000	     -0.00000000	     -0.00000000	9575965.12437855	     -0.00000000	598848683.55227757	     -0.00000000	11821209.78124802	     -0.00000000	    225.41142438	     -0.00000000	     -0.00000000	   8533.07350791	   5161.39612180	    879.15042172	     -0.00000000	     -0.00000000	38315512.65240959	3769488.53665653	1356720.24256481	     -0.00000000	  12464.08181815	2546477.74144941	     -0.00000000	     -0.00000000	     -0.00000000	     -0.00000000	     -0.00000000	     -0.00000000	343690115.06930882	455972846.42228216	511897585.39860493	     -0.00000000	     -0.00000000	     -0.00000000	     -0.00000000	     -0.00000000	     -0.00000000	49924231.38928082	     -0.00000000	     -0.00000000	     -0.00000000	     -0.00000000	2351500.27750399	     -0.00000000	537889005.58662415	     -0.00000000	30532262.93149936	     -0.00000000	     -0.00000000	     -0.00000000	     -0.00000000	     -0.00000000	     -0.00000000	     -0.00000000
      0.74000000	1982922.17330882	 253446.27739041	17373770.53394522	 661295.43960500	  95373.11198122	     -0.00000000	     -0.00000000	 626312.41464362	     -0.00000000	     -0.00000000	     -0.00000000	     -0.00000000	     -0.00000000	     -0.00000000	183817273.30392289	233631511.62610054	235053220.33058465	     -0.00000000	     -0.00000000	     -0.00000000	     -0.00000000	     -0.00000000	     -0.00000000	41181455.59083296	1039775.31584186	     -0.00000000	     -0.00000000	     -0.00000000	8998700.67850660	     -0.00000000	586966749.18586254	     -0.00000000	11466538.51855587	     -0.00000000	     50.52553634	     -0.00000000	     -0.00000000	  41881.12611104	  47543.61851045	  17741.21147713	     -0.00000000	     -0.00000000	37630502.07280136	3705439.60847023	1120619.29168961	     -0.00000000	   8480.51977775	2456610.05206621	     -0.00000000	     -0.00000000	     -0.00000000	     -0.00000000	     -0.00000000	     -0.00000000	344300861.66064477	455610260.20784754	507601862.94948357	     -0.00000000	     -0.00000000	     -0.00000000	     -0.00000000	     -0.00000000	     -0.00000000	49240203.11701583	     -0.00000000	     -0.00000000	     -0.00000000	     -0.00000000	2342986.26471620	     -0.00000000	537739983.54064703	     -0.00000000	30022149.59902060	     -0.00000000	     -0.00000000	     -0.00000000	     -0.00000000	     -0.00000000	     -0.00000000	     -0.00000000
      0.75000000	1654443.55651392	 181470.51493352	18426148.21725249	 768154.40147533	 138164.10684984	     -0.00000000	     -0.00000000	 425165.40843237	     -0.00000000	     -0.00000000	     -0.00000000	     -0.00000000	     -0.00000000	     -0.00000000	193515849.85792845	247450212.34175566	251962730.03602248	     -0.00000000	     -0.00000000	     -0.00000000	     -0.00000000	     -0.00000000	     -0.00000000	39829216.10848027	 823719.10017882	     -0.00000000	     -0.00000000	     -0.00000000	8502585.44184485	     -0.00000000	576930838.95078766	     -0.00000000	11075596.32452812	     -0.00000000	      6.33234376	     -0.00000000	     -0.00000000	 105850.21444163	 147080.82325800	  66844.59262787	     -0.00000000	     -0.00000000	36953818.53081621	3611185.33998619	 997196.34680863	     -0.00000000	   5273.57169059	2393218.92156241	     -0.00000000	     -0.00000000	     -0.00000000	     -0.00000000	     -0.00000000	     -0.00000000	341583657.34354699	451701465.71848840	501313185.33397031	     -0.00000000	     -0.00000000	     -0.00000000	     -0.00000000	     -0.00000000	     -0.00000000	48815962.35736782	     -0.00000000	     -0.00000000	     -0.00000000	     -0.00000000	2415842.19475317	     -0.00000000	538767793.57883465	     -0.00000000	29488414.92596952	     -0.00000000	     -0.00000000	     -0.00000000	     -0.00000000	     -0.00000000	     -0.00000000	     -0.00000000
      0.76000000	1372793.31014425	 123939.09263614	19518065.20797553	 882666.79149814	 194017.00625033	     -0.00000000	     -0.00000000	 267864.46766913	     -0.00000000	     -0.00000000	     -0.00000000	     -0.00000000	     -0.00000000	     -0.00000000	202961167.29165536	260990080.96037772	268840005.70970559	     -0.00000000	     -0.00000000	     -0.00000000	     -0.00000000	     -0.00000000	     -0.00000000	38581093.11726627	 638943.41702494	     -0.00000000	     -0.00000000	     -0.00000000	8037005.55534997	     -0.00000000	567136099.59090829	     -0.00000000	10731597.61523459	     -0.00000000	     -0.58557074	     -0.00000000	     -0.00000000	 192360.63887826	 319300.42533925	 159314.59360847	     -0.00000000	     -0.00000000	36097356.95625516	3490797.64819690	 855221.36140243	     -0.00000000	   2946.19351932	2346006.27926978	     -0.00000000	     -0.00000000	     -0.00000000	     -0.00000000	     -0.00000000	     -0.00000000	337898707.79557961	446467124.72114009	493144093.52793622	     -0.00000000	     -0.00000000	     -0.00000000	     -0.00000000	     -0.00000000	     -0.00000000	48411318.79579114	     -0.00000000	     -0.00000000	     -0.00000000	     -0.00000000	2515368.66399161	     -0.00000000	540520095.56250286	     -0.00000000	28929127.16411758	     -0.00000000	     -0.00000000	     -0.00000000	     -0.00000000	     -0.00000000	     -0.00000000	     -0.00000000
      0.77000000	1008673.56431733	  71872.59726255	19884496.54722267	 940763.28890706	 157948.98504846	     -0.00000000	     -0.00000000	 165842.72832204	     -0.00000000	     -0.00000000	     -0.00000000	     -0.00000000	     -0.00000000	     -0.00000000	210821701.55577406	271043763.58842021	278219781.44030386	     -0.00000000	     -0.00000000	     -0.00000000	     -0.00000000	     -0.00000000	     -0.00000000	37323809.14058500	 530756.01562180	     -0.00000000	     -0.00000000	     -0.00000000	7699967.67135425	     -0.00000000	560216320.38009560	     -0.00000000	10332149.56410654	     -0.00000000	     -0.39006504	     -0.00000000	     -0.00000000	 278734.45323264	 503725.34773634	 265667.34773741	     -0.00000000	     -0.00000000	35252166.27297576	3337401.24323052	 837351.23026999	     -0.00000000	   1093.45843661	2322793.81072530	     -0.00000000	     -0.00000000	     -0.00000000	     -0.00000000	     -0.00000000	     -0.00000000	329285751.98481882	435855849.87839621	481734885.12464374	     -0.00000000	     -0.00000000	     -0.00000000	     -0.00000000	     -0.00000000	     -0.00000000	48325335.26257579	     -0.00000000	     -0.00000000	     -0.00000000	     -0.00000000	2735382.33441776	     -0.00000000	543635047.00024796	     -0.00000000	28298968.12602561	     -0.00000000	     -0.00000000	     -0.00000000	     -0.00000000	     -0.00000000	     -0.00000000	     -0.00000000
      0.78000000	 857384.22523083	  37793.23685148	21946539.88997198	1153407.80746552	 346717.84708220	     -0.00000000	     -0.00000000	  71679.80579230	     -0.00000000	     -0.00000000	     -0.00000000	     -0.00000000	     -0.00000000	     -0.00000000	222924729.62047949	289670995.57413608	304984608.53597152	     -0.00000000	     -0.00000000	     -0.00000000	     -0.00000000	     -0.00000000	     -0.00000000	36342479.08990404	 331600.78426510	     -0.00000000	     -0.00000000	     -0.00000000	7104196.43289326	     -0.00000000	547829094.69719028	     -0.00000000	10274705.60553397	     -0.00000000	     -0.00000000	     -0.00000000	     -0.00000000	 406609.41862919	 784714.99461748	 432723.93195882	     -0.00000000	     -0.00000000	34191940.68299171	3226514.67044772	 574859.22274076	     -0.00000000	    513.10321281	2305595.68124694	     -0.00000000	     -0.00000000	     -0.00000000	     -0.00000000	     -0.00000000	     -0.00000000	329432532.43507499	434430574.80417448	474547461.56332880	     -0.00000000	     -0.00000000	     -0.00000000	     -0.00000000	     -0.00000000	     -0.00000000	47757596.63857147	     -0.00000000	     -0.00000000	     -0.00000000	     -0.00000000	2748115.95481438	     -0.00000000	545245046.90009058	     -0.00000000	27922678.09699915	     -0.00000000	     -0.00000000	     -0.00000000	     -0.00000000	     -0.00000000	     -0.00000000	     -0.00000000
      0.79000000	 585670.86437254	  12118.41307589	23244186.26665921	1311601.59987950	 421544.40514145	     -0.00000000	     -0.00000000	  24276.73700995	     -0.00000000	     -0.00000000	     -0.00000000	     -0.00000000	     -0.00000000	     -0.00000000	234439276.38728759	305853904.02860945	324623100.03631753	     -0.00000000	     -0.00000000	     -0.00000000	     -0.00000000	     -0.00000000	     -0.00000000	35323519.83237853	 206965.22966487	     -0.00000000	     -0.00000000	     -0.00000000	6610010.63469689	     -0.00000000	538409703.72631669	     -0.00000000	10181943.99034947	     -0.00000000	     -0.00000000	     -0.00000000	     -0.00000000	 523558.36229378	1045733.95853115	 591456.21376143	     -0.00000000	     -0.00000000	33335054.26142024	3106416.61164554	 468184.56817574	     -0.00000000	    136.79108162	2302994.84282199	     -0.00000000	     -0.00000000	     -0.00000000	     -0.00000000	     -0.00000000	     -0.00000000	325512423.96949637	428857239.12413818	466029257.03287393	     -0.00000000	     -0.00000000	     -0.00000000	     -0.00000000	     -0.00000000	     -0.00000000	47530551.23682627	     -0.00000000	     -0.00000000	     -0.00000000	     -0.00000000	2861188.29375958	     -0.00000000	547661304.39016676	     -0.00000000	27518977.40314691	     -0.00000000	     -0.00000000	     -0.00000000	     -0.00000000	     -0.00000000	     -0.00000000	     -0.00000000
      0.80000000	 392543.00027867	   2616.73525295	24524413.01942942	1470122.81298250	 512711.40389708	     -0.00000000	     -0.00000000	   5578.62256681	     -0.00000000	     -0.00000000	     -0.00000000	     -0.00000000	     -0.00000000	     -0.00000000	244868011.48760119	320650139.88994092	343051712.26045364	     -0.00000000	     -0.00000000	     -0.00000000	     -0.00000000	     -0.00000000	     -0.00000000	34495628.92134596	 119035.64164872	     -0.00000000	     -0.00000000	     -0.00000000	6174758.50881601	     -0.00000000	529932712.90055025	     -0.00000000	10152716.44337364	     -0.00000000	     -0.00000000	     -0.00000000	     -0.00000000	 633041.85887263	1291702.62532854	 743389.72886948	     -0.00000000	     -0.00000000	32296973.60835023	2958920.22394715	 360120.75024958	     -0.00000000	      0.79274139	2315610.63669970	     -0.00000000	     -0.00000000	     -0.00000000	     -0.00000000	     -0.00000000	     -0.00000000	320199807.68535745	421444103.27919120	455228785.74746102	     -0.00000000	     -0.00000000	     -0.00000000	     -0.00000000	     -0.00000000	     -0.00000000	47338568.22021636	     -0.00000000	     -0.00000000	     -0.00000000	     -0.00000000	3015311.29049367	     -0.00000000	550917674.39458609	     -0.00000000	27067960.26951194	     -0.00000000	     -0.00000000	     -0.00000000	     -0.00000000	     -0.00000000	     -0.00000000	     -0.00000000
      0.81000000	 234252.60928246	     20.62642701	25973236.92894154	1654810.59987289	 631887.26949840	     -0.00000000	     -0.00000000	    588.91262053	     -0.00000000	     -0.00000000	     -0.00000000	     -0.00000000	     -0.00000000	     -0.00000000	255807045.82342571	336302954.58322430	362979286.50287557	     -0.00000000	     -0.00000000	     -0.00000000	     -0.00000000	     -0.00000000	     -0.00000000	33808640.65555762	  52537.05768072	     -0.00000000	     -0.00000000	     -0.00000000	5725431.82494743	     -0.00000000	521524554.97632450	     -0.00000000	10244658.93481927	     -0.00000000	     -0.00000000	     -0.00000000	     -0.00000000	 734728.53598770	1520756.61569424	 886497.16171954	     -0.00000000	     -0.00000000	31298886.85036367	2821347.04307076	 263356.98758406	     -0.00000000	     -0.00000000	2342284.60548932	     -0.00000000	     -0.00000000	     -0.00000000	     -0.00000000	     -0.00000000	     -0.00000000	315362037.31703633	414568443.56430352	444918786.89813846	     -0.00000000	     -0.00000000	     -0.00000000	     -0.00000000	     -0.00000000	     -0.00000000	47191042.89044475	     -0.00000000	     -0.00000000	     -0.00000000	     -0.00000000	3158911.70329993	     -0.00000000	554167431.34435070	     -0.00000000	26695355.52676407	     -0.00000000	     -0.00000000	     -0.00000000	     -0.00000000	     -0.00000000	     -0.00000000	     -0.00000000
      0.82000000	  88150.76885734	     -0.00000000	26807071.58179661	1784771.48503098	 620003.62745789	     -0.00000000	     -0.00000000	      0.28548668	     -0.00000000	     -0.00000000	     -0.00000000	     -0.00000000	     -0.00000000	     -0.00000000	265737219.62487853	349490582.63124430	377078007.68511522	     -0.00000000	     -0.00000000	     -0.00000000	     -0.00000000	     -0.00000000	     -0.00000000	33158617.35436515	  21094.93952122	     -0.00000000	     -0.00000000	     -0.00000000	5352818.64191440	     -0.00000000	515604685.98288053	     -0.00000000	10327834.71577765	     -0.00000000	     -0.00000000	     -0.00000000	     -0.00000000	 806874.74455730	1683345.81214423	 988926.81051610	     -0.00000000	     -0.00000000	30542260.96170608	2695848.37254965	 247766.17909905	     -0.00000000	     -0.00000000	2358551.17069878	     -0.00000000	     -0.00000000	     -0.00000000	     -0.00000000	     -0.00000000	     -0.00000000	307603392.32460582	404774235.91986448	434164724.67818516	     -0.00000000	     -0.00000000	     -0.00000000	     -0.00000000	     -0.00000000	     -0.00000000	47243520.56601148	     -0.00000000	     -0.00000000	     -0.00000000	     -0.00000000	3372813.22935689	     -0.00000000	557371683.59672701	     -0.00000000	26270675.18091947	     -0.00000000	     -0.00000000	     -0.00000000	     -0.00000000	     -0.00000000	     -0.00000000	     -0.00000000
      0.83000000	  36234.02177191	     -0.00000000	28726505.21456201	2026887.55324571	 857251.28127468	     -0.00000000	     -0.00000000	     -0.00000000	     -0.00000000	     -0.00000000	     -0.00000000	     -0.00000000	     -0.00000000	     -0.00000000	276997953.50142890	366217691.63492507	400396434.36554283	     -0.00000000	     -0.00000000	     -0.00000000	     -0.00000000	     -0.00000000	     -0.00000000	32887279.76392408	   2988.78821638	     -0.00000000	     -0.00000000	     -0.00000000	4912034.30491746	     -0.00000000	507489419.41612297	     -0.00000000	10674853.72661864	     -0.00000000	     -0.00000000	     -0.00000000	     -0.00000000	 879881.46835093	1847793.74062977	1093173.20854568	     -0.00000000	     -0.00000000	29259854.18624900	2531788.45075292	 125254.59728952	     -0.00000000	     -0.00000000	2428048.40778270	     -0.00000000	     -0.00000000	     -0.00000000	     -0.00000000	     -0.00000000	     -0.00000000	303945127.33449572	398628026.09409982	422473998.99098760	     -0.00000000	     -0.00000000	     -0.00000000	     -0.00000000	     -0.00000000	     -0.00000000	47080994.28134834	     -0.00000000	     -0.00000000	     -0.00000000	     -0.00000000	3511150.48522326	     -0.00000000	561695962.11651933	     -0.00000000	25971034.17551713	     -0.00000000	     -0.00000000	     -0.00000000	     -0.00000000	     -0.00000000	     -0.00000000	     -0.00000000
      0.84000000	   4517.71844015	     -0.00000000	30184454.94403108	2230448.90717737	 996403.35267318	     -0.00000000	     -0.00000000	     -0.00000000	     -0.00000000	     -0.00000000	     -0.00000000	     -0.00000000	     -0.00000000	     -0.00000000	287418661.59526467	380973563.97374922	419199515.93802434	     -0.00000000	     -0.00000000	     -0.00000000	     -0.00000000	     -0.00000000	     -0.00000000	32675995.69446689	     -2.30627924	     -0.00000000	     -0.00000000	     -0.00000000	4525729.15499334	     -0.00000000	501399909.85834217	     -0.00000000	11045583.08209987	     -0.00000000	     -0.00000000	     -0.00000000	     -0.00000000	 921216.72366349	1940834.76402619	1152390.03946737	     -0.00000000	     -0.00000000	28251025.22102673	2390728.17534213	  74979.81731782	     -0.00000000	     -0.00000000	2486164.36037759	     -0.00000000	     -0.00000000	     -0.00000000	     -0.00000000	     -0.00000000	     -0.00000000	298191795.51119375	390511814.70279092	411106489.83953923	     -0.00000000	     -0.00000000	     -0.00000000	     -0.00000000	     -0.00000000	     -0.00000000	47083451.02045190	    -13.73365972	     -0.00000000	     -0.00000000	     -0.00000000	3695420.85186354	     -0.00000000	565661038.44801116	     -0.00000000	25654766.97163894	     -0.00000000	     -0.00000000	     -0.00000000	     -0.00000000	     -0.00000000	     -0.00000000	     -0.00000000
      0.85000000	     -0.00000000	     -0.00000000	31468185.30238382	2421655.53609013	1088130.61809911	     -0.00000000	     -0.00000000	     -0.00000000	     -0.00000000	     -0.00000000	     -0.00000000	     -0.00000000	     -0.00000000	     -0.00000000	297787001.81161320	395245742.90753663	436401505.55211198	     -0.00000000	     -0.00000000	     -0.00000000	     -0.00000000	     -0.00000000	     -0.00000000	32597673.18904530	     -0.00000000	     -0.00000000	     -0.00000000	     -0.00000000	4161072.05914941	     -0.00000000	496595217.76339781	     -0.00000000	11507255.94004235	     -0.00000000	     -0.00000000	     -0.00000000	     -0.00000000	 932317.43271666	1965810.60446944	1168312.17316037	     -0.00000000	     -0.00000000	27366497.17301539	2261730.37898982	  47473.84289088	     -0.00000000	     -0.00000000	2548897.06020112	     -0.00000000	     -0.00000000	     -0.00000000	     -0.00000000	     -0.00000000	     -0.00000000	292032523.56394780	382058203.52078688	400225405.36834008	     -0.00000000	     -0.00000000	     -0.00000000	     -0.00000000	     -0.00000000	     -0.00000000	47179935.69930241	    672.39473456	     -0.00000000	     -0.00000000	     -0.00000000	3893863.14049817	     -0.00000000	569546836.97573102	     -0.00000000	25372766.11844309	     -0.00000000	     -0.00000000	     -0.00000000	     -0.00000000	     -0.00000000	     -0.00000000	     -0.00000000
      0.86000000	     -0.00000000	     -0.00000000	32904314.34642259	2629493.38656364	1249564.56359381	     -0.00000000	     -0.00000000	     -0.00000000	     -0.00000000	     -0.00000000	     -0.00000000	     -0.00000000	     -0.00000000	     -0.00000000	307150469.55713534	408536986.90288180	453748163.36057729	     -0.00000000	     -0.00000000	     -0.00000000	     -0.00000000	     -0.00000000	     -0.00000000	32723046.02316875	     -0.00000000	     -0.00000000	     -0.00000000	     -0.00000000	3828052.52375313	     -0.00000000	492193981.51117134	     -0.00000000	12064172.82627004	     -0.00000000	     -0.00000000	     -0.00000000	     -0.00000000	 925685.96046905	1950899.27165604	1158775.39528049	     -0.00000000	     -0.00000000	26298303.02779079	2112619.04305463	  18824.40841499	     -0.00000000	     -0.00000000	2629487.60305903	     -0.00000000	     -0.00000000	     -0.00000000	     -0.00000000	     -0.00000000	     -0.00000000	286078064.65910083	373434241.02759796	388014139.03047496	     -0.00000000	     -0.00000000	     -0.00000000	     -0.00000000	     -0.00000000	     -0.00000000	47254116.16460726	   3584.48909058	     -0.00000000	     -0.00000000	     -0.00000000	4105973.20887253	     -0.00000000	574124765.35939813	     -0.00000000	25075444.66231021	     -0.00000000	     -0.00000000	     -0.00000000	     -0.00000000	     -0.00000000	     -0.00000000	     -0.00000000
      0.87000000	     -0.00000000	     -0.00000000	34165235.29847018	2822372.36988168	1367002.06527872	     -0.00000000	     -0.00000000	     -0.00000000	     -0.00000000	     -0.00000000	     -0.00000000	     -0.00000000	     -0.00000000	     -0.00000000	316230102.92089880	421093135.23519200	469368268.66219759	     -0.00000000	     -0.00000000	     -0.00000000	     -0.00000000	     -0.00000000	     -0.00000000	32985137.42850561	     -0.00000000	     -0.00000000	     -0.00000000	     -0.00000000	3520800.07085872	     -0.00000000	489051601.03176582	     -0.00000000	12715318.20137223	     -0.00000000	     -0.00000000	     -0.00000000	     -0.00000000	 889985.10953408	1870567.15611681	1107562.80989772	     -0.00000000	     -0.00000000	25366033.54521561	1979096.58115476	   7972.82933421	     -0.00000000	     -0.00000000	2711332.99590099	     -0.00000000	     -0.00000000	     -0.00000000	     -0.00000000	     -0.00000000	     -0.00000000	279634115.42676181	364444356.76110834	376332115.90609831	     -0.00000000	     -0.00000000	     -0.00000000	     -0.00000000	     -0.00000000	     -0.00000000	47408918.96630355	  10649.82853904	     -0.00000000	     -0.00000000	     -0.00000000	4330411.49493474	     -0.00000000	578484915.21185982	     -0.00000000	24807543.18512746	     -0.00000000	     -0.00000000	     -0.00000000	     -0.00000000	     -0.00000000	     -0.00000000	     -0.00000000
      0.88000000	     -0.00000000	     -0.00000000	35317074.85562554	3006111.19369539	1456262.75085436	     -0.00000000	     -0.00000000	     -0.00000000	     -0.00000000	     -0.00000000	     -0.00000000	     -0.00000000	     -0.00000000	     -0.00000000	325162839.44449240	433138541.43298703	483853588.32423419	     -0.00000000	     -0.00000000	     -0.00000000	     -0.00000000	     -0.00000000	     -0.00000000	33380553.83520339	     -0.00000000	     -0.00000000	     -0.00000000	     -0.00000000	3234293.74418187	     -0.00000000	486889656.94884926	     -0.00000000	13464833.09751635	     -0.00000000	     -0.00000000	     -0.00000000	     -0.00000000	 830659.74334191	1736969.45909994	1022734.87973345	     -0.00000000	     -0.00000000	24514843.64231977	1855239.08623033	   3190.35740940	     -0.00000000	     -0.00000000	2797067.30716869	     -0.00000000	     -0.00000000	     -0.00000000	     -0.00000000	     -0.00000000	     -0.00000000	273364621.80090493	355730144.00619012	365268949.43997216	     -0.00000000	     -0.00000000	     -0.00000000	     -0.00000000	     -0.00000000	     -0.00000000	47611405.73619796	  23085.85235159	     -0.00000000	     -0.00000000	     -0.00000000	4558564.95493189	     -0.00000000	582740903.94893384	     -0.00000000	24570569.31701558	     -0.00000000	     -0.00000000	     -0.00000000	     -0.00000000	     -0.00000000	     -0.00000000	     -0.00000000
      0.89000000	     -0.00000000	     -0.00000000	36401904.25246436	3183832.55523325	1533887.90799633	     -0.00000000	     -0.00000000	    303.55689439	     -0.00000000	     -0.00000000	     -0.00000000	     -0.00000000	     -0.00000000	     -0.00000000	333823085.92434520	444587579.33463097	497430134.65611529	     -0.00000000	     -0.00000000	     -0.00000000	     -0.00000000	     -0.00000000	     -0.00000000	33911493.57680012	     -0.00000000	     -0.00000000	     -0.00000000	     -0.00000000	2969610.30710426	     -0.00000000	485543344.72534096	     -0.00000000	14312607.37577700	     -0.00000000	     -0.00000000	     -0.00000000	     -0.00000000	 752668.52813771	1561228.63075662	 911790.44267320	     -0.00000000	     -0.00000000	23714735.43703035	1738325.47702876	   1056.45007144	     -0.00000000	     -0.00000000	2886449.65766823	     -0.00000000	     -0.00000000	     -0.00000000	     -0.00000000	     -0.00000000	     -0.00000000	267352346.56648046	347334039.67689937	354666189.91626525	     -0.00000000	     -0.00000000	     -0.00000000	     -0.00000000	     -0.00000000	     -0.00000000	47843476.12616809	  42518.02428438	     -0.00000000	     -0.00000000	     -0.00000000	4788976.01727252	     -0.00000000	586933303.59964263	     -0.00000000	24356187.85846587	     -0.00000000	     -0.00000000	     -0.00000000	     -0.00000000	     -0.00000000	     -0.00000000	     -0.00000000
      0.90000000	     -0.00000000	     -0.00000000	37284679.48845305	3327787.11950837	1623863.96522194	     -0.00000000	     -0.00000000	   3661.51184323	     -0.00000000	     -0.00000000	     -0.00000000	     -0.00000000	     -0.00000000	     -0.00000000	339778886.97009778	452542103.76185530	507503460.52560252	     -0.00000000	     -0.00000000	     -0.00000000	     -0.00000000	     -0.00000000	     -0.00000000	34633114.70250478	     -0.00000000	     -0.00000000	     -0.00000000	     -0.00000000	2783885.79248734	     -0.00000000	485674862.64859116	     -0.00000000	15194073.55968435	     -0.00000000	     -0.00000000	     -0.00000000	     -0.00000000	 656976.28316779	1345636.78102139	 776780.76388401	     -0.00000000	     -0.00000000	22681604.04252190	1593322.69971980	     26.29709387	     -0.00000000	     -0.00000000	2996840.47723535	     -0.00000000	     -0.00000000	     -0.00000000	     -0.00000000	     -0.00000000	     -0.00000000	259538866.38810822	336398257.52700239	340800273.29619521	     -0.00000000	     -0.00000000	     -0.00000000	     -0.00000000	     -0.00000000	     -0.00000000	48109112.10464077	  80782.91318181	     -0.00000000	     -0.00000000	     -0.00000000	5091459.28850445	     -0.00000000	592194968.25718892	     -0.00000000	24058506.81514738	     -0.00000000	     -0.00000000	     -0.00000000	     -0.00000000	     -0.00000000	     -0.00000000	     -0.00000000
      0.91000000	     -0.00000000	     -0.00000000	38122489.95764881	3475475.17551853	1661754.20088038	     -0.00000000	     -0.00000000	  17596.69954810	     -0.00000000	     -0.00000000	     -0.00000000	     -0.00000000	     -0.00000000	     -0.00000000	347066722.05180711	461782658.86756545	518023742.40297681	     -0.00000000	     -0.00000000	     -0.00000000	     -0.00000000	     -0.00000000	     -0.00000000	35424370.80066556	     -0.00000000	     -0.00000000	     -0.00000000	     -0.00000000	2577259.60019041	     -0.00000000	486207040.93083620	     -0.00000000	16218117.52860512	     -0.00000000	     -0.00000000	     -0.00000000	     -0.00000000	 551016.36808004	1107373.76619103	 629160.49935976	     -0.00000000	     -0.00000000	21962747.53430107	1487627.00013883	     -0.00090234	     -0.00000000	     -0.00000000	3092342.70844380	     -0.00000000	     -0.00000000	     -0.00000000	     -0.00000000	     -0.00000000	     -0.00000000	253423816.59288713	327909228.71441960	330505323.74731034	     -0.00000000	     -0.00000000	     -0.00000000	     -0.00000000	     -0.00000000	     -0.00000000	48405952.06720172	 118530.04788378	     -0.00000000	     -0.00000000	     -0.00000000	5342928.06926502	     -0.00000000	596325788.54863179	     -0.00000000	23862612.45996374	     -0.00000000	     -0.00000000	     -0.00000000	     -0.00000000	     -0.00000000	     -0.00000000	     -0.00000000
      0.92000000	     -0.00000000	     -0.00000000	38775313.71613339	3596485.07287974	1678569.45912929	     -0.00000000	     -0.00000000	  56052.25954024	     -0.00000000	     -0.00000000	     -0.00000000	     -0.00000000	     -0.00000000	     -0.00000000	353000957.45654613	469135205.28167969	526209903.54930168	     -0.00000000	     -0.00000000	     -0.00000000	     -0.00000000	     -0.00000000	     -0.00000000	36346137.02115265	     -0.00000000	     -0.00000000	     -0.00000000	     -0.00000000	2413341.87471096	     -0.00000000	487853535.39457697	     -0.00000000	17308421.91508581	     -0.00000000	     -0.00000000	     -0.00000000	     -0.00000000	 438243.82651542	 855116.97911168	 475057.67577101	     -0.00000000	     -0.00000000	21205722.05290736	1377492.43806513	     -0.00000000	     -0.00000000	     -0.00000000	3197980.15718436	     -0.00000000	     -0.00000000	     -0.00000000	     -0.00000000	     -0.00000000	     -0.00000000	246738522.94735396	318628820.71059483	319362370.93766952	     -0.00000000	     -0.00000000	     -0.00000000	     -0.00000000	     -0.00000000	     -0.00000000	48746106.11010250	 168429.01997010	     -0.00000000	     -0.00000000	     -0.00000000	5625836.42358530	     -0.00000000	600775357.26898754	     -0.00000000	23652125.82059386	     -0.00000000	     -0.00000000	     -0.00000000	     -0.00000000	     -0.00000000	     -0.00000000	     -0.00000000
      0.93000000	     -0.00000000	     -0.00000000	39419552.89330689	3717377.85598653	1688090.84791422	     -0.00000000	     -0.00000000	 121995.59470302	     -0.00000000	     -0.00000000	     -0.00000000	     -0.00000000	     -0.00000000	     -0.00000000	359223627.69438130	476744594.36693633	534457152.05639398	     -0.00000000	     -0.00000000	     -0.00000000	     -0.00000000	     -0.00000000	     -0.00000000	37349697.43097188	     -0.00000000	     -0.00000000	     -0.00000000	     -0.00000000	2251516.42622648	     -0.00000000	489803695.48350745	     -0.00000000	18502246.88809339	     -0.00000000	     -0.00000000	     -0.00000000	     -0.00000000	 329829.16205748	 615253.18303455	 331215.68521292	     -0.00000000	     -0.00000000	20549280.60039341	1283504.56838476	     -0.00000000	     -0.00000000	     -0.00000000	3293025.35264486	     -0.00000000	     -0.00000000	     -0.00000000	     -0.00000000	     -0.00000000	     -0.00000000	240939078.22690147	310517951.81097716	309589458.33566785	     -0.00000000	     -0.00000000	     -0.00000000	     -0.00000000	     -0.00000000	     -0.00000000	49054485.20687880	 219849.40162095	     -0.00000000	     -0.00000000	     -0.00000000	5882097.67407831	     -0.00000000	604682791.55367911	     -0.00000000	23467592.86504881	     -0.00000000	     -0.00000000	     -0.00000000	     -0.00000000	     -0.00000000	     -0.00000000	     -0.00000000
      0.94000000	     -0.00000000	     -0.00000000	39905962.15275062	3815947.34079154	1676185.15962334	     -0.00000000	     -0.00000000	 222576.72739373	     -0.00000000	     -0.00000000	     -0.00000000	     -0.00000000	     -0.00000000	     -0.00000000	364364301.15522200	482882745.68156993	540804843.96772909	     -0.00000000	     -0.00000000	     -0.00000000	     -0.00000000	     -0.00000000	     -0.00000000	38454494.51168782	     -0.00000000	     -0.00000000	     -0.00000000	     -0.00000000	2120866.67577090	     -0.00000000	492610958.64650995	     -0.00000000	19766464.55831235	     -0.00000000	     -0.00000000	     -0.00000000	     -0.00000000	 226969.45464004	 392464.62103057	 200951.66873358	    212.14256489	     -0.00000000	19904527.70440667	1191068.19880786	     -0.00000000	     -0.00000000	     -0.00000000	3393268.26639615	     -0.00000000	     -0.00000000	     -0.00000000	     -0.00000000	     -0.00000000	     -0.00000000	234995862.98832572	302196081.40606278	299689048.01926166	     -0.00000000	     -0.00000000	     -0.00000000	     -0.00000000	     -0.00000000	     -0.00000000	49398474.08807829	 280096.96877200	     -0.00000000	     -0.00000000	     -0.00000000	6155190.77311021	     -0.00000000	608673874.94816983	     -0.00000000	23284046.89393796	     -0.00000000	     -0.00000000	     -0.00000000	     -0.00000000	     -0.00000000	     -0.00000000	     -0.00000000
      0.95000000	     -0.00000000	     -0.00000000	40247375.07525768	3891695.84503253	1645979.64703733	     -0.00000000	     -0.00000000	 360068.54048125	     -0.00000000	     -0.00000000	     -0.00000000	     -0.00000000	     -0.00000000	     -0.00000000	368613264.45215052	487825860.25401831	545564229.22614372	     -0.00000000	     -0.00000000	     -0.00000000	     -0.00000000	     -0.00000000	     -0.00000000	39627557.80006672	     -0.00000000	     -0.00000000	     -0.00000000	     -0.00000000	2017177.12175515	     -0.00000000	496114114.88821298	     -0.00000000	21077491.70553403	     -0.00000000	     -0.00000000	     -0.00000000	     -0.00000000	 137055.59808983	 205868.62488288	  96557.98967622	   5909.38656852	     -0.00000000	19225620.95853375	1096924.55329656	     -0.00000000	     -0.00000000	     -0.00000000	3499502.09684526	     -0.00000000	     -0.00000000	     -0.00000000	     -0.00000000	     -0.00000000	     -0.00000000	228752198.68749446	293405292.10048229	289174418.75235480	     -0.00000000	     -0.00000000	     -0.00000000	     -0.00000000	     -0.00000000	     -0.00000000	49756245.60681779	 352782.59408119	     -0.00000000	     -0.00000000	     -0.00000000	6449997.13115816	     -0.00000000	612837274.85050726	     -0.00000000	23085725.24948509	     -0.00000000	     -0.00000000	     -0.00000000	     -0.00000000	     -0.00000000	     -0.00000000	     -0.00000000
      0.96000000	     -0.00000000	     -0.00000000	40491929.62708522	3954074.42355892	1603241.35116941	     -0.00000000	     -0.00000000	 538278.64949014	     -0.00000000	     -0.00000000	     -0.00000000	     -0.00000000	     -0.00000000	     -0.00000000	372135171.81767374	491801807.13959473	549126986.18521690	     -0.00000000	     -0.00000000	     -0.00000000	     -0.00000000	     -0.00000000	     -0.00000000	40867547.95248880	     -0.00000000	     -0.00000000	     -0.00000000	     -0.00000000	1931321.24247942	     -0.00000000	500100684.24906707	     -0.00000000	22457761.96843695	     -0.00000000	     -0.00000000	     -0.00000000	     -0.00000000	  64690.03703889	  81641.43738272	  33834.79564089	  27541.64809810	    -18.50925446	18618072.86369218	1012516.43982724	     -0.00000000	     -0.00000000	     -0.00000000	3599736.87529147	     -0.00000000	     -0.00000000	     -0.00000000	     -0.00000000	     -0.00000000	     -0.00000000	222918187.40462640	285171213.12693322	279451590.06082362	     -0.00000000	     -0.00000000	     -0.00000000	     -0.00000000	     -0.00000000	     -0.00000000	50115205.20988533	 429157.92985273	     -0.00000000	     -0.00000000	     -0.00000000	6738123.63537939	     -0.00000000	616702116.06012321	     -0.00000000	22898517.49422999	     -0.00000000	     -0.00000000	     -0.00000000	     -0.00000000	     -0.00000000	     -0.00000000	     -0.00000000
      0.97000000	     -0.00000000	     -0.00000000	40949934.36287817	4048210.17425180	1593386.03623801	     -0.00000000	     -0.00000000	 752480.99228967	     -0.00000000	     -0.00000000	     -0.00000000	     -0.00000000	     -0.00000000	     -0.00000000	377054860.98163116	497599196.24851626	555002910.49186945	     -0.00000000	     -0.00000000	     -0.00000000	     -0.00000000	     -0.00000000	     -0.00000000	42174145.94548168	     -0.00000000	     -0.00000000	     -0.00000000	     -0.00000000	1817540.59702211	     -0.00000000	503503279.33144718	     -0.00000000	23998245.64310715	     -0.00000000	     -0.00000000	     -0.00000000	     -0.00000000	  21692.72591910	  19749.26139693	   6266.21650561	  52763.60798060	    107.38701157	18158140.13307360	 949992.10288901	     -0.00000000	     -0.00000000	     -0.00000000	3687698.41528777	     -0.00000000	     -0.00000000	     -0.00000000	     -0.00000000	     -0.00000000	     -0.00000000	219354274.22598767	279797840.15065396	272593496.11317140	     -0.00000000	     -0.00000000	     -0.00000000	     -0.00000000	     -0.00000000	     -0.00000000	50408019.55298070	 485326.25299278	     -0.00000000	     -0.00000000	     -0.00000000	6948184.54658403	     -0.00000000	619714185.34365284	     -0.00000000	22794618.85568165	     -0.00000000	     -0.00000000	     -0.00000000	     -0.00000000	     -0.00000000	     -0.00000000	     -0.00000000
      0.98000000	     -0.00000000	     -0.00000000	40698649.03715145	4034081.72343726	1489261.10526583	     -0.00000000	     -1.05262837	1012815.24033785	     -0.00000000	     -0.00000000	     -0.00000000	     -0.00000000	     -0.00000000	     -0.00000000	377167248.70938540	497162226.35456330	553042193.67091107	     -0.00000000	     -0.00000000	     -0.00000000	     -0.00000000	     -0.00000000	     -0.00000000	43475121.04163455	     -0.00000000	     -0.00000000	     -0.00000000	     -0.00000000	1810539.45687436	     -0.00000000	509187903.87063503	     -0.00000000	25337815.48277358	     -0.00000000	     -0.00000000	     -0.00000000	     -0.00000000	   3355.86389784	    731.53958483	      2.59281230	 132239.09261918	   2527.50024089	17431739.39867777	 854518.54111548	     -0.00000000	     -0.00000000	     -0.00000000	3797527.24127282	     -0.00000000	     -0.00000000	     -0.00000000	     -0.00000000	     -0.00000000	     -0.00000000	211746275.91746008	269157984.53645676	260307646.14905542	     -0.00000000	     -0.00000000	     -0.00000000	     -0.00000000	     -0.00000000	     -0.00000000	50820907.15996754	 603745.97358012	     -0.00000000	     -0.00000000	     -0.00000000	7327572.70291107	     -0.00000000	624222061.20052242	     -0.00000000	22514003.78254542	     -0.00000000	     -0.00000000	     -0.00000000	     -0.00000000	     -0.00000000	     -0.00000000	     -0.00000000
      0.99000000	     -0.00000000	     -0.00000000	40641311.83004807	4045689.12444228	1419123.87428493	     -0.00000000	    620.44722215	1302177.00874473	     -0.00000000	     -0.00000000	     -0.00000000	     -0.00000000	     -0.00000000	     -0.00000000	378576547.20913053	498451920.85060859	553288849.65933692	     -0.00000000	     -0.00000000	     -0.00000000	     -0.00000000	     -0.00000000	     -0.00000000	44806658.83532864	     -0.00000000	     -0.00000000	     -0.00000000	     -0.00000000	1778364.56668765	     -0.00000000	514201397.44564044	     -0.00000000	26776822.83750556	     -0.00000000	     -0.00000000	     -0.00000000	     -0.00000000	      0.10905271	     -0.00000000	     -0.00000000	 212513.69401154	   7809.95075685	16801271.13960945	 775347.37448644	     -0.00000000	     -0.00000000	     -0.00000000	3901264.98894344	     -0.00000000	     -0.00000000	     -0.00000000	     -0.00000000	     -0.00000000	     -0.00000000	206097241.81538013	260883933.08495346	250183977.55167323	     -0.00000000	     -0.00000000	     -0.00000000	     -0.00000000	     -0.00000000	     -0.00000000	51178807.11875204	 709156.27787820	     -0.00000000	     -0.00000000	     -0.00000000	7648120.55898748	     -0.00000000	628126905.75260496	     -0.00000000	22299975.77769392	     -0.00000000	     -0.00000000	     -0.00000000	     -0.00000000	     -0.00000000	     -0.00000000	     -0.00000000
      1.00000000	     -0.00000000	     -0.00000000	40513462.57867809	4044945.68099006	1349659.21890277	     -0.00000000	   3757.93520892	1618998.63550698	     -0.00000000	     -0.00000000	     -0.00000000	     -0.00000000	     -0.00000000	     -0.00000000	379182729.37041765	498780972.00017500	552559717.46914363	     -0.00000000	     -0.00000000	     -0.00000000	     -0.00000000	     -0.00000000	     -0.00000000	46138573.12425148	     -0.00000000	     -0.00000000	     -0.00000000	     -0.00000000	1762312.18289386	     -0.00000000	519294974.44160503	     -0.00000000	28193928.13557702	     -0.00000000	     -0.00000000	     -0.00000000	     -0.00000000	     -0.00000000	     -0.00000000	     -0.00000000	 309490.87116266	  17822.97909895	16179009.45651527	 700291.55488779	     -0.00000000	     -0.00000000	     -0.00000000	4000268.85087845	     -0.00000000	     -0.00000000	     -0.00000000	     -0.00000000	     -0.00000000	     -0.00000000	200504640.06626830	252641582.13257343	240070467.02573976	     -0.00000000	     -0.00000000	     -0.00000000	     -0.00000000	     -0.00000000	     -0.00000000	51521006.00670715	 824701.48481334	     -0.00000000	     -0.00000000	     -0.00000000	7975656.97209199	     -0.00000000	631920521.07593107	     -0.00000000	22071590.94464140	     -0.00000000	     -0.00000000	     -0.00000000	     -0.00000000	     -0.00000000	     -0.00000000	     -0.00000000
      1.01000000	     -0.00000000	     -0.00000000	40312202.36779515	4028712.68170647	1282245.19149817	     -0.00000000	  10644.33329184	1952097.67586634	     -0.00000000	     -0.00000000	     -0.00000000	     -0.00000000	     -0.00000000	     -0.00000000	379060689.41366583	498257800.14904767	550950435.33430052	     -0.00000000	     -0.00000000	     -0.00000000	     -0.00000000	     -0.00000000	     -0.00000000	47434480.21202375	     -0.00000000	     -0.00000000	     -0.00000000	     -0.00000000	1763258.84942544	     -0.00000000	524390089.37819076	     -0.00000000	29539741.26192254	     -0.00000000	     -0.00000000	     -0.00000000	     -0.00000000	     -0.00000000	     -0.00000000	     -0.00000000	 423955.17542149	  34677.15589717	15523215.90072423	 624919.64321647	     -0.00000000	     -0.00000000	     -0.00000000	4099383.90484294	     -0.00000000	     -0.00000000	     -0.00000000	     -0.00000000	     -0.00000000	     -0.00000000	194803421.38917688	244104510.93893895	229432408.62143114	     -0.00000000	     -0.00000000	     -0.00000000	     -0.00000000	     -0.00000000	     -0.00000000	51858328.23540630	 956989.17231217	     -0.00000000	     -0.00000000	     -0.00000000	8327308.03952967	     -0.00000000	635819805.66571176	     -0.00000000	21813719.82384402	     -0.00000000	     -0.00000000	     -0.00000000	     -0.00000000	     -0.00000000	     -0.00000000	     -0.00000000
      1.02000000	     -0.00000000	     -0.00000000	40119925.68680608	4010923.92327970	1227886.79805967	     -0.00000000	  22665.12043053	2289840.63329243	     -0.00000000	     -0.00000000	     -0.00000000	     -0.00000000	     -0.00000000	     -0.00000000	378608391.75120217	497408990.04586071	549219139.12979245	     -0.00000000	     -0.00000000	     -0.00000000	     -0.00000000	     -0.00000000	     -0.00000000	48675462.47269047	     -0.00000000	     -0.00000000	     -0.00000000	     -0.00000000	1770430.48109744	     -0.00000000	529111583.89321989	     -0.00000000	30821362.11263440	     -0.00000000	     -0.00000000	     -0.00000000	     -0.00000000	     -0.00000000	     -0.00000000	     -0.00000000	 549879.56311095	  59173.54941727	14875902.98823215	 554123.60462543	     -0.00000000	     -0.00000000	     -0.00000000	4193645.76750965	     -0.00000000	     -0.00000000	     -0.00000000	     -0.00000000	     -0.00000000	     -0.00000000	189250274.93460035	235692953.60118663	218863948.00959659	     -0.00000000	     -0.00000000	     -0.00000000	     -0.00000000	     -0.00000000	     -0.00000000	52177312.04426903	1100416.07443979	     -0.00000000	     -0.00000000	     -0.00000000	8685250.84363743	     -0.00000000	639597574.20875812	     -0.00000000	21543995.21022916	     -0.00000000	     -0.00000000	     -0.00000000	     -0.00000000	     -0.00000000	     -0.00000000	     -0.00000000
      1.03000000	     -0.00000000	     -0.00000000	40079098.39584851	4012620.52078771	1205802.01740797	     -0.00000000	  41023.03492818	2617885.59293396	     -0.00000000	     -0.00000000	     -0.00000000	     -0.00000000	     -0.00000000	     -0.00000000	378714850.44650805	497400997.34627897	548887036.42548132	     -0.00000000	     -0.00000000	     -0.00000000	     -0.00000000	     -0.00000000	     -0.00000000	49851289.72577690	     -0.00000000	     -0.00000000	     -0.00000000	     -0.00000000	1764948.21602072	     -0.00000000	532944649.13608998	     -0.00000000	32080374.10284140	     -0.00000000	     -0.00000000	     -0.00000000	     -0.00000000	     -0.00000000	     -0.00000000	     -0.00000000	 661844.20096224	  84971.18186475	14273440.02572836	 492352.47138245	     -0.00000000	     -0.00000000	     -0.00000000	4276076.25055999	     -0.00000000	     -0.00000000	     -0.00000000	     -0.00000000	     -0.00000000	     -0.00000000	184526785.15828666	228301917.24992323	209245210.93881598	     -0.00000000	     -0.00000000	     -0.00000000	     -0.00000000	     -0.00000000	     -0.00000000	52439471.82479049	1239848.47625963	     -0.00000000	     -0.00000000	     -0.00000000	9014799.48024040	     -0.00000000	642983187.76323617	     -0.00000000	21285283.80656801	     -0.00000000	     -0.00000000	     -0.00000000	     -0.00000000	     -0.00000000	     -0.00000000	     -0.00000000
      1.04000000	     -0.00000000	     -0.00000000	39920047.45592851	3992939.91632799	1174800.42884966	     -0.00000000	  63596.16954476	2928473.96294304	     -0.00000000	     -0.00000000	     -0.00000000	     -0.00000000	     -0.00000000	     -0.00000000	377957216.64842492	496323451.01214051	547281824.11628175	     -0.00000000	     -0.00000000	     -0.00000000	     -0.00000000	     -0.00000000	     -0.00000000	50894152.29814341	     -0.00000000	     -0.00000000	     -0.00000000	     -0.00000000	1779932.14169876	     -0.00000000	536669820.72749436	     -0.00000000	33170885.18062968	     -0.00000000	     -0.00000000	     -0.00000000	     -0.00000000	     -0.00000000	     -0.00000000	     -0.00000000	 817314.90793297	 122119.53922215	13644162.33894241	 429415.74150479	     -0.00000000	     -0.00000000	     -0.00000000	4356413.39935669	     -0.00000000	     -0.00000000	     -0.00000000	     -0.00000000	     -0.00000000	     -0.00000000	178978503.11775663	219797199.81409800	198600965.62650517	     -0.00000000	     -0.00000000	     -0.00000000	     -0.00000000	     -0.00000000	     -0.00000000	52734205.17984273	1411124.47087802	     -0.00000000	     -0.00000000	     -0.00000000	9399851.34663847	     -0.00000000	646565174.58174348	     -0.00000000	20973389.93925379	     -0.00000000	     -0.00000000	     -0.00000000	     -0.00000000	     -0.00000000	     -0.00000000	     -0.00000000
      1.05000000	     -0.00000000	     -0.00000000	39961126.57489789	4001448.41766639	1176666.77232634	     -0.00000000	  90170.72637098	3204219.30856481	     -0.00000000	     -0.00000000	     -0.00000000	     -0.00000000	     -0.00000000	     -0.00000000	378245587.83958310	496671235.01749903	547693803.30994356	     -0.00000000	     -0.00000000	     -0.00000000	     -0.00000000	     -0.00000000	     -0.00000000	51819797.22743852	     -0.00000000	     -0.00000000	     -0.00000000	     -0.00000000	1772103.21913577	     -0.00000000	539222848.34082758	     -0.00000000	34203399.04651194	     -0.00000000	     -0.00000000	     -0.00000000	     -0.00000000	     -0.00000000	     -0.00000000	     -0.00000000	 949921.46449454	 158079.28042643	13066879.50454834	 375835.23466107	     -0.00000000	     -0.00000000	     -0.00000000	4421157.80072536	     -0.00000000	     -0.00000000	     -0.00000000	     -0.00000000	     -0.00000000	     -0.00000000	174298047.73991725	212400892.25755900	189041846.87530378	     -0.00000000	     -0.00000000	     -0.00000000	     -0.00000000	     -0.00000000	     -0.00000000	52960798.97610387	1575344.54794680	     -0.00000000	     -0.00000000	     -0.00000000	9749949.23654642	     -0.00000000	649694864.67758298	     -0.00000000	20673046.00250634	     -0.00000000	     -0.00000000	     -0.00000000	     -0.00000000	     -0.00000000	     -0.00000000	     -0.00000000
      1.06000000	     -0.00000000	     -0.00000000	40088358.51974390	4025057.22583904	1190496.30082901	     -0.00000000	 117989.11750025	3442312.21969536	     -0.00000000	     -0.00000000	     -0.00000000	     -0.00000000	     -0.00000000	     -0.00000000	378893380.14261776	497504075.20208424	548849554.45041275	     -0.00000000	     -0.00000000	     -0.00000000	     -0.00000000	     -0.00000000	     -0.00000000	52607528.07972068	     -0.00000000	     -0.00000000	     -0.00000000	     -0.00000000	1753551.79764677	     -0.00000000	540921917.62763584	     -0.00000000	35130933.82893593	     -0.00000000	     -0.00000000	     -0.00000000	     -0.00000000	     -0.00000000	     -0.00000000	     -0.00000000	1094092.52497880	 197668.48919950	12562997.34828809	 330388.63919809	     -0.00000000	     -0.00000000	     -0.00000000	4468639.77237454	     -0.00000000	     -0.00000000	     -0.00000000	     -0.00000000	     -0.00000000	     -0.00000000	169882283.79699728	205480565.05107686	180325522.65507784	     -0.00000000	     -0.00000000	     -0.00000000	     -0.00000000	     -0.00000000	     -0.00000000	53165700.02268958	1738834.68762629	     -0.00000000	     -0.00000000	     -0.00000000	10087072.04767385	     -0.00000000	652437987.17500603	     -0.00000000	20370793.06089915	     -0.00000000	     -0.00000000	     -0.00000000	     -0.00000000	     -0.00000000	     -0.00000000	     -0.00000000
      1.07000000	     -0.00000000	     -0.00000000	39839752.54810825	3999316.35927626	1124452.38908809	     -0.00000000	 138910.62241404	3654777.97580493	     -0.00000000	     -0.00000000	     -0.00000000	     -0.00000000	     -0.00000000	     -0.00000000	378412267.81180447	496557038.17325068	546750343.53926826	     -0.00000000	     -0.00000000	     -0.00000000	     -0.00000000	     -0.00000000	     -0.00000000	53165977.60743351	     -0.00000000	     -0.00000000	     -0.00000000	     -0.00000000	1763394.38239121	     -0.00000000	543132101.97735536	     -0.00000000	35796595.42997407	     -0.00000000	     -0.00000000	     -0.00000000	     -0.00000000	     -0.00000000	     -0.00000000	     -0.00000000	1365239.05647823	 264344.94769225	12101806.93068740	 286315.16724941	     -0.00000000	     -0.00000000	     -0.00000000	4514645.62479570	     -0.00000000	     -0.00000000	     -0.00000000	     -0.00000000	     -0.00000000	     -0.00000000	163623005.89502952	196533940.73219791	170567786.67968079	     -0.00000000	     -0.00000000	     -0.00000000	     -0.00000000	     -0.00000000	     -0.00000000	53487993.94705065	1951675.13572437	     -0.00000000	     -0.00000000	     -0.00000000	10510671.04591964	     -0.00000000	655320318.28425968	     -0.00000000	20026269.48547332	     -0.00000000	     -0.00158038	     -0.00000000	     -0.00000000	     -0.00000000	     -0.00000000	     -0.00000000
      1.08000000	     -0.00000000	     -0.00000000	40012725.94468258	4035726.30751570	1119744.53131997	     -0.00000000	 164460.34638127	3815273.80614862	     -0.00000000	     -0.00000000	     -0.00000000	     -0.00000000	     -0.00000000	     -0.00000000	380364749.29611307	498836077.55449092	549000799.50235212	     -0.00000000	     -0.00000000	     -0.00000000	     -0.00000000	     -0.00000000	     -0.00000000	53640296.19853335	     -0.00000000	     -0.00000000	     -0.00000000	     -0.00000000	1720490.60428605	     -0.00000000	543598853.69013870	     -0.00000000	36489148.94086572	     -0.00000000	     -0.00000000	     -0.00000000	     -0.00000000	     -0.00000000	     -0.00000000	     -0.00000000	1550656.38333658	 313570.54973086	11764864.11273302	 256234.25199780	     -0.00000000	     -0.00000000	     -0.00000000	4528345.47960718	     -0.00000000	     -0.00000000	     -0.00000000	     -0.00000000	     -0.00000000	     -0.00000000	159739376.58630374	190681927.48451728	163833988.29682446	     -0.00000000	     -0.00000000	     -0.00000000	     -0.00000000	     -0.00000000	     -0.00000000	53666094.04685354	2105769.20602407	     -0.00000000	     -0.00000000	     -0.00000000	10812941.76640736	     -0.00000000	657253702.73026717	     -0.00000000	19737635.17383449	     -0.00000000	     -0.65835295	     -0.00000000	     -0.00000000	     -0.00000000	     -0.00000000	     -0.00000000
      1.09000000	     -0.00000000	     -0.00000000	40520902.81084026	4129296.90044625	1166044.72950398	     -0.00000000	 191016.75868980	3910433.71153413	     -0.00000000	     -0.00000000	     -0.00000000	     -0.00000000	     -0.00000000	     -0.00000000	383573044.90870428	502848878.74562746	554052298.36384106	     -0.00000000	     -0.00000000	     -0.00000000	     -0.00000000	     -0.00000000	     -0.00000000	53996660.40918041	     -0.00000000	     -0.00000000	     -0.00000000	     -0.00000000	1641249.19675457	     -0.00000000	542423904.82583880	     -0.00000000	37128936.42308135	     -0.00000000	     -0.00000000	     -0.00000000	     -0.00000000	     -0.00000000	     -0.00000000	     -0.00000000	1704454.28141808	 354398.01065208	11472706.13307934	 233813.69370084	     -0.00000000	     -0.00000000	     -0.00000000	4523717.83393635	     -0.00000000	     -0.00000000	     -0.00000000	     -0.00000000	     -0.00000000	     -0.00000000	155518075.42954963	184945504.49089214	157697193.73766184	     -0.00000000	     -0.00000000	     -0.00000000	     -0.00000000	     -0.00000000	     -0.00000000	53722019.12384347	2254420.20643431	     -0.00000000	     -0.00000000	     -0.00000000	11063316.44099122	     -0.00000000	658620615.90748680	     -0.00000000	19469163.94425168	     -0.00000000	     -0.35745064	     -0.00000000	     -0.00000000	     -0.00000000	     -0.00000000	     -0.00000000
      1.10000000	     -0.00000000	     -0.00000000	39827751.33783542	4047402.50191768	 986496.97341714	     -0.00000000	 197606.14578574	4043250.21330304	     -0.00000000	     -0.00000000	     -0.00000000	     -0.00000000	     -0.00000000	     -0.00000000	383086358.34204149	501265213.67637944	549030650.14742327	     -0.00000000	     -0.00000000	     -0.00000000	     -0.00000000	     -0.00000000	     -0.00000000	54085694.20172057	     -0.00000000	     -0.00000000	     -0.00000000	     -0.00000000	1663497.15074955	     -0.00000000	544722198.54927814	     -0.00000000	37339291.26609889	     -0.00000000	     -0.00000000	     -0.00000000	     -0.00000000	     -0.00000000	     -0.00000000	     -0.00000000	2130689.07862615	 452215.18559761	11341019.54303297	 211591.44326830	     -0.00000000	     -0.00000000	     -0.00000000	4494728.91746770	     -0.00000000	     -0.00000000	     -0.00000000	     -0.00000000	     -0.00000000	     -0.00000000	150582181.74629185	178229369.30053908	151890474.56638569	     -0.00000000	     -0.00000000	     -0.00000000	     -0.00000000	     -0.00000000	     -0.00000000	54056650.95324609	2432847.69816793	     -0.00000000	     -0.00000000	     -0.00000000	11437644.86183788	     -0.00000000	660143845.52372921	     -0.00000000	19108909.15925978	     -0.00000000	      4.21204071	     -0.00000000	     -0.00000000	     -0.00000000	     -0.00000000	     -0.00000000
      1.11000000	     -0.00000000	     -0.00000000	39787036.10967354	4067984.09604450	 911859.40633318	     -0.00000000	 209726.38048606	4100462.41572009	     -0.00000000	     -0.00000000	     -0.00000000	     -0.00000000	     -0.00000000	     -0.00000000	385397826.05995172	503529101.61241615	549891862.21258044	     -0.00000000	     -0.00000000	     -0.00000000	     -0.00000000	     -0.00000000	     -0.00000000	54119261.80681123	     -0.00000000	     -0.00000000	     -0.00000000	     -0.00000000	1615358.00371003	     -0.00000000	544492391.20069003	     -0.00000000	37621017.44008284	     -0.00000000	     -0.00000000	     -0.00000000	     -0.00000000	     -0.00000000	     -0.00000000	     -0.00000000	2435092.63746291	 521384.42298902	11264042.50054713	 199047.31993160	     -0.00000000	     -0.00000000	     -0.00000000	4446449.49240097	     -0.00000000	     -0.00000000	     -0.00000000	     -0.00000000	     -0.00000000	     -0.00000000	146848383.47982889	173448241.16621104	147978632.47008747	     -0.00000000	     -0.00000000	     -0.00000000	     -0.00000000	     -0.00000000	     -0.00000000	54186114.93790033	2559959.27029971	     -0.00000000	     -0.00000000	     -0.00000000	11680620.14809973	     -0.00000000	660830864.69453514	     -0.00000000	18819055.70287182	     -0.00000000	     14.92244776	     -0.00000000	     -0.00000000	     -0.00000000	     -0.00000000	     -0.00000000
      1.12000000	     -0.00000000	     -0.00000000	39600202.17466725	4069322.39825928	 814564.49803497	     -0.00000000	 214905.29347282	4130346.70617448	     -0.00000000	     -0.00000000	     -0.00000000	     -0.00000000	     -0.00000000	     -0.00000000	387193037.06830865	505023862.33694911	549437890.47544217	     -0.00000000	     -0.00000000	     -0.00000000	     -0.00000000	     -0.00000000	     -0.00000000	54028515.11158315	     -0.00000000	     -0.00000000	     -0.00000000	     -0.00000000	1579288.20005234	     -0.00000000	544424351.25849843	     -0.00000000	37743277.73667789	     -0.00000000	     -0.00000000	     -0.00000000	     -0.00000000	     -0.00000000	     -0.00000000	     -0.00000000	2783870.12028823	 596742.60170093	11266575.40141883	 191160.19383546	     -0.00000000	     -0.00000000	     -0.00000000	4367581.07701351	     -0.00000000	     -0.00000000	     -0.00000000	     -0.00000000	     -0.00000000	     -0.00000000	143068579.83799389	168936156.33724144	144907995.56098258	     -0.00000000	     -0.00000000	     -0.00000000	     -0.00000000	     -0.00000000	     -0.00000000	54262645.56479867	2675451.38486673	     -0.00000000	     -0.00000000	     -0.00000000	11899618.20691903	     -0.00000000	661035570.06555903	     -0.00000000	18504240.18614481	     -0.00000000	     29.40656073	     -0.00000000	     -0.00000000	     -0.00000000	     -0.00000000	     -0.00000000
      1.13000000	     -0.00000000	     -0.00000000	39451954.30913842	4078437.79660741	 726327.95231150	     -0.00000000	 216408.20445069	4127619.84107751	     -0.00000000	     -0.00000000	     -0.00000000	     -0.00000000	     -0.00000000	     -0.00000000	389108336.25851995	506684907.67546266	549265446.49014652	     -0.00000000	     -0.00000000	     -0.00000000	     -0.00000000	     -0.00000000	     -0.00000000	53855420.69105278	     -0.00000000	     -0.00000000	     -0.00000000	     -0.00000000	1538940.50800234	     -0.00000000	543979456.34838963	     -0.00000000	37776070.58886579	     -0.00000000	     -0.00000000	     -0.00000000	     -0.00000000	     -0.00000000	     -0.00000000	     -0.00000000	3120617.20615260	 667469.46142848	11322699.29287417	 186950.38187753	     -0.00000000	     -0.00000000	     -0.00000000	4271509.47211622	     -0.00000000	     -0.00000000	     -0.00000000	     -0.00000000	     -0.00000000	     -0.00000000	140014093.23366797	165418749.53097922	142916071.04475310	     -0.00000000	     -0.00000000	     -0.00000000	     -0.00000000	     -0.00000000	     -0.00000000	54283344.90643826	2763761.80043970	     -0.00000000	     -0.00000000	     -0.00000000	12074063.44771300	     -0.00000000	660852627.01577210	     -0.00000000	18195672.11426217	     -0.00000000	     44.45455629	     -0.00000000	     -0.00000000	     -0.00000000	     -0.00000000	     -0.00000000
      1.14000000	     -0.00000000	     -0.00000000	39109826.14547870	4059909.59815783	 614501.04692952	     -0.00000000	 210185.72095294	4102444.98740446	     -0.00000000	     -0.00000000	     -0.00000000	     -0.00000000	     -0.00000000	     -0.00000000	390338552.37546927	507348471.47906566	547395642.87234139	     -0.00000000	     -0.00000000	     -0.00000000	     -0.00000000	     -0.00000000	     -0.00000000	53559206.75942022	     -0.00000000	     -0.00000000	     -0.00000000	     -0.00000000	1514987.82365152	     -0.00000000	543892639.80587482	     -0.00000000	37640548.33490576	     -0.00000000	     -0.00000000	     -0.00000000	     -0.00000000	     -0.00000000	     -0.00000000	     -0.00000000	3518539.73859224	 744464.30074380	11481811.17990595	 188768.38654327	     -0.00000000	     -0.00000000	     -0.00000000	4133248.08840348	     -0.00000000	     -0.00000000	     -0.00000000	     -0.00000000	     -0.00000000	     -0.00000000	136406138.16506281	161814693.73436725	141766336.36008441	     -0.00000000	     -0.00000000	     -0.00000000	     -0.00000000	     -0.00000000	     -0.00000000	54200672.77562111	2840150.19325127	     -0.00000000	     -0.00000000	     -0.00000000	12213456.36586807	     -0.00000000	659941559.36119926	     -0.00000000	17847220.04564425	     -0.00000000	     58.10400901	     -0.00000000	     -0.00000000	     -0.00000000	     -0.00000000	     -0.00000000
      1.15000000	     -0.00000000	     -0.00000000	38854720.92759378	4051779.58319724	 530606.47369677	     -0.00000000	 200786.01277300	4046171.81669039	     -0.00000000	     -0.00000000	     -0.00000000	     -0.00000000	     -0.00000000	     -0.00000000	391357960.88890386	507919582.29055119	545972956.98056519	     -0.00000000	     -0.00000000	     -0.00000000	     -0.00000000	     -0.00000000	     -0.00000000	53220340.70906726	     -0.00000000	     -0.00000000	     -0.00000000	     -0.00000000	1491854.98970967	     -0.00000000	543428941.05794215	     -0.00000000	37424349.08709358	     -0.00000000	     -0.00000000	     -0.00000000	     -0.00000000	     -0.00000000	     -0.00000000	     -0.00000000	3862831.30243097	 809506.06026490	11655233.71651471	 192248.07011554	     -0.00000000	     -0.00000000	     -0.00000000	3980829.02244846	     -0.00000000	     -0.00000000	     -0.00000000	     -0.00000000	     -0.00000000	     -0.00000000	133881848.84219401	159416421.34027335	141484227.65188557	     -0.00000000	     -0.00000000	     -0.00000000	     -0.00000000	     -0.00000000	     -0.00000000	54040244.37161647	2886560.85351641	     -0.00000000	     -0.00000000	     -0.00000000	12308809.08139055	     -0.00000000	658725150.57732093	     -0.00000000	17493005.92847083	     -0.00000000	     73.27263333	     -0.00000000	     -0.00000000	     -0.00000000	     -0.00000000	     -0.00000000
      1.16000000	     -0.00000000	     -0.00000000	38492807.30709108	4028468.38149685	 437653.03233357	     -0.00000000	 186008.79469954	3964878.07949003	     -0.00000000	     -0.00000000	     -0.00000000	     -0.00000000	     -0.00000000	     -0.00000000	392124782.18922997	508082041.62934631	543702569.09338176	     -0.00000000	     -0.00000000	     -0.00000000	     -0.00000000	     -0.00000000	     -0.00000000	52770566.09043156	     -0.00000000	     -0.00000000	     -0.00000000	     -0.00000000	1475800.54237471	     -0.00000000	543050108.80576730	     -0.00000000	37073280.81401334	     -0.00000000	     -0.00000000	     -0.00000000	     -0.00000000	     -0.00000000	     -0.00000000	     -0.00000000	4238947.31690492	 874286.12719385	11938877.84701379	 202191.26496822	    390.78969476	     -0.00000000	     -0.00000000	3786375.87480665	     -0.00000000	     -0.00000000	     -0.00000000	     -0.00000000	     -0.00000000	     -0.00000000	131459031.19812274	157579602.73101890	142461805.99289098	     -0.00000000	     -0.00000000	     -0.00000000	     -0.00000000	     -0.00000000	     -0.00000000	53761057.87780567	2904416.60436952	     -0.00000000	     -0.00000000	     -0.00000000	12352504.23283535	     -0.00000000	656675111.00180733	     -0.00000000	17101512.21361554	     -0.00000000	     82.87051170	     -0.00000000	     -0.00000000	     -0.00000000	     -0.00000000	     -0.00000000
      1.17000000	     -0.00000000	     -0.00000000	38194800.53922348	4008773.69325546	 367089.25362288	     -0.00000000	 169847.89182505	3864033.36789956	     -0.00000000	     -0.00000000	     -0.00000000	     -0.00000000	     -0.00000000	     -0.00000000	392821124.99241298	508294285.38062924	541885640.71900475	     -0.00000000	     -0.00000000	     -0.00000000	     -0.00000000	     -0.00000000	     -0.00000000	52297256.74108385	     -0.00000000	     -0.00000000	     -0.00000000	     -0.00000000	1462051.84207578	     -0.00000000	542478111.76162493	     -0.00000000	36665269.02976253	     -0.00000000	     -0.00000000	     -0.00000000	     -0.00000000	     -0.00000000	     -0.00000000	     -0.00000000	4527903.58202720	 916418.84589366	12282404.42259070	 217815.14800255	   4202.53848165	     -0.00000000	     -0.00000000	3558752.76429931	     -0.00000000	     -0.00000000	     -0.00000000	     -0.00000000	     -0.00000000	     -0.00000000	130133252.22465891	157234286.79230288	144908216.70249626	     -0.00000000	     -0.00000000	     -0.00000000	     -0.00000000	     -0.00000000	     -0.00000000	53310092.45260881	2875281.95507515	     -0.00000000	     -0.00000000	     -0.00000000	12314221.62563682	     -0.00000000	653823695.89486277	     -0.00000000	16689384.25796363	     -0.00000000	     90.00076199	     -0.00000000	     -0.00000000	     -0.00000000	     -0.00000000	     -0.00000000
      1.18000000	     -0.00000000	     -0.00000000	37825140.09965976	3977355.70906346	 305041.90419805	     -0.00000000	 148183.34186452	3736571.88098684	     -0.00000000	     -0.00000000	     -0.00000000	     -0.00000000	     -0.00000000	     -0.00000000	392186758.49167919	506993205.27386308	538757027.28437114	     -0.00000000	     -0.00000000	     -0.00000000	     -0.00000000	     -0.00000000	     -0.00000000	51751138.10361049	     -0.00000000	     -0.00000000	     -0.00000000	     -0.00000000	1468177.47085857	     -0.00000000	541942230.49003959	     -0.00000000	36107058.80408741	     -0.00000000	     -0.00000000	     -0.00000000	     -0.00000000	     -0.00000000	     -0.00000000	     -0.00000000	4854163.73082890	 965910.07700825	12632596.50911030	 233507.91052991	  17046.40347353	     -0.00000000	     -0.00000000	3322289.96988985	     -0.00000000	     -0.00000000	     -0.00000000	     -0.00000000	     -0.00000000	     -0.00000000	128666823.17983332	156675414.98528990	147202822.17530543	     -0.00000000	     -0.00000000	     -0.00000000	     -0.00000000	     -0.00000000	     -0.00000000	52826119.78663731	2853294.94357866	     -0.00000000	     -0.00000000	     -0.00000000	12291021.83218996	     -0.00000000	650756888.83104348	     -0.00000000	16239339.48958817	     -0.00000000	     99.87226364	     -0.00000000	     -0.00000000	     -0.00000000	     -0.00000000	     -0.00000000
      1.19000000	     -0.00000000	     -0.00000000	37474591.38652866	3943535.79190312	 258758.35649428	     -0.00000000	 125595.66000140	3595566.53044906	     -0.00000000	     -0.00000000	     -0.00000000	     -0.00000000	     -0.00000000	     -0.00000000	390933386.86691189	505089075.31966221	535430095.39029264	     -0.00000000	     -0.00000000	     -0.00000000	     -0.00000000	     -0.00000000	     -0.00000000	51189501.02361691	     -0.00000000	     -0.00000000	     -0.00000000	     -0.00000000	1484721.05970729	     -0.00000000	541348079.94878066	     -0.00000000	35484497.69187104	     -0.00000000	     -0.00000000	     -0.00000000	     -0.00000000	     -0.00000000	     -0.00000000	     -0.00000000	5099264.27571574	 993505.19798816	13051799.22236566	 256153.54531272	  43619.96652927	     -0.00000000	     -0.00000000	3044336.25849859	     -0.00000000	     -0.00000000	     -0.00000000	     -0.00000000	     -0.00000000	     -0.00000000	127978710.71448122	157315311.22471279	150852781.42855182	     -0.00000000	     -0.00000000	     -0.00000000	     -0.00000000	     -0.00000000	     -0.00000000	52125236.46994782	2791510.62749419	     -0.00000000	     -0.00000000	     -0.00000000	12190839.80821344	     -0.00000000	646645335.54211783	     -0.00000000	15740094.28723431	     -0.00000000	    109.69130030	     -0.00000000	     -0.00000000	     -0.00000000	     -0.00000000	     -0.00000000
      1.20000000	     -0.00000000	     -0.00000000	37127262.07615693	3904209.28839078	 217974.49416074	     -0.00000000	 103370.58508903	3441507.50464799	     -0.00000000	     -0.00000000	     -0.00000000	     -0.00000000	     -0.00000000	     -0.00000000	389920895.98148561	503480085.77284801	532371821.03080267	     -0.00000000	     -0.00000000	     -0.00000000	     -0.00000000	     -0.00000000	     -0.00000000	50580268.65062237	     -0.00000000	     -0.00000000	     -0.00000000	     -0.00000000	1502481.59845306	     -0.00000000	540700483.26564193	     -0.00000000	34805276.82907112	     -0.00000000	     -0.00000000	     -0.00000000	     -0.00000000	     -0.00000000	     -0.00000000	     -0.00000000	5287193.19140264	1005365.28879627	13561318.92511981	 285966.76244027	  88404.62413567	     -0.00000000	     -0.00000000	2744086.42573709	     -0.00000000	     -0.00000000	     -0.00000000	     -0.00000000	     -0.00000000	     -0.00000000	128507945.49663265	159508005.48985550	156178346.90497524	     -0.00000000	     -0.00000000	     -0.00000000	     -0.00000000	     -0.00000000	     -0.00000000	51304093.50707041	2685439.49079393	     -0.00000000	     -0.00000000	     -0.00000000	12027202.51986119	     -0.00000000	641661381.26932466	     -0.00000000	15225969.58896942	     -0.00000000	    109.18404992	     -0.00000000	     -0.00000000	     -0.00000000	     -0.00000000	     -0.00000000
      1.21000000	     -0.00000000	     -0.00000000	36980450.06604856	3888232.62977241	 200260.68169962	     -0.00000000	  85461.77984257	3283161.51480186	     -0.00000000	     -0.00000000	     -0.00000000	     -0.00000000	     -0.00000000	     -0.00000000	389644001.64482570	502959008.65957451	531167805.13563788	     -0.00000000	     -0.00000000	     -0.00000000	     -0.00000000	     -0.00000000	     -0.00000000	50016630.97131167	     -0.00000000	     -0.00000000	     -0.00000000	     -0.00000000	1507631.21030770	     -0.00000000	539533347.67678976	     -0.00000000	34187032.23817901	     -0.00000000	     -0.00000000	     -0.00000000	     -0.00000000	     -0.00000000	     -0.00000000	     -0.00000000	5251768.57840610	 966458.19107386	14175938.83070110	 329093.58977798	 137369.36572547	     -0.00000000	     -0.00000000	2406196.68823447	     -0.00000000	     -0.00000000	     -0.00000000	     -0.00000000	     -0.00000000	     -0.00000000	131205713.28195179	164566016.66530877	164270207.18506318	     -0.00000000	     -0.00000000	     -0.00000000	     -0.00000000	     -0.00000000	     -0.00000000	50190556.29986101	2502755.00848197	     -0.00000000	     -0.00000000	     -0.00000000	11722520.98958322	     -0.00000000	635166491.21378934	     -0.00000000	14697208.52773103	     -0.00000000	     99.94792776	     -0.00000000	     -0.00000000	     -0.00000000	     -0.00000000	     -0.00000000
