C:\Users\Israel Luis\Documents\GitHub\GoalOptimized\ProjectResults\DSE\sub1\multiCycle\JeTMSD\temp\MRS_ACT_unassisted.sto
nRows=115
nColumns=148

name C:\Users\Israel Luis\Documents\GitHub\GoalOptimized\ProjectResults\DSE\sub1\multiCycle\JeTMSD\temp\MRS_ACT_unassisted.sto
datacolumns 148
datarows 115
range 1.110000 2.250000
endheader
time	addbrev_r	addlong_r	addmagDist_r	addmagIsch_r	addmagMid_r	addmagProx_r	bflh_r	bfsh_r	edl_r	ehl_r	fdl_r	fhl_r	gaslat_r	gasmed_r	glmax1_r	glmax2_r	glmax3_r	glmed1_r	glmed2_r	glmed3_r	glmin1_r	glmin2_r	glmin3_r	grac_r	iliacus_r	perbrev_r	perlong_r	piri_r	psoas_r	recfem_r	sart_r	semimem_r	semiten_r	soleus_r	tfl_r	tibant_r	tibpost_r	vasint_r	vaslat_r	vasmed_r	addbrev_l	addlong_l	addmagDist_l	addmagIsch_l	addmagMid_l	addmagProx_l	bflh_l	bfsh_l	edl_l	ehl_l	fdl_l	fhl_l	gaslat_l	gasmed_l	glmax1_l	glmax2_l	glmax3_l	glmed1_l	glmed2_l	glmed3_l	glmin1_l	glmin2_l	glmin3_l	grac_l	iliacus_l	perbrev_l	perlong_l	piri_l	psoas_l	recfem_l	sart_l	semimem_l	semiten_l	soleus_l	tfl_l	tibant_l	tibpost_l	vasint_l	vaslat_l	vasmed_l	lumbar_ext	lumbar_bend	lumbar_rot	shoulder_flex_r	shoulder_add_r	shoulder_rot_r	elbow_flex_r	pro_sup_r	wrist_flex_r	wrist_dev_r	shoulder_flex_l	shoulder_add_l	shoulder_rot_l	elbow_flex_l	pro_sup_l	wrist_flex_l	wrist_dev_l	FX	FY	FZ	MX	MY	MZ	hip_flexion_r_reserve	hip_adduction_r_reserve	hip_rotation_r_reserve	knee_angle_r_reserve	ankle_angle_r_reserve	subtalar_angle_r_reserve	mtp_angle_r_reserve	hip_flexion_l_reserve	hip_adduction_l_reserve	hip_rotation_l_reserve	knee_angle_l_reserve	ankle_angle_l_reserve	subtalar_angle_l_reserve	mtp_angle_l_reserve	lumbar_extension_reserve	lumbar_bending_reserve	lumbar_rotation_reserve	calcn_r_r1_Fx	calcn_r_r1_Fy	calcn_r_r1_Fz	calcn_r_r1_px	calcn_r_r1_py	calcn_r_r1_pz	calcn_r_r1_Tx	calcn_r_r1_Ty	calcn_r_r1_Tz	calcn_l_l1_Fx	calcn_l_l1_Fy	calcn_l_l1_Fz	calcn_l_l1_px	calcn_l_l1_py	calcn_l_l1_pz	calcn_l_l1_Tx	calcn_l_l1_Ty	calcn_l_l1_Tz	calcn_r_r2_Fx	calcn_r_r2_Fy	calcn_r_r2_Fz	calcn_r_r2_px	calcn_r_r2_py	calcn_r_r2_pz	calcn_r_r2_Tx	calcn_r_r2_Ty	calcn_r_r2_Tz
        1.1100000000	       81.8899293262	      172.1952864375	        8.9724677104	        7.7651736625	       55.9457396547	       84.1550804171	       38.1838805607	      183.6306983855	       77.0236747419	       24.1214538484	        8.6963467577	       12.0579943076	       38.8084335593	       58.9005858601	       26.4185129516	       62.0399693909	       60.2611175085	       70.7778072593	       43.0856251733	       47.9400807515	       50.1093494639	       66.4021476303	       85.9339103948	       35.3299918933	       40.3647356823	        9.3465096160	       15.4673166438	      543.2809033489	      943.9444563686	       52.8855905091	       66.7828655931	       57.3777412470	        8.8651158003	      126.7151523162	       10.7831593409	      205.9806016134	      129.3990565481	       44.6192080152	      232.6864661256	       69.6946953282	        0.0000000000	        0.0000000000	        0.0000000000	        0.0000000000	        0.0000000000	        0.0000000000	        0.0000000000	        0.0000000000	        0.0000000000	        0.0000000000	        0.0000000000	        0.0000000000	        0.0000000000	        0.0000000000	        0.0000000000	        0.0000000000	        0.0000000000	        0.0000000000	        0.0000000000	        0.0000000000	        0.0000000000	        0.0000000000	        0.0000000000	        0.0000000000	        0.0000000000	        0.0000000000	        0.0000000000	        0.0000000000	        0.0000000000	        0.0000000000	        0.0000000000	        0.0000000000	        0.0000000000	        0.0000000000	        0.0000000000	        0.0000000000	        0.0000000000	        0.0000000000	        0.0000000000	        0.0000000000	        0.0000000000	        0.0000000000	        0.0000000000	        0.0000000000	        0.0000000000	        0.0000000000	        0.0000000000	        0.0000000000	        0.0000000000	        0.0000000000	        0.0000000000	        0.0000000000	        0.0000000000	        0.0000000000	        0.0000000000	        0.0000000000	        0.0000000000	        0.0000000000	        0.0000000000	        0.0000000000	        0.0000000000	        0.0000000000	        0.0000000000	        0.0440378256	       -0.0216010035	       -0.0565445946	       -0.0361115023	        0.0025168948	        0.0000000000	        0.0000000000	        0.0000000000	        0.0000000000	        0.0000000000	        0.0000000000	        0.0000000000	        0.0000000000	        0.0000000000	        0.0000000000	        0.0000000000	        0.0000000000	        0.0000000000	        0.0000000000	        0.0000000000	        0.0000000000	        0.0000000000	        0.0000000000	        0.0000000000	        0.0000000000	        0.0000000000	        0.0000000000	        0.0000000000	        0.0000000000	        0.0000000000	        0.0000000000	        0.0000000000	        0.0000000000	        0.0000000000	        0.0000000000	        0.0000000000	        0.0000000000	        0.0000000000	        0.0000000000	        0.0000000000	        0.0000000000	        0.0000000000	        0.0000000000	        0.0000000000	
        1.1200000000	       69.8409930100	      156.3719412376	        9.3076504686	        8.4651771245	       48.8565743362	       69.3429577383	       45.0112633770	      179.9799768494	       83.3791340396	       24.4879958797	        7.1425853082	       10.6325920933	       37.5198438183	       61.2679718648	       22.8815708589	       58.1903793813	       59.1634881800	       47.1769549921	       33.1623304700	       38.3559794572	       47.9779815456	       64.5567271319	       84.3780635298	       31.0921667988	       39.0506258690	        7.8223411816	       13.7155178540	      443.9863722384	      579.6445697076	       39.9455868129	       50.2123960649	       62.6109095332	       11.1958686079	      136.5894405817	        7.4465468654	      216.2482344415	      127.2229073502	       31.2628790923	      128.3686042131	       46.9347622544	        0.0000000000	        0.0000000000	        0.0000000000	        0.0000000000	        0.0000000000	        0.0000000000	        0.0000000000	        0.0000000000	        0.0000000000	        0.0000000000	        0.0000000000	        0.0000000000	        0.0000000000	        0.0000000000	        0.0000000000	        0.0000000000	        0.0000000000	        0.0000000000	        0.0000000000	        0.0000000000	        0.0000000000	        0.0000000000	        0.0000000000	        0.0000000000	        0.0000000000	        0.0000000000	        0.0000000000	        0.0000000000	        0.0000000000	        0.0000000000	        0.0000000000	        0.0000000000	        0.0000000000	        0.0000000000	        0.0000000000	        0.0000000000	        0.0000000000	        0.0000000000	        0.0000000000	        0.0000000000	        0.0000000000	        0.0000000000	        0.0000000000	        0.0000000000	        0.0000000000	        0.0000000000	        0.0000000000	        0.0000000000	        0.0000000000	        0.0000000000	        0.0000000000	        0.0000000000	        0.0000000000	        0.0000000000	        0.0000000000	        0.0000000000	        0.0000000000	        0.0000000000	        0.0000000000	        0.0000000000	        0.0000000000	        0.0000000000	        0.0000000000	        0.0151729359	        0.0084608377	       -0.0392528961	       -0.0151014029	       -0.0042943302	        0.0000000000	        0.0000000000	        0.0000000000	        0.0000000000	        0.0000000000	        0.0000000000	        0.0000000000	        0.0000000000	        0.0000000000	        0.0000000000	        0.0000000000	        0.0000000000	        0.0000000000	        0.0000000000	        0.0000000000	        0.0000000000	        0.0000000000	        0.0000000000	        0.0000000000	        0.0000000000	        0.0000000000	        0.0000000000	        0.0000000000	        0.0000000000	        0.0000000000	        0.0000000000	        0.0000000000	        0.0000000000	        0.0000000000	        0.0000000000	        0.0000000000	        0.0000000000	        0.0000000000	        0.0000000000	        0.0000000000	        0.0000000000	        0.0000000000	        0.0000000000	        0.0000000000	
        1.1300000000	       55.0634430533	      122.4529056568	       11.0802479743	        9.8997066085	       42.0830636671	       60.7112825612	       95.5153554864	      184.4816024326	       80.6796468310	       22.1377477261	        7.0428592306	       11.1707386164	       36.5797775012	       60.8110961483	       23.7249690398	       63.3745838121	       63.2930062713	       38.7694792930	       29.9114646282	       35.1308274103	       47.8831948250	       64.9104324763	       85.0527360832	       28.7210633988	       27.0760074628	        8.2156829979	       14.3928611415	      359.3442596430	      442.5801646659	       31.3705350991	       46.1127297788	       87.0845893016	       22.3598744818	      119.0746728269	        6.5092592710	      210.3581335326	      127.9926070972	       22.3937182369	       83.7928424593	       32.7856651593	        0.0000000000	        0.0000000000	        0.0000000000	        0.0000000000	        0.0000000000	        0.0000000000	        0.0000000000	        0.0000000000	        0.0000000000	        0.0000000000	        0.0000000000	        0.0000000000	        0.0000000000	        0.0000000000	        0.0000000000	        0.0000000000	        0.0000000000	        0.0000000000	        0.0000000000	        0.0000000000	        0.0000000000	        0.0000000000	        0.0000000000	        0.0000000000	        0.0000000000	        0.0000000000	        0.0000000000	        0.0000000000	        0.0000000000	        0.0000000000	        0.0000000000	        0.0000000000	        0.0000000000	        0.0000000000	        0.0000000000	        0.0000000000	        0.0000000000	        0.0000000000	        0.0000000000	        0.0000000000	        0.0000000000	        0.0000000000	        0.0000000000	        0.0000000000	        0.0000000000	        0.0000000000	        0.0000000000	        0.0000000000	        0.0000000000	        0.0000000000	        0.0000000000	        0.0000000000	        0.0000000000	        0.0000000000	        0.0000000000	        0.0000000000	        0.0000000000	        0.0000000000	        0.0000000000	        0.0000000000	        0.0000000000	        0.0000000000	        0.0000000000	        0.0091717526	        0.0240911569	       -0.0534284660	        0.0094554601	        0.0103286135	        0.0000000000	        0.0000000000	        0.0000000000	        0.0000000000	        0.0000000000	        0.0000000000	        0.0000000000	        0.0000000000	        0.0000000000	        0.0000000000	        0.0000000000	        0.0000000000	        0.0000000000	        0.0000000000	        0.0000000000	        0.0000000000	        0.0000000000	        0.0000000000	        0.0000000000	        0.0000000000	        0.0000000000	        0.0000000000	        0.0000000000	        0.0000000000	        0.0000000000	        0.0000000000	        0.0000000000	        0.0000000000	        0.0000000000	        0.0000000000	        0.0000000000	        0.0000000000	        0.0000000000	        0.0000000000	        0.0000000000	        0.0000000000	        0.0000000000	        0.0000000000	        0.0000000000	
        1.1400000000	       41.6154547636	       95.1541044306	       12.8777293521	       11.6277475537	       35.6313139895	       52.8935449284	      170.5633924366	      188.7249429570	       79.4170669476	       20.8973986290	        7.6701502861	       12.0690304463	       38.1800428675	       62.9815380713	       25.7927621026	       69.1535375949	       65.1527923522	       36.3693466772	       29.0595262716	       34.4346331001	       48.6622888565	       66.0988735108	       86.7603532154	       26.7694766388	       21.5655006044	        8.7593751896	       15.5270897802	      305.9913727952	      371.5470726010	       23.0740504187	       44.6360202075	      108.1173584317	       32.5411292555	      106.8035969642	        6.8317740574	      218.4483299161	      129.0836011618	       19.8340155411	       63.4497526151	       28.3385254718	        0.0000000000	        0.0000000000	        0.0000000000	        0.0000000000	        0.0000000000	        0.0000000000	        0.0000000000	        0.0000000000	        0.0000000000	        0.0000000000	        0.0000000000	        0.0000000000	        0.0000000000	        0.0000000000	        0.0000000000	        0.0000000000	        0.0000000000	        0.0000000000	        0.0000000000	        0.0000000000	        0.0000000000	        0.0000000000	        0.0000000000	        0.0000000000	        0.0000000000	        0.0000000000	        0.0000000000	        0.0000000000	        0.0000000000	        0.0000000000	        0.0000000000	        0.0000000000	        0.0000000000	        0.0000000000	        0.0000000000	        0.0000000000	        0.0000000000	        0.0000000000	        0.0000000000	        0.0000000000	        0.0000000000	        0.0000000000	        0.0000000000	        0.0000000000	        0.0000000000	        0.0000000000	        0.0000000000	        0.0000000000	        0.0000000000	        0.0000000000	        0.0000000000	        0.0000000000	        0.0000000000	        0.0000000000	        0.0000000000	        0.0000000000	        0.0000000000	        0.0000000000	        0.0000000000	        0.0000000000	        0.0000000000	        0.0000000000	        0.0000000000	        0.0205877236	        0.0256506616	       -0.0122097717	        0.0452328322	        0.0244876012	        0.0000000000	        0.0000000000	        0.0000000000	        0.0000000000	        0.0000000000	        0.0000000000	        0.0000000000	        0.0000000000	        0.0000000000	        0.0000000000	        0.0000000000	        0.0000000000	        0.0000000000	        0.0000000000	        0.0000000000	        0.0000000000	        0.0000000000	        0.0000000000	        0.0000000000	        0.0000000000	        0.0000000000	        0.0000000000	        0.0000000000	        0.0000000000	        0.0000000000	        0.0000000000	        0.0000000000	        0.0000000000	        0.0000000000	        0.0000000000	        0.0000000000	        0.0000000000	        0.0000000000	        0.0000000000	        0.0000000000	        0.0000000000	        0.0000000000	        0.0000000000	        0.0000000000	
        1.1500000000	       30.5126369354	       69.5360303277	       14.5330060023	       13.5174761588	       30.4376302544	       46.0136758769	      234.6247155314	      190.2449850852	       81.0469633441	       20.9075376582	        8.0191760838	       12.8213937346	       40.0240694435	       66.5442397321	       28.2313691640	       74.8767575695	       67.3594819935	       36.3483738602	       28.9672815667	       34.7939449308	       49.7646474160	       67.6307038958	       88.7050524695	       24.8926125183	       20.0306309376	        9.1138422768	       16.4892961967	      267.3409739251	      323.0051956262	       15.2762017298	       42.3032311430	      130.6033244320	       40.9206293872	      101.8362251593	        7.4626879896	      238.4601970491	      129.8496045300	       19.3563663377	       59.2532762360	       27.3798531203	        0.0000000000	        0.0000000000	        0.0000000000	        0.0000000000	        0.0000000000	        0.0000000000	        0.0000000000	        0.0000000000	        0.0000000000	        0.0000000000	        0.0000000000	        0.0000000000	        0.0000000000	        0.0000000000	        0.0000000000	        0.0000000000	        0.0000000000	        0.0000000000	        0.0000000000	        0.0000000000	        0.0000000000	        0.0000000000	        0.0000000000	        0.0000000000	        0.0000000000	        0.0000000000	        0.0000000000	        0.0000000000	        0.0000000000	        0.0000000000	        0.0000000000	        0.0000000000	        0.0000000000	        0.0000000000	        0.0000000000	        0.0000000000	        0.0000000000	        0.0000000000	        0.0000000000	        0.0000000000	        0.0000000000	        0.0000000000	        0.0000000000	        0.0000000000	        0.0000000000	        0.0000000000	        0.0000000000	        0.0000000000	        0.0000000000	        0.0000000000	        0.0000000000	        0.0000000000	        0.0000000000	        0.0000000000	        0.0000000000	        0.0000000000	        0.0000000000	        0.0000000000	        0.0000000000	        0.0000000000	        0.0000000000	        0.0000000000	        0.0000000000	        0.0222179778	        0.0307763696	        0.0514609843	        0.0703391043	        0.0383825243	        0.0000000000	        0.0000000000	        0.0000000000	        0.0000000000	        0.0000000000	        0.0000000000	        0.0000000000	        0.0000000000	        0.0000000000	        0.0000000000	        0.0000000000	        0.0000000000	        0.0000000000	        0.0000000000	        0.0000000000	        0.0000000000	        0.0000000000	        0.0000000000	        0.0000000000	        0.0000000000	        0.0000000000	        0.0000000000	        0.0000000000	        0.0000000000	        0.0000000000	        0.0000000000	        0.0000000000	        0.0000000000	        0.0000000000	        0.0000000000	        0.0000000000	        0.0000000000	        0.0000000000	        0.0000000000	        0.0000000000	        0.0000000000	        0.0000000000	        0.0000000000	        0.0000000000	
        1.1600000000	       22.5507783715	       52.1729701130	       15.7303845107	       14.9566640182	       25.9258320263	       38.5965417031	      285.1122022750	      187.2511288186	       84.1392282993	       21.2344238767	        8.1190706565	       13.4789028075	       41.3515006816	       68.6087610869	       30.2792644573	       77.8382909415	       67.0590006828	       38.1264912710	       29.1117070355	       35.6312673158	       50.8138902493	       69.0605110686	       90.4580302080	       22.8328232907	       17.3340770180	        9.2967674434	       17.3524686198	      238.8154736791	      254.3650219810	       12.1187386007	       37.9448103460	      144.3891207277	       45.7165397840	      102.6221475994	        7.8516365644	      267.7321814689	      130.6952239330	       19.6606703720	       62.1852543046	       27.4534523740	        0.0000000000	        0.0000000000	        0.0000000000	        0.0000000000	        0.0000000000	        0.0000000000	        0.0000000000	        0.0000000000	        0.0000000000	        0.0000000000	        0.0000000000	        0.0000000000	        0.0000000000	        0.0000000000	        0.0000000000	        0.0000000000	        0.0000000000	        0.0000000000	        0.0000000000	        0.0000000000	        0.0000000000	        0.0000000000	        0.0000000000	        0.0000000000	        0.0000000000	        0.0000000000	        0.0000000000	        0.0000000000	        0.0000000000	        0.0000000000	        0.0000000000	        0.0000000000	        0.0000000000	        0.0000000000	        0.0000000000	        0.0000000000	        0.0000000000	        0.0000000000	        0.0000000000	        0.0000000000	        0.0000000000	        0.0000000000	        0.0000000000	        0.0000000000	        0.0000000000	        0.0000000000	        0.0000000000	        0.0000000000	        0.0000000000	        0.0000000000	        0.0000000000	        0.0000000000	        0.0000000000	        0.0000000000	        0.0000000000	        0.0000000000	        0.0000000000	        0.0000000000	        0.0000000000	        0.0000000000	        0.0000000000	        0.0000000000	        0.0000000000	        0.0158364967	        0.0322835164	        0.1213347014	        0.0765636847	        0.0519496662	        0.0000000000	        0.0000000000	        0.0000000000	        0.0000000000	        0.0000000000	        0.0000000000	        0.0000000000	        0.0000000000	        0.0000000000	        0.0000000000	        0.0000000000	        0.0000000000	        0.0000000000	        0.0000000000	        0.0000000000	        0.0000000000	        0.0000000000	        0.0000000000	        0.0000000000	        0.0000000000	        0.0000000000	        0.0000000000	        0.0000000000	        0.0000000000	        0.0000000000	        0.0000000000	        0.0000000000	        0.0000000000	        0.0000000000	        0.0000000000	        0.0000000000	        0.0000000000	        0.0000000000	        0.0000000000	        0.0000000000	        0.0000000000	        0.0000000000	        0.0000000000	        0.0000000000	
        1.1700000000	       17.2532413821	       40.0075437596	       17.1819245856	       16.4980120011	       23.2455458044	       33.6486664954	      314.1769002230	      183.4500724636	       86.5575743957	       21.5107993368	        8.3971556351	       14.5841487774	       41.8474301886	       67.6564066070	       33.7813480156	       84.3563887780	       69.5508954696	       45.1317216308	       31.4759435616	       38.3841767422	       52.2809991019	       70.9401324471	       92.6026321033	       21.7875598384	       12.3451609628	        9.9158440086	       18.7963040388	      215.1122690926	      190.2190779227	       12.8110598301	       34.9318614582	      147.9689097019	       50.0815706615	      104.9539498105	        8.6711480473	      302.3495684335	      132.3072550533	       19.5493719803	       76.6691111663	       29.3102283681	        0.0000000000	        0.0000000000	        0.0000000000	        0.0000000000	        0.0000000000	        0.0000000000	        0.0000000000	        0.0000000000	        0.0000000000	        0.0000000000	        0.0000000000	        0.0000000000	        0.0000000000	        0.0000000000	        0.0000000000	        0.0000000000	        0.0000000000	        0.0000000000	        0.0000000000	        0.0000000000	        0.0000000000	        0.0000000000	        0.0000000000	        0.0000000000	        0.0000000000	        0.0000000000	        0.0000000000	        0.0000000000	        0.0000000000	        0.0000000000	        0.0000000000	        0.0000000000	        0.0000000000	        0.0000000000	        0.0000000000	        0.0000000000	        0.0000000000	        0.0000000000	        0.0000000000	        0.0000000000	        0.0000000000	        0.0000000000	        0.0000000000	        0.0000000000	        0.0000000000	        0.0000000000	        0.0000000000	        0.0000000000	        0.0000000000	        0.0000000000	        0.0000000000	        0.0000000000	        0.0000000000	        0.0000000000	        0.0000000000	        0.0000000000	        0.0000000000	        0.0000000000	        0.0000000000	        0.0000000000	        0.0000000000	        0.0000000000	        0.0000000000	        0.0009591957	        0.0263196258	        0.1484153835	        0.0530369084	        0.0607368928	        0.0000000000	        0.0000000000	        0.0000000000	        0.0000000000	        0.0000000000	        0.0000000000	        0.0000000000	        0.0000000000	        0.0000000000	        0.0000000000	        0.0000000000	        0.0000000000	        0.0000000000	        0.0000000000	        0.0000000000	        0.0000000000	        0.0000000000	        0.0000000000	        0.0000000000	        0.0000000000	        0.0000000000	        0.0000000000	        0.0000000000	        0.0000000000	        0.0000000000	        0.0000000000	        0.0000000000	        0.0000000000	        0.0000000000	        0.0000000000	        0.0000000000	        0.0000000000	        0.0000000000	        0.0000000000	        0.0000000000	        0.0000000000	        0.0000000000	        0.0000000000	        0.0000000000	
        1.1800000000	       15.4392620083	       35.9068006537	       18.5619717821	       18.0180723592	       22.7883708542	       32.3855134931	      333.0929456765	      179.4917466170	       89.1370048461	       22.4887623455	        9.0350779160	       15.8572422743	       42.1222867904	       67.3777340597	       39.0022843236	       94.5039062931	       73.8496771363	       61.2974211627	       37.4436261933	       44.3829901474	       54.8880361614	       73.9011833593	       95.7089253816	       21.8604929524	       10.8725380587	       10.7622211724	       20.4635655981	      215.6326833308	      168.9359806008	       17.7695804649	       34.8234781642	      152.5211719033	       53.0777090502	      107.6295956441	       10.7704480148	      342.4290381947	      133.9016452979	       25.1215933357	      109.5630730539	       40.9293729662	        0.0000000000	        0.0000000000	        0.0000000000	        0.0000000000	        0.0000000000	        0.0000000000	        0.0000000000	        0.0000000000	        0.0000000000	        0.0000000000	        0.0000000000	        0.0000000000	        0.0000000000	        0.0000000000	        0.0000000000	        0.0000000000	        0.0000000000	        0.0000000000	        0.0000000000	        0.0000000000	        0.0000000000	        0.0000000000	        0.0000000000	        0.0000000000	        0.0000000000	        0.0000000000	        0.0000000000	        0.0000000000	        0.0000000000	        0.0000000000	        0.0000000000	        0.0000000000	        0.0000000000	        0.0000000000	        0.0000000000	        0.0000000000	        0.0000000000	        0.0000000000	        0.0000000000	        0.0000000000	        0.0000000000	        0.0000000000	        0.0000000000	        0.0000000000	        0.0000000000	        0.0000000000	        0.0000000000	        0.0000000000	        0.0000000000	        0.0000000000	        0.0000000000	        0.0000000000	        0.0000000000	        0.0000000000	        0.0000000000	        0.0000000000	        0.0000000000	        0.0000000000	        0.0000000000	        0.0000000000	        0.0000000000	        0.0000000000	        0.0000000000	       -0.0068343279	        0.0171006185	        0.1273074206	        0.0376546542	        0.0614358073	        0.0000000000	        0.0000000000	        0.0000000000	        0.0000000000	        0.0000000000	        0.0000000000	        0.0000000000	        0.0000000000	        0.0000000000	        0.0000000000	        0.0000000000	        0.0000000000	        0.0000000000	        0.0000000000	        0.0000000000	        0.0000000000	        0.0000000000	        0.0000000000	        0.0000000000	        0.0000000000	        0.0000000000	        0.0000000000	        0.0000000000	        0.0000000000	        0.0000000000	        0.0000000000	        0.0000000000	        0.0000000000	        0.0000000000	        0.0000000000	        0.0000000000	        0.0000000000	        0.0000000000	        0.0000000000	        0.0000000000	        0.0000000000	        0.0000000000	        0.0000000000	        0.0000000000	
        1.1900000000	       14.8233025093	       34.2043407868	       19.2404843597	       18.5563280988	       23.2101403073	       32.9705382461	      344.0481754048	      175.8320709838	       92.2206221257	       23.4973944585	        9.8576978722	       17.3310949574	       42.4302150391	       68.3475327434	       42.3741316725	      101.4762034808	       77.0575430273	       81.8061968169	       44.2003913478	       50.5856805281	       58.1061274273	       77.2866001482	       98.9869299449	       22.6902127027	       11.5022022199	       11.8577778075	       22.3881008472	      229.9509243448	      165.2307462066	       26.9966969862	       36.2781555313	      154.9293253298	       55.1322698819	      113.5247164290	       13.9919086904	      389.5739069459	      135.7456331889	       30.6500097077	      145.7028847388	       50.7126223790	        0.0000000000	        0.0000000000	        0.0000000000	        0.0000000000	        0.0000000000	        0.0000000000	        0.0000000000	        0.0000000000	        0.0000000000	        0.0000000000	        0.0000000000	        0.0000000000	        0.0000000000	        0.0000000000	        0.0000000000	        0.0000000000	        0.0000000000	        0.0000000000	        0.0000000000	        0.0000000000	        0.0000000000	        0.0000000000	        0.0000000000	        0.0000000000	        0.0000000000	        0.0000000000	        0.0000000000	        0.0000000000	        0.0000000000	        0.0000000000	        0.0000000000	        0.0000000000	        0.0000000000	        0.0000000000	        0.0000000000	        0.0000000000	        0.0000000000	        0.0000000000	        0.0000000000	        0.0000000000	        0.0000000000	        0.0000000000	        0.0000000000	        0.0000000000	        0.0000000000	        0.0000000000	        0.0000000000	        0.0000000000	        0.0000000000	        0.0000000000	        0.0000000000	        0.0000000000	        0.0000000000	        0.0000000000	        0.0000000000	        0.0000000000	        0.0000000000	        0.0000000000	        0.0000000000	        0.0000000000	        0.0000000000	        0.0000000000	        0.0000000000	       -0.0120275480	        0.0061865000	        0.1062353341	        0.0305956217	        0.0614589100	        0.0000000000	        0.0000000000	        0.0000000000	        0.0000000000	        0.0000000000	        0.0000000000	        0.0000000000	        0.0000000000	        0.0000000000	        0.0000000000	        0.0000000000	        0.0000000000	        0.0000000000	        0.0000000000	        0.0000000000	        0.0000000000	        0.0000000000	        0.0000000000	        0.0000000000	        0.0000000000	        0.0000000000	        0.0000000000	        0.0000000000	        0.0000000000	        0.0000000000	        0.0000000000	        0.0000000000	        0.0000000000	        0.0000000000	        0.0000000000	        0.0000000000	        0.0000000000	        0.0000000000	        0.0000000000	        0.0000000000	        0.0000000000	        0.0000000000	        0.0000000000	        0.0000000000	
        1.2000000000	       13.6692148677	       30.5705191371	       18.0588794396	       16.3556124963	       22.6602052348	       33.0216718394	      349.9089423575	      174.2668723305	       91.6904762854	       20.7598631428	       10.9298113949	       19.1006189009	       43.0758443994	       72.1564641575	       40.0554882515	       95.2012339903	       71.2331725349	      104.6280418982	       47.9953274249	       52.9196482491	       60.6900279111	       79.8012990164	      101.1650339690	       23.6369246044	       12.1248376045	       13.0984293505	       24.6756656298	      258.0894378293	      165.6642566861	       37.5697727209	       39.2326384431	      163.7636270214	       60.7883244254	      116.0237204496	       17.7553817648	      442.4290032431	      137.9065846459	       24.8913311925	      108.1149730857	       41.1431175981	        0.0000000000	        0.0000000000	        0.0000000000	        0.0000000000	        0.0000000000	        0.0000000000	        0.0000000000	        0.0000000000	        0.0000000000	        0.0000000000	        0.0000000000	        0.0000000000	        0.0000000000	        0.0000000000	        0.0000000000	        0.0000000000	        0.0000000000	        0.0000000000	        0.0000000000	        0.0000000000	        0.0000000000	        0.0000000000	        0.0000000000	        0.0000000000	        0.0000000000	        0.0000000000	        0.0000000000	        0.0000000000	        0.0000000000	        0.0000000000	        0.0000000000	        0.0000000000	        0.0000000000	        0.0000000000	        0.0000000000	        0.0000000000	        0.0000000000	        0.0000000000	        0.0000000000	        0.0000000000	        0.0000000000	        0.0000000000	        0.0000000000	        0.0000000000	        0.0000000000	        0.0000000000	        0.0000000000	        0.0000000000	        0.0000000000	        0.0000000000	        0.0000000000	        0.0000000000	        0.0000000000	        0.0000000000	        0.0000000000	        0.0000000000	        0.0000000000	        0.0000000000	        0.0000000000	        0.0000000000	        0.0000000000	        0.0000000000	        0.0000000000	        0.0004843979	       -0.0325708671	        0.1003888075	        0.0706306984	        0.0680857300	        0.0000000000	        0.0000000000	        0.0000000000	        0.0000000000	        0.0000000000	        0.0000000000	        0.0000000000	        0.0000000000	        0.0000000000	        0.0000000000	        0.0000000000	        0.0000000000	        0.0000000000	        0.0000000000	        0.0000000000	        0.0000000000	        0.0000000000	        0.0000000000	        0.0000000000	        0.0000000000	        0.0000000000	        0.0000000000	        0.0000000000	        0.0000000000	        0.0000000000	        0.0000000000	        0.0000000000	        0.0000000000	        0.0000000000	        0.0000000000	        0.0000000000	        0.0000000000	        0.0000000000	        0.0000000000	        0.0000000000	        0.0000000000	        0.0000000000	        0.0000000000	        0.0000000000	
        1.2100000000	       13.6105244417	       31.2885641244	       16.5252117996	       14.8481643388	       21.3360890891	       31.4901455010	      351.6719260619	      166.0566769957	       86.3650854554	       18.1866748975	       11.1937317130	       19.1059726366	       43.9061758428	       75.2437326746	       37.2747539014	       88.8437265006	       65.0819013126	      138.9727956694	       47.5742723149	       52.1376121742	       61.5108795158	       80.5720705566	      101.8799634045	       22.2321948568	       22.8469584174	       12.5666792159	       24.6919099612	      300.7573552724	      176.1896331554	       41.9537943070	       39.7857798695	      167.5953268082	       55.9133829316	      121.3638734556	       19.6103247652	      494.4705621987	      136.8744421393	       22.9361305363	       91.7973927465	       35.0295467725	        0.0000000000	        0.0000000000	        0.0000000000	        0.0000000000	        0.0000000000	        0.0000000000	        0.0000000000	        0.0000000000	        0.0000000000	        0.0000000000	        0.0000000000	        0.0000000000	        0.0000000000	        0.0000000000	        0.0000000000	        0.0000000000	        0.0000000000	        0.0000000000	        0.0000000000	        0.0000000000	        0.0000000000	        0.0000000000	        0.0000000000	        0.0000000000	        0.0000000000	        0.0000000000	        0.0000000000	        0.0000000000	        0.0000000000	        0.0000000000	        0.0000000000	        0.0000000000	        0.0000000000	        0.0000000000	        0.0000000000	        0.0000000000	        0.0000000000	        0.0000000000	        0.0000000000	        0.0000000000	        0.0000000000	        0.0000000000	        0.0000000000	        0.0000000000	        0.0000000000	        0.0000000000	        0.0000000000	        0.0000000000	        0.0000000000	        0.0000000000	        0.0000000000	        0.0000000000	        0.0000000000	        0.0000000000	        0.0000000000	        0.0000000000	        0.0000000000	        0.0000000000	        0.0000000000	        0.0000000000	        0.0000000000	        0.0000000000	        0.0000000000	        0.0166632824	       -0.0678838199	        0.0666649869	        0.1085229328	        0.0853220721	        0.0000000000	        0.0000000000	        0.0000000000	        0.0000000000	        0.0000000000	        0.0000000000	        0.0000000000	        0.0000000000	        0.0000000000	        0.0000000000	        0.0000000000	        0.0000000000	        0.0000000000	        0.0000000000	        0.0000000000	        0.0000000000	        0.0000000000	        0.0000000000	        0.0000000000	        0.0000000000	        0.0000000000	        0.0000000000	        0.0000000000	        0.0000000000	        0.0000000000	        0.0000000000	        0.0000000000	        0.0000000000	        0.0000000000	        0.0000000000	        0.0000000000	        0.0000000000	        0.0000000000	        0.0000000000	        0.0000000000	        0.0000000000	        0.0000000000	        0.0000000000	        0.0000000000	
        1.2200000000	       16.3119724632	       35.9714316934	       15.3689820639	       13.5701344119	       22.2282802656	       33.4860971915	      339.2498545948	      158.9962286012	       81.9691764366	       17.4426191784	       10.5271090612	       18.2334568264	       44.0071098685	       78.7205767006	       34.3519601416	       84.1952262415	       62.8413944742	      195.0621616364	       43.9080933655	       48.8148256242	       60.6939329924	       79.7937629645	      101.3787714878	       22.3639570677	       24.8660211072	       12.0319929343	       23.5533401536	      360.5627308393	      202.4032357925	       47.0295410489	       42.6315219251	      159.1462216399	       53.0669454118	      123.2344875358	       18.8196379798	      530.9959501139	      134.6207877791	       22.4584088336	       75.4920228928	       32.4501548536	        0.0000000000	        0.0000000000	        0.0000000000	        0.0000000000	        0.0000000000	        0.0000000000	        0.0000000000	        0.0000000000	        0.0000000000	        0.0000000000	        0.0000000000	        0.0000000000	        0.0000000000	        0.0000000000	        0.0000000000	        0.0000000000	        0.0000000000	        0.0000000000	        0.0000000000	        0.0000000000	        0.0000000000	        0.0000000000	        0.0000000000	        0.0000000000	        0.0000000000	        0.0000000000	        0.0000000000	        0.0000000000	        0.0000000000	        0.0000000000	        0.0000000000	        0.0000000000	        0.0000000000	        0.0000000000	        0.0000000000	        0.0000000000	        0.0000000000	        0.0000000000	        0.0000000000	        0.0000000000	        0.0000000000	        0.0000000000	        0.0000000000	        0.0000000000	        0.0000000000	        0.0000000000	        0.0000000000	        0.0000000000	        0.0000000000	        0.0000000000	        0.0000000000	        0.0000000000	        0.0000000000	        0.0000000000	        0.0000000000	        0.0000000000	        0.0000000000	        0.0000000000	        0.0000000000	        0.0000000000	        0.0000000000	        0.0000000000	        0.0000000000	        0.0301202607	       -0.0848869416	        0.0016512182	        0.1359636158	        0.0975020371	        0.0000000000	        0.0000000000	        0.0000000000	        0.0000000000	        0.0000000000	        0.0000000000	        0.0000000000	        0.0000000000	        0.0000000000	        0.0000000000	        0.0000000000	        0.0000000000	        0.0000000000	        0.0000000000	        0.0000000000	        0.0000000000	        0.0000000000	        0.0000000000	        0.0000000000	        0.0000000000	        0.0000000000	        0.0000000000	        0.0000000000	        0.0000000000	        0.0000000000	        0.0000000000	        0.0000000000	        0.0000000000	        0.0000000000	        0.0000000000	        0.0000000000	        0.0000000000	        0.0000000000	        0.0000000000	        0.0000000000	        0.0000000000	        0.0000000000	        0.0000000000	        0.0000000000	
        1.2300000000	       20.4243839328	       42.8478137145	       14.0679735275	       12.1812513303	       23.9484210923	       36.8774292921	      320.1937135952	      151.9514320801	       77.6279522255	       16.6287381251	       10.1751396018	       17.0620713022	       43.5986974347	       75.9495485015	       31.3788776426	       78.9573132964	       60.8535752729	      257.5890800035	       40.7131223968	       45.6756326984	       59.7669782167	       78.8572308441	      100.7054313662	       22.9603558851	       23.5425998043	       11.4725223778	       22.0275115269	      427.4828086727	      240.1010840126	       54.5733571298	       46.6353138007	      152.0562606868	       49.0793087491	      117.7781887024	       17.4584540397	      541.3417299979	      131.7905306099	       22.4061557932	       64.8932725855	       31.7939889427	        0.0000000000	        0.0000000000	        0.0000000000	        0.0000000000	        0.0000000000	        0.0000000000	        0.0000000000	        0.0000000000	        0.0000000000	        0.0000000000	        0.0000000000	        0.0000000000	        0.0000000000	        0.0000000000	        0.0000000000	        0.0000000000	        0.0000000000	        0.0000000000	        0.0000000000	        0.0000000000	        0.0000000000	        0.0000000000	        0.0000000000	        0.0000000000	        0.0000000000	        0.0000000000	        0.0000000000	        0.0000000000	        0.0000000000	        0.0000000000	        0.0000000000	        0.0000000000	        0.0000000000	        0.0000000000	        0.0000000000	        0.0000000000	        0.0000000000	        0.0000000000	        0.0000000000	        0.0000000000	        0.0000000000	        0.0000000000	        0.0000000000	        0.0000000000	        0.0000000000	        0.0000000000	        0.0000000000	        0.0000000000	        0.0000000000	        0.0000000000	        0.0000000000	        0.0000000000	        0.0000000000	        0.0000000000	        0.0000000000	        0.0000000000	        0.0000000000	        0.0000000000	        0.0000000000	        0.0000000000	        0.0000000000	        0.0000000000	        0.0000000000	        0.0415944265	       -0.0956311857	       -0.0443090884	        0.1522170647	        0.0910778712	        0.0000000000	        0.0000000000	        0.0000000000	        0.0000000000	        0.0000000000	        0.0000000000	        0.0000000000	        0.0000000000	        0.0000000000	        0.0000000000	        0.0000000000	        0.0000000000	        0.0000000000	        0.0000000000	        0.0000000000	        0.0000000000	        0.0000000000	        0.0000000000	        0.0000000000	        0.0000000000	        0.0000000000	        0.0000000000	        0.0000000000	        0.0000000000	        0.0000000000	        0.0000000000	        0.0000000000	        0.0000000000	        0.0000000000	        0.0000000000	        0.0000000000	        0.0000000000	        0.0000000000	        0.0000000000	        0.0000000000	        0.0000000000	        0.0000000000	        0.0000000000	        0.0000000000	
        1.2400000000	       24.2835931686	       49.3517529457	       12.6221546416	       10.7237620477	       25.3587410083	       39.8214688569	      297.6591045230	      145.0218862560	       73.1703151270	       15.7433937504	        9.7188007146	       15.6005813799	       42.7602338906	       69.6086735851	       28.6809795401	       73.3759952259	       58.1929953715	      317.8856341947	       38.8340805930	       43.6437816758	       59.1566115977	       78.2138152646	      100.2151204618	       23.4125810870	       21.6091473604	       10.8457479051	       20.1241735466	      488.2167094945	      278.3023504287	       63.0554988233	       50.7073404286	      145.0737425578	       44.9634293103	      106.7569649333	       16.4245850644	      527.9994075223	      128.6550758041	       22.4221683257	       61.3978338351	       31.6727341127	        0.0000000000	        0.0000000000	        0.0000000000	        0.0000000000	        0.0000000000	        0.0000000000	        0.0000000000	        0.0000000000	        0.0000000000	        0.0000000000	        0.0000000000	        0.0000000000	        0.0000000000	        0.0000000000	        0.0000000000	        0.0000000000	        0.0000000000	        0.0000000000	        0.0000000000	        0.0000000000	        0.0000000000	        0.0000000000	        0.0000000000	        0.0000000000	        0.0000000000	        0.0000000000	        0.0000000000	        0.0000000000	        0.0000000000	        0.0000000000	        0.0000000000	        0.0000000000	        0.0000000000	        0.0000000000	        0.0000000000	        0.0000000000	        0.0000000000	        0.0000000000	        0.0000000000	        0.0000000000	        0.0000000000	        0.0000000000	        0.0000000000	        0.0000000000	        0.0000000000	        0.0000000000	        0.0000000000	        0.0000000000	        0.0000000000	        0.0000000000	        0.0000000000	        0.0000000000	        0.0000000000	        0.0000000000	        0.0000000000	        0.0000000000	        0.0000000000	        0.0000000000	        0.0000000000	        0.0000000000	        0.0000000000	        0.0000000000	        0.0000000000	        0.0510359032	       -0.1047850169	       -0.0717396613	        0.1660235877	        0.0836309141	        0.0000000000	        0.0000000000	        0.0000000000	        0.0000000000	        0.0000000000	        0.0000000000	        0.0000000000	        0.0000000000	        0.0000000000	        0.0000000000	        0.0000000000	        0.0000000000	        0.0000000000	        0.0000000000	        0.0000000000	        0.0000000000	        0.0000000000	        0.0000000000	        0.0000000000	        0.0000000000	        0.0000000000	        0.0000000000	        0.0000000000	        0.0000000000	        0.0000000000	        0.0000000000	        0.0000000000	        0.0000000000	        0.0000000000	        0.0000000000	        0.0000000000	        0.0000000000	        0.0000000000	        0.0000000000	        0.0000000000	        0.0000000000	        0.0000000000	        0.0000000000	        0.0000000000	
        1.2500000000	       27.1666074467	       54.3946893544	       11.1587249090	        9.3159805171	       26.0861801384	       41.6554125846	      272.5399041699	      137.6290859701	       68.2432253332	       14.6414342331	        9.2236148394	       14.1134507645	       41.5546748009	       62.0968977259	       26.2003893466	       67.7545118061	       55.0933889194	      372.8873667537	       37.7513319898	       42.3114042217	       58.7979145465	       77.8076673458	       99.8493732565	       23.4423941095	       20.1636152269	       10.1588223504	       18.1886925115	      537.5306276232	      306.5147584605	       70.9209103394	       52.8491625062	      136.2882233486	       40.5200422755	       94.4780071803	       15.7489562152	      498.0806292115	      125.7097574386	       22.3911692858	       60.3065196309	       31.6312113751	        0.0000000000	        0.0000000000	        0.0000000000	        0.0000000000	        0.0000000000	        0.0000000000	        0.0000000000	        0.0000000000	        0.0000000000	        0.0000000000	        0.0000000000	        0.0000000000	        0.0000000000	        0.0000000000	        0.0000000000	        0.0000000000	        0.0000000000	        0.0000000000	        0.0000000000	        0.0000000000	        0.0000000000	        0.0000000000	        0.0000000000	        0.0000000000	        0.0000000000	        0.0000000000	        0.0000000000	        0.0000000000	        0.0000000000	        0.0000000000	        0.0000000000	        0.0000000000	        0.0000000000	        0.0000000000	        0.0000000000	        0.0000000000	        0.0000000000	        0.0000000000	        0.0000000000	        0.0000000000	        0.0000000000	        0.0000000000	        0.0000000000	        0.0000000000	        0.0000000000	        0.0000000000	        0.0000000000	        0.0000000000	        0.0000000000	        0.0000000000	        0.0000000000	        0.0000000000	        0.0000000000	        0.0000000000	        0.0000000000	        0.0000000000	        0.0000000000	        0.0000000000	        0.0000000000	        0.0000000000	        0.0000000000	        0.0000000000	        0.0000000000	        0.0555022985	       -0.1097391402	       -0.0851765557	        0.1685911287	        0.0782936774	        0.0000000000	        0.0000000000	        0.0000000000	        0.0000000000	        0.0000000000	        0.0000000000	        0.0000000000	        0.0000000000	        0.0000000000	        0.0000000000	        0.0000000000	        0.0000000000	        0.0000000000	        0.0000000000	        0.0000000000	        0.0000000000	        0.0000000000	        0.0000000000	        0.0000000000	        0.0000000000	        0.0000000000	        0.0000000000	        0.0000000000	        0.0000000000	        0.0000000000	        0.0000000000	        0.0000000000	        0.0000000000	        0.0000000000	        0.0000000000	        0.0000000000	        0.0000000000	        0.0000000000	        0.0000000000	        0.0000000000	        0.0000000000	        0.0000000000	        0.0000000000	        0.0000000000	
        1.2600000000	       28.8922058176	       57.7155415988	        9.7264096770	        7.9901930274	       26.0595798248	       42.2226193846	      246.2031453040	      129.8236048684	       62.7959699174	       13.3484127439	        8.6413696683	       12.6958971733	       40.0239538205	       56.1227182713	       23.8862211048	       62.1447149031	       51.6092114887	      420.6787105814	       37.2999114581	       41.5359033369	       58.7250957791	       77.6745274531	       99.6433993288	       22.9349100479	       20.3226278535	        9.4118224188	       16.3451788191	      574.3858920251	      319.9912767077	       77.1961980201	       51.9100754244	      126.2412210716	       35.8933534298	       84.0445923263	       15.5484614050	      458.4068877117	      123.2041083536	       22.2786546702	       59.8785207024	       31.5265092049	        0.0000000000	        0.0000000000	        0.0000000000	        0.0000000000	        0.0000000000	        0.0000000000	        0.0000000000	        0.0000000000	        0.0000000000	        0.0000000000	        0.0000000000	        0.0000000000	        0.0000000000	        0.0000000000	        0.0000000000	        0.0000000000	        0.0000000000	        0.0000000000	        0.0000000000	        0.0000000000	        0.0000000000	        0.0000000000	        0.0000000000	        0.0000000000	        0.0000000000	        0.0000000000	        0.0000000000	        0.0000000000	        0.0000000000	        0.0000000000	        0.0000000000	        0.0000000000	        0.0000000000	        0.0000000000	        0.0000000000	        0.0000000000	        0.0000000000	        0.0000000000	        0.0000000000	        0.0000000000	        0.0000000000	        0.0000000000	        0.0000000000	        0.0000000000	        0.0000000000	        0.0000000000	        0.0000000000	        0.0000000000	        0.0000000000	        0.0000000000	        0.0000000000	        0.0000000000	        0.0000000000	        0.0000000000	        0.0000000000	        0.0000000000	        0.0000000000	        0.0000000000	        0.0000000000	        0.0000000000	        0.0000000000	        0.0000000000	        0.0000000000	        0.0539256059	       -0.1098629260	       -0.0890266561	        0.1590625850	        0.0777953558	        0.0000000000	        0.0000000000	        0.0000000000	        0.0000000000	        0.0000000000	        0.0000000000	        0.0000000000	        0.0000000000	        0.0000000000	        0.0000000000	        0.0000000000	        0.0000000000	        0.0000000000	        0.0000000000	        0.0000000000	        0.0000000000	        0.0000000000	        0.0000000000	        0.0000000000	        0.0000000000	        0.0000000000	        0.0000000000	        0.0000000000	        0.0000000000	        0.0000000000	        0.0000000000	        0.0000000000	        0.0000000000	        0.0000000000	        0.0000000000	        0.0000000000	        0.0000000000	        0.0000000000	        0.0000000000	        0.0000000000	        0.0000000000	        0.0000000000	        0.0000000000	        0.0000000000	
        1.2700000000	       29.6919615617	       59.5632849669	        8.5127646077	        6.8973207720	       25.5635509686	       41.9495934281	      219.6771335286	      122.6102941756	       56.9400846059	       12.0411000030	        8.0585108999	       11.5056195912	       38.2716561577	       52.3793259902	       22.0106314026	       57.3335962756	       48.3766713983	      462.5652018763	       37.1622985021	       41.0847835671	       58.8091884039	       77.7061513817	       99.5329290848	       22.1839992382	       20.8089710806	        8.7295079303	       14.7977453456	      599.5890026841	      319.9900639582	       81.6456396475	       48.9789976048	      115.4855875338	       31.8823176193	       76.1613226342	       15.6131350938	      412.1200692048	      121.2094349926	       22.0824875320	       59.6754541800	       31.3212952646	        0.0000000000	        0.0000000000	        0.0000000000	        0.0000000000	        0.0000000000	        0.0000000000	        0.0000000000	        0.0000000000	        0.0000000000	        0.0000000000	        0.0000000000	        0.0000000000	        0.0000000000	        0.0000000000	        0.0000000000	        0.0000000000	        0.0000000000	        0.0000000000	        0.0000000000	        0.0000000000	        0.0000000000	        0.0000000000	        0.0000000000	        0.0000000000	        0.0000000000	        0.0000000000	        0.0000000000	        0.0000000000	        0.0000000000	        0.0000000000	        0.0000000000	        0.0000000000	        0.0000000000	        0.0000000000	        0.0000000000	        0.0000000000	        0.0000000000	        0.0000000000	        0.0000000000	        0.0000000000	        0.0000000000	        0.0000000000	        0.0000000000	        0.0000000000	        0.0000000000	        0.0000000000	        0.0000000000	        0.0000000000	        0.0000000000	        0.0000000000	        0.0000000000	        0.0000000000	        0.0000000000	        0.0000000000	        0.0000000000	        0.0000000000	        0.0000000000	        0.0000000000	        0.0000000000	        0.0000000000	        0.0000000000	        0.0000000000	        0.0000000000	        0.0473517008	       -0.1053070635	       -0.0857031917	        0.1403533107	        0.0800804321	        0.0000000000	        0.0000000000	        0.0000000000	        0.0000000000	        0.0000000000	        0.0000000000	        0.0000000000	        0.0000000000	        0.0000000000	        0.0000000000	        0.0000000000	        0.0000000000	        0.0000000000	        0.0000000000	        0.0000000000	        0.0000000000	        0.0000000000	        0.0000000000	        0.0000000000	        0.0000000000	        0.0000000000	        0.0000000000	        0.0000000000	        0.0000000000	        0.0000000000	        0.0000000000	        0.0000000000	        0.0000000000	        0.0000000000	        0.0000000000	        0.0000000000	        0.0000000000	        0.0000000000	        0.0000000000	        0.0000000000	        0.0000000000	        0.0000000000	        0.0000000000	        0.0000000000	
        1.2800000000	       29.8664068639	       60.3444289757	        7.5806693110	        6.0913898565	       24.8228418508	       41.2192532463	      195.8390879509	      116.7854512148	       51.3295254261	       10.8722088260	        7.5982053864	       10.6117572045	       36.5871434516	       50.2434979933	       20.8053108402	       53.7954391379	       45.6141423699	      499.6900957038	       37.4586656347	       41.1049428753	       59.0654000747	       77.9343192967	       99.5777393753	       21.4387787398	       21.0021792388	        8.2040216645	       13.6305497020	      614.9204535992	      313.4517356474	       85.0361331488	       45.9654806108	      107.1383893082	       28.8811366054	       70.3278469526	       15.9838076486	      360.4606045475	      120.5259734295	       21.8154348876	       62.1895419616	       31.0372126772	        0.0000000000	        0.0000000000	        0.0000000000	        0.0000000000	        0.0000000000	        0.0000000000	        0.0000000000	        0.0000000000	        0.0000000000	        0.0000000000	        0.0000000000	        0.0000000000	        0.0000000000	        0.0000000000	        0.0000000000	        0.0000000000	        0.0000000000	        0.0000000000	        0.0000000000	        0.0000000000	        0.0000000000	        0.0000000000	        0.0000000000	        0.0000000000	        0.0000000000	        0.0000000000	        0.0000000000	        0.0000000000	        0.0000000000	        0.0000000000	        0.0000000000	        0.0000000000	        0.0000000000	        0.0000000000	        0.0000000000	        0.0000000000	        0.0000000000	        0.0000000000	        0.0000000000	        0.0000000000	        0.0000000000	        0.0000000000	        0.0000000000	        0.0000000000	        0.0000000000	        0.0000000000	        0.0000000000	        0.0000000000	        0.0000000000	        0.0000000000	        0.0000000000	        0.0000000000	        0.0000000000	        0.0000000000	        0.0000000000	        0.0000000000	        0.0000000000	        0.0000000000	        0.0000000000	        0.0000000000	        0.0000000000	        0.0000000000	        0.0000000000	        0.0394445628	       -0.0993967598	       -0.0799535327	        0.1201501416	        0.0825495956	        0.0000000000	        0.0000000000	        0.0000000000	        0.0000000000	        0.0000000000	        0.0000000000	        0.0000000000	        0.0000000000	        0.0000000000	        0.0000000000	        0.0000000000	        0.0000000000	        0.0000000000	        0.0000000000	        0.0000000000	        0.0000000000	        0.0000000000	        0.0000000000	        0.0000000000	        0.0000000000	        0.0000000000	        0.0000000000	        0.0000000000	        0.0000000000	        0.0000000000	        0.0000000000	        0.0000000000	        0.0000000000	        0.0000000000	        0.0000000000	        0.0000000000	        0.0000000000	        0.0000000000	        0.0000000000	        0.0000000000	        0.0000000000	        0.0000000000	        0.0000000000	        0.0000000000	
        1.2900000000	       29.5679804590	       60.3536542302	        6.9916790428	        5.6643995937	       23.8997912541	       40.1206577091	      176.4477584182	      112.2712253032	       46.7015897157	       10.1512232532	        7.2106328603	        9.9894455655	       35.2776171856	       49.1340509898	       20.2974995375	       51.8824824747	       43.5093307188	      533.6818887650	       37.5795732507	       41.0902724148	       59.2808039010	       78.1514874762	       99.6128992224	       20.7070315754	       20.9032956473	        7.7718655085	       12.8246933935	      622.1945253122	      304.8281931120	       86.5232198323	       43.4733593819	      101.0450218815	       26.7242584288	       66.6110053966	       16.2847728467	      305.3535575218	      120.9472593824	       21.4985182962	       66.9597778717	       30.6890740226	        0.0000000000	        0.0000000000	        0.0000000000	        0.0000000000	        0.0000000000	        0.0000000000	        0.0000000000	        0.0000000000	        0.0000000000	        0.0000000000	        0.0000000000	        0.0000000000	        0.0000000000	        0.0000000000	        0.0000000000	        0.0000000000	        0.0000000000	        0.0000000000	        0.0000000000	        0.0000000000	        0.0000000000	        0.0000000000	        0.0000000000	        0.0000000000	        0.0000000000	        0.0000000000	        0.0000000000	        0.0000000000	        0.0000000000	        0.0000000000	        0.0000000000	        0.0000000000	        0.0000000000	        0.0000000000	        0.0000000000	        0.0000000000	        0.0000000000	        0.0000000000	        0.0000000000	        0.0000000000	        0.0000000000	        0.0000000000	        0.0000000000	        0.0000000000	        0.0000000000	        0.0000000000	        0.0000000000	        0.0000000000	        0.0000000000	        0.0000000000	        0.0000000000	        0.0000000000	        0.0000000000	        0.0000000000	        0.0000000000	        0.0000000000	        0.0000000000	        0.0000000000	        0.0000000000	        0.0000000000	        0.0000000000	        0.0000000000	        0.0000000000	        0.0337149707	       -0.0959866019	       -0.0770338960	        0.1029515699	        0.0857800898	        0.0000000000	        0.0000000000	        0.0000000000	        0.0000000000	        0.0000000000	        0.0000000000	        0.0000000000	        0.0000000000	        0.0000000000	        0.0000000000	        0.0000000000	        0.0000000000	        0.0000000000	        0.0000000000	        0.0000000000	        0.0000000000	        0.0000000000	        0.0000000000	        0.0000000000	        0.0000000000	        0.0000000000	        0.0000000000	        0.0000000000	        0.0000000000	        0.0000000000	        0.0000000000	        0.0000000000	        0.0000000000	        0.0000000000	        0.0000000000	        0.0000000000	        0.0000000000	        0.0000000000	        0.0000000000	        0.0000000000	        0.0000000000	        0.0000000000	        0.0000000000	        0.0000000000	
        1.3000000000	       28.9613304426	       59.8579440066	        6.6244882792	        5.4262780932	       22.9062862066	       38.8818186292	      162.4909137288	      109.1693348735	       43.6881399428	        9.8524430820	        6.9163419447	        9.7413806029	       34.4334358851	       49.2324460903	       20.2652397592	       50.9972528844	       41.8525129572	      563.3257933718	       37.9151151906	       41.3357800635	       59.6514815185	       78.5384772275	       99.7810999813	       20.0908522403	       20.6785452289	        7.4728020316	       12.4949693310	      622.1989382561	      295.7627348005	       86.7055749065	       41.5338702297	       97.7219324568	       25.4439838867	       64.7800482574	       16.7335499696	      249.6938864777	      121.8298563002	       21.1588778059	       72.2937821471	       31.2209429379	        0.0000000000	        0.0000000000	        0.0000000000	        0.0000000000	        0.0000000000	        0.0000000000	        0.0000000000	        0.0000000000	        0.0000000000	        0.0000000000	        0.0000000000	        0.0000000000	        0.0000000000	        0.0000000000	        0.0000000000	        0.0000000000	        0.0000000000	        0.0000000000	        0.0000000000	        0.0000000000	        0.0000000000	        0.0000000000	        0.0000000000	        0.0000000000	        0.0000000000	        0.0000000000	        0.0000000000	        0.0000000000	        0.0000000000	        0.0000000000	        0.0000000000	        0.0000000000	        0.0000000000	        0.0000000000	        0.0000000000	        0.0000000000	        0.0000000000	        0.0000000000	        0.0000000000	        0.0000000000	        0.0000000000	        0.0000000000	        0.0000000000	        0.0000000000	        0.0000000000	        0.0000000000	        0.0000000000	        0.0000000000	        0.0000000000	        0.0000000000	        0.0000000000	        0.0000000000	        0.0000000000	        0.0000000000	        0.0000000000	        0.0000000000	        0.0000000000	        0.0000000000	        0.0000000000	        0.0000000000	        0.0000000000	        0.0000000000	        0.0000000000	        0.0303835570	       -0.0945357047	       -0.0764942974	        0.0912049046	        0.0907459155	        0.0000000000	        0.0000000000	        0.0000000000	        0.0000000000	        0.0000000000	        0.0000000000	        0.0000000000	        0.0000000000	        0.0000000000	        0.0000000000	        0.0000000000	        0.0000000000	        0.0000000000	        0.0000000000	        0.0000000000	        0.0000000000	        0.0000000000	        0.0000000000	        0.0000000000	        0.0000000000	        0.0000000000	        0.0000000000	        0.0000000000	        0.0000000000	        0.0000000000	        0.0000000000	        0.0000000000	        0.0000000000	        0.0000000000	        0.0000000000	        0.0000000000	        0.0000000000	        0.0000000000	        0.0000000000	        0.0000000000	        0.0000000000	        0.0000000000	        0.0000000000	        0.0000000000	
        1.3100000000	       28.1163820561	       58.9407989109	        6.2967923971	        5.1909041119	       21.8741535263	       37.6095728957	      154.5681400845	      107.3107409636	       41.6562649788	        9.5382932896	        6.7591495696	        9.6859967584	       34.1682877566	       50.7826757526	       20.3484016900	       50.1041064217	       40.1907470539	      586.4297413626	       38.9406417679	       42.1628632577	       60.3984334880	       79.2919176685	      100.2285582735	       19.5890956472	       20.4268473982	        7.3261403265	       12.4002281157	      614.9545872595	      285.8239200501	       87.0745102374	       39.8345055024	       97.4679235662	       24.8785804995	       64.1941066026	       17.6877816264	      197.3241797936	      122.9040413423	       20.8928435954	       77.0019074462	       32.4765681605	        0.0000000000	        0.0000000000	        0.0000000000	        0.0000000000	        0.0000000000	        0.0000000000	        0.0000000000	        0.0000000000	        0.0000000000	        0.0000000000	        0.0000000000	        0.0000000000	        0.0000000000	        0.0000000000	        0.0000000000	        0.0000000000	        0.0000000000	        0.0000000000	        0.0000000000	        0.0000000000	        0.0000000000	        0.0000000000	        0.0000000000	        0.0000000000	        0.0000000000	        0.0000000000	        0.0000000000	        0.0000000000	        0.0000000000	        0.0000000000	        0.0000000000	        0.0000000000	        0.0000000000	        0.0000000000	        0.0000000000	        0.0000000000	        0.0000000000	        0.0000000000	        0.0000000000	        0.0000000000	        0.0000000000	        0.0000000000	        0.0000000000	        0.0000000000	        0.0000000000	        0.0000000000	        0.0000000000	        0.0000000000	        0.0000000000	        0.0000000000	        0.0000000000	        0.0000000000	        0.0000000000	        0.0000000000	        0.0000000000	        0.0000000000	        0.0000000000	        0.0000000000	        0.0000000000	        0.0000000000	        0.0000000000	        0.0000000000	        0.0000000000	        0.0278208119	       -0.0918848102	       -0.0742376378	        0.0838091937	        0.0969354537	        0.0000000000	        0.0000000000	        0.0000000000	        0.0000000000	        0.0000000000	        0.0000000000	        0.0000000000	        0.0000000000	        0.0000000000	        0.0000000000	        0.0000000000	        0.0000000000	        0.0000000000	        0.0000000000	        0.0000000000	        0.0000000000	        0.0000000000	        0.0000000000	        0.0000000000	        0.0000000000	        0.0000000000	        0.0000000000	        0.0000000000	        0.0000000000	        0.0000000000	        0.0000000000	        0.0000000000	        0.0000000000	        0.0000000000	        0.0000000000	        0.0000000000	        0.0000000000	        0.0000000000	        0.0000000000	        0.0000000000	        0.0000000000	        0.0000000000	        0.0000000000	        0.0000000000	
        1.3200000000	       27.0477888562	       57.5908268069	        5.9445202376	        5.0195394323	       20.7810600383	       36.2776434923	      151.2918472120	      106.3787221674	       39.3982202232	        8.9426753100	        6.7107628916	        9.6924322103	       34.5337333388	       53.5545116819	       20.2399775473	       48.6227980467	       38.3241955921	      602.4721096580	       40.2834717503	       43.1621649017	       61.3934329345	       80.2696947181	      100.8237526929	       19.1292282636	       20.0838076953	        7.2719009795	       12.3812434221	      601.1715121623	      274.3999898545	       87.9380982007	       38.1577226445	       99.6114863580	       24.7995048962	       64.5314042755	       19.0746574863	      151.8745234548	      124.0466503559	       20.7984982183	       79.5550683186	       33.1297341553	        0.0000000000	        0.0000000000	        0.0000000000	        0.0000000000	        0.0000000000	        0.0000000000	        0.0000000000	        0.0000000000	        0.0000000000	        0.0000000000	        0.0000000000	        0.0000000000	        0.0000000000	        0.0000000000	        0.0000000000	        0.0000000000	        0.0000000000	        0.0000000000	        0.0000000000	        0.0000000000	        0.0000000000	        0.0000000000	        0.0000000000	        0.0000000000	        0.0000000000	        0.0000000000	        0.0000000000	        0.0000000000	        0.0000000000	        0.0000000000	        0.0000000000	        0.0000000000	        0.0000000000	        0.0000000000	        0.0000000000	        0.0000000000	        0.0000000000	        0.0000000000	        0.0000000000	        0.0000000000	        0.0000000000	        0.0000000000	        0.0000000000	        0.0000000000	        0.0000000000	        0.0000000000	        0.0000000000	        0.0000000000	        0.0000000000	        0.0000000000	        0.0000000000	        0.0000000000	        0.0000000000	        0.0000000000	        0.0000000000	        0.0000000000	        0.0000000000	        0.0000000000	        0.0000000000	        0.0000000000	        0.0000000000	        0.0000000000	        0.0000000000	        0.0257125656	       -0.0870042099	       -0.0688244020	        0.0794100915	        0.1007456583	        0.0000000000	        0.0000000000	        0.0000000000	        0.0000000000	        0.0000000000	        0.0000000000	        0.0000000000	        0.0000000000	        0.0000000000	        0.0000000000	        0.0000000000	        0.0000000000	        0.0000000000	        0.0000000000	        0.0000000000	        0.0000000000	        0.0000000000	        0.0000000000	        0.0000000000	        0.0000000000	        0.0000000000	        0.0000000000	        0.0000000000	        0.0000000000	        0.0000000000	        0.0000000000	        0.0000000000	        0.0000000000	        0.0000000000	        0.0000000000	        0.0000000000	        0.0000000000	        0.0000000000	        0.0000000000	        0.0000000000	        0.0000000000	        0.0000000000	        0.0000000000	        0.0000000000	
        1.3300000000	       25.8942838208	       56.1234707544	        5.6792103021	        4.9073090084	       19.6558085936	       34.8800114980	      149.7772665180	      105.9920027620	       36.4798475956	        8.2875605435	        6.6203585381	        9.6975918502	       35.4307429775	       56.8608130364	       19.9711460011	       47.0270686614	       36.5461803577	      613.7197148035	       40.8108291057	       43.3881392103	       62.1851899970	       81.0313754052	      101.2010245813	       18.6232746881	       19.5555686621	        7.1739719319	       12.3638484884	      583.0787273087	      263.9281178723	       87.1395860892	       36.6374755718	      102.4497043058	       24.8052236097	       66.3165178148	       20.2378246591	      115.6306649970	      125.1879814570	       20.4510687676	       78.8821369087	       32.7585782470	        0.0000000000	        0.0000000000	        0.0000000000	        0.0000000000	        0.0000000000	        0.0000000000	        0.0000000000	        0.0000000000	        0.0000000000	        0.0000000000	        0.0000000000	        0.0000000000	        0.0000000000	        0.0000000000	        0.0000000000	        0.0000000000	        0.0000000000	        0.0000000000	        0.0000000000	        0.0000000000	        0.0000000000	        0.0000000000	        0.0000000000	        0.0000000000	        0.0000000000	        0.0000000000	        0.0000000000	        0.0000000000	        0.0000000000	        0.0000000000	        0.0000000000	        0.0000000000	        0.0000000000	        0.0000000000	        0.0000000000	        0.0000000000	        0.0000000000	        0.0000000000	        0.0000000000	        0.0000000000	        0.0000000000	        0.0000000000	        0.0000000000	        0.0000000000	        0.0000000000	        0.0000000000	        0.0000000000	        0.0000000000	        0.0000000000	        0.0000000000	        0.0000000000	        0.0000000000	        0.0000000000	        0.0000000000	        0.0000000000	        0.0000000000	        0.0000000000	        0.0000000000	        0.0000000000	        0.0000000000	        0.0000000000	        0.0000000000	        0.0000000000	        0.0275663418	       -0.0828560678	       -0.0639530114	        0.0805737459	        0.0911816859	        0.0000000000	        0.0000000000	        0.0000000000	        0.0000000000	        0.0000000000	        0.0000000000	        0.0000000000	        0.0000000000	        0.0000000000	        0.0000000000	        0.0000000000	        0.0000000000	        0.0000000000	        0.0000000000	        0.0000000000	        0.0000000000	        0.0000000000	        0.0000000000	        0.0000000000	        0.0000000000	        0.0000000000	        0.0000000000	        0.0000000000	        0.0000000000	        0.0000000000	        0.0000000000	        0.0000000000	        0.0000000000	        0.0000000000	        0.0000000000	        0.0000000000	        0.0000000000	        0.0000000000	        0.0000000000	        0.0000000000	        0.0000000000	        0.0000000000	        0.0000000000	        0.0000000000	
        1.3400000000	       25.1340475964	       55.4678498908	        5.6257844212	        4.8272303726	       18.8564589845	       34.0008344946	      148.2080615253	      106.7710967617	       34.0015006515	        8.1074116119	        6.5538813666	        9.7026498898	       36.5915304459	       61.2138898321	       19.8560624407	       46.3723165510	       35.6324915507	      621.9497953449	       40.5851192760	       43.0016700958	       62.8329583207	       81.6359076099	      101.4199354923	       18.4132323508	       19.7446355474	        7.1282042453	       12.3497297856	      563.4517658232	      259.3409525229	       84.8308269081	       35.9782324154	      105.2419674973	       25.3228457633	       72.0549205845	       21.0792798047	       91.6105615468	      126.2883789569	       19.9493522670	       76.4430606850	       31.8846183545	        0.0000000000	        0.0000000000	        0.0000000000	        0.0000000000	        0.0000000000	        0.0000000000	        0.0000000000	        0.0000000000	        0.0000000000	        0.0000000000	        0.0000000000	        0.0000000000	        0.0000000000	        0.0000000000	        0.0000000000	        0.0000000000	        0.0000000000	        0.0000000000	        0.0000000000	        0.0000000000	        0.0000000000	        0.0000000000	        0.0000000000	        0.0000000000	        0.0000000000	        0.0000000000	        0.0000000000	        0.0000000000	        0.0000000000	        0.0000000000	        0.0000000000	        0.0000000000	        0.0000000000	        0.0000000000	        0.0000000000	        0.0000000000	        0.0000000000	        0.0000000000	        0.0000000000	        0.0000000000	        0.0000000000	        0.0000000000	        0.0000000000	        0.0000000000	        0.0000000000	        0.0000000000	        0.0000000000	        0.0000000000	        0.0000000000	        0.0000000000	        0.0000000000	        0.0000000000	        0.0000000000	        0.0000000000	        0.0000000000	        0.0000000000	        0.0000000000	        0.0000000000	        0.0000000000	        0.0000000000	        0.0000000000	        0.0000000000	        0.0000000000	        0.0330956514	       -0.0820625579	       -0.0637474919	        0.0857530597	        0.0628217023	        0.0000000000	        0.0000000000	        0.0000000000	        0.0000000000	        0.0000000000	        0.0000000000	        0.0000000000	        0.0000000000	        0.0000000000	        0.0000000000	        0.0000000000	        0.0000000000	        0.0000000000	        0.0000000000	        0.0000000000	        0.0000000000	        0.0000000000	        0.0000000000	        0.0000000000	        0.0000000000	        0.0000000000	        0.0000000000	        0.0000000000	        0.0000000000	        0.0000000000	        0.0000000000	        0.0000000000	        0.0000000000	        0.0000000000	        0.0000000000	        0.0000000000	        0.0000000000	        0.0000000000	        0.0000000000	        0.0000000000	        0.0000000000	        0.0000000000	        0.0000000000	        0.0000000000	
        1.3500000000	       24.8838765759	       56.1693675738	        5.5587078643	        4.7588455950	       18.3753233583	       33.6566488118	      149.5555137683	      108.1708036726	       33.4667401838	        8.0947598709	        6.5322364082	        9.8054046833	       37.9154009973	       69.7423939267	       19.5701724757	       45.7421494903	       35.0681077262	      623.3846556984	       40.8875039767	       43.0150625376	       63.9847024950	       82.6655446218	      101.9426461334	       18.3254394482	       24.9318479301	        7.1313122353	       12.4393157246	      543.7669924912	      260.4387334872	       83.3390041836	       35.7232807122	      109.4854184179	       25.4914458728	       84.9395845882	       22.7242506349	       85.0746752251	      127.3253625447	       19.4595934941	       74.3259558700	       30.9471927252	        0.0000000000	        0.0000000000	        0.0000000000	        0.0000000000	        0.0000000000	        0.0000000000	        0.0000000000	        0.0000000000	        0.0000000000	        0.0000000000	        0.0000000000	        0.0000000000	        0.0000000000	        0.0000000000	        0.0000000000	        0.0000000000	        0.0000000000	        0.0000000000	        0.0000000000	        0.0000000000	        0.0000000000	        0.0000000000	        0.0000000000	        0.0000000000	        0.0000000000	        0.0000000000	        0.0000000000	        0.0000000000	        0.0000000000	        0.0000000000	        0.0000000000	        0.0000000000	        0.0000000000	        0.0000000000	        0.0000000000	        0.0000000000	        0.0000000000	        0.0000000000	        0.0000000000	        0.0000000000	        0.0000000000	        0.0000000000	        0.0000000000	        0.0000000000	        0.0000000000	        0.0000000000	        0.0000000000	        0.0000000000	        0.0000000000	        0.0000000000	        0.0000000000	        0.0000000000	        0.0000000000	        0.0000000000	        0.0000000000	        0.0000000000	        0.0000000000	        0.0000000000	        0.0000000000	        0.0000000000	        0.0000000000	        0.0000000000	        0.0000000000	        0.0342841483	       -0.0808567521	       -0.0640262161	        0.0860332356	        0.0507031184	        0.0000000000	        0.0000000000	        0.0000000000	        0.0000000000	        0.0000000000	        0.0000000000	        0.0000000000	        0.0000000000	        0.0000000000	        0.0000000000	        0.0000000000	        0.0000000000	        0.0000000000	        0.0000000000	        0.0000000000	        0.0000000000	        0.0000000000	        0.0000000000	        0.0000000000	        0.0000000000	        0.0000000000	        0.0000000000	        0.0000000000	        0.0000000000	        0.0000000000	        0.0000000000	        0.0000000000	        0.0000000000	        0.0000000000	        0.0000000000	        0.0000000000	        0.0000000000	        0.0000000000	        0.0000000000	        0.0000000000	        0.0000000000	        0.0000000000	        0.0000000000	        0.0000000000	
        1.3600000000	       25.4199680824	       58.3775233839	        5.5309250355	        4.6991315066	       18.3866999282	       34.2224659601	      150.5047604956	      110.4889144901	       33.5123230478	        8.1954529497	        6.5577944692	       10.0367015421	       39.5291544832	       78.5525106894	       19.2053920197	       45.3735428581	       35.1110847208	      621.7955067155	       40.9390952830	       42.7906764925	       65.1169871570	       83.6430165971	      102.3924971400	       18.6144065160	       30.6718531789	        7.1724626883	       12.6859650844	      524.7507300826	      268.5760533410	       82.0130184243	       36.2714564130	      112.7991553019	       25.7576066034	       97.1536576741	       24.4447983678	       85.0142692253	      128.2848483248	       19.0278473481	       70.7184510597	       29.6827016281	        0.0000000000	        0.0000000000	        0.0000000000	        0.0000000000	        0.0000000000	        0.0000000000	        0.0000000000	        0.0000000000	        0.0000000000	        0.0000000000	        0.0000000000	        0.0000000000	        0.0000000000	        0.0000000000	        0.0000000000	        0.0000000000	        0.0000000000	        0.0000000000	        0.0000000000	        0.0000000000	        0.0000000000	        0.0000000000	        0.0000000000	        0.0000000000	        0.0000000000	        0.0000000000	        0.0000000000	        0.0000000000	        0.0000000000	        0.0000000000	        0.0000000000	        0.0000000000	        0.0000000000	        0.0000000000	        0.0000000000	        0.0000000000	        0.0000000000	        0.0000000000	        0.0000000000	        0.0000000000	        0.0000000000	        0.0000000000	        0.0000000000	        0.0000000000	        0.0000000000	        0.0000000000	        0.0000000000	        0.0000000000	        0.0000000000	        0.0000000000	        0.0000000000	        0.0000000000	        0.0000000000	        0.0000000000	        0.0000000000	        0.0000000000	        0.0000000000	        0.0000000000	        0.0000000000	        0.0000000000	        0.0000000000	        0.0000000000	        0.0000000000	        0.0342363742	       -0.0796366805	       -0.0644319252	        0.0880907448	        0.0483746763	        0.0000000000	        0.0000000000	        0.0000000000	        0.0000000000	        0.0000000000	        0.0000000000	        0.0000000000	        0.0000000000	        0.0000000000	        0.0000000000	        0.0000000000	        0.0000000000	        0.0000000000	        0.0000000000	        0.0000000000	        0.0000000000	        0.0000000000	        0.0000000000	        0.0000000000	        0.0000000000	        0.0000000000	        0.0000000000	        0.0000000000	        0.0000000000	        0.0000000000	        0.0000000000	        0.0000000000	        0.0000000000	        0.0000000000	        0.0000000000	        0.0000000000	        0.0000000000	        0.0000000000	        0.0000000000	        0.0000000000	        0.0000000000	        0.0000000000	        0.0000000000	        0.0000000000	
        1.3700000000	       26.7706878958	       62.1173650844	        5.5051266871	        4.6456039533	       18.8541808378	       35.6998270952	      151.4382350298	      113.5853819991	       34.2835305967	        8.4618539402	        6.6224014181	       10.2820673921	       41.2295115372	       86.3609517691	       18.7755746301	       45.1370340560	       35.5506625363	      618.0100010447	       40.8339296002	       42.4348080496	       66.2031916939	       84.5500241443	      102.7568481931	       19.2529642115	       36.5684407765	        7.2389107045	       12.9644949145	      506.7646074974	      285.4621708314	       82.1089251351	       37.7833225565	      115.9117913332	       25.8888810869	      107.4196899679	       26.1445476193	       87.4959701005	      129.1747215304	       18.6720646380	       66.4596880841	       28.3191839493	        0.0000000000	        0.0000000000	        0.0000000000	        0.0000000000	        0.0000000000	        0.0000000000	        0.0000000000	        0.0000000000	        0.0000000000	        0.0000000000	        0.0000000000	        0.0000000000	        0.0000000000	        0.0000000000	        0.0000000000	        0.0000000000	        0.0000000000	        0.0000000000	        0.0000000000	        0.0000000000	        0.0000000000	        0.0000000000	        0.0000000000	        0.0000000000	        0.0000000000	        0.0000000000	        0.0000000000	        0.0000000000	        0.0000000000	        0.0000000000	        0.0000000000	        0.0000000000	        0.0000000000	        0.0000000000	        0.0000000000	        0.0000000000	        0.0000000000	        0.0000000000	        0.0000000000	        0.0000000000	        0.0000000000	        0.0000000000	        0.0000000000	        0.0000000000	        0.0000000000	        0.0000000000	        0.0000000000	        0.0000000000	        0.0000000000	        0.0000000000	        0.0000000000	        0.0000000000	        0.0000000000	        0.0000000000	        0.0000000000	        0.0000000000	        0.0000000000	        0.0000000000	        0.0000000000	        0.0000000000	        0.0000000000	        0.0000000000	        0.0000000000	        0.0362890367	       -0.0808967444	       -0.0686089581	        0.0931333298	        0.0491900436	        0.0000000000	        0.0000000000	        0.0000000000	        0.0000000000	        0.0000000000	        0.0000000000	        0.0000000000	        0.0000000000	        0.0000000000	        0.0000000000	        0.0000000000	        0.0000000000	        0.0000000000	        0.0000000000	        0.0000000000	        0.0000000000	        0.0000000000	        0.0000000000	        0.0000000000	        0.0000000000	        0.0000000000	        0.0000000000	        0.0000000000	        0.0000000000	        0.0000000000	        0.0000000000	        0.0000000000	        0.0000000000	        0.0000000000	        0.0000000000	        0.0000000000	        0.0000000000	        0.0000000000	        0.0000000000	        0.0000000000	        0.0000000000	        0.0000000000	        0.0000000000	        0.0000000000	
        1.3800000000	       28.7169955090	       67.0878335565	        5.4630658684	        4.5980220895	       19.6265421163	       37.8331008540	      151.8510694350	      117.2190021035	       35.5935739546	        8.8175147076	        6.7124503542	       10.5067151733	       42.8840730968	       93.4331756491	       18.3061461985	       44.9408611950	       36.2091553060	      611.4222087622	       40.7417635672	       42.1018933936	       67.2879232266	       85.4282650897	      103.0605771636	       20.1231865249	       42.8727074026	        7.3188845239	       13.2257747534	      489.1448045796	      309.1510993825	       83.1846363142	       39.9481631699	      118.0556196540	       25.8271404414	      116.1763994442	       27.8928121738	       91.8019807662	      130.0114620248	       18.3713383100	       62.2087323847	       27.1936691990	        0.0000000000	        0.0000000000	        0.0000000000	        0.0000000000	        0.0000000000	        0.0000000000	        0.0000000000	        0.0000000000	        0.0000000000	        0.0000000000	        0.0000000000	        0.0000000000	        0.0000000000	        0.0000000000	        0.0000000000	        0.0000000000	        0.0000000000	        0.0000000000	        0.0000000000	        0.0000000000	        0.0000000000	        0.0000000000	        0.0000000000	        0.0000000000	        0.0000000000	        0.0000000000	        0.0000000000	        0.0000000000	        0.0000000000	        0.0000000000	        0.0000000000	        0.0000000000	        0.0000000000	        0.0000000000	        0.0000000000	        0.0000000000	        0.0000000000	        0.0000000000	        0.0000000000	        0.0000000000	        0.0000000000	        0.0000000000	        0.0000000000	        0.0000000000	        0.0000000000	        0.0000000000	        0.0000000000	        0.0000000000	        0.0000000000	        0.0000000000	        0.0000000000	        0.0000000000	        0.0000000000	        0.0000000000	        0.0000000000	        0.0000000000	        0.0000000000	        0.0000000000	        0.0000000000	        0.0000000000	        0.0000000000	        0.0000000000	        0.0000000000	        0.0398166929	       -0.0832187755	       -0.0746119359	        0.1002427110	        0.0515920676	        0.0000000000	        0.0000000000	        0.0000000000	        0.0000000000	        0.0000000000	        0.0000000000	        0.0000000000	        0.0000000000	        0.0000000000	        0.0000000000	        0.0000000000	        0.0000000000	        0.0000000000	        0.0000000000	        0.0000000000	        0.0000000000	        0.0000000000	        0.0000000000	        0.0000000000	        0.0000000000	        0.0000000000	        0.0000000000	        0.0000000000	        0.0000000000	        0.0000000000	        0.0000000000	        0.0000000000	        0.0000000000	        0.0000000000	        0.0000000000	        0.0000000000	        0.0000000000	        0.0000000000	        0.0000000000	        0.0000000000	        0.0000000000	        0.0000000000	        0.0000000000	        0.0000000000	
        1.3900000000	       30.9295104850	       72.7528307151	        5.3863013819	        4.5569759412	       20.5044649966	       40.2515678340	      151.3303442533	      121.0868860901	       37.1728009350	        9.2102282791	        6.8104667623	       10.7131880223	       44.4339299487	      100.0497797390	       17.8287968909	       44.6901042252	       36.8609705998	      601.1724949078	       40.8306475658	       41.9478860844	       68.4075272045	       86.3146518831	      103.3269344408	       21.0518477026	       49.7668065643	        7.3962655907	       13.4691047719	      470.8436347539	      337.0170636625	       85.0137908470	       42.3637055601	      118.9625828058	       25.4983407832	      124.0121466821	       29.7523549815	       97.1185128211	      130.7697944959	       18.1089881457	       58.5977364279	       26.4729253061	        0.0000000000	        0.0000000000	        0.0000000000	        0.0000000000	        0.0000000000	        0.0000000000	        0.0000000000	        0.0000000000	        0.0000000000	        0.0000000000	        0.0000000000	        0.0000000000	        0.0000000000	        0.0000000000	        0.0000000000	        0.0000000000	        0.0000000000	        0.0000000000	        0.0000000000	        0.0000000000	        0.0000000000	        0.0000000000	        0.0000000000	        0.0000000000	        0.0000000000	        0.0000000000	        0.0000000000	        0.0000000000	        0.0000000000	        0.0000000000	        0.0000000000	        0.0000000000	        0.0000000000	        0.0000000000	        0.0000000000	        0.0000000000	        0.0000000000	        0.0000000000	        0.0000000000	        0.0000000000	        0.0000000000	        0.0000000000	        0.0000000000	        0.0000000000	        0.0000000000	        0.0000000000	        0.0000000000	        0.0000000000	        0.0000000000	        0.0000000000	        0.0000000000	        0.0000000000	        0.0000000000	        0.0000000000	        0.0000000000	        0.0000000000	        0.0000000000	        0.0000000000	        0.0000000000	        0.0000000000	        0.0000000000	        0.0000000000	        0.0000000000	        0.0440329055	       -0.0856827231	       -0.0810839384	        0.1081098849	        0.0547331654	        0.0000000000	        0.0000000000	        0.0000000000	        0.0000000000	        0.0000000000	        0.0000000000	        0.0000000000	        0.0000000000	        0.0000000000	        0.0000000000	        0.0000000000	        0.0000000000	        0.0000000000	        0.0000000000	        0.0000000000	        0.0000000000	        0.0000000000	        0.0000000000	        0.0000000000	        0.0000000000	        0.0000000000	        0.0000000000	        0.0000000000	        0.0000000000	        0.0000000000	        0.0000000000	        0.0000000000	        0.0000000000	        0.0000000000	        0.0000000000	        0.0000000000	        0.0000000000	        0.0000000000	        0.0000000000	        0.0000000000	        0.0000000000	        0.0000000000	        0.0000000000	        0.0000000000	
        1.4000000000	       33.0212240045	       78.4635380966	        5.2585902067	        4.5227625789	       21.2705493069	       42.5241330000	      149.3622483119	      124.8204058454	       38.7045031679	        9.5532719115	        6.8887802851	       10.8995331775	       45.8411399197	      106.4206592802	       17.3417383596	       44.2419588796	       37.2706462291	      586.3529881767	       41.1617467127	       42.0292942092	       69.5602088955	       87.2104349232	      103.5509029866	       21.8308878075	       57.2830460426	        7.4459493002	       13.6899195797	      450.8314717121	      365.0680589327	       87.1607363077	       44.4811412582	      118.1347934156	       24.8369940052	      131.4796057595	       31.7291667814	      102.4561989347	      131.4136591288	       17.8751240767	       55.9112810218	       25.9976854773	        0.0000000000	        0.0000000000	        0.0000000000	        0.0000000000	        0.0000000000	        0.0000000000	        0.0000000000	        0.0000000000	        0.0000000000	        0.0000000000	        0.0000000000	        0.0000000000	        0.0000000000	        0.0000000000	        0.0000000000	        0.0000000000	        0.0000000000	        0.0000000000	        0.0000000000	        0.0000000000	        0.0000000000	        0.0000000000	        0.0000000000	        0.0000000000	        0.0000000000	        0.0000000000	        0.0000000000	        0.0000000000	        0.0000000000	        0.0000000000	        0.0000000000	        0.0000000000	        0.0000000000	        0.0000000000	        0.0000000000	        0.0000000000	        0.0000000000	        0.0000000000	        0.0000000000	        0.0000000000	        0.0000000000	        0.0000000000	        0.0000000000	        0.0000000000	        0.0000000000	        0.0000000000	        0.0000000000	        0.0000000000	        0.0000000000	        0.0000000000	        0.0000000000	        0.0000000000	        0.0000000000	        0.0000000000	        0.0000000000	        0.0000000000	        0.0000000000	        0.0000000000	        0.0000000000	        0.0000000000	        0.0000000000	        0.0000000000	        0.0000000000	        0.0479968413	       -0.0873741486	       -0.0865056102	        0.1147624718	        0.0578610276	        0.0000000000	        0.0000000000	        0.0000000000	        0.0000000000	        0.0000000000	        0.0000000000	        0.0000000000	        0.0000000000	        0.0000000000	        0.0000000000	        0.0000000000	        0.0000000000	        0.0000000000	        0.0000000000	        0.0000000000	        0.0000000000	        0.0000000000	        0.0000000000	        0.0000000000	        0.0000000000	        0.0000000000	        0.0000000000	        0.0000000000	        0.0000000000	        0.0000000000	        0.0000000000	        0.0000000000	        0.0000000000	        0.0000000000	        0.0000000000	        0.0000000000	        0.0000000000	        0.0000000000	        0.0000000000	        0.0000000000	        0.0000000000	        0.0000000000	        0.0000000000	        0.0000000000	
        1.4100000000	       34.6364736159	       83.5960224729	        5.0694627278	        4.4947049106	       21.7387364646	       44.2558289891	      145.4537001378	      128.1143306911	       39.8445916245	        9.7697176719	        6.9220573255	       11.0652522388	       47.0720106756	      112.6809277691	       16.8491597541	       43.4873263667	       37.2391798324	      566.2904788249	       41.7632867912	       42.3750612062	       70.7345264463	       88.1100358491	      103.7277302595	       22.2737517699	       65.3297313366	        7.4478092192	       13.8858837664	      428.3913281586	      389.1849090255	       89.1636317516	       45.7846242859	      115.1963988939	       23.8201407728	      138.9961146124	       33.8034263308	      106.7211432560	      131.9420169000	       17.6646083922	       54.2274727232	       25.6479920950	        0.0000000000	        0.0000000000	        0.0000000000	        0.0000000000	        0.0000000000	        0.0000000000	        0.0000000000	        0.0000000000	        0.0000000000	        0.0000000000	        0.0000000000	        0.0000000000	        0.0000000000	        0.0000000000	        0.0000000000	        0.0000000000	        0.0000000000	        0.0000000000	        0.0000000000	        0.0000000000	        0.0000000000	        0.0000000000	        0.0000000000	        0.0000000000	        0.0000000000	        0.0000000000	        0.0000000000	        0.0000000000	        0.0000000000	        0.0000000000	        0.0000000000	        0.0000000000	        0.0000000000	        0.0000000000	        0.0000000000	        0.0000000000	        0.0000000000	        0.0000000000	        0.0000000000	        0.0000000000	        0.0000000000	        0.0000000000	        0.0000000000	        0.0000000000	        0.0000000000	        0.0000000000	        0.0000000000	        0.0000000000	        0.0000000000	        0.0000000000	        0.0000000000	        0.0000000000	        0.0000000000	        0.0000000000	        0.0000000000	        0.0000000000	        0.0000000000	        0.0000000000	        0.0000000000	        0.0000000000	        0.0000000000	        0.0000000000	        0.0000000000	        0.0510339906	       -0.0877849281	       -0.0898839038	        0.1187464715	        0.0604577913	        0.0000000000	        0.0000000000	        0.0000000000	        0.0000000000	        0.0000000000	        0.0000000000	        0.0000000000	        0.0000000000	        0.0000000000	        0.0000000000	        0.0000000000	        0.0000000000	        0.0000000000	        0.0000000000	        0.0000000000	        0.0000000000	        0.0000000000	        0.0000000000	        0.0000000000	        0.0000000000	        0.0000000000	        0.0000000000	        0.0000000000	        0.0000000000	        0.0000000000	        0.0000000000	        0.0000000000	        0.0000000000	        0.0000000000	        0.0000000000	        0.0000000000	        0.0000000000	        0.0000000000	        0.0000000000	        0.0000000000	        0.0000000000	        0.0000000000	        0.0000000000	        0.0000000000	
        1.4200000000	       35.5115426636	       87.6560220904	        4.8019103935	        4.4711807661	       21.7823853503	       45.1473189783	      139.3137021395	      130.7811155121	       40.2881303553	        9.7945421733	        6.8925924424	       11.2105712062	       48.1077792241	      118.9287886706	       16.3740432571	       42.3813688185	       36.6282182540	      540.6999271798	       42.6727175280	       43.0244317842	       71.9292158758	       89.0194893704	      103.8700929130	       22.2466757676	       73.7498925288	        7.3907887883	       14.0560512581	      403.2111331893	      405.7738408235	       90.6503884460	       45.9294721719	      110.0087788168	       22.4467141036	      146.8428316523	       35.9593078829	      108.9154779513	      132.3738452768	       17.4755387378	       53.6394869200	       25.3841291027	        0.0000000000	        0.0000000000	        0.0000000000	        0.0000000000	        0.0000000000	        0.0000000000	        0.0000000000	        0.0000000000	        0.0000000000	        0.0000000000	        0.0000000000	        0.0000000000	        0.0000000000	        0.0000000000	        0.0000000000	        0.0000000000	        0.0000000000	        0.0000000000	        0.0000000000	        0.0000000000	        0.0000000000	        0.0000000000	        0.0000000000	        0.0000000000	        0.0000000000	        0.0000000000	        0.0000000000	        0.0000000000	        0.0000000000	        0.0000000000	        0.0000000000	        0.0000000000	        0.0000000000	        0.0000000000	        0.0000000000	        0.0000000000	        0.0000000000	        0.0000000000	        0.0000000000	        0.0000000000	        0.0000000000	        0.0000000000	        0.0000000000	        0.0000000000	        0.0000000000	        0.0000000000	        0.0000000000	        0.0000000000	        0.0000000000	        0.0000000000	        0.0000000000	        0.0000000000	        0.0000000000	        0.0000000000	        0.0000000000	        0.0000000000	        0.0000000000	        0.0000000000	        0.0000000000	        0.0000000000	        0.0000000000	        0.0000000000	        0.0000000000	        0.0526780739	       -0.0867834480	       -0.0907321308	        0.1191785038	        0.0621836382	        0.0000000000	        0.0000000000	        0.0000000000	        0.0000000000	        0.0000000000	        0.0000000000	        0.0000000000	        0.0000000000	        0.0000000000	        0.0000000000	        0.0000000000	        0.0000000000	        0.0000000000	        0.0000000000	        0.0000000000	        0.0000000000	        0.0000000000	        0.0000000000	        0.0000000000	        0.0000000000	        0.0000000000	        0.0000000000	        0.0000000000	        0.0000000000	        0.0000000000	        0.0000000000	        0.0000000000	        0.0000000000	        0.0000000000	        0.0000000000	        0.0000000000	        0.0000000000	        0.0000000000	        0.0000000000	        0.0000000000	        0.0000000000	        0.0000000000	        0.0000000000	        0.0000000000	
        1.4300000000	       35.5029184759	       90.3375860228	        4.5640983331	        4.4500723728	       21.3564809510	       45.0470314219	      130.8300383357	      132.8724864555	       39.8382295500	        9.5998153974	        6.8049632612	       11.3633508770	       48.9546033344	      125.2306891346	       16.0029477316	       41.0577163241	       35.4390591955	      509.9295450898	       43.9574257069	       44.0548285011	       73.1694708983	       89.9719907445	      104.0204855940	       21.7178256290	       82.3560243027	        7.2906533156	       14.2335102544	      375.3380745556	      412.5470981339	       91.6318025591	       44.8761151101	      102.7105042323	       20.8570348319	      155.2743665233	       38.1934619535	      108.3676565391	      132.7787291019	       17.3078787077	       54.3288211171	       25.2043461026	        0.0000000000	        0.0000000000	        0.0000000000	        0.0000000000	        0.0000000000	        0.0000000000	        0.0000000000	        0.0000000000	        0.0000000000	        0.0000000000	        0.0000000000	        0.0000000000	        0.0000000000	        0.0000000000	        0.0000000000	        0.0000000000	        0.0000000000	        0.0000000000	        0.0000000000	        0.0000000000	        0.0000000000	        0.0000000000	        0.0000000000	        0.0000000000	        0.0000000000	        0.0000000000	        0.0000000000	        0.0000000000	        0.0000000000	        0.0000000000	        0.0000000000	        0.0000000000	        0.0000000000	        0.0000000000	        0.0000000000	        0.0000000000	        0.0000000000	        0.0000000000	        0.0000000000	        0.0000000000	        0.0000000000	        0.0000000000	        0.0000000000	        0.0000000000	        0.0000000000	        0.0000000000	        0.0000000000	        0.0000000000	        0.0000000000	        0.0000000000	        0.0000000000	        0.0000000000	        0.0000000000	        0.0000000000	        0.0000000000	        0.0000000000	        0.0000000000	        0.0000000000	        0.0000000000	        0.0000000000	        0.0000000000	        0.0000000000	        0.0000000000	        0.0527890343	       -0.0845700578	       -0.0889004526	        0.1154428677	        0.0629454825	        0.0000000000	        0.0000000000	        0.0000000000	        0.0000000000	        0.0000000000	        0.0000000000	        0.0000000000	        0.0000000000	        0.0000000000	        0.0000000000	        0.0000000000	        0.0000000000	        0.0000000000	        0.0000000000	        0.0000000000	        0.0000000000	        0.0000000000	        0.0000000000	        0.0000000000	        0.0000000000	        0.0000000000	        0.0000000000	        0.0000000000	        0.0000000000	        0.0000000000	        0.0000000000	        0.0000000000	        0.0000000000	        0.0000000000	        0.0000000000	        0.0000000000	        0.0000000000	        0.0000000000	        0.0000000000	        0.0000000000	        0.0000000000	        0.0000000000	        0.0000000000	        0.0000000000	
        1.4400000000	       34.5887044726	       91.5705512198	        4.4593497943	        4.4290556132	       20.4808297123	       43.9370514662	      120.6163015251	      134.6240330905	       38.5125006712	        9.2385301855	        6.6942806856	       11.5870535793	       49.6702603423	      131.7443949421	       15.9130499934	       39.8063886019	       33.7390741949	      474.8251889222	       45.8870950038	       45.7351044652	       74.5616891505	       91.0815099824	      104.2992242127	       20.7465097143	       91.2152467790	        7.1913941341	       14.4947134523	      345.0997277352	      410.5165614886	       92.3313156403	       42.8957137778	       94.1975011945	       19.2538428987	      164.6807227892	       40.6046815495	      105.0218484435	      133.2787632418	       17.1756292327	       57.0579466439	       25.6324675772	        0.0000000000	        0.0000000000	        0.0000000000	        0.0000000000	        0.0000000000	        0.0000000000	        0.0000000000	        0.0000000000	        0.0000000000	        0.0000000000	        0.0000000000	        0.0000000000	        0.0000000000	        0.0000000000	        0.0000000000	        0.0000000000	        0.0000000000	        0.0000000000	        0.0000000000	        0.0000000000	        0.0000000000	        0.0000000000	        0.0000000000	        0.0000000000	        0.0000000000	        0.0000000000	        0.0000000000	        0.0000000000	        0.0000000000	        0.0000000000	        0.0000000000	        0.0000000000	        0.0000000000	        0.0000000000	        0.0000000000	        0.0000000000	        0.0000000000	        0.0000000000	        0.0000000000	        0.0000000000	        0.0000000000	        0.0000000000	        0.0000000000	        0.0000000000	        0.0000000000	        0.0000000000	        0.0000000000	        0.0000000000	        0.0000000000	        0.0000000000	        0.0000000000	        0.0000000000	        0.0000000000	        0.0000000000	        0.0000000000	        0.0000000000	        0.0000000000	        0.0000000000	        0.0000000000	        0.0000000000	        0.0000000000	        0.0000000000	        0.0000000000	        0.0519883466	       -0.0818230683	       -0.0847169166	        0.1079784301	        0.0630008925	        0.0000000000	        0.0000000000	        0.0000000000	        0.0000000000	        0.0000000000	        0.0000000000	        0.0000000000	        0.0000000000	        0.0000000000	        0.0000000000	        0.0000000000	        0.0000000000	        0.0000000000	        0.0000000000	        0.0000000000	        0.0000000000	        0.0000000000	        0.0000000000	        0.0000000000	        0.0000000000	        0.0000000000	        0.0000000000	        0.0000000000	        0.0000000000	        0.0000000000	        0.0000000000	        0.0000000000	        0.0000000000	        0.0000000000	        0.0000000000	        0.0000000000	        0.0000000000	        0.0000000000	        0.0000000000	        0.0000000000	        0.0000000000	        0.0000000000	        0.0000000000	        0.0000000000	
        1.4500000000	       32.7711598214	       91.4328017021	        4.4132020765	        4.4059792276	       19.1643672062	       41.7808762304	      109.9311021497	      136.1990050723	       36.4836680828	        8.7007221649	        6.6005954180	       11.9393295520	       50.3632116748	      138.7765305156	       16.2318252686	       38.8398468446	       31.5687833750	      436.1150443474	       48.6856163116	       48.2656290649	       76.2146094425	       92.4596196580	      104.8276522870	       19.3888742168	      100.8583666884	        7.1189968104	       14.9082584346	      312.9472565743	      400.9542236760	       93.7060696298	       40.2369082498	       85.8319017608	       17.7205954138	      175.3673317660	       43.3375390225	       99.4374941083	      133.9812843787	       17.1175801592	       62.2848149642	       27.2116343358	        0.0000000000	        0.0000000000	        0.0000000000	        0.0000000000	        0.0000000000	        0.0000000000	        0.0000000000	        0.0000000000	        0.0000000000	        0.0000000000	        0.0000000000	        0.0000000000	        0.0000000000	        0.0000000000	        0.0000000000	        0.0000000000	        0.0000000000	        0.0000000000	        0.0000000000	        0.0000000000	        0.0000000000	        0.0000000000	        0.0000000000	        0.0000000000	        0.0000000000	        0.0000000000	        0.0000000000	        0.0000000000	        0.0000000000	        0.0000000000	        0.0000000000	        0.0000000000	        0.0000000000	        0.0000000000	        0.0000000000	        0.0000000000	        0.0000000000	        0.0000000000	        0.0000000000	        0.0000000000	        0.0000000000	        0.0000000000	        0.0000000000	        0.0000000000	        0.0000000000	        0.0000000000	        0.0000000000	        0.0000000000	        0.0000000000	        0.0000000000	        0.0000000000	        0.0000000000	        0.0000000000	        0.0000000000	        0.0000000000	        0.0000000000	        0.0000000000	        0.0000000000	        0.0000000000	        0.0000000000	        0.0000000000	        0.0000000000	        0.0000000000	        0.0509098964	       -0.0789995713	       -0.0777071075	        0.0990208637	        0.0630240639	        0.0000000000	        0.0000000000	        0.0000000000	        0.0000000000	        0.0000000000	        0.0000000000	        0.0000000000	        0.0000000000	        0.0000000000	        0.0000000000	        0.0000000000	        0.0000000000	        0.0000000000	        0.0000000000	        0.0000000000	        0.0000000000	        0.0000000000	        0.0000000000	        0.0000000000	        0.0000000000	        0.0000000000	        0.0000000000	        0.0000000000	        0.0000000000	        0.0000000000	        0.0000000000	        0.0000000000	        0.0000000000	        0.0000000000	        0.0000000000	        0.0000000000	        0.0000000000	        0.0000000000	        0.0000000000	        0.0000000000	        0.0000000000	        0.0000000000	        0.0000000000	        0.0000000000	
        1.4600000000	       29.8786416534	       89.8306339640	        4.3856296135	        4.3793192313	       17.2901976362	       38.2133859110	       99.0409446448	      137.4110031174	       34.2478322823	        8.3092747314	        6.4675898545	       12.4096060622	       51.1346662879	      147.0291386929	       17.1617422538	       38.6136744398	       28.9894760739	      394.2323664665	       52.2631463332	       51.5879666830	       78.1201303077	       94.1065076331	      105.6332275938	       17.5210967835	      112.7906876739	        7.0186359284	       15.4595612632	      279.4009847126	      386.3795714068	       93.5342143892	       36.8492402285	       77.7033231211	       16.0745735007	      188.2489850368	       46.3956409020	       93.0468158952	      134.9091734230	       18.3824027941	       70.6461103601	       29.9631741416	        0.0000000000	        0.0000000000	        0.0000000000	        0.0000000000	        0.0000000000	        0.0000000000	        0.0000000000	        0.0000000000	        0.0000000000	        0.0000000000	        0.0000000000	        0.0000000000	        0.0000000000	        0.0000000000	        0.0000000000	        0.0000000000	        0.0000000000	        0.0000000000	        0.0000000000	        0.0000000000	        0.0000000000	        0.0000000000	        0.0000000000	        0.0000000000	        0.0000000000	        0.0000000000	        0.0000000000	        0.0000000000	        0.0000000000	        0.0000000000	        0.0000000000	        0.0000000000	        0.0000000000	        0.0000000000	        0.0000000000	        0.0000000000	        0.0000000000	        0.0000000000	        0.0000000000	        0.0000000000	        0.0000000000	        0.0000000000	        0.0000000000	        0.0000000000	        0.0000000000	        0.0000000000	        0.0000000000	        0.0000000000	        0.0000000000	        0.0000000000	        0.0000000000	        0.0000000000	        0.0000000000	        0.0000000000	        0.0000000000	        0.0000000000	        0.0000000000	        0.0000000000	        0.0000000000	        0.0000000000	        0.0000000000	        0.0000000000	        0.0000000000	        0.0508511093	       -0.0767441258	       -0.0676038192	        0.0946647353	        0.0638647584	        0.0000000000	        0.0000000000	        0.0000000000	        0.0000000000	        0.0000000000	        0.0000000000	        0.0000000000	        0.0000000000	        0.0000000000	        0.0000000000	        0.0000000000	        0.0000000000	        0.0000000000	        0.0000000000	        0.0000000000	        0.0000000000	        0.0000000000	        0.0000000000	        0.0000000000	        0.0000000000	        0.0000000000	        0.0000000000	        0.0000000000	        0.0000000000	        0.0000000000	        0.0000000000	        0.0000000000	        0.0000000000	        0.0000000000	        0.0000000000	        0.0000000000	        0.0000000000	        0.0000000000	        0.0000000000	        0.0000000000	        0.0000000000	        0.0000000000	        0.0000000000	        0.0000000000	
        1.4700000000	       25.9820258472	       86.6152091793	        4.3604781225	        4.3479152600	       14.9322325189	       33.3256088842	       86.5686534127	      138.2998358157	       32.2596533420	        8.0098868358	        6.2821829187	       12.9559178005	       51.9861795549	      156.6887909214	       18.4967852750	       38.8282716511	       26.0421443933	      349.2742165239	       56.4114106430	       55.4253221373	       80.2358422244	       95.9761806699	      106.6944906553	       15.2094339254	      126.1252463869	        6.8891136877	       16.0981119357	      244.7825052861	      362.2763011253	       91.4652605734	       32.7410077053	       68.9706890624	       14.3876381897	      203.8643427877	       49.6818632550	       87.0765588193	      136.0066142181	       20.2744088494	       81.1455554158	       33.4216169634	        0.0000000000	        0.0000000000	        0.0000000000	        0.0000000000	        0.0000000000	        0.0000000000	        0.0000000000	        0.0000000000	        0.0000000000	        0.0000000000	        0.0000000000	        0.0000000000	        0.0000000000	        0.0000000000	        0.0000000000	        0.0000000000	        0.0000000000	        0.0000000000	        0.0000000000	        0.0000000000	        0.0000000000	        0.0000000000	        0.0000000000	        0.0000000000	        0.0000000000	        0.0000000000	        0.0000000000	        0.0000000000	        0.0000000000	        0.0000000000	        0.0000000000	        0.0000000000	        0.0000000000	        0.0000000000	        0.0000000000	        0.0000000000	        0.0000000000	        0.0000000000	        0.0000000000	        0.0000000000	        0.0000000000	        0.0000000000	        0.0000000000	        0.0000000000	        0.0000000000	        0.0000000000	        0.0000000000	        0.0000000000	        0.0000000000	        0.0000000000	        0.0000000000	        0.0000000000	        0.0000000000	        0.0000000000	        0.0000000000	        0.0000000000	        0.0000000000	        0.0000000000	        0.0000000000	        0.0000000000	        0.0000000000	        0.0000000000	        0.0000000000	        0.0499966912	       -0.0747942920	       -0.0529292831	        0.0927628674	        0.0654010133	        0.0000000000	        0.0000000000	        0.0000000000	        0.0000000000	        0.0000000000	        0.0000000000	        0.0000000000	        0.0000000000	        0.0000000000	        0.0000000000	        0.0000000000	        0.0000000000	        0.0000000000	        0.0000000000	        0.0000000000	        0.0000000000	        0.0000000000	        0.0000000000	        0.0000000000	        0.0000000000	        0.0000000000	        0.0000000000	        0.0000000000	        0.0000000000	        0.0000000000	        0.0000000000	        0.0000000000	        0.0000000000	        0.0000000000	        0.0000000000	        0.0000000000	        0.0000000000	        0.0000000000	        0.0000000000	        0.0000000000	        0.0000000000	        0.0000000000	        0.0000000000	        0.0000000000	
        1.4800000000	       21.3965466201	       82.0551584686	        4.3323271129	        4.3114682211	       12.2819673385	       27.5155758720	       73.2980172481	      139.0399478256	       30.1617158260	        7.6912005028	        6.0724697166	       13.5331184702	       52.9080443448	      167.2318957287	       20.1010892348	       39.3122770375	       22.8477551963	      303.0767302692	       61.0863495235	       59.6666300635	       82.5340543101	       98.0484714460	      108.0241722439	       12.6387131154	      139.7251137523	        6.7503691345	       16.7705510080	      210.1557569091	      330.5702687870	       88.7940127564	       28.2497940159	       60.0871897551	       12.7380797879	      220.4927581812	       53.1850758075	       80.7696679025	      137.1972196083	       22.4698810665	       93.0561515234	       37.3721787581	        0.0000000000	        0.0000000000	        0.0000000000	        0.0000000000	        0.0000000000	        0.0000000000	        0.0000000000	        0.0000000000	        0.0000000000	        0.0000000000	        0.0000000000	        0.0000000000	        0.0000000000	        0.0000000000	        0.0000000000	        0.0000000000	        0.0000000000	        0.0000000000	        0.0000000000	        0.0000000000	        0.0000000000	        0.0000000000	        0.0000000000	        0.0000000000	        0.0000000000	        0.0000000000	        0.0000000000	        0.0000000000	        0.0000000000	        0.0000000000	        0.0000000000	        0.0000000000	        0.0000000000	        0.0000000000	        0.0000000000	        0.0000000000	        0.0000000000	        0.0000000000	        0.0000000000	        0.0000000000	        0.0000000000	        0.0000000000	        0.0000000000	        0.0000000000	        0.0000000000	        0.0000000000	        0.0000000000	        0.0000000000	        0.0000000000	        0.0000000000	        0.0000000000	        0.0000000000	        0.0000000000	        0.0000000000	        0.0000000000	        0.0000000000	        0.0000000000	        0.0000000000	        0.0000000000	        0.0000000000	        0.0000000000	        0.0000000000	        0.0000000000	        0.0481528406	       -0.0739991761	       -0.0358488895	        0.0907292197	        0.0667765628	        0.0000000000	        0.0000000000	        0.0000000000	        0.0000000000	        0.0000000000	        0.0000000000	        0.0000000000	        0.0000000000	        0.0000000000	        0.0000000000	        0.0000000000	        0.0000000000	        0.0000000000	        0.0000000000	        0.0000000000	        0.0000000000	        0.0000000000	        0.0000000000	        0.0000000000	        0.0000000000	        0.0000000000	        0.0000000000	        0.0000000000	        0.0000000000	        0.0000000000	        0.0000000000	        0.0000000000	        0.0000000000	        0.0000000000	        0.0000000000	        0.0000000000	        0.0000000000	        0.0000000000	        0.0000000000	        0.0000000000	        0.0000000000	        0.0000000000	        0.0000000000	        0.0000000000	
        1.4900000000	       16.7476824527	       77.1805516542	        4.3002322844	        4.2707796938	        9.6660371572	       21.5389283587	       60.0889025847	      139.8915309174	       27.9688380459	        7.3799496429	        5.8659994899	       14.0968882264	       53.8945484589	      178.2187805429	       21.8705747330	       40.1072261019	       19.7549498155	      259.6351178040	       66.0878936208	       64.1180709378	       84.8920742035	      100.2308240006	      109.5906971605	       10.1076794277	      152.1098211639	        6.6207669055	       17.4240291354	      177.5119121565	      295.5975992754	       86.3799552950	       23.8817771990	       51.4425799430	       11.1840358088	      237.3592115718	       56.8047291298	       73.9920121138	      138.3958401880	       24.8658639910	      106.0361673229	       41.6611101500	        0.0000000000	        0.0000000000	        0.0000000000	        0.0000000000	        0.0000000000	        0.0000000000	        0.0000000000	        0.0000000000	        0.0000000000	        0.0000000000	        0.0000000000	        0.0000000000	        0.0000000000	        0.0000000000	        0.0000000000	        0.0000000000	        0.0000000000	        0.0000000000	        0.0000000000	        0.0000000000	        0.0000000000	        0.0000000000	        0.0000000000	        0.0000000000	        0.0000000000	        0.0000000000	        0.0000000000	        0.0000000000	        0.0000000000	        0.0000000000	        0.0000000000	        0.0000000000	        0.0000000000	        0.0000000000	        0.0000000000	        0.0000000000	        0.0000000000	        0.0000000000	        0.0000000000	        0.0000000000	        0.0000000000	        0.0000000000	        0.0000000000	        0.0000000000	        0.0000000000	        0.0000000000	        0.0000000000	        0.0000000000	        0.0000000000	        0.0000000000	        0.0000000000	        0.0000000000	        0.0000000000	        0.0000000000	        0.0000000000	        0.0000000000	        0.0000000000	        0.0000000000	        0.0000000000	        0.0000000000	        0.0000000000	        0.0000000000	        0.0000000000	        0.0452302218	       -0.0737402783	       -0.0209858099	        0.0866428175	        0.0666407677	        0.0000000000	        0.0000000000	        0.0000000000	        0.0000000000	        0.0000000000	        0.0000000000	        0.0000000000	        0.0000000000	        0.0000000000	        0.0000000000	        0.0000000000	        0.0000000000	        0.0000000000	        0.0000000000	        0.0000000000	        0.0000000000	        0.0000000000	        0.0000000000	        0.0000000000	        0.0000000000	        0.0000000000	        0.0000000000	        0.0000000000	        0.0000000000	        0.0000000000	        0.0000000000	        0.0000000000	        0.0000000000	        0.0000000000	        0.0000000000	        0.0000000000	        0.0000000000	        0.0000000000	        0.0000000000	        0.0000000000	        0.0000000000	        0.0000000000	        0.0000000000	        0.0000000000	
        1.5000000000	       12.8692095693	       73.6134193431	        4.2650719789	        4.2277479848	        7.4943357741	       16.4213603754	       48.0021636617	      141.1546617796	       26.0398466634	        7.1571515392	        5.6908461114	       14.5799047056	       54.9421454653	      189.4300142364	       23.6629336583	       41.2875065158	       17.2258277562	      225.5334929645	       70.7150556789	       68.3481139160	       87.0121521063	      102.2950445316	      111.2639999555	        7.9839148557	      160.3168813911	        6.5154731713	       17.9781552573	      149.4578531191	      264.4019798215	       85.3064450013	       20.2289258648	       43.4082432704	        9.7738339949	      254.9338649432	       60.2059919160	       67.5322580886	      139.4733075455	       27.3898521109	      119.7961551361	       46.1776647525	        0.0000000000	        0.0000000000	        0.0000000000	        0.0000000000	        0.0000000000	        0.0000000000	        0.0000000000	        0.0000000000	        0.0000000000	        0.0000000000	        0.0000000000	        0.0000000000	        0.0000000000	        0.0000000000	        0.0000000000	        0.0000000000	        0.0000000000	        0.0000000000	        0.0000000000	        0.0000000000	        0.0000000000	        0.0000000000	        0.0000000000	        0.0000000000	        0.0000000000	        0.0000000000	        0.0000000000	        0.0000000000	        0.0000000000	        0.0000000000	        0.0000000000	        0.0000000000	        0.0000000000	        0.0000000000	        0.0000000000	        0.0000000000	        0.0000000000	        0.0000000000	        0.0000000000	        0.0000000000	        0.0000000000	        0.0000000000	        0.0000000000	        0.0000000000	        0.0000000000	        0.0000000000	        0.0000000000	        0.0000000000	        0.0000000000	        0.0000000000	        0.0000000000	        0.0000000000	        0.0000000000	        0.0000000000	        0.0000000000	        0.0000000000	        0.0000000000	        0.0000000000	        0.0000000000	        0.0000000000	        0.0000000000	        0.0000000000	        0.0000000000	        0.0410015322	       -0.0703619059	       -0.0144681046	        0.0779067646	        0.0621294602	        0.0000000000	        0.0000000000	        0.0000000000	        0.0000000000	        0.0000000000	        0.0000000000	        0.0000000000	        0.0000000000	        0.0000000000	        0.0000000000	        0.0000000000	        0.0000000000	        0.0000000000	        0.0000000000	        0.0000000000	        0.0000000000	        0.0000000000	        0.0000000000	        0.0000000000	        0.0000000000	        0.0000000000	        0.0000000000	        0.0000000000	        0.0000000000	        0.0000000000	        0.0000000000	        0.0000000000	        0.0000000000	        0.0000000000	        0.0000000000	        0.0000000000	        0.0000000000	        0.0000000000	        0.0000000000	        0.0000000000	        0.0000000000	        0.0000000000	        0.0000000000	        0.0000000000	
        1.5100000000	       10.2783686843	       72.4625579379	        4.2286028100	        4.1851402102	        6.0142413184	       12.8485843578	       37.9455288787	      143.0699673017	       24.6824857688	        7.0537898331	        5.5721921746	       14.9739105238	       56.0434860048	      200.4758816026	       25.3724722282	       42.8274207326	       15.5126692846	      205.3289148570	       74.2480486814	       71.9865330234	       88.7629529516	      104.1329281583	      112.9734973266	        6.4957972767	      163.7314691802	        6.4634716117	       18.4241079458	      128.0969766382	      242.6478608674	       86.0254878272	       17.6794905113	       36.4496351281	        8.5950435616	      274.3891962935	       63.1257294995	       62.3738049374	      140.4199449211	       29.8336158617	      134.8193417208	       50.6284332925	        0.0000000000	        0.0000000000	        0.0000000000	        0.0000000000	        0.0000000000	        0.0000000000	        0.0000000000	        0.0000000000	        0.0000000000	        0.0000000000	        0.0000000000	        0.0000000000	        0.0000000000	        0.0000000000	        0.0000000000	        0.0000000000	        0.0000000000	        0.0000000000	        0.0000000000	        0.0000000000	        0.0000000000	        0.0000000000	        0.0000000000	        0.0000000000	        0.0000000000	        0.0000000000	        0.0000000000	        0.0000000000	        0.0000000000	        0.0000000000	        0.0000000000	        0.0000000000	        0.0000000000	        0.0000000000	        0.0000000000	        0.0000000000	        0.0000000000	        0.0000000000	        0.0000000000	        0.0000000000	        0.0000000000	        0.0000000000	        0.0000000000	        0.0000000000	        0.0000000000	        0.0000000000	        0.0000000000	        0.0000000000	        0.0000000000	        0.0000000000	        0.0000000000	        0.0000000000	        0.0000000000	        0.0000000000	        0.0000000000	        0.0000000000	        0.0000000000	        0.0000000000	        0.0000000000	        0.0000000000	        0.0000000000	        0.0000000000	        0.0000000000	        0.0357632093	       -0.0605950770	       -0.0160585562	        0.0638235475	        0.0515644368	        0.0000000000	        0.0000000000	        0.0000000000	        0.0000000000	        0.0000000000	        0.0000000000	        0.0000000000	        0.0000000000	        0.0000000000	        0.0000000000	        0.0000000000	        0.0000000000	        0.0000000000	        0.0000000000	        0.0000000000	        0.0000000000	        0.0000000000	        0.0000000000	        0.0000000000	        0.0000000000	        0.0000000000	        0.0000000000	        0.0000000000	        0.0000000000	        0.0000000000	        0.0000000000	        0.0000000000	        0.0000000000	        0.0000000000	        0.0000000000	        0.0000000000	        0.0000000000	        0.0000000000	        0.0000000000	        0.0000000000	        0.0000000000	        0.0000000000	        0.0000000000	        0.0000000000	
        1.5200000000	        9.0879204086	       73.9988904980	        4.1930104030	        4.1441091682	        5.2947463866	       11.1087241973	       31.1090223163	      145.8859783239	       23.9099364447	        7.0298268141	        5.6001190167	       15.3991471245	       57.2528578977	      211.0711670941	       26.9455977622	       44.5098370606	       14.5951924696	      198.4097122901	       77.2011838341	       75.0772589584	       90.5414115409	      106.0111484418	      114.8920101617	        5.7468396229	      165.7066631733	        6.5528549043	       18.9095346873	      114.1407843565	      231.6443259516	       89.7966068683	       16.4229776206	       31.6908715321	        7.8805648852	      296.3467303150	       65.8779058025	       58.8529543950	      141.4317830840	       32.7008660869	      150.3013164713	       55.8802275282	        0.0000000000	        0.0000000000	        0.0000000000	        0.0000000000	        0.0000000000	        0.0000000000	        0.0000000000	        0.0000000000	        0.0000000000	        0.0000000000	        0.0000000000	        0.0000000000	        0.0000000000	        0.0000000000	        0.0000000000	        0.0000000000	        0.0000000000	        0.0000000000	        0.0000000000	        0.0000000000	        0.0000000000	        0.0000000000	        0.0000000000	        0.0000000000	        0.0000000000	        0.0000000000	        0.0000000000	        0.0000000000	        0.0000000000	        0.0000000000	        0.0000000000	        0.0000000000	        0.0000000000	        0.0000000000	        0.0000000000	        0.0000000000	        0.0000000000	        0.0000000000	        0.0000000000	        0.0000000000	        0.0000000000	        0.0000000000	        0.0000000000	        0.0000000000	        0.0000000000	        0.0000000000	        0.0000000000	        0.0000000000	        0.0000000000	        0.0000000000	        0.0000000000	        0.0000000000	        0.0000000000	        0.0000000000	        0.0000000000	        0.0000000000	        0.0000000000	        0.0000000000	        0.0000000000	        0.0000000000	        0.0000000000	        0.0000000000	        0.0000000000	        0.0294443277	       -0.0463036556	       -0.0121596195	        0.0464738737	        0.0376387007	        0.0000000000	        0.0000000000	        0.0000000000	        0.0000000000	        0.0000000000	        0.0000000000	        0.0000000000	        0.0000000000	        0.0000000000	        0.0000000000	        0.0000000000	        0.0000000000	        0.0000000000	        0.0000000000	        0.0000000000	        0.0000000000	        0.0000000000	        0.0000000000	        0.0000000000	        0.0000000000	        0.0000000000	        0.0000000000	        0.0000000000	        0.0000000000	        0.0000000000	        0.0000000000	        0.0000000000	        0.0000000000	        0.0000000000	        0.0000000000	        0.0000000000	        0.0000000000	        0.0000000000	        0.0000000000	        0.0000000000	        0.0000000000	        0.0000000000	        0.0000000000	        0.0000000000	
        1.5300000000	        9.1291928349	       77.9983748157	        4.1606242220	        4.1007478542	        5.2829955526	       11.2860015854	       30.0339150964	      150.0273373764	       23.1072433547	        6.7875571988	        5.7852615377	       16.0504237797	       58.7559519436	      221.4584561722	       27.2219263044	       44.6721240171	       14.3040480436	      204.3712058428	       79.6364157363	       77.1248811938	       92.4877283685	      107.9772783305	      116.9179678303	        5.8069455640	      170.4016844360	        6.7956436732	       19.6635111010	      110.5767060639	      233.6522301779	       96.3312052813	       16.7333577049	       30.9082916881	        7.9606564962	      319.0710596763	       69.1140931644	       55.6590443175	      142.8724603602	       34.4900644001	      168.4349645580	       59.2321562918	        0.0000000000	        0.0000000000	        0.0000000000	        0.0000000000	        0.0000000000	        0.0000000000	        0.0000000000	        0.0000000000	        0.0000000000	        0.0000000000	        0.0000000000	        0.0000000000	        0.0000000000	        0.0000000000	        0.0000000000	        0.0000000000	        0.0000000000	        0.0000000000	        0.0000000000	        0.0000000000	        0.0000000000	        0.0000000000	        0.0000000000	        0.0000000000	        0.0000000000	        0.0000000000	        0.0000000000	        0.0000000000	        0.0000000000	        0.0000000000	        0.0000000000	        0.0000000000	        0.0000000000	        0.0000000000	        0.0000000000	        0.0000000000	        0.0000000000	        0.0000000000	        0.0000000000	        0.0000000000	        0.0000000000	        0.0000000000	        0.0000000000	        0.0000000000	        0.0000000000	        0.0000000000	        0.0000000000	        0.0000000000	        0.0000000000	        0.0000000000	        0.0000000000	        0.0000000000	        0.0000000000	        0.0000000000	        0.0000000000	        0.0000000000	        0.0000000000	        0.0000000000	        0.0000000000	        0.0000000000	        0.0000000000	        0.0000000000	        0.0000000000	        0.0243943461	       -0.0407425388	       -0.0070030570	        0.0343453097	        0.0268717521	        0.0000000000	        0.0000000000	        0.0000000000	        0.0000000000	        0.0000000000	        0.0000000000	        0.0000000000	        0.0000000000	        0.0000000000	        0.0000000000	        0.0000000000	        0.0000000000	        0.0000000000	        0.0000000000	        0.0000000000	        0.0000000000	        0.0000000000	        0.0000000000	        0.0000000000	        0.0000000000	        0.0000000000	        0.0000000000	        0.0000000000	        0.0000000000	        0.0000000000	        0.0000000000	        0.0000000000	        0.0000000000	        0.0000000000	        0.0000000000	        0.0000000000	        0.0000000000	        0.0000000000	        0.0000000000	        0.0000000000	        0.0000000000	        0.0000000000	        0.0000000000	        0.0000000000	
        1.5400000000	       10.0094809915	       84.1933473961	        4.1340709262	        4.0614965864	        5.7659838536	       12.9028937279	       34.8157330708	      155.4509051508	       21.7761228221	        6.2660015224	        6.1194839360	       17.1766670590	       60.8486637463	      233.6238272258	       26.0965386335	       43.0275982932	       14.4630974420	      221.6233559850	       82.2358406998	       78.9730757187	       94.7704574861	      110.2620400182	      119.2346092969	        6.5147923644	      184.6959368576	        7.1967935280	       20.9772477486	      117.4508764127	      255.8808104379	       98.4033202265	       18.4969993082	       34.4540221512	        8.8476464696	      340.2972299576	       73.0521580206	       51.8282593008	      145.1647908004	       32.4983871796	      154.9284094205	       55.2732479820	        0.0000000000	        0.0000000000	        0.0000000000	        0.0000000000	        0.0000000000	        0.0000000000	        0.0000000000	        0.0000000000	        0.0000000000	        0.0000000000	        0.0000000000	        0.0000000000	        0.0000000000	        0.0000000000	        0.0000000000	        0.0000000000	        0.0000000000	        0.0000000000	        0.0000000000	        0.0000000000	        0.0000000000	        0.0000000000	        0.0000000000	        0.0000000000	        0.0000000000	        0.0000000000	        0.0000000000	        0.0000000000	        0.0000000000	        0.0000000000	        0.0000000000	        0.0000000000	        0.0000000000	        0.0000000000	        0.0000000000	        0.0000000000	        0.0000000000	        0.0000000000	        0.0000000000	        0.0000000000	        0.0000000000	        0.0000000000	        0.0000000000	        0.0000000000	        0.0000000000	        0.0000000000	        0.0000000000	        0.0000000000	        0.0000000000	        0.0000000000	        0.0000000000	        0.0000000000	        0.0000000000	        0.0000000000	        0.0000000000	        0.0000000000	        0.0000000000	        0.0000000000	        0.0000000000	        0.0000000000	        0.0000000000	        0.0000000000	        0.0000000000	        0.0287501875	       -0.0484077633	       -0.0167685811	        0.0441955126	        0.0264613697	        0.0000000000	        0.0000000000	        0.0000000000	        0.0000000000	        0.0000000000	        0.0000000000	        0.0000000000	        0.0000000000	        0.0000000000	        0.0000000000	        0.0000000000	        0.0000000000	        0.0000000000	        0.0000000000	        0.0000000000	        0.0000000000	        0.0000000000	        0.0000000000	        0.0000000000	        0.0000000000	        0.0000000000	        0.0000000000	        0.0000000000	        0.0000000000	        0.0000000000	        0.0000000000	        0.0000000000	        0.0000000000	        0.0000000000	        0.0000000000	        0.0000000000	        0.0000000000	        0.0000000000	        0.0000000000	        0.0000000000	        0.0000000000	        0.0000000000	        0.0000000000	        0.0000000000	
        1.5500000000	       11.5327109034	       92.2761496185	        4.1157791348	        4.0337588759	        6.5545603567	       15.3563272166	       40.9141803450	      161.1637361756	       20.4452780358	        5.7623320070	        6.5550833253	       18.5690210890	       63.7226607828	      248.6334959727	       24.6294487037	       41.0881687044	       14.9778365754	      247.3761277365	       84.4608704650	       80.3093721808	       97.3536110193	      112.7572849410	      121.7400926846	        7.5262361643	      204.4103170550	        7.6938938722	       22.5981805106	      129.3042691052	      287.5414814003	      101.0561167157	       20.9316006692	       38.9285047364	        9.8893814672	      362.9687284041	       77.4740118685	       48.3289185913	      147.9224998663	       30.3246369644	      142.2716335650	       51.2777428105	        0.0000000000	        0.0000000000	        0.0000000000	        0.0000000000	        0.0000000000	        0.0000000000	        0.0000000000	        0.0000000000	        0.0000000000	        0.0000000000	        0.0000000000	        0.0000000000	        0.0000000000	        0.0000000000	        0.0000000000	        0.0000000000	        0.0000000000	        0.0000000000	        0.0000000000	        0.0000000000	        0.0000000000	        0.0000000000	        0.0000000000	        0.0000000000	        0.0000000000	        0.0000000000	        0.0000000000	        0.0000000000	        0.0000000000	        0.0000000000	        0.0000000000	        0.0000000000	        0.0000000000	        0.0000000000	        0.0000000000	        0.0000000000	        0.0000000000	        0.0000000000	        0.0000000000	        0.0000000000	        0.0000000000	        0.0000000000	        0.0000000000	        0.0000000000	        0.0000000000	        0.0000000000	        0.0000000000	        0.0000000000	        0.0000000000	        0.0000000000	        0.0000000000	        0.0000000000	        0.0000000000	        0.0000000000	        0.0000000000	        0.0000000000	        0.0000000000	        0.0000000000	        0.0000000000	        0.0000000000	        0.0000000000	        0.0000000000	        0.0000000000	        0.0341714067	       -0.0553565592	       -0.0221619914	        0.0551530241	        0.0336201307	        0.0000000000	        0.0000000000	        0.0000000000	        0.0000000000	        0.0000000000	        0.0000000000	        0.0000000000	        0.0000000000	        0.0000000000	        0.0000000000	        0.0000000000	        0.0000000000	        0.0000000000	        0.0000000000	        0.0000000000	        0.0000000000	        0.0000000000	        0.0000000000	        0.0000000000	        0.0000000000	        0.0000000000	        0.0000000000	        0.0000000000	        0.0000000000	        0.0000000000	        0.0000000000	        0.0000000000	        0.0000000000	        0.0000000000	        0.0000000000	        0.0000000000	        0.0000000000	        0.0000000000	        0.0000000000	        0.0000000000	        0.0000000000	        0.0000000000	        0.0000000000	        0.0000000000	
        1.5600000000	       13.6245104144	      102.2969127091	        4.1074933320	        4.0197563186	        7.5604240082	       18.4057055172	       46.3605589796	      166.7450651931	       19.4899349757	        5.3672753630	        7.0232211578	       20.1426931669	       67.2544255149	      266.4738856799	       22.8342728765	       38.9818368447	       15.7629250335	      281.6585316209	       86.0715629559	       81.0819856168	       99.9793378555	      115.2456064388	      124.2457188378	        8.6893135950	      227.6411711415	        8.2131778704	       24.4255615827	      144.1671507334	      327.2389570071	      104.5104325655	       23.7913349264	       42.6123588512	       10.6927601557	      391.0898483560	       82.1439552763	       45.7287838194	      151.0398096161	       27.9550914386	      129.2137944736	       46.9774137808	        0.0000000000	        0.0000000000	        0.0000000000	        0.0000000000	        0.0000000000	        0.0000000000	        0.0000000000	        0.0000000000	        0.0000000000	        0.0000000000	        0.0000000000	        0.0000000000	        0.0000000000	        0.0000000000	        0.0000000000	        0.0000000000	        0.0000000000	        0.0000000000	        0.0000000000	        0.0000000000	        0.0000000000	        0.0000000000	        0.0000000000	        0.0000000000	        0.0000000000	        0.0000000000	        0.0000000000	        0.0000000000	        0.0000000000	        0.0000000000	        0.0000000000	        0.0000000000	        0.0000000000	        0.0000000000	        0.0000000000	        0.0000000000	        0.0000000000	        0.0000000000	        0.0000000000	        0.0000000000	        0.0000000000	        0.0000000000	        0.0000000000	        0.0000000000	        0.0000000000	        0.0000000000	        0.0000000000	        0.0000000000	        0.0000000000	        0.0000000000	        0.0000000000	        0.0000000000	        0.0000000000	        0.0000000000	        0.0000000000	        0.0000000000	        0.0000000000	        0.0000000000	        0.0000000000	        0.0000000000	        0.0000000000	        0.0000000000	        0.0000000000	        0.0382846345	       -0.0589693334	       -0.0268475823	        0.0623780025	        0.0400056408	        0.0000000000	        0.0000000000	        0.0000000000	        0.0000000000	        0.0000000000	        0.0000000000	        0.0000000000	        0.0000000000	        0.0000000000	        0.0000000000	        0.0000000000	        0.0000000000	        0.0000000000	        0.0000000000	        0.0000000000	        0.0000000000	        0.0000000000	        0.0000000000	        0.0000000000	        0.0000000000	        0.0000000000	        0.0000000000	        0.0000000000	        0.0000000000	        0.0000000000	        0.0000000000	        0.0000000000	        0.0000000000	        0.0000000000	        0.0000000000	        0.0000000000	        0.0000000000	        0.0000000000	        0.0000000000	        0.0000000000	        0.0000000000	        0.0000000000	        0.0000000000	        0.0000000000	
        1.5700000000	       15.9857565791	      113.9847319845	        4.1102322471	        4.0203686513	        8.6136221664	       21.5869224354	       49.7318580118	      171.8312864109	       18.9001706258	        5.1032159905	        7.4694341486	       21.9015913602	       71.3295965471	      287.7992913067	       20.7291114360	       36.6340785532	       16.6018940750	      322.3494527807	       87.1316719670	       81.4837628332	      102.6387723628	      117.7165535734	      126.6822852386	        9.8013727114	      254.8877017085	        8.7065842616	       26.4609457453	      160.4638436643	      373.5813998559	      107.6453619970	       26.7740014832	       44.2153318766	       10.9626263496	      427.4881573734	       86.9799034793	       44.1934888477	      154.5375994773	       25.3671336486	      115.6792295846	       42.3825216565	        0.0000000000	        0.0000000000	        0.0000000000	        0.0000000000	        0.0000000000	        0.0000000000	        0.0000000000	        0.0000000000	        0.0000000000	        0.0000000000	        0.0000000000	        0.0000000000	        0.0000000000	        0.0000000000	        0.0000000000	        0.0000000000	        0.0000000000	        0.0000000000	        0.0000000000	        0.0000000000	        0.0000000000	        0.0000000000	        0.0000000000	        0.0000000000	        0.0000000000	        0.0000000000	        0.0000000000	        0.0000000000	        0.0000000000	        0.0000000000	        0.0000000000	        0.0000000000	        0.0000000000	        0.0000000000	        0.0000000000	        0.0000000000	        0.0000000000	        0.0000000000	        0.0000000000	        0.0000000000	        0.0000000000	        0.0000000000	        0.0000000000	        0.0000000000	        0.0000000000	        0.0000000000	        0.0000000000	        0.0000000000	        0.0000000000	        0.0000000000	        0.0000000000	        0.0000000000	        0.0000000000	        0.0000000000	        0.0000000000	        0.0000000000	        0.0000000000	        0.0000000000	        0.0000000000	        0.0000000000	        0.0000000000	        0.0000000000	        0.0000000000	        0.0412669950	       -0.0598123832	       -0.0329145765	        0.0659355577	        0.0436036682	        0.0000000000	        0.0000000000	        0.0000000000	        0.0000000000	        0.0000000000	        0.0000000000	        0.0000000000	        0.0000000000	        0.0000000000	        0.0000000000	        0.0000000000	        0.0000000000	        0.0000000000	        0.0000000000	        0.0000000000	        0.0000000000	        0.0000000000	        0.0000000000	        0.0000000000	        0.0000000000	        0.0000000000	        0.0000000000	        0.0000000000	        0.0000000000	        0.0000000000	        0.0000000000	        0.0000000000	        0.0000000000	        0.0000000000	        0.0000000000	        0.0000000000	        0.0000000000	        0.0000000000	        0.0000000000	        0.0000000000	        0.0000000000	        0.0000000000	        0.0000000000	        0.0000000000	
        1.5800000000	       18.1867892959	      126.7866086188	        4.1242740530	        4.0357305580	        9.5105531756	       24.3285631702	       49.8672484017	      176.1328514405	       18.5519257663	        4.9347836941	        7.8693963815	       23.8985249625	       75.8777680051	      313.4967533179	       18.4090991118	       33.9648324964	       17.2134672637	      365.0467760801	       88.2690041277	       82.0251422326	      105.5182515318	      120.3085278585	      129.0759194549	       10.6476354342	      287.1775781640	        9.1604513091	       28.7663578099	      176.0461015288	      423.9067861082	      109.9409303737	       29.5664200034	       42.8274413536	       10.5175014339	      473.9213268102	       92.1471768411	       43.3991900213	      158.5166839712	       22.7123634804	      101.7875114915	       37.6519401738	        0.0000000000	        0.0000000000	        0.0000000000	        0.0000000000	        0.0000000000	        0.0000000000	        0.0000000000	        0.0000000000	        0.0000000000	        0.0000000000	        0.0000000000	        0.0000000000	        0.0000000000	        0.0000000000	        0.0000000000	        0.0000000000	        0.0000000000	        0.0000000000	        0.0000000000	        0.0000000000	        0.0000000000	        0.0000000000	        0.0000000000	        0.0000000000	        0.0000000000	        0.0000000000	        0.0000000000	        0.0000000000	        0.0000000000	        0.0000000000	        0.0000000000	        0.0000000000	        0.0000000000	        0.0000000000	        0.0000000000	        0.0000000000	        0.0000000000	        0.0000000000	        0.0000000000	        0.0000000000	        0.0000000000	        0.0000000000	        0.0000000000	        0.0000000000	        0.0000000000	        0.0000000000	        0.0000000000	        0.0000000000	        0.0000000000	        0.0000000000	        0.0000000000	        0.0000000000	        0.0000000000	        0.0000000000	        0.0000000000	        0.0000000000	        0.0000000000	        0.0000000000	        0.0000000000	        0.0000000000	        0.0000000000	        0.0000000000	        0.0000000000	        0.0434870611	       -0.0593225009	       -0.0397932152	        0.0667325111	        0.0445295089	        0.0000000000	        0.0000000000	        0.0000000000	        0.0000000000	        0.0000000000	        0.0000000000	        0.0000000000	        0.0000000000	        0.0000000000	        0.0000000000	        0.0000000000	        0.0000000000	        0.0000000000	        0.0000000000	        0.0000000000	        0.0000000000	        0.0000000000	        0.0000000000	        0.0000000000	        0.0000000000	        0.0000000000	        0.0000000000	        0.0000000000	        0.0000000000	        0.0000000000	        0.0000000000	        0.0000000000	        0.0000000000	        0.0000000000	        0.0000000000	        0.0000000000	        0.0000000000	        0.0000000000	        0.0000000000	        0.0000000000	        0.0000000000	        0.0000000000	        0.0000000000	        0.0000000000	
        1.5900000000	       19.7517574562	      139.9939199159	        4.1492854427	        4.0653264533	       10.0569735953	       26.0662504098	       46.1422982709	      179.5072785484	       18.1838039358	        4.8004696468	        8.2261816394	       26.2408752194	       80.8652282720	      344.3811606907	       16.0648043894	       31.0100360874	       17.3485976501	      404.2283978606	       90.3316645674	       83.4539508164	      108.8942892150	      123.2373823646	      131.5021511276	       11.0513167452	      325.7241968499	        9.5996022287	       31.4710359466	      188.5399838604	      475.5861447546	      111.6170701480	       31.9355821830	       38.0931290531	        9.3702581811	      531.0329768496	       97.9418636086	       42.6598572297	      163.1730457495	       19.9265338854	       88.4102028819	       33.0896761428	        0.0000000000	        0.0000000000	        0.0000000000	        0.0000000000	        0.0000000000	        0.0000000000	        0.0000000000	        0.0000000000	        0.0000000000	        0.0000000000	        0.0000000000	        0.0000000000	        0.0000000000	        0.0000000000	        0.0000000000	        0.0000000000	        0.0000000000	        0.0000000000	        0.0000000000	        0.0000000000	        0.0000000000	        0.0000000000	        0.0000000000	        0.0000000000	        0.0000000000	        0.0000000000	        0.0000000000	        0.0000000000	        0.0000000000	        0.0000000000	        0.0000000000	        0.0000000000	        0.0000000000	        0.0000000000	        0.0000000000	        0.0000000000	        0.0000000000	        0.0000000000	        0.0000000000	        0.0000000000	        0.0000000000	        0.0000000000	        0.0000000000	        0.0000000000	        0.0000000000	        0.0000000000	        0.0000000000	        0.0000000000	        0.0000000000	        0.0000000000	        0.0000000000	        0.0000000000	        0.0000000000	        0.0000000000	        0.0000000000	        0.0000000000	        0.0000000000	        0.0000000000	        0.0000000000	        0.0000000000	        0.0000000000	        0.0000000000	        0.0000000000	        0.0455016746	       -0.0588238783	       -0.0469312709	        0.0658590234	        0.0437176237	        0.0000000000	        0.0000000000	        0.0000000000	        0.0000000000	        0.0000000000	        0.0000000000	        0.0000000000	        0.0000000000	        0.0000000000	        0.0000000000	        0.0000000000	        0.0000000000	        0.0000000000	        0.0000000000	        0.0000000000	        0.0000000000	        0.0000000000	        0.0000000000	        0.0000000000	        0.0000000000	        0.0000000000	        0.0000000000	        0.0000000000	        0.0000000000	        0.0000000000	        0.0000000000	        0.0000000000	        0.0000000000	        0.0000000000	        0.0000000000	        0.0000000000	        0.0000000000	        0.0000000000	        0.0000000000	        0.0000000000	        0.0000000000	        0.0000000000	        0.0000000000	        0.0000000000	
        1.6000000000	       20.4460046744	      153.2568720718	        4.1844159824	        4.1079685512	       10.2051620598	       26.6378900111	       39.1511191550	      182.1416286131	       17.5940206991	        4.6315628452	        8.6148119936	       29.0680750782	       86.2885132950	      381.1159760020	       14.1496917526	       28.1910760740	       16.9272879698	      435.1412371310	       94.5396612730	       86.8841707139	      113.1353284403	      126.8004332019	      134.1174099023	       11.0316245720	      372.9688261521	       10.1333833219	       34.7450546291	      195.7096502403	      529.2806118140	      112.6020009884	       33.9532170051	       31.1829090310	        7.8227632211	      598.6483833697	      104.6786645471	       41.4343561249	      168.7223480294	       18.3500801381	       77.6472018101	       29.6215477875	        0.0000000000	        0.0000000000	        0.0000000000	        0.0000000000	        0.0000000000	        0.0000000000	        0.0000000000	        0.0000000000	        0.0000000000	        0.0000000000	        0.0000000000	        0.0000000000	        0.0000000000	        0.0000000000	        0.0000000000	        0.0000000000	        0.0000000000	        0.0000000000	        0.0000000000	        0.0000000000	        0.0000000000	        0.0000000000	        0.0000000000	        0.0000000000	        0.0000000000	        0.0000000000	        0.0000000000	        0.0000000000	        0.0000000000	        0.0000000000	        0.0000000000	        0.0000000000	        0.0000000000	        0.0000000000	        0.0000000000	        0.0000000000	        0.0000000000	        0.0000000000	        0.0000000000	        0.0000000000	        0.0000000000	        0.0000000000	        0.0000000000	        0.0000000000	        0.0000000000	        0.0000000000	        0.0000000000	        0.0000000000	        0.0000000000	        0.0000000000	        0.0000000000	        0.0000000000	        0.0000000000	        0.0000000000	        0.0000000000	        0.0000000000	        0.0000000000	        0.0000000000	        0.0000000000	        0.0000000000	        0.0000000000	        0.0000000000	        0.0000000000	        0.0482426623	       -0.0588576064	       -0.0528068800	        0.0670010395	        0.0423688557	        0.0000000000	        0.0000000000	        0.0000000000	        0.0000000000	        0.0000000000	        0.0000000000	        0.0000000000	        0.0000000000	        0.0000000000	        0.0000000000	        0.0000000000	        0.0000000000	        0.0000000000	        0.0000000000	        0.0000000000	        0.0000000000	        0.0000000000	        0.0000000000	        0.0000000000	        0.0000000000	        0.0000000000	        0.0000000000	        0.0000000000	        0.0000000000	        0.0000000000	        0.0000000000	        0.0000000000	        0.0000000000	        0.0000000000	        0.0000000000	        0.0000000000	        0.0000000000	        0.0000000000	        0.0000000000	        0.0000000000	        0.0000000000	        0.0000000000	        0.0000000000	        0.0000000000	
        1.6100000000	       20.2062224177	      166.4260440352	        4.2283716246	        4.1619089777	       10.0180228842	       26.2178454091	       32.8301824937	      184.3744326030	       16.4967597538	        4.3085013158	        9.1792789875	       32.5321045397	       92.1518319433	      423.4063071252	       13.0600517294	       25.9713491553	       16.0440890762	      454.9297612108	      101.7912045455	       93.0584850370	      118.4297106789	      131.1206515012	      136.9484659172	       10.7691214874	      432.4149736260	       10.9193954604	       38.7825355795	      196.5365996325	      587.8502568969	      116.9418397372	       35.8307389646	       25.6607202971	        6.7808610523	      675.4498319393	      112.6881361760	       38.8320989265	      175.4180683282	       18.0630431427	       72.8680889421	       28.2359319576	        0.0000000000	        0.0000000000	        0.0000000000	        0.0000000000	        0.0000000000	        0.0000000000	        0.0000000000	        0.0000000000	        0.0000000000	        0.0000000000	        0.0000000000	        0.0000000000	        0.0000000000	        0.0000000000	        0.0000000000	        0.0000000000	        0.0000000000	        0.0000000000	        0.0000000000	        0.0000000000	        0.0000000000	        0.0000000000	        0.0000000000	        0.0000000000	        0.0000000000	        0.0000000000	        0.0000000000	        0.0000000000	        0.0000000000	        0.0000000000	        0.0000000000	        0.0000000000	        0.0000000000	        0.0000000000	        0.0000000000	        0.0000000000	        0.0000000000	        0.0000000000	        0.0000000000	        0.0000000000	        0.0000000000	        0.0000000000	        0.0000000000	        0.0000000000	        0.0000000000	        0.0000000000	        0.0000000000	        0.0000000000	        0.0000000000	        0.0000000000	        0.0000000000	        0.0000000000	        0.0000000000	        0.0000000000	        0.0000000000	        0.0000000000	        0.0000000000	        0.0000000000	        0.0000000000	        0.0000000000	        0.0000000000	        0.0000000000	        0.0000000000	        0.0524704380	       -0.0593014846	       -0.0557302641	        0.0671895781	        0.0409319890	        0.0000000000	        0.0000000000	        0.0000000000	        0.0000000000	        0.0000000000	        0.0000000000	        0.0000000000	        0.0000000000	        0.0000000000	        0.0000000000	        0.0000000000	        0.0000000000	        0.0000000000	        0.0000000000	        0.0000000000	        0.0000000000	        0.0000000000	        0.0000000000	        0.0000000000	        0.0000000000	        0.0000000000	        0.0000000000	        0.0000000000	        0.0000000000	        0.0000000000	        0.0000000000	        0.0000000000	        0.0000000000	        0.0000000000	        0.0000000000	        0.0000000000	        0.0000000000	        0.0000000000	        0.0000000000	        0.0000000000	        0.0000000000	        0.0000000000	        0.0000000000	        0.0000000000	
        1.6200000000	       19.2281920373	      179.4294752204	        4.2795204927	        4.2252187674	        9.6053159006	       25.1279527467	       29.5031995609	      186.1285243451	       14.6554792455	        3.7656497649	        9.9746960800	       36.5943943782	       98.4234056478	      470.2184703263	       12.7237560645	       24.3668978710	       14.8386625779	      463.2972856890	      111.4599359698	      101.2299937656	      124.4483075919	      135.8323997222	      139.6622293920	       10.3808477579	      501.2460480452	       11.9593886230	       43.5397913747	      191.5636295714	      649.4598175171	      128.2416317407	       37.6596689203	       22.7663331816	        6.4109773360	      759.4033677838	      121.8834287422	       34.1419727006	      183.0964455722	       18.3294104901	       75.0147047144	       29.0061254862	        0.0000000000	        0.0000000000	        0.0000000000	        0.0000000000	        0.0000000000	        0.0000000000	        0.0000000000	        0.0000000000	        0.0000000000	        0.0000000000	        0.0000000000	        0.0000000000	        0.0000000000	        0.0000000000	        0.0000000000	        0.0000000000	        0.0000000000	        0.0000000000	        0.0000000000	        0.0000000000	        0.0000000000	        0.0000000000	        0.0000000000	        0.0000000000	        0.0000000000	        0.0000000000	        0.0000000000	        0.0000000000	        0.0000000000	        0.0000000000	        0.0000000000	        0.0000000000	        0.0000000000	        0.0000000000	        0.0000000000	        0.0000000000	        0.0000000000	        0.0000000000	        0.0000000000	        0.0000000000	        0.0000000000	        0.0000000000	        0.0000000000	        0.0000000000	        0.0000000000	        0.0000000000	        0.0000000000	        0.0000000000	        0.0000000000	        0.0000000000	        0.0000000000	        0.0000000000	        0.0000000000	        0.0000000000	        0.0000000000	        0.0000000000	        0.0000000000	        0.0000000000	        0.0000000000	        0.0000000000	        0.0000000000	        0.0000000000	        0.0000000000	        0.0571865250	       -0.0595001253	       -0.0542056734	        0.0607276268	        0.0392118297	        0.0000000000	        0.0000000000	        0.0000000000	        0.0000000000	        0.0000000000	        0.0000000000	        0.0000000000	        0.0000000000	        0.0000000000	        0.0000000000	        0.0000000000	        0.0000000000	        0.0000000000	        0.0000000000	        0.0000000000	        0.0000000000	        0.0000000000	        0.0000000000	        0.0000000000	        0.0000000000	        0.0000000000	        0.0000000000	        0.0000000000	        0.0000000000	        0.0000000000	        0.0000000000	        0.0000000000	        0.0000000000	        0.0000000000	        0.0000000000	        0.0000000000	        0.0000000000	        0.0000000000	        0.0000000000	        0.0000000000	        0.0000000000	        0.0000000000	        0.0000000000	        0.0000000000	
        1.6300000000	       18.7340545367	      194.5218024569	        4.3366569816	        4.2970541227	        9.1735879768	       23.1733790277	       26.1137609348	      186.7115431666	       12.4585352162	        3.2636313312	       10.9017889704	       41.0533348665	      104.9341467105	      520.2373239486	       12.6870004640	       22.7131228542	       13.3054746306	      465.3837163970	      121.1593456197	      109.1517736428	      130.0775909093	      139.9572068436	      141.5140261472	       10.1075345520	      565.2186084526	       13.1310050306	       48.7840864554	      182.5987180863	      703.5545366182	      147.9199869883	       38.9458181032	       19.8938746605	        6.2720925085	      849.4730769396	      131.5614434111	       28.3270541794	      191.4024247326	       19.0186184937	       79.8818913471	       30.5699470892	        0.0000000000	        0.0000000000	        0.0000000000	        0.0000000000	        0.0000000000	        0.0000000000	        0.0000000000	        0.0000000000	        0.0000000000	        0.0000000000	        0.0000000000	        0.0000000000	        0.0000000000	        0.0000000000	        0.0000000000	        0.0000000000	        0.0000000000	        0.0000000000	        0.0000000000	        0.0000000000	        0.0000000000	        0.0000000000	        0.0000000000	        0.0000000000	        0.0000000000	        0.0000000000	        0.0000000000	        0.0000000000	        0.0000000000	        0.0000000000	        0.0000000000	        0.0000000000	        0.0000000000	        0.0000000000	        0.0000000000	        0.0000000000	        0.0000000000	        0.0000000000	        0.0000000000	        0.0000000000	        0.0000000000	        0.0000000000	        0.0000000000	        0.0000000000	        0.0000000000	        0.0000000000	        0.0000000000	        0.0000000000	        0.0000000000	        0.0000000000	        0.0000000000	        0.0000000000	        0.0000000000	        0.0000000000	        0.0000000000	        0.0000000000	        0.0000000000	        0.0000000000	        0.0000000000	        0.0000000000	        0.0000000000	        0.0000000000	        0.0000000000	        0.0609884352	       -0.0594296136	       -0.0509190058	        0.0522264371	        0.0364596768	        0.0000000000	        0.0000000000	        0.0000000000	        0.0000000000	        0.0000000000	        0.0000000000	        0.0000000000	        0.0000000000	        0.0000000000	        0.0000000000	        0.0000000000	        0.0000000000	        0.0000000000	        0.0000000000	        0.0000000000	        0.0000000000	        0.0000000000	        0.0000000000	        0.0000000000	        0.0000000000	        0.0000000000	        0.0000000000	        0.0000000000	        0.0000000000	        0.0000000000	        0.0000000000	        0.0000000000	        0.0000000000	        0.0000000000	        0.0000000000	        0.0000000000	        0.0000000000	        0.0000000000	        0.0000000000	        0.0000000000	        0.0000000000	        0.0000000000	        0.0000000000	        0.0000000000	
        1.6400000000	       19.7589245514	      214.4458661389	        4.4008719801	        4.3811813450	        8.7603424279	       19.2238927802	       20.2983108611	      185.2121120077	       10.9372146233	        3.1958478926	       11.8080758207	       45.7668040944	      111.2995091925	      570.8992047420	       12.7492915214	       20.5137431074	       11.2676734964	      465.6271970561	      129.0043355883	      115.6723213852	      134.0285081070	      142.5757278459	      141.7467748967	       10.1774705251	      611.9394662194	       14.3751272836	       54.3732929819	      170.2267797814	      740.9529216077	      180.9451393861	       38.5699024902	       17.7516142821	        6.2043980438	      945.3897890284	      140.6910660879	       23.1758835777	      200.4799620834	       19.7955228377	       81.8602312417	       31.2491970908	        0.0000000000	        0.0000000000	        0.0000000000	        0.0000000000	        0.0000000000	        0.0000000000	        0.0000000000	        0.0000000000	        0.0000000000	        0.0000000000	        0.0000000000	        0.0000000000	        0.0000000000	        0.0000000000	        0.0000000000	        0.0000000000	        0.0000000000	        0.0000000000	        0.0000000000	        0.0000000000	        0.0000000000	        0.0000000000	        0.0000000000	        0.0000000000	        0.0000000000	        0.0000000000	        0.0000000000	        0.0000000000	        0.0000000000	        0.0000000000	        0.0000000000	        0.0000000000	        0.0000000000	        0.0000000000	        0.0000000000	        0.0000000000	        0.0000000000	        0.0000000000	        0.0000000000	        0.0000000000	        0.0000000000	        0.0000000000	        0.0000000000	        0.0000000000	        0.0000000000	        0.0000000000	        0.0000000000	        0.0000000000	        0.0000000000	        0.0000000000	        0.0000000000	        0.0000000000	        0.0000000000	        0.0000000000	        0.0000000000	        0.0000000000	        0.0000000000	        0.0000000000	        0.0000000000	        0.0000000000	        0.0000000000	        0.0000000000	        0.0000000000	        0.0645109121	       -0.0595560186	       -0.0532898924	        0.0461187288	        0.0324296921	        0.0000000000	        0.0000000000	        0.0000000000	        0.0000000000	        0.0000000000	        0.0000000000	        0.0000000000	        0.0000000000	        0.0000000000	        0.0000000000	        0.0000000000	        0.0000000000	        0.0000000000	        0.0000000000	        0.0000000000	        0.0000000000	        0.0000000000	        0.0000000000	        0.0000000000	        0.0000000000	        0.0000000000	        0.0000000000	        0.0000000000	        0.0000000000	        0.0000000000	        0.0000000000	        0.0000000000	        0.0000000000	        0.0000000000	        0.0000000000	        0.0000000000	        0.0000000000	        0.0000000000	        0.0000000000	        0.0000000000	        0.0000000000	        0.0000000000	        0.0000000000	        0.0000000000	
        1.6500000000	       21.6667289868	      235.8846020892	        4.4852193062	        4.5741377226	        8.6006600475	       15.2766521012	       14.5953481453	      182.3468173502	        9.6644592591	        3.2824428234	       12.6375081533	       50.5075891010	      117.0034377393	      618.2452945731	       12.7374269629	       18.1438185725	        9.3786326891	      459.4190735187	      135.7669066656	      121.5085277734	      136.7384142622	      144.1500949168	      140.9733871227	       10.5140239629	      641.1232213039	       15.5785543395	       60.0438168385	      152.1359778811	      761.7062449525	      228.5932797277	       37.8712925182	       16.7079536250	        6.1533545253	     1042.1498574701	      148.3349267387	       18.1876757909	      209.7822281669	       20.4038315771	       80.9912467572	       31.1941232788	        0.0000000000	        0.0000000000	        0.0000000000	        0.0000000000	        0.0000000000	        0.0000000000	        0.0000000000	        0.0000000000	        0.0000000000	        0.0000000000	        0.0000000000	        0.0000000000	        0.0000000000	        0.0000000000	        0.0000000000	        0.0000000000	        0.0000000000	        0.0000000000	        0.0000000000	        0.0000000000	        0.0000000000	        0.0000000000	        0.0000000000	        0.0000000000	        0.0000000000	        0.0000000000	        0.0000000000	        0.0000000000	        0.0000000000	        0.0000000000	        0.0000000000	        0.0000000000	        0.0000000000	        0.0000000000	        0.0000000000	        0.0000000000	        0.0000000000	        0.0000000000	        0.0000000000	        0.0000000000	        0.0000000000	        0.0000000000	        0.0000000000	        0.0000000000	        0.0000000000	        0.0000000000	        0.0000000000	        0.0000000000	        0.0000000000	        0.0000000000	        0.0000000000	        0.0000000000	        0.0000000000	        0.0000000000	        0.0000000000	        0.0000000000	        0.0000000000	        0.0000000000	        0.0000000000	        0.0000000000	        0.0000000000	        0.0000000000	        0.0000000000	        0.0666135578	       -0.0591711091	       -0.0572982763	        0.0421022832	        0.0297153267	        0.0000000000	        0.0000000000	        0.0000000000	        0.0000000000	        0.0000000000	        0.0000000000	        0.0000000000	        0.0000000000	        0.0000000000	        0.0000000000	        0.0000000000	        0.0000000000	        0.0000000000	        0.0000000000	        0.0000000000	        0.0000000000	        0.0000000000	        0.0000000000	        0.0000000000	        0.0000000000	        0.0000000000	        0.0000000000	        0.0000000000	        0.0000000000	        0.0000000000	        0.0000000000	        0.0000000000	        0.0000000000	        0.0000000000	        0.0000000000	        0.0000000000	        0.0000000000	        0.0000000000	        0.0000000000	        0.0000000000	        0.0000000000	        0.0000000000	        0.0000000000	        0.0000000000	
        1.6600000000	       24.9122382626	      258.0491017141	        4.9083304875	        5.0866957862	        9.1638263300	       13.1345839878	       10.9343643657	      178.1582595440	        9.3665020682	        3.6217997944	       13.3952709008	       54.7466461351	      121.6375674896	      658.7379829918	       12.7332384106	       16.2468295212	        8.8102805563	      450.8154956819	      140.0240108572	      124.9233749339	      137.8886238155	      144.3073684993	      139.0952441657	       11.3304534692	      653.2277211696	       16.6419989427	       65.1584575103	      131.5956411674	      767.1218262313	      286.4508214127	       37.4921440636	       15.9917069794	        6.1061762793	     1137.2649131711	      154.2891293249	       15.6473523248	      218.0064148896	       21.0537259393	       79.8698657287	       31.1334557259	        0.0000000000	        0.0000000000	        0.0000000000	        0.0000000000	        0.0000000000	        0.0000000000	        0.0000000000	        0.0000000000	        0.0000000000	        0.0000000000	        0.0000000000	        0.0000000000	        0.0000000000	        0.0000000000	        0.0000000000	        0.0000000000	        0.0000000000	        0.0000000000	        0.0000000000	        0.0000000000	        0.0000000000	        0.0000000000	        0.0000000000	        0.0000000000	        0.0000000000	        0.0000000000	        0.0000000000	        0.0000000000	        0.0000000000	        0.0000000000	        0.0000000000	        0.0000000000	        0.0000000000	        0.0000000000	        0.0000000000	        0.0000000000	        0.0000000000	        0.0000000000	        0.0000000000	        0.0000000000	        0.0000000000	        0.0000000000	        0.0000000000	        0.0000000000	        0.0000000000	        0.0000000000	        0.0000000000	        0.0000000000	        0.0000000000	        0.0000000000	        0.0000000000	        0.0000000000	        0.0000000000	        0.0000000000	        0.0000000000	        0.0000000000	        0.0000000000	        0.0000000000	        0.0000000000	        0.0000000000	        0.0000000000	        0.0000000000	        0.0000000000	        0.0660567722	       -0.0577923615	       -0.0568283629	        0.0349116563	        0.0259708708	        0.0000000000	        0.0000000000	        0.0000000000	        0.0000000000	        0.0000000000	        0.0000000000	        0.0000000000	        0.0000000000	        0.0000000000	        0.0000000000	        0.0000000000	        0.0000000000	        0.0000000000	        0.0000000000	        0.0000000000	        0.0000000000	        0.0000000000	        0.0000000000	        0.0000000000	        0.0000000000	        0.0000000000	        0.0000000000	        0.0000000000	        0.0000000000	        0.0000000000	        0.0000000000	        0.0000000000	        0.0000000000	        0.0000000000	        0.0000000000	        0.0000000000	        0.0000000000	        0.0000000000	        0.0000000000	        0.0000000000	        0.0000000000	        0.0000000000	        0.0000000000	        0.0000000000	
        1.6700000000	       28.2524312298	      276.9774066807	        5.5552061612	        5.5984866726	        9.9838543628	       11.7924784489	        9.6058127188	      172.0890039512	        9.6542926545	        4.0836934378	       13.9751408434	       57.9171242041	      124.7460220048	      688.1799597148	       12.8010823414	       14.9725540648	        8.7655246302	      434.1078090600	      139.6566279375	      123.9229889343	      137.1801653060	      142.6923175920	      135.9217740367	       12.1648401169	      651.0353327645	       17.3235994809	       69.0422544214	      113.3641505303	      754.4050016189	      350.7538623070	       36.7133185192	       15.2454467063	        6.3696896316	     1223.4945302242	      158.0893652166	       14.6275841826	      224.1186105052	       21.7130094436	       78.6098491678	       31.1542120139	        0.0000000000	        0.0000000000	        0.0000000000	        0.0000000000	        0.0000000000	        0.0000000000	        0.0000000000	        0.0000000000	        0.0000000000	        0.0000000000	        0.0000000000	        0.0000000000	        0.0000000000	        0.0000000000	        0.0000000000	        0.0000000000	        0.0000000000	        0.0000000000	        0.0000000000	        0.0000000000	        0.0000000000	        0.0000000000	        0.0000000000	        0.0000000000	        0.0000000000	        0.0000000000	        0.0000000000	        0.0000000000	        0.0000000000	        0.0000000000	        0.0000000000	        0.0000000000	        0.0000000000	        0.0000000000	        0.0000000000	        0.0000000000	        0.0000000000	        0.0000000000	        0.0000000000	        0.0000000000	        0.0000000000	        0.0000000000	        0.0000000000	        0.0000000000	        0.0000000000	        0.0000000000	        0.0000000000	        0.0000000000	        0.0000000000	        0.0000000000	        0.0000000000	        0.0000000000	        0.0000000000	        0.0000000000	        0.0000000000	        0.0000000000	        0.0000000000	        0.0000000000	        0.0000000000	        0.0000000000	        0.0000000000	        0.0000000000	        0.0000000000	        0.0626249272	       -0.0550964341	       -0.0473019339	        0.0261310113	        0.0201052289	        0.0000000000	        0.0000000000	        0.0000000000	        0.0000000000	        0.0000000000	        0.0000000000	        0.0000000000	        0.0000000000	        0.0000000000	        0.0000000000	        0.0000000000	        0.0000000000	        0.0000000000	        0.0000000000	        0.0000000000	        0.0000000000	        0.0000000000	        0.0000000000	        0.0000000000	        0.0000000000	        0.0000000000	        0.0000000000	        0.0000000000	        0.0000000000	        0.0000000000	        0.0000000000	        0.0000000000	        0.0000000000	        0.0000000000	        0.0000000000	        0.0000000000	        0.0000000000	        0.0000000000	        0.0000000000	        0.0000000000	        0.0000000000	        0.0000000000	        0.0000000000	        0.0000000000	
        1.6800000000	       32.4566146860	      294.6335879994	        6.3228586978	        6.1423413993	       11.1237755900	       10.4920006251	        9.0602642492	      163.7687654686	       10.2967360062	        4.7486848468	       14.2779993174	       59.6152763584	      125.8629707710	      702.3572929796	       13.2730713000	       14.6374463123	        8.9041979917	      411.8235686074	      135.0229436130	      119.0490476601	      134.4230072773	      139.2251044974	      131.4725425905	       13.2158570724	      634.5886843940	       17.7317055243	       71.2110058375	       98.3273458307	      721.9221945227	      415.8302495797	       34.8057171590	       15.9323882676	        7.2433318031	     1293.8176636393	      159.1828820738	       13.9153999168	      227.5257147289	       22.7834806649	       78.5125384510	       31.7035890085	        0.0000000000	        0.0000000000	        0.0000000000	        0.0000000000	        0.0000000000	        0.0000000000	        0.0000000000	        0.0000000000	        0.0000000000	        0.0000000000	        0.0000000000	        0.0000000000	        0.0000000000	        0.0000000000	        0.0000000000	        0.0000000000	        0.0000000000	        0.0000000000	        0.0000000000	        0.0000000000	        0.0000000000	        0.0000000000	        0.0000000000	        0.0000000000	        0.0000000000	        0.0000000000	        0.0000000000	        0.0000000000	        0.0000000000	        0.0000000000	        0.0000000000	        0.0000000000	        0.0000000000	        0.0000000000	        0.0000000000	        0.0000000000	        0.0000000000	        0.0000000000	        0.0000000000	        0.0000000000	        0.0000000000	        0.0000000000	        0.0000000000	        0.0000000000	        0.0000000000	        0.0000000000	        0.0000000000	        0.0000000000	        0.0000000000	        0.0000000000	        0.0000000000	        0.0000000000	        0.0000000000	        0.0000000000	        0.0000000000	        0.0000000000	        0.0000000000	        0.0000000000	        0.0000000000	        0.0000000000	        0.0000000000	        0.0000000000	        0.0000000000	        0.0569194847	       -0.0509377051	       -0.0286287669	        0.0193072757	        0.0129414224	        0.0000000000	        0.0000000000	        0.0000000000	        0.0000000000	        0.0000000000	        0.0000000000	        0.0000000000	        0.0000000000	        0.0000000000	        0.0000000000	        0.0000000000	        0.0000000000	        0.0000000000	        0.0000000000	        0.0000000000	        0.0000000000	        0.0000000000	        0.0000000000	        0.0000000000	        0.0000000000	        0.0000000000	        0.0000000000	        0.0000000000	        0.0000000000	        0.0000000000	        0.0000000000	        0.0000000000	        0.0000000000	        0.0000000000	        0.0000000000	        0.0000000000	        0.0000000000	        0.0000000000	        0.0000000000	        0.0000000000	        0.0000000000	        0.0000000000	        0.0000000000	        0.0000000000	
        1.6900000000	       36.8633968876	      309.3825771462	        7.1297554571	        6.6992894934	       12.4291424433	        9.3307694981	        8.7618129054	      153.2399235756	       11.6601024429	        5.7091527514	       14.3039866972	       59.8774683075	      124.5995130309	      697.8110880230	       13.8815575717	       14.7238145154	        9.1147784593	      381.3938521982	      127.4773642735	      111.8640791261	      129.5416025212	      134.0771088021	      126.0127157126	       14.2205063108	      603.5996915742	       17.7798866711	       71.7195514302	       84.7076371111	      669.4372759537	      478.4519448449	       31.8848649085	       17.3802390153	        8.2269339267	     1344.7682048371	      157.0960105019	       14.7687223433	      228.5032629310	       23.9478961409	       77.8399117334	       32.3036862925	        0.0000000000	        0.0000000000	        0.0000000000	        0.0000000000	        0.0000000000	        0.0000000000	        0.0000000000	        0.0000000000	        0.0000000000	        0.0000000000	        0.0000000000	        0.0000000000	        0.0000000000	        0.0000000000	        0.0000000000	        0.0000000000	        0.0000000000	        0.0000000000	        0.0000000000	        0.0000000000	        0.0000000000	        0.0000000000	        0.0000000000	        0.0000000000	        0.0000000000	        0.0000000000	        0.0000000000	        0.0000000000	        0.0000000000	        0.0000000000	        0.0000000000	        0.0000000000	        0.0000000000	        0.0000000000	        0.0000000000	        0.0000000000	        0.0000000000	        0.0000000000	        0.0000000000	        0.0000000000	        0.0000000000	        0.0000000000	        0.0000000000	        0.0000000000	        0.0000000000	        0.0000000000	        0.0000000000	        0.0000000000	        0.0000000000	        0.0000000000	        0.0000000000	        0.0000000000	        0.0000000000	        0.0000000000	        0.0000000000	        0.0000000000	        0.0000000000	        0.0000000000	        0.0000000000	        0.0000000000	        0.0000000000	        0.0000000000	        0.0000000000	        0.0493934211	       -0.0453271840	       -0.0049801343	        0.0148467298	        0.0033430971	        0.0000000000	        0.0000000000	        0.0000000000	        0.0000000000	        0.0000000000	        0.0000000000	        0.0000000000	        0.0000000000	        0.0000000000	        0.0000000000	        0.0000000000	        0.0000000000	        0.0000000000	        0.0000000000	        0.0000000000	        0.0000000000	        0.0000000000	        0.0000000000	        0.0000000000	        0.0000000000	        0.0000000000	        0.0000000000	        0.0000000000	        0.0000000000	        0.0000000000	        0.0000000000	        0.0000000000	        0.0000000000	        0.0000000000	        0.0000000000	        0.0000000000	        0.0000000000	        0.0000000000	        0.0000000000	        0.0000000000	        0.0000000000	        0.0000000000	        0.0000000000	        0.0000000000	
        1.7000000000	       41.7126141784	      319.1614271591	        7.6557437988	        6.9315392872	       14.3638522750	       10.4444261709	        8.5141656306	      141.0073701897	       13.2857365755	        6.6203324398	       13.9546893200	       58.4235900857	      120.7002301224	      672.2217167240	       14.2392278009	       14.9781357754	        9.3725092613	      346.1770718729	      117.4321632163	      102.6529925446	      122.6010800858	      127.2923467535	      119.5907556146	       15.2852227297	      555.3668749095	       17.2735389891	       70.1986074877	       72.3462034587	      603.9102103221	      532.4828146961	       29.0289724375	       17.7390108124	        8.8259810252	     1371.4268840321	      151.5479916168	       16.5662917447	      226.2048116714	       25.1271352847	       77.0905956491	       33.1055303341	        0.0000000000	        0.0000000000	        0.0000000000	        0.0000000000	        0.0000000000	        0.0000000000	        0.0000000000	        0.0000000000	        0.0000000000	        0.0000000000	        0.0000000000	        0.0000000000	        0.0000000000	        0.0000000000	        0.0000000000	        0.0000000000	        0.0000000000	        0.0000000000	        0.0000000000	        0.0000000000	        0.0000000000	        0.0000000000	        0.0000000000	        0.0000000000	        0.0000000000	        0.0000000000	        0.0000000000	        0.0000000000	        0.0000000000	        0.0000000000	        0.0000000000	        0.0000000000	        0.0000000000	        0.0000000000	        0.0000000000	        0.0000000000	        0.0000000000	        0.0000000000	        0.0000000000	        0.0000000000	        0.0000000000	        0.0000000000	        0.0000000000	        0.0000000000	        0.0000000000	        0.0000000000	        0.0000000000	        0.0000000000	        0.0000000000	        0.0000000000	        0.0000000000	        0.0000000000	        0.0000000000	        0.0000000000	        0.0000000000	        0.0000000000	        0.0000000000	        0.0000000000	        0.0000000000	        0.0000000000	        0.0000000000	        0.0000000000	        0.0000000000	        0.0393100002	       -0.0383321273	        0.0253738540	        0.0104433149	       -0.0060653973	        0.0000000000	        0.0000000000	        0.0000000000	        0.0000000000	        0.0000000000	        0.0000000000	        0.0000000000	        0.0000000000	        0.0000000000	        0.0000000000	        0.0000000000	        0.0000000000	        0.0000000000	        0.0000000000	        0.0000000000	        0.0000000000	        0.0000000000	        0.0000000000	        0.0000000000	        0.0000000000	        0.0000000000	        0.0000000000	        0.0000000000	        0.0000000000	        0.0000000000	        0.0000000000	        0.0000000000	        0.0000000000	        0.0000000000	        0.0000000000	        0.0000000000	        0.0000000000	        0.0000000000	        0.0000000000	        0.0000000000	        0.0000000000	        0.0000000000	        0.0000000000	        0.0000000000	
        1.7100000000	       46.4814618758	      324.9836782429	        8.1593552349	        7.1135937586	       16.3775449391	       11.6055495354	        8.2785877122	      127.2216935109	       15.0892729717	        7.5985845621	       13.2513135568	       54.9581362104	      114.0298177061	      625.1548677495	       14.5890010245	       15.3087346875	        9.7297905089	      306.4215302594	      104.5542985362	       91.3362723589	      114.2579347258	      119.2699341282	      112.3045446421	       16.2023458902	      499.7213960619	       16.4119027215	       66.2596837199	       64.9992075459	      525.8971445849	      573.9147749158	       25.4557306913	       17.9510477884	        9.3910199477	     1371.1848518132	      142.5086001569	       18.9123385624	      220.0195467945	       26.4265963397	       76.9693300478	       34.0345825695	        0.0000000000	        0.0000000000	        0.0000000000	        0.0000000000	        0.0000000000	        0.0000000000	        0.0000000000	        0.0000000000	        0.0000000000	        0.0000000000	        0.0000000000	        0.0000000000	        0.0000000000	        0.0000000000	        0.0000000000	        0.0000000000	        0.0000000000	        0.0000000000	        0.0000000000	        0.0000000000	        0.0000000000	        0.0000000000	        0.0000000000	        0.0000000000	        0.0000000000	        0.0000000000	        0.0000000000	        0.0000000000	        0.0000000000	        0.0000000000	        0.0000000000	        0.0000000000	        0.0000000000	        0.0000000000	        0.0000000000	        0.0000000000	        0.0000000000	        0.0000000000	        0.0000000000	        0.0000000000	        0.0000000000	        0.0000000000	        0.0000000000	        0.0000000000	        0.0000000000	        0.0000000000	        0.0000000000	        0.0000000000	        0.0000000000	        0.0000000000	        0.0000000000	        0.0000000000	        0.0000000000	        0.0000000000	        0.0000000000	        0.0000000000	        0.0000000000	        0.0000000000	        0.0000000000	        0.0000000000	        0.0000000000	        0.0000000000	        0.0000000000	        0.0263144376	       -0.0297646824	        0.0707840559	        0.0033665789	       -0.0164466382	        0.0000000000	        0.0000000000	        0.0000000000	        0.0000000000	        0.0000000000	        0.0000000000	        0.0000000000	        0.0000000000	        0.0000000000	        0.0000000000	        0.0000000000	        0.0000000000	        0.0000000000	        0.0000000000	        0.0000000000	        0.0000000000	        0.0000000000	        0.0000000000	        0.0000000000	        0.0000000000	        0.0000000000	        0.0000000000	        0.0000000000	        0.0000000000	        0.0000000000	        0.0000000000	        0.0000000000	        0.0000000000	        0.0000000000	        0.0000000000	        0.0000000000	        0.0000000000	        0.0000000000	        0.0000000000	        0.0000000000	        0.0000000000	        0.0000000000	        0.0000000000	        0.0000000000	
        1.7200000000	       51.3159258548	      328.4731028924	        8.7673840794	        7.3982156974	       18.5109852144	       12.7607547101	        8.0598720350	      112.7810712707	       17.6598574636	        8.8501590355	       12.3308084792	       50.3212386475	      104.7535258461	      559.4328641276	       14.9495134687	       15.6798001020	       10.8422926657	      264.9365452139	       91.5201966955	       80.1168263508	      105.1384090891	      110.8612636203	      104.9265598633	       17.0881244013	      435.3511425148	       15.4265130828	       60.9325792318	       57.7379854264	      445.4645924283	      603.0994197703	       21.6756177672	       18.1784510390	        9.9743841397	     1343.4727455582	      130.7475167843	       23.4064904249	      211.8579929389	       27.5711518219	       75.4565660526	       34.9793537050	        0.0000000000	        0.0000000000	        0.0000000000	        0.0000000000	        0.0000000000	        0.0000000000	        0.0000000000	        0.0000000000	        0.0000000000	        0.0000000000	        0.0000000000	        0.0000000000	        0.0000000000	        0.0000000000	        0.0000000000	        0.0000000000	        0.0000000000	        0.0000000000	        0.0000000000	        0.0000000000	        0.0000000000	        0.0000000000	        0.0000000000	        0.0000000000	        0.0000000000	        0.0000000000	        0.0000000000	        0.0000000000	        0.0000000000	        0.0000000000	        0.0000000000	        0.0000000000	        0.0000000000	        0.0000000000	        0.0000000000	        0.0000000000	        0.0000000000	        0.0000000000	        0.0000000000	        0.0000000000	        0.0000000000	        0.0000000000	        0.0000000000	        0.0000000000	        0.0000000000	        0.0000000000	        0.0000000000	        0.0000000000	        0.0000000000	        0.0000000000	        0.0000000000	        0.0000000000	        0.0000000000	        0.0000000000	        0.0000000000	        0.0000000000	        0.0000000000	        0.0000000000	        0.0000000000	        0.0000000000	        0.0000000000	        0.0000000000	        0.0000000000	        0.0128836485	       -0.0202158946	        0.1190615660	       -0.0048247692	       -0.0271583773	        0.0000000000	        0.0000000000	        0.0000000000	        0.0000000000	        0.0000000000	        0.0000000000	        0.0000000000	        0.0000000000	        0.0000000000	        0.0000000000	        0.0000000000	        0.0000000000	        0.0000000000	        0.0000000000	        0.0000000000	        0.0000000000	        0.0000000000	        0.0000000000	        0.0000000000	        0.0000000000	        0.0000000000	        0.0000000000	        0.0000000000	        0.0000000000	        0.0000000000	        0.0000000000	        0.0000000000	        0.0000000000	        0.0000000000	        0.0000000000	        0.0000000000	        0.0000000000	        0.0000000000	        0.0000000000	        0.0000000000	        0.0000000000	        0.0000000000	        0.0000000000	        0.0000000000	
        1.7300000000	       55.9257316179	      329.4273294653	        9.4792462057	        7.8146229953	       20.6665592460	       13.8358783552	        7.8662837388	       98.3990390472	       21.0650988575	       10.3657863059	       11.3381504588	       45.3556783831	       93.3650527719	      480.4296483473	       15.3455592901	       16.0737144049	       12.6214551175	      222.4481819179	       78.7287283993	       69.4405606366	       95.8547839183	      102.5827292812	       97.7749067774	       17.9104119620	      366.1965761429	       14.4214036555	       55.2375634409	       50.6317510363	      368.2878866106	      619.1919732806	       18.0418074657	       18.3949525971	       10.5451222775	     1286.5013465424	      117.7949978149	       30.2097194038	      203.0806131597	       28.4347831704	       72.3930529227	       35.9413791385	        0.0000000000	        0.0000000000	        0.0000000000	        0.0000000000	        0.0000000000	        0.0000000000	        0.0000000000	        0.0000000000	        0.0000000000	        0.0000000000	        0.0000000000	        0.0000000000	        0.0000000000	        0.0000000000	        0.0000000000	        0.0000000000	        0.0000000000	        0.0000000000	        0.0000000000	        0.0000000000	        0.0000000000	        0.0000000000	        0.0000000000	        0.0000000000	        0.0000000000	        0.0000000000	        0.0000000000	        0.0000000000	        0.0000000000	        0.0000000000	        0.0000000000	        0.0000000000	        0.0000000000	        0.0000000000	        0.0000000000	        0.0000000000	        0.0000000000	        0.0000000000	        0.0000000000	        0.0000000000	        0.0000000000	        0.0000000000	        0.0000000000	        0.0000000000	        0.0000000000	        0.0000000000	        0.0000000000	        0.0000000000	        0.0000000000	        0.0000000000	        0.0000000000	        0.0000000000	        0.0000000000	        0.0000000000	        0.0000000000	        0.0000000000	        0.0000000000	        0.0000000000	        0.0000000000	        0.0000000000	        0.0000000000	        0.0000000000	        0.0000000000	        0.0005210932	       -0.0096875481	        0.1612302246	       -0.0124126865	       -0.0365889999	        0.0000000000	        0.0000000000	        0.0000000000	        0.0000000000	        0.0000000000	        0.0000000000	        0.0000000000	        0.0000000000	        0.0000000000	        0.0000000000	        0.0000000000	        0.0000000000	        0.0000000000	        0.0000000000	        0.0000000000	        0.0000000000	        0.0000000000	        0.0000000000	        0.0000000000	        0.0000000000	        0.0000000000	        0.0000000000	        0.0000000000	        0.0000000000	        0.0000000000	        0.0000000000	        0.0000000000	        0.0000000000	        0.0000000000	        0.0000000000	        0.0000000000	        0.0000000000	        0.0000000000	        0.0000000000	        0.0000000000	        0.0000000000	        0.0000000000	        0.0000000000	        0.0000000000	
        1.7400000000	       60.2597226206	      330.1129744249	       10.2436606040	        8.3095530490	       22.8018409969	       14.8270150530	        7.7082759426	       84.7165862667	       24.8552517612	       11.9784311410	       10.3919142197	       40.6284061845	       80.5892839531	      394.9018779810	       15.9757319509	       16.4807266555	       14.6657235473	      181.8021064262	       67.2929968460	       60.1305185501	       87.0807110252	       94.9586406373	       91.2938127331	       18.7310570550	      296.0827300162	       13.5437391785	       49.8440040772	       43.7943458890	      302.1114557954	      618.2491872971	       14.8162367169	       18.6239357715	       11.1075209219	     1198.4307745007	      105.3324720668	       38.0291997422	      194.5149570399	       29.2647830853	       72.1970467310	       36.8899409348	        0.0000000000	        0.0000000000	        0.0000000000	        0.0000000000	        0.0000000000	        0.0000000000	        0.0000000000	        0.0000000000	        0.0000000000	        0.0000000000	        0.0000000000	        0.0000000000	        0.0000000000	        0.0000000000	        0.0000000000	        0.0000000000	        0.0000000000	        0.0000000000	        0.0000000000	        0.0000000000	        0.0000000000	        0.0000000000	        0.0000000000	        0.0000000000	        0.0000000000	        0.0000000000	        0.0000000000	        0.0000000000	        0.0000000000	        0.0000000000	        0.0000000000	        0.0000000000	        0.0000000000	        0.0000000000	        0.0000000000	        0.0000000000	        0.0000000000	        0.0000000000	        0.0000000000	        0.0000000000	        0.0000000000	        0.0000000000	        0.0000000000	        0.0000000000	        0.0000000000	        0.0000000000	        0.0000000000	        0.0000000000	        0.0000000000	        0.0000000000	        0.0000000000	        0.0000000000	        0.0000000000	        0.0000000000	        0.0000000000	        0.0000000000	        0.0000000000	        0.0000000000	        0.0000000000	        0.0000000000	        0.0000000000	        0.0000000000	        0.0000000000	       -0.0071452092	        0.0020348053	        0.1835412942	       -0.0144058577	       -0.0430844250	        0.0000000000	        0.0000000000	        0.0000000000	        0.0000000000	        0.0000000000	        0.0000000000	        0.0000000000	        0.0000000000	        0.0000000000	        0.0000000000	        0.0000000000	        0.0000000000	        0.0000000000	        0.0000000000	        0.0000000000	        0.0000000000	        0.0000000000	        0.0000000000	        0.0000000000	        0.0000000000	        0.0000000000	        0.0000000000	        0.0000000000	        0.0000000000	        0.0000000000	        0.0000000000	        0.0000000000	        0.0000000000	        0.0000000000	        0.0000000000	        0.0000000000	        0.0000000000	        0.0000000000	        0.0000000000	        0.0000000000	        0.0000000000	        0.0000000000	        0.0000000000	        0.0000000000	
        1.7500000000	       64.3727161890	      331.2340567878	       11.0125654963	        8.8088711844	       24.9201177116	       15.7653837477	        7.6154120708	       72.1151359531	       28.5829688774	       13.5182917298	        9.5924080543	       36.5748060635	       67.2851480367	      309.8602734741	       16.8558608777	       16.8977308800	       16.7870886937	      144.8528719479	       57.2970375296	       52.2713691126	       79.1097573188	       88.1192351281	       85.5446101198	       19.6268143142	      230.1537779840	       12.8249882251	       45.2558476589	       38.3450457994	      246.5384614797	      603.4509488366	       12.0544904615	       18.9167510349	       11.6820746623	     1080.0486160052	       94.4309646273	       45.6855526382	      186.8198094945	       29.9622052991	       73.4132501697	       37.7674741851	        0.0000000000	        0.0000000000	        0.0000000000	        0.0000000000	        0.0000000000	        0.0000000000	        0.0000000000	        0.0000000000	        0.0000000000	        0.0000000000	        0.0000000000	        0.0000000000	        0.0000000000	        0.0000000000	        0.0000000000	        0.0000000000	        0.0000000000	        0.0000000000	        0.0000000000	        0.0000000000	        0.0000000000	        0.0000000000	        0.0000000000	        0.0000000000	        0.0000000000	        0.0000000000	        0.0000000000	        0.0000000000	        0.0000000000	        0.0000000000	        0.0000000000	        0.0000000000	        0.0000000000	        0.0000000000	        0.0000000000	        0.0000000000	        0.0000000000	        0.0000000000	        0.0000000000	        0.0000000000	        0.0000000000	        0.0000000000	        0.0000000000	        0.0000000000	        0.0000000000	        0.0000000000	        0.0000000000	        0.0000000000	        0.0000000000	        0.0000000000	        0.0000000000	        0.0000000000	        0.0000000000	        0.0000000000	        0.0000000000	        0.0000000000	        0.0000000000	        0.0000000000	        0.0000000000	        0.0000000000	        0.0000000000	        0.0000000000	        0.0000000000	       -0.0072847458	        0.0149914326	        0.1683111114	       -0.0084498564	       -0.0474189930	        0.0000000000	        0.0000000000	        0.0000000000	        0.0000000000	        0.0000000000	        0.0000000000	        0.0000000000	        0.0000000000	        0.0000000000	        0.0000000000	        0.0000000000	        0.0000000000	        0.0000000000	        0.0000000000	        0.0000000000	        0.0000000000	        0.0000000000	        0.0000000000	        0.0000000000	        0.0000000000	        0.0000000000	        0.0000000000	        0.0000000000	        0.0000000000	        0.0000000000	        0.0000000000	        0.0000000000	        0.0000000000	        0.0000000000	        0.0000000000	        0.0000000000	        0.0000000000	        0.0000000000	        0.0000000000	        0.0000000000	        0.0000000000	        0.0000000000	        0.0000000000	        0.0000000000	
        1.7600000000	       67.9165696168	      336.6573352910	       11.7138991635	        9.2071833855	       26.9608701523	       16.6465200469	        7.4888197028	       60.9464377856	       31.6189034525	       14.8083700310	        8.9850870194	       33.3633128918	       54.2714644647	      231.3615620861	       18.2959858062	       17.3757843058	       18.8323427056	      115.0402661631	       49.8153722411	       46.8256580118	       72.3218867376	       82.3784790953	       80.8927307088	       20.8080745706	      170.0738785877	       12.3834285481	       41.6559249544	       33.1120003198	      200.6604108549	      578.4314593331	        9.8193852770	       19.1448936645	       12.3110345508	      934.4083332081	       85.4603515530	       51.3470942793	      180.3187334167	       30.6649830928	       74.9686672280	       38.5347407805	        0.0000000000	        0.0000000000	        0.0000000000	        0.0000000000	        0.0000000000	        0.0000000000	        0.0000000000	        0.0000000000	        0.0000000000	        0.0000000000	        0.0000000000	        0.0000000000	        0.0000000000	        0.0000000000	        0.0000000000	        0.0000000000	        0.0000000000	        0.0000000000	        0.0000000000	        0.0000000000	        0.0000000000	        0.0000000000	        0.0000000000	        0.0000000000	        0.0000000000	        0.0000000000	        0.0000000000	        0.0000000000	        0.0000000000	        0.0000000000	        0.0000000000	        0.0000000000	        0.0000000000	        0.0000000000	        0.0000000000	        0.0000000000	        0.0000000000	        0.0000000000	        0.0000000000	        0.0000000000	        0.0000000000	        0.0000000000	        0.0000000000	        0.0000000000	        0.0000000000	        0.0000000000	        0.0000000000	        0.0000000000	        0.0000000000	        0.0000000000	        0.0000000000	        0.0000000000	        0.0000000000	        0.0000000000	        0.0000000000	        0.0000000000	        0.0000000000	        0.0000000000	        0.0000000000	        0.0000000000	        0.0000000000	        0.0000000000	        0.0000000000	        0.0038097305	        0.0279933616	        0.0851360997	        0.0105042826	       -0.0467659061	        0.0000000000	        0.0000000000	        0.0000000000	        0.0000000000	        0.0000000000	        0.0000000000	        0.0000000000	        0.0000000000	        0.0000000000	        0.0000000000	        0.0000000000	        0.0000000000	        0.0000000000	        0.0000000000	        0.0000000000	        0.0000000000	        0.0000000000	        0.0000000000	        0.0000000000	        0.0000000000	        0.0000000000	        0.0000000000	        0.0000000000	        0.0000000000	        0.0000000000	        0.0000000000	        0.0000000000	        0.0000000000	        0.0000000000	        0.0000000000	        0.0000000000	        0.0000000000	        0.0000000000	        0.0000000000	        0.0000000000	        0.0000000000	        0.0000000000	        0.0000000000	        0.0000000000	
        1.7700000000	       69.7412528704	      341.5991804212	       12.0725517646	        9.3207873545	       28.9463770287	       19.3259813356	       12.0712736411	       51.8577082460	       34.2968173696	       15.6393119808	        8.6154152354	       30.8907760298	       42.3210672864	      164.3949722673	       19.4522280880	       19.2718819560	       22.0898664661	       92.5350347452	       42.7834096381	       41.4139132507	       66.4399585043	       77.1363661736	       76.6595848629	       21.9738241971	      128.7934995300	       12.0059807173	       38.8840025013	       35.3432944055	      167.9022935001	      554.6840071814	        9.0355530893	       21.5590915155	       13.4451360733	      771.7192930377	       78.0303371838	       57.4956034721	      174.6758181170	       30.8054643608	       76.4125599775	       39.1619547713	        0.0000000000	        0.0000000000	        0.0000000000	        0.0000000000	        0.0000000000	        0.0000000000	        0.0000000000	        0.0000000000	        0.0000000000	        0.0000000000	        0.0000000000	        0.0000000000	        0.0000000000	        0.0000000000	        0.0000000000	        0.0000000000	        0.0000000000	        0.0000000000	        0.0000000000	        0.0000000000	        0.0000000000	        0.0000000000	        0.0000000000	        0.0000000000	        0.0000000000	        0.0000000000	        0.0000000000	        0.0000000000	        0.0000000000	        0.0000000000	        0.0000000000	        0.0000000000	        0.0000000000	        0.0000000000	        0.0000000000	        0.0000000000	        0.0000000000	        0.0000000000	        0.0000000000	        0.0000000000	        0.0000000000	        0.0000000000	        0.0000000000	        0.0000000000	        0.0000000000	        0.0000000000	        0.0000000000	        0.0000000000	        0.0000000000	        0.0000000000	        0.0000000000	        0.0000000000	        0.0000000000	        0.0000000000	        0.0000000000	        0.0000000000	        0.0000000000	        0.0000000000	        0.0000000000	        0.0000000000	        0.0000000000	        0.0000000000	        0.0000000000	        0.0172292128	        0.0366221330	        0.0148940698	        0.0294346820	       -0.0437912855	        0.0000000000	        0.0000000000	        0.0000000000	        0.0000000000	        0.0000000000	        0.0000000000	        0.0000000000	        0.0000000000	        0.0000000000	        0.0000000000	        0.0000000000	        0.0000000000	        0.0000000000	        0.0000000000	        0.0000000000	        0.0000000000	        0.0000000000	        0.0000000000	        0.0000000000	        0.0000000000	        0.0000000000	        0.0000000000	        0.0000000000	        0.0000000000	        0.0000000000	        0.0000000000	        0.0000000000	        0.0000000000	        0.0000000000	        0.0000000000	        0.0000000000	        0.0000000000	        0.0000000000	        0.0000000000	        0.0000000000	        0.0000000000	        0.0000000000	        0.0000000000	        0.0000000000	
        1.7800000000	       70.3013070060	      341.9227013256	       11.6061996518	        8.8153108651	       30.9108965263	       24.1916508264	        9.9634831064	       43.7268142548	       36.4378393685	       15.9342134516	        8.0202342100	       27.8065350758	       31.9096388153	      110.7491364266	       19.0331774315	       20.3141468300	       24.8435043223	       73.5311806036	       35.6655236564	       35.2803502645	       61.1126049482	       72.1338777849	       72.6040268840	       22.4023325277	       94.8732946013	       11.1551787021	       35.2250283707	       48.2904588057	      146.9708946597	      514.1028927084	        9.5372990966	       18.6257870316	       12.4780067296	      603.9120382962	       70.7400348687	       64.3522084568	      167.1676180655	       30.5430913097	       77.5565056952	       39.6351420829	        0.0000000000	        0.0000000000	        0.0000000000	        0.0000000000	        0.0000000000	        0.0000000000	        0.0000000000	        0.0000000000	        0.0000000000	        0.0000000000	        0.0000000000	        0.0000000000	        0.0000000000	        0.0000000000	        0.0000000000	        0.0000000000	        0.0000000000	        0.0000000000	        0.0000000000	        0.0000000000	        0.0000000000	        0.0000000000	        0.0000000000	        0.0000000000	        0.0000000000	        0.0000000000	        0.0000000000	        0.0000000000	        0.0000000000	        0.0000000000	        0.0000000000	        0.0000000000	        0.0000000000	        0.0000000000	        0.0000000000	        0.0000000000	        0.0000000000	        0.0000000000	        0.0000000000	        0.0000000000	        0.0000000000	        0.0000000000	        0.0000000000	        0.0000000000	        0.0000000000	        0.0000000000	        0.0000000000	        0.0000000000	        0.0000000000	        0.0000000000	        0.0000000000	        0.0000000000	        0.0000000000	        0.0000000000	        0.0000000000	        0.0000000000	        0.0000000000	        0.0000000000	        0.0000000000	        0.0000000000	        0.0000000000	        0.0000000000	        0.0000000000	        0.0271253616	        0.0370119508	       -0.0002888351	        0.0453753301	       -0.0365247699	        0.0000000000	        0.0000000000	        0.0000000000	        0.0000000000	        0.0000000000	        0.0000000000	        0.0000000000	        0.0000000000	        0.0000000000	        0.0000000000	        0.0000000000	        0.0000000000	        0.0000000000	        0.0000000000	        0.0000000000	        0.0000000000	        0.0000000000	        0.0000000000	        0.0000000000	        0.0000000000	        0.0000000000	        0.0000000000	        0.0000000000	        0.0000000000	        0.0000000000	        0.0000000000	        0.0000000000	        0.0000000000	        0.0000000000	        0.0000000000	        0.0000000000	        0.0000000000	        0.0000000000	        0.0000000000	        0.0000000000	        0.0000000000	        0.0000000000	        0.0000000000	        0.0000000000	
        1.7900000000	       72.2896737024	      326.9634334955	       10.7955832002	        8.0597659888	       33.4694315146	       31.7270604360	        8.5180515072	       37.7056521259	       38.8684534469	       16.0826627749	        7.4786986290	       23.9136387791	       23.0632462092	       69.7565734609	       17.7162591959	       21.5199037224	       28.6012882078	       57.4153469834	       29.4829801695	       29.7431177925	       56.5858015229	       67.8176346250	       69.2296013863	       23.3485784182	       67.0026609885	       10.2854644061	       30.4724153862	       63.9349803757	      169.9928367334	      472.9790126157	       11.8386933864	       14.9789970128	       11.0283140252	      444.0263962893	       63.8452998433	       72.2006236942	      157.8919578014	       29.9146974804	       78.3280556980	       39.9499513273	        0.0000000000	        0.0000000000	        0.0000000000	        0.0000000000	        0.0000000000	        0.0000000000	        0.0000000000	        0.0000000000	        0.0000000000	        0.0000000000	        0.0000000000	        0.0000000000	        0.0000000000	        0.0000000000	        0.0000000000	        0.0000000000	        0.0000000000	        0.0000000000	        0.0000000000	        0.0000000000	        0.0000000000	        0.0000000000	        0.0000000000	        0.0000000000	        0.0000000000	        0.0000000000	        0.0000000000	        0.0000000000	        0.0000000000	        0.0000000000	        0.0000000000	        0.0000000000	        0.0000000000	        0.0000000000	        0.0000000000	        0.0000000000	        0.0000000000	        0.0000000000	        0.0000000000	        0.0000000000	        0.0000000000	        0.0000000000	        0.0000000000	        0.0000000000	        0.0000000000	        0.0000000000	        0.0000000000	        0.0000000000	        0.0000000000	        0.0000000000	        0.0000000000	        0.0000000000	        0.0000000000	        0.0000000000	        0.0000000000	        0.0000000000	        0.0000000000	        0.0000000000	        0.0000000000	        0.0000000000	        0.0000000000	        0.0000000000	        0.0000000000	        0.0363531488	        0.0358437956	        0.0306104607	        0.0532980511	       -0.0224147456	        0.0000000000	        0.0000000000	        0.0000000000	        0.0000000000	        0.0000000000	        0.0000000000	        0.0000000000	        0.0000000000	        0.0000000000	        0.0000000000	        0.0000000000	        0.0000000000	        0.0000000000	        0.0000000000	        0.0000000000	        0.0000000000	        0.0000000000	        0.0000000000	        0.0000000000	        0.0000000000	        0.0000000000	        0.0000000000	        0.0000000000	        0.0000000000	        0.0000000000	        0.0000000000	        0.0000000000	        0.0000000000	        0.0000000000	        0.0000000000	        0.0000000000	        0.0000000000	        0.0000000000	        0.0000000000	        0.0000000000	        0.0000000000	        0.0000000000	        0.0000000000	        0.0000000000	
        1.8000000000	       64.7226384542	      347.7416765449	        9.7196029551	        7.3989708157	       32.1303932270	       33.8775143519	        7.9252402754	       32.5247693149	       41.6521125479	       15.6638592466	        6.5495268558	       20.2662287355	       16.2667367146	       47.3133724924	       16.8876505927	       23.5807989931	       29.2445340347	       49.0183036597	       25.9896530490	       26.3521660900	       53.1989718055	       64.6608663547	       66.9528854034	       21.3828026924	       53.4879781057	        9.1004799342	       25.9249988113	       92.6900298865	      143.5147161293	      434.7598198139	       13.2838281332	       12.1162896453	        9.6018200659	      302.1344897266	       58.2269771117	       90.4947040511	      149.2803051742	       29.1139966614	       78.7167649077	       40.1124586277	        0.0000000000	        0.0000000000	        0.0000000000	        0.0000000000	        0.0000000000	        0.0000000000	        0.0000000000	        0.0000000000	        0.0000000000	        0.0000000000	        0.0000000000	        0.0000000000	        0.0000000000	        0.0000000000	        0.0000000000	        0.0000000000	        0.0000000000	        0.0000000000	        0.0000000000	        0.0000000000	        0.0000000000	        0.0000000000	        0.0000000000	        0.0000000000	        0.0000000000	        0.0000000000	        0.0000000000	        0.0000000000	        0.0000000000	        0.0000000000	        0.0000000000	        0.0000000000	        0.0000000000	        0.0000000000	        0.0000000000	        0.0000000000	        0.0000000000	        0.0000000000	        0.0000000000	        0.0000000000	        0.0000000000	        0.0000000000	        0.0000000000	        0.0000000000	        0.0000000000	        0.0000000000	        0.0000000000	        0.0000000000	        0.0000000000	        0.0000000000	        0.0000000000	        0.0000000000	        0.0000000000	        0.0000000000	        0.0000000000	        0.0000000000	        0.0000000000	        0.0000000000	        0.0000000000	        0.0000000000	        0.0000000000	        0.0000000000	        0.0000000000	        0.0685378041	       -0.0008855905	        0.1091823127	        0.0854679078	        0.0108717236	        0.0000000000	        0.0000000000	        0.0000000000	        0.0000000000	        0.0000000000	        0.0000000000	        0.0000000000	        0.0000000000	        0.0000000000	        0.0000000000	        0.0000000000	        0.0000000000	        0.0000000000	        0.0000000000	        0.0000000000	        0.0000000000	        0.0000000000	        0.0000000000	        0.0000000000	        0.0000000000	        0.0000000000	        0.0000000000	        0.0000000000	        0.0000000000	        0.0000000000	        0.0000000000	        0.0000000000	        0.0000000000	        0.0000000000	        0.0000000000	        0.0000000000	        0.0000000000	        0.0000000000	        0.0000000000	        0.0000000000	        0.0000000000	        0.0000000000	        0.0000000000	        0.0000000000	
        1.8100000000	       76.7973585842	      269.9318263649	        9.2514657359	        6.7648069408	       40.4172143768	       52.8673822607	       11.9858896651	       32.3711777896	       47.1317592350	       17.1695596165	        6.7004699414	       16.7917404299	       11.9581574873	       27.4307120156	       15.9715124113	       29.1077111915	       40.5719567660	       37.0751875604	       22.3681600478	       24.3789345805	       50.0735290895	       61.7679715845	       65.2094061817	       25.7382154030	       35.3318569101	        8.8220153262	       21.5998467609	       90.4735061695	      312.5052529852	      412.6279115748	       21.4841772588	       10.2804489467	        8.5985453895	      220.3920906664	       52.1976258543	      136.9115424944	      140.3606783274	       29.6683807227	       78.7963732745	       40.1677072097	        0.0000000000	        0.0000000000	        0.0000000000	        0.0000000000	        0.0000000000	        0.0000000000	        0.0000000000	        0.0000000000	        0.0000000000	        0.0000000000	        0.0000000000	        0.0000000000	        0.0000000000	        0.0000000000	        0.0000000000	        0.0000000000	        0.0000000000	        0.0000000000	        0.0000000000	        0.0000000000	        0.0000000000	        0.0000000000	        0.0000000000	        0.0000000000	        0.0000000000	        0.0000000000	        0.0000000000	        0.0000000000	        0.0000000000	        0.0000000000	        0.0000000000	        0.0000000000	        0.0000000000	        0.0000000000	        0.0000000000	        0.0000000000	        0.0000000000	        0.0000000000	        0.0000000000	        0.0000000000	        0.0000000000	        0.0000000000	        0.0000000000	        0.0000000000	        0.0000000000	        0.0000000000	        0.0000000000	        0.0000000000	        0.0000000000	        0.0000000000	        0.0000000000	        0.0000000000	        0.0000000000	        0.0000000000	        0.0000000000	        0.0000000000	        0.0000000000	        0.0000000000	        0.0000000000	        0.0000000000	        0.0000000000	        0.0000000000	        0.0000000000	        0.0577123181	        0.0203737632	        0.1306480159	        0.0512924751	        0.0473521711	        0.0000000000	        0.0000000000	        0.0000000000	        0.0000000000	        0.0000000000	        0.0000000000	        0.0000000000	        0.0000000000	        0.0000000000	        0.0000000000	        0.0000000000	        0.0000000000	        0.0000000000	        0.0000000000	        0.0000000000	        0.0000000000	        0.0000000000	        0.0000000000	        0.0000000000	        0.0000000000	        0.0000000000	        0.0000000000	        0.0000000000	        0.0000000000	        0.0000000000	        0.0000000000	        0.0000000000	        0.0000000000	        0.0000000000	        0.0000000000	        0.0000000000	        0.0000000000	        0.0000000000	        0.0000000000	        0.0000000000	        0.0000000000	        0.0000000000	        0.0000000000	        0.0000000000	
        1.8200000000	       61.7483361811	      344.8129422189	        8.3022149840	        6.4349765349	       34.3410255142	       43.3866883865	       10.7390672468	       28.1401835169	       51.8567511466	       15.5690499712	        5.9254936920	       15.4717765472	       10.1909771014	       29.2720163644	       14.6214967681	       26.1488626767	       34.3828902222	       40.2690866838	       22.7433478593	       24.0806961249	       48.6717855546	       60.5542291896	       64.6274658067	       21.2647083433	       40.0201237987	        7.9721912904	       19.8970372122	      152.1973143784	      180.2147672305	      383.0690904678	       19.4766222755	        9.3848225619	        7.9859980037	      175.0955926546	       48.2288175250	      214.8079567897	      136.8760574432	       28.0679888844	       78.4495024665	       40.0276591210	        0.0000000000	        0.0000000000	        0.0000000000	        0.0000000000	        0.0000000000	        0.0000000000	        0.0000000000	        0.0000000000	        0.0000000000	        0.0000000000	        0.0000000000	        0.0000000000	        0.0000000000	        0.0000000000	        0.0000000000	        0.0000000000	        0.0000000000	        0.0000000000	        0.0000000000	        0.0000000000	        0.0000000000	        0.0000000000	        0.0000000000	        0.0000000000	        0.0000000000	        0.0000000000	        0.0000000000	        0.0000000000	        0.0000000000	        0.0000000000	        0.0000000000	        0.0000000000	        0.0000000000	        0.0000000000	        0.0000000000	        0.0000000000	        0.0000000000	        0.0000000000	        0.0000000000	        0.0000000000	        0.0000000000	        0.0000000000	        0.0000000000	        0.0000000000	        0.0000000000	        0.0000000000	        0.0000000000	        0.0000000000	        0.0000000000	        0.0000000000	        0.0000000000	        0.0000000000	        0.0000000000	        0.0000000000	        0.0000000000	        0.0000000000	        0.0000000000	        0.0000000000	        0.0000000000	        0.0000000000	        0.0000000000	        0.0000000000	        0.0000000000	        0.0795829210	       -0.0274318573	        0.2819013136	        0.0884378548	        0.0814179830	        0.0000000000	        0.0000000000	        0.0000000000	        0.0000000000	        0.0000000000	        0.0000000000	        0.0000000000	        0.0000000000	        0.0000000000	        0.0000000000	        0.0000000000	        0.0000000000	        0.0000000000	        0.0000000000	        0.0000000000	        0.0000000000	        0.0000000000	        0.0000000000	        0.0000000000	        0.0000000000	        0.0000000000	        0.0000000000	        0.0000000000	        0.0000000000	        0.0000000000	        0.0000000000	        0.0000000000	        0.0000000000	        0.0000000000	        0.0000000000	        0.0000000000	        0.0000000000	        0.0000000000	        0.0000000000	        0.0000000000	        0.0000000000	        0.0000000000	        0.0000000000	        0.0000000000	
        1.8300000000	       81.4053131412	      213.5734992979	        8.4785169099	        6.3870229370	       48.1736536757	       70.3254086727	       18.2982542457	       32.2155681621	       51.5486781531	       16.7367294477	        6.8148746939	       14.2107539113	        9.8133872693	       17.1178414814	       15.1115643272	       34.5858346433	       51.4518791535	       31.7218672018	       21.4388865501	       24.2684000026	       46.3667517978	       58.6740418150	       63.8924639624	       29.6630832170	       26.5268832539	        8.6912571757	       18.3143662748	      123.4320816004	      449.8159668927	      379.8031040025	       30.7040428791	        9.0239155416	        7.7719301431	      175.5965014365	       42.6502618236	      291.2420027013	      132.4861682415	       29.9531746581	       78.0395574371	       39.9521078710	        0.0000000000	        0.0000000000	        0.0000000000	        0.0000000000	        0.0000000000	        0.0000000000	        0.0000000000	        0.0000000000	        0.0000000000	        0.0000000000	        0.0000000000	        0.0000000000	        0.0000000000	        0.0000000000	        0.0000000000	        0.0000000000	        0.0000000000	        0.0000000000	        0.0000000000	        0.0000000000	        0.0000000000	        0.0000000000	        0.0000000000	        0.0000000000	        0.0000000000	        0.0000000000	        0.0000000000	        0.0000000000	        0.0000000000	        0.0000000000	        0.0000000000	        0.0000000000	        0.0000000000	        0.0000000000	        0.0000000000	        0.0000000000	        0.0000000000	        0.0000000000	        0.0000000000	        0.0000000000	        0.0000000000	        0.0000000000	        0.0000000000	        0.0000000000	        0.0000000000	        0.0000000000	        0.0000000000	        0.0000000000	        0.0000000000	        0.0000000000	        0.0000000000	        0.0000000000	        0.0000000000	        0.0000000000	        0.0000000000	        0.0000000000	        0.0000000000	        0.0000000000	        0.0000000000	        0.0000000000	        0.0000000000	        0.0000000000	        0.0000000000	        0.0614455974	        0.0166498323	        0.1016572619	        0.0282753643	        0.0873965515	        0.0000000000	        0.0000000000	        0.0000000000	        0.0000000000	        0.0000000000	        0.0000000000	        0.0000000000	        0.0000000000	        0.0000000000	        0.0000000000	        0.0000000000	        0.0000000000	        0.0000000000	        0.0000000000	        0.0000000000	        0.0000000000	        0.0000000000	        0.0000000000	        0.0000000000	        0.0000000000	        0.0000000000	        0.0000000000	        0.0000000000	        0.0000000000	        0.0000000000	        0.0000000000	        0.0000000000	        0.0000000000	        0.0000000000	        0.0000000000	        0.0000000000	        0.0000000000	        0.0000000000	        0.0000000000	        0.0000000000	        0.0000000000	        0.0000000000	        0.0000000000	        0.0000000000	
        1.8400000000	       66.7488671167	      303.4554180445	        7.5430724892	        6.4394543727	       40.3923897060	       56.0270341251	       16.0256125698	       29.1091070497	       54.6608244590	       15.0861127003	        6.5406109428	       14.0673593628	        9.9758520717	       21.6251730575	       14.0060770413	       28.4388836765	       40.6633826117	       39.6251205686	       23.4852810547	       24.8772497866	       45.4656216840	       57.8464156174	       63.6983685768	       25.6458404068	       28.3743897511	        8.2481147564	       18.0726490307	      200.3375417434	      275.9197932245	      356.3094862987	       27.9244138713	        9.2346863998	        7.6610861563	      159.4944823438	       38.7993313661	      333.3030222699	      131.9246655566	       27.9156517707	       77.0568863145	       39.5047452709	        0.0000000000	        0.0000000000	        0.0000000000	        0.0000000000	        0.0000000000	        0.0000000000	        0.0000000000	        0.0000000000	        0.0000000000	        0.0000000000	        0.0000000000	        0.0000000000	        0.0000000000	        0.0000000000	        0.0000000000	        0.0000000000	        0.0000000000	        0.0000000000	        0.0000000000	        0.0000000000	        0.0000000000	        0.0000000000	        0.0000000000	        0.0000000000	        0.0000000000	        0.0000000000	        0.0000000000	        0.0000000000	        0.0000000000	        0.0000000000	        0.0000000000	        0.0000000000	        0.0000000000	        0.0000000000	        0.0000000000	        0.0000000000	        0.0000000000	        0.0000000000	        0.0000000000	        0.0000000000	        0.0000000000	        0.0000000000	        0.0000000000	        0.0000000000	        0.0000000000	        0.0000000000	        0.0000000000	        0.0000000000	        0.0000000000	        0.0000000000	        0.0000000000	        0.0000000000	        0.0000000000	        0.0000000000	        0.0000000000	        0.0000000000	        0.0000000000	        0.0000000000	        0.0000000000	        0.0000000000	        0.0000000000	        0.0000000000	        0.0000000000	        0.0845837026	       -0.0341302018	        0.2606428272	        0.1031990196	        0.0871016583	        0.0000000000	        0.0000000000	        0.0000000000	        0.0000000000	        0.0000000000	        0.0000000000	        0.0000000000	        0.0000000000	        0.0000000000	        0.0000000000	        0.0000000000	        0.0000000000	        0.0000000000	        0.0000000000	        0.0000000000	        0.0000000000	        0.0000000000	        0.0000000000	        0.0000000000	        0.0000000000	        0.0000000000	        0.0000000000	        0.0000000000	        0.0000000000	        0.0000000000	        0.0000000000	        0.0000000000	        0.0000000000	        0.0000000000	        0.0000000000	        0.0000000000	        0.0000000000	        0.0000000000	        0.0000000000	        0.0000000000	        0.0000000000	        0.0000000000	        0.0000000000	        0.0000000000	
        1.8500000000	       80.5199338946	      189.4488150274	        7.9045668927	        6.5267384273	       51.2652970863	       76.2616522559	       23.0269480963	       33.5801222757	       50.7382978627	       14.7994967899	        7.1263568860	       13.3367015903	       10.2999509712	       13.5791539579	       14.7026872094	       36.2577644806	       54.6575182793	       31.7248062886	       22.0827906014	       25.1443279259	       43.5203885579	       56.2598712853	       63.0453164307	       32.6222546532	       22.0733399932	        8.8193837124	       17.1283102606	      174.0260098526	      488.9562465258	      355.7547224284	       36.4626306903	        9.9000371382	        7.5860924797	      159.5780442634	       33.6230734362	      350.7387805078	      129.4654140482	       29.7168121330	       76.6151010742	       39.5865590016	        0.0000000000	        0.0000000000	        0.0000000000	        0.0000000000	        0.0000000000	        0.0000000000	        0.0000000000	        0.0000000000	        0.0000000000	        0.0000000000	        0.0000000000	        0.0000000000	        0.0000000000	        0.0000000000	        0.0000000000	        0.0000000000	        0.0000000000	        0.0000000000	        0.0000000000	        0.0000000000	        0.0000000000	        0.0000000000	        0.0000000000	        0.0000000000	        0.0000000000	        0.0000000000	        0.0000000000	        0.0000000000	        0.0000000000	        0.0000000000	        0.0000000000	        0.0000000000	        0.0000000000	        0.0000000000	        0.0000000000	        0.0000000000	        0.0000000000	        0.0000000000	        0.0000000000	        0.0000000000	        0.0000000000	        0.0000000000	        0.0000000000	        0.0000000000	        0.0000000000	        0.0000000000	        0.0000000000	        0.0000000000	        0.0000000000	        0.0000000000	        0.0000000000	        0.0000000000	        0.0000000000	        0.0000000000	        0.0000000000	        0.0000000000	        0.0000000000	        0.0000000000	        0.0000000000	        0.0000000000	        0.0000000000	        0.0000000000	        0.0000000000	        0.0696681469	        0.0011517473	        0.0911973772	        0.0366620003	        0.0907288124	        0.0000000000	        0.0000000000	        0.0000000000	        0.0000000000	        0.0000000000	        0.0000000000	        0.0000000000	        0.0000000000	        0.0000000000	        0.0000000000	        0.0000000000	        0.0000000000	        0.0000000000	        0.0000000000	        0.0000000000	        0.0000000000	        0.0000000000	        0.0000000000	        0.0000000000	        0.0000000000	        0.0000000000	        0.0000000000	        0.0000000000	        0.0000000000	        0.0000000000	        0.0000000000	        0.0000000000	        0.0000000000	        0.0000000000	        0.0000000000	        0.0000000000	        0.0000000000	        0.0000000000	        0.0000000000	        0.0000000000	        0.0000000000	        0.0000000000	        0.0000000000	        0.0000000000	
        1.8600000000	       71.4255646531	      248.1890270317	        7.3224234709	        6.6173560613	       45.9601025471	       66.1081619150	       22.0339523744	       32.3847524629	       52.8838740509	       14.6527318676	        7.0663378949	       13.1893089553	       11.0688771572	       15.2446077831	       14.1563134647	       32.3716463960	       47.2106637743	       36.0717650053	       23.3520777733	       25.6394400625	       42.4822898054	       55.2288861136	       62.6362374017	       30.4329592981	       20.8880888169	        8.5275763719	       16.8861892131	      235.8870713233	      352.3161616265	      340.5886425470	       34.9104498679	       10.9794914559	        7.5869044984	      151.2501323880	       29.6686966427	      339.6884668290	      129.4403416052	       28.1262156523	       73.7113635589	       38.5327679253	        0.0000000000	        0.0000000000	        0.0000000000	        0.0000000000	        0.0000000000	        0.0000000000	        0.0000000000	        0.0000000000	        0.0000000000	        0.0000000000	        0.0000000000	        0.0000000000	        0.0000000000	        0.0000000000	        0.0000000000	        0.0000000000	        0.0000000000	        0.0000000000	        0.0000000000	        0.0000000000	        0.0000000000	        0.0000000000	        0.0000000000	        0.0000000000	        0.0000000000	        0.0000000000	        0.0000000000	        0.0000000000	        0.0000000000	        0.0000000000	        0.0000000000	        0.0000000000	        0.0000000000	        0.0000000000	        0.0000000000	        0.0000000000	        0.0000000000	        0.0000000000	        0.0000000000	        0.0000000000	        0.0000000000	        0.0000000000	        0.0000000000	        0.0000000000	        0.0000000000	        0.0000000000	        0.0000000000	        0.0000000000	        0.0000000000	        0.0000000000	        0.0000000000	        0.0000000000	        0.0000000000	        0.0000000000	        0.0000000000	        0.0000000000	        0.0000000000	        0.0000000000	        0.0000000000	        0.0000000000	        0.0000000000	        0.0000000000	        0.0000000000	        0.0786502738	       -0.0276409707	        0.2017542229	        0.0783953783	        0.0898804297	        0.0000000000	        0.0000000000	        0.0000000000	        0.0000000000	        0.0000000000	        0.0000000000	        0.0000000000	        0.0000000000	        0.0000000000	        0.0000000000	        0.0000000000	        0.0000000000	        0.0000000000	        0.0000000000	        0.0000000000	        0.0000000000	        0.0000000000	        0.0000000000	        0.0000000000	        0.0000000000	        0.0000000000	        0.0000000000	        0.0000000000	        0.0000000000	        0.0000000000	        0.0000000000	        0.0000000000	        0.0000000000	        0.0000000000	        0.0000000000	        0.0000000000	        0.0000000000	        0.0000000000	        0.0000000000	        0.0000000000	        0.0000000000	        0.0000000000	        0.0000000000	        0.0000000000	
        1.8700000000	       76.7460846078	      176.0227147827	        7.7869526472	        6.7098919588	       51.8038007020	       77.6174047269	       28.2666493990	       36.2632315097	       49.7551815152	       13.6935579313	        7.0722599032	       12.1022499176	       11.7005201886	       13.7180128298	       15.7473869255	       41.7742607989	       58.0225906856	       30.6546814329	       22.4326051588	       26.0002593702	       41.1437371789	       54.0799958358	       62.2611796925	       33.9661231767	       23.5301873561	        8.3734786639	       15.4756329738	      220.3778551496	      478.3311402177	      329.5343506499	       40.0668477892	       12.4843825674	        7.2821733795	      143.3126241628	       25.5454952245	      310.6432011010	      127.1207997755	       29.6123922367	       83.4066705374	       40.9938013405	        0.0000000000	        0.0000000000	        0.0000000000	        0.0000000000	        0.0000000000	        0.0000000000	        0.0000000000	        0.0000000000	        0.0000000000	        0.0000000000	        0.0000000000	        0.0000000000	        0.0000000000	        0.0000000000	        0.0000000000	        0.0000000000	        0.0000000000	        0.0000000000	        0.0000000000	        0.0000000000	        0.0000000000	        0.0000000000	        0.0000000000	        0.0000000000	        0.0000000000	        0.0000000000	        0.0000000000	        0.0000000000	        0.0000000000	        0.0000000000	        0.0000000000	        0.0000000000	        0.0000000000	        0.0000000000	        0.0000000000	        0.0000000000	        0.0000000000	        0.0000000000	        0.0000000000	        0.0000000000	        0.0000000000	        0.0000000000	        0.0000000000	        0.0000000000	        0.0000000000	        0.0000000000	        0.0000000000	        0.0000000000	        0.0000000000	        0.0000000000	        0.0000000000	        0.0000000000	        0.0000000000	        0.0000000000	        0.0000000000	        0.0000000000	        0.0000000000	        0.0000000000	        0.0000000000	        0.0000000000	        0.0000000000	        0.0000000000	        0.0000000000	        0.0657402723	       -0.0007204906	        0.0955391176	        0.0284308932	        0.0893852409	        0.0000000000	        0.0000000000	        0.0000000000	        0.0000000000	        0.0000000000	        0.0000000000	        0.0000000000	        0.0000000000	        0.0000000000	        0.0000000000	        0.0000000000	        0.0000000000	        0.0000000000	        0.0000000000	        0.0000000000	        0.0000000000	        0.0000000000	        0.0000000000	        0.0000000000	        0.0000000000	        0.0000000000	        0.0000000000	        0.0000000000	        0.0000000000	        0.0000000000	        0.0000000000	        0.0000000000	        0.0000000000	        0.0000000000	        0.0000000000	        0.0000000000	        0.0000000000	        0.0000000000	        0.0000000000	        0.0000000000	        0.0000000000	        0.0000000000	        0.0000000000	        0.0000000000	
        1.8800000000	       71.6472527799	      205.6773941298	        7.7069043949	        6.7897496944	       49.2616888618	       72.6393926770	       28.9240295974	       36.5029523387	       53.1374145223	       15.1400127602	        6.9183362544	       11.6674834639	       12.8283758264	       14.3697781895	       16.7124930555	       42.7283217942	       55.5537024950	       33.0623329584	       23.6393882539	       27.0254054685	       40.2874915110	       53.2693492675	       62.0264335705	       32.6942014058	       23.1065136239	        8.0967847630	       14.8858593307	      260.9933252086	      399.9352153068	      308.8527543213	       39.3769193508	       14.4179873226	        7.2995859876	      138.4300333183	       22.1934061995	      269.5495288153	      126.9516292287	       29.7924156546	       88.0646920917	       42.1303003297	        0.0000000000	        0.0000000000	        0.0000000000	        0.0000000000	        0.0000000000	        0.0000000000	        0.0000000000	        0.0000000000	        0.0000000000	        0.0000000000	        0.0000000000	        0.0000000000	        0.0000000000	        0.0000000000	        0.0000000000	        0.0000000000	        0.0000000000	        0.0000000000	        0.0000000000	        0.0000000000	        0.0000000000	        0.0000000000	        0.0000000000	        0.0000000000	        0.0000000000	        0.0000000000	        0.0000000000	        0.0000000000	        0.0000000000	        0.0000000000	        0.0000000000	        0.0000000000	        0.0000000000	        0.0000000000	        0.0000000000	        0.0000000000	        0.0000000000	        0.0000000000	        0.0000000000	        0.0000000000	        0.0000000000	        0.0000000000	        0.0000000000	        0.0000000000	        0.0000000000	        0.0000000000	        0.0000000000	        0.0000000000	        0.0000000000	        0.0000000000	        0.0000000000	        0.0000000000	        0.0000000000	        0.0000000000	        0.0000000000	        0.0000000000	        0.0000000000	        0.0000000000	        0.0000000000	        0.0000000000	        0.0000000000	        0.0000000000	        0.0000000000	        0.0647207553	       -0.0093476301	        0.1349638646	        0.0213002705	        0.0903079332	        0.0000000000	        0.0000000000	        0.0000000000	        0.0000000000	        0.0000000000	        0.0000000000	        0.0000000000	        0.0000000000	        0.0000000000	        0.0000000000	        0.0000000000	        0.0000000000	        0.0000000000	        0.0000000000	        0.0000000000	        0.0000000000	        0.0000000000	        0.0000000000	        0.0000000000	        0.0000000000	        0.0000000000	        0.0000000000	        0.0000000000	        0.0000000000	        0.0000000000	        0.0000000000	        0.0000000000	        0.0000000000	        0.0000000000	        0.0000000000	        0.0000000000	        0.0000000000	        0.0000000000	        0.0000000000	        0.0000000000	        0.0000000000	        0.0000000000	        0.0000000000	        0.0000000000	
        1.8900000000	       74.1211200022	      170.2852180577	        8.2592617574	        6.9541808133	       52.2936857095	       77.9729780831	       33.4740882514	       39.5104903441	       52.8832827946	       14.4800755728	        6.8886419805	       11.0694091933	       13.5352113157	       14.0141481573	       19.0822109122	       50.2298687274	       61.8306708046	       32.1687645131	       24.2129769326	       28.3613961807	       39.4548326409	       52.5321123089	       61.9694323423	       34.8100869321	       24.4986710208	        7.9767043475	       14.1036786386	      260.4331450093	      457.2783469087	      283.4977289012	       41.8958307606	       16.7002511698	        7.4214479240	      132.5354492559	       19.1129721443	      226.5296802169	      126.3966472086	       31.4576085370	      106.9185294257	       46.5494350362	        0.0000000000	        0.0000000000	        0.0000000000	        0.0000000000	        0.0000000000	        0.0000000000	        0.0000000000	        0.0000000000	        0.0000000000	        0.0000000000	        0.0000000000	        0.0000000000	        0.0000000000	        0.0000000000	        0.0000000000	        0.0000000000	        0.0000000000	        0.0000000000	        0.0000000000	        0.0000000000	        0.0000000000	        0.0000000000	        0.0000000000	        0.0000000000	        0.0000000000	        0.0000000000	        0.0000000000	        0.0000000000	        0.0000000000	        0.0000000000	        0.0000000000	        0.0000000000	        0.0000000000	        0.0000000000	        0.0000000000	        0.0000000000	        0.0000000000	        0.0000000000	        0.0000000000	        0.0000000000	        0.0000000000	        0.0000000000	        0.0000000000	        0.0000000000	        0.0000000000	        0.0000000000	        0.0000000000	        0.0000000000	        0.0000000000	        0.0000000000	        0.0000000000	        0.0000000000	        0.0000000000	        0.0000000000	        0.0000000000	        0.0000000000	        0.0000000000	        0.0000000000	        0.0000000000	        0.0000000000	        0.0000000000	        0.0000000000	        0.0000000000	        0.0558098340	        0.0080552483	        0.0805875393	       -0.0050248599	        0.0862272506	        0.0000000000	        0.0000000000	        0.0000000000	        0.0000000000	        0.0000000000	        0.0000000000	        0.0000000000	        0.0000000000	        0.0000000000	        0.0000000000	        0.0000000000	        0.0000000000	        0.0000000000	        0.0000000000	        0.0000000000	        0.0000000000	        0.0000000000	        0.0000000000	        0.0000000000	        0.0000000000	        0.0000000000	        0.0000000000	        0.0000000000	        0.0000000000	        0.0000000000	        0.0000000000	        0.0000000000	        0.0000000000	        0.0000000000	        0.0000000000	        0.0000000000	        0.0000000000	        0.0000000000	        0.0000000000	        0.0000000000	        0.0000000000	        0.0000000000	        0.0000000000	        0.0000000000	
        1.9000000000	       71.9203514102	      180.6025365780	        8.6809417557	        7.5524604700	       51.6686065635	       76.2671096439	       35.1694068103	       40.7154854067	       55.5633501371	       15.9396982883	        6.8695988571	       11.0170335401	       14.4486908516	       14.9045576118	       21.3585141788	       54.3608304294	       62.4744162241	       34.3674007667	       25.7986844810	       30.5522096077	       38.9044317043	       52.0885126784	       62.0800900299	       35.0516610867	       24.3393645247	        7.9236218821	       14.0030972872	      283.3164330432	      426.3194503414	      254.6521771348	       42.0761491769	       19.1572631941	        7.8056331516	      134.5658656991	       16.6573658866	      191.1899665580	      127.2517611393	       32.7144113519	      120.2240845729	       49.9609119833	        0.0000000000	        0.0000000000	        0.0000000000	        0.0000000000	        0.0000000000	        0.0000000000	        0.0000000000	        0.0000000000	        0.0000000000	        0.0000000000	        0.0000000000	        0.0000000000	        0.0000000000	        0.0000000000	        0.0000000000	        0.0000000000	        0.0000000000	        0.0000000000	        0.0000000000	        0.0000000000	        0.0000000000	        0.0000000000	        0.0000000000	        0.0000000000	        0.0000000000	        0.0000000000	        0.0000000000	        0.0000000000	        0.0000000000	        0.0000000000	        0.0000000000	        0.0000000000	        0.0000000000	        0.0000000000	        0.0000000000	        0.0000000000	        0.0000000000	        0.0000000000	        0.0000000000	        0.0000000000	        0.0000000000	        0.0000000000	        0.0000000000	        0.0000000000	        0.0000000000	        0.0000000000	        0.0000000000	        0.0000000000	        0.0000000000	        0.0000000000	        0.0000000000	        0.0000000000	        0.0000000000	        0.0000000000	        0.0000000000	        0.0000000000	        0.0000000000	        0.0000000000	        0.0000000000	        0.0000000000	        0.0000000000	        0.0000000000	        0.0000000000	        0.0539541835	        0.0095739741	        0.0465137316	       -0.0182386020	        0.0789171134	        0.0000000000	        0.0000000000	        0.0000000000	        0.0000000000	        0.0000000000	        0.0000000000	        0.0000000000	        0.0000000000	        0.0000000000	        0.0000000000	        0.0000000000	        0.0000000000	        0.0000000000	        0.0000000000	        0.0000000000	        0.0000000000	        0.0000000000	        0.0000000000	        0.0000000000	        0.0000000000	        0.0000000000	        0.0000000000	        0.0000000000	        0.0000000000	        0.0000000000	        0.0000000000	        0.0000000000	        0.0000000000	        0.0000000000	        0.0000000000	        0.0000000000	        0.0000000000	        0.0000000000	        0.0000000000	        0.0000000000	        0.0000000000	        0.0000000000	        0.0000000000	        0.0000000000	
        1.9100000000	       72.2000583809	      166.9626702935	        9.3570781450	        8.5147901613	       52.1774771190	       76.1318975264	       37.3560588008	       42.0544467929	       57.0006193854	       16.2581477625	        6.8078722758	       11.0743290066	       15.1200892859	       15.9150953995	       23.3107178474	       58.5695619837	       64.4579292951	       33.1414240796	       25.9252459487	       31.3316990566	       38.1689142461	       51.4351425872	       61.9600095938	       36.0103490168	       24.2036473034	        7.8837792255	       14.0433775597	      290.1404088693	      436.0613312890	      223.5275676058	       42.1326213173	       21.5782368887	        8.3961774652	      140.3089882942	       14.2833675337	      167.6454938002	      128.4263679443	       33.4353953243	      135.8713154645	       52.3594922416	        0.0000000000	        0.0000000000	        0.0000000000	        0.0000000000	        0.0000000000	        0.0000000000	        0.0000000000	        0.0000000000	        0.0000000000	        0.0000000000	        0.0000000000	        0.0000000000	        0.0000000000	        0.0000000000	        0.0000000000	        0.0000000000	        0.0000000000	        0.0000000000	        0.0000000000	        0.0000000000	        0.0000000000	        0.0000000000	        0.0000000000	        0.0000000000	        0.0000000000	        0.0000000000	        0.0000000000	        0.0000000000	        0.0000000000	        0.0000000000	        0.0000000000	        0.0000000000	        0.0000000000	        0.0000000000	        0.0000000000	        0.0000000000	        0.0000000000	        0.0000000000	        0.0000000000	        0.0000000000	        0.0000000000	        0.0000000000	        0.0000000000	        0.0000000000	        0.0000000000	        0.0000000000	        0.0000000000	        0.0000000000	        0.0000000000	        0.0000000000	        0.0000000000	        0.0000000000	        0.0000000000	        0.0000000000	        0.0000000000	        0.0000000000	        0.0000000000	        0.0000000000	        0.0000000000	        0.0000000000	        0.0000000000	        0.0000000000	        0.0000000000	        0.0488576562	        0.0175231782	        0.0132675154	       -0.0331948284	        0.0686609162	        0.0000000000	        0.0000000000	        0.0000000000	        0.0000000000	        0.0000000000	        0.0000000000	        0.0000000000	        0.0000000000	        0.0000000000	        0.0000000000	        0.0000000000	        0.0000000000	        0.0000000000	        0.0000000000	        0.0000000000	        0.0000000000	        0.0000000000	        0.0000000000	        0.0000000000	        0.0000000000	        0.0000000000	        0.0000000000	        0.0000000000	        0.0000000000	        0.0000000000	        0.0000000000	        0.0000000000	        0.0000000000	        0.0000000000	        0.0000000000	        0.0000000000	        0.0000000000	        0.0000000000	        0.0000000000	        0.0000000000	        0.0000000000	        0.0000000000	        0.0000000000	        0.0000000000	
        1.9200000000	       70.9777169187	      164.9252992294	        9.9328739733	        9.3135015925	       51.6284789950	       74.2371572686	       38.7180941857	       43.0008787358	       58.9728611790	       17.3349826437	        6.7270303147	       11.2711958886	       15.7270129532	       17.3252100824	       24.9136762849	       61.5811380151	       64.8805269346	       32.0197347212	       25.9895492512	       31.9712425619	       37.5767041607	       50.9683587804	       61.9383956807	       36.5004080820	       23.7330225352	        7.8559208179	       14.2610419075	      298.4519365380	      417.5156813754	      195.1138696377	       41.9257572976	       23.8197678651	        9.0574767378	      150.9225324518	       12.2829949466	      156.9873167858	      129.9350187371	       33.5230716473	      143.7123481808	       53.3596305879	        0.0000000000	        0.0000000000	        0.0000000000	        0.0000000000	        0.0000000000	        0.0000000000	        0.0000000000	        0.0000000000	        0.0000000000	        0.0000000000	        0.0000000000	        0.0000000000	        0.0000000000	        0.0000000000	        0.0000000000	        0.0000000000	        0.0000000000	        0.0000000000	        0.0000000000	        0.0000000000	        0.0000000000	        0.0000000000	        0.0000000000	        0.0000000000	        0.0000000000	        0.0000000000	        0.0000000000	        0.0000000000	        0.0000000000	        0.0000000000	        0.0000000000	        0.0000000000	        0.0000000000	        0.0000000000	        0.0000000000	        0.0000000000	        0.0000000000	        0.0000000000	        0.0000000000	        0.0000000000	        0.0000000000	        0.0000000000	        0.0000000000	        0.0000000000	        0.0000000000	        0.0000000000	        0.0000000000	        0.0000000000	        0.0000000000	        0.0000000000	        0.0000000000	        0.0000000000	        0.0000000000	        0.0000000000	        0.0000000000	        0.0000000000	        0.0000000000	        0.0000000000	        0.0000000000	        0.0000000000	        0.0000000000	        0.0000000000	        0.0000000000	        0.0466117207	        0.0185980083	       -0.0262848579	       -0.0433004971	        0.0532657566	        0.0000000000	        0.0000000000	        0.0000000000	        0.0000000000	        0.0000000000	        0.0000000000	        0.0000000000	        0.0000000000	        0.0000000000	        0.0000000000	        0.0000000000	        0.0000000000	        0.0000000000	        0.0000000000	        0.0000000000	        0.0000000000	        0.0000000000	        0.0000000000	        0.0000000000	        0.0000000000	        0.0000000000	        0.0000000000	        0.0000000000	        0.0000000000	        0.0000000000	        0.0000000000	        0.0000000000	        0.0000000000	        0.0000000000	        0.0000000000	        0.0000000000	        0.0000000000	        0.0000000000	        0.0000000000	        0.0000000000	        0.0000000000	        0.0000000000	        0.0000000000	        0.0000000000	
        1.9300000000	       70.7741260560	      159.0327310001	       10.3873954061	        9.9375980931	       51.7179468843	       73.5482147628	       40.7234731522	       44.5044163148	       60.9103142029	       18.1901982571	        6.6675198627	       11.3818871390	       16.3620950329	       18.8015864155	       26.1585635270	       64.2460140823	       65.8953554366	       31.4769381698	       26.2244866410	       32.6633438269	       37.2453740441	       50.7473177686	       62.1683822467	       37.3747487250	       23.6100646130	        7.8292578648	       14.3819353468	      303.4305413393	      409.2206242779	      167.4986109239	       42.0912175907	       25.9978051745	        9.6484514246	      159.9310739419	       10.7471572110	      154.3660526124	      131.1589816795	       33.2541790969	      149.3525308923	       53.6474635394	        0.0000000000	        0.0000000000	        0.0000000000	        0.0000000000	        0.0000000000	        0.0000000000	        0.0000000000	        0.0000000000	        0.0000000000	        0.0000000000	        0.0000000000	        0.0000000000	        0.0000000000	        0.0000000000	        0.0000000000	        0.0000000000	        0.0000000000	        0.0000000000	        0.0000000000	        0.0000000000	        0.0000000000	        0.0000000000	        0.0000000000	        0.0000000000	        0.0000000000	        0.0000000000	        0.0000000000	        0.0000000000	        0.0000000000	        0.0000000000	        0.0000000000	        0.0000000000	        0.0000000000	        0.0000000000	        0.0000000000	        0.0000000000	        0.0000000000	        0.0000000000	        0.0000000000	        0.0000000000	        0.0000000000	        0.0000000000	        0.0000000000	        0.0000000000	        0.0000000000	        0.0000000000	        0.0000000000	        0.0000000000	        0.0000000000	        0.0000000000	        0.0000000000	        0.0000000000	        0.0000000000	        0.0000000000	        0.0000000000	        0.0000000000	        0.0000000000	        0.0000000000	        0.0000000000	        0.0000000000	        0.0000000000	        0.0000000000	        0.0000000000	        0.0403415397	        0.0228213218	       -0.0604732722	       -0.0484893053	        0.0383643138	        0.0000000000	        0.0000000000	        0.0000000000	        0.0000000000	        0.0000000000	        0.0000000000	        0.0000000000	        0.0000000000	        0.0000000000	        0.0000000000	        0.0000000000	        0.0000000000	        0.0000000000	        0.0000000000	        0.0000000000	        0.0000000000	        0.0000000000	        0.0000000000	        0.0000000000	        0.0000000000	        0.0000000000	        0.0000000000	        0.0000000000	        0.0000000000	        0.0000000000	        0.0000000000	        0.0000000000	        0.0000000000	        0.0000000000	        0.0000000000	        0.0000000000	        0.0000000000	        0.0000000000	        0.0000000000	        0.0000000000	        0.0000000000	        0.0000000000	        0.0000000000	        0.0000000000	
        1.9400000000	       70.3738809423	      156.6468629853	       10.6193190994	       10.2755710814	       51.7317924658	       73.0456012508	       43.0091479492	       46.2797925621	       63.1570274276	       19.1494381762	        6.6006588030	       11.3515111991	       17.0635259036	       20.3018291708	       26.9351503378	       66.1001990216	       66.7280531974	       31.7092779771	       26.6882500512	       33.4499907291	       37.1276275824	       50.7265357419	       62.6420416893	       38.2099896821	       23.5616307571	        7.7595305048	       14.3410687132	      308.5565936091	      395.1962530912	      144.4005771013	       42.3713802155	       28.3946958344	       10.1022998389	      165.2710372520	        9.5697459227	      156.6821879584	      131.9722659416	       32.5329351163	      147.6510983720	       52.9277814793	        0.0000000000	        0.0000000000	        0.0000000000	        0.0000000000	        0.0000000000	        0.0000000000	        0.0000000000	        0.0000000000	        0.0000000000	        0.0000000000	        0.0000000000	        0.0000000000	        0.0000000000	        0.0000000000	        0.0000000000	        0.0000000000	        0.0000000000	        0.0000000000	        0.0000000000	        0.0000000000	        0.0000000000	        0.0000000000	        0.0000000000	        0.0000000000	        0.0000000000	        0.0000000000	        0.0000000000	        0.0000000000	        0.0000000000	        0.0000000000	        0.0000000000	        0.0000000000	        0.0000000000	        0.0000000000	        0.0000000000	        0.0000000000	        0.0000000000	        0.0000000000	        0.0000000000	        0.0000000000	        0.0000000000	        0.0000000000	        0.0000000000	        0.0000000000	        0.0000000000	        0.0000000000	        0.0000000000	        0.0000000000	        0.0000000000	        0.0000000000	        0.0000000000	        0.0000000000	        0.0000000000	        0.0000000000	        0.0000000000	        0.0000000000	        0.0000000000	        0.0000000000	        0.0000000000	        0.0000000000	        0.0000000000	        0.0000000000	        0.0000000000	        0.0316912027	        0.0278723048	       -0.0934854237	       -0.0472285102	        0.0268531252	        0.0000000000	        0.0000000000	        0.0000000000	        0.0000000000	        0.0000000000	        0.0000000000	        0.0000000000	        0.0000000000	        0.0000000000	        0.0000000000	        0.0000000000	        0.0000000000	        0.0000000000	        0.0000000000	        0.0000000000	        0.0000000000	        0.0000000000	        0.0000000000	        0.0000000000	        0.0000000000	        0.0000000000	        0.0000000000	        0.0000000000	        0.0000000000	        0.0000000000	        0.0000000000	        0.0000000000	        0.0000000000	        0.0000000000	        0.0000000000	        0.0000000000	        0.0000000000	        0.0000000000	        0.0000000000	        0.0000000000	        0.0000000000	        0.0000000000	        0.0000000000	        0.0000000000	
        1.9500000000	       70.0646076849	      153.1592946616	       10.6572541877	       10.3820759568	       51.8014179081	       72.8400023205	       45.9974727993	       48.5477506961	       65.3674024117	       19.9464855714	        6.5011873222	       11.1233035326	       17.7833187847	       21.6714676100	       27.1608469721	       67.0597629569	       67.5737786799	       32.0600401716	       27.0871661556	       34.0281856034	       37.1626841962	       50.8638845380	       63.2732003183	       39.0713042220	       23.6888647900	        7.6279043042	       14.0697350471	      311.7041688000	      384.0058388604	      126.1751649183	       42.8050021057	       31.1140593255	       10.4039935269	      165.2133755473	        8.6488206935	      161.0994123501	      132.2268577332	       31.2964630707	      139.9381454281	       51.0548698873	        0.0000000000	        0.0000000000	        0.0000000000	        0.0000000000	        0.0000000000	        0.0000000000	        0.0000000000	        0.0000000000	        0.0000000000	        0.0000000000	        0.0000000000	        0.0000000000	        0.0000000000	        0.0000000000	        0.0000000000	        0.0000000000	        0.0000000000	        0.0000000000	        0.0000000000	        0.0000000000	        0.0000000000	        0.0000000000	        0.0000000000	        0.0000000000	        0.0000000000	        0.0000000000	        0.0000000000	        0.0000000000	        0.0000000000	        0.0000000000	        0.0000000000	        0.0000000000	        0.0000000000	        0.0000000000	        0.0000000000	        0.0000000000	        0.0000000000	        0.0000000000	        0.0000000000	        0.0000000000	        0.0000000000	        0.0000000000	        0.0000000000	        0.0000000000	        0.0000000000	        0.0000000000	        0.0000000000	        0.0000000000	        0.0000000000	        0.0000000000	        0.0000000000	        0.0000000000	        0.0000000000	        0.0000000000	        0.0000000000	        0.0000000000	        0.0000000000	        0.0000000000	        0.0000000000	        0.0000000000	        0.0000000000	        0.0000000000	        0.0000000000	        0.0198989000	        0.0333615060	       -0.1130545799	       -0.0389203216	        0.0193665396	        0.0000000000	        0.0000000000	        0.0000000000	        0.0000000000	        0.0000000000	        0.0000000000	        0.0000000000	        0.0000000000	        0.0000000000	        0.0000000000	        0.0000000000	        0.0000000000	        0.0000000000	        0.0000000000	        0.0000000000	        0.0000000000	        0.0000000000	        0.0000000000	        0.0000000000	        0.0000000000	        0.0000000000	        0.0000000000	        0.0000000000	        0.0000000000	        0.0000000000	        0.0000000000	        0.0000000000	        0.0000000000	        0.0000000000	        0.0000000000	        0.0000000000	        0.0000000000	        0.0000000000	        0.0000000000	        0.0000000000	        0.0000000000	        0.0000000000	        0.0000000000	        0.0000000000	
        1.9600000000	       69.6880671742	      149.7192800332	       10.5481167500	       10.3036872124	       51.6599859599	       72.5160648357	       49.3468094877	       51.3537790258	       67.5132564576	       20.6547410089	        6.3921047914	       10.8085062605	       18.5304296698	       23.0912979760	       26.9649662382	       67.1085190796	       67.8354156418	       32.4084203895	       27.3894521823	       34.3939992398	       37.3175255969	       51.1313683834	       64.0239612636	       39.9546291256	       23.9826953564	        7.4770090237	       13.7026346764	      313.8356178594	      373.4490282282	      112.2769896991	       43.4869293592	       34.2245447481	       10.5934698313	      160.7241665045	        7.9186765380	      166.8093185951	      132.1230727273	       29.7901734628	      127.1972102747	       48.4524992879	        0.0000000000	        0.0000000000	        0.0000000000	        0.0000000000	        0.0000000000	        0.0000000000	        0.0000000000	        0.0000000000	        0.0000000000	        0.0000000000	        0.0000000000	        0.0000000000	        0.0000000000	        0.0000000000	        0.0000000000	        0.0000000000	        0.0000000000	        0.0000000000	        0.0000000000	        0.0000000000	        0.0000000000	        0.0000000000	        0.0000000000	        0.0000000000	        0.0000000000	        0.0000000000	        0.0000000000	        0.0000000000	        0.0000000000	        0.0000000000	        0.0000000000	        0.0000000000	        0.0000000000	        0.0000000000	        0.0000000000	        0.0000000000	        0.0000000000	        0.0000000000	        0.0000000000	        0.0000000000	        0.0000000000	        0.0000000000	        0.0000000000	        0.0000000000	        0.0000000000	        0.0000000000	        0.0000000000	        0.0000000000	        0.0000000000	        0.0000000000	        0.0000000000	        0.0000000000	        0.0000000000	        0.0000000000	        0.0000000000	        0.0000000000	        0.0000000000	        0.0000000000	        0.0000000000	        0.0000000000	        0.0000000000	        0.0000000000	        0.0000000000	        0.0084331806	        0.0355965821	       -0.1201136504	       -0.0246842438	        0.0162777556	        0.0000000000	        0.0000000000	        0.0000000000	        0.0000000000	        0.0000000000	        0.0000000000	        0.0000000000	        0.0000000000	        0.0000000000	        0.0000000000	        0.0000000000	        0.0000000000	        0.0000000000	        0.0000000000	        0.0000000000	        0.0000000000	        0.0000000000	        0.0000000000	        0.0000000000	        0.0000000000	        0.0000000000	        0.0000000000	        0.0000000000	        0.0000000000	        0.0000000000	        0.0000000000	        0.0000000000	        0.0000000000	        0.0000000000	        0.0000000000	        0.0000000000	        0.0000000000	        0.0000000000	        0.0000000000	        0.0000000000	        0.0000000000	        0.0000000000	        0.0000000000	        0.0000000000	
        1.9700000000	       68.3109785588	      145.9587113581	       10.2826095543	       10.0275013774	       50.4428058443	       71.4286725178	       57.5733583342	       54.7181768094	       69.4619581880	       21.2035569682	        6.2762006592	       10.3971020552	       19.3919730298	       24.7489898503	       26.2893750493	       65.7987886511	       66.0146827831	       32.5779802221	       27.4776139721	       34.4388831665	       37.5648210114	       51.5007449917	       64.8266741288	       39.9220917315	       24.2640933627	        7.2932097868	       13.2218426894	      315.5009012192	      374.4116042233	      104.2635745627	       44.2694214944	       41.1556097806	       11.3363961804	      152.7208725829	        7.3340815500	      172.8194504033	      131.5659133399	       27.9912325175	      117.4284150496	       45.4515008998	        0.0000000000	        0.0000000000	        0.0000000000	        0.0000000000	        0.0000000000	        0.0000000000	        0.0000000000	        0.0000000000	        0.0000000000	        0.0000000000	        0.0000000000	        0.0000000000	        0.0000000000	        0.0000000000	        0.0000000000	        0.0000000000	        0.0000000000	        0.0000000000	        0.0000000000	        0.0000000000	        0.0000000000	        0.0000000000	        0.0000000000	        0.0000000000	        0.0000000000	        0.0000000000	        0.0000000000	        0.0000000000	        0.0000000000	        0.0000000000	        0.0000000000	        0.0000000000	        0.0000000000	        0.0000000000	        0.0000000000	        0.0000000000	        0.0000000000	        0.0000000000	        0.0000000000	        0.0000000000	        0.0000000000	        0.0000000000	        0.0000000000	        0.0000000000	        0.0000000000	        0.0000000000	        0.0000000000	        0.0000000000	        0.0000000000	        0.0000000000	        0.0000000000	        0.0000000000	        0.0000000000	        0.0000000000	        0.0000000000	        0.0000000000	        0.0000000000	        0.0000000000	        0.0000000000	        0.0000000000	        0.0000000000	        0.0000000000	        0.0000000000	        0.0043824091	        0.0327168618	       -0.1174299907	       -0.0151362038	        0.0152934200	        0.0000000000	        0.0000000000	        0.0000000000	        0.0000000000	        0.0000000000	        0.0000000000	        0.0000000000	        0.0000000000	        0.0000000000	        0.0000000000	        0.0000000000	        0.0000000000	        0.0000000000	        0.0000000000	        0.0000000000	        0.0000000000	        0.0000000000	        0.0000000000	        0.0000000000	        0.0000000000	        0.0000000000	        0.0000000000	        0.0000000000	        0.0000000000	        0.0000000000	        0.0000000000	        0.0000000000	        0.0000000000	        0.0000000000	        0.0000000000	        0.0000000000	        0.0000000000	        0.0000000000	        0.0000000000	        0.0000000000	        0.0000000000	        0.0000000000	        0.0000000000	        0.0000000000	
        1.9800000000	       66.4934573362	      141.7696749625	        9.8395777322	        9.5315865954	       48.7310722053	       70.1822388180	       66.5121002740	       58.3253991073	       70.8105790882	       21.3741186833	        6.1311738264	        9.8501835736	       20.3801680132	       26.6889030217	       25.1498767046	       63.3582752446	       63.0390374240	       32.5124240617	       27.3546201234	       34.1831151685	       37.8813967897	       51.9432314557	       65.6344481835	       39.1763637110	       24.5437596397	        7.0610024225	       12.5775478713	      316.7207742077	      378.5876732862	       96.6067717992	       45.0447000722	       48.2912927174	       12.0009558448	      141.7078695849	        6.8575059929	      177.8363607889	      130.6143142469	       25.9743144767	      107.1521939846	       42.0983118193	        0.0000000000	        0.0000000000	        0.0000000000	        0.0000000000	        0.0000000000	        0.0000000000	        0.0000000000	        0.0000000000	        0.0000000000	        0.0000000000	        0.0000000000	        0.0000000000	        0.0000000000	        0.0000000000	        0.0000000000	        0.0000000000	        0.0000000000	        0.0000000000	        0.0000000000	        0.0000000000	        0.0000000000	        0.0000000000	        0.0000000000	        0.0000000000	        0.0000000000	        0.0000000000	        0.0000000000	        0.0000000000	        0.0000000000	        0.0000000000	        0.0000000000	        0.0000000000	        0.0000000000	        0.0000000000	        0.0000000000	        0.0000000000	        0.0000000000	        0.0000000000	        0.0000000000	        0.0000000000	        0.0000000000	        0.0000000000	        0.0000000000	        0.0000000000	        0.0000000000	        0.0000000000	        0.0000000000	        0.0000000000	        0.0000000000	        0.0000000000	        0.0000000000	        0.0000000000	        0.0000000000	        0.0000000000	        0.0000000000	        0.0000000000	        0.0000000000	        0.0000000000	        0.0000000000	        0.0000000000	        0.0000000000	        0.0000000000	        0.0000000000	        0.0054528702	        0.0273422146	       -0.1135845468	       -0.0109466444	        0.0152717921	        0.0000000000	        0.0000000000	        0.0000000000	        0.0000000000	        0.0000000000	        0.0000000000	        0.0000000000	        0.0000000000	        0.0000000000	        0.0000000000	        0.0000000000	        0.0000000000	        0.0000000000	        0.0000000000	        0.0000000000	        0.0000000000	        0.0000000000	        0.0000000000	        0.0000000000	        0.0000000000	        0.0000000000	        0.0000000000	        0.0000000000	        0.0000000000	        0.0000000000	        0.0000000000	        0.0000000000	        0.0000000000	        0.0000000000	        0.0000000000	        0.0000000000	        0.0000000000	        0.0000000000	        0.0000000000	        0.0000000000	        0.0000000000	        0.0000000000	        0.0000000000	        0.0000000000	
        1.9900000000	       64.5300287340	      136.9850611474	        9.3180381852	        8.9379366099	       46.8746746120	       68.7851527736	       74.5133715037	       62.3567691884	       71.3693001161	       21.1948745147	        5.9759925249	        9.3038304575	       21.4271858243	       29.0844898226	       23.8126995656	       60.4484849885	       59.7676178428	       32.3603048585	       27.1277511395	       33.7678728347	       38.2476829604	       52.4305896908	       66.4212918174	       38.1434385294	       24.8393222184	        6.8220419043	       11.9328880007	      317.4045819871	      383.6787314895	       87.7672493344	       45.8120283866	       54.3997666291	       12.4773305494	      129.1546970272	        6.4602793859	      181.6301028808	      129.9485849860	       23.9102883489	       96.0691995523	       38.5917300133	        0.0000000000	        0.0000000000	        0.0000000000	        0.0000000000	        0.0000000000	        0.0000000000	        0.0000000000	        0.0000000000	        0.0000000000	        0.0000000000	        0.0000000000	        0.0000000000	        0.0000000000	        0.0000000000	        0.0000000000	        0.0000000000	        0.0000000000	        0.0000000000	        0.0000000000	        0.0000000000	        0.0000000000	        0.0000000000	        0.0000000000	        0.0000000000	        0.0000000000	        0.0000000000	        0.0000000000	        0.0000000000	        0.0000000000	        0.0000000000	        0.0000000000	        0.0000000000	        0.0000000000	        0.0000000000	        0.0000000000	        0.0000000000	        0.0000000000	        0.0000000000	        0.0000000000	        0.0000000000	        0.0000000000	        0.0000000000	        0.0000000000	        0.0000000000	        0.0000000000	        0.0000000000	        0.0000000000	        0.0000000000	        0.0000000000	        0.0000000000	        0.0000000000	        0.0000000000	        0.0000000000	        0.0000000000	        0.0000000000	        0.0000000000	        0.0000000000	        0.0000000000	        0.0000000000	        0.0000000000	        0.0000000000	        0.0000000000	        0.0000000000	        0.0083202845	        0.0194742275	       -0.1055478911	       -0.0056129301	        0.0180072059	        0.0000000000	        0.0000000000	        0.0000000000	        0.0000000000	        0.0000000000	        0.0000000000	        0.0000000000	        0.0000000000	        0.0000000000	        0.0000000000	        0.0000000000	        0.0000000000	        0.0000000000	        0.0000000000	        0.0000000000	        0.0000000000	        0.0000000000	        0.0000000000	        0.0000000000	        0.0000000000	        0.0000000000	        0.0000000000	        0.0000000000	        0.0000000000	        0.0000000000	        0.0000000000	        0.0000000000	        0.0000000000	        0.0000000000	        0.0000000000	        0.0000000000	        0.0000000000	        0.0000000000	        0.0000000000	        0.0000000000	        0.0000000000	        0.0000000000	        0.0000000000	        0.0000000000	
        2.0000000000	       62.3311841840	      131.8874818096	        8.7837754618	        8.3317268376	       44.9055811171	       67.1766301926	       82.2649314864	       67.0310514327	       71.2653895731	       20.7866232060	        5.8296034343	        9.0009255373	       22.5658019590	       31.9312265277	       22.4476207437	       57.4997373363	       56.5551409971	       32.2779963185	       26.8781749635	       33.2999517948	       38.6454346503	       52.9323819520	       67.1644061351	       36.8767447515	       25.2761329566	        6.5950969457	       11.5804040309	      317.4989001036	      388.8477370064	       78.8855198138	       46.5489882558	       60.0726474709	       12.9433025113	      117.2127128333	        6.1328019352	      184.6467288504	      129.4451579539	       21.8884882899	       85.2451813085	       35.1319605388	        0.0000000000	        0.0000000000	        0.0000000000	        0.0000000000	        0.0000000000	        0.0000000000	        0.0000000000	        0.0000000000	        0.0000000000	        0.0000000000	        0.0000000000	        0.0000000000	        0.0000000000	        0.0000000000	        0.0000000000	        0.0000000000	        0.0000000000	        0.0000000000	        0.0000000000	        0.0000000000	        0.0000000000	        0.0000000000	        0.0000000000	        0.0000000000	        0.0000000000	        0.0000000000	        0.0000000000	        0.0000000000	        0.0000000000	        0.0000000000	        0.0000000000	        0.0000000000	        0.0000000000	        0.0000000000	        0.0000000000	        0.0000000000	        0.0000000000	        0.0000000000	        0.0000000000	        0.0000000000	        0.0000000000	        0.0000000000	        0.0000000000	        0.0000000000	        0.0000000000	        0.0000000000	        0.0000000000	        0.0000000000	        0.0000000000	        0.0000000000	        0.0000000000	        0.0000000000	        0.0000000000	        0.0000000000	        0.0000000000	        0.0000000000	        0.0000000000	        0.0000000000	        0.0000000000	        0.0000000000	        0.0000000000	        0.0000000000	        0.0000000000	        0.0124570467	        0.0092039824	       -0.0934997258	        0.0026817894	        0.0237809249	        0.0000000000	        0.0000000000	        0.0000000000	        0.0000000000	        0.0000000000	        0.0000000000	        0.0000000000	        0.0000000000	        0.0000000000	        0.0000000000	        0.0000000000	        0.0000000000	        0.0000000000	        0.0000000000	        0.0000000000	        0.0000000000	        0.0000000000	        0.0000000000	        0.0000000000	        0.0000000000	        0.0000000000	        0.0000000000	        0.0000000000	        0.0000000000	        0.0000000000	        0.0000000000	        0.0000000000	        0.0000000000	        0.0000000000	        0.0000000000	        0.0000000000	        0.0000000000	        0.0000000000	        0.0000000000	        0.0000000000	        0.0000000000	        0.0000000000	        0.0000000000	        0.0000000000	
        2.0100000000	       59.8351599608	      126.3681717243	        8.2646631882	        7.7594753200	       42.9113569666	       65.5192767097	       90.2206240069	       72.4649460269	       70.5481880600	       20.1669077103	        5.6878789312	        8.8694124651	       23.8677102526	       35.1884624302	       21.1551989205	       54.8639445990	       53.7605399361	       32.3755937091	       26.6667226818	       32.8622676487	       39.0608793238	       53.4186161993	       67.8414452633	       35.3659870808	       26.0217994633	        6.3707521370	       11.4317169196	      316.7945846306	      393.3759510389	       69.8149327976	       47.1828185432	       65.3693918191	       13.4490336647	      106.7060185910	        5.9004280141	      186.6286600989	      128.9954136901	       19.9661459805	       75.4961823951	       31.8870511522	        0.0000000000	        0.0000000000	        0.0000000000	        0.0000000000	        0.0000000000	        0.0000000000	        0.0000000000	        0.0000000000	        0.0000000000	        0.0000000000	        0.0000000000	        0.0000000000	        0.0000000000	        0.0000000000	        0.0000000000	        0.0000000000	        0.0000000000	        0.0000000000	        0.0000000000	        0.0000000000	        0.0000000000	        0.0000000000	        0.0000000000	        0.0000000000	        0.0000000000	        0.0000000000	        0.0000000000	        0.0000000000	        0.0000000000	        0.0000000000	        0.0000000000	        0.0000000000	        0.0000000000	        0.0000000000	        0.0000000000	        0.0000000000	        0.0000000000	        0.0000000000	        0.0000000000	        0.0000000000	        0.0000000000	        0.0000000000	        0.0000000000	        0.0000000000	        0.0000000000	        0.0000000000	        0.0000000000	        0.0000000000	        0.0000000000	        0.0000000000	        0.0000000000	        0.0000000000	        0.0000000000	        0.0000000000	        0.0000000000	        0.0000000000	        0.0000000000	        0.0000000000	        0.0000000000	        0.0000000000	        0.0000000000	        0.0000000000	        0.0000000000	        0.0170622295	       -0.0018869755	       -0.0813398586	        0.0126072685	        0.0305739256	        0.0000000000	        0.0000000000	        0.0000000000	        0.0000000000	        0.0000000000	        0.0000000000	        0.0000000000	        0.0000000000	        0.0000000000	        0.0000000000	        0.0000000000	        0.0000000000	        0.0000000000	        0.0000000000	        0.0000000000	        0.0000000000	        0.0000000000	        0.0000000000	        0.0000000000	        0.0000000000	        0.0000000000	        0.0000000000	        0.0000000000	        0.0000000000	        0.0000000000	        0.0000000000	        0.0000000000	        0.0000000000	        0.0000000000	        0.0000000000	        0.0000000000	        0.0000000000	        0.0000000000	        0.0000000000	        0.0000000000	        0.0000000000	        0.0000000000	        0.0000000000	        0.0000000000	
        2.0200000000	       57.0701421829	      120.3480074415	        7.8064775871	        7.2717447721	       40.9274565976	       63.7696451628	       98.6563425226	       78.7615996635	       69.2535106697	       19.3768941887	        5.5547941774	        8.8272710330	       25.3670711056	       38.8318912877	       20.0364468732	       52.6996267288	       51.4290294684	       32.5940428073	       26.4888675341	       32.4713350785	       39.4815364656	       53.8630498898	       68.3966917458	       33.6516977235	       26.7923344857	        6.1618920906	       11.3862828532	      315.0698049121	      395.8607554187	       60.8196647557	       47.5765650806	       70.6000348464	       14.1058110367	       97.6910394772	        5.7335764659	      187.1422606000	      128.5874597386	       18.2043730769	       67.1319815553	       28.9735963668	        0.0000000000	        0.0000000000	        0.0000000000	        0.0000000000	        0.0000000000	        0.0000000000	        0.0000000000	        0.0000000000	        0.0000000000	        0.0000000000	        0.0000000000	        0.0000000000	        0.0000000000	        0.0000000000	        0.0000000000	        0.0000000000	        0.0000000000	        0.0000000000	        0.0000000000	        0.0000000000	        0.0000000000	        0.0000000000	        0.0000000000	        0.0000000000	        0.0000000000	        0.0000000000	        0.0000000000	        0.0000000000	        0.0000000000	        0.0000000000	        0.0000000000	        0.0000000000	        0.0000000000	        0.0000000000	        0.0000000000	        0.0000000000	        0.0000000000	        0.0000000000	        0.0000000000	        0.0000000000	        0.0000000000	        0.0000000000	        0.0000000000	        0.0000000000	        0.0000000000	        0.0000000000	        0.0000000000	        0.0000000000	        0.0000000000	        0.0000000000	        0.0000000000	        0.0000000000	        0.0000000000	        0.0000000000	        0.0000000000	        0.0000000000	        0.0000000000	        0.0000000000	        0.0000000000	        0.0000000000	        0.0000000000	        0.0000000000	        0.0000000000	        0.0215583691	       -0.0132274061	       -0.0675753788	        0.0228441086	        0.0365832188	        0.0000000000	        0.0000000000	        0.0000000000	        0.0000000000	        0.0000000000	        0.0000000000	        0.0000000000	        0.0000000000	        0.0000000000	        0.0000000000	        0.0000000000	        0.0000000000	        0.0000000000	        0.0000000000	        0.0000000000	        0.0000000000	        0.0000000000	        0.0000000000	        0.0000000000	        0.0000000000	        0.0000000000	        0.0000000000	        0.0000000000	        0.0000000000	        0.0000000000	        0.0000000000	        0.0000000000	        0.0000000000	        0.0000000000	        0.0000000000	        0.0000000000	        0.0000000000	        0.0000000000	        0.0000000000	        0.0000000000	        0.0000000000	        0.0000000000	        0.0000000000	        0.0000000000	
        2.0300000000	       54.1155172115	      114.0162488313	        7.4413098575	        6.8903977318	       39.0411187763	       62.0576730764	      108.2363163351	       86.0899443699	       67.5120406485	       18.4820578104	        5.4527429926	        8.8365600479	       27.0815119439	       43.0378934226	       19.1969765968	       51.1943581756	       49.6677482668	       33.1858782453	       26.4632735599	       32.2579156340	       39.9211727280	       54.2621843236	       68.8357737137	       31.8579789630	       27.3625471303	        5.9980044002	       11.3976866907	      312.5201000603	      395.5481226754	       52.6936107159	       47.6931278027	       76.2182799245	       15.0414722502	       90.0258213904	        5.6339674773	      186.1932149261	      128.2448956042	       16.6769473309	       60.4270157493	       26.5220794680	        0.0000000000	        0.0000000000	        0.0000000000	        0.0000000000	        0.0000000000	        0.0000000000	        0.0000000000	        0.0000000000	        0.0000000000	        0.0000000000	        0.0000000000	        0.0000000000	        0.0000000000	        0.0000000000	        0.0000000000	        0.0000000000	        0.0000000000	        0.0000000000	        0.0000000000	        0.0000000000	        0.0000000000	        0.0000000000	        0.0000000000	        0.0000000000	        0.0000000000	        0.0000000000	        0.0000000000	        0.0000000000	        0.0000000000	        0.0000000000	        0.0000000000	        0.0000000000	        0.0000000000	        0.0000000000	        0.0000000000	        0.0000000000	        0.0000000000	        0.0000000000	        0.0000000000	        0.0000000000	        0.0000000000	        0.0000000000	        0.0000000000	        0.0000000000	        0.0000000000	        0.0000000000	        0.0000000000	        0.0000000000	        0.0000000000	        0.0000000000	        0.0000000000	        0.0000000000	        0.0000000000	        0.0000000000	        0.0000000000	        0.0000000000	        0.0000000000	        0.0000000000	        0.0000000000	        0.0000000000	        0.0000000000	        0.0000000000	        0.0000000000	        0.0255912469	       -0.0236142049	       -0.0575407000	        0.0319883712	        0.0418217666	        0.0000000000	        0.0000000000	        0.0000000000	        0.0000000000	        0.0000000000	        0.0000000000	        0.0000000000	        0.0000000000	        0.0000000000	        0.0000000000	        0.0000000000	        0.0000000000	        0.0000000000	        0.0000000000	        0.0000000000	        0.0000000000	        0.0000000000	        0.0000000000	        0.0000000000	        0.0000000000	        0.0000000000	        0.0000000000	        0.0000000000	        0.0000000000	        0.0000000000	        0.0000000000	        0.0000000000	        0.0000000000	        0.0000000000	        0.0000000000	        0.0000000000	        0.0000000000	        0.0000000000	        0.0000000000	        0.0000000000	        0.0000000000	        0.0000000000	        0.0000000000	        0.0000000000	
        2.0400000000	       51.0221282777	      107.4661549328	        7.1898730034	        6.6301561815	       37.3111666241	       60.5149687615	      119.6319904082	       94.6064234219	       65.4429317819	       17.5258514193	        5.4059961139	        8.8789646395	       29.0412910561	       47.7315928422	       18.7177483037	       50.5197367474	       48.5638068596	       34.3526709794	       26.6909156666	       32.3305507761	       40.3973609642	       54.6724510065	       69.1812299469	       30.0914851701	       27.5758430133	        5.8989802082	       11.4439920549	      309.3901388611	      392.6396320049	       45.7550785723	       47.5782144028	       82.4752236456	       16.3347033902	       83.3730460702	        5.6207573165	      183.8136214688	      127.9971975735	       15.4452959902	       55.5791410767	       24.6376661507	        0.0000000000	        0.0000000000	        0.0000000000	        0.0000000000	        0.0000000000	        0.0000000000	        0.0000000000	        0.0000000000	        0.0000000000	        0.0000000000	        0.0000000000	        0.0000000000	        0.0000000000	        0.0000000000	        0.0000000000	        0.0000000000	        0.0000000000	        0.0000000000	        0.0000000000	        0.0000000000	        0.0000000000	        0.0000000000	        0.0000000000	        0.0000000000	        0.0000000000	        0.0000000000	        0.0000000000	        0.0000000000	        0.0000000000	        0.0000000000	        0.0000000000	        0.0000000000	        0.0000000000	        0.0000000000	        0.0000000000	        0.0000000000	        0.0000000000	        0.0000000000	        0.0000000000	        0.0000000000	        0.0000000000	        0.0000000000	        0.0000000000	        0.0000000000	        0.0000000000	        0.0000000000	        0.0000000000	        0.0000000000	        0.0000000000	        0.0000000000	        0.0000000000	        0.0000000000	        0.0000000000	        0.0000000000	        0.0000000000	        0.0000000000	        0.0000000000	        0.0000000000	        0.0000000000	        0.0000000000	        0.0000000000	        0.0000000000	        0.0000000000	        0.0289137331	       -0.0319008546	       -0.0562700299	        0.0389680584	        0.0464248842	        0.0000000000	        0.0000000000	        0.0000000000	        0.0000000000	        0.0000000000	        0.0000000000	        0.0000000000	        0.0000000000	        0.0000000000	        0.0000000000	        0.0000000000	        0.0000000000	        0.0000000000	        0.0000000000	        0.0000000000	        0.0000000000	        0.0000000000	        0.0000000000	        0.0000000000	        0.0000000000	        0.0000000000	        0.0000000000	        0.0000000000	        0.0000000000	        0.0000000000	        0.0000000000	        0.0000000000	        0.0000000000	        0.0000000000	        0.0000000000	        0.0000000000	        0.0000000000	        0.0000000000	        0.0000000000	        0.0000000000	        0.0000000000	        0.0000000000	        0.0000000000	        0.0000000000	
        2.0500000000	       47.7391630778	      100.6027445297	        7.0666811009	        6.5065798344	       35.6782235626	       59.0311344677	      132.8285889809	      104.2942800601	       63.1834480870	       16.5719507495	        5.4097993705	        8.9427557749	       31.2477357364	       52.6092190516	       18.6006428792	       50.6836244287	       48.0632118512	       35.8889562021	       27.1028840242	       32.6292254590	       40.8759326733	       55.1047979349	       69.4214370613	       28.3620380456	       27.4084136795	        5.8563407239	       11.5117759978	      305.6337903283	      386.7927787373	       39.4887759855	       47.1819038816	       89.2580389039	       17.9741182466	       77.4463972751	        5.6678328787	      180.0788746447	      127.8672147346	       14.4950505198	       52.4092034006	       23.2792600069	        0.0000000000	        0.0000000000	        0.0000000000	        0.0000000000	        0.0000000000	        0.0000000000	        0.0000000000	        0.0000000000	        0.0000000000	        0.0000000000	        0.0000000000	        0.0000000000	        0.0000000000	        0.0000000000	        0.0000000000	        0.0000000000	        0.0000000000	        0.0000000000	        0.0000000000	        0.0000000000	        0.0000000000	        0.0000000000	        0.0000000000	        0.0000000000	        0.0000000000	        0.0000000000	        0.0000000000	        0.0000000000	        0.0000000000	        0.0000000000	        0.0000000000	        0.0000000000	        0.0000000000	        0.0000000000	        0.0000000000	        0.0000000000	        0.0000000000	        0.0000000000	        0.0000000000	        0.0000000000	        0.0000000000	        0.0000000000	        0.0000000000	        0.0000000000	        0.0000000000	        0.0000000000	        0.0000000000	        0.0000000000	        0.0000000000	        0.0000000000	        0.0000000000	        0.0000000000	        0.0000000000	        0.0000000000	        0.0000000000	        0.0000000000	        0.0000000000	        0.0000000000	        0.0000000000	        0.0000000000	        0.0000000000	        0.0000000000	        0.0000000000	        0.0312319291	       -0.0378376828	       -0.0596827912	        0.0436136865	        0.0499361534	        0.0000000000	        0.0000000000	        0.0000000000	        0.0000000000	        0.0000000000	        0.0000000000	        0.0000000000	        0.0000000000	        0.0000000000	        0.0000000000	        0.0000000000	        0.0000000000	        0.0000000000	        0.0000000000	        0.0000000000	        0.0000000000	        0.0000000000	        0.0000000000	        0.0000000000	        0.0000000000	        0.0000000000	        0.0000000000	        0.0000000000	        0.0000000000	        0.0000000000	        0.0000000000	        0.0000000000	        0.0000000000	        0.0000000000	        0.0000000000	        0.0000000000	        0.0000000000	        0.0000000000	        0.0000000000	        0.0000000000	        0.0000000000	        0.0000000000	        0.0000000000	        0.0000000000	
        2.0600000000	       44.2450322507	       93.4031068360	        7.0829348368	        6.5266944538	       34.0907094040	       57.4967051659	      147.5284007419	      115.0205363955	       60.9141726459	       15.6756885548	        5.4576685106	        9.0181178021	       33.6598001516	       57.5290805003	       18.8276052698	       51.6451055189	       48.0995595269	       37.5844211962	       27.6182865407	       33.0793820563	       41.3290760257	       55.5076984239	       69.5629759342	       26.6859790228	       26.9210405478	        5.8605436112	       11.5903055160	      301.2895855253	      377.5957068959	       33.4179896834	       46.4931858456	       96.3563133448	       19.9163902263	       72.1412991959	        5.7484900040	      175.4859841970	      127.8662556240	       13.8019386929	       50.6148589556	       22.3743205867	        0.0000000000	        0.0000000000	        0.0000000000	        0.0000000000	        0.0000000000	        0.0000000000	        0.0000000000	        0.0000000000	        0.0000000000	        0.0000000000	        0.0000000000	        0.0000000000	        0.0000000000	        0.0000000000	        0.0000000000	        0.0000000000	        0.0000000000	        0.0000000000	        0.0000000000	        0.0000000000	        0.0000000000	        0.0000000000	        0.0000000000	        0.0000000000	        0.0000000000	        0.0000000000	        0.0000000000	        0.0000000000	        0.0000000000	        0.0000000000	        0.0000000000	        0.0000000000	        0.0000000000	        0.0000000000	        0.0000000000	        0.0000000000	        0.0000000000	        0.0000000000	        0.0000000000	        0.0000000000	        0.0000000000	        0.0000000000	        0.0000000000	        0.0000000000	        0.0000000000	        0.0000000000	        0.0000000000	        0.0000000000	        0.0000000000	        0.0000000000	        0.0000000000	        0.0000000000	        0.0000000000	        0.0000000000	        0.0000000000	        0.0000000000	        0.0000000000	        0.0000000000	        0.0000000000	        0.0000000000	        0.0000000000	        0.0000000000	        0.0000000000	        0.0324727853	       -0.0415653702	       -0.0625057818	        0.0463070255	        0.0519987305	        0.0000000000	        0.0000000000	        0.0000000000	        0.0000000000	        0.0000000000	        0.0000000000	        0.0000000000	        0.0000000000	        0.0000000000	        0.0000000000	        0.0000000000	        0.0000000000	        0.0000000000	        0.0000000000	        0.0000000000	        0.0000000000	        0.0000000000	        0.0000000000	        0.0000000000	        0.0000000000	        0.0000000000	        0.0000000000	        0.0000000000	        0.0000000000	        0.0000000000	        0.0000000000	        0.0000000000	        0.0000000000	        0.0000000000	        0.0000000000	        0.0000000000	        0.0000000000	        0.0000000000	        0.0000000000	        0.0000000000	        0.0000000000	        0.0000000000	        0.0000000000	        0.0000000000	
        2.0700000000	       40.6833110011	       85.8894887526	        7.2627722052	        6.7057353373	       32.5658388027	       55.8276002302	      163.1798274259	      126.5472211294	       58.8225618597	       14.9447766652	        5.5364988194	        9.0960103656	       36.2210555140	       62.4914051510	       19.4028437711	       53.3225464347	       48.5798725286	       39.3915468691	       28.2152193398	       33.6566537964	       41.7449388309	       55.8701590356	       69.6383380484	       25.1478590652	       26.0147382264	        5.9254412700	       11.6699891199	      296.9459710316	      366.2750630918	       26.8039091315	       45.5669130182	      103.6405324122	       22.1466284802	       67.9534114979	        5.8677620744	      171.2339175792	      127.9925606448	       13.3739488879	       50.3856621330	       21.9307558257	        0.0000000000	        0.0000000000	        0.0000000000	        0.0000000000	        0.0000000000	        0.0000000000	        0.0000000000	        0.0000000000	        0.0000000000	        0.0000000000	        0.0000000000	        0.0000000000	        0.0000000000	        0.0000000000	        0.0000000000	        0.0000000000	        0.0000000000	        0.0000000000	        0.0000000000	        0.0000000000	        0.0000000000	        0.0000000000	        0.0000000000	        0.0000000000	        0.0000000000	        0.0000000000	        0.0000000000	        0.0000000000	        0.0000000000	        0.0000000000	        0.0000000000	        0.0000000000	        0.0000000000	        0.0000000000	        0.0000000000	        0.0000000000	        0.0000000000	        0.0000000000	        0.0000000000	        0.0000000000	        0.0000000000	        0.0000000000	        0.0000000000	        0.0000000000	        0.0000000000	        0.0000000000	        0.0000000000	        0.0000000000	        0.0000000000	        0.0000000000	        0.0000000000	        0.0000000000	        0.0000000000	        0.0000000000	        0.0000000000	        0.0000000000	        0.0000000000	        0.0000000000	        0.0000000000	        0.0000000000	        0.0000000000	        0.0000000000	        0.0000000000	        0.0328783645	       -0.0444186303	       -0.0616192551	        0.0484579737	        0.0520846006	        0.0000000000	        0.0000000000	        0.0000000000	        0.0000000000	        0.0000000000	        0.0000000000	        0.0000000000	        0.0000000000	        0.0000000000	        0.0000000000	        0.0000000000	        0.0000000000	        0.0000000000	        0.0000000000	        0.0000000000	        0.0000000000	        0.0000000000	        0.0000000000	        0.0000000000	        0.0000000000	        0.0000000000	        0.0000000000	        0.0000000000	        0.0000000000	        0.0000000000	        0.0000000000	        0.0000000000	        0.0000000000	        0.0000000000	        0.0000000000	        0.0000000000	        0.0000000000	        0.0000000000	        0.0000000000	        0.0000000000	        0.0000000000	        0.0000000000	        0.0000000000	        0.0000000000	
        2.0800000000	       37.6886703602	       79.7510498734	        7.6119075599	        6.9344935339	       31.0616149153	       53.2321085329	      180.0572256317	      138.5119781115	       57.1501198499	       14.2441286625	        5.7752285744	        9.1702082377	       38.8333784812	       66.2060922464	       20.1448643916	       54.4449774560	       48.3859869248	       41.3456084453	       28.8167219966	       34.2180667422	       42.0339528193	       56.1144802989	       69.5909964815	       24.1344080736	       22.5595307512	        6.2176323806	       11.7448903111	      293.4987390766	      346.5171060221	       24.0653187495	       44.3993268411	      112.1509419466	       24.8614848509	       68.2204774963	        5.8890319195	      169.9834655310	      128.2332459101	       13.1868181011	       49.0426752621	       21.3892420650	        0.0000000000	        0.0000000000	        0.0000000000	        0.0000000000	        0.0000000000	        0.0000000000	        0.0000000000	        0.0000000000	        0.0000000000	        0.0000000000	        0.0000000000	        0.0000000000	        0.0000000000	        0.0000000000	        0.0000000000	        0.0000000000	        0.0000000000	        0.0000000000	        0.0000000000	        0.0000000000	        0.0000000000	        0.0000000000	        0.0000000000	        0.0000000000	        0.0000000000	        0.0000000000	        0.0000000000	        0.0000000000	        0.0000000000	        0.0000000000	        0.0000000000	        0.0000000000	        0.0000000000	        0.0000000000	        0.0000000000	        0.0000000000	        0.0000000000	        0.0000000000	        0.0000000000	        0.0000000000	        0.0000000000	        0.0000000000	        0.0000000000	        0.0000000000	        0.0000000000	        0.0000000000	        0.0000000000	        0.0000000000	        0.0000000000	        0.0000000000	        0.0000000000	        0.0000000000	        0.0000000000	        0.0000000000	        0.0000000000	        0.0000000000	        0.0000000000	        0.0000000000	        0.0000000000	        0.0000000000	        0.0000000000	        0.0000000000	        0.0000000000	        0.0354200471	       -0.0536876480	       -0.0518521336	        0.0629508009	        0.0555815147	        0.0000000000	        0.0000000000	        0.0000000000	        0.0000000000	        0.0000000000	        0.0000000000	        0.0000000000	        0.0000000000	        0.0000000000	        0.0000000000	        0.0000000000	        0.0000000000	        0.0000000000	        0.0000000000	        0.0000000000	        0.0000000000	        0.0000000000	        0.0000000000	        0.0000000000	        0.0000000000	        0.0000000000	        0.0000000000	        0.0000000000	        0.0000000000	        0.0000000000	        0.0000000000	        0.0000000000	        0.0000000000	        0.0000000000	        0.0000000000	        0.0000000000	        0.0000000000	        0.0000000000	        0.0000000000	        0.0000000000	        0.0000000000	        0.0000000000	        0.0000000000	        0.0000000000	
        2.0900000000	       34.6663719993	       74.0640932169	        8.0674541747	        7.3065914162	       29.4954866256	       50.2888539367	      197.4482523721	      150.1421418544	       55.7004531992	       13.6865019895	        6.0115768101	        9.2369668780	       41.3020882395	       70.6170308202	       20.9663079437	       55.8364629123	       48.3665042076	       42.7879417640	       29.2069467595	       34.6088261727	       42.2984419832	       56.3353867991	       69.5431481473	       23.1342451050	       20.1244130990	        6.5128070382	       11.8111318892	      290.3592267725	      321.8741163749	       20.9881886209	       42.8220924384	      119.5629428115	       27.3630516278	       71.8066998647	        5.9269800422	      172.9704339640	      128.5610743650	       13.2475353863	       47.8908858432	       20.8464112608	        0.0000000000	        0.0000000000	        0.0000000000	        0.0000000000	        0.0000000000	        0.0000000000	        0.0000000000	        0.0000000000	        0.0000000000	        0.0000000000	        0.0000000000	        0.0000000000	        0.0000000000	        0.0000000000	        0.0000000000	        0.0000000000	        0.0000000000	        0.0000000000	        0.0000000000	        0.0000000000	        0.0000000000	        0.0000000000	        0.0000000000	        0.0000000000	        0.0000000000	        0.0000000000	        0.0000000000	        0.0000000000	        0.0000000000	        0.0000000000	        0.0000000000	        0.0000000000	        0.0000000000	        0.0000000000	        0.0000000000	        0.0000000000	        0.0000000000	        0.0000000000	        0.0000000000	        0.0000000000	        0.0000000000	        0.0000000000	        0.0000000000	        0.0000000000	        0.0000000000	        0.0000000000	        0.0000000000	        0.0000000000	        0.0000000000	        0.0000000000	        0.0000000000	        0.0000000000	        0.0000000000	        0.0000000000	        0.0000000000	        0.0000000000	        0.0000000000	        0.0000000000	        0.0000000000	        0.0000000000	        0.0000000000	        0.0000000000	        0.0000000000	        0.0365337139	       -0.0623879183	       -0.0412791635	        0.0797788408	        0.0696925659	        0.0000000000	        0.0000000000	        0.0000000000	        0.0000000000	        0.0000000000	        0.0000000000	        0.0000000000	        0.0000000000	        0.0000000000	        0.0000000000	        0.0000000000	        0.0000000000	        0.0000000000	        0.0000000000	        0.0000000000	        0.0000000000	        0.0000000000	        0.0000000000	        0.0000000000	        0.0000000000	        0.0000000000	        0.0000000000	        0.0000000000	        0.0000000000	        0.0000000000	        0.0000000000	        0.0000000000	        0.0000000000	        0.0000000000	        0.0000000000	        0.0000000000	        0.0000000000	        0.0000000000	        0.0000000000	        0.0000000000	        0.0000000000	        0.0000000000	        0.0000000000	        0.0000000000	
        2.1000000000	       31.6806310329	       68.5748922681	        8.5889785909	        7.7833121198	       27.9726992777	       47.3533833133	      214.8137563073	      161.0783584952	       54.7498322211	       13.3984417771	        6.2095436024	        9.2878066998	       43.6199320049	       75.5034761776	       21.8615226619	       57.5905791251	       48.6605322267	       43.8778247295	       29.4820986375	       34.9237208747	       42.5852434274	       56.5950069147	       69.5880258546	       22.1573581281	       18.6126524482	        6.7851494528	       11.8627954649	      287.5658547644	      296.8570886711	       17.4302949271	       41.0596102339	      125.7881286856	       29.6289830421	       77.5256726242	        6.0140288107	      179.1263128923	      128.9464451339	       13.5053388697	       47.2396074524	       20.5380488810	        0.0000000000	        0.0000000000	        0.0000000000	        0.0000000000	        0.0000000000	        0.0000000000	        0.0000000000	        0.0000000000	        0.0000000000	        0.0000000000	        0.0000000000	        0.0000000000	        0.0000000000	        0.0000000000	        0.0000000000	        0.0000000000	        0.0000000000	        0.0000000000	        0.0000000000	        0.0000000000	        0.0000000000	        0.0000000000	        0.0000000000	        0.0000000000	        0.0000000000	        0.0000000000	        0.0000000000	        0.0000000000	        0.0000000000	        0.0000000000	        0.0000000000	        0.0000000000	        0.0000000000	        0.0000000000	        0.0000000000	        0.0000000000	        0.0000000000	        0.0000000000	        0.0000000000	        0.0000000000	        0.0000000000	        0.0000000000	        0.0000000000	        0.0000000000	        0.0000000000	        0.0000000000	        0.0000000000	        0.0000000000	        0.0000000000	        0.0000000000	        0.0000000000	        0.0000000000	        0.0000000000	        0.0000000000	        0.0000000000	        0.0000000000	        0.0000000000	        0.0000000000	        0.0000000000	        0.0000000000	        0.0000000000	        0.0000000000	        0.0000000000	        0.0359422993	       -0.0685371520	       -0.0329633796	        0.0947841800	        0.0842278883	        0.0000000000	        0.0000000000	        0.0000000000	        0.0000000000	        0.0000000000	        0.0000000000	        0.0000000000	        0.0000000000	        0.0000000000	        0.0000000000	        0.0000000000	        0.0000000000	        0.0000000000	        0.0000000000	        0.0000000000	        0.0000000000	        0.0000000000	        0.0000000000	        0.0000000000	        0.0000000000	        0.0000000000	        0.0000000000	        0.0000000000	        0.0000000000	        0.0000000000	        0.0000000000	        0.0000000000	        0.0000000000	        0.0000000000	        0.0000000000	        0.0000000000	        0.0000000000	        0.0000000000	        0.0000000000	        0.0000000000	        0.0000000000	        0.0000000000	        0.0000000000	        0.0000000000	
        2.1100000000	       29.0172544285	       63.6038184885	        9.1335807779	        8.2829285305	       26.6822185189	       44.8174383214	      231.8893193160	      171.1619947596	       54.2630121167	       13.2609102704	        6.4181180106	        9.4426291276	       45.7581163506	       79.9817238083	       22.8341027072	       59.6277776472	       49.2356413638	       45.0528927390	       29.8336945306	       35.3308065237	       42.9432200321	       56.9601438566	       69.8224365781	       21.3631548075	       17.2998778857	        7.0717706562	       12.0233444919	      285.6859601869	      275.1811265871	       14.2258257784	       39.6471585694	      130.9840543720	       31.7216336795	       83.5882525860	        6.1750994433	      186.3482691514	      129.3390383234	       13.9225708307	       47.1610927083	       20.7283602535	        0.0000000000	        0.0000000000	        0.0000000000	        0.0000000000	        0.0000000000	        0.0000000000	        0.0000000000	        0.0000000000	        0.0000000000	        0.0000000000	        0.0000000000	        0.0000000000	        0.0000000000	        0.0000000000	        0.0000000000	        0.0000000000	        0.0000000000	        0.0000000000	        0.0000000000	        0.0000000000	        0.0000000000	        0.0000000000	        0.0000000000	        0.0000000000	        0.0000000000	        0.0000000000	        0.0000000000	        0.0000000000	        0.0000000000	        0.0000000000	        0.0000000000	        0.0000000000	        0.0000000000	        0.0000000000	        0.0000000000	        0.0000000000	        0.0000000000	        0.0000000000	        0.0000000000	        0.0000000000	        0.0000000000	        0.0000000000	        0.0000000000	        0.0000000000	        0.0000000000	        0.0000000000	        0.0000000000	        0.0000000000	        0.0000000000	        0.0000000000	        0.0000000000	        0.0000000000	        0.0000000000	        0.0000000000	        0.0000000000	        0.0000000000	        0.0000000000	        0.0000000000	        0.0000000000	        0.0000000000	        0.0000000000	        0.0000000000	        0.0000000000	        0.0353682793	       -0.0731918865	       -0.0294409776	        0.1082467628	        0.0929739611	        0.0000000000	        0.0000000000	        0.0000000000	        0.0000000000	        0.0000000000	        0.0000000000	        0.0000000000	        0.0000000000	        0.0000000000	        0.0000000000	        0.0000000000	        0.0000000000	        0.0000000000	        0.0000000000	        0.0000000000	        0.0000000000	        0.0000000000	        0.0000000000	        0.0000000000	        0.0000000000	        0.0000000000	        0.0000000000	        0.0000000000	        0.0000000000	        0.0000000000	        0.0000000000	        0.0000000000	        0.0000000000	        0.0000000000	        0.0000000000	        0.0000000000	        0.0000000000	        0.0000000000	        0.0000000000	        0.0000000000	        0.0000000000	        0.0000000000	        0.0000000000	        0.0000000000	
        2.1200000000	       26.8457670647	       59.4636123231	        9.6884238139	        8.7824960133	       25.7274123831	       42.8787946443	      247.4815363231	      180.0811889866	       54.3520097412	       13.3071363928	        6.6531664357	        9.9728587775	       47.6315844830	       83.8030768622	       23.8308963471	       61.8596580205	       50.1181834446	       46.3048759190	       30.2590810602	       35.8141368377	       43.3982843713	       57.4626950826	       70.2956251437	       20.8102267002	       16.2635524141	        7.3790196976	       12.6464934715	      285.0797002055	      258.4519181832	       11.7307896113	       38.7517194435	      134.9497359039	       33.6136273288	       89.2687192879	        6.4310864978	      193.7164650152	      129.9692704534	       14.4725055291	       47.6067808168	       21.2643556142	        0.0000000000	        0.0000000000	        0.0000000000	        0.0000000000	        0.0000000000	        0.0000000000	        0.0000000000	        0.0000000000	        0.0000000000	        0.0000000000	        0.0000000000	        0.0000000000	        0.0000000000	        0.0000000000	        0.0000000000	        0.0000000000	        0.0000000000	        0.0000000000	        0.0000000000	        0.0000000000	        0.0000000000	        0.0000000000	        0.0000000000	        0.0000000000	        0.0000000000	        0.0000000000	        0.0000000000	        0.0000000000	        0.0000000000	        0.0000000000	        0.0000000000	        0.0000000000	        0.0000000000	        0.0000000000	        0.0000000000	        0.0000000000	        0.0000000000	        0.0000000000	        0.0000000000	        0.0000000000	        0.0000000000	        0.0000000000	        0.0000000000	        0.0000000000	        0.0000000000	        0.0000000000	        0.0000000000	        0.0000000000	        0.0000000000	        0.0000000000	        0.0000000000	        0.0000000000	        0.0000000000	        0.0000000000	        0.0000000000	        0.0000000000	        0.0000000000	        0.0000000000	        0.0000000000	        0.0000000000	        0.0000000000	        0.0000000000	        0.0000000000	        0.0351281079	       -0.0760758096	       -0.0303253585	        0.1186014587	        0.0991183792	        0.0000000000	        0.0000000000	        0.0000000000	        0.0000000000	        0.0000000000	        0.0000000000	        0.0000000000	        0.0000000000	        0.0000000000	        0.0000000000	        0.0000000000	        0.0000000000	        0.0000000000	        0.0000000000	        0.0000000000	        0.0000000000	        0.0000000000	        0.0000000000	        0.0000000000	        0.0000000000	        0.0000000000	        0.0000000000	        0.0000000000	        0.0000000000	        0.0000000000	        0.0000000000	        0.0000000000	        0.0000000000	        0.0000000000	        0.0000000000	        0.0000000000	        0.0000000000	        0.0000000000	        0.0000000000	        0.0000000000	        0.0000000000	        0.0000000000	        0.0000000000	        0.0000000000	
        2.1300000000	       25.2215225391	       56.2688084668	       10.2116596057	        9.2471081203	       25.1034552347	       41.5342755276	      260.1313715636	      187.3970119280	       55.0987728073	       13.5404996078	        6.8950416646	       10.5474134488	       49.1629219516	       86.7169296064	       24.7229656429	       63.9834273949	       51.1762627373	       47.3316412348	       30.6335677629	       36.2384784409	       43.9265614883	       58.0774747085	       70.9931012191	       20.4606153047	       15.5177548451	        7.6738180498	       13.3415576262	      285.4335189318	      247.0462370447	       10.0077235045	       38.3005723956	      137.2874050912	       35.1502522854	       93.9836798327	        6.7472908798	      200.0772490049	      131.2152566205	       15.1267433413	       48.3232952745	       21.9969134768	        0.0000000000	        0.0000000000	        0.0000000000	        0.0000000000	        0.0000000000	        0.0000000000	        0.0000000000	        0.0000000000	        0.0000000000	        0.0000000000	        0.0000000000	        0.0000000000	        0.0000000000	        0.0000000000	        0.0000000000	        0.0000000000	        0.0000000000	        0.0000000000	        0.0000000000	        0.0000000000	        0.0000000000	        0.0000000000	        0.0000000000	        0.0000000000	        0.0000000000	        0.0000000000	        0.0000000000	        0.0000000000	        0.0000000000	        0.0000000000	        0.0000000000	        0.0000000000	        0.0000000000	        0.0000000000	        0.0000000000	        0.0000000000	        0.0000000000	        0.0000000000	        0.0000000000	        0.0000000000	        0.0000000000	        0.0000000000	        0.0000000000	        0.0000000000	        0.0000000000	        0.0000000000	        0.0000000000	        0.0000000000	        0.0000000000	        0.0000000000	        0.0000000000	        0.0000000000	        0.0000000000	        0.0000000000	        0.0000000000	        0.0000000000	        0.0000000000	        0.0000000000	        0.0000000000	        0.0000000000	        0.0000000000	        0.0000000000	        0.0000000000	        0.0351164297	       -0.0765603897	       -0.0326105562	        0.1251788628	        0.1036390095	        0.0000000000	        0.0000000000	        0.0000000000	        0.0000000000	        0.0000000000	        0.0000000000	        0.0000000000	        0.0000000000	        0.0000000000	        0.0000000000	        0.0000000000	        0.0000000000	        0.0000000000	        0.0000000000	        0.0000000000	        0.0000000000	        0.0000000000	        0.0000000000	        0.0000000000	        0.0000000000	        0.0000000000	        0.0000000000	        0.0000000000	        0.0000000000	        0.0000000000	        0.0000000000	        0.0000000000	        0.0000000000	        0.0000000000	        0.0000000000	        0.0000000000	        0.0000000000	        0.0000000000	        0.0000000000	        0.0000000000	        0.0000000000	        0.0000000000	        0.0000000000	        0.0000000000	
        2.1400000000	       24.1641544387	       54.0578007573	       10.6254602114	        9.6139952982	       24.7559473743	       40.6942453892	      268.6083617063	      192.6407943352	       56.3964480539	       13.9178503340	        7.0901651172	       10.9754372119	       50.2341709288	       88.3676764962	       25.3373488775	       65.5786126400	       52.1629103118	       47.7437602037	       30.8042959563	       36.4419903853	       44.4819373142	       58.7521858347	       71.8676451612	       20.2210433525	       15.0554474649	        7.8919923941	       13.8696843868	      286.0303552453	      240.5685635094	        8.9828286205	       38.1244343538	      137.4374107475	       36.0481833607	       97.0291514972	        7.0491777309	      203.9932847640	      132.2170153594	       15.8487146727	       48.9971371539	       22.8331839038	        0.0000000000	        0.0000000000	        0.0000000000	        0.0000000000	        0.0000000000	        0.0000000000	        0.0000000000	        0.0000000000	        0.0000000000	        0.0000000000	        0.0000000000	        0.0000000000	        0.0000000000	        0.0000000000	        0.0000000000	        0.0000000000	        0.0000000000	        0.0000000000	        0.0000000000	        0.0000000000	        0.0000000000	        0.0000000000	        0.0000000000	        0.0000000000	        0.0000000000	        0.0000000000	        0.0000000000	        0.0000000000	        0.0000000000	        0.0000000000	        0.0000000000	        0.0000000000	        0.0000000000	        0.0000000000	        0.0000000000	        0.0000000000	        0.0000000000	        0.0000000000	        0.0000000000	        0.0000000000	        0.0000000000	        0.0000000000	        0.0000000000	        0.0000000000	        0.0000000000	        0.0000000000	        0.0000000000	        0.0000000000	        0.0000000000	        0.0000000000	        0.0000000000	        0.0000000000	        0.0000000000	        0.0000000000	        0.0000000000	        0.0000000000	        0.0000000000	        0.0000000000	        0.0000000000	        0.0000000000	        0.0000000000	        0.0000000000	        0.0000000000	        0.0350073589	       -0.0744470562	       -0.0340729726	        0.1285182450	        0.1053089897	        0.0000000000	        0.0000000000	        0.0000000000	        0.0000000000	        0.0000000000	        0.0000000000	        0.0000000000	        0.0000000000	        0.0000000000	        0.0000000000	        0.0000000000	        0.0000000000	        0.0000000000	        0.0000000000	        0.0000000000	        0.0000000000	        0.0000000000	        0.0000000000	        0.0000000000	        0.0000000000	        0.0000000000	        0.0000000000	        0.0000000000	        0.0000000000	        0.0000000000	        0.0000000000	        0.0000000000	        0.0000000000	        0.0000000000	        0.0000000000	        0.0000000000	        0.0000000000	        0.0000000000	        0.0000000000	        0.0000000000	        0.0000000000	        0.0000000000	        0.0000000000	        0.0000000000	
        2.1500000000	       23.6808963595	       52.8537506300	       10.8772051974	        9.8410575479	       24.6472950834	       40.2978465807	      271.3219042203	      195.5400051826	       58.0182068440	       14.3913973589	        7.1938582546	       11.1716391946	       50.6930988154	       88.4869410492	       25.5597642200	       66.3859402839	       52.9302155567	       47.2202592062	       30.6563883207	       36.3091363437	       45.0243751818	       59.4406777152	       72.8727322380	       20.0259558170	       14.8629760278	        7.9880612476	       14.1270463226	      286.0982150158	      238.7242331217	        8.5384532438	       38.0819299441	      135.1140058057	       36.1488903629	       97.9123351119	        7.2611347038	      204.5165747727	      132.6710568560	       16.5967698309	       49.4300628296	       23.7120315198	        0.0000000000	        0.0000000000	        0.0000000000	        0.0000000000	        0.0000000000	        0.0000000000	        0.0000000000	        0.0000000000	        0.0000000000	        0.0000000000	        0.0000000000	        0.0000000000	        0.0000000000	        0.0000000000	        0.0000000000	        0.0000000000	        0.0000000000	        0.0000000000	        0.0000000000	        0.0000000000	        0.0000000000	        0.0000000000	        0.0000000000	        0.0000000000	        0.0000000000	        0.0000000000	        0.0000000000	        0.0000000000	        0.0000000000	        0.0000000000	        0.0000000000	        0.0000000000	        0.0000000000	        0.0000000000	        0.0000000000	        0.0000000000	        0.0000000000	        0.0000000000	        0.0000000000	        0.0000000000	        0.0000000000	        0.0000000000	        0.0000000000	        0.0000000000	        0.0000000000	        0.0000000000	        0.0000000000	        0.0000000000	        0.0000000000	        0.0000000000	        0.0000000000	        0.0000000000	        0.0000000000	        0.0000000000	        0.0000000000	        0.0000000000	        0.0000000000	        0.0000000000	        0.0000000000	        0.0000000000	        0.0000000000	        0.0000000000	        0.0000000000	        0.0344751840	       -0.0694557961	       -0.0345228762	        0.1286107208	        0.1031074809	        0.0000000000	        0.0000000000	        0.0000000000	        0.0000000000	        0.0000000000	        0.0000000000	        0.0000000000	        0.0000000000	        0.0000000000	        0.0000000000	        0.0000000000	        0.0000000000	        0.0000000000	        0.0000000000	        0.0000000000	        0.0000000000	        0.0000000000	        0.0000000000	        0.0000000000	        0.0000000000	        0.0000000000	        0.0000000000	        0.0000000000	        0.0000000000	        0.0000000000	        0.0000000000	        0.0000000000	        0.0000000000	        0.0000000000	        0.0000000000	        0.0000000000	        0.0000000000	        0.0000000000	        0.0000000000	        0.0000000000	        0.0000000000	        0.0000000000	        0.0000000000	        0.0000000000	
        2.1600000000	       23.8167699192	       52.7508915780	       10.9256484192	        9.8922343718	       24.7823727693	       40.3563195467	      267.0290969196	      195.9870212496	       59.7041416120	       14.9091135842	        7.1765315445	       11.0850144063	       50.4295341503	       86.8808487320	       25.3149287827	       66.2505100956	       53.4038327207	       45.6073366894	       30.1402778106	       35.7888732983	       45.5305894750	       60.1137645411	       73.9751300544	       19.8415403971	       14.9532639639	        7.9338600897	       14.0508133987	      285.2050072878	      241.4825119327	        8.5920946752	       38.0928841022	      130.0929346100	       35.3438290107	       96.4347354062	        7.3212400632	      201.1716825088	      132.4430229629	       17.3339469427	       49.5816429491	       24.5927229545	        0.0000000000	        0.0000000000	        0.0000000000	        0.0000000000	        0.0000000000	        0.0000000000	        0.0000000000	        0.0000000000	        0.0000000000	        0.0000000000	        0.0000000000	        0.0000000000	        0.0000000000	        0.0000000000	        0.0000000000	        0.0000000000	        0.0000000000	        0.0000000000	        0.0000000000	        0.0000000000	        0.0000000000	        0.0000000000	        0.0000000000	        0.0000000000	        0.0000000000	        0.0000000000	        0.0000000000	        0.0000000000	        0.0000000000	        0.0000000000	        0.0000000000	        0.0000000000	        0.0000000000	        0.0000000000	        0.0000000000	        0.0000000000	        0.0000000000	        0.0000000000	        0.0000000000	        0.0000000000	        0.0000000000	        0.0000000000	        0.0000000000	        0.0000000000	        0.0000000000	        0.0000000000	        0.0000000000	        0.0000000000	        0.0000000000	        0.0000000000	        0.0000000000	        0.0000000000	        0.0000000000	        0.0000000000	        0.0000000000	        0.0000000000	        0.0000000000	        0.0000000000	        0.0000000000	        0.0000000000	        0.0000000000	        0.0000000000	        0.0000000000	        0.0332462640	       -0.0612324328	       -0.0349498410	        0.1245275000	        0.0958713226	        0.0000000000	        0.0000000000	        0.0000000000	        0.0000000000	        0.0000000000	        0.0000000000	        0.0000000000	        0.0000000000	        0.0000000000	        0.0000000000	        0.0000000000	        0.0000000000	        0.0000000000	        0.0000000000	        0.0000000000	        0.0000000000	        0.0000000000	        0.0000000000	        0.0000000000	        0.0000000000	        0.0000000000	        0.0000000000	        0.0000000000	        0.0000000000	        0.0000000000	        0.0000000000	        0.0000000000	        0.0000000000	        0.0000000000	        0.0000000000	        0.0000000000	        0.0000000000	        0.0000000000	        0.0000000000	        0.0000000000	        0.0000000000	        0.0000000000	        0.0000000000	        0.0000000000	
        2.1700000000	       24.6981287021	       53.9466964200	       10.7364411326	        9.7332568443	       25.2385852358	       40.9978636902	      255.0412663453	      194.0319291213	       61.1607961602	       15.4185057040	        7.0296493704	       10.6906041206	       49.3844706069	       83.5252993574	       24.5654488784	       65.1233908445	       53.6018555726	       43.0150489006	       29.2961123055	       34.9160518519	       46.0071194859	       60.7722406711	       75.1699656224	       19.6708063206	       15.3912965542	        7.7189475825	       13.6077178501	      283.7290248846	      249.7804655907	        9.1703962503	       38.1589933922	      122.5035915164	       33.5668806275	       92.4674531897	        7.2001535792	      193.8323311791	      131.4560050457	       18.0356658726	       49.7786071296	       25.4505040173	        0.0000000000	        0.0000000000	        0.0000000000	        0.0000000000	        0.0000000000	        0.0000000000	        0.0000000000	        0.0000000000	        0.0000000000	        0.0000000000	        0.0000000000	        0.0000000000	        0.0000000000	        0.0000000000	        0.0000000000	        0.0000000000	        0.0000000000	        0.0000000000	        0.0000000000	        0.0000000000	        0.0000000000	        0.0000000000	        0.0000000000	        0.0000000000	        0.0000000000	        0.0000000000	        0.0000000000	        0.0000000000	        0.0000000000	        0.0000000000	        0.0000000000	        0.0000000000	        0.0000000000	        0.0000000000	        0.0000000000	        0.0000000000	        0.0000000000	        0.0000000000	        0.0000000000	        0.0000000000	        0.0000000000	        0.0000000000	        0.0000000000	        0.0000000000	        0.0000000000	        0.0000000000	        0.0000000000	        0.0000000000	        0.0000000000	        0.0000000000	        0.0000000000	        0.0000000000	        0.0000000000	        0.0000000000	        0.0000000000	        0.0000000000	        0.0000000000	        0.0000000000	        0.0000000000	        0.0000000000	        0.0000000000	        0.0000000000	        0.0000000000	        0.0308795071	       -0.0493008757	       -0.0371218596	        0.1145282587	        0.0819026427	        0.0000000000	        0.0000000000	        0.0000000000	        0.0000000000	        0.0000000000	        0.0000000000	        0.0000000000	        0.0000000000	        0.0000000000	        0.0000000000	        0.0000000000	        0.0000000000	        0.0000000000	        0.0000000000	        0.0000000000	        0.0000000000	        0.0000000000	        0.0000000000	        0.0000000000	        0.0000000000	        0.0000000000	        0.0000000000	        0.0000000000	        0.0000000000	        0.0000000000	        0.0000000000	        0.0000000000	        0.0000000000	        0.0000000000	        0.0000000000	        0.0000000000	        0.0000000000	        0.0000000000	        0.0000000000	        0.0000000000	        0.0000000000	        0.0000000000	        0.0000000000	        0.0000000000	
        2.1800000000	       26.6709862022	       57.1129482903	       10.2856631593	        9.3139182652	       26.2819298194	       42.6594002399	      235.4707119868	      189.9827310409	       62.0941584854	       15.8326528166	        6.7489972026	        9.9883984437	       47.5535743668	       78.2953794893	       23.3037724768	       63.0628689266	       53.7360003785	       39.9917518594	       28.2893426449	       33.8518855616	       46.5356709782	       61.4893580564	       76.5172784760	       19.6256724339	       16.3676127962	        7.3627312743	       12.7916442365	      283.4973130962	      264.1966503196	       10.5242621995	       38.5105667933	      112.3390777526	       30.7712564210	       86.5579581194	        6.9416571528	      183.0356798409	      129.5684056686	       18.6895765485	       50.2761905308	       26.2715636493	        0.0000000000	        0.0000000000	        0.0000000000	        0.0000000000	        0.0000000000	        0.0000000000	        0.0000000000	        0.0000000000	        0.0000000000	        0.0000000000	        0.0000000000	        0.0000000000	        0.0000000000	        0.0000000000	        0.0000000000	        0.0000000000	        0.0000000000	        0.0000000000	        0.0000000000	        0.0000000000	        0.0000000000	        0.0000000000	        0.0000000000	        0.0000000000	        0.0000000000	        0.0000000000	        0.0000000000	        0.0000000000	        0.0000000000	        0.0000000000	        0.0000000000	        0.0000000000	        0.0000000000	        0.0000000000	        0.0000000000	        0.0000000000	        0.0000000000	        0.0000000000	        0.0000000000	        0.0000000000	        0.0000000000	        0.0000000000	        0.0000000000	        0.0000000000	        0.0000000000	        0.0000000000	        0.0000000000	        0.0000000000	        0.0000000000	        0.0000000000	        0.0000000000	        0.0000000000	        0.0000000000	        0.0000000000	        0.0000000000	        0.0000000000	        0.0000000000	        0.0000000000	        0.0000000000	        0.0000000000	        0.0000000000	        0.0000000000	        0.0000000000	        0.0265557466	       -0.0328484785	       -0.0440408911	        0.0970226049	        0.0589937683	        0.0000000000	        0.0000000000	        0.0000000000	        0.0000000000	        0.0000000000	        0.0000000000	        0.0000000000	        0.0000000000	        0.0000000000	        0.0000000000	        0.0000000000	        0.0000000000	        0.0000000000	        0.0000000000	        0.0000000000	        0.0000000000	        0.0000000000	        0.0000000000	        0.0000000000	        0.0000000000	        0.0000000000	        0.0000000000	        0.0000000000	        0.0000000000	        0.0000000000	        0.0000000000	        0.0000000000	        0.0000000000	        0.0000000000	        0.0000000000	        0.0000000000	        0.0000000000	        0.0000000000	        0.0000000000	        0.0000000000	        0.0000000000	        0.0000000000	        0.0000000000	        0.0000000000	
        2.1900000000	       30.2675012414	       62.6983101343	        9.7619927191	        8.7962969522	       28.5024942135	       46.3542511880	      207.3880644854	      184.8068174204	       62.3124106532	       16.2056213685	        6.4857462332	        9.1819747577	       45.0155093489	       72.0554324107	       21.9614866121	       61.3009123240	       55.0390447697	       37.8508821348	       27.8285182355	       33.0544253997	       47.3062766717	       62.4701796469	       78.2138579859	       20.0212341731	       18.3700842847	        7.0262173269	       11.8598030537	      288.4532690853	      292.9312895636	       13.0960666868	       39.7781143872	      101.5590050892	       27.6303728353	       78.1267819389	        6.8424779831	      169.5888425322	      127.8549330757	       19.2928810231	       52.8725296111	       27.0539331606	        0.0000000000	        0.0000000000	        0.0000000000	        0.0000000000	        0.0000000000	        0.0000000000	        0.0000000000	        0.0000000000	        0.0000000000	        0.0000000000	        0.0000000000	        0.0000000000	        0.0000000000	        0.0000000000	        0.0000000000	        0.0000000000	        0.0000000000	        0.0000000000	        0.0000000000	        0.0000000000	        0.0000000000	        0.0000000000	        0.0000000000	        0.0000000000	        0.0000000000	        0.0000000000	        0.0000000000	        0.0000000000	        0.0000000000	        0.0000000000	        0.0000000000	        0.0000000000	        0.0000000000	        0.0000000000	        0.0000000000	        0.0000000000	        0.0000000000	        0.0000000000	        0.0000000000	        0.0000000000	        0.0000000000	        0.0000000000	        0.0000000000	        0.0000000000	        0.0000000000	        0.0000000000	        0.0000000000	        0.0000000000	        0.0000000000	        0.0000000000	        0.0000000000	        0.0000000000	        0.0000000000	        0.0000000000	        0.0000000000	        0.0000000000	        0.0000000000	        0.0000000000	        0.0000000000	        0.0000000000	        0.0000000000	        0.0000000000	        0.0000000000	        0.0192148968	       -0.0113601881	       -0.0585123251	        0.0615742259	        0.0216173131	        0.0000000000	        0.0000000000	        0.0000000000	        0.0000000000	        0.0000000000	        0.0000000000	        0.0000000000	        0.0000000000	        0.0000000000	        0.0000000000	        0.0000000000	        0.0000000000	        0.0000000000	        0.0000000000	        0.0000000000	        0.0000000000	        0.0000000000	        0.0000000000	        0.0000000000	        0.0000000000	        0.0000000000	        0.0000000000	        0.0000000000	        0.0000000000	        0.0000000000	        0.0000000000	        0.0000000000	        0.0000000000	        0.0000000000	        0.0000000000	        0.0000000000	        0.0000000000	        0.0000000000	        0.0000000000	        0.0000000000	        0.0000000000	        0.0000000000	        0.0000000000	        0.0000000000	
        2.2000000000	       37.1198763481	       75.1949877933	        9.2046467424	        8.0615821837	       31.7966958727	       50.1488000631	      176.7675816535	      178.0142977754	       63.3983210974	       16.7905040606	        6.3624056531	        9.0482892183	       42.0458407503	       65.6988274538	       20.4311584408	       57.4980407228	       54.6492145751	       36.9014945935	       27.8715190649	       32.6545385544	       48.2376722922	       63.6728900576	       80.1120073414	       21.2906013541	       20.3770348296	        6.9875780541	       11.7480035570	      303.8608418215	      322.0017569725	       22.6112141520	       41.1468767221	       89.5897074843	       23.6982354049	       79.5812014888	        6.7918602782	      165.4800731784	      126.6312056846	       19.8444956673	       54.8103682334	       27.7882939462	        0.0000000000	        0.0000000000	        0.0000000000	        0.0000000000	        0.0000000000	        0.0000000000	        0.0000000000	        0.0000000000	        0.0000000000	        0.0000000000	        0.0000000000	        0.0000000000	        0.0000000000	        0.0000000000	        0.0000000000	        0.0000000000	        0.0000000000	        0.0000000000	        0.0000000000	        0.0000000000	        0.0000000000	        0.0000000000	        0.0000000000	        0.0000000000	        0.0000000000	        0.0000000000	        0.0000000000	        0.0000000000	        0.0000000000	        0.0000000000	        0.0000000000	        0.0000000000	        0.0000000000	        0.0000000000	        0.0000000000	        0.0000000000	        0.0000000000	        0.0000000000	        0.0000000000	        0.0000000000	        0.0000000000	        0.0000000000	        0.0000000000	        0.0000000000	        0.0000000000	        0.0000000000	        0.0000000000	        0.0000000000	        0.0000000000	        0.0000000000	        0.0000000000	        0.0000000000	        0.0000000000	        0.0000000000	        0.0000000000	        0.0000000000	        0.0000000000	        0.0000000000	        0.0000000000	        0.0000000000	        0.0000000000	        0.0000000000	        0.0000000000	        0.0158126038	       -0.0034613420	       -0.0874514065	        0.0398390059	       -0.0003533048	        0.0000000000	        0.0000000000	        0.0000000000	        0.0000000000	        0.0000000000	        0.0000000000	        0.0000000000	        0.0000000000	        0.0000000000	        0.0000000000	        0.0000000000	        0.0000000000	        0.0000000000	        0.0000000000	        0.0000000000	        0.0000000000	        0.0000000000	        0.0000000000	        0.0000000000	        0.0000000000	        0.0000000000	        0.0000000000	        0.0000000000	        0.0000000000	        0.0000000000	        0.0000000000	        0.0000000000	        0.0000000000	        0.0000000000	        0.0000000000	        0.0000000000	        0.0000000000	        0.0000000000	        0.0000000000	        0.0000000000	        0.0000000000	        0.0000000000	        0.0000000000	        0.0000000000	
        2.2100000000	       45.6821206409	       91.5099447828	        8.6310980715	        7.1663498716	       35.9039439163	       54.6909722815	      141.4259840467	      170.5178757536	       64.4040752688	       17.4730655249	        6.3959821264	        9.2452105869	       38.6661338627	       59.2482275206	       18.7728443827	       52.8447929009	       53.9599038667	       36.5542613752	       28.1002252078	       32.6412188141	       49.2926827721	       65.0452675330	       82.1879985320	       23.2006101345	       22.6195601641	        7.1030286988	       12.0484074920	      324.1626906584	      354.5030502748	       38.0394739455	       43.0020119568	       77.4938490629	       19.6202112143	       85.1317604740	        6.8119498458	      165.6071043831	      125.8792456841	       20.3496108753	       56.1732221704	       28.4695738042	        0.0000000000	        0.0000000000	        0.0000000000	        0.0000000000	        0.0000000000	        0.0000000000	        0.0000000000	        0.0000000000	        0.0000000000	        0.0000000000	        0.0000000000	        0.0000000000	        0.0000000000	        0.0000000000	        0.0000000000	        0.0000000000	        0.0000000000	        0.0000000000	        0.0000000000	        0.0000000000	        0.0000000000	        0.0000000000	        0.0000000000	        0.0000000000	        0.0000000000	        0.0000000000	        0.0000000000	        0.0000000000	        0.0000000000	        0.0000000000	        0.0000000000	        0.0000000000	        0.0000000000	        0.0000000000	        0.0000000000	        0.0000000000	        0.0000000000	        0.0000000000	        0.0000000000	        0.0000000000	        0.0000000000	        0.0000000000	        0.0000000000	        0.0000000000	        0.0000000000	        0.0000000000	        0.0000000000	        0.0000000000	        0.0000000000	        0.0000000000	        0.0000000000	        0.0000000000	        0.0000000000	        0.0000000000	        0.0000000000	        0.0000000000	        0.0000000000	        0.0000000000	        0.0000000000	        0.0000000000	        0.0000000000	        0.0000000000	        0.0000000000	        0.0144315192	        0.0006996053	       -0.1244790809	        0.0256568321	       -0.0085549736	        0.0000000000	        0.0000000000	        0.0000000000	        0.0000000000	        0.0000000000	        0.0000000000	        0.0000000000	        0.0000000000	        0.0000000000	        0.0000000000	        0.0000000000	        0.0000000000	        0.0000000000	        0.0000000000	        0.0000000000	        0.0000000000	        0.0000000000	        0.0000000000	        0.0000000000	        0.0000000000	        0.0000000000	        0.0000000000	        0.0000000000	        0.0000000000	        0.0000000000	        0.0000000000	        0.0000000000	        0.0000000000	        0.0000000000	        0.0000000000	        0.0000000000	        0.0000000000	        0.0000000000	        0.0000000000	        0.0000000000	        0.0000000000	        0.0000000000	        0.0000000000	        0.0000000000	
        2.2200000000	       55.0094502059	      108.7432616287	        7.9569252742	        6.2894389197	       40.3916647677	       59.6884688400	      105.1809547387	      162.3819143669	       65.3642321286	       18.0863978648	        6.3605293807	        9.4444139309	       35.1133725605	       52.7762184661	       16.9330039435	       47.4753696402	       52.9896355431	       36.3242200587	       28.3876963854	       32.7805263056	       50.4062002622	       66.5154045240	       84.3535046979	       25.1916806639	       25.0842357407	        7.1994067400	       12.3434487150	      345.6729590664	      396.3476513887	       58.7132963131	       44.9324097971	       64.9669681637	       15.1856053901	       91.2966342127	        6.8310311786	      166.6449347584	      125.1322585664	       20.8372683273	       57.8740952588	       29.1587491669	        0.0000000000	        0.0000000000	        0.0000000000	        0.0000000000	        0.0000000000	        0.0000000000	        0.0000000000	        0.0000000000	        0.0000000000	        0.0000000000	        0.0000000000	        0.0000000000	        0.0000000000	        0.0000000000	        0.0000000000	        0.0000000000	        0.0000000000	        0.0000000000	        0.0000000000	        0.0000000000	        0.0000000000	        0.0000000000	        0.0000000000	        0.0000000000	        0.0000000000	        0.0000000000	        0.0000000000	        0.0000000000	        0.0000000000	        0.0000000000	        0.0000000000	        0.0000000000	        0.0000000000	        0.0000000000	        0.0000000000	        0.0000000000	        0.0000000000	        0.0000000000	        0.0000000000	        0.0000000000	        0.0000000000	        0.0000000000	        0.0000000000	        0.0000000000	        0.0000000000	        0.0000000000	        0.0000000000	        0.0000000000	        0.0000000000	        0.0000000000	        0.0000000000	        0.0000000000	        0.0000000000	        0.0000000000	        0.0000000000	        0.0000000000	        0.0000000000	        0.0000000000	        0.0000000000	        0.0000000000	        0.0000000000	        0.0000000000	        0.0000000000	        0.0137978482	        0.0051450850	       -0.1617882627	        0.0151291088	       -0.0116988489	        0.0000000000	        0.0000000000	        0.0000000000	        0.0000000000	        0.0000000000	        0.0000000000	        0.0000000000	        0.0000000000	        0.0000000000	        0.0000000000	        0.0000000000	        0.0000000000	        0.0000000000	        0.0000000000	        0.0000000000	        0.0000000000	        0.0000000000	        0.0000000000	        0.0000000000	        0.0000000000	        0.0000000000	        0.0000000000	        0.0000000000	        0.0000000000	        0.0000000000	        0.0000000000	        0.0000000000	        0.0000000000	        0.0000000000	        0.0000000000	        0.0000000000	        0.0000000000	        0.0000000000	        0.0000000000	        0.0000000000	        0.0000000000	        0.0000000000	        0.0000000000	        0.0000000000	
        2.2300000000	       64.4390552332	      127.9654637798	        7.2787740941	        5.9728870382	       45.1402045965	       65.1324783598	       64.6071507265	      154.4604413687	       66.0119390127	       18.8556514189	        6.5241237662	        9.5189612449	       31.4820614848	       45.5091131586	       15.2902133521	       42.6535411528	       52.4772274913	       36.4110771590	       28.7075382088	       32.9748621132	       51.5399871838	       68.0444198031	       86.5819181637	       28.0642909520	       28.0402077075	        7.3146403077	       12.5325439682	      363.8779827075	      431.3117437811	       84.7312766456	       48.1169120966	       51.0335811680	       10.6461604918	       95.0010518056	        6.8512466839	      164.6454803800	      123.9726602653	       21.7952712624	       55.7424398076	       29.5344664401	        0.0000000000	        0.0000000000	        0.0000000000	        0.0000000000	        0.0000000000	        0.0000000000	        0.0000000000	        0.0000000000	        0.0000000000	        0.0000000000	        0.0000000000	        0.0000000000	        0.0000000000	        0.0000000000	        0.0000000000	        0.0000000000	        0.0000000000	        0.0000000000	        0.0000000000	        0.0000000000	        0.0000000000	        0.0000000000	        0.0000000000	        0.0000000000	        0.0000000000	        0.0000000000	        0.0000000000	        0.0000000000	        0.0000000000	        0.0000000000	        0.0000000000	        0.0000000000	        0.0000000000	        0.0000000000	        0.0000000000	        0.0000000000	        0.0000000000	        0.0000000000	        0.0000000000	        0.0000000000	        0.0000000000	        0.0000000000	        0.0000000000	        0.0000000000	        0.0000000000	        0.0000000000	        0.0000000000	        0.0000000000	        0.0000000000	        0.0000000000	        0.0000000000	        0.0000000000	        0.0000000000	        0.0000000000	        0.0000000000	        0.0000000000	        0.0000000000	        0.0000000000	        0.0000000000	        0.0000000000	        0.0000000000	        0.0000000000	        0.0000000000	        0.0257097916	        0.0068951853	       -0.2532223612	        0.0253638945	       -0.0172948399	        0.0000000000	        0.0000000000	        0.0000000000	        0.0000000000	        0.0000000000	        0.0000000000	        0.0000000000	        0.0000000000	        0.0000000000	        0.0000000000	        0.0000000000	        0.0000000000	        0.0000000000	        0.0000000000	        0.0000000000	        0.0000000000	        0.0000000000	        0.0000000000	        0.0000000000	        0.0000000000	        0.0000000000	        0.0000000000	        0.0000000000	        0.0000000000	        0.0000000000	        0.0000000000	        0.0000000000	        0.0000000000	        0.0000000000	        0.0000000000	        0.0000000000	        0.0000000000	        0.0000000000	        0.0000000000	        0.0000000000	        0.0000000000	        0.0000000000	        0.0000000000	        0.0000000000	
        2.2400000000	       66.4631987862	      136.6252396824	        7.2614915809	        5.8121495820	       43.0304560675	       71.2357430982	       35.2943603274	      146.2513912016	       68.0069690801	       19.0741625523	        5.9567642322	        9.4689760793	       27.8183407347	       42.7903331774	       17.2099465552	       43.5240785582	       45.3111666537	       33.8712382037	       28.0249842276	       32.8384525273	       51.8696073416	       68.8757046043	       87.8415571604	       26.9860096354	       24.9284499111	        6.8826063400	       12.3230377913	      361.6956115046	      544.2467489568	      104.2458824064	       53.7354238939	       46.7524333676	        8.9348681171	      103.6382725344	        5.8580149612	      171.5313240577	      122.8176530892	       24.2896617277	       77.7464918614	       34.0077539537	        0.0000000000	        0.0000000000	        0.0000000000	        0.0000000000	        0.0000000000	        0.0000000000	        0.0000000000	        0.0000000000	        0.0000000000	        0.0000000000	        0.0000000000	        0.0000000000	        0.0000000000	        0.0000000000	        0.0000000000	        0.0000000000	        0.0000000000	        0.0000000000	        0.0000000000	        0.0000000000	        0.0000000000	        0.0000000000	        0.0000000000	        0.0000000000	        0.0000000000	        0.0000000000	        0.0000000000	        0.0000000000	        0.0000000000	        0.0000000000	        0.0000000000	        0.0000000000	        0.0000000000	        0.0000000000	        0.0000000000	        0.0000000000	        0.0000000000	        0.0000000000	        0.0000000000	        0.0000000000	        0.0000000000	        0.0000000000	        0.0000000000	        0.0000000000	        0.0000000000	        0.0000000000	        0.0000000000	        0.0000000000	        0.0000000000	        0.0000000000	        0.0000000000	        0.0000000000	        0.0000000000	        0.0000000000	        0.0000000000	        0.0000000000	        0.0000000000	        0.0000000000	        0.0000000000	        0.0000000000	        0.0000000000	        0.0000000000	        0.0000000000	        0.0456618878	       -0.0045762744	       -0.2244708503	        0.0085527724	       -0.0072126702	        0.0000000000	        0.0000000000	        0.0000000000	        0.0000000000	        0.0000000000	        0.0000000000	        0.0000000000	        0.0000000000	        0.0000000000	        0.0000000000	        0.0000000000	        0.0000000000	        0.0000000000	        0.0000000000	        0.0000000000	        0.0000000000	        0.0000000000	        0.0000000000	        0.0000000000	        0.0000000000	        0.0000000000	        0.0000000000	        0.0000000000	        0.0000000000	        0.0000000000	        0.0000000000	        0.0000000000	        0.0000000000	        0.0000000000	        0.0000000000	        0.0000000000	        0.0000000000	        0.0000000000	        0.0000000000	        0.0000000000	        0.0000000000	        0.0000000000	        0.0000000000	        0.0000000000	
        2.2500000000	       -7.8890969946	       95.8181469861	       -2.4892431739	        9.4504097746	       -6.1417077106	      -77.3672399215	       25.2608053025	       97.2221949989	       72.0135868961	       22.1284525083	        4.7544619917	        5.1824226219	       23.6464167063	       20.4801193473	       20.5897192631	       35.1051942197	       70.0825273079	      346.0998218004	       98.3735563071	       79.3451814026	      543.2601857910	      215.3913980325	      135.4733795246	       14.5888951386	       52.8821758749	        3.0340183282	        7.7868768235	      310.5843039688	       69.7350304338	      126.2282624841	      -31.0612078839	        3.1647372651	       -9.8072752115	       60.0221566168	       14.7889896611	      186.7742878784	      113.9021999284	       45.9948460876	      141.3345266612	       70.9852113964	        0.0000000000	        0.0000000000	        0.0000000000	        0.0000000000	        0.0000000000	        0.0000000000	        0.0000000000	        0.0000000000	        0.0000000000	        0.0000000000	        0.0000000000	        0.0000000000	        0.0000000000	        0.0000000000	        0.0000000000	        0.0000000000	        0.0000000000	        0.0000000000	        0.0000000000	        0.0000000000	        0.0000000000	        0.0000000000	        0.0000000000	        0.0000000000	        0.0000000000	        0.0000000000	        0.0000000000	        0.0000000000	        0.0000000000	        0.0000000000	        0.0000000000	        0.0000000000	        0.0000000000	        0.0000000000	        0.0000000000	        0.0000000000	        0.0000000000	        0.0000000000	        0.0000000000	        0.0000000000	        0.0000000000	        0.0000000000	        0.0000000000	        0.0000000000	        0.0000000000	        0.0000000000	        0.0000000000	        0.0000000000	        0.0000000000	        0.0000000000	        0.0000000000	        0.0000000000	        0.0000000000	        0.0000000000	        0.0000000000	        0.0000000000	        0.0000000000	        0.0000000000	        0.0000000000	        0.0000000000	        0.0000000000	        0.0000000000	        0.0000000000	        0.0000000000	        0.0000000000	        0.0000000000	        0.0000000000	        0.0000000000	        0.0000000000	        0.0000000000	        0.0000000000	        0.0000000000	        0.0000000000	        0.0000000000	        0.0000000000	        0.0000000000	        0.0000000000	        0.0000000000	        0.0000000000	        0.0000000000	        0.0000000000	        0.0000000000	        0.0000000000	        0.0000000000	        0.0000000000	        0.0000000000	        0.0000000000	        0.0000000000	        0.0000000000	        0.0000000000	        0.0000000000	        0.0000000000	        0.0000000000	        0.0000000000	        0.0000000000	        0.0000000000	        0.0000000000	        0.0000000000	        0.0000000000	        0.0000000000	        0.0000000000	        0.0000000000	        0.0000000000	        0.0000000000	        0.0000000000	        0.0000000000	        0.0000000000	
